op_id,replay,op_name,cores,duration_ns
1226752,,ArgMaxDeviceOperation,64,2623637.0
2223104,1,ArgMaxDeviceOperation,64,2622669.0
1223680,,MatmulDeviceOperation,64,2283214.0
2220032,1,MatmulDeviceOperation,64,2279257.0
1300480,1,MatmulDeviceOperation,60,401043.0
1976320,1,MatmulDeviceOperation,60,400842.0
709632,,MatmulDeviceOperation,60,400417.0
1739776,1,MatmulDeviceOperation,60,400134.0
1469440,1,MatmulDeviceOperation,60,399783.0
1081344,,MatmulDeviceOperation,60,399272.0
1368064,1,MatmulDeviceOperation,60,399053.0
878592,,MatmulDeviceOperation,60,399030.0
2043904,1,MatmulDeviceOperation,60,399030.0
642048,,MatmulDeviceOperation,60,398957.0
2179072,1,MatmulDeviceOperation,60,398951.0
1182720,,MatmulDeviceOperation,60,398841.0
439296,,MatmulDeviceOperation,60,398807.0
473088,,MatmulDeviceOperation,60,398796.0
946176,,MatmulDeviceOperation,60,398777.0
811008,,MatmulDeviceOperation,60,398543.0
1216512,,MatmulDeviceOperation,60,398407.0
1537024,1,MatmulDeviceOperation,60,398323.0
1638400,1,MatmulDeviceOperation,60,398116.0
2077696,1,MatmulDeviceOperation,60,398078.0
1115136,,MatmulDeviceOperation,60,397909.0
777216,,MatmulDeviceOperation,60,397868.0
1013760,,MatmulDeviceOperation,60,397866.0
2111488,1,MatmulDeviceOperation,60,397852.0
506880,,MatmulDeviceOperation,60,397835.0
1503232,1,MatmulDeviceOperation,60,397797.0
608256,,MatmulDeviceOperation,60,397785.0
1047552,,MatmulDeviceOperation,60,397680.0
1148928,,MatmulDeviceOperation,60,397512.0
371712,,MatmulDeviceOperation,60,397172.0
1570816,1,MatmulDeviceOperation,60,397056.0
844800,,MatmulDeviceOperation,60,397029.0
675840,,MatmulDeviceOperation,60,397023.0
337920,,MatmulDeviceOperation,60,396907.0
1401856,1,MatmulDeviceOperation,60,396663.0
574464,,MatmulDeviceOperation,60,396612.0
1874944,1,MatmulDeviceOperation,60,396568.0
1334272,1,MatmulDeviceOperation,60,396564.0
1841152,1,MatmulDeviceOperation,60,396531.0
1773568,1,MatmulDeviceOperation,60,396446.0
979968,,MatmulDeviceOperation,60,396404.0
912384,,MatmulDeviceOperation,60,396223.0
2145280,1,MatmulDeviceOperation,60,396065.0
743424,,MatmulDeviceOperation,60,395961.0
1672192,1,MatmulDeviceOperation,60,395897.0
2010112,1,MatmulDeviceOperation,60,395865.0
405504,,MatmulDeviceOperation,60,395550.0
304128,,MatmulDeviceOperation,60,395325.0
1705984,1,MatmulDeviceOperation,60,395056.0
1807360,1,MatmulDeviceOperation,60,394943.0
540672,,MatmulDeviceOperation,60,394937.0
1604608,1,MatmulDeviceOperation,60,394844.0
1435648,1,MatmulDeviceOperation,60,394521.0
1942528,1,MatmulDeviceOperation,60,394172.0
2212864,1,MatmulDeviceOperation,60,394123.0
1908736,1,MatmulDeviceOperation,60,393927.0
1436672,1,MatmulDeviceOperation,60,382977.0
1082368,,MatmulDeviceOperation,60,382831.0
1301504,1,MatmulDeviceOperation,60,382795.0
1014784,,MatmulDeviceOperation,60,382661.0
1183744,,MatmulDeviceOperation,60,382210.0
980992,,MatmulDeviceOperation,60,381640.0
845824,,MatmulDeviceOperation,60,381245.0
2044928,1,MatmulDeviceOperation,60,381204.0
1538048,1,MatmulDeviceOperation,60,380747.0
744448,,MatmulDeviceOperation,60,380682.0
406528,,MatmulDeviceOperation,60,380576.0
440320,,MatmulDeviceOperation,60,380421.0
1943552,1,MatmulDeviceOperation,60,380379.0
2078720,1,MatmulDeviceOperation,60,379890.0
1149952,,MatmulDeviceOperation,60,379771.0
778240,,MatmulDeviceOperation,60,379702.0
2213888,1,MatmulDeviceOperation,60,379544.0
541696,,MatmulDeviceOperation,60,379433.0
1605632,1,MatmulDeviceOperation,60,379348.0
1116160,,MatmulDeviceOperation,60,379195.0
1402880,1,MatmulDeviceOperation,60,378848.0
913408,,MatmulDeviceOperation,60,378723.0
1909760,1,MatmulDeviceOperation,60,378712.0
609280,,MatmulDeviceOperation,60,378672.0
1808384,1,MatmulDeviceOperation,60,378581.0
1571840,1,MatmulDeviceOperation,60,378535.0
1217536,,MatmulDeviceOperation,60,378479.0
575488,,MatmulDeviceOperation,60,378466.0
372736,,MatmulDeviceOperation,60,378423.0
643072,,MatmulDeviceOperation,60,378307.0
1842176,1,MatmulDeviceOperation,60,378285.0
1048576,,MatmulDeviceOperation,60,378241.0
2180096,1,MatmulDeviceOperation,60,378223.0
1673216,1,MatmulDeviceOperation,60,378134.0
305152,,MatmulDeviceOperation,60,378104.0
1639424,1,MatmulDeviceOperation,60,378018.0
1369088,1,MatmulDeviceOperation,60,377952.0
2112512,1,MatmulDeviceOperation,60,377903.0
812032,,MatmulDeviceOperation,60,377825.0
676864,,MatmulDeviceOperation,60,377695.0
1707008,1,MatmulDeviceOperation,60,377602.0
1504256,1,MatmulDeviceOperation,60,377533.0
1977344,1,MatmulDeviceOperation,60,377472.0
507904,,MatmulDeviceOperation,60,377470.0
2048000,1,MatmulDeviceOperation,48,377454.0
710656,,MatmulDeviceOperation,60,377446.0
1875968,1,MatmulDeviceOperation,60,377329.0
338944,,MatmulDeviceOperation,60,377024.0
1740800,1,MatmulDeviceOperation,60,376981.0
474112,,MatmulDeviceOperation,60,376780.0
879616,,MatmulDeviceOperation,60,376672.0
947200,,MatmulDeviceOperation,60,376577.0
1335296,1,MatmulDeviceOperation,60,376436.0
2011136,1,MatmulDeviceOperation,60,376389.0
1774592,1,MatmulDeviceOperation,60,376217.0
1470464,1,MatmulDeviceOperation,60,376003.0
1439744,1,MatmulDeviceOperation,48,375766.0
2014208,1,MatmulDeviceOperation,48,375404.0
2146304,1,MatmulDeviceOperation,60,374426.0
308224,,MatmulDeviceOperation,48,374150.0
2183168,1,MatmulDeviceOperation,48,374099.0
1541120,1,MatmulDeviceOperation,48,374064.0
1946624,1,MatmulDeviceOperation,48,373238.0
477184,,MatmulDeviceOperation,48,372797.0
882688,,MatmulDeviceOperation,48,372793.0
1051648,,MatmulDeviceOperation,48,372502.0
1338368,1,MatmulDeviceOperation,48,372134.0
1743872,1,MatmulDeviceOperation,48,372052.0
1017856,,MatmulDeviceOperation,48,371960.0
2216960,1,MatmulDeviceOperation,48,371947.0
1710080,1,MatmulDeviceOperation,48,371193.0
984064,,MatmulDeviceOperation,48,371132.0
1811456,1,MatmulDeviceOperation,48,371124.0
781312,,MatmulDeviceOperation,48,371030.0
409600,,MatmulDeviceOperation,48,370992.0
747520,,MatmulDeviceOperation,48,370946.0
1507328,1,MatmulDeviceOperation,48,370925.0
1879040,1,MatmulDeviceOperation,48,370854.0
1372160,1,MatmulDeviceOperation,48,370726.0
1777664,1,MatmulDeviceOperation,48,370712.0
2081792,1,MatmulDeviceOperation,48,370689.0
1608704,1,MatmulDeviceOperation,48,370499.0
848896,,MatmulDeviceOperation,48,369895.0
1980416,1,MatmulDeviceOperation,48,369749.0
1473536,1,MatmulDeviceOperation,48,369226.0
612352,,MatmulDeviceOperation,48,368947.0
544768,,MatmulDeviceOperation,48,368605.0
510976,,MatmulDeviceOperation,48,368565.0
1642496,1,MatmulDeviceOperation,48,368494.0
578560,,MatmulDeviceOperation,48,368287.0
1574912,1,MatmulDeviceOperation,48,368283.0
443392,,MatmulDeviceOperation,48,368111.0
1085440,,MatmulDeviceOperation,48,367286.0
916480,,MatmulDeviceOperation,48,367232.0
713728,,MatmulDeviceOperation,48,367192.0
375808,,MatmulDeviceOperation,48,367030.0
1153024,,MatmulDeviceOperation,48,366877.0
1912832,1,MatmulDeviceOperation,48,366436.0
1119232,,MatmulDeviceOperation,48,366227.0
950272,,MatmulDeviceOperation,48,366187.0
646144,,MatmulDeviceOperation,48,366162.0
815104,,MatmulDeviceOperation,48,366120.0
2149376,1,MatmulDeviceOperation,48,366028.0
2115584,1,MatmulDeviceOperation,48,365979.0
1676288,1,MatmulDeviceOperation,48,365958.0
1304576,1,MatmulDeviceOperation,48,365753.0
679936,,MatmulDeviceOperation,48,365318.0
1220608,,MatmulDeviceOperation,48,365117.0
1405952,1,MatmulDeviceOperation,48,364544.0
342016,,MatmulDeviceOperation,48,364538.0
1845248,1,MatmulDeviceOperation,48,363675.0
1186816,,MatmulDeviceOperation,48,361789.0
193536,,CopyDeviceOperation,64,242124.0
185344,,CopyDeviceOperation,64,240547.0
215040,,CopyDeviceOperation,64,239310.0
209920,,CopyDeviceOperation,64,238682.0
174080,,CopyDeviceOperation,64,238207.0
202752,,CopyDeviceOperation,64,238016.0
218112,,CopyDeviceOperation,64,237385.0
210944,,CopyDeviceOperation,64,237245.0
196608,,CopyDeviceOperation,64,236806.0
200704,,CopyDeviceOperation,64,236707.0
182272,,CopyDeviceOperation,64,235038.0
183296,,CopyDeviceOperation,64,234802.0
179200,,CopyDeviceOperation,64,234786.0
197632,,CopyDeviceOperation,64,234264.0
204800,,CopyDeviceOperation,64,233756.0
198656,,CopyDeviceOperation,64,233514.0
175104,,CopyDeviceOperation,64,233290.0
226304,,CopyDeviceOperation,64,232635.0
195584,,CopyDeviceOperation,64,232587.0
194560,,CopyDeviceOperation,64,231459.0
178176,,CopyDeviceOperation,64,231433.0
177152,,CopyDeviceOperation,64,230970.0
217088,,CopyDeviceOperation,64,230840.0
224256,,CopyDeviceOperation,64,230763.0
216064,,CopyDeviceOperation,64,230179.0
184320,,CopyDeviceOperation,64,229571.0
222208,,CopyDeviceOperation,64,229452.0
192512,,CopyDeviceOperation,64,228771.0
223232,,InterleavedToShardedDeviceOperation,12,169093.0
225280,,InterleavedToShardedDeviceOperation,12,168940.0
201728,,InterleavedToShardedDeviceOperation,12,168687.0
180224,,InterleavedToShardedDeviceOperation,12,168520.0
228352,,InterleavedToShardedDeviceOperation,12,168471.0
214016,,InterleavedToShardedDeviceOperation,12,168309.0
190464,,InterleavedToShardedDeviceOperation,12,168052.0
187392,,InterleavedToShardedDeviceOperation,12,168022.0
208896,,InterleavedToShardedDeviceOperation,12,167905.0
186368,,InterleavedToShardedDeviceOperation,12,167712.0
220160,,InterleavedToShardedDeviceOperation,12,167665.0
199680,,InterleavedToShardedDeviceOperation,12,167580.0
212992,,InterleavedToShardedDeviceOperation,12,167553.0
230400,,InterleavedToShardedDeviceOperation,12,167549.0
191488,,InterleavedToShardedDeviceOperation,12,167385.0
207872,,InterleavedToShardedDeviceOperation,12,166978.0
188416,,InterleavedToShardedDeviceOperation,12,166871.0
227328,,InterleavedToShardedDeviceOperation,12,166830.0
211968,,InterleavedToShardedDeviceOperation,12,166609.0
181248,,InterleavedToShardedDeviceOperation,12,166574.0
205824,,InterleavedToShardedDeviceOperation,12,166326.0
219136,,InterleavedToShardedDeviceOperation,12,166192.0
203776,,InterleavedToShardedDeviceOperation,12,165808.0
189440,,InterleavedToShardedDeviceOperation,12,165798.0
176128,,InterleavedToShardedDeviceOperation,12,165699.0
221184,,InterleavedToShardedDeviceOperation,12,165649.0
229376,,InterleavedToShardedDeviceOperation,12,165224.0
206848,,InterleavedToShardedDeviceOperation,12,164911.0
2222080,1,UntilizeDeviceOperation,63,120987.0
1225728,,UntilizeDeviceOperation,63,115973.0
77824,,TilizeDeviceOperation,64,94953.0
26624,,TilizeDeviceOperation,64,93023.0
45056,,TilizeDeviceOperation,64,92774.0
161792,,TilizeDeviceOperation,64,92738.0
100352,,TilizeDeviceOperation,64,92696.0
71680,,TilizeDeviceOperation,64,92258.0
102400,,TilizeDeviceOperation,64,91969.0
106496,,TilizeDeviceOperation,64,91591.0
167936,,TilizeDeviceOperation,64,90822.0
149504,,TilizeDeviceOperation,64,90820.0
137216,,TilizeDeviceOperation,64,90652.0
38912,,TilizeDeviceOperation,64,90398.0
10240,,TilizeDeviceOperation,64,90351.0
32768,,TilizeDeviceOperation,64,90262.0
114688,,TilizeDeviceOperation,64,90033.0
22528,,TilizeDeviceOperation,64,89810.0
81920,,TilizeDeviceOperation,64,89774.0
90112,,TilizeDeviceOperation,64,89649.0
34816,,TilizeDeviceOperation,64,88838.0
124928,,TilizeDeviceOperation,64,88754.0
88064,,TilizeDeviceOperation,64,88670.0
157696,,TilizeDeviceOperation,64,88630.0
120832,,TilizeDeviceOperation,64,88540.0
63488,,TilizeDeviceOperation,64,88503.0
94208,,TilizeDeviceOperation,64,88469.0
28672,,TilizeDeviceOperation,64,88459.0
108544,,TilizeDeviceOperation,64,88448.0
14336,,TilizeDeviceOperation,64,88427.0
112640,,TilizeDeviceOperation,64,88329.0
83968,,TilizeDeviceOperation,64,88195.0
16384,,TilizeDeviceOperation,64,88175.0
155648,,TilizeDeviceOperation,64,88024.0
133120,,TilizeDeviceOperation,64,88022.0
126976,,TilizeDeviceOperation,64,88016.0
2048,,TilizeDeviceOperation,64,87983.0
118784,,TilizeDeviceOperation,64,87962.0
65536,,TilizeDeviceOperation,64,87936.0
8192,,TilizeDeviceOperation,64,87765.0
40960,,TilizeDeviceOperation,64,87733.0
51200,,TilizeDeviceOperation,64,87677.0
4096,,TilizeDeviceOperation,64,87585.0
145408,,TilizeDeviceOperation,64,87540.0
96256,,TilizeDeviceOperation,64,87357.0
163840,,TilizeDeviceOperation,64,87347.0
75776,,TilizeDeviceOperation,64,87285.0
57344,,TilizeDeviceOperation,64,87149.0
143360,,TilizeDeviceOperation,64,86897.0
53248,,TilizeDeviceOperation,64,86763.0
20480,,TilizeDeviceOperation,64,86609.0
151552,,TilizeDeviceOperation,64,86495.0
69632,,TilizeDeviceOperation,64,86477.0
139264,,TilizeDeviceOperation,64,86424.0
47104,,TilizeDeviceOperation,64,86411.0
59392,,TilizeDeviceOperation,64,86377.0
131072,,TilizeDeviceOperation,64,86004.0
169984,,TilizeDeviceOperation,64,85543.0
1089536,,MatmulDeviceOperation,64,80539.0
1984512,1,MatmulDeviceOperation,64,80357.0
1883136,1,MatmulDeviceOperation,64,80307.0
1781760,1,MatmulDeviceOperation,64,80089.0
244736,,MatmulDeviceOperation,64,80057.0
1477632,1,MatmulDeviceOperation,64,80045.0
2085888,1,MatmulDeviceOperation,64,79927.0
1916928,1,MatmulDeviceOperation,64,79888.0
650240,,MatmulDeviceOperation,64,79878.0
1579008,1,MatmulDeviceOperation,64,79846.0
1747968,1,MatmulDeviceOperation,64,79774.0
954368,,MatmulDeviceOperation,64,79710.0
1849344,1,MatmulDeviceOperation,64,79693.0
1612800,1,MatmulDeviceOperation,64,79677.0
1342464,1,MatmulDeviceOperation,64,79665.0
1443840,1,MatmulDeviceOperation,64,79662.0
1545216,1,MatmulDeviceOperation,64,79615.0
1157120,,MatmulDeviceOperation,64,79610.0
2119680,1,MatmulDeviceOperation,64,79583.0
1511424,1,MatmulDeviceOperation,64,79563.0
548864,,MatmulDeviceOperation,64,79549.0
1376256,1,MatmulDeviceOperation,64,79549.0
1815552,1,MatmulDeviceOperation,64,79531.0
819200,,MatmulDeviceOperation,64,79530.0
1714176,1,MatmulDeviceOperation,64,79457.0
684032,,MatmulDeviceOperation,64,79387.0
1680384,1,MatmulDeviceOperation,64,79378.0
2187264,1,MatmulDeviceOperation,64,79366.0
2153472,1,MatmulDeviceOperation,64,79349.0
1190912,,MatmulDeviceOperation,64,79329.0
886784,,MatmulDeviceOperation,64,79299.0
616448,,MatmulDeviceOperation,64,79277.0
785408,,MatmulDeviceOperation,64,79272.0
1646592,1,MatmulDeviceOperation,64,79258.0
379904,,MatmulDeviceOperation,64,79142.0
1950720,1,MatmulDeviceOperation,64,79098.0
920576,,MatmulDeviceOperation,64,79071.0
515072,,MatmulDeviceOperation,64,79068.0
1055744,,MatmulDeviceOperation,64,79065.0
1123328,,MatmulDeviceOperation,64,79011.0
2018304,1,MatmulDeviceOperation,64,79003.0
717824,,MatmulDeviceOperation,64,78990.0
346112,,MatmulDeviceOperation,64,78912.0
852992,,MatmulDeviceOperation,64,78877.0
751616,,MatmulDeviceOperation,64,78859.0
1410048,1,MatmulDeviceOperation,64,78849.0
1308672,1,MatmulDeviceOperation,64,78795.0
582656,,MatmulDeviceOperation,64,78766.0
988160,,MatmulDeviceOperation,64,78754.0
2052096,1,MatmulDeviceOperation,64,78744.0
1241088,1,MatmulDeviceOperation,64,78738.0
1021952,,MatmulDeviceOperation,64,78727.0
413696,,MatmulDeviceOperation,64,78600.0
447488,,MatmulDeviceOperation,64,78559.0
312320,,MatmulDeviceOperation,64,78313.0
481280,,MatmulDeviceOperation,64,77907.0
1035264,,SdpaDecodeDeviceOperation,64,72942.0
1592320,1,SdpaDecodeDeviceOperation,64,71986.0
798720,,SdpaDecodeDeviceOperation,64,71846.0
1284096,1,SdpaDecodeDeviceOperation,64,71826.0
933888,,SdpaDecodeDeviceOperation,64,71806.0
562176,,SdpaDecodeDeviceOperation,64,71391.0
1490944,1,SdpaDecodeDeviceOperation,64,71146.0
1001472,,SdpaDecodeDeviceOperation,64,71081.0
629760,,SdpaDecodeDeviceOperation,64,71052.0
1136640,,SdpaDecodeDeviceOperation,64,71039.0
967680,,SdpaDecodeDeviceOperation,64,71008.0
287744,,SdpaDecodeDeviceOperation,64,70894.0
1170432,,SdpaDecodeDeviceOperation,64,70872.0
325632,,SdpaDecodeDeviceOperation,64,70866.0
1457152,1,SdpaDecodeDeviceOperation,64,70852.0
2099200,1,SdpaDecodeDeviceOperation,64,70832.0
663552,,SdpaDecodeDeviceOperation,64,70707.0
393216,,SdpaDecodeDeviceOperation,64,70673.0
1896448,1,SdpaDecodeDeviceOperation,64,70632.0
115712,,TypecastDeviceOperation,64,70626.0
1964032,1,SdpaDecodeDeviceOperation,64,70589.0
27648,,TypecastDeviceOperation,64,70569.0
764928,,SdpaDecodeDeviceOperation,64,70552.0
1102848,,SdpaDecodeDeviceOperation,64,70525.0
528384,,SdpaDecodeDeviceOperation,64,70485.0
427008,,SdpaDecodeDeviceOperation,64,70479.0
134144,,TypecastDeviceOperation,64,70332.0
2065408,1,SdpaDecodeDeviceOperation,64,70321.0
1761280,1,SdpaDecodeDeviceOperation,64,70306.0
1727488,1,SdpaDecodeDeviceOperation,64,70274.0
1423360,1,SdpaDecodeDeviceOperation,64,70264.0
494592,,SdpaDecodeDeviceOperation,64,70237.0
1558528,1,SdpaDecodeDeviceOperation,64,70228.0
697344,,SdpaDecodeDeviceOperation,64,70202.0
1355776,1,SdpaDecodeDeviceOperation,64,70176.0
84992,,TypecastDeviceOperation,64,70175.0
17408,,TypecastDeviceOperation,64,70156.0
731136,,SdpaDecodeDeviceOperation,64,70124.0
1626112,1,SdpaDecodeDeviceOperation,64,70000.0
1204224,,SdpaDecodeDeviceOperation,64,69988.0
15360,,TypecastDeviceOperation,64,69974.0
35840,,TypecastDeviceOperation,64,69930.0
1069056,,SdpaDecodeDeviceOperation,64,69883.0
832512,,SdpaDecodeDeviceOperation,64,69781.0
2031616,1,SdpaDecodeDeviceOperation,64,69770.0
156672,,TypecastDeviceOperation,64,69714.0
5120,,TypecastDeviceOperation,64,69698.0
103424,,TypecastDeviceOperation,64,69620.0
76800,,TypecastDeviceOperation,64,69573.0
164864,,TypecastDeviceOperation,64,69539.0
1795072,1,SdpaDecodeDeviceOperation,64,69517.0
866304,,SdpaDecodeDeviceOperation,64,69515.0
2166784,1,SdpaDecodeDeviceOperation,64,69473.0
46080,,TypecastDeviceOperation,64,69462.0
66560,,TypecastDeviceOperation,64,69442.0
2132992,1,SdpaDecodeDeviceOperation,64,69430.0
595968,,SdpaDecodeDeviceOperation,64,69419.0
1862656,1,SdpaDecodeDeviceOperation,64,69384.0
58368,,TypecastDeviceOperation,64,69370.0
1321984,1,SdpaDecodeDeviceOperation,64,69339.0
109568,,TypecastDeviceOperation,64,69333.0
70656,,TypecastDeviceOperation,64,69281.0
9216,,TypecastDeviceOperation,64,69280.0
1389568,1,SdpaDecodeDeviceOperation,64,69263.0
54272,,TypecastDeviceOperation,64,69258.0
162816,,TypecastDeviceOperation,64,69246.0
1524736,1,SdpaDecodeDeviceOperation,64,69217.0
125952,,TypecastDeviceOperation,64,69165.0
1693696,1,SdpaDecodeDeviceOperation,64,69125.0
97280,,TypecastDeviceOperation,64,69109.0
41984,,TypecastDeviceOperation,64,69009.0
1828864,1,SdpaDecodeDeviceOperation,64,68982.0
64512,,TypecastDeviceOperation,64,68945.0
1659904,1,SdpaDecodeDeviceOperation,64,68881.0
119808,,TypecastDeviceOperation,64,68872.0
21504,,TypecastDeviceOperation,64,68869.0
1930240,1,SdpaDecodeDeviceOperation,64,68846.0
144384,,TypecastDeviceOperation,64,68803.0
359424,,SdpaDecodeDeviceOperation,64,68803.0
113664,,TypecastDeviceOperation,64,68770.0
900096,,SdpaDecodeDeviceOperation,64,68762.0
128000,,TypecastDeviceOperation,64,68727.0
146432,,TypecastDeviceOperation,64,68727.0
3072,,TypecastDeviceOperation,64,68689.0
95232,,TypecastDeviceOperation,64,68672.0
121856,,TypecastDeviceOperation,64,68636.0
171008,,TypecastDeviceOperation,64,68575.0
460800,,SdpaDecodeDeviceOperation,64,68538.0
107520,,TypecastDeviceOperation,64,68421.0
11264,,TypecastDeviceOperation,64,68413.0
78848,,TypecastDeviceOperation,64,68400.0
23552,,TypecastDeviceOperation,64,68357.0
1997824,1,SdpaDecodeDeviceOperation,64,68338.0
132096,,TypecastDeviceOperation,64,68328.0
82944,,TypecastDeviceOperation,64,68316.0
60416,,TypecastDeviceOperation,64,68307.0
152576,,TypecastDeviceOperation,64,68298.0
2200576,1,SdpaDecodeDeviceOperation,64,68254.0
39936,,TypecastDeviceOperation,64,68248.0
91136,,TypecastDeviceOperation,64,68181.0
72704,,TypecastDeviceOperation,64,68155.0
48128,,TypecastDeviceOperation,64,68106.0
158720,,TypecastDeviceOperation,64,68075.0
150528,,TypecastDeviceOperation,64,67980.0
33792,,TypecastDeviceOperation,64,67977.0
138240,,TypecastDeviceOperation,64,67921.0
89088,,TypecastDeviceOperation,64,67919.0
101376,,TypecastDeviceOperation,64,67898.0
52224,,TypecastDeviceOperation,64,67890.0
140288,,TypecastDeviceOperation,64,67575.0
168960,,TypecastDeviceOperation,64,67536.0
29696,,TypecastDeviceOperation,64,67384.0
2221056,1,ShardedToInterleavedDeviceOperation,64,58682.0
1224704,,ShardedToInterleavedDeviceOperation,64,58380.0
1466368,1,MatmulDeviceOperation,64,48155.0
1939456,1,MatmulDeviceOperation,64,47827.0
1364992,1,MatmulDeviceOperation,64,47776.0
1635328,1,MatmulDeviceOperation,64,47770.0
1398784,1,MatmulDeviceOperation,64,47761.0
976896,,MatmulDeviceOperation,64,47759.0
2108416,1,MatmulDeviceOperation,64,47690.0
2176000,1,MatmulDeviceOperation,64,47673.0
2142208,1,MatmulDeviceOperation,64,47662.0
1702912,1,MatmulDeviceOperation,64,47637.0
1871872,1,MatmulDeviceOperation,64,47631.0
368640,,MatmulDeviceOperation,64,47597.0
706560,,MatmulDeviceOperation,64,47558.0
571392,,MatmulDeviceOperation,64,47539.0
1432576,1,MatmulDeviceOperation,64,47539.0
1297408,1,MatmulDeviceOperation,64,47522.0
1973248,1,MatmulDeviceOperation,64,47518.0
402432,,MatmulDeviceOperation,64,47500.0
1770496,1,MatmulDeviceOperation,64,47476.0
2040832,1,MatmulDeviceOperation,64,47467.0
1669120,1,MatmulDeviceOperation,64,47456.0
1044480,,MatmulDeviceOperation,64,47455.0
1838080,1,MatmulDeviceOperation,64,47443.0
1331200,1,MatmulDeviceOperation,64,47421.0
638976,,MatmulDeviceOperation,64,47396.0
1533952,1,MatmulDeviceOperation,64,47388.0
1145856,,MatmulDeviceOperation,64,47370.0
2007040,1,MatmulDeviceOperation,64,47344.0
1804288,1,MatmulDeviceOperation,64,47310.0
1601536,1,MatmulDeviceOperation,64,47190.0
503808,,MatmulDeviceOperation,64,47129.0
2074624,1,MatmulDeviceOperation,64,47119.0
740352,,MatmulDeviceOperation,64,47095.0
470016,,MatmulDeviceOperation,64,47090.0
2209792,1,MatmulDeviceOperation,64,47087.0
1010688,,MatmulDeviceOperation,64,47078.0
1213440,,MatmulDeviceOperation,64,47059.0
436224,,MatmulDeviceOperation,64,47058.0
1500160,1,MatmulDeviceOperation,64,47052.0
1179648,,MatmulDeviceOperation,64,47048.0
774144,,MatmulDeviceOperation,64,47038.0
537600,,MatmulDeviceOperation,64,46976.0
1567744,1,MatmulDeviceOperation,64,46951.0
334848,,MatmulDeviceOperation,64,46866.0
301056,,MatmulDeviceOperation,64,46850.0
672768,,MatmulDeviceOperation,64,46850.0
1905664,1,MatmulDeviceOperation,64,46803.0
875520,,MatmulDeviceOperation,64,46678.0
1112064,,MatmulDeviceOperation,64,46676.0
841728,,MatmulDeviceOperation,64,46613.0
1736704,1,MatmulDeviceOperation,64,46522.0
1078272,,MatmulDeviceOperation,64,46498.0
943104,,MatmulDeviceOperation,64,46483.0
909312,,MatmulDeviceOperation,64,46457.0
807936,,MatmulDeviceOperation,64,46452.0
605184,,MatmulDeviceOperation,64,46444.0
1236992,1,EmbeddingsDeviceOperation,1,29924.0
240640,,EmbeddingsDeviceOperation,1,29507.0
497664,,TernaryDeviceOperation,64,28378.0
801792,,TernaryDeviceOperation,64,28336.0
1139712,,TernaryDeviceOperation,64,28279.0
869376,,TernaryDeviceOperation,64,28230.0
666624,,TernaryDeviceOperation,64,28206.0
835584,,TernaryDeviceOperation,64,28191.0
1105920,,TernaryDeviceOperation,64,28179.0
362496,,TernaryDeviceOperation,64,28160.0
1173504,,TernaryDeviceOperation,64,28128.0
531456,,TernaryDeviceOperation,64,28117.0
1004544,,TernaryDeviceOperation,64,28105.0
463872,,TernaryDeviceOperation,64,28103.0
1038336,,TernaryDeviceOperation,64,28082.0
294912,,TernaryDeviceOperation,64,28066.0
768000,,TernaryDeviceOperation,64,28053.0
632832,,TernaryDeviceOperation,64,28026.0
970752,,TernaryDeviceOperation,64,28011.0
936960,,TernaryDeviceOperation,64,28002.0
903168,,TernaryDeviceOperation,64,28001.0
430080,,TernaryDeviceOperation,64,27981.0
328704,,TernaryDeviceOperation,64,27945.0
565248,,TernaryDeviceOperation,64,27900.0
700416,,TernaryDeviceOperation,64,27847.0
599040,,TernaryDeviceOperation,64,27841.0
396288,,TernaryDeviceOperation,64,27834.0
734208,,TernaryDeviceOperation,64,27780.0
1207296,,TernaryDeviceOperation,64,27738.0
1072128,,TernaryDeviceOperation,64,27701.0
1967104,1,TernaryDeviceOperation,64,27242.0
1798144,1,TernaryDeviceOperation,64,27109.0
1561600,1,TernaryDeviceOperation,64,26782.0
1392640,1,TernaryDeviceOperation,64,26652.0
1865728,1,TernaryDeviceOperation,64,26630.0
2169856,1,TernaryDeviceOperation,64,26587.0
2102272,1,TernaryDeviceOperation,64,26521.0
2136064,1,TernaryDeviceOperation,64,26438.0
1426432,1,TernaryDeviceOperation,64,26427.0
1460224,1,TernaryDeviceOperation,64,26357.0
1494016,1,TernaryDeviceOperation,64,26300.0
1325056,1,TernaryDeviceOperation,64,26286.0
2000896,1,TernaryDeviceOperation,64,26273.0
1527808,1,TernaryDeviceOperation,64,26167.0
1696768,1,TernaryDeviceOperation,64,26120.0
1662976,1,TernaryDeviceOperation,64,26105.0
1595392,1,TernaryDeviceOperation,64,26100.0
1899520,1,TernaryDeviceOperation,64,26099.0
2068480,1,TernaryDeviceOperation,64,26089.0
2203648,1,TernaryDeviceOperation,64,26083.0
1730560,1,TernaryDeviceOperation,64,26047.0
1358848,1,TernaryDeviceOperation,64,26030.0
1764352,1,TernaryDeviceOperation,64,25949.0
2034688,1,TernaryDeviceOperation,64,25945.0
1831936,1,TernaryDeviceOperation,64,25904.0
1933312,1,TernaryDeviceOperation,64,25895.0
1629184,1,TernaryDeviceOperation,64,25891.0
1291264,1,TernaryDeviceOperation,64,25828.0
1266688,1,TernaryDeviceOperation,64,25001.0
270336,,TernaryDeviceOperation,64,24631.0
1278976,1,TilizeWithValPaddingDeviceOperation,32,19462.0
282624,,TilizeWithValPaddingDeviceOperation,32,19243.0
355328,,RotaryEmbeddingDeviceOperation,32,18126.0
896000,,RotaryEmbeddingDeviceOperation,32,18112.0
262144,,RotaryEmbeddingDeviceOperation,32,18071.0
794624,,RotaryEmbeddingDeviceOperation,32,17983.0
997376,,RotaryEmbeddingDeviceOperation,32,17968.0
659456,,RotaryEmbeddingDeviceOperation,32,17923.0
1752064,1,RotaryEmbeddingDeviceOperation,32,17922.0
2089984,1,RotaryEmbeddingDeviceOperation,32,17922.0
519168,,RotaryEmbeddingDeviceOperation,32,17905.0
490496,,RotaryEmbeddingDeviceOperation,32,17875.0
321536,,RotaryEmbeddingDeviceOperation,32,17870.0
422912,,RotaryEmbeddingDeviceOperation,32,17857.0
524288,,RotaryEmbeddingDeviceOperation,32,17829.0
654336,,RotaryEmbeddingDeviceOperation,32,17820.0
1583104,1,RotaryEmbeddingDeviceOperation,32,17819.0
688128,,RotaryEmbeddingDeviceOperation,32,17815.0
1093632,,RotaryEmbeddingDeviceOperation,32,17784.0
721920,,RotaryEmbeddingDeviceOperation,32,17781.0
1166336,,RotaryEmbeddingDeviceOperation,32,17781.0
620544,,RotaryEmbeddingDeviceOperation,32,17775.0
1200128,,RotaryEmbeddingDeviceOperation,32,17771.0
929792,,RotaryEmbeddingDeviceOperation,32,17762.0
586752,,RotaryEmbeddingDeviceOperation,32,17760.0
276480,,RotaryEmbeddingDeviceOperation,32,17754.0
963584,,RotaryEmbeddingDeviceOperation,32,17719.0
350208,,RotaryEmbeddingDeviceOperation,32,17713.0
1031168,,RotaryEmbeddingDeviceOperation,32,17705.0
789504,,RotaryEmbeddingDeviceOperation,32,17701.0
384000,,RotaryEmbeddingDeviceOperation,32,17695.0
1684480,1,RotaryEmbeddingDeviceOperation,32,17687.0
828416,,RotaryEmbeddingDeviceOperation,32,17686.0
417792,,RotaryEmbeddingDeviceOperation,32,17682.0
862208,,RotaryEmbeddingDeviceOperation,32,17661.0
552960,,RotaryEmbeddingDeviceOperation,32,17650.0
1059840,,RotaryEmbeddingDeviceOperation,32,17644.0
1312768,1,RotaryEmbeddingDeviceOperation,32,17642.0
1380352,1,RotaryEmbeddingDeviceOperation,32,17639.0
2196480,1,RotaryEmbeddingDeviceOperation,32,17634.0
1785856,1,RotaryEmbeddingDeviceOperation,32,17626.0
1346560,1,RotaryEmbeddingDeviceOperation,32,17624.0
1098752,,RotaryEmbeddingDeviceOperation,32,17621.0
1161216,,RotaryEmbeddingDeviceOperation,32,17608.0
2191360,1,RotaryEmbeddingDeviceOperation,32,17604.0
1718272,1,RotaryEmbeddingDeviceOperation,32,17601.0
591872,,RotaryEmbeddingDeviceOperation,32,17600.0
890880,,RotaryEmbeddingDeviceOperation,32,17596.0
1127424,,RotaryEmbeddingDeviceOperation,32,17591.0
389120,,RotaryEmbeddingDeviceOperation,32,17582.0
924672,,RotaryEmbeddingDeviceOperation,32,17582.0
456704,,RotaryEmbeddingDeviceOperation,32,17579.0
1195008,,RotaryEmbeddingDeviceOperation,32,17571.0
1481728,1,RotaryEmbeddingDeviceOperation,32,17570.0
451584,,RotaryEmbeddingDeviceOperation,32,17564.0
316416,,RotaryEmbeddingDeviceOperation,32,17557.0
1132544,,RotaryEmbeddingDeviceOperation,32,17556.0
2095104,1,RotaryEmbeddingDeviceOperation,32,17548.0
485376,,RotaryEmbeddingDeviceOperation,32,17547.0
823296,,RotaryEmbeddingDeviceOperation,32,17546.0
2022400,1,RotaryEmbeddingDeviceOperation,32,17538.0
625664,,RotaryEmbeddingDeviceOperation,32,17514.0
1853440,1,RotaryEmbeddingDeviceOperation,32,17512.0
2056192,1,RotaryEmbeddingDeviceOperation,32,17512.0
857088,,RotaryEmbeddingDeviceOperation,32,17506.0
1064960,,RotaryEmbeddingDeviceOperation,32,17499.0
2157568,1,RotaryEmbeddingDeviceOperation,32,17498.0
1887232,1,RotaryEmbeddingDeviceOperation,32,17496.0
2123776,1,RotaryEmbeddingDeviceOperation,32,17483.0
1988608,1,RotaryEmbeddingDeviceOperation,32,17477.0
1858560,1,RotaryEmbeddingDeviceOperation,32,17473.0
727040,,RotaryEmbeddingDeviceOperation,32,17472.0
558080,,RotaryEmbeddingDeviceOperation,32,17469.0
693248,,RotaryEmbeddingDeviceOperation,32,17465.0
1549312,1,RotaryEmbeddingDeviceOperation,32,17463.0
1959936,1,RotaryEmbeddingDeviceOperation,32,17454.0
1486848,1,RotaryEmbeddingDeviceOperation,32,17440.0
1993728,1,RotaryEmbeddingDeviceOperation,32,17424.0
958464,,RotaryEmbeddingDeviceOperation,32,17416.0
1351680,1,RotaryEmbeddingDeviceOperation,32,17414.0
2027520,1,RotaryEmbeddingDeviceOperation,32,17414.0
1824768,1,RotaryEmbeddingDeviceOperation,32,17408.0
1026048,,RotaryEmbeddingDeviceOperation,32,17401.0
1520640,1,RotaryEmbeddingDeviceOperation,32,17377.0
1650688,1,RotaryEmbeddingDeviceOperation,32,17370.0
992256,,RotaryEmbeddingDeviceOperation,32,17359.0
1790976,1,RotaryEmbeddingDeviceOperation,32,17348.0
1453056,1,RotaryEmbeddingDeviceOperation,32,17346.0
1689600,1,RotaryEmbeddingDeviceOperation,32,17342.0
1819648,1,RotaryEmbeddingDeviceOperation,32,17325.0
2128896,1,RotaryEmbeddingDeviceOperation,32,17325.0
760832,,RotaryEmbeddingDeviceOperation,32,17316.0
1447936,1,RotaryEmbeddingDeviceOperation,32,17314.0
755712,,RotaryEmbeddingDeviceOperation,32,17290.0
1616896,1,RotaryEmbeddingDeviceOperation,32,17277.0
1921024,1,RotaryEmbeddingDeviceOperation,32,17241.0
1385472,1,RotaryEmbeddingDeviceOperation,32,17237.0
1554432,1,RotaryEmbeddingDeviceOperation,32,17217.0
2061312,1,RotaryEmbeddingDeviceOperation,32,17180.0
1954816,1,RotaryEmbeddingDeviceOperation,32,17160.0
1414144,1,RotaryEmbeddingDeviceOperation,32,17158.0
2162688,1,RotaryEmbeddingDeviceOperation,32,17121.0
1317888,1,RotaryEmbeddingDeviceOperation,32,17111.0
1515520,1,RotaryEmbeddingDeviceOperation,32,17089.0
1926144,1,RotaryEmbeddingDeviceOperation,32,17054.0
1757184,1,RotaryEmbeddingDeviceOperation,32,17029.0
1723392,1,RotaryEmbeddingDeviceOperation,32,17017.0
1622016,1,RotaryEmbeddingDeviceOperation,32,16988.0
1588224,1,RotaryEmbeddingDeviceOperation,32,16973.0
1655808,1,RotaryEmbeddingDeviceOperation,32,16933.0
1892352,1,RotaryEmbeddingDeviceOperation,32,16891.0
1852416,1,PagedUpdateCacheDeviceOperation,32,16748.0
1258496,1,RotaryEmbeddingDeviceOperation,32,16747.0
1272832,1,RotaryEmbeddingDeviceOperation,32,16716.0
1419264,1,RotaryEmbeddingDeviceOperation,32,16675.0
238592,,ReshapeViewDeviceOperation,64,16505.0
1234944,1,ReshapeViewDeviceOperation,64,16262.0
2122752,1,PagedUpdateCacheDeviceOperation,32,15749.0
1350656,1,PagedUpdateCacheDeviceOperation,32,15720.0
1953792,1,PagedUpdateCacheDeviceOperation,32,15679.0
1789952,1,PagedUpdateCacheDeviceOperation,32,15647.0
1452032,1,PagedUpdateCacheDeviceOperation,32,15533.0
590848,,PagedUpdateCacheDeviceOperation,32,15496.0
1688576,1,PagedUpdateCacheDeviceOperation,32,15436.0
1925120,1,PagedUpdateCacheDeviceOperation,32,15250.0
1165312,,PagedUpdateCacheDeviceOperation,32,15207.0
489472,,PagedUpdateCacheDeviceOperation,32,15199.0
1446912,1,PagedUpdateCacheDeviceOperation,32,15003.0
2195456,1,PagedUpdateCacheDeviceOperation,32,14945.0
957440,,PagedUpdateCacheDeviceOperation,32,14849.0
1818624,1,PagedUpdateCacheDeviceOperation,32,14842.0
1548288,1,PagedUpdateCacheDeviceOperation,32,14840.0
619520,,PagedUpdateCacheDeviceOperation,32,14812.0
1683456,1,PagedUpdateCacheDeviceOperation,32,14771.0
1649664,1,PagedUpdateCacheDeviceOperation,32,14712.0
1245184,1,PagedUpdateCacheDeviceOperation,32,14680.0
2026496,1,PagedUpdateCacheDeviceOperation,32,14661.0
450560,,PagedUpdateCacheDeviceOperation,32,14653.0
388096,,PagedUpdateCacheDeviceOperation,32,14639.0
1126400,,PagedUpdateCacheDeviceOperation,32,14636.0
1514496,1,PagedUpdateCacheDeviceOperation,32,14620.0
2088960,1,PagedUpdateCacheDeviceOperation,32,14620.0
2021376,1,PagedUpdateCacheDeviceOperation,32,14618.0
421888,,PagedUpdateCacheDeviceOperation,32,14559.0
315392,,PagedUpdateCacheDeviceOperation,32,14534.0
1480704,1,PagedUpdateCacheDeviceOperation,32,14528.0
1092608,,PagedUpdateCacheDeviceOperation,32,14516.0
1891328,1,PagedUpdateCacheDeviceOperation,32,14511.0
1784832,1,PagedUpdateCacheDeviceOperation,32,14482.0
793600,,PagedUpdateCacheDeviceOperation,32,14481.0
991232,,PagedUpdateCacheDeviceOperation,32,14479.0
1097728,,PagedUpdateCacheDeviceOperation,32,14464.0
1311744,1,PagedUpdateCacheDeviceOperation,32,14440.0
1654784,1,PagedUpdateCacheDeviceOperation,32,14416.0
2060288,1,PagedUpdateCacheDeviceOperation,32,14402.0
1379328,1,PagedUpdateCacheDeviceOperation,32,14391.0
687104,,PagedUpdateCacheDeviceOperation,32,14372.0
1384448,1,PagedUpdateCacheDeviceOperation,32,14345.0
320512,,PagedUpdateCacheDeviceOperation,32,14340.0
962560,,PagedUpdateCacheDeviceOperation,32,14339.0
1063936,,PagedUpdateCacheDeviceOperation,32,14316.0
354304,,PagedUpdateCacheDeviceOperation,32,14306.0
1722368,1,PagedUpdateCacheDeviceOperation,32,14277.0
557056,,PagedUpdateCacheDeviceOperation,32,14269.0
1620992,1,PagedUpdateCacheDeviceOperation,32,14265.0
2156544,1,PagedUpdateCacheDeviceOperation,32,14252.0
1920000,1,PagedUpdateCacheDeviceOperation,32,14226.0
349184,,PagedUpdateCacheDeviceOperation,32,14224.0
720896,,PagedUpdateCacheDeviceOperation,32,14208.0
996352,,PagedUpdateCacheDeviceOperation,32,14184.0
1886208,1,PagedUpdateCacheDeviceOperation,32,14174.0
692224,,PagedUpdateCacheDeviceOperation,32,14171.0
624640,,PagedUpdateCacheDeviceOperation,32,14154.0
923648,,PagedUpdateCacheDeviceOperation,32,14149.0
1131520,,PagedUpdateCacheDeviceOperation,32,14143.0
928768,,PagedUpdateCacheDeviceOperation,32,14140.0
1857536,1,PagedUpdateCacheDeviceOperation,32,14133.0
523264,,PagedUpdateCacheDeviceOperation,32,14125.0
2094080,1,PagedUpdateCacheDeviceOperation,32,14122.0
1751040,1,PagedUpdateCacheDeviceOperation,32,14108.0
2127872,1,PagedUpdateCacheDeviceOperation,32,14097.0
2055168,1,PagedUpdateCacheDeviceOperation,32,14085.0
484352,,PagedUpdateCacheDeviceOperation,32,14078.0
1987584,1,PagedUpdateCacheDeviceOperation,32,14066.0
822272,,PagedUpdateCacheDeviceOperation,32,14065.0
551936,,PagedUpdateCacheDeviceOperation,32,14059.0
1030144,,PagedUpdateCacheDeviceOperation,32,14040.0
1262592,1,PagedUpdateCacheDeviceOperation,32,14032.0
416768,,PagedUpdateCacheDeviceOperation,32,14029.0
1582080,1,PagedUpdateCacheDeviceOperation,32,14013.0
726016,,PagedUpdateCacheDeviceOperation,32,14009.0
1316864,1,PagedUpdateCacheDeviceOperation,32,13970.0
1199104,,PagedUpdateCacheDeviceOperation,32,13964.0
518144,,PagedUpdateCacheDeviceOperation,32,13914.0
658432,,PagedUpdateCacheDeviceOperation,32,13914.0
861184,,PagedUpdateCacheDeviceOperation,32,13914.0
1992704,1,PagedUpdateCacheDeviceOperation,32,13880.0
585728,,PagedUpdateCacheDeviceOperation,32,13878.0
248832,,PagedUpdateCacheDeviceOperation,32,13863.0
1615872,1,PagedUpdateCacheDeviceOperation,32,13863.0
1823744,1,PagedUpdateCacheDeviceOperation,32,13851.0
1756160,1,PagedUpdateCacheDeviceOperation,32,13849.0
1025024,,PagedUpdateCacheDeviceOperation,32,13839.0
759808,,PagedUpdateCacheDeviceOperation,32,13838.0
1958912,1,PagedUpdateCacheDeviceOperation,32,13838.0
754688,,PagedUpdateCacheDeviceOperation,32,13827.0
1553408,1,PagedUpdateCacheDeviceOperation,32,13818.0
1160192,,PagedUpdateCacheDeviceOperation,32,13815.0
1413120,1,PagedUpdateCacheDeviceOperation,32,13801.0
1058816,,PagedUpdateCacheDeviceOperation,32,13765.0
1717248,1,PagedUpdateCacheDeviceOperation,32,13709.0
1193984,,PagedUpdateCacheDeviceOperation,32,13704.0
889856,,PagedUpdateCacheDeviceOperation,32,13702.0
455680,,PagedUpdateCacheDeviceOperation,32,13686.0
2161664,1,PagedUpdateCacheDeviceOperation,32,13676.0
529408,,TypecastDeviceOperation,64,13657.0
653312,,PagedUpdateCacheDeviceOperation,32,13639.0
266240,,PagedUpdateCacheDeviceOperation,32,13607.0
382976,,PagedUpdateCacheDeviceOperation,32,13590.0
1519616,1,PagedUpdateCacheDeviceOperation,32,13586.0
1103872,,TypecastDeviceOperation,64,13584.0
856064,,PagedUpdateCacheDeviceOperation,32,13572.0
1458176,1,TypecastDeviceOperation,64,13554.0
1660928,1,TypecastDeviceOperation,64,13543.0
833536,,TypecastDeviceOperation,64,13535.0
2190336,1,PagedUpdateCacheDeviceOperation,32,13495.0
273408,,TilizeWithValPaddingDeviceOperation,32,13485.0
827392,,PagedUpdateCacheDeviceOperation,32,13452.0
894976,,PagedUpdateCacheDeviceOperation,32,13441.0
1137664,,TypecastDeviceOperation,64,13377.0
1485824,1,PagedUpdateCacheDeviceOperation,32,13344.0
1345536,1,PagedUpdateCacheDeviceOperation,32,13326.0
394240,,TypecastDeviceOperation,64,13323.0
698368,,TypecastDeviceOperation,64,13298.0
788480,,PagedUpdateCacheDeviceOperation,32,13296.0
1587200,1,PagedUpdateCacheDeviceOperation,32,13279.0
934912,,TypecastDeviceOperation,64,13278.0
1998848,1,TypecastDeviceOperation,64,13275.0
1323008,1,TypecastDeviceOperation,64,13248.0
1762304,1,TypecastDeviceOperation,64,13202.0
1593344,1,TypecastDeviceOperation,64,13192.0
2100224,1,TypecastDeviceOperation,64,13185.0
1390592,1,TypecastDeviceOperation,64,13146.0
1863680,1,TypecastDeviceOperation,64,13133.0
732160,,TypecastDeviceOperation,64,13125.0
1269760,1,TilizeWithValPaddingDeviceOperation,32,13117.0
1424384,1,TypecastDeviceOperation,64,13104.0
1829888,1,TypecastDeviceOperation,64,13104.0
2167808,1,TypecastDeviceOperation,64,13078.0
1285120,1,TypecastDeviceOperation,64,13068.0
596992,,TypecastDeviceOperation,64,13033.0
1694720,1,TypecastDeviceOperation,64,13017.0
461824,,TypecastDeviceOperation,64,12993.0
288768,,TypecastDeviceOperation,64,12974.0
1897472,1,TypecastDeviceOperation,64,12963.0
2032640,1,TypecastDeviceOperation,64,12918.0
563200,,TypecastDeviceOperation,64,12869.0
901120,,TypecastDeviceOperation,64,12826.0
1728512,1,TypecastDeviceOperation,64,12822.0
1070080,,TypecastDeviceOperation,64,12763.0
326656,,TypecastDeviceOperation,64,12733.0
2134016,1,TypecastDeviceOperation,64,12717.0
1418240,1,PagedUpdateCacheDeviceOperation,32,12705.0
1525760,1,TypecastDeviceOperation,64,12691.0
1627136,1,TypecastDeviceOperation,64,12686.0
1931264,1,TypecastDeviceOperation,64,12683.0
1356800,1,TypecastDeviceOperation,64,12680.0
968704,,TypecastDeviceOperation,64,12672.0
867328,,TypecastDeviceOperation,64,12601.0
1036288,,TypecastDeviceOperation,64,12601.0
1491968,1,TypecastDeviceOperation,64,12594.0
1796096,1,TypecastDeviceOperation,64,12584.0
664576,,TypecastDeviceOperation,64,12582.0
1205248,,TypecastDeviceOperation,64,12576.0
1171456,,TypecastDeviceOperation,64,12565.0
360448,,TypecastDeviceOperation,64,12549.0
765952,,TypecastDeviceOperation,64,12541.0
799744,,TypecastDeviceOperation,64,12503.0
1965056,1,TypecastDeviceOperation,64,12483.0
1299456,1,LayerNormDeviceOperation,48,12480.0
495616,,TypecastDeviceOperation,64,12478.0
2066432,1,TypecastDeviceOperation,64,12477.0
630784,,TypecastDeviceOperation,64,12407.0
1002496,,TypecastDeviceOperation,64,12403.0
1559552,1,TypecastDeviceOperation,64,12381.0
1239040,1,LayerNormDeviceOperation,48,12375.0
2201600,1,TypecastDeviceOperation,64,12309.0
1603584,1,LayerNormDeviceOperation,48,12306.0
2042880,1,LayerNormDeviceOperation,48,12306.0
1400832,1,LayerNormDeviceOperation,48,12298.0
1941504,1,LayerNormDeviceOperation,48,12290.0
1468416,1,LayerNormDeviceOperation,48,12274.0
428032,,TypecastDeviceOperation,64,12272.0
1806336,1,LayerNormDeviceOperation,48,12261.0
1333248,1,LayerNormDeviceOperation,48,12259.0
1536000,1,LayerNormDeviceOperation,48,12259.0
1671168,1,LayerNormDeviceOperation,48,12249.0
1907712,1,LayerNormDeviceOperation,48,12236.0
2076672,1,LayerNormDeviceOperation,48,12232.0
2178048,1,LayerNormDeviceOperation,48,12230.0
1738752,1,LayerNormDeviceOperation,48,12228.0
1840128,1,LayerNormDeviceOperation,48,12228.0
2211840,1,LayerNormDeviceOperation,48,12228.0
1772544,1,LayerNormDeviceOperation,48,12222.0
2009088,1,LayerNormDeviceOperation,48,12219.0
1873920,1,LayerNormDeviceOperation,48,12217.0
2110464,1,LayerNormDeviceOperation,48,12215.0
1704960,1,LayerNormDeviceOperation,48,12208.0
1367040,1,LayerNormDeviceOperation,48,12196.0
1975296,1,LayerNormDeviceOperation,48,12196.0
2144256,1,LayerNormDeviceOperation,48,12191.0
1569792,1,LayerNormDeviceOperation,48,12186.0
1637376,1,LayerNormDeviceOperation,48,12184.0
1502208,1,LayerNormDeviceOperation,48,12163.0
1434624,1,LayerNormDeviceOperation,48,12161.0
618496,,NLPCreateQKVHeadsDecodeDeviceOperation,32,11582.0
1057792,,NLPCreateQKVHeadsDecodeDeviceOperation,32,11528.0
483328,,NLPCreateQKVHeadsDecodeDeviceOperation,32,11519.0
381952,,NLPCreateQKVHeadsDecodeDeviceOperation,32,11513.0
686080,,NLPCreateQKVHeadsDecodeDeviceOperation,32,11509.0
517120,,NLPCreateQKVHeadsDecodeDeviceOperation,32,11508.0
1125376,,NLPCreateQKVHeadsDecodeDeviceOperation,32,11507.0
652288,,NLPCreateQKVHeadsDecodeDeviceOperation,32,11504.0
348160,,NLPCreateQKVHeadsDecodeDeviceOperation,32,11503.0
584704,,NLPCreateQKVHeadsDecodeDeviceOperation,32,11500.0
753664,,NLPCreateQKVHeadsDecodeDeviceOperation,32,11493.0
855040,,NLPCreateQKVHeadsDecodeDeviceOperation,32,11491.0
449536,,NLPCreateQKVHeadsDecodeDeviceOperation,32,11490.0
550912,,NLPCreateQKVHeadsDecodeDeviceOperation,32,11490.0
314368,,NLPCreateQKVHeadsDecodeDeviceOperation,32,11489.0
1159168,,NLPCreateQKVHeadsDecodeDeviceOperation,32,11489.0
415744,,NLPCreateQKVHeadsDecodeDeviceOperation,32,11488.0
1441792,1,LayerNormDeviceOperation,48,11488.0
956416,,NLPCreateQKVHeadsDecodeDeviceOperation,32,11487.0
821248,,NLPCreateQKVHeadsDecodeDeviceOperation,32,11485.0
888832,,NLPCreateQKVHeadsDecodeDeviceOperation,32,11485.0
787456,,NLPCreateQKVHeadsDecodeDeviceOperation,32,11484.0
246784,,NLPCreateQKVHeadsDecodeDeviceOperation,32,11480.0
1024000,,NLPCreateQKVHeadsDecodeDeviceOperation,32,11477.0
1192960,,NLPCreateQKVHeadsDecodeDeviceOperation,32,11477.0
990208,,NLPCreateQKVHeadsDecodeDeviceOperation,32,11461.0
1091584,,NLPCreateQKVHeadsDecodeDeviceOperation,32,11460.0
719872,,NLPCreateQKVHeadsDecodeDeviceOperation,32,11452.0
922624,,NLPCreateQKVHeadsDecodeDeviceOperation,32,11432.0
1610752,1,LayerNormDeviceOperation,48,11284.0
1779712,1,LayerNormDeviceOperation,48,11273.0
1306624,1,LayerNormDeviceOperation,48,11253.0
2185216,1,LayerNormDeviceOperation,48,11231.0
1982464,1,LayerNormDeviceOperation,48,11212.0
1745920,1,LayerNormDeviceOperation,48,11207.0
2117632,1,LayerNormDeviceOperation,48,11207.0
1340416,1,LayerNormDeviceOperation,48,11204.0
1408000,1,LayerNormDeviceOperation,48,11202.0
2050048,1,LayerNormDeviceOperation,48,11196.0
1678336,1,LayerNormDeviceOperation,48,11171.0
1712128,1,LayerNormDeviceOperation,48,11171.0
2016256,1,LayerNormDeviceOperation,48,11170.0
2083840,1,LayerNormDeviceOperation,48,11169.0
1509376,1,LayerNormDeviceOperation,48,11168.0
1948672,1,LayerNormDeviceOperation,48,11154.0
2151424,1,LayerNormDeviceOperation,48,11151.0
1543168,1,LayerNormDeviceOperation,48,11149.0
1914880,1,LayerNormDeviceOperation,48,11140.0
1576960,1,LayerNormDeviceOperation,48,11135.0
1881088,1,LayerNormDeviceOperation,48,11134.0
2219008,1,LayerNormDeviceOperation,48,11134.0
1817600,1,NLPCreateQKVHeadsDecodeDeviceOperation,32,11131.0
1644544,1,LayerNormDeviceOperation,48,11121.0
1813504,1,LayerNormDeviceOperation,48,11115.0
1374208,1,LayerNormDeviceOperation,48,11111.0
1475584,1,LayerNormDeviceOperation,48,11111.0
1847296,1,LayerNormDeviceOperation,48,11111.0
2054144,1,NLPCreateQKVHeadsDecodeDeviceOperation,32,11104.0
1885184,1,NLPCreateQKVHeadsDecodeDeviceOperation,32,11076.0
1986560,1,NLPCreateQKVHeadsDecodeDeviceOperation,32,11075.0
1344512,1,NLPCreateQKVHeadsDecodeDeviceOperation,32,11073.0
2087936,1,NLPCreateQKVHeadsDecodeDeviceOperation,32,11070.0
1547264,1,NLPCreateQKVHeadsDecodeDeviceOperation,32,11054.0
2155520,1,NLPCreateQKVHeadsDecodeDeviceOperation,32,11051.0
1682432,1,NLPCreateQKVHeadsDecodeDeviceOperation,32,11045.0
2121728,1,NLPCreateQKVHeadsDecodeDeviceOperation,32,11039.0
1716224,1,NLPCreateQKVHeadsDecodeDeviceOperation,32,11038.0
1614848,1,NLPCreateQKVHeadsDecodeDeviceOperation,32,11037.0
1648640,1,NLPCreateQKVHeadsDecodeDeviceOperation,32,11031.0
1851392,1,NLPCreateQKVHeadsDecodeDeviceOperation,32,11030.0
1952768,1,NLPCreateQKVHeadsDecodeDeviceOperation,32,11030.0
1412096,1,NLPCreateQKVHeadsDecodeDeviceOperation,32,11028.0
1513472,1,NLPCreateQKVHeadsDecodeDeviceOperation,32,11028.0
1310720,1,NLPCreateQKVHeadsDecodeDeviceOperation,32,11026.0
1479680,1,NLPCreateQKVHeadsDecodeDeviceOperation,32,11025.0
1750016,1,NLPCreateQKVHeadsDecodeDeviceOperation,32,11025.0
1783808,1,NLPCreateQKVHeadsDecodeDeviceOperation,32,11025.0
1243136,1,NLPCreateQKVHeadsDecodeDeviceOperation,32,11021.0
1581056,1,NLPCreateQKVHeadsDecodeDeviceOperation,32,11015.0
1918976,1,NLPCreateQKVHeadsDecodeDeviceOperation,32,11014.0
2020352,1,NLPCreateQKVHeadsDecodeDeviceOperation,32,11013.0
2189312,1,NLPCreateQKVHeadsDecodeDeviceOperation,32,11008.0
1378304,1,NLPCreateQKVHeadsDecodeDeviceOperation,32,11006.0
1445888,1,NLPCreateQKVHeadsDecodeDeviceOperation,32,10994.0
1215488,,LayerNormDeviceOperation,48,10922.0
918528,,LayerNormDeviceOperation,48,10919.0
1114112,,LayerNormDeviceOperation,48,10919.0
1019904,,LayerNormDeviceOperation,48,10918.0
715776,,LayerNormDeviceOperation,48,10916.0
1181696,,LayerNormDeviceOperation,48,10915.0
370688,,LayerNormDeviceOperation,48,10914.0
1741824,1,BinaryNgDeviceOperation,64,10907.0
1222656,,LayerNormDeviceOperation,48,10906.0
411648,,LayerNormDeviceOperation,48,10905.0
817152,,LayerNormDeviceOperation,48,10905.0
978944,,LayerNormDeviceOperation,48,10903.0
607232,,LayerNormDeviceOperation,48,10902.0
242688,,LayerNormDeviceOperation,48,10901.0
1155072,,LayerNormDeviceOperation,48,10901.0
539648,,LayerNormDeviceOperation,48,10899.0
850944,,LayerNormDeviceOperation,48,10899.0
1012736,,LayerNormDeviceOperation,48,10896.0
2012160,1,BinaryNgDeviceOperation,64,10896.0
1302528,1,BinaryNgDeviceOperation,64,10895.0
404480,,LayerNormDeviceOperation,48,10893.0
776192,,LayerNormDeviceOperation,48,10893.0
1053696,,LayerNormDeviceOperation,48,10893.0
1403904,1,BinaryNgDeviceOperation,64,10893.0
1843200,1,BinaryNgDeviceOperation,64,10892.0
1978368,1,BinaryNgDeviceOperation,64,10891.0
513024,,LayerNormDeviceOperation,48,10890.0
580608,,LayerNormDeviceOperation,48,10890.0
1080320,,LayerNormDeviceOperation,48,10890.0
1147904,,LayerNormDeviceOperation,48,10888.0
1775616,1,BinaryNgDeviceOperation,64,10887.0
1674240,1,BinaryNgDeviceOperation,64,10886.0
674816,,LayerNormDeviceOperation,48,10885.0
843776,,LayerNormDeviceOperation,48,10885.0
1539072,1,BinaryNgDeviceOperation,64,10884.0
2045952,1,BinaryNgDeviceOperation,64,10884.0
2113536,1,BinaryNgDeviceOperation,64,10884.0
1370112,1,BinaryNgDeviceOperation,64,10883.0
2214912,1,BinaryNgDeviceOperation,64,10883.0
505856,,LayerNormDeviceOperation,48,10882.0
1437696,1,BinaryNgDeviceOperation,64,10882.0
1505280,1,BinaryNgDeviceOperation,64,10882.0
1809408,1,BinaryNgDeviceOperation,64,10882.0
1876992,1,BinaryNgDeviceOperation,64,10882.0
952320,,LayerNormDeviceOperation,48,10881.0
310272,,LayerNormDeviceOperation,48,10880.0
1336320,1,BinaryNgDeviceOperation,64,10880.0
1944576,1,BinaryNgDeviceOperation,64,10880.0
573440,,LayerNormDeviceOperation,48,10879.0
2079744,1,BinaryNgDeviceOperation,64,10879.0
2147328,1,BinaryNgDeviceOperation,64,10879.0
303104,,LayerNormDeviceOperation,48,10877.0
681984,,LayerNormDeviceOperation,48,10877.0
986112,,LayerNormDeviceOperation,48,10877.0
546816,,LayerNormDeviceOperation,48,10876.0
1087488,,LayerNormDeviceOperation,48,10876.0
1606656,1,BinaryNgDeviceOperation,64,10876.0
1910784,1,BinaryNgDeviceOperation,64,10876.0
438272,,LayerNormDeviceOperation,48,10875.0
708608,,LayerNormDeviceOperation,48,10874.0
1188864,,LayerNormDeviceOperation,48,10874.0
1640448,1,BinaryNgDeviceOperation,64,10873.0
614400,,LayerNormDeviceOperation,48,10872.0
783360,,LayerNormDeviceOperation,48,10872.0
742400,,LayerNormDeviceOperation,48,10871.0
945152,,LayerNormDeviceOperation,48,10871.0
472064,,LayerNormDeviceOperation,48,10870.0
1471488,1,BinaryNgDeviceOperation,64,10870.0
344064,,LayerNormDeviceOperation,48,10868.0
1121280,,LayerNormDeviceOperation,48,10868.0
809984,,LayerNormDeviceOperation,48,10866.0
2181120,1,BinaryNgDeviceOperation,64,10866.0
336896,,LayerNormDeviceOperation,48,10865.0
749568,,LayerNormDeviceOperation,48,10865.0
884736,,LayerNormDeviceOperation,48,10864.0
479232,,LayerNormDeviceOperation,48,10861.0
1708032,1,BinaryNgDeviceOperation,64,10861.0
1046528,,LayerNormDeviceOperation,48,10859.0
641024,,LayerNormDeviceOperation,48,10857.0
377856,,LayerNormDeviceOperation,48,10852.0
648192,,LayerNormDeviceOperation,48,10851.0
877568,,LayerNormDeviceOperation,48,10850.0
1572864,1,BinaryNgDeviceOperation,64,10848.0
445440,,LayerNormDeviceOperation,48,10846.0
911360,,LayerNormDeviceOperation,48,10832.0
644096,,BinaryNgDeviceOperation,64,10828.0
711680,,BinaryNgDeviceOperation,64,10808.0
1218560,,BinaryNgDeviceOperation,64,10808.0
677888,,BinaryNgDeviceOperation,64,10802.0
542720,,BinaryNgDeviceOperation,64,10801.0
1117184,,BinaryNgDeviceOperation,64,10801.0
948224,,BinaryNgDeviceOperation,64,10800.0
1015808,,BinaryNgDeviceOperation,64,10798.0
846848,,BinaryNgDeviceOperation,64,10797.0
475136,,BinaryNgDeviceOperation,64,10796.0
1083392,,BinaryNgDeviceOperation,64,10792.0
407552,,BinaryNgDeviceOperation,64,10787.0
745472,,BinaryNgDeviceOperation,64,10787.0
610304,,BinaryNgDeviceOperation,64,10782.0
576512,,BinaryNgDeviceOperation,64,10781.0
880640,,BinaryNgDeviceOperation,64,10781.0
813056,,BinaryNgDeviceOperation,64,10780.0
339968,,BinaryNgDeviceOperation,64,10776.0
982016,,BinaryNgDeviceOperation,64,10776.0
1049600,,BinaryNgDeviceOperation,64,10776.0
1150976,,BinaryNgDeviceOperation,64,10776.0
373760,,BinaryNgDeviceOperation,64,10775.0
508928,,BinaryNgDeviceOperation,64,10774.0
779264,,BinaryNgDeviceOperation,64,10774.0
441344,,BinaryNgDeviceOperation,64,10772.0
1184768,,BinaryNgDeviceOperation,64,10772.0
306176,,BinaryNgDeviceOperation,64,10767.0
914432,,BinaryNgDeviceOperation,64,10763.0
1007616,,NLPConcatHeadsDecodeDeviceOperation,12,9633.0
703488,,NLPConcatHeadsDecodeDeviceOperation,12,9587.0
1041408,,NLPConcatHeadsDecodeDeviceOperation,12,9587.0
973824,,NLPConcatHeadsDecodeDeviceOperation,12,9560.0
669696,,NLPConcatHeadsDecodeDeviceOperation,12,9557.0
906240,,NLPConcatHeadsDecodeDeviceOperation,12,9557.0
500736,,NLPConcatHeadsDecodeDeviceOperation,12,9535.0
602112,,NLPConcatHeadsDecodeDeviceOperation,12,9527.0
771072,,NLPConcatHeadsDecodeDeviceOperation,12,9522.0
804864,,NLPConcatHeadsDecodeDeviceOperation,12,9522.0
872448,,NLPConcatHeadsDecodeDeviceOperation,12,9522.0
365568,,NLPConcatHeadsDecodeDeviceOperation,12,9519.0
1108992,,NLPConcatHeadsDecodeDeviceOperation,12,9519.0
466944,,NLPConcatHeadsDecodeDeviceOperation,12,9516.0
1210368,,NLPConcatHeadsDecodeDeviceOperation,12,9514.0
1176576,,NLPConcatHeadsDecodeDeviceOperation,12,9512.0
534528,,NLPConcatHeadsDecodeDeviceOperation,12,9511.0
399360,,NLPConcatHeadsDecodeDeviceOperation,12,9507.0
838656,,NLPConcatHeadsDecodeDeviceOperation,12,9506.0
1075200,,NLPConcatHeadsDecodeDeviceOperation,12,9505.0
297984,,NLPConcatHeadsDecodeDeviceOperation,12,9503.0
1142784,,NLPConcatHeadsDecodeDeviceOperation,12,9503.0
433152,,NLPConcatHeadsDecodeDeviceOperation,12,9502.0
331776,,NLPConcatHeadsDecodeDeviceOperation,12,9499.0
940032,,NLPConcatHeadsDecodeDeviceOperation,12,9492.0
635904,,NLPConcatHeadsDecodeDeviceOperation,12,9486.0
737280,,NLPConcatHeadsDecodeDeviceOperation,12,9484.0
568320,,NLPConcatHeadsDecodeDeviceOperation,12,9468.0
1287168,1,FillPadDeviceOperation,64,9455.0
290816,,FillPadDeviceOperation,64,9363.0
1835008,1,NLPConcatHeadsDecodeDeviceOperation,12,9214.0
1024,,TilizeWithValPaddingDeviceOperation,48,9202.0
1767424,1,NLPConcatHeadsDecodeDeviceOperation,12,9179.0
1699840,1,NLPConcatHeadsDecodeDeviceOperation,12,9096.0
2037760,1,NLPConcatHeadsDecodeDeviceOperation,12,9038.0
2003968,1,NLPConcatHeadsDecodeDeviceOperation,12,8989.0
1632256,1,NLPConcatHeadsDecodeDeviceOperation,12,8968.0
1463296,1,NLPConcatHeadsDecodeDeviceOperation,12,8952.0
292864,,BinaryNgDeviceOperation,64,8937.0
1429504,1,NLPConcatHeadsDecodeDeviceOperation,12,8933.0
1801216,1,NLPConcatHeadsDecodeDeviceOperation,12,8874.0
1936384,1,NLPConcatHeadsDecodeDeviceOperation,12,8833.0
116736,,TilizeWithValPaddingDeviceOperation,48,8737.0
1902592,1,NLPConcatHeadsDecodeDeviceOperation,12,8709.0
1666048,1,NLPConcatHeadsDecodeDeviceOperation,12,8701.0
2206720,1,NLPConcatHeadsDecodeDeviceOperation,12,8697.0
1970176,1,NLPConcatHeadsDecodeDeviceOperation,12,8680.0
1328128,1,NLPConcatHeadsDecodeDeviceOperation,12,8679.0
86016,,TilizeWithValPaddingDeviceOperation,48,8676.0
1530880,1,NLPConcatHeadsDecodeDeviceOperation,12,8668.0
1361920,1,NLPConcatHeadsDecodeDeviceOperation,12,8667.0
2071552,1,NLPConcatHeadsDecodeDeviceOperation,12,8646.0
1395712,1,NLPConcatHeadsDecodeDeviceOperation,12,8641.0
2139136,1,NLPConcatHeadsDecodeDeviceOperation,12,8620.0
1294336,1,NLPConcatHeadsDecodeDeviceOperation,12,8617.0
1497088,1,NLPConcatHeadsDecodeDeviceOperation,12,8613.0
1733632,1,NLPConcatHeadsDecodeDeviceOperation,12,8573.0
92160,,TilizeWithValPaddingDeviceOperation,48,8565.0
1598464,1,NLPConcatHeadsDecodeDeviceOperation,12,8565.0
1564672,1,NLPConcatHeadsDecodeDeviceOperation,12,8562.0
1868800,1,NLPConcatHeadsDecodeDeviceOperation,12,8560.0
173056,,TilizeWithValPaddingDeviceOperation,48,8552.0
2105344,1,NLPConcatHeadsDecodeDeviceOperation,12,8552.0
2172928,1,NLPConcatHeadsDecodeDeviceOperation,12,8534.0
104448,,TilizeWithValPaddingDeviceOperation,48,8514.0
56320,,TilizeWithValPaddingDeviceOperation,48,8508.0
122880,,TilizeWithValPaddingDeviceOperation,48,8505.0
25600,,TilizeWithValPaddingDeviceOperation,48,8490.0
142336,,TilizeWithValPaddingDeviceOperation,48,8482.0
154624,,TilizeWithValPaddingDeviceOperation,48,8481.0
147456,,TilizeWithValPaddingDeviceOperation,48,8480.0
37888,,TilizeWithValPaddingDeviceOperation,48,8479.0
7168,,TilizeWithValPaddingDeviceOperation,48,8477.0
172032,,TilizeWithValPaddingDeviceOperation,48,8473.0
153600,,TilizeWithValPaddingDeviceOperation,48,8467.0
105472,,TilizeWithValPaddingDeviceOperation,48,8465.0
99328,,TilizeWithValPaddingDeviceOperation,48,8464.0
24576,,TilizeWithValPaddingDeviceOperation,48,8458.0
135168,,TilizeWithValPaddingDeviceOperation,48,8457.0
43008,,TilizeWithValPaddingDeviceOperation,48,8455.0
129024,,TilizeWithValPaddingDeviceOperation,48,8454.0
36864,,TilizeWithValPaddingDeviceOperation,48,8452.0
160768,,TilizeWithValPaddingDeviceOperation,48,8448.0
13312,,TilizeWithValPaddingDeviceOperation,48,8439.0
55296,,TilizeWithValPaddingDeviceOperation,48,8429.0
62464,,TilizeWithValPaddingDeviceOperation,48,8418.0
123904,,TilizeWithValPaddingDeviceOperation,48,8415.0
141312,,TilizeWithValPaddingDeviceOperation,48,8409.0
49152,,TilizeWithValPaddingDeviceOperation,48,8401.0
31744,,TilizeWithValPaddingDeviceOperation,48,8396.0
110592,,TilizeWithValPaddingDeviceOperation,48,8377.0
68608,,TilizeWithValPaddingDeviceOperation,48,8372.0
50176,,TilizeWithValPaddingDeviceOperation,48,8369.0
74752,,TilizeWithValPaddingDeviceOperation,48,8365.0
18432,,TilizeWithValPaddingDeviceOperation,48,8354.0
79872,,TilizeWithValPaddingDeviceOperation,48,8350.0
93184,,TilizeWithValPaddingDeviceOperation,48,8348.0
159744,,TilizeWithValPaddingDeviceOperation,48,8341.0
30720,,TilizeWithValPaddingDeviceOperation,48,8340.0
61440,,TilizeWithValPaddingDeviceOperation,48,8332.0
73728,,TilizeWithValPaddingDeviceOperation,48,8327.0
44032,,TilizeWithValPaddingDeviceOperation,48,8315.0
117760,,TilizeWithValPaddingDeviceOperation,48,8306.0
80896,,TilizeWithValPaddingDeviceOperation,48,8274.0
148480,,TilizeWithValPaddingDeviceOperation,48,8271.0
67584,,TilizeWithValPaddingDeviceOperation,48,8262.0
87040,,TilizeWithValPaddingDeviceOperation,48,8256.0
98304,,TilizeWithValPaddingDeviceOperation,48,8255.0
6144,,TilizeWithValPaddingDeviceOperation,48,8245.0
130048,,TilizeWithValPaddingDeviceOperation,48,8244.0
166912,,TilizeWithValPaddingDeviceOperation,48,8232.0
19456,,TilizeWithValPaddingDeviceOperation,48,8227.0
165888,,TilizeWithValPaddingDeviceOperation,48,8224.0
136192,,TilizeWithValPaddingDeviceOperation,48,8195.0
12288,,TilizeWithValPaddingDeviceOperation,48,8168.0
111616,,TilizeWithValPaddingDeviceOperation,48,8087.0
1289216,1,BinaryNgDeviceOperation,64,7503.0
1230848,1,TilizeWithValPaddingDeviceOperation,1,6646.0
231424,,TilizeWithValPaddingDeviceOperation,1,6636.0
1247232,1,TilizeWithValPaddingDeviceOperation,1,6634.0
1227776,1,TilizeWithValPaddingDeviceOperation,1,6569.0
1138688,,InterleavedToShardedDeviceOperation,64,6535.0
250880,,TilizeWithValPaddingDeviceOperation,1,6505.0
1459200,1,InterleavedToShardedDeviceOperation,64,6504.0
234496,,TilizeWithValPaddingDeviceOperation,1,6484.0
2101248,1,InterleavedToShardedDeviceOperation,64,6473.0
493568,,CopyDeviceOperation,64,6466.0
267264,,TilizeWithValPaddingDeviceOperation,1,6436.0
902144,,InterleavedToShardedDeviceOperation,64,6347.0
665600,,InterleavedToShardedDeviceOperation,64,6329.0
800768,,InterleavedToShardedDeviceOperation,64,6326.0
1263616,1,TilizeWithValPaddingDeviceOperation,1,6323.0
1071104,,InterleavedToShardedDeviceOperation,64,6286.0
496640,,InterleavedToShardedDeviceOperation,64,6285.0
598016,,InterleavedToShardedDeviceOperation,64,6283.0
1172480,,InterleavedToShardedDeviceOperation,64,6282.0
564224,,InterleavedToShardedDeviceOperation,64,6245.0
932864,,CopyDeviceOperation,64,6229.0
1003520,,InterleavedToShardedDeviceOperation,64,6209.0
1039360,,TypecastDeviceOperation,64,6207.0
1037312,,InterleavedToShardedDeviceOperation,64,6205.0
1208320,,TypecastDeviceOperation,64,6187.0
327680,,InterleavedToShardedDeviceOperation,64,6177.0
699392,,InterleavedToShardedDeviceOperation,64,6162.0
361472,,InterleavedToShardedDeviceOperation,64,6150.0
1203200,,CopyDeviceOperation,64,6150.0
1000448,,CopyDeviceOperation,64,6149.0
766976,,InterleavedToShardedDeviceOperation,64,6136.0
1104896,,InterleavedToShardedDeviceOperation,64,6128.0
1594368,1,InterleavedToShardedDeviceOperation,64,6108.0
2199552,1,CopyDeviceOperation,64,6107.0
831488,,CopyDeviceOperation,64,6092.0
2067456,1,InterleavedToShardedDeviceOperation,64,6087.0
1357824,1,InterleavedToShardedDeviceOperation,64,6084.0
834560,,InterleavedToShardedDeviceOperation,64,6069.0
1388544,1,CopyDeviceOperation,64,6064.0
1206272,,InterleavedToShardedDeviceOperation,64,6063.0
1523712,1,CopyDeviceOperation,64,6058.0
1456128,1,CopyDeviceOperation,64,6051.0
293888,,InterleavedToShardedDeviceOperation,64,6045.0
1861632,1,CopyDeviceOperation,64,6042.0
935936,,InterleavedToShardedDeviceOperation,64,6039.0
1326080,1,TypecastDeviceOperation,64,6030.0
459776,,CopyDeviceOperation,64,6019.0
969728,,InterleavedToShardedDeviceOperation,64,6019.0
2202624,1,InterleavedToShardedDeviceOperation,64,6018.0
631808,,InterleavedToShardedDeviceOperation,64,6012.0
1695744,1,InterleavedToShardedDeviceOperation,64,6008.0
1898496,1,InterleavedToShardedDeviceOperation,64,6007.0
733184,,InterleavedToShardedDeviceOperation,64,5996.0
1106944,,TypecastDeviceOperation,64,5991.0
1996800,1,CopyDeviceOperation,64,5982.0
1999872,1,InterleavedToShardedDeviceOperation,64,5968.0
870400,,TypecastDeviceOperation,64,5967.0
1391616,1,InterleavedToShardedDeviceOperation,64,5966.0
530432,,InterleavedToShardedDeviceOperation,64,5964.0
730112,,CopyDeviceOperation,64,5958.0
696320,,CopyDeviceOperation,64,5946.0
600064,,TypecastDeviceOperation,64,5943.0
498688,,TypecastDeviceOperation,64,5934.0
462848,,InterleavedToShardedDeviceOperation,64,5930.0
735232,,TypecastDeviceOperation,64,5927.0
769024,,TypecastDeviceOperation,64,5924.0
1661952,1,InterleavedToShardedDeviceOperation,64,5920.0
1073152,,TypecastDeviceOperation,64,5908.0
392192,,CopyDeviceOperation,64,5899.0
763904,,CopyDeviceOperation,64,5896.0
431104,,TypecastDeviceOperation,64,5889.0
1425408,1,InterleavedToShardedDeviceOperation,64,5888.0
329728,,TypecastDeviceOperation,64,5885.0
594944,,CopyDeviceOperation,64,5884.0
971776,,TypecastDeviceOperation,64,5869.0
1495040,1,TypecastDeviceOperation,64,5867.0
2135040,1,InterleavedToShardedDeviceOperation,64,5867.0
532480,,TypecastDeviceOperation,64,5865.0
701440,,TypecastDeviceOperation,64,5865.0
1068032,,CopyDeviceOperation,64,5861.0
527360,,CopyDeviceOperation,64,5860.0
633856,,TypecastDeviceOperation,64,5856.0
295936,,TypecastDeviceOperation,64,5851.0
358400,,CopyDeviceOperation,64,5850.0
1283072,1,CopyDeviceOperation,64,5848.0
1140736,,TypecastDeviceOperation,64,5847.0
1359872,1,TypecastDeviceOperation,64,5847.0
1929216,1,CopyDeviceOperation,64,5845.0
363520,,TypecastDeviceOperation,64,5841.0
836608,,TypecastDeviceOperation,64,5840.0
937984,,TypecastDeviceOperation,64,5839.0
1005568,,TypecastDeviceOperation,64,5839.0
1526784,1,InterleavedToShardedDeviceOperation,64,5835.0
397312,,TypecastDeviceOperation,64,5828.0
1763328,1,InterleavedToShardedDeviceOperation,64,5820.0
1427456,1,TypecastDeviceOperation,64,5819.0
904192,,TypecastDeviceOperation,64,5818.0
2001920,1,TypecastDeviceOperation,64,5811.0
667648,,TypecastDeviceOperation,64,5807.0
865280,,CopyDeviceOperation,64,5807.0
1560576,1,InterleavedToShardedDeviceOperation,64,5802.0
1596416,1,TypecastDeviceOperation,64,5801.0
464896,,TypecastDeviceOperation,64,5797.0
802816,,TypecastDeviceOperation,64,5778.0
1461248,1,TypecastDeviceOperation,64,5777.0
1174528,,TypecastDeviceOperation,64,5773.0
2069504,1,TypecastDeviceOperation,64,5769.0
1729536,1,InterleavedToShardedDeviceOperation,64,5767.0
868352,,InterleavedToShardedDeviceOperation,64,5766.0
2030592,1,CopyDeviceOperation,64,5760.0
1864704,1,InterleavedToShardedDeviceOperation,64,5755.0
2033664,1,InterleavedToShardedDeviceOperation,64,5754.0
2103296,1,TypecastDeviceOperation,64,5740.0
566272,,TypecastDeviceOperation,64,5739.0
1630208,1,TypecastDeviceOperation,64,5738.0
1276928,1,UntilizeWithUnpaddingDeviceOperation,32,5736.0
1393664,1,TypecastDeviceOperation,64,5733.0
429056,,InterleavedToShardedDeviceOperation,64,5726.0
899072,,CopyDeviceOperation,64,5724.0
1628160,1,InterleavedToShardedDeviceOperation,64,5713.0
1101824,,CopyDeviceOperation,64,5712.0
1169408,,CopyDeviceOperation,64,5711.0
395264,,InterleavedToShardedDeviceOperation,64,5700.0
1832960,1,TypecastDeviceOperation,64,5694.0
2165760,1,CopyDeviceOperation,64,5694.0
1830912,1,InterleavedToShardedDeviceOperation,64,5679.0
1932288,1,InterleavedToShardedDeviceOperation,64,5675.0
2170880,1,TypecastDeviceOperation,64,5669.0
1966080,1,InterleavedToShardedDeviceOperation,64,5667.0
628736,,CopyDeviceOperation,64,5659.0
1422336,1,CopyDeviceOperation,64,5658.0
1658880,1,CopyDeviceOperation,64,5632.0
1731584,1,TypecastDeviceOperation,64,5630.0
1290240,1,InterleavedToShardedDeviceOperation,64,5629.0
1135616,,CopyDeviceOperation,64,5613.0
1968128,1,TypecastDeviceOperation,64,5611.0
1292288,1,TypecastDeviceOperation,64,5605.0
2035712,1,TypecastDeviceOperation,64,5598.0
1934336,1,TypecastDeviceOperation,64,5597.0
2131968,1,CopyDeviceOperation,64,5596.0
1799168,1,TypecastDeviceOperation,64,5586.0
1895424,1,CopyDeviceOperation,64,5586.0
2204672,1,TypecastDeviceOperation,64,5579.0
1760256,1,CopyDeviceOperation,64,5576.0
1797120,1,InterleavedToShardedDeviceOperation,64,5576.0
1765376,1,TypecastDeviceOperation,64,5575.0
662528,,CopyDeviceOperation,64,5572.0
2137088,1,TypecastDeviceOperation,64,5565.0
1664000,1,TypecastDeviceOperation,64,5559.0
1324032,1,InterleavedToShardedDeviceOperation,64,5549.0
797696,,CopyDeviceOperation,64,5533.0
324608,,CopyDeviceOperation,64,5530.0
1866752,1,TypecastDeviceOperation,64,5528.0
1900544,1,TypecastDeviceOperation,64,5528.0
1492992,1,InterleavedToShardedDeviceOperation,64,5512.0
1562624,1,TypecastDeviceOperation,64,5512.0
1697792,1,TypecastDeviceOperation,64,5508.0
425984,,CopyDeviceOperation,64,5495.0
1528832,1,TypecastDeviceOperation,64,5495.0
966656,,CopyDeviceOperation,64,5480.0
1963008,1,CopyDeviceOperation,64,5474.0
1557504,1,CopyDeviceOperation,64,5466.0
291840,,ReduceDeviceOperation,32,5453.0
1354752,1,CopyDeviceOperation,64,5447.0
286720,,CopyDeviceOperation,64,5426.0
1726464,1,CopyDeviceOperation,64,5414.0
2168832,1,InterleavedToShardedDeviceOperation,64,5402.0
1034240,,CopyDeviceOperation,64,5385.0
280576,,UntilizeWithUnpaddingDeviceOperation,32,5383.0
1794048,1,CopyDeviceOperation,64,5345.0
2098176,1,CopyDeviceOperation,64,5315.0
1827840,1,CopyDeviceOperation,64,5275.0
1591296,1,CopyDeviceOperation,64,5255.0
561152,,CopyDeviceOperation,64,5253.0
1625088,1,CopyDeviceOperation,64,5250.0
275456,,TypecastDeviceOperation,64,5162.0
1288192,1,ReduceDeviceOperation,32,5160.0
284672,,TypecastDeviceOperation,64,5146.0
1692672,1,CopyDeviceOperation,64,5122.0
1320960,1,CopyDeviceOperation,64,5068.0
1271808,1,TypecastDeviceOperation,64,5047.0
2064384,1,CopyDeviceOperation,64,4954.0
1281024,1,TypecastDeviceOperation,64,4759.0
1489920,1,CopyDeviceOperation,64,4670.0
509952,,ReshardDeviceOperation,45,4445.0
2159616,1,SliceDeviceOperation,64,4416.0
1274880,1,SliceDeviceOperation,64,4403.0
1607680,1,ReshardDeviceOperation,45,4396.0
847872,,ReshardDeviceOperation,45,4379.0
746496,,ReshardDeviceOperation,45,4370.0
1878016,1,ReshardDeviceOperation,45,4330.0
1810432,1,ReshardDeviceOperation,45,4318.0
881664,,ReshardDeviceOperation,45,4310.0
1979392,1,ReshardDeviceOperation,45,4278.0
1404928,1,ReshardDeviceOperation,45,4276.0
1709056,1,ReshardDeviceOperation,45,4231.0
2046976,1,ReshardDeviceOperation,45,4230.0
2013184,1,ReshardDeviceOperation,45,4220.0
1506304,1,ReshardDeviceOperation,45,4212.0
1911808,1,ReshardDeviceOperation,45,4191.0
2114560,1,ReshardDeviceOperation,45,4190.0
577536,,ReshardDeviceOperation,45,4184.0
1016832,,ReshardDeviceOperation,45,4183.0
1540096,1,ReshardDeviceOperation,45,4182.0
2080768,1,ReshardDeviceOperation,45,4181.0
543744,,ReshardDeviceOperation,45,4174.0
1573888,1,ReshardDeviceOperation,45,4169.0
1472512,1,ReshardDeviceOperation,45,4139.0
1219584,,ReshardDeviceOperation,45,4134.0
555008,,SliceDeviceOperation,64,4132.0
442368,,ReshardDeviceOperation,45,4130.0
1641472,1,ReshardDeviceOperation,45,4126.0
1185792,,ReshardDeviceOperation,45,4122.0
2148352,1,ReshardDeviceOperation,45,4108.0
1889280,1,SliceDeviceOperation,64,4100.0
814080,,ReshardDeviceOperation,45,4094.0
915456,,ReshardDeviceOperation,45,4092.0
983040,,ReshardDeviceOperation,45,4091.0
374784,,ReshardDeviceOperation,45,4090.0
1152000,,ReshardDeviceOperation,45,4090.0
340992,,ReshardDeviceOperation,45,4087.0
453632,,SliceDeviceOperation,64,4087.0
1118208,,ReshardDeviceOperation,45,4085.0
1438720,1,ReshardDeviceOperation,45,4084.0
476160,,ReshardDeviceOperation,45,4082.0
1618944,1,SliceDeviceOperation,64,4082.0
1050624,,ReshardDeviceOperation,45,4079.0
825344,,SliceDeviceOperation,64,4074.0
458752,,SliceDeviceOperation,64,4061.0
1371136,1,ReshardDeviceOperation,45,4054.0
830464,,SliceDeviceOperation,64,4047.0
2182144,1,ReshardDeviceOperation,45,4038.0
1945600,1,ReshardDeviceOperation,45,4033.0
526336,,SliceDeviceOperation,64,4024.0
1061888,,SliceDeviceOperation,64,4024.0
1742848,1,ReshardDeviceOperation,45,4024.0
1776640,1,ReshardDeviceOperation,45,4024.0
2215936,1,ReshardDeviceOperation,45,4017.0
588800,,SliceDeviceOperation,64,3975.0
1675264,1,ReshardDeviceOperation,45,3974.0
712704,,ReshardDeviceOperation,45,3972.0
1303552,1,ReshardDeviceOperation,45,3963.0
1337344,1,ReshardDeviceOperation,45,3956.0
1084416,,ReshardDeviceOperation,45,3955.0
678912,,ReshardDeviceOperation,45,3954.0
611328,,ReshardDeviceOperation,45,3947.0
1720320,1,SliceDeviceOperation,64,3945.0
307200,,ReshardDeviceOperation,45,3927.0
780288,,ReshardDeviceOperation,45,3920.0
949248,,ReshardDeviceOperation,45,3919.0
1314816,1,SliceDeviceOperation,64,3917.0
408576,,ReshardDeviceOperation,45,3909.0
1134592,,SliceDeviceOperation,64,3900.0
2024448,1,SliceDeviceOperation,64,3888.0
1095680,,SliceDeviceOperation,64,3880.0
723968,,SliceDeviceOperation,64,3876.0
424960,,SliceDeviceOperation,64,3872.0
1260544,1,SliceDeviceOperation,64,3871.0
1488896,1,SliceDeviceOperation,64,3870.0
1844224,1,ReshardDeviceOperation,45,3859.0
1202176,,SliceDeviceOperation,64,3849.0
864256,,SliceDeviceOperation,64,3843.0
278528,,SliceDeviceOperation,64,3836.0
1754112,1,SliceDeviceOperation,64,3834.0
645120,,ReshardDeviceOperation,45,3830.0
796672,,SliceDeviceOperation,64,3826.0
795648,,ShardedToInterleavedDeviceOperation,32,3823.0
1100800,,SliceDeviceOperation,64,3816.0
695296,,SliceDeviceOperation,64,3808.0
1517568,1,SliceDeviceOperation,64,3790.0
926720,,SliceDeviceOperation,64,3778.0
487424,,SliceDeviceOperation,64,3768.0
925696,,ShardedToInterleavedDeviceOperation,32,3768.0
1725440,1,SliceDeviceOperation,64,3758.0
2058240,1,SliceDeviceOperation,64,3758.0
1197056,,SliceDeviceOperation,64,3751.0
690176,,SliceDeviceOperation,64,3749.0
1928192,1,SliceDeviceOperation,64,3746.0
1286144,1,ShardedToInterleavedDeviceOperation,32,3739.0
1855488,1,SliceDeviceOperation,64,3738.0
1522688,1,SliceDeviceOperation,64,3734.0
656384,,SliceDeviceOperation,64,3733.0
521216,,SliceDeviceOperation,64,3725.0
1163264,,SliceDeviceOperation,64,3715.0
994304,,SliceDeviceOperation,64,3704.0
2063360,1,SliceDeviceOperation,64,3704.0
729088,,SliceDeviceOperation,64,3701.0
2164736,1,SliceDeviceOperation,64,3700.0
897024,,ShardedToInterleavedDeviceOperation,32,3693.0
386048,,SliceDeviceOperation,64,3689.0
622592,,SliceDeviceOperation,64,3689.0
757760,,SliceDeviceOperation,64,3686.0
251904,,BinaryNgDeviceOperation,64,3680.0
898048,,SliceDeviceOperation,64,3679.0
960512,,SliceDeviceOperation,64,3678.0
593920,,SliceDeviceOperation,64,3675.0
277504,,ShardedToInterleavedDeviceOperation,32,3670.0
1033216,,SliceDeviceOperation,64,3661.0
323584,,SliceDeviceOperation,64,3656.0
791552,,SliceDeviceOperation,64,3655.0
560128,,SliceDeviceOperation,64,3644.0
999424,,SliceDeviceOperation,64,3644.0
1420288,1,ShardedToInterleavedDeviceOperation,32,3639.0
660480,,ShardedToInterleavedDeviceOperation,32,3637.0
858112,,ShardedToInterleavedDeviceOperation,32,3629.0
1990656,1,SliceDeviceOperation,64,3621.0
1860608,1,SliceDeviceOperation,64,3619.0
1585152,1,SliceDeviceOperation,64,3608.0
268288,,BinaryNgDeviceOperation,64,3607.0
1556480,1,SliceDeviceOperation,64,3606.0
2092032,1,SliceDeviceOperation,64,3605.0
1416192,1,SliceDeviceOperation,64,3602.0
351232,,ShardedToInterleavedDeviceOperation,32,3599.0
357376,,SliceDeviceOperation,64,3598.0
1449984,1,SliceDeviceOperation,64,3594.0
892928,,SliceDeviceOperation,64,3593.0
1652736,1,SliceDeviceOperation,64,3583.0
1455104,1,SliceDeviceOperation,64,3582.0
661504,,SliceDeviceOperation,64,3575.0
762880,,SliceDeviceOperation,64,3574.0
998400,,ShardedToInterleavedDeviceOperation,32,3573.0
1196032,,ShardedToInterleavedDeviceOperation,32,3571.0
352256,,SliceDeviceOperation,64,3570.0
1129472,,SliceDeviceOperation,64,3568.0
2125824,1,SliceDeviceOperation,64,3564.0
1894400,1,SliceDeviceOperation,64,3563.0
756736,,ShardedToInterleavedDeviceOperation,32,3555.0
863232,,ShardedToInterleavedDeviceOperation,32,3551.0
931840,,SliceDeviceOperation,64,3549.0
1168384,,SliceDeviceOperation,64,3547.0
1995776,1,SliceDeviceOperation,64,3545.0
891904,,ShardedToInterleavedDeviceOperation,32,3542.0
930816,,ShardedToInterleavedDeviceOperation,32,3541.0
1923072,1,SliceDeviceOperation,64,3537.0
419840,,SliceDeviceOperation,64,3536.0
959488,,ShardedToInterleavedDeviceOperation,32,3532.0
1487872,1,ShardedToInterleavedDeviceOperation,32,3532.0
1028096,,SliceDeviceOperation,64,3527.0
761856,,ShardedToInterleavedDeviceOperation,32,3526.0
1353728,1,SliceDeviceOperation,64,3526.0
1822720,1,InterleavedToShardedDeviceOperation,32,3520.0
2091008,1,ShardedToInterleavedDeviceOperation,32,3514.0
1957888,1,InterleavedToShardedDeviceOperation,32,3512.0
1264640,1,BinaryNgDeviceOperation,64,3511.0
423936,,ShardedToInterleavedDeviceOperation,32,3509.0
391168,,SliceDeviceOperation,64,3507.0
1624064,1,SliceDeviceOperation,64,3507.0
1555456,1,ShardedToInterleavedDeviceOperation,32,3505.0
1956864,1,SliceDeviceOperation,64,3504.0
390144,,ShardedToInterleavedDeviceOperation,32,3501.0
1787904,1,SliceDeviceOperation,64,3500.0
993280,,ShardedToInterleavedDeviceOperation,32,3496.0
1167360,,ShardedToInterleavedDeviceOperation,32,3495.0
1483776,1,SliceDeviceOperation,64,3493.0
1319936,1,SliceDeviceOperation,64,3492.0
2163712,1,ShardedToInterleavedDeviceOperation,32,3487.0
728064,,ShardedToInterleavedDeviceOperation,32,3486.0
296960,,ReshardDeviceOperation,32,3484.0
1821696,1,SliceDeviceOperation,64,3484.0
1552384,1,InterleavedToShardedDeviceOperation,32,3479.0
289792,,ShardedToInterleavedDeviceOperation,32,3476.0
385024,,ShardedToInterleavedDeviceOperation,32,3471.0
1313792,1,ShardedToInterleavedDeviceOperation,32,3471.0
829440,,ShardedToInterleavedDeviceOperation,32,3467.0
452608,,ShardedToInterleavedDeviceOperation,32,3463.0
263168,,ShardedToInterleavedDeviceOperation,32,3461.0
859136,,SliceDeviceOperation,64,3460.0
492544,,SliceDeviceOperation,64,3459.0
1590272,1,SliceDeviceOperation,64,3459.0
2097152,1,SliceDeviceOperation,64,3459.0
1961984,1,SliceDeviceOperation,64,3458.0
1099776,,ShardedToInterleavedDeviceOperation,32,3456.0
1724416,1,ShardedToInterleavedDeviceOperation,32,3454.0
1421312,1,SliceDeviceOperation,64,3446.0
1826816,1,SliceDeviceOperation,64,3446.0
1348608,1,SliceDeviceOperation,64,3436.0
356352,,ShardedToInterleavedDeviceOperation,32,3434.0
964608,,ShardedToInterleavedDeviceOperation,32,3432.0
318464,,SliceDeviceOperation,64,3431.0
621568,,ShardedToInterleavedDeviceOperation,32,3431.0
264192,,SliceDeviceOperation,64,3430.0
1551360,1,SliceDeviceOperation,64,3424.0
486400,,ShardedToInterleavedDeviceOperation,32,3423.0
2198528,1,SliceDeviceOperation,64,3415.0
418816,,ShardedToInterleavedDeviceOperation,32,3414.0
790528,,ShardedToInterleavedDeviceOperation,32,3413.0
722944,,ShardedToInterleavedDeviceOperation,32,3408.0
559104,,ShardedToInterleavedDeviceOperation,32,3407.0
317440,,ShardedToInterleavedDeviceOperation,32,3405.0
627712,,SliceDeviceOperation,64,3403.0
1657856,1,SliceDeviceOperation,64,3403.0
2029568,1,SliceDeviceOperation,64,3403.0
965632,,SliceDeviceOperation,64,3399.0
1656832,1,ShardedToInterleavedDeviceOperation,32,3399.0
824320,,ShardedToInterleavedDeviceOperation,32,3392.0
1027072,,ShardedToInterleavedDeviceOperation,32,3391.0
491520,,ShardedToInterleavedDeviceOperation,32,3389.0
1382400,1,SliceDeviceOperation,64,3387.0
1793024,1,SliceDeviceOperation,64,3384.0
1686528,1,SliceDeviceOperation,64,3383.0
1065984,,ShardedToInterleavedDeviceOperation,32,3381.0
279552,,ShardedToInterleavedDeviceOperation,32,3374.0
601088,,ReshardDeviceOperation,32,3374.0
1298432,1,BinaryNgDeviceOperation,64,3374.0
837632,,ReshardDeviceOperation,32,3373.0
322560,,ShardedToInterleavedDeviceOperation,32,3367.0
1032192,,ShardedToInterleavedDeviceOperation,32,3365.0
283648,,InterleavedToShardedDeviceOperation,32,3364.0
587776,,ShardedToInterleavedDeviceOperation,32,3359.0
525312,,ShardedToInterleavedDeviceOperation,32,3357.0
553984,,ShardedToInterleavedDeviceOperation,32,3357.0
592896,,ShardedToInterleavedDeviceOperation,32,3357.0
1201152,,ShardedToInterleavedDeviceOperation,32,3357.0
2193408,1,SliceDeviceOperation,64,3357.0
1691648,1,SliceDeviceOperation,64,3355.0
1758208,1,ShardedToInterleavedDeviceOperation,32,3355.0
364544,,ReshardDeviceOperation,32,3347.0
457728,,ShardedToInterleavedDeviceOperation,32,3341.0
567296,,ReshardDeviceOperation,32,3341.0
2130944,1,SliceDeviceOperation,64,3341.0
1387520,1,SliceDeviceOperation,64,3337.0
1067008,,SliceDeviceOperation,64,3333.0
1927168,1,ShardedToInterleavedDeviceOperation,32,3323.0
2028544,1,ShardedToInterleavedDeviceOperation,32,3323.0
803840,,ReshardDeviceOperation,32,3319.0
1141760,,ReshardDeviceOperation,32,3317.0
302080,,BinaryNgDeviceOperation,64,3306.0
871424,,ReshardDeviceOperation,32,3302.0
2096128,1,ShardedToInterleavedDeviceOperation,32,3301.0
1381376,1,ShardedToInterleavedDeviceOperation,32,3300.0
694272,,ShardedToInterleavedDeviceOperation,32,3293.0
1128448,,ShardedToInterleavedDeviceOperation,32,3293.0
1094656,,ShardedToInterleavedDeviceOperation,32,3292.0
520192,,ShardedToInterleavedDeviceOperation,32,3287.0
770048,,ReshardDeviceOperation,32,3284.0
1690624,1,ShardedToInterleavedDeviceOperation,32,3278.0
1133568,,ShardedToInterleavedDeviceOperation,32,3277.0
1273856,1,ShardedToInterleavedDeviceOperation,32,3263.0
689152,,ShardedToInterleavedDeviceOperation,32,3244.0
1687552,1,InterleavedToShardedDeviceOperation,32,3234.0
1589248,1,ShardedToInterleavedDeviceOperation,32,3232.0
626688,,ShardedToInterleavedDeviceOperation,32,3230.0
1074176,,ReshardDeviceOperation,32,3230.0
1759232,1,SliceDeviceOperation,64,3228.0
1060864,,ShardedToInterleavedDeviceOperation,32,3216.0
1482752,1,ShardedToInterleavedDeviceOperation,32,3215.0
1719296,1,ShardedToInterleavedDeviceOperation,32,3211.0
1248256,1,BinaryNgDeviceOperation,64,3210.0
1792000,1,ShardedToInterleavedDeviceOperation,32,3201.0
1175552,,ReshardDeviceOperation,32,3195.0
1318912,1,ShardedToInterleavedDeviceOperation,32,3192.0
736256,,ReshardDeviceOperation,32,3190.0
1623040,1,ShardedToInterleavedDeviceOperation,32,3183.0
1685504,1,ShardedToInterleavedDeviceOperation,32,3183.0
655360,,ShardedToInterleavedDeviceOperation,32,3173.0
1040384,,ReshardDeviceOperation,32,3173.0
1347584,1,ShardedToInterleavedDeviceOperation,32,3171.0
2023424,1,ShardedToInterleavedDeviceOperation,32,3167.0
1496064,1,ReshardDeviceOperation,32,3165.0
533504,,ReshardDeviceOperation,32,3157.0
330752,,ReshardDeviceOperation,32,3155.0
398336,,ReshardDeviceOperation,32,3151.0
1859584,1,ShardedToInterleavedDeviceOperation,32,3146.0
1888256,1,ShardedToInterleavedDeviceOperation,32,3145.0
1162240,,ShardedToInterleavedDeviceOperation,32,3135.0
1651712,1,ShardedToInterleavedDeviceOperation,32,3118.0
1960960,1,ShardedToInterleavedDeviceOperation,32,3115.0
1753088,1,ShardedToInterleavedDeviceOperation,32,3111.0
1280000,1,InterleavedToShardedDeviceOperation,32,3105.0
2197504,1,ShardedToInterleavedDeviceOperation,32,3103.0
1989632,1,ShardedToInterleavedDeviceOperation,32,3096.0
1352704,1,ShardedToInterleavedDeviceOperation,32,3079.0
2057216,1,ShardedToInterleavedDeviceOperation,32,3079.0
499712,,ReshardDeviceOperation,32,3078.0
1820672,1,ShardedToInterleavedDeviceOperation,32,3078.0
2093056,1,InterleavedToShardedDeviceOperation,32,3063.0
905216,,ReshardDeviceOperation,32,3055.0
668672,,ReshardDeviceOperation,32,3053.0
972800,,ReshardDeviceOperation,32,3053.0
702464,,ReshardDeviceOperation,32,3042.0
1786880,1,ShardedToInterleavedDeviceOperation,32,3042.0
465920,,ReshardDeviceOperation,32,3037.0
1893376,1,ShardedToInterleavedDeviceOperation,32,3018.0
1006592,,ReshardDeviceOperation,32,3011.0
1293312,1,ReshardDeviceOperation,32,3007.0
1386496,1,ShardedToInterleavedDeviceOperation,32,2996.0
2192384,1,ShardedToInterleavedDeviceOperation,32,2995.0
1550336,1,ShardedToInterleavedDeviceOperation,32,2990.0
1107968,,ReshardDeviceOperation,32,2987.0
1209344,,ReshardDeviceOperation,32,2982.0
432128,,ReshardDeviceOperation,32,2979.0
1521664,1,ShardedToInterleavedDeviceOperation,32,2976.0
939008,,ReshardDeviceOperation,32,2973.0
1315840,1,InterleavedToShardedDeviceOperation,32,2961.0
2062336,1,ShardedToInterleavedDeviceOperation,32,2952.0
634880,,ReshardDeviceOperation,32,2945.0
1259520,1,ShardedToInterleavedDeviceOperation,32,2942.0
1584128,1,ShardedToInterleavedDeviceOperation,32,2942.0
623616,,InterleavedToShardedDeviceOperation,32,2938.0
1994752,1,ShardedToInterleavedDeviceOperation,32,2929.0
1454080,1,ShardedToInterleavedDeviceOperation,32,2923.0
1415168,1,ShardedToInterleavedDeviceOperation,32,2913.0
2158592,1,ShardedToInterleavedDeviceOperation,32,2913.0
2124800,1,ShardedToInterleavedDeviceOperation,32,2910.0
1854464,1,ShardedToInterleavedDeviceOperation,32,2884.0
1825792,1,ShardedToInterleavedDeviceOperation,32,2877.0
1904640,1,InterleavedToShardedDeviceOperation,8,2830.0
1617920,1,ShardedToInterleavedDeviceOperation,32,2828.0
2129920,1,ShardedToInterleavedDeviceOperation,32,2827.0
1955840,1,ShardedToInterleavedDeviceOperation,32,2825.0
1267712,1,UntilizeWithUnpaddingDeviceOperation,1,2817.0
1516544,1,ShardedToInterleavedDeviceOperation,32,2811.0
589824,,InterleavedToShardedDeviceOperation,32,2799.0
1096704,,InterleavedToShardedDeviceOperation,32,2773.0
1529856,1,ReshardDeviceOperation,32,2772.0
1668096,1,InterleavedToShardedDeviceOperation,8,2711.0
691200,,InterleavedToShardedDeviceOperation,32,2708.0
1462272,1,ReshardDeviceOperation,32,2702.0
927744,,InterleavedToShardedDeviceOperation,32,2698.0
1800192,1,ReshardDeviceOperation,32,2695.0
1228800,1,BinaryNgDeviceOperation,64,2675.0
1231872,1,BinaryNgDeviceOperation,64,2671.0
1275904,1,ShardedToInterleavedDeviceOperation,32,2668.0
2160640,1,InterleavedToShardedDeviceOperation,32,2666.0
1360896,1,ReshardDeviceOperation,32,2661.0
271360,,UntilizeWithUnpaddingDeviceOperation,1,2640.0
1062912,,InterleavedToShardedDeviceOperation,32,2629.0
488448,,InterleavedToShardedDeviceOperation,32,2621.0
1631232,1,ReshardDeviceOperation,32,2621.0
792576,,InterleavedToShardedDeviceOperation,32,2620.0
2208768,1,InterleavedToShardedDeviceOperation,8,2620.0
1867776,1,ReshardDeviceOperation,32,2618.0
232448,,BinaryNgDeviceOperation,64,2614.0
556032,,InterleavedToShardedDeviceOperation,32,2608.0
893952,,InterleavedToShardedDeviceOperation,32,2608.0
724992,,InterleavedToShardedDeviceOperation,32,2607.0
1901568,1,ReshardDeviceOperation,32,2603.0
758784,,InterleavedToShardedDeviceOperation,32,2601.0
1130496,,InterleavedToShardedDeviceOperation,32,2595.0
285696,,ShardedToInterleavedDeviceOperation,32,2587.0
1198080,,InterleavedToShardedDeviceOperation,32,2587.0
522240,,InterleavedToShardedDeviceOperation,32,2585.0
2104320,1,ReshardDeviceOperation,32,2580.0
420864,,InterleavedToShardedDeviceOperation,32,2575.0
2070528,1,ReshardDeviceOperation,32,2574.0
265216,,InterleavedToShardedDeviceOperation,32,2566.0
961536,,InterleavedToShardedDeviceOperation,32,2558.0
1597440,1,ReshardDeviceOperation,32,2557.0
454656,,InterleavedToShardedDeviceOperation,32,2555.0
826368,,InterleavedToShardedDeviceOperation,32,2555.0
1164288,,InterleavedToShardedDeviceOperation,32,2555.0
1029120,,InterleavedToShardedDeviceOperation,32,2545.0
2025472,1,InterleavedToShardedDeviceOperation,32,2543.0
259072,,TypecastDeviceOperation,8,2534.0
1935360,1,ReshardDeviceOperation,32,2534.0
860160,,InterleavedToShardedDeviceOperation,32,2533.0
387072,,InterleavedToShardedDeviceOperation,32,2530.0
1788928,1,InterleavedToShardedDeviceOperation,32,2524.0
657408,,InterleavedToShardedDeviceOperation,32,2521.0
1619968,1,InterleavedToShardedDeviceOperation,32,2519.0
1448960,1,ShardedToInterleavedDeviceOperation,32,2511.0
319488,,InterleavedToShardedDeviceOperation,32,2507.0
995328,,InterleavedToShardedDeviceOperation,32,2502.0
1969152,1,ReshardDeviceOperation,32,2502.0
1428480,1,ReshardDeviceOperation,32,2490.0
353280,,InterleavedToShardedDeviceOperation,32,2489.0
786432,,ShardedToInterleavedDeviceOperation,54,2484.0
2002944,1,ReshardDeviceOperation,32,2483.0
2205696,1,ReshardDeviceOperation,32,2483.0
257024,,TypecastDeviceOperation,8,2481.0
1938432,1,InterleavedToShardedDeviceOperation,8,2480.0
1665024,1,ReshardDeviceOperation,32,2478.0
1431552,1,InterleavedToShardedDeviceOperation,8,2468.0
1563648,1,ReshardDeviceOperation,32,2467.0
1255424,1,TypecastDeviceOperation,8,2448.0
1972224,1,InterleavedToShardedDeviceOperation,8,2446.0
235520,,BinaryNgDeviceOperation,64,2426.0
1922048,1,ShardedToInterleavedDeviceOperation,32,2423.0
2036736,1,ReshardDeviceOperation,32,2422.0
1532928,1,InterleavedToShardedDeviceOperation,8,2412.0
1766400,1,ReshardDeviceOperation,32,2405.0
1803264,1,InterleavedToShardedDeviceOperation,8,2392.0
1755136,1,InterleavedToShardedDeviceOperation,32,2389.0
2138112,1,ReshardDeviceOperation,32,2389.0
1327104,1,ReshardDeviceOperation,32,2388.0
1253376,1,TypecastDeviceOperation,8,2376.0
1833984,1,ReshardDeviceOperation,32,2375.0
1518592,1,InterleavedToShardedDeviceOperation,32,2355.0
2073600,1,InterleavedToShardedDeviceOperation,8,2345.0
2171904,1,ReshardDeviceOperation,32,2326.0
1991680,1,InterleavedToShardedDeviceOperation,32,2323.0
955392,,ShardedToInterleavedDeviceOperation,54,2309.0
921600,,ShardedToInterleavedDeviceOperation,54,2305.0
313344,,ShardedToInterleavedDeviceOperation,54,2284.0
1917952,1,ShardedToInterleavedDeviceOperation,54,2274.0
1732608,1,ReshardDeviceOperation,32,2269.0
482304,,ShardedToInterleavedDeviceOperation,54,2266.0
1586176,1,InterleavedToShardedDeviceOperation,32,2258.0
1484800,1,InterleavedToShardedDeviceOperation,32,2247.0
1769472,1,InterleavedToShardedDeviceOperation,8,2245.0
1721344,1,InterleavedToShardedDeviceOperation,32,2235.0
1566720,1,InterleavedToShardedDeviceOperation,8,2228.0
1698816,1,ReshardDeviceOperation,32,2227.0
1158144,,ShardedToInterleavedDeviceOperation,54,2211.0
887808,,ShardedToInterleavedDeviceOperation,54,2202.0
1856512,1,InterleavedToShardedDeviceOperation,32,2200.0
2126848,1,InterleavedToShardedDeviceOperation,32,2189.0
1022976,,ShardedToInterleavedDeviceOperation,54,2188.0
1377280,1,ShardedToInterleavedDeviceOperation,54,2181.0
2107392,1,InterleavedToShardedDeviceOperation,8,2181.0
651264,,ShardedToInterleavedDeviceOperation,54,2170.0
1090560,,ShardedToInterleavedDeviceOperation,54,2157.0
1613824,1,ShardedToInterleavedDeviceOperation,54,2157.0
617472,,ShardedToInterleavedDeviceOperation,54,2142.0
685056,,ShardedToInterleavedDeviceOperation,54,2141.0
1056768,,ShardedToInterleavedDeviceOperation,54,2139.0
1653760,1,InterleavedToShardedDeviceOperation,32,2139.0
1363968,1,InterleavedToShardedDeviceOperation,8,2137.0
1701888,1,InterleavedToShardedDeviceOperation,8,2129.0
820224,,ShardedToInterleavedDeviceOperation,54,2124.0
272384,,RepeatDeviceOperation,64,2115.0
1268736,1,RepeatDeviceOperation,64,2114.0
1478656,1,ShardedToInterleavedDeviceOperation,54,2107.0
1580032,1,ShardedToInterleavedDeviceOperation,54,2107.0
583680,,ShardedToInterleavedDeviceOperation,54,2106.0
1837056,1,InterleavedToShardedDeviceOperation,8,2096.0
1512448,1,ShardedToInterleavedDeviceOperation,54,2086.0
516096,,ShardedToInterleavedDeviceOperation,54,2084.0
989184,,ShardedToInterleavedDeviceOperation,54,2084.0
752640,,ShardedToInterleavedDeviceOperation,54,2073.0
1124352,,ShardedToInterleavedDeviceOperation,54,2068.0
448512,,ShardedToInterleavedDeviceOperation,54,2063.0
347136,,ShardedToInterleavedDeviceOperation,54,2060.0
1191936,,ShardedToInterleavedDeviceOperation,54,2060.0
1261568,1,InterleavedToShardedDeviceOperation,32,2057.0
2019328,1,ShardedToInterleavedDeviceOperation,54,2052.0
380928,,ShardedToInterleavedDeviceOperation,54,2038.0
1715200,1,ShardedToInterleavedDeviceOperation,54,2034.0
1242112,1,ShardedToInterleavedDeviceOperation,54,2031.0
1383424,1,InterleavedToShardedDeviceOperation,32,2026.0
1748992,1,ShardedToInterleavedDeviceOperation,54,2020.0
2120704,1,ShardedToInterleavedDeviceOperation,54,2017.0
854016,,ShardedToInterleavedDeviceOperation,54,2016.0
1343488,1,ShardedToInterleavedDeviceOperation,54,2016.0
1411072,1,ShardedToInterleavedDeviceOperation,54,2008.0
1546240,1,ShardedToInterleavedDeviceOperation,54,2006.0
1782784,1,ShardedToInterleavedDeviceOperation,54,2006.0
1681408,1,ShardedToInterleavedDeviceOperation,54,2002.0
245760,,ShardedToInterleavedDeviceOperation,54,1996.0
2188288,1,ShardedToInterleavedDeviceOperation,54,1990.0
1647616,1,ShardedToInterleavedDeviceOperation,54,1989.0
1951744,1,ShardedToInterleavedDeviceOperation,54,1987.0
2059264,1,InterleavedToShardedDeviceOperation,32,1984.0
1451008,1,InterleavedToShardedDeviceOperation,32,1981.0
1816576,1,ShardedToInterleavedDeviceOperation,54,1973.0
1417216,1,InterleavedToShardedDeviceOperation,32,1971.0
549888,,ShardedToInterleavedDeviceOperation,54,1962.0
2086912,1,ShardedToInterleavedDeviceOperation,54,1952.0
1985536,1,ShardedToInterleavedDeviceOperation,54,1950.0
718848,,ShardedToInterleavedDeviceOperation,54,1948.0
414720,,ShardedToInterleavedDeviceOperation,54,1947.0
1252352,1,UnaryDeviceOperation,64,1943.0
299008,,ShardedToInterleavedDeviceOperation,12,1938.0
446464,,ReshardDeviceOperation,8,1919.0
1349632,1,InterleavedToShardedDeviceOperation,32,1914.0
535552,,ShardedToInterleavedDeviceOperation,12,1912.0
2038784,1,ShardedToInterleavedDeviceOperation,12,1909.0
2140160,1,ShardedToInterleavedDeviceOperation,12,1909.0
1850368,1,ShardedToInterleavedDeviceOperation,54,1904.0
243712,,ReshardDeviceOperation,8,1895.0
1600512,1,InterleavedToShardedDeviceOperation,8,1885.0
1444864,1,ShardedToInterleavedDeviceOperation,54,1882.0
1924096,1,InterleavedToShardedDeviceOperation,32,1881.0
772096,,ShardedToInterleavedDeviceOperation,12,1880.0
2053120,1,ShardedToInterleavedDeviceOperation,54,1879.0
1633280,1,ShardedToInterleavedDeviceOperation,12,1878.0
1884160,1,ShardedToInterleavedDeviceOperation,54,1878.0
974848,,ShardedToInterleavedDeviceOperation,12,1872.0
603136,,ShardedToInterleavedDeviceOperation,12,1862.0
2224128,,UntilizeWithUnpaddingDeviceOperation,1,1862.0
256000,,UnaryDeviceOperation,64,1861.0
1836032,1,ShardedToInterleavedDeviceOperation,12,1858.0
1177600,,ShardedToInterleavedDeviceOperation,12,1856.0
738304,,ShardedToInterleavedDeviceOperation,12,1853.0
467968,,ShardedToInterleavedDeviceOperation,12,1852.0
2174976,1,InterleavedToShardedDeviceOperation,8,1849.0
2154496,1,ShardedToInterleavedDeviceOperation,54,1848.0
1250304,1,ConcatDeviceOperation,8,1847.0
839680,,ShardedToInterleavedDeviceOperation,12,1846.0
332800,,ShardedToInterleavedDeviceOperation,12,1839.0
649216,,ReshardDeviceOperation,8,1839.0
873472,,ShardedToInterleavedDeviceOperation,12,1838.0
2250752,,UntilizeWithUnpaddingDeviceOperation,1,1835.0
941056,,ShardedToInterleavedDeviceOperation,12,1834.0
2248704,,UntilizeWithUnpaddingDeviceOperation,1,1834.0
1309696,1,ShardedToInterleavedDeviceOperation,54,1833.0
1076224,,ShardedToInterleavedDeviceOperation,12,1824.0
1110016,,ShardedToInterleavedDeviceOperation,12,1822.0
2244608,,UntilizeWithUnpaddingDeviceOperation,1,1816.0
480256,,ReshardDeviceOperation,8,1815.0
1254400,1,UnaryDeviceOperation,64,1812.0
2194432,1,InterleavedToShardedDeviceOperation,32,1810.0
907264,,ShardedToInterleavedDeviceOperation,12,1806.0
1143808,,ShardedToInterleavedDeviceOperation,12,1806.0
1937408,1,ShardedToInterleavedDeviceOperation,12,1805.0
514048,,ReshardDeviceOperation,8,1800.0
1430528,1,ShardedToInterleavedDeviceOperation,12,1798.0
885760,,ReshardDeviceOperation,8,1792.0
1394688,1,ReshardDeviceOperation,32,1790.0
704512,,ShardedToInterleavedDeviceOperation,12,1788.0
919552,,ReshardDeviceOperation,8,1784.0
1008640,,ShardedToInterleavedDeviceOperation,12,1782.0
1054720,,ReshardDeviceOperation,8,1781.0
569344,,ShardedToInterleavedDeviceOperation,12,1779.0
1599488,1,ShardedToInterleavedDeviceOperation,12,1778.0
805888,,ShardedToInterleavedDeviceOperation,12,1777.0
615424,,ReshardDeviceOperation,8,1776.0
366592,,ShardedToInterleavedDeviceOperation,12,1774.0
1282048,1,ShardedToInterleavedDeviceOperation,32,1771.0
400384,,ShardedToInterleavedDeviceOperation,12,1766.0
434176,,ShardedToInterleavedDeviceOperation,12,1766.0
670720,,ShardedToInterleavedDeviceOperation,12,1766.0
547840,,ReshardDeviceOperation,8,1763.0
750592,,ReshardDeviceOperation,8,1761.0
378880,,ReshardDeviceOperation,8,1759.0
953344,,ReshardDeviceOperation,8,1754.0
311296,,ReshardDeviceOperation,8,1753.0
1088512,,ReshardDeviceOperation,8,1752.0
253952,,ConcatDeviceOperation,8,1750.0
501760,,ShardedToInterleavedDeviceOperation,12,1750.0
1042432,,ShardedToInterleavedDeviceOperation,12,1750.0
683008,,ReshardDeviceOperation,8,1743.0
2246656,,UntilizeWithUnpaddingDeviceOperation,1,1738.0
1020928,,ReshardDeviceOperation,8,1737.0
636928,,ShardedToInterleavedDeviceOperation,12,1726.0
581632,,ReshardDeviceOperation,8,1722.0
2235392,,UntilizeWithUnpaddingDeviceOperation,1,1720.0
1156096,,ReshardDeviceOperation,8,1719.0
1211392,,ShardedToInterleavedDeviceOperation,12,1718.0
1464320,1,ShardedToInterleavedDeviceOperation,12,1717.0
2230272,,UntilizeWithUnpaddingDeviceOperation,1,1715.0
2251776,,UntilizeWithUnpaddingDeviceOperation,1,1708.0
258048,,UnaryDeviceOperation,64,1707.0
2241536,,UntilizeWithUnpaddingDeviceOperation,1,1705.0
2243584,,UntilizeWithUnpaddingDeviceOperation,1,1704.0
2237440,,UntilizeWithUnpaddingDeviceOperation,1,1703.0
2228224,,UntilizeWithUnpaddingDeviceOperation,1,1701.0
2234368,,UntilizeWithUnpaddingDeviceOperation,1,1698.0
2207744,1,ShardedToInterleavedDeviceOperation,12,1695.0
2232320,,UntilizeWithUnpaddingDeviceOperation,1,1695.0
2245632,,UntilizeWithUnpaddingDeviceOperation,1,1694.0
2225152,,UntilizeWithUnpaddingDeviceOperation,1,1690.0
1240064,1,ReshardDeviceOperation,8,1689.0
1890304,1,InterleavedToShardedDeviceOperation,32,1686.0
1122304,,ReshardDeviceOperation,8,1682.0
2247680,,UntilizeWithUnpaddingDeviceOperation,1,1681.0
2240512,,UntilizeWithUnpaddingDeviceOperation,1,1680.0
2249728,,UntilizeWithUnpaddingDeviceOperation,1,1680.0
2236416,,UntilizeWithUnpaddingDeviceOperation,1,1678.0
2239488,,UntilizeWithUnpaddingDeviceOperation,1,1675.0
987136,,ReshardDeviceOperation,8,1674.0
1611776,1,ReshardDeviceOperation,8,1673.0
2252800,,UntilizeWithUnpaddingDeviceOperation,1,1673.0
784384,,ReshardDeviceOperation,8,1672.0
2233344,,UntilizeWithUnpaddingDeviceOperation,1,1668.0
1667072,1,ShardedToInterleavedDeviceOperation,12,1667.0
2238464,,UntilizeWithUnpaddingDeviceOperation,1,1666.0
2229248,,UntilizeWithUnpaddingDeviceOperation,1,1662.0
1329152,1,ShardedToInterleavedDeviceOperation,12,1654.0
2231296,,UntilizeWithUnpaddingDeviceOperation,1,1653.0
412672,,ReshardDeviceOperation,8,1652.0
345088,,ReshardDeviceOperation,8,1651.0
1768448,1,ShardedToInterleavedDeviceOperation,12,1651.0
1700864,1,ShardedToInterleavedDeviceOperation,12,1650.0
818176,,ReshardDeviceOperation,8,1649.0
2226176,,UntilizeWithUnpaddingDeviceOperation,1,1647.0
2242560,,UntilizeWithUnpaddingDeviceOperation,1,1644.0
1915904,1,ReshardDeviceOperation,8,1643.0
1246208,1,TypecastDeviceOperation,1,1641.0
716800,,ReshardDeviceOperation,8,1638.0
2227200,,UntilizeWithUnpaddingDeviceOperation,1,1632.0
1189888,,ReshardDeviceOperation,8,1630.0
2072576,1,ShardedToInterleavedDeviceOperation,12,1629.0
1476608,1,ReshardDeviceOperation,8,1628.0
2051072,1,ReshardDeviceOperation,8,1627.0
1869824,1,ShardedToInterleavedDeviceOperation,12,1626.0
1848320,1,ReshardDeviceOperation,8,1624.0
1645568,1,ReshardDeviceOperation,8,1619.0
2152448,1,ReshardDeviceOperation,8,1619.0
1577984,1,ReshardDeviceOperation,8,1618.0
1780736,1,ReshardDeviceOperation,8,1618.0
2118656,1,ReshardDeviceOperation,8,1618.0
1746944,1,ReshardDeviceOperation,8,1617.0
1882112,1,ReshardDeviceOperation,8,1617.0
1244160,1,RepeatDeviceOperation,64,1613.0
1814528,1,ReshardDeviceOperation,8,1611.0
1949696,1,ReshardDeviceOperation,8,1611.0
1983488,1,ReshardDeviceOperation,8,1604.0
1409024,1,ReshardDeviceOperation,8,1603.0
1679360,1,ReshardDeviceOperation,8,1603.0
2084864,1,ReshardDeviceOperation,8,1601.0
2186240,1,ReshardDeviceOperation,8,1601.0
1565696,1,ShardedToInterleavedDeviceOperation,12,1590.0
1270784,1,InterleavedToShardedDeviceOperation,32,1588.0
1341440,1,ReshardDeviceOperation,8,1585.0
851968,,ReshardDeviceOperation,8,1584.0
1375232,1,ReshardDeviceOperation,8,1580.0
281600,,RepeatDeviceOperation,64,1580.0
1510400,1,ReshardDeviceOperation,8,1578.0
247808,,RepeatDeviceOperation,64,1577.0
1802240,1,ShardedToInterleavedDeviceOperation,12,1573.0
1465344,1,InterleavedToShardedDeviceOperation,8,1564.0
1277952,1,RepeatDeviceOperation,64,1554.0
1544192,1,ReshardDeviceOperation,8,1551.0
1734656,1,ShardedToInterleavedDeviceOperation,12,1550.0
1713152,1,ReshardDeviceOperation,8,1548.0
1397760,1,InterleavedToShardedDeviceOperation,8,1544.0
2004992,1,ShardedToInterleavedDeviceOperation,12,1533.0
2017280,1,ReshardDeviceOperation,8,1530.0
1233920,1,TypecastDeviceOperation,32,1525.0
1442816,1,ReshardDeviceOperation,8,1518.0
1971200,1,ShardedToInterleavedDeviceOperation,12,1514.0
1870848,1,InterleavedToShardedDeviceOperation,8,1508.0
2006016,1,InterleavedToShardedDeviceOperation,8,1508.0
1307648,1,ReshardDeviceOperation,8,1504.0
249856,,TypecastDeviceOperation,1,1502.0
1634304,1,InterleavedToShardedDeviceOperation,8,1499.0
2039808,1,InterleavedToShardedDeviceOperation,8,1497.0
1396736,1,ShardedToInterleavedDeviceOperation,12,1486.0
2173952,1,ShardedToInterleavedDeviceOperation,12,1482.0
237568,,TypecastDeviceOperation,32,1455.0
274432,,InterleavedToShardedDeviceOperation,32,1449.0
1531904,1,ShardedToInterleavedDeviceOperation,12,1430.0
1295360,1,ShardedToInterleavedDeviceOperation,12,1429.0
1735680,1,InterleavedToShardedDeviceOperation,8,1420.0
1330176,1,InterleavedToShardedDeviceOperation,8,1387.0
1362944,1,ShardedToInterleavedDeviceOperation,12,1355.0
1498112,1,ShardedToInterleavedDeviceOperation,12,1345.0
671744,,InterleavedToShardedDeviceOperation,8,1299.0
468992,,InterleavedToShardedDeviceOperation,8,1292.0
367616,,InterleavedToShardedDeviceOperation,8,1291.0
1144832,,InterleavedToShardedDeviceOperation,8,1288.0
570368,,InterleavedToShardedDeviceOperation,8,1280.0
1178624,,InterleavedToShardedDeviceOperation,8,1280.0
2141184,1,InterleavedToShardedDeviceOperation,8,1280.0
1111040,,InterleavedToShardedDeviceOperation,8,1279.0
1499136,1,InterleavedToShardedDeviceOperation,8,1279.0
502784,,InterleavedToShardedDeviceOperation,8,1276.0
300032,,InterleavedToShardedDeviceOperation,8,1271.0
435200,,InterleavedToShardedDeviceOperation,8,1270.0
908288,,InterleavedToShardedDeviceOperation,8,1270.0
1009664,,InterleavedToShardedDeviceOperation,8,1270.0
840704,,InterleavedToShardedDeviceOperation,8,1268.0
975872,,InterleavedToShardedDeviceOperation,8,1268.0
604160,,InterleavedToShardedDeviceOperation,8,1267.0
806912,,InterleavedToShardedDeviceOperation,8,1267.0
1077248,,InterleavedToShardedDeviceOperation,8,1267.0
333824,,InterleavedToShardedDeviceOperation,8,1264.0
773120,,InterleavedToShardedDeviceOperation,8,1264.0
705536,,InterleavedToShardedDeviceOperation,8,1261.0
536576,,InterleavedToShardedDeviceOperation,8,1259.0
401408,,InterleavedToShardedDeviceOperation,8,1256.0
739328,,InterleavedToShardedDeviceOperation,8,1255.0
942080,,InterleavedToShardedDeviceOperation,8,1255.0
1212416,,InterleavedToShardedDeviceOperation,8,1247.0
874496,,InterleavedToShardedDeviceOperation,8,1244.0
637952,,InterleavedToShardedDeviceOperation,8,1237.0
1043456,,InterleavedToShardedDeviceOperation,8,1237.0
1296384,1,InterleavedToShardedDeviceOperation,8,1234.0
2106368,1,ShardedToInterleavedDeviceOperation,12,1230.0
1238016,1,InterleavedToShardedDeviceOperation,48,1122.0
1903616,1,ShardedToInterleavedDeviceOperation,12,1115.0
241664,,InterleavedToShardedDeviceOperation,48,1060.0
1232896,1,ShardedToInterleavedDeviceOperation,1,994.0
233472,,ShardedToInterleavedDeviceOperation,1,929.0
1229824,1,ShardedToInterleavedDeviceOperation,1,908.0
239616,,CopyDeviceOperation,1,880.0
1235968,1,CopyDeviceOperation,1,878.0
254976,,InterleavedToShardedDeviceOperation,8,836.0
236544,,ShardedToInterleavedDeviceOperation,1,746.0
1251328,1,InterleavedToShardedDeviceOperation,8,696.0
252928,,ShardedToInterleavedDeviceOperation,4,695.0
1508352,1,BinaryNgDeviceOperation,64,636.0
2049024,1,BinaryNgDeviceOperation,64,635.0
1609728,1,BinaryNgDeviceOperation,64,632.0
1677312,1,BinaryNgDeviceOperation,64,628.0
1981440,1,BinaryNgDeviceOperation,64,627.0
1643520,1,BinaryNgDeviceOperation,64,624.0
1474560,1,BinaryNgDeviceOperation,64,622.0
1812480,1,BinaryNgDeviceOperation,64,622.0
2184192,1,BinaryNgDeviceOperation,64,620.0
1373184,1,BinaryNgDeviceOperation,64,618.0
1711104,1,BinaryNgDeviceOperation,64,618.0
2150400,1,BinaryNgDeviceOperation,64,616.0
1542144,1,BinaryNgDeviceOperation,64,614.0
1880064,1,BinaryNgDeviceOperation,64,614.0
2015232,1,BinaryNgDeviceOperation,64,613.0
2082816,1,BinaryNgDeviceOperation,64,612.0
1440768,1,BinaryNgDeviceOperation,64,610.0
1846272,1,BinaryNgDeviceOperation,64,610.0
1602560,1,BinaryNgDeviceOperation,64,608.0
1872896,1,BinaryNgDeviceOperation,64,608.0
2116608,1,BinaryNgDeviceOperation,64,608.0
1947648,1,BinaryNgDeviceOperation,64,606.0
1575936,1,BinaryNgDeviceOperation,64,605.0
1744896,1,BinaryNgDeviceOperation,64,605.0
1778688,1,BinaryNgDeviceOperation,64,604.0
1501184,1,BinaryNgDeviceOperation,64,603.0
1534976,1,BinaryNgDeviceOperation,64,603.0
1913856,1,BinaryNgDeviceOperation,64,603.0
1249280,1,ShardedToInterleavedDeviceOperation,4,602.0
1305600,1,BinaryNgDeviceOperation,64,601.0
1703936,1,BinaryNgDeviceOperation,64,601.0
2217984,1,BinaryNgDeviceOperation,64,601.0
1406976,1,BinaryNgDeviceOperation,64,600.0
1670144,1,BinaryNgDeviceOperation,64,598.0
1339392,1,BinaryNgDeviceOperation,64,594.0
1805312,1,BinaryNgDeviceOperation,64,594.0
2041856,1,BinaryNgDeviceOperation,64,589.0
1771520,1,BinaryNgDeviceOperation,64,583.0
2143232,1,BinaryNgDeviceOperation,64,583.0
1568768,1,BinaryNgDeviceOperation,64,580.0
1636352,1,BinaryNgDeviceOperation,64,580.0
1737728,1,BinaryNgDeviceOperation,64,580.0
1974272,1,BinaryNgDeviceOperation,64,580.0
261120,,ShardedToInterleavedDeviceOperation,8,577.0
2109440,1,BinaryNgDeviceOperation,64,576.0
1433600,1,BinaryNgDeviceOperation,64,575.0
1332224,1,BinaryNgDeviceOperation,64,573.0
1366016,1,BinaryNgDeviceOperation,64,573.0
1940480,1,BinaryNgDeviceOperation,64,570.0
1467392,1,BinaryNgDeviceOperation,64,569.0
2177024,1,BinaryNgDeviceOperation,64,568.0
269312,,ShardedToInterleavedDeviceOperation,4,567.0
1906688,1,BinaryNgDeviceOperation,64,567.0
1399808,1,BinaryNgDeviceOperation,64,566.0
2210816,1,BinaryNgDeviceOperation,64,565.0
2008064,1,BinaryNgDeviceOperation,64,560.0
1839104,1,BinaryNgDeviceOperation,64,553.0
2075648,1,BinaryNgDeviceOperation,64,553.0
260096,,ShardedToInterleavedDeviceOperation,8,541.0
1257472,1,ShardedToInterleavedDeviceOperation,8,539.0
1256448,1,ShardedToInterleavedDeviceOperation,8,532.0
471040,,BinaryNgDeviceOperation,64,528.0
1265664,1,ShardedToInterleavedDeviceOperation,4,528.0
437248,,BinaryNgDeviceOperation,64,522.0
309248,,BinaryNgDeviceOperation,64,510.0
842752,,BinaryNgDeviceOperation,64,508.0
1052672,,BinaryNgDeviceOperation,64,508.0
613376,,BinaryNgDeviceOperation,64,507.0
876544,,BinaryNgDeviceOperation,64,495.0
910336,,BinaryNgDeviceOperation,64,495.0
1187840,,BinaryNgDeviceOperation,64,494.0
478208,,BinaryNgDeviceOperation,64,493.0
917504,,BinaryNgDeviceOperation,64,491.0
376832,,BinaryNgDeviceOperation,64,488.0
1113088,,BinaryNgDeviceOperation,64,485.0
1154048,,BinaryNgDeviceOperation,64,485.0
343040,,BinaryNgDeviceOperation,64,482.0
538624,,BinaryNgDeviceOperation,64,482.0
951296,,BinaryNgDeviceOperation,64,482.0
849920,,BinaryNgDeviceOperation,64,481.0
680960,,BinaryNgDeviceOperation,64,479.0
707584,,BinaryNgDeviceOperation,64,479.0
673792,,BinaryNgDeviceOperation,64,478.0
808960,,BinaryNgDeviceOperation,64,478.0
410624,,BinaryNgDeviceOperation,64,477.0
572416,,BinaryNgDeviceOperation,64,477.0
579584,,BinaryNgDeviceOperation,64,477.0
944128,,BinaryNgDeviceOperation,64,477.0
512000,,BinaryNgDeviceOperation,64,475.0
647168,,BinaryNgDeviceOperation,64,475.0
1011712,,BinaryNgDeviceOperation,64,475.0
1018880,,BinaryNgDeviceOperation,64,475.0
1120256,,BinaryNgDeviceOperation,64,475.0
403456,,BinaryNgDeviceOperation,64,474.0
444416,,BinaryNgDeviceOperation,64,474.0
606208,,BinaryNgDeviceOperation,64,474.0
985088,,BinaryNgDeviceOperation,64,474.0
1146880,,BinaryNgDeviceOperation,64,474.0
369664,,BinaryNgDeviceOperation,64,473.0
640000,,BinaryNgDeviceOperation,64,473.0
1045504,,BinaryNgDeviceOperation,64,473.0
1214464,,BinaryNgDeviceOperation,64,473.0
816128,,BinaryNgDeviceOperation,64,472.0
977920,,BinaryNgDeviceOperation,64,472.0
504832,,BinaryNgDeviceOperation,64,471.0
775168,,BinaryNgDeviceOperation,64,471.0
1086464,,BinaryNgDeviceOperation,64,471.0
1221632,,BinaryNgDeviceOperation,64,471.0
545792,,BinaryNgDeviceOperation,64,470.0
782336,,BinaryNgDeviceOperation,64,470.0
1079296,,BinaryNgDeviceOperation,64,470.0
714752,,BinaryNgDeviceOperation,64,468.0
748544,,BinaryNgDeviceOperation,64,468.0
883712,,BinaryNgDeviceOperation,64,467.0
1180672,,BinaryNgDeviceOperation,64,467.0
741376,,BinaryNgDeviceOperation,64,466.0
335872,,BinaryNgDeviceOperation,64,464.0
