op_id,replay,op_name,cores,duration_ns
2335744,1,ArgMaxDeviceOperation,56,2622557.0
1254400,,ArgMaxDeviceOperation,64,2516165.0
1251328,,MatmulDeviceOperation,64,2272523.0
2332672,1,MatmulDeviceOperation,56,2271077.0
921600,,MatmulDeviceOperation,60,402053.0
2002944,1,MatmulDeviceOperation,60,401004.0
2146304,1,MatmulDeviceOperation,60,400593.0
563200,,MatmulDeviceOperation,60,399694.0
527360,,MatmulDeviceOperation,60,399345.0
1208320,,MatmulDeviceOperation,60,398987.0
1465344,1,MatmulDeviceOperation,60,398910.0
2253824,1,MatmulDeviceOperation,60,398846.0
1859584,1,MatmulDeviceOperation,60,398791.0
1244160,,MatmulDeviceOperation,60,398748.0
1680384,1,MatmulDeviceOperation,60,398425.0
1029120,,MatmulDeviceOperation,60,398417.0
1572864,1,MatmulDeviceOperation,60,398413.0
312320,,MatmulDeviceOperation,60,398404.0
957440,,MatmulDeviceOperation,60,398332.0
1501184,1,MatmulDeviceOperation,60,398104.0
993280,,MatmulDeviceOperation,60,398083.0
1100800,,MatmulDeviceOperation,60,397964.0
742400,,MatmulDeviceOperation,60,397876.0
2182144,1,MatmulDeviceOperation,60,397809.0
1429504,1,MatmulDeviceOperation,60,397753.0
1716224,1,MatmulDeviceOperation,60,397752.0
1787904,1,MatmulDeviceOperation,60,397562.0
2289664,1,MatmulDeviceOperation,59,397507.0
670720,,MatmulDeviceOperation,60,397460.0
1357824,1,MatmulDeviceOperation,60,397329.0
2038784,1,MatmulDeviceOperation,60,397312.0
419840,,MatmulDeviceOperation,60,397245.0
2110464,1,MatmulDeviceOperation,60,397070.0
1823744,1,MatmulDeviceOperation,60,396982.0
491520,,MatmulDeviceOperation,60,396936.0
1752064,1,MatmulDeviceOperation,60,396737.0
2074624,1,MatmulDeviceOperation,60,396627.0
2217984,1,MatmulDeviceOperation,60,396604.0
1644544,1,MatmulDeviceOperation,60,396592.0
276480,,MatmulDeviceOperation,60,396581.0
706560,,MatmulDeviceOperation,60,396563.0
1608704,1,MatmulDeviceOperation,60,396523.0
1064960,,MatmulDeviceOperation,60,396187.0
1967104,1,MatmulDeviceOperation,60,396069.0
1931264,1,MatmulDeviceOperation,60,395918.0
348160,,MatmulDeviceOperation,60,395857.0
849920,,MatmulDeviceOperation,60,395699.0
599040,,MatmulDeviceOperation,60,395631.0
455680,,MatmulDeviceOperation,60,395325.0
1537024,1,MatmulDeviceOperation,60,395263.0
885760,,MatmulDeviceOperation,60,395243.0
1172480,,MatmulDeviceOperation,60,395222.0
778240,,MatmulDeviceOperation,60,395209.0
2325504,1,MatmulDeviceOperation,56,394663.0
384000,,MatmulDeviceOperation,60,394154.0
1393664,1,MatmulDeviceOperation,60,394025.0
1895424,1,MatmulDeviceOperation,60,393861.0
1136640,,MatmulDeviceOperation,60,393734.0
814080,,MatmulDeviceOperation,60,393640.0
634880,,MatmulDeviceOperation,60,393491.0
850944,,MatmulDeviceOperation,60,382623.0
420864,,MatmulDeviceOperation,60,382383.0
600064,,MatmulDeviceOperation,60,381350.0
2111488,1,MatmulDeviceOperation,60,381187.0
2075648,1,MatmulDeviceOperation,60,380870.0
1101824,,MatmulDeviceOperation,60,380544.0
743424,,MatmulDeviceOperation,60,380509.0
958464,,MatmulDeviceOperation,60,380477.0
2219008,1,MatmulDeviceOperation,60,380094.0
385024,,MatmulDeviceOperation,60,380023.0
1824768,1,MatmulDeviceOperation,60,379982.0
1394688,1,MatmulDeviceOperation,60,379843.0
1030144,,MatmulDeviceOperation,60,379797.0
349184,,MatmulDeviceOperation,60,379776.0
1502208,1,MatmulDeviceOperation,60,379629.0
994304,,MatmulDeviceOperation,60,379534.0
779264,,MatmulDeviceOperation,60,379532.0
1681408,1,MatmulDeviceOperation,60,379520.0
1932288,1,MatmulDeviceOperation,60,379451.0
1245184,,MatmulDeviceOperation,60,379340.0
1209344,,MatmulDeviceOperation,60,379321.0
2326528,1,MatmulDeviceOperation,56,379160.0
2147328,1,MatmulDeviceOperation,60,378776.0
1065984,,MatmulDeviceOperation,60,378707.0
886784,,MatmulDeviceOperation,60,378687.0
277504,,MatmulDeviceOperation,60,378620.0
2039808,1,MatmulDeviceOperation,60,378576.0
528384,,MatmulDeviceOperation,60,378496.0
922624,,MatmulDeviceOperation,60,378442.0
1860608,1,MatmulDeviceOperation,60,378393.0
1173504,,MatmulDeviceOperation,60,378383.0
1753088,1,MatmulDeviceOperation,60,378278.0
1788928,1,MatmulDeviceOperation,60,378257.0
707584,,MatmulDeviceOperation,60,378216.0
815104,,MatmulDeviceOperation,60,378198.0
1827840,1,MatmulDeviceOperation,48,378135.0
671744,,MatmulDeviceOperation,60,377966.0
313344,,MatmulDeviceOperation,60,377801.0
2003968,1,MatmulDeviceOperation,60,377798.0
1573888,1,MatmulDeviceOperation,60,377771.0
1358848,1,MatmulDeviceOperation,60,377625.0
2114560,1,MatmulDeviceOperation,48,377425.0
1137664,,MatmulDeviceOperation,60,377394.0
456704,,MatmulDeviceOperation,60,377207.0
635904,,MatmulDeviceOperation,60,377154.0
1430528,1,MatmulDeviceOperation,60,377080.0
1538048,1,MatmulDeviceOperation,60,376633.0
2183168,1,MatmulDeviceOperation,60,376597.0
564224,,MatmulDeviceOperation,60,376582.0
1466368,1,MatmulDeviceOperation,60,376553.0
1645568,1,MatmulDeviceOperation,60,376440.0
2254848,1,MatmulDeviceOperation,60,376025.0
1609728,1,MatmulDeviceOperation,60,376005.0
1033216,,MatmulDeviceOperation,48,375817.0
492544,,MatmulDeviceOperation,60,375530.0
1968128,1,MatmulDeviceOperation,60,374964.0
746496,,MatmulDeviceOperation,48,374931.0
2290688,1,MatmulDeviceOperation,59,374791.0
854016,,MatmulDeviceOperation,48,374613.0
1896448,1,MatmulDeviceOperation,60,374371.0
2293760,1,MatmulDeviceOperation,47,374046.0
1899520,1,MatmulDeviceOperation,48,373951.0
1717248,1,MatmulDeviceOperation,60,373587.0
2257920,1,MatmulDeviceOperation,48,373435.0
1863680,1,MatmulDeviceOperation,48,373150.0
1648640,1,MatmulDeviceOperation,48,373146.0
2150400,1,MatmulDeviceOperation,48,372539.0
1433600,1,MatmulDeviceOperation,48,372401.0
889856,,MatmulDeviceOperation,48,371871.0
1469440,1,MatmulDeviceOperation,48,371655.0
459776,,MatmulDeviceOperation,48,371574.0
2222080,1,MatmulDeviceOperation,48,371340.0
1935360,1,MatmulDeviceOperation,48,370735.0
2078720,1,MatmulDeviceOperation,48,370664.0
961536,,MatmulDeviceOperation,48,370657.0
1176576,,MatmulDeviceOperation,48,370510.0
2007040,1,MatmulDeviceOperation,48,370170.0
638976,,MatmulDeviceOperation,48,370082.0
423936,,MatmulDeviceOperation,48,369946.0
1756160,1,MatmulDeviceOperation,48,369886.0
782336,,MatmulDeviceOperation,48,369726.0
1684480,1,MatmulDeviceOperation,48,369649.0
495616,,MatmulDeviceOperation,48,369435.0
1720320,1,MatmulDeviceOperation,48,369319.0
674816,,MatmulDeviceOperation,48,369312.0
1612800,1,MatmulDeviceOperation,48,369247.0
997376,,MatmulDeviceOperation,48,369164.0
567296,,MatmulDeviceOperation,48,369106.0
280576,,MatmulDeviceOperation,48,369101.0
1792000,1,MatmulDeviceOperation,48,368995.0
1505280,1,MatmulDeviceOperation,48,368756.0
1140736,,MatmulDeviceOperation,48,368510.0
818176,,MatmulDeviceOperation,48,368266.0
1971200,1,MatmulDeviceOperation,48,368129.0
1361920,1,MatmulDeviceOperation,48,367894.0
2329600,1,MatmulDeviceOperation,40,367698.0
1248256,,MatmulDeviceOperation,48,367254.0
1212416,,MatmulDeviceOperation,48,366644.0
2186240,1,MatmulDeviceOperation,48,366303.0
352256,,MatmulDeviceOperation,48,365930.0
316416,,MatmulDeviceOperation,48,365913.0
1576960,1,MatmulDeviceOperation,48,365791.0
531456,,MatmulDeviceOperation,48,365608.0
1069056,,MatmulDeviceOperation,48,365462.0
1541120,1,MatmulDeviceOperation,48,364949.0
2042880,1,MatmulDeviceOperation,48,364752.0
1397760,1,MatmulDeviceOperation,48,364246.0
1104896,,MatmulDeviceOperation,48,363731.0
388096,,MatmulDeviceOperation,48,363433.0
710656,,MatmulDeviceOperation,48,363283.0
603136,,MatmulDeviceOperation,48,363169.0
925696,,MatmulDeviceOperation,48,362527.0
2334720,1,UntilizeDeviceOperation,55,118312.0
1253376,,UntilizeDeviceOperation,63,115220.0
69632,,TilizeDeviceOperation,64,93117.0
57344,,TilizeDeviceOperation,64,92637.0
38912,,TilizeDeviceOperation,64,91735.0
102400,,TilizeDeviceOperation,64,91710.0
83968,,TilizeDeviceOperation,64,91437.0
16384,,TilizeDeviceOperation,64,91016.0
100352,,TilizeDeviceOperation,64,90975.0
8192,,TilizeDeviceOperation,64,90791.0
157696,,TilizeDeviceOperation,64,90738.0
28672,,TilizeDeviceOperation,64,90448.0
22528,,TilizeDeviceOperation,64,90123.0
75776,,TilizeDeviceOperation,64,90116.0
53248,,TilizeDeviceOperation,64,90049.0
126976,,TilizeDeviceOperation,64,89962.0
65536,,TilizeDeviceOperation,64,89868.0
88064,,TilizeDeviceOperation,64,89571.0
145408,,TilizeDeviceOperation,64,89564.0
63488,,TilizeDeviceOperation,64,89381.0
96256,,TilizeDeviceOperation,64,89329.0
161792,,TilizeDeviceOperation,64,89287.0
169984,,TilizeDeviceOperation,64,89274.0
139264,,TilizeDeviceOperation,64,89259.0
118784,,TilizeDeviceOperation,64,89145.0
10240,,TilizeDeviceOperation,64,89078.0
14336,,TilizeDeviceOperation,64,89020.0
81920,,TilizeDeviceOperation,64,88981.0
90112,,TilizeDeviceOperation,64,88769.0
108544,,TilizeDeviceOperation,64,88530.0
155648,,TilizeDeviceOperation,64,88498.0
59392,,TilizeDeviceOperation,64,88253.0
114688,,TilizeDeviceOperation,64,88234.0
120832,,TilizeDeviceOperation,64,88209.0
2048,,TilizeDeviceOperation,64,88028.0
32768,,TilizeDeviceOperation,64,88005.0
163840,,TilizeDeviceOperation,64,87909.0
151552,,TilizeDeviceOperation,64,87809.0
106496,,TilizeDeviceOperation,64,87727.0
131072,,TilizeDeviceOperation,64,87595.0
40960,,TilizeDeviceOperation,64,87463.0
167936,,TilizeDeviceOperation,64,87406.0
4096,,TilizeDeviceOperation,64,87254.0
143360,,TilizeDeviceOperation,64,87195.0
94208,,TilizeDeviceOperation,64,87146.0
149504,,TilizeDeviceOperation,64,87042.0
137216,,TilizeDeviceOperation,64,86975.0
51200,,TilizeDeviceOperation,64,86868.0
124928,,TilizeDeviceOperation,64,86863.0
112640,,TilizeDeviceOperation,64,86858.0
47104,,TilizeDeviceOperation,64,86763.0
133120,,TilizeDeviceOperation,64,86581.0
34816,,TilizeDeviceOperation,64,86550.0
71680,,TilizeDeviceOperation,64,86491.0
77824,,TilizeDeviceOperation,64,86430.0
20480,,TilizeDeviceOperation,64,86164.0
26624,,TilizeDeviceOperation,64,86020.0
45056,,TilizeDeviceOperation,64,85771.0
1759232,1,MatmulDeviceOperation,54,82455.0
2225152,1,MatmulDeviceOperation,54,82267.0
1938432,1,MatmulDeviceOperation,54,82011.0
2010112,1,MatmulDeviceOperation,54,81715.0
2153472,1,MatmulDeviceOperation,54,81676.0
1580032,1,MatmulDeviceOperation,54,81606.0
1866752,1,MatmulDeviceOperation,54,81577.0
1974272,1,MatmulDeviceOperation,54,81496.0
1295360,1,MatmulDeviceOperation,54,81450.0
2045952,1,MatmulDeviceOperation,54,81418.0
2260992,1,MatmulDeviceOperation,54,81416.0
1472512,1,MatmulDeviceOperation,54,81396.0
1436672,1,MatmulDeviceOperation,54,81286.0
1615872,1,MatmulDeviceOperation,54,81249.0
1830912,1,MatmulDeviceOperation,54,81202.0
1723392,1,MatmulDeviceOperation,54,81177.0
1508352,1,MatmulDeviceOperation,54,80910.0
1400832,1,MatmulDeviceOperation,54,80812.0
1544192,1,MatmulDeviceOperation,54,80613.0
2296832,1,MatmulDeviceOperation,53,80603.0
1902592,1,MatmulDeviceOperation,54,80556.0
606208,,MatmulDeviceOperation,54,80257.0
427008,,MatmulDeviceOperation,54,80200.0
319488,,MatmulDeviceOperation,54,80079.0
1651712,1,MatmulDeviceOperation,54,80027.0
1795072,1,MatmulDeviceOperation,54,79976.0
1107968,,MatmulDeviceOperation,54,79874.0
642048,,MatmulDeviceOperation,54,79806.0
749568,,MatmulDeviceOperation,54,79784.0
283648,,MatmulDeviceOperation,54,79667.0
2189312,1,MatmulDeviceOperation,54,79667.0
1364992,1,MatmulDeviceOperation,54,79633.0
391168,,MatmulDeviceOperation,54,79563.0
1687552,1,MatmulDeviceOperation,54,79531.0
2117632,1,MatmulDeviceOperation,54,79455.0
1143808,,MatmulDeviceOperation,54,79454.0
462848,,MatmulDeviceOperation,54,79363.0
1215488,,MatmulDeviceOperation,54,79313.0
534528,,MatmulDeviceOperation,54,79154.0
1036288,,MatmulDeviceOperation,54,79153.0
2081792,1,MatmulDeviceOperation,54,79152.0
1072128,,MatmulDeviceOperation,54,79127.0
214016,,MatmulDeviceOperation,54,79091.0
713728,,MatmulDeviceOperation,54,79071.0
928768,,MatmulDeviceOperation,54,78955.0
677888,,MatmulDeviceOperation,54,78823.0
964608,,MatmulDeviceOperation,54,78788.0
570368,,MatmulDeviceOperation,54,78707.0
785408,,MatmulDeviceOperation,54,78675.0
892928,,MatmulDeviceOperation,54,78524.0
498688,,MatmulDeviceOperation,54,78468.0
857088,,MatmulDeviceOperation,54,78459.0
1179648,,MatmulDeviceOperation,54,78346.0
355328,,MatmulDeviceOperation,54,78175.0
821248,,MatmulDeviceOperation,54,77978.0
1000448,,MatmulDeviceOperation,54,77801.0
444416,,SdpaDecodeDeviceOperation,64,72325.0
2242560,1,SdpaDecodeDeviceOperation,64,72263.0
1884160,1,SdpaDecodeDeviceOperation,64,72064.0
1669120,1,SdpaDecodeDeviceOperation,64,72009.0
1597440,1,SdpaDecodeDeviceOperation,64,71793.0
1955840,1,SdpaDecodeDeviceOperation,64,71717.0
261120,,SdpaDecodeDeviceOperation,64,71591.0
910336,,SdpaDecodeDeviceOperation,64,71455.0
372736,,SdpaDecodeDeviceOperation,64,71372.0
766976,,SdpaDecodeDeviceOperation,64,71333.0
1342464,1,SdpaDecodeDeviceOperation,64,71248.0
1382400,1,SdpaDecodeDeviceOperation,64,71241.0
2170880,1,SdpaDecodeDeviceOperation,64,71225.0
838656,,SdpaDecodeDeviceOperation,64,71114.0
874496,,SdpaDecodeDeviceOperation,64,71037.0
1125376,,SdpaDecodeDeviceOperation,64,71034.0
1525760,1,SdpaDecodeDeviceOperation,64,70962.0
1017856,,SdpaDecodeDeviceOperation,64,70879.0
731136,,SdpaDecodeDeviceOperation,64,70835.0
1454080,1,SdpaDecodeDeviceOperation,64,70830.0
1812480,1,SdpaDecodeDeviceOperation,64,70807.0
336896,,SdpaDecodeDeviceOperation,64,70744.0
1920000,1,SdpaDecodeDeviceOperation,64,70686.0
408576,,SdpaDecodeDeviceOperation,64,70666.0
1704960,1,SdpaDecodeDeviceOperation,64,70642.0
84992,,TypecastDeviceOperation,64,70634.0
1740800,1,SdpaDecodeDeviceOperation,64,70614.0
1197056,,SdpaDecodeDeviceOperation,64,70600.0
1232896,,SdpaDecodeDeviceOperation,64,70503.0
301056,,SdpaDecodeDeviceOperation,64,70497.0
1161216,,SdpaDecodeDeviceOperation,64,70484.0
2099200,1,SdpaDecodeDeviceOperation,64,70470.0
134144,,TypecastDeviceOperation,64,70453.0
27648,,TypecastDeviceOperation,64,70369.0
1089536,,SdpaDecodeDeviceOperation,64,70324.0
659456,,SdpaDecodeDeviceOperation,64,70305.0
587776,,SdpaDecodeDeviceOperation,64,70299.0
46080,,TypecastDeviceOperation,64,70274.0
551936,,SdpaDecodeDeviceOperation,64,70208.0
480256,,SdpaDecodeDeviceOperation,64,70184.0
695296,,SdpaDecodeDeviceOperation,64,70166.0
66560,,TypecastDeviceOperation,64,70128.0
64512,,TypecastDeviceOperation,64,70092.0
156672,,TypecastDeviceOperation,64,70026.0
1053696,,SdpaDecodeDeviceOperation,64,69936.0
76800,,TypecastDeviceOperation,64,69935.0
2206720,1,SdpaDecodeDeviceOperation,64,69877.0
2314240,1,SdpaDecodeDeviceOperation,63,69827.0
1489920,1,SdpaDecodeDeviceOperation,64,69659.0
35840,,TypecastDeviceOperation,64,69620.0
97280,,TypecastDeviceOperation,64,69599.0
1776640,1,SdpaDecodeDeviceOperation,64,69548.0
54272,,TypecastDeviceOperation,64,69486.0
623616,,SdpaDecodeDeviceOperation,64,69460.0
982016,,SdpaDecodeDeviceOperation,64,69451.0
164864,,TypecastDeviceOperation,64,69443.0
946176,,SdpaDecodeDeviceOperation,64,69423.0
103424,,TypecastDeviceOperation,64,69378.0
89088,,TypecastDeviceOperation,64,69373.0
107520,,TypecastDeviceOperation,64,69364.0
17408,,TypecastDeviceOperation,64,69279.0
802816,,SdpaDecodeDeviceOperation,64,69237.0
2027520,1,SdpaDecodeDeviceOperation,64,69237.0
1848320,1,SdpaDecodeDeviceOperation,64,69179.0
2278400,1,SdpaDecodeDeviceOperation,64,69117.0
78848,,TypecastDeviceOperation,64,69113.0
144384,,TypecastDeviceOperation,64,69109.0
48128,,TypecastDeviceOperation,64,69093.0
9216,,TypecastDeviceOperation,64,69090.0
1991680,1,SdpaDecodeDeviceOperation,64,69016.0
1633280,1,SdpaDecodeDeviceOperation,64,68994.0
15360,,TypecastDeviceOperation,64,68965.0
58368,,TypecastDeviceOperation,64,68941.0
1418240,1,SdpaDecodeDeviceOperation,64,68939.0
115712,,TypecastDeviceOperation,64,68934.0
1561600,1,SdpaDecodeDeviceOperation,64,68835.0
5120,,TypecastDeviceOperation,64,68740.0
138240,,TypecastDeviceOperation,64,68738.0
162816,,TypecastDeviceOperation,64,68733.0
23552,,TypecastDeviceOperation,64,68730.0
95232,,TypecastDeviceOperation,64,68666.0
125952,,TypecastDeviceOperation,64,68663.0
60416,,TypecastDeviceOperation,64,68637.0
82944,,TypecastDeviceOperation,64,68606.0
146432,,TypecastDeviceOperation,64,68540.0
72704,,TypecastDeviceOperation,64,68534.0
128000,,TypecastDeviceOperation,64,68533.0
171008,,TypecastDeviceOperation,64,68503.0
121856,,TypecastDeviceOperation,64,68471.0
152576,,TypecastDeviceOperation,64,68422.0
158720,,TypecastDeviceOperation,64,68402.0
109568,,TypecastDeviceOperation,64,68381.0
113664,,TypecastDeviceOperation,64,68373.0
29696,,TypecastDeviceOperation,64,68316.0
2135040,1,SdpaDecodeDeviceOperation,64,68282.0
119808,,TypecastDeviceOperation,64,68266.0
3072,,TypecastDeviceOperation,64,68256.0
516096,,SdpaDecodeDeviceOperation,64,68225.0
39936,,TypecastDeviceOperation,64,68146.0
2063360,1,SdpaDecodeDeviceOperation,64,68130.0
11264,,TypecastDeviceOperation,64,68022.0
132096,,TypecastDeviceOperation,64,68022.0
101376,,TypecastDeviceOperation,64,68020.0
41984,,TypecastDeviceOperation,64,67924.0
140288,,TypecastDeviceOperation,64,67919.0
150528,,TypecastDeviceOperation,64,67890.0
168960,,TypecastDeviceOperation,64,67727.0
91136,,TypecastDeviceOperation,64,67667.0
33792,,TypecastDeviceOperation,64,67630.0
21504,,TypecastDeviceOperation,64,67616.0
70656,,TypecastDeviceOperation,64,67549.0
52224,,TypecastDeviceOperation,64,67058.0
1252352,,ShardedToInterleavedDeviceOperation,64,63539.0
2333696,1,ShardedToInterleavedDeviceOperation,56,58003.0
1713152,1,MatmulDeviceOperation,48,55569.0
2071552,1,MatmulDeviceOperation,48,55439.0
1241088,,MatmulDeviceOperation,48,55287.0
1928192,1,MatmulDeviceOperation,48,55133.0
1462272,1,MatmulDeviceOperation,48,54985.0
1820672,1,MatmulDeviceOperation,48,54942.0
2286592,1,MatmulDeviceOperation,47,54941.0
416768,,MatmulDeviceOperation,48,54726.0
1748992,1,MatmulDeviceOperation,48,54528.0
990208,,MatmulDeviceOperation,48,54311.0
2322432,1,MatmulDeviceOperation,44,54278.0
309248,,MatmulDeviceOperation,48,54215.0
1097728,,MatmulDeviceOperation,48,54146.0
1426432,1,MatmulDeviceOperation,48,54089.0
667648,,MatmulDeviceOperation,48,54014.0
1605632,1,MatmulDeviceOperation,48,53917.0
380928,,MatmulDeviceOperation,48,53879.0
1964032,1,MatmulDeviceOperation,48,53850.0
811008,,MatmulDeviceOperation,48,53812.0
1856512,1,MatmulDeviceOperation,48,53803.0
595968,,MatmulDeviceOperation,48,53584.0
1999872,1,MatmulDeviceOperation,48,53581.0
2214912,1,MatmulDeviceOperation,48,53474.0
1533952,1,MatmulDeviceOperation,48,53359.0
2250752,1,MatmulDeviceOperation,48,53358.0
1133568,,MatmulDeviceOperation,48,53286.0
1892352,1,MatmulDeviceOperation,48,53239.0
1061888,,MatmulDeviceOperation,48,53231.0
2035712,1,MatmulDeviceOperation,48,53152.0
273408,,MatmulDeviceOperation,48,53044.0
775168,,MatmulDeviceOperation,48,53039.0
1169408,,MatmulDeviceOperation,48,53018.0
488448,,MatmulDeviceOperation,48,52989.0
560128,,MatmulDeviceOperation,48,52979.0
1026048,,MatmulDeviceOperation,48,52932.0
2143232,1,MatmulDeviceOperation,48,52906.0
1390592,1,MatmulDeviceOperation,48,52905.0
1205248,,MatmulDeviceOperation,48,52902.0
1354752,1,MatmulDeviceOperation,48,52881.0
1677312,1,MatmulDeviceOperation,48,52793.0
882688,,MatmulDeviceOperation,48,52727.0
1784832,1,MatmulDeviceOperation,48,52651.0
452608,,MatmulDeviceOperation,48,52595.0
703488,,MatmulDeviceOperation,48,52588.0
1498112,1,MatmulDeviceOperation,48,52587.0
1569792,1,MatmulDeviceOperation,48,52471.0
1641472,1,MatmulDeviceOperation,48,52449.0
2179072,1,MatmulDeviceOperation,48,52397.0
524288,,MatmulDeviceOperation,48,52391.0
918528,,MatmulDeviceOperation,48,52342.0
846848,,MatmulDeviceOperation,48,52266.0
739328,,MatmulDeviceOperation,48,52047.0
631808,,MatmulDeviceOperation,48,52003.0
345088,,MatmulDeviceOperation,48,51936.0
2107392,1,MatmulDeviceOperation,48,51838.0
954368,,MatmulDeviceOperation,48,51699.0
1292288,1,EmbeddingsDeviceOperation,1,29731.0
210944,,EmbeddingsDeviceOperation,1,29350.0
1164288,,TernaryDeviceOperation,64,28404.0
841728,,TernaryDeviceOperation,64,28296.0
1235968,,TernaryDeviceOperation,64,28225.0
985088,,TernaryDeviceOperation,64,28203.0
877568,,TernaryDeviceOperation,64,28162.0
949248,,TernaryDeviceOperation,64,28134.0
1020928,,TernaryDeviceOperation,64,28120.0
913408,,TernaryDeviceOperation,64,28092.0
519168,,TernaryDeviceOperation,64,28090.0
304128,,TernaryDeviceOperation,64,28076.0
734208,,TernaryDeviceOperation,64,28071.0
1056768,,TernaryDeviceOperation,64,28071.0
590848,,TernaryDeviceOperation,64,28039.0
626688,,TernaryDeviceOperation,64,28011.0
698368,,TernaryDeviceOperation,64,28011.0
1092608,,TernaryDeviceOperation,64,28004.0
805888,,TernaryDeviceOperation,64,28000.0
662528,,TernaryDeviceOperation,64,27986.0
1128448,,TernaryDeviceOperation,64,27963.0
339968,,TernaryDeviceOperation,64,27954.0
375808,,TernaryDeviceOperation,64,27948.0
1200128,,TernaryDeviceOperation,64,27933.0
555008,,TernaryDeviceOperation,64,27919.0
268288,,TernaryDeviceOperation,64,27917.0
447488,,TernaryDeviceOperation,64,27914.0
770048,,TernaryDeviceOperation,64,27898.0
411648,,TernaryDeviceOperation,64,27892.0
483328,,TernaryDeviceOperation,64,27838.0
1528832,1,TernaryDeviceOperation,64,27241.0
2030592,1,TernaryDeviceOperation,64,27062.0
1457152,1,TernaryDeviceOperation,64,26677.0
2281472,1,TernaryDeviceOperation,63,26625.0
2173952,1,TernaryDeviceOperation,64,26571.0
1672192,1,TernaryDeviceOperation,64,26543.0
2209792,1,TernaryDeviceOperation,64,26508.0
1743872,1,TernaryDeviceOperation,64,26440.0
1851392,1,TernaryDeviceOperation,64,26420.0
1923072,1,TernaryDeviceOperation,64,26415.0
1887232,1,TernaryDeviceOperation,64,26355.0
2317312,1,TernaryDeviceOperation,63,26323.0
1385472,1,TernaryDeviceOperation,64,26309.0
1779712,1,TernaryDeviceOperation,64,26299.0
2245632,1,TernaryDeviceOperation,64,26298.0
1492992,1,TernaryDeviceOperation,64,26287.0
1564672,1,TernaryDeviceOperation,64,26220.0
1815552,1,TernaryDeviceOperation,64,26200.0
1994752,1,TernaryDeviceOperation,64,26151.0
1958912,1,TernaryDeviceOperation,64,26144.0
2102272,1,TernaryDeviceOperation,64,26144.0
1421312,1,TernaryDeviceOperation,64,26112.0
2066432,1,TernaryDeviceOperation,64,26077.0
2138112,1,TernaryDeviceOperation,64,26001.0
1708032,1,TernaryDeviceOperation,64,26000.0
1349632,1,TernaryDeviceOperation,64,25945.0
1636352,1,TernaryDeviceOperation,64,25875.0
1600512,1,TernaryDeviceOperation,64,25863.0
1323008,1,TernaryDeviceOperation,64,24734.0
241664,,TernaryDeviceOperation,64,24713.0
256000,,TilizeWithValPaddingDeviceOperation,32,19411.0
1337344,1,TilizeWithValPaddingDeviceOperation,32,19300.0
691200,,RotaryEmbeddingDeviceOperation,32,18671.0
934912,,RotaryEmbeddingDeviceOperation,32,18151.0
1521664,1,RotaryEmbeddingDeviceOperation,32,18115.0
404480,,RotaryEmbeddingDeviceOperation,32,18046.0
798720,,RotaryEmbeddingDeviceOperation,32,17991.0
1228800,,RotaryEmbeddingDeviceOperation,32,17983.0
2302976,1,RotaryEmbeddingDeviceOperation,31,17938.0
468992,,RotaryEmbeddingDeviceOperation,32,17915.0
684032,,RotaryEmbeddingDeviceOperation,32,17907.0
1192960,,RotaryEmbeddingDeviceOperation,32,17892.0
1980416,1,RotaryEmbeddingDeviceOperation,32,17875.0
368640,,RotaryEmbeddingDeviceOperation,32,17873.0
1872896,1,RotaryEmbeddingDeviceOperation,32,17856.0
1629184,1,RotaryEmbeddingDeviceOperation,32,17831.0
1042432,,RotaryEmbeddingDeviceOperation,32,17828.0
1622016,1,RotaryEmbeddingDeviceOperation,32,17824.0
2202624,1,RotaryEmbeddingDeviceOperation,32,17809.0
1729536,1,RotaryEmbeddingDeviceOperation,32,17797.0
834560,,RotaryEmbeddingDeviceOperation,32,17769.0
727040,,RotaryEmbeddingDeviceOperation,32,17766.0
1550336,1,RotaryEmbeddingDeviceOperation,32,17758.0
1880064,1,RotaryEmbeddingDeviceOperation,32,17757.0
791552,,RotaryEmbeddingDeviceOperation,32,17741.0
540672,,RotaryEmbeddingDeviceOperation,32,17739.0
433152,,RotaryEmbeddingDeviceOperation,32,17734.0
1006592,,RotaryEmbeddingDeviceOperation,32,17733.0
1049600,,RotaryEmbeddingDeviceOperation,32,17728.0
970752,,RotaryEmbeddingDeviceOperation,32,17720.0
863232,,RotaryEmbeddingDeviceOperation,32,17719.0
612352,,RotaryEmbeddingDeviceOperation,32,17716.0
1114112,,RotaryEmbeddingDeviceOperation,32,17712.0
2195456,1,RotaryEmbeddingDeviceOperation,32,17706.0
1149952,,RotaryEmbeddingDeviceOperation,32,17704.0
755712,,RotaryEmbeddingDeviceOperation,32,17694.0
296960,,RotaryEmbeddingDeviceOperation,32,17688.0
1121280,,RotaryEmbeddingDeviceOperation,32,17680.0
1908736,1,RotaryEmbeddingDeviceOperation,32,17675.0
289792,,RotaryEmbeddingDeviceOperation,32,17665.0
2016256,1,RotaryEmbeddingDeviceOperation,32,17665.0
619520,,RotaryEmbeddingDeviceOperation,32,17657.0
977920,,RotaryEmbeddingDeviceOperation,32,17656.0
361472,,RotaryEmbeddingDeviceOperation,32,17648.0
899072,,RotaryEmbeddingDeviceOperation,32,17645.0
827392,,RotaryEmbeddingDeviceOperation,32,17642.0
332800,,RotaryEmbeddingDeviceOperation,32,17637.0
870400,,RotaryEmbeddingDeviceOperation,32,17634.0
906240,,RotaryEmbeddingDeviceOperation,32,17633.0
583680,,RotaryEmbeddingDeviceOperation,32,17632.0
1765376,1,RotaryEmbeddingDeviceOperation,32,17629.0
440320,,RotaryEmbeddingDeviceOperation,32,17621.0
1514496,1,RotaryEmbeddingDeviceOperation,32,17620.0
1185792,,RotaryEmbeddingDeviceOperation,32,17618.0
1314816,1,RotaryEmbeddingDeviceOperation,32,17601.0
1557504,1,RotaryEmbeddingDeviceOperation,32,17601.0
512000,,RotaryEmbeddingDeviceOperation,32,17595.0
1414144,1,RotaryEmbeddingDeviceOperation,32,17587.0
1657856,1,RotaryEmbeddingDeviceOperation,32,17583.0
325632,,RotaryEmbeddingDeviceOperation,32,17572.0
762880,,RotaryEmbeddingDeviceOperation,32,17555.0
1221632,,RotaryEmbeddingDeviceOperation,32,17547.0
1478656,1,RotaryEmbeddingDeviceOperation,32,17547.0
504832,,RotaryEmbeddingDeviceOperation,32,17544.0
1736704,1,RotaryEmbeddingDeviceOperation,32,17534.0
942080,,RotaryEmbeddingDeviceOperation,32,17529.0
1987584,1,RotaryEmbeddingDeviceOperation,32,17519.0
2059264,1,RotaryEmbeddingDeviceOperation,32,17502.0
1085440,,RotaryEmbeddingDeviceOperation,32,17500.0
1078272,,RotaryEmbeddingDeviceOperation,32,17495.0
1406976,1,RotaryEmbeddingDeviceOperation,32,17492.0
397312,,RotaryEmbeddingDeviceOperation,32,17472.0
2159616,1,RotaryEmbeddingDeviceOperation,32,17469.0
1844224,1,RotaryEmbeddingDeviceOperation,32,17462.0
1157120,,RotaryEmbeddingDeviceOperation,32,17443.0
249856,,RotaryEmbeddingDeviceOperation,32,17412.0
1915904,1,RotaryEmbeddingDeviceOperation,32,17407.0
2238464,1,RotaryEmbeddingDeviceOperation,32,17390.0
2267136,1,RotaryEmbeddingDeviceOperation,32,17382.0
1801216,1,RotaryEmbeddingDeviceOperation,32,17376.0
547840,,RotaryEmbeddingDeviceOperation,32,17348.0
233472,,RotaryEmbeddingDeviceOperation,32,17332.0
576512,,RotaryEmbeddingDeviceOperation,32,17311.0
2130944,1,RotaryEmbeddingDeviceOperation,32,17304.0
2166784,1,RotaryEmbeddingDeviceOperation,32,17288.0
1442816,1,RotaryEmbeddingDeviceOperation,32,17284.0
1449984,1,RotaryEmbeddingDeviceOperation,32,17273.0
719872,,RotaryEmbeddingDeviceOperation,32,17250.0
648192,,RotaryEmbeddingDeviceOperation,32,17214.0
655360,,RotaryEmbeddingDeviceOperation,32,17211.0
1013760,,RotaryEmbeddingDeviceOperation,32,17180.0
2052096,1,RotaryEmbeddingDeviceOperation,32,17170.0
476160,,RotaryEmbeddingDeviceOperation,32,17161.0
1371136,1,RotaryEmbeddingDeviceOperation,32,17148.0
1586176,1,RotaryEmbeddingDeviceOperation,32,17129.0
2123776,1,RotaryEmbeddingDeviceOperation,32,17081.0
1808384,1,RotaryEmbeddingDeviceOperation,32,17063.0
2310144,1,RotaryEmbeddingDeviceOperation,31,17061.0
1951744,1,RotaryEmbeddingDeviceOperation,32,17042.0
2231296,1,RotaryEmbeddingDeviceOperation,32,17020.0
2087936,1,RotaryEmbeddingDeviceOperation,32,16985.0
1944576,1,RotaryEmbeddingDeviceOperation,32,16959.0
1665024,1,RotaryEmbeddingDeviceOperation,32,16946.0
1693696,1,RotaryEmbeddingDeviceOperation,32,16941.0
1837056,1,RotaryEmbeddingDeviceOperation,32,16925.0
1331200,1,RotaryEmbeddingDeviceOperation,32,16908.0
1378304,1,RotaryEmbeddingDeviceOperation,32,16876.0
1772544,1,RotaryEmbeddingDeviceOperation,32,16862.0
1593344,1,RotaryEmbeddingDeviceOperation,32,16857.0
2023424,1,RotaryEmbeddingDeviceOperation,32,16812.0
1485824,1,RotaryEmbeddingDeviceOperation,32,16782.0
1700864,1,RotaryEmbeddingDeviceOperation,32,16772.0
2095104,1,RotaryEmbeddingDeviceOperation,32,16769.0
2274304,1,RotaryEmbeddingDeviceOperation,32,16644.0
208896,,ReshapeViewDeviceOperation,64,16608.0
1290240,1,ReshapeViewDeviceOperation,64,16393.0
2056192,1,PagedUpdateCacheDeviceOperation,32,15998.0
1590272,1,PagedUpdateCacheDeviceOperation,32,15913.0
2013184,1,PagedUpdateCacheDeviceOperation,32,15387.0
1299456,1,PagedUpdateCacheDeviceOperation,32,15242.0
1941504,1,PagedUpdateCacheDeviceOperation,32,15211.0
2307072,1,PagedUpdateCacheDeviceOperation,31,15129.0
1726464,1,PagedUpdateCacheDeviceOperation,32,15087.0
1403904,1,PagedUpdateCacheDeviceOperation,32,15084.0
1518592,1,PagedUpdateCacheDeviceOperation,32,14997.0
322560,,PagedUpdateCacheDeviceOperation,32,14983.0
1869824,1,PagedUpdateCacheDeviceOperation,32,14852.0
1697792,1,PagedUpdateCacheDeviceOperation,32,14783.0
2299904,1,PagedUpdateCacheDeviceOperation,31,14776.0
1948672,1,PagedUpdateCacheDeviceOperation,32,14729.0
1833984,1,PagedUpdateCacheDeviceOperation,32,14696.0
1876992,1,PagedUpdateCacheDeviceOperation,32,14663.0
2235392,1,PagedUpdateCacheDeviceOperation,32,14652.0
2127872,1,PagedUpdateCacheDeviceOperation,32,14650.0
2199552,1,PagedUpdateCacheDeviceOperation,32,14646.0
2271232,1,PagedUpdateCacheDeviceOperation,32,14641.0
2192384,1,PagedUpdateCacheDeviceOperation,32,14626.0
1618944,1,PagedUpdateCacheDeviceOperation,32,14616.0
365568,,PagedUpdateCacheDeviceOperation,32,14608.0
1511424,1,PagedUpdateCacheDeviceOperation,32,14594.0
1111040,,PagedUpdateCacheDeviceOperation,32,14587.0
1733632,1,PagedUpdateCacheDeviceOperation,32,14577.0
1046528,,PagedUpdateCacheDeviceOperation,32,14558.0
473088,,PagedUpdateCacheDeviceOperation,32,14510.0
1482752,1,PagedUpdateCacheDeviceOperation,32,14479.0
967680,,PagedUpdateCacheDeviceOperation,32,14474.0
1375232,1,PagedUpdateCacheDeviceOperation,32,14472.0
903168,,PagedUpdateCacheDeviceOperation,32,14420.0
1411072,1,PagedUpdateCacheDeviceOperation,32,14419.0
795648,,PagedUpdateCacheDeviceOperation,32,14415.0
1446912,1,PagedUpdateCacheDeviceOperation,32,14408.0
1547264,1,PagedUpdateCacheDeviceOperation,32,14406.0
1769472,1,PagedUpdateCacheDeviceOperation,32,14400.0
1805312,1,PagedUpdateCacheDeviceOperation,32,14396.0
329728,,PagedUpdateCacheDeviceOperation,32,14390.0
1475584,1,PagedUpdateCacheDeviceOperation,32,14382.0
1626112,1,PagedUpdateCacheDeviceOperation,32,14376.0
867328,,PagedUpdateCacheDeviceOperation,32,14363.0
2156544,1,PagedUpdateCacheDeviceOperation,32,14362.0
2264064,1,PagedUpdateCacheDeviceOperation,32,14360.0
358400,,PagedUpdateCacheDeviceOperation,32,14343.0
286720,,PagedUpdateCacheDeviceOperation,32,14337.0
1003520,,PagedUpdateCacheDeviceOperation,32,14276.0
1583104,1,PagedUpdateCacheDeviceOperation,32,14225.0
465920,,PagedUpdateCacheDeviceOperation,32,14217.0
430080,,PagedUpdateCacheDeviceOperation,32,14203.0
508928,,PagedUpdateCacheDeviceOperation,32,14196.0
1146880,,PagedUpdateCacheDeviceOperation,32,14183.0
1039360,,PagedUpdateCacheDeviceOperation,32,14170.0
1118208,,PagedUpdateCacheDeviceOperation,32,14164.0
1368064,1,PagedUpdateCacheDeviceOperation,32,14161.0
974848,,PagedUpdateCacheDeviceOperation,32,14151.0
293888,,PagedUpdateCacheDeviceOperation,32,14140.0
2163712,1,PagedUpdateCacheDeviceOperation,32,14136.0
788480,,PagedUpdateCacheDeviceOperation,32,14120.0
1654784,1,PagedUpdateCacheDeviceOperation,32,14112.0
537600,,PagedUpdateCacheDeviceOperation,32,14107.0
218112,,PagedUpdateCacheDeviceOperation,32,14086.0
1189888,,PagedUpdateCacheDeviceOperation,32,14086.0
1010688,,PagedUpdateCacheDeviceOperation,32,14050.0
501760,,PagedUpdateCacheDeviceOperation,32,14035.0
688128,,PagedUpdateCacheDeviceOperation,32,14031.0
1154048,,PagedUpdateCacheDeviceOperation,32,14028.0
896000,,PagedUpdateCacheDeviceOperation,32,14022.0
759808,,PagedUpdateCacheDeviceOperation,32,14014.0
1984512,1,PagedUpdateCacheDeviceOperation,32,14009.0
1225728,,PagedUpdateCacheDeviceOperation,32,13982.0
1905664,1,PagedUpdateCacheDeviceOperation,32,13976.0
931840,,PagedUpdateCacheDeviceOperation,32,13960.0
1218560,,PagedUpdateCacheDeviceOperation,32,13947.0
401408,,PagedUpdateCacheDeviceOperation,32,13942.0
716800,,PagedUpdateCacheDeviceOperation,32,13936.0
652288,,PagedUpdateCacheDeviceOperation,32,13935.0
580608,,PagedUpdateCacheDeviceOperation,32,13932.0
1661952,1,PagedUpdateCacheDeviceOperation,32,13926.0
2120704,1,PagedUpdateCacheDeviceOperation,32,13921.0
1690624,1,PagedUpdateCacheDeviceOperation,32,13917.0
544768,,PagedUpdateCacheDeviceOperation,32,13890.0
1977344,1,PagedUpdateCacheDeviceOperation,32,13885.0
2049024,1,PagedUpdateCacheDeviceOperation,32,13882.0
1318912,1,PagedUpdateCacheDeviceOperation,32,13879.0
860160,,PagedUpdateCacheDeviceOperation,32,13864.0
609280,,PagedUpdateCacheDeviceOperation,32,13863.0
2084864,1,PagedUpdateCacheDeviceOperation,32,13840.0
723968,,PagedUpdateCacheDeviceOperation,32,13836.0
437248,,PagedUpdateCacheDeviceOperation,32,13807.0
824320,,PagedUpdateCacheDeviceOperation,32,13805.0
939008,,PagedUpdateCacheDeviceOperation,32,13799.0
752640,,PagedUpdateCacheDeviceOperation,32,13778.0
394240,,PagedUpdateCacheDeviceOperation,32,13749.0
2020352,1,PagedUpdateCacheDeviceOperation,32,13749.0
831488,,PagedUpdateCacheDeviceOperation,32,13747.0
1082368,,PagedUpdateCacheDeviceOperation,32,13713.0
237568,,PagedUpdateCacheDeviceOperation,32,13699.0
1233920,,TypecastDeviceOperation,64,13697.0
1798144,1,PagedUpdateCacheDeviceOperation,32,13688.0
1762304,1,PagedUpdateCacheDeviceOperation,32,13669.0
1075200,,PagedUpdateCacheDeviceOperation,32,13614.0
1912832,1,PagedUpdateCacheDeviceOperation,32,13583.0
1182720,,PagedUpdateCacheDeviceOperation,32,13561.0
2228224,1,PagedUpdateCacheDeviceOperation,32,13561.0
1554432,1,PagedUpdateCacheDeviceOperation,32,13539.0
1841152,1,PagedUpdateCacheDeviceOperation,32,13523.0
1419264,1,TypecastDeviceOperation,64,13517.0
262144,,TypecastDeviceOperation,64,13440.0
616448,,PagedUpdateCacheDeviceOperation,32,13435.0
573440,,PagedUpdateCacheDeviceOperation,32,13431.0
244736,,TilizeWithValPaddingDeviceOperation,32,13424.0
983040,,TypecastDeviceOperation,64,13398.0
409600,,TypecastDeviceOperation,64,13384.0
696320,,TypecastDeviceOperation,64,13369.0
1439744,1,PagedUpdateCacheDeviceOperation,32,13347.0
680960,,PagedUpdateCacheDeviceOperation,32,13339.0
2279424,1,TypecastDeviceOperation,63,13311.0
645120,,PagedUpdateCacheDeviceOperation,32,13310.0
1670144,1,TypecastDeviceOperation,64,13306.0
2100224,1,TypecastDeviceOperation,64,13298.0
588800,,TypecastDeviceOperation,64,13286.0
1992704,1,TypecastDeviceOperation,64,13271.0
2207744,1,TypecastDeviceOperation,64,13218.0
1343488,1,TypecastDeviceOperation,64,13191.0
2092032,1,PagedUpdateCacheDeviceOperation,32,13153.0
732160,,TypecastDeviceOperation,64,13135.0
1885184,1,TypecastDeviceOperation,64,13134.0
2028544,1,TypecastDeviceOperation,64,13090.0
2171904,1,TypecastDeviceOperation,64,13090.0
1455104,1,TypecastDeviceOperation,64,13075.0
1054720,,TypecastDeviceOperation,64,13073.0
947200,,TypecastDeviceOperation,64,13071.0
1562624,1,TypecastDeviceOperation,64,13067.0
1326080,1,TilizeWithValPaddingDeviceOperation,32,13053.0
302080,,TypecastDeviceOperation,64,12961.0
911360,,TypecastDeviceOperation,64,12950.0
1813504,1,TypecastDeviceOperation,64,12927.0
660480,,TypecastDeviceOperation,64,12925.0
1126400,,TypecastDeviceOperation,64,12916.0
768000,,TypecastDeviceOperation,64,12914.0
624640,,TypecastDeviceOperation,64,12902.0
1634304,1,TypecastDeviceOperation,64,12811.0
373760,,TypecastDeviceOperation,64,12795.0
1490944,1,TypecastDeviceOperation,64,12783.0
2064384,1,TypecastDeviceOperation,64,12782.0
552960,,TypecastDeviceOperation,64,12765.0
1018880,,TypecastDeviceOperation,64,12746.0
1598464,1,TypecastDeviceOperation,64,12735.0
1162240,,TypecastDeviceOperation,64,12725.0
1705984,1,TypecastDeviceOperation,64,12708.0
1777664,1,TypecastDeviceOperation,64,12701.0
1526784,1,TypecastDeviceOperation,64,12690.0
839680,,TypecastDeviceOperation,64,12670.0
1921024,1,TypecastDeviceOperation,64,12657.0
1956864,1,TypecastDeviceOperation,64,12651.0
481280,,TypecastDeviceOperation,64,12649.0
1383424,1,TypecastDeviceOperation,64,12636.0
445440,,TypecastDeviceOperation,64,12615.0
2243584,1,TypecastDeviceOperation,64,12601.0
1849344,1,TypecastDeviceOperation,64,12600.0
875520,,TypecastDeviceOperation,64,12592.0
337920,,TypecastDeviceOperation,64,12578.0
2315264,1,TypecastDeviceOperation,63,12556.0
2136064,1,TypecastDeviceOperation,64,12537.0
1090560,,TypecastDeviceOperation,64,12535.0
803840,,TypecastDeviceOperation,64,12529.0
1741824,1,TypecastDeviceOperation,64,12443.0
1198080,,TypecastDeviceOperation,64,12435.0
517120,,TypecastDeviceOperation,64,12415.0
1294336,1,LayerNormDeviceOperation,48,12403.0
1356800,1,LayerNormDeviceOperation,48,12350.0
1786880,1,LayerNormDeviceOperation,48,12318.0
1392640,1,LayerNormDeviceOperation,48,12281.0
1428480,1,LayerNormDeviceOperation,48,12260.0
1715200,1,LayerNormDeviceOperation,48,12215.0
1650688,1,LayerNormDeviceOperation,48,12025.0
1438720,1,NLPCreateQKVHeadsDecodeDeviceOperation,32,11917.0
1607680,1,LayerNormDeviceOperation,48,11742.0
1966080,1,LayerNormDeviceOperation,48,11727.0
1679360,1,LayerNormDeviceOperation,48,11714.0
2001920,1,LayerNormDeviceOperation,48,11711.0
1643520,1,LayerNormDeviceOperation,48,11709.0
2037760,1,LayerNormDeviceOperation,48,11687.0
2216960,1,LayerNormDeviceOperation,48,11683.0
1894400,1,LayerNormDeviceOperation,48,11678.0
1571840,1,LayerNormDeviceOperation,48,11677.0
1858560,1,LayerNormDeviceOperation,48,11661.0
2181120,1,LayerNormDeviceOperation,48,11649.0
2252800,1,LayerNormDeviceOperation,48,11634.0
1500160,1,LayerNormDeviceOperation,48,11633.0
2073600,1,LayerNormDeviceOperation,48,11633.0
1822720,1,LayerNormDeviceOperation,48,11567.0
715776,,NLPCreateQKVHeadsDecodeDeviceOperation,32,11559.0
787456,,NLPCreateQKVHeadsDecodeDeviceOperation,32,11554.0
1536000,1,LayerNormDeviceOperation,48,11554.0
1464320,1,LayerNormDeviceOperation,48,11542.0
1145856,,NLPCreateQKVHeadsDecodeDeviceOperation,32,11536.0
1930240,1,LayerNormDeviceOperation,48,11531.0
536576,,NLPCreateQKVHeadsDecodeDeviceOperation,32,11529.0
285696,,NLPCreateQKVHeadsDecodeDeviceOperation,32,11528.0
1038336,,NLPCreateQKVHeadsDecodeDeviceOperation,32,11526.0
894976,,NLPCreateQKVHeadsDecodeDeviceOperation,32,11524.0
930816,,NLPCreateQKVHeadsDecodeDeviceOperation,32,11524.0
608256,,NLPCreateQKVHeadsDecodeDeviceOperation,32,11521.0
1217536,,NLPCreateQKVHeadsDecodeDeviceOperation,32,11512.0
2109440,1,LayerNormDeviceOperation,48,11508.0
859136,,NLPCreateQKVHeadsDecodeDeviceOperation,32,11503.0
393216,,NLPCreateQKVHeadsDecodeDeviceOperation,32,11502.0
1074176,,NLPCreateQKVHeadsDecodeDeviceOperation,32,11502.0
429056,,NLPCreateQKVHeadsDecodeDeviceOperation,32,11500.0
1110016,,NLPCreateQKVHeadsDecodeDeviceOperation,32,11498.0
679936,,NLPCreateQKVHeadsDecodeDeviceOperation,32,11488.0
464896,,NLPCreateQKVHeadsDecodeDeviceOperation,32,11482.0
216064,,NLPCreateQKVHeadsDecodeDeviceOperation,32,11481.0
357376,,NLPCreateQKVHeadsDecodeDeviceOperation,32,11480.0
1181696,,NLPCreateQKVHeadsDecodeDeviceOperation,32,11479.0
966656,,NLPCreateQKVHeadsDecodeDeviceOperation,32,11477.0
1002496,,NLPCreateQKVHeadsDecodeDeviceOperation,32,11474.0
823296,,NLPCreateQKVHeadsDecodeDeviceOperation,32,11465.0
500736,,NLPCreateQKVHeadsDecodeDeviceOperation,32,11464.0
751616,,NLPCreateQKVHeadsDecodeDeviceOperation,32,11455.0
321536,,NLPCreateQKVHeadsDecodeDeviceOperation,32,11452.0
1751040,1,LayerNormDeviceOperation,48,11448.0
572416,,NLPCreateQKVHeadsDecodeDeviceOperation,32,11446.0
644096,,NLPCreateQKVHeadsDecodeDeviceOperation,32,11441.0
2145280,1,LayerNormDeviceOperation,48,11360.0
1614848,1,LayerNormDeviceOperation,48,11325.0
1363968,1,LayerNormDeviceOperation,48,11308.0
2152448,1,LayerNormDeviceOperation,48,11252.0
2259968,1,LayerNormDeviceOperation,48,11229.0
2044928,1,LayerNormDeviceOperation,48,11216.0
2224128,1,LayerNormDeviceOperation,48,11189.0
1722368,1,LayerNormDeviceOperation,48,11175.0
1758208,1,LayerNormDeviceOperation,48,11174.0
1937408,1,LayerNormDeviceOperation,48,11172.0
1686528,1,LayerNormDeviceOperation,48,11170.0
1579008,1,LayerNormDeviceOperation,48,11164.0
1794048,1,LayerNormDeviceOperation,48,11161.0
2080768,1,LayerNormDeviceOperation,48,11154.0
1543168,1,LayerNormDeviceOperation,48,11153.0
2009088,1,LayerNormDeviceOperation,48,11151.0
1435648,1,LayerNormDeviceOperation,48,11150.0
2288640,1,LayerNormDeviceOperation,47,11147.0
1973248,1,LayerNormDeviceOperation,48,11144.0
2324480,1,LayerNormDeviceOperation,44,11143.0
2188288,1,LayerNormDeviceOperation,48,11142.0
2116608,1,LayerNormDeviceOperation,48,11141.0
1471488,1,LayerNormDeviceOperation,48,11139.0
1865728,1,LayerNormDeviceOperation,48,11128.0
2331648,1,LayerNormDeviceOperation,40,11125.0
1901568,1,LayerNormDeviceOperation,48,11122.0
2295808,1,LayerNormDeviceOperation,47,11121.0
1507328,1,LayerNormDeviceOperation,48,11115.0
1829888,1,LayerNormDeviceOperation,48,11115.0
1832960,1,NLPCreateQKVHeadsDecodeDeviceOperation,32,11107.0
1297408,1,NLPCreateQKVHeadsDecodeDeviceOperation,32,11103.0
1976320,1,NLPCreateQKVHeadsDecodeDeviceOperation,32,11094.0
1399808,1,LayerNormDeviceOperation,48,11092.0
2191360,1,NLPCreateQKVHeadsDecodeDeviceOperation,32,11082.0
1510400,1,NLPCreateQKVHeadsDecodeDeviceOperation,32,11066.0
1617920,1,NLPCreateQKVHeadsDecodeDeviceOperation,32,11060.0
2012160,1,NLPCreateQKVHeadsDecodeDeviceOperation,32,11059.0
2155520,1,NLPCreateQKVHeadsDecodeDeviceOperation,32,11059.0
1653760,1,NLPCreateQKVHeadsDecodeDeviceOperation,32,11057.0
1868800,1,NLPCreateQKVHeadsDecodeDeviceOperation,32,11057.0
2048000,1,NLPCreateQKVHeadsDecodeDeviceOperation,32,11041.0
1582080,1,NLPCreateQKVHeadsDecodeDeviceOperation,32,11028.0
1725440,1,NLPCreateQKVHeadsDecodeDeviceOperation,32,11025.0
1797120,1,NLPCreateQKVHeadsDecodeDeviceOperation,32,11021.0
1402880,1,NLPCreateQKVHeadsDecodeDeviceOperation,32,11020.0
2298880,1,NLPCreateQKVHeadsDecodeDeviceOperation,31,11013.0
1940480,1,NLPCreateQKVHeadsDecodeDeviceOperation,32,11012.0
2083840,1,NLPCreateQKVHeadsDecodeDeviceOperation,32,11012.0
2227200,1,NLPCreateQKVHeadsDecodeDeviceOperation,32,11007.0
1546240,1,NLPCreateQKVHeadsDecodeDeviceOperation,32,11005.0
1904640,1,NLPCreateQKVHeadsDecodeDeviceOperation,32,11002.0
1367040,1,NLPCreateQKVHeadsDecodeDeviceOperation,32,11000.0
1474560,1,NLPCreateQKVHeadsDecodeDeviceOperation,32,10988.0
2119680,1,NLPCreateQKVHeadsDecodeDeviceOperation,32,10985.0
1689600,1,NLPCreateQKVHeadsDecodeDeviceOperation,32,10983.0
1761280,1,NLPCreateQKVHeadsDecodeDeviceOperation,32,10978.0
2263040,1,NLPCreateQKVHeadsDecodeDeviceOperation,32,10970.0
891904,,LayerNormDeviceOperation,48,10915.0
2148352,1,BinaryNgDeviceOperation,64,10915.0
1933312,1,BinaryNgDeviceOperation,64,10914.0
1359872,1,BinaryNgDeviceOperation,64,10913.0
1646592,1,BinaryNgDeviceOperation,64,10911.0
712704,,LayerNormDeviceOperation,48,10906.0
784384,,LayerNormDeviceOperation,48,10905.0
1063936,,LayerNormDeviceOperation,48,10904.0
920576,,LayerNormDeviceOperation,48,10900.0
1574912,1,BinaryNgDeviceOperation,64,10900.0
1789952,1,BinaryNgDeviceOperation,64,10900.0
2076672,1,BinaryNgDeviceOperation,64,10900.0
705536,,LayerNormDeviceOperation,48,10899.0
1035264,,LayerNormDeviceOperation,48,10898.0
1071104,,LayerNormDeviceOperation,48,10897.0
748544,,LayerNormDeviceOperation,48,10894.0
425984,,LayerNormDeviceOperation,48,10891.0
641024,,LayerNormDeviceOperation,48,10891.0
533504,,LayerNormDeviceOperation,48,10890.0
1861632,1,BinaryNgDeviceOperation,64,10890.0
2220032,1,BinaryNgDeviceOperation,64,10889.0
282624,,LayerNormDeviceOperation,48,10888.0
1718272,1,BinaryNgDeviceOperation,64,10888.0
1106944,,LayerNormDeviceOperation,48,10887.0
569344,,LayerNormDeviceOperation,48,10886.0
956416,,LayerNormDeviceOperation,48,10886.0
382976,,LayerNormDeviceOperation,48,10885.0
633856,,LayerNormDeviceOperation,48,10884.0
2004992,1,BinaryNgDeviceOperation,64,10884.0
1431552,1,BinaryNgDeviceOperation,64,10883.0
1897472,1,BinaryNgDeviceOperation,64,10883.0
1214464,,LayerNormDeviceOperation,48,10881.0
1503232,1,BinaryNgDeviceOperation,64,10881.0
1395712,1,BinaryNgDeviceOperation,64,10880.0
1610752,1,BinaryNgDeviceOperation,64,10880.0
1243136,,LayerNormDeviceOperation,48,10878.0
1682432,1,BinaryNgDeviceOperation,64,10878.0
1825792,1,BinaryNgDeviceOperation,64,10878.0
1754112,1,BinaryNgDeviceOperation,64,10877.0
311296,,LayerNormDeviceOperation,48,10876.0
1178624,,LayerNormDeviceOperation,48,10876.0
1969152,1,BinaryNgDeviceOperation,64,10876.0
2291712,1,BinaryNgDeviceOperation,63,10876.0
1135616,,LayerNormDeviceOperation,48,10875.0
2255872,1,BinaryNgDeviceOperation,64,10875.0
2112512,1,BinaryNgDeviceOperation,64,10874.0
526336,,LayerNormDeviceOperation,48,10872.0
848896,,LayerNormDeviceOperation,48,10872.0
1539072,1,BinaryNgDeviceOperation,64,10872.0
2184192,1,BinaryNgDeviceOperation,64,10871.0
856064,,LayerNormDeviceOperation,48,10870.0
1099776,,LayerNormDeviceOperation,48,10870.0
2327552,1,BinaryNgDeviceOperation,56,10870.0
927744,,LayerNormDeviceOperation,48,10868.0
497664,,LayerNormDeviceOperation,48,10866.0
2040832,1,BinaryNgDeviceOperation,64,10866.0
354304,,LayerNormDeviceOperation,48,10865.0
318464,,LayerNormDeviceOperation,48,10864.0
390144,,LayerNormDeviceOperation,48,10864.0
676864,,LayerNormDeviceOperation,48,10864.0
275456,,LayerNormDeviceOperation,48,10863.0
777216,,LayerNormDeviceOperation,48,10861.0
813056,,LayerNormDeviceOperation,48,10861.0
1171456,,LayerNormDeviceOperation,48,10861.0
1207296,,LayerNormDeviceOperation,48,10861.0
347136,,LayerNormDeviceOperation,48,10860.0
999424,,LayerNormDeviceOperation,48,10860.0
820224,,LayerNormDeviceOperation,48,10859.0
1467392,1,BinaryNgDeviceOperation,64,10859.0
461824,,LayerNormDeviceOperation,48,10857.0
669696,,LayerNormDeviceOperation,48,10857.0
1028096,,LayerNormDeviceOperation,48,10856.0
605184,,LayerNormDeviceOperation,48,10854.0
212992,,LayerNormDeviceOperation,48,10852.0
490496,,LayerNormDeviceOperation,48,10852.0
992256,,LayerNormDeviceOperation,48,10852.0
1142784,,LayerNormDeviceOperation,48,10848.0
963584,,LayerNormDeviceOperation,48,10846.0
454656,,LayerNormDeviceOperation,48,10844.0
598016,,LayerNormDeviceOperation,48,10841.0
884736,,LayerNormDeviceOperation,48,10841.0
418816,,LayerNormDeviceOperation,48,10837.0
1250304,,LayerNormDeviceOperation,48,10835.0
741376,,LayerNormDeviceOperation,48,10830.0
1210368,,BinaryNgDeviceOperation,64,10827.0
562176,,LayerNormDeviceOperation,48,10820.0
636928,,BinaryNgDeviceOperation,64,10799.0
1067008,,BinaryNgDeviceOperation,64,10799.0
708608,,BinaryNgDeviceOperation,64,10798.0
959488,,BinaryNgDeviceOperation,64,10793.0
923648,,BinaryNgDeviceOperation,64,10789.0
386048,,BinaryNgDeviceOperation,64,10785.0
565248,,BinaryNgDeviceOperation,64,10785.0
1031168,,BinaryNgDeviceOperation,64,10783.0
493568,,BinaryNgDeviceOperation,64,10782.0
744448,,BinaryNgDeviceOperation,64,10781.0
1246208,,BinaryNgDeviceOperation,64,10781.0
421888,,BinaryNgDeviceOperation,64,10780.0
1138688,,BinaryNgDeviceOperation,64,10778.0
816128,,BinaryNgDeviceOperation,64,10777.0
851968,,BinaryNgDeviceOperation,64,10777.0
350208,,BinaryNgDeviceOperation,64,10776.0
457728,,BinaryNgDeviceOperation,64,10776.0
780288,,BinaryNgDeviceOperation,64,10776.0
278528,,BinaryNgDeviceOperation,64,10775.0
314368,,BinaryNgDeviceOperation,64,10775.0
672768,,BinaryNgDeviceOperation,64,10773.0
995328,,BinaryNgDeviceOperation,64,10772.0
1174528,,BinaryNgDeviceOperation,64,10772.0
601088,,BinaryNgDeviceOperation,64,10771.0
1102848,,BinaryNgDeviceOperation,64,10771.0
887808,,BinaryNgDeviceOperation,64,10770.0
529408,,BinaryNgDeviceOperation,64,10767.0
264192,,FillPadDeviceOperation,64,9716.0
701440,,NLPConcatHeadsDecodeDeviceOperation,12,9619.0
450560,,NLPConcatHeadsDecodeDeviceOperation,12,9572.0
737280,,NLPConcatHeadsDecodeDeviceOperation,12,9557.0
343040,,NLPConcatHeadsDecodeDeviceOperation,12,9541.0
593920,,NLPConcatHeadsDecodeDeviceOperation,12,9540.0
844800,,NLPConcatHeadsDecodeDeviceOperation,12,9536.0
522240,,NLPConcatHeadsDecodeDeviceOperation,12,9535.0
558080,,NLPConcatHeadsDecodeDeviceOperation,12,9533.0
486400,,NLPConcatHeadsDecodeDeviceOperation,12,9532.0
1131520,,NLPConcatHeadsDecodeDeviceOperation,12,9531.0
665600,,NLPConcatHeadsDecodeDeviceOperation,12,9530.0
414720,,NLPConcatHeadsDecodeDeviceOperation,12,9526.0
629760,,NLPConcatHeadsDecodeDeviceOperation,12,9524.0
808960,,NLPConcatHeadsDecodeDeviceOperation,12,9521.0
988160,,NLPConcatHeadsDecodeDeviceOperation,12,9514.0
378880,,NLPConcatHeadsDecodeDeviceOperation,12,9512.0
1203200,,NLPConcatHeadsDecodeDeviceOperation,12,9512.0
952320,,NLPConcatHeadsDecodeDeviceOperation,12,9504.0
916480,,NLPConcatHeadsDecodeDeviceOperation,12,9500.0
1059840,,NLPConcatHeadsDecodeDeviceOperation,12,9499.0
307200,,NLPConcatHeadsDecodeDeviceOperation,12,9496.0
1239040,,NLPConcatHeadsDecodeDeviceOperation,12,9492.0
1095680,,NLPConcatHeadsDecodeDeviceOperation,12,9490.0
1167360,,NLPConcatHeadsDecodeDeviceOperation,12,9490.0
1024000,,NLPConcatHeadsDecodeDeviceOperation,12,9489.0
880640,,NLPConcatHeadsDecodeDeviceOperation,12,9479.0
271360,,NLPConcatHeadsDecodeDeviceOperation,12,9478.0
2177024,1,NLPConcatHeadsDecodeDeviceOperation,12,9460.0
773120,,NLPConcatHeadsDecodeDeviceOperation,12,9457.0
1961984,1,NLPConcatHeadsDecodeDeviceOperation,12,9454.0
1567744,1,NLPConcatHeadsDecodeDeviceOperation,12,9384.0
1782784,1,NLPConcatHeadsDecodeDeviceOperation,12,9352.0
1603584,1,NLPConcatHeadsDecodeDeviceOperation,12,9345.0
1854464,1,NLPConcatHeadsDecodeDeviceOperation,12,9297.0
2141184,1,NLPConcatHeadsDecodeDeviceOperation,12,9265.0
1926144,1,NLPConcatHeadsDecodeDeviceOperation,12,9224.0
2069504,1,NLPConcatHeadsDecodeDeviceOperation,12,9199.0
1424384,1,NLPConcatHeadsDecodeDeviceOperation,12,9177.0
1711104,1,NLPConcatHeadsDecodeDeviceOperation,12,9176.0
1746944,1,NLPConcatHeadsDecodeDeviceOperation,12,9167.0
1345536,1,FillPadDeviceOperation,64,9142.0
1675264,1,NLPConcatHeadsDecodeDeviceOperation,12,9094.0
2212864,1,NLPConcatHeadsDecodeDeviceOperation,12,9058.0
2149376,1,ReshardDeviceOperation,45,9027.0
1496064,1,NLPConcatHeadsDecodeDeviceOperation,12,8985.0
1531904,1,NLPConcatHeadsDecodeDeviceOperation,12,8982.0
2284544,1,NLPConcatHeadsDecodeDeviceOperation,11,8982.0
1639424,1,NLPConcatHeadsDecodeDeviceOperation,12,8961.0
2248704,1,NLPConcatHeadsDecodeDeviceOperation,12,8952.0
1818624,1,NLPConcatHeadsDecodeDeviceOperation,12,8844.0
2105344,1,NLPConcatHeadsDecodeDeviceOperation,12,8828.0
93184,,TilizeWithValPaddingDeviceOperation,48,8806.0
1352704,1,NLPConcatHeadsDecodeDeviceOperation,12,8776.0
266240,,BinaryNgDeviceOperation,64,8775.0
2320384,1,NLPConcatHeadsDecodeDeviceOperation,8,8734.0
24576,,TilizeWithValPaddingDeviceOperation,48,8732.0
2033664,1,NLPConcatHeadsDecodeDeviceOperation,12,8695.0
1890304,1,NLPConcatHeadsDecodeDeviceOperation,12,8682.0
129024,,TilizeWithValPaddingDeviceOperation,48,8598.0
110592,,TilizeWithValPaddingDeviceOperation,48,8586.0
130048,,TilizeWithValPaddingDeviceOperation,48,8568.0
141312,,TilizeWithValPaddingDeviceOperation,48,8556.0
80896,,TilizeWithValPaddingDeviceOperation,48,8554.0
1388544,1,NLPConcatHeadsDecodeDeviceOperation,12,8549.0
86016,,TilizeWithValPaddingDeviceOperation,48,8548.0
1460224,1,NLPConcatHeadsDecodeDeviceOperation,12,8538.0
166912,,TilizeWithValPaddingDeviceOperation,48,8536.0
1997824,1,NLPConcatHeadsDecodeDeviceOperation,12,8534.0
55296,,TilizeWithValPaddingDeviceOperation,48,8532.0
50176,,TilizeWithValPaddingDeviceOperation,48,8522.0
74752,,TilizeWithValPaddingDeviceOperation,48,8519.0
148480,,TilizeWithValPaddingDeviceOperation,48,8510.0
1024,,TilizeWithValPaddingDeviceOperation,48,8501.0
43008,,TilizeWithValPaddingDeviceOperation,48,8496.0
61440,,TilizeWithValPaddingDeviceOperation,48,8488.0
67584,,TilizeWithValPaddingDeviceOperation,48,8487.0
172032,,TilizeWithValPaddingDeviceOperation,48,8449.0
6144,,TilizeWithValPaddingDeviceOperation,48,8448.0
7168,,TilizeWithValPaddingDeviceOperation,48,8432.0
142336,,TilizeWithValPaddingDeviceOperation,48,8416.0
13312,,TilizeWithValPaddingDeviceOperation,48,8415.0
154624,,TilizeWithValPaddingDeviceOperation,48,8415.0
87040,,TilizeWithValPaddingDeviceOperation,48,8392.0
159744,,TilizeWithValPaddingDeviceOperation,48,8390.0
111616,,TilizeWithValPaddingDeviceOperation,48,8386.0
123904,,TilizeWithValPaddingDeviceOperation,48,8375.0
44032,,TilizeWithValPaddingDeviceOperation,48,8372.0
49152,,TilizeWithValPaddingDeviceOperation,48,8372.0
160768,,TilizeWithValPaddingDeviceOperation,48,8369.0
19456,,TilizeWithValPaddingDeviceOperation,48,8356.0
79872,,TilizeWithValPaddingDeviceOperation,48,8355.0
173056,,TilizeWithValPaddingDeviceOperation,48,8354.0
30720,,TilizeWithValPaddingDeviceOperation,48,8353.0
135168,,TilizeWithValPaddingDeviceOperation,48,8353.0
105472,,TilizeWithValPaddingDeviceOperation,48,8352.0
18432,,TilizeWithValPaddingDeviceOperation,48,8342.0
104448,,TilizeWithValPaddingDeviceOperation,48,8333.0
62464,,TilizeWithValPaddingDeviceOperation,48,8329.0
165888,,TilizeWithValPaddingDeviceOperation,48,8314.0
68608,,TilizeWithValPaddingDeviceOperation,48,8295.0
37888,,TilizeWithValPaddingDeviceOperation,48,8287.0
117760,,TilizeWithValPaddingDeviceOperation,48,8282.0
153600,,TilizeWithValPaddingDeviceOperation,48,8279.0
31744,,TilizeWithValPaddingDeviceOperation,48,8266.0
116736,,TilizeWithValPaddingDeviceOperation,48,8264.0
25600,,TilizeWithValPaddingDeviceOperation,48,8258.0
98304,,TilizeWithValPaddingDeviceOperation,48,8258.0
147456,,TilizeWithValPaddingDeviceOperation,48,8256.0
122880,,TilizeWithValPaddingDeviceOperation,48,8245.0
56320,,TilizeWithValPaddingDeviceOperation,48,8242.0
12288,,TilizeWithValPaddingDeviceOperation,48,8229.0
36864,,TilizeWithValPaddingDeviceOperation,48,8214.0
92160,,TilizeWithValPaddingDeviceOperation,48,8211.0
136192,,TilizeWithValPaddingDeviceOperation,48,8193.0
99328,,TilizeWithValPaddingDeviceOperation,48,8183.0
73728,,TilizeWithValPaddingDeviceOperation,48,8133.0
1347584,1,BinaryNgDeviceOperation,64,7094.0
1647616,1,ReshardDeviceOperation,45,6942.0
2029568,1,InterleavedToShardedDeviceOperation,64,6930.0
174080,,TilizeWithValPaddingDeviceOperation,1,6828.0
1286144,1,TilizeWithValPaddingDeviceOperation,1,6664.0
1301504,1,TilizeWithValPaddingDeviceOperation,1,6652.0
1319936,1,TilizeWithValPaddingDeviceOperation,1,6626.0
912384,,InterleavedToShardedDeviceOperation,64,6623.0
2313216,1,CopyDeviceOperation,63,6570.0
1199104,,InterleavedToShardedDeviceOperation,64,6565.0
1742848,1,InterleavedToShardedDeviceOperation,64,6545.0
204800,,TilizeWithValPaddingDeviceOperation,1,6474.0
220160,,TilizeWithValPaddingDeviceOperation,1,6471.0
1091584,,InterleavedToShardedDeviceOperation,64,6465.0
238592,,TilizeWithValPaddingDeviceOperation,1,6459.0
1255424,1,TilizeWithValPaddingDeviceOperation,1,6456.0
410624,,InterleavedToShardedDeviceOperation,64,6418.0
2065408,1,InterleavedToShardedDeviceOperation,64,6308.0
1990656,1,CopyDeviceOperation,64,6292.0
984064,,InterleavedToShardedDeviceOperation,64,6282.0
2026496,1,CopyDeviceOperation,64,6271.0
338944,,InterleavedToShardedDeviceOperation,64,6268.0
374784,,InterleavedToShardedDeviceOperation,64,6249.0
1601536,1,TypecastDeviceOperation,64,6245.0
1055744,,InterleavedToShardedDeviceOperation,64,6209.0
804864,,InterleavedToShardedDeviceOperation,64,6196.0
553984,,InterleavedToShardedDeviceOperation,64,6151.0
948224,,InterleavedToShardedDeviceOperation,64,6144.0
260096,,CopyDeviceOperation,64,6141.0
1384448,1,InterleavedToShardedDeviceOperation,64,6139.0
2031616,1,TypecastDeviceOperation,64,6122.0
1744896,1,TypecastDeviceOperation,64,6109.0
801792,,CopyDeviceOperation,64,6099.0
733184,,InterleavedToShardedDeviceOperation,64,6092.0
1341440,1,CopyDeviceOperation,64,6071.0
2246656,1,TypecastDeviceOperation,64,6070.0
482304,,InterleavedToShardedDeviceOperation,64,6054.0
1350656,1,TypecastDeviceOperation,64,6050.0
446464,,InterleavedToShardedDeviceOperation,64,6029.0
303104,,InterleavedToShardedDeviceOperation,64,6022.0
371712,,CopyDeviceOperation,64,6018.0
412672,,TypecastDeviceOperation,64,6017.0
876544,,InterleavedToShardedDeviceOperation,64,6017.0
1231872,,CopyDeviceOperation,64,6008.0
1420288,1,InterleavedToShardedDeviceOperation,64,6006.0
735232,,TypecastDeviceOperation,64,6000.0
909312,,CopyDeviceOperation,64,5999.0
1862656,1,ReshardDeviceOperation,45,5998.0
622592,,CopyDeviceOperation,64,5997.0
300032,,CopyDeviceOperation,64,5995.0
769024,,InterleavedToShardedDeviceOperation,64,5989.0
627712,,TypecastDeviceOperation,64,5978.0
1599488,1,InterleavedToShardedDeviceOperation,64,5977.0
2174976,1,TypecastDeviceOperation,64,5977.0
484352,,TypecastDeviceOperation,64,5970.0
878592,,TypecastDeviceOperation,64,5970.0
1093632,,TypecastDeviceOperation,64,5970.0
448512,,TypecastDeviceOperation,64,5969.0
806912,,TypecastDeviceOperation,64,5967.0
1458176,1,TypecastDeviceOperation,64,5966.0
1348608,1,InterleavedToShardedDeviceOperation,64,5961.0
1850368,1,InterleavedToShardedDeviceOperation,64,5961.0
269312,,TypecastDeviceOperation,64,5950.0
1673216,1,TypecastDeviceOperation,64,5948.0
1524736,1,CopyDeviceOperation,64,5937.0
2172928,1,InterleavedToShardedDeviceOperation,64,5936.0
556032,,TypecastDeviceOperation,64,5935.0
699392,,TypecastDeviceOperation,64,5927.0
1163264,,InterleavedToShardedDeviceOperation,64,5926.0
1124352,,CopyDeviceOperation,64,5924.0
1778688,1,InterleavedToShardedDeviceOperation,64,5924.0
1236992,,TypecastDeviceOperation,64,5920.0
697344,,InterleavedToShardedDeviceOperation,64,5919.0
1957888,1,InterleavedToShardedDeviceOperation,64,5912.0
520192,,TypecastDeviceOperation,64,5903.0
842752,,TypecastDeviceOperation,64,5901.0
2101248,1,InterleavedToShardedDeviceOperation,64,5896.0
1127424,,InterleavedToShardedDeviceOperation,64,5891.0
986112,,TypecastDeviceOperation,64,5889.0
1563648,1,InterleavedToShardedDeviceOperation,64,5889.0
914432,,TypecastDeviceOperation,64,5887.0
2316288,1,InterleavedToShardedDeviceOperation,63,5884.0
1954816,1,CopyDeviceOperation,64,5874.0
661504,,InterleavedToShardedDeviceOperation,64,5872.0
2103296,1,TypecastDeviceOperation,64,5868.0
1491968,1,InterleavedToShardedDeviceOperation,64,5865.0
663552,,TypecastDeviceOperation,64,5864.0
771072,,TypecastDeviceOperation,64,5864.0
1019904,,InterleavedToShardedDeviceOperation,64,5859.0
1635328,1,InterleavedToShardedDeviceOperation,64,5857.0
1888256,1,TypecastDeviceOperation,64,5857.0
1816576,1,TypecastDeviceOperation,64,5855.0
1201152,,TypecastDeviceOperation,64,5850.0
1129472,,TypecastDeviceOperation,64,5847.0
1632256,1,CopyDeviceOperation,64,5846.0
730112,,CopyDeviceOperation,64,5845.0
2098176,1,CopyDeviceOperation,64,5840.0
1165312,,TypecastDeviceOperation,64,5836.0
340992,,TypecastDeviceOperation,64,5835.0
765952,,CopyDeviceOperation,64,5828.0
873472,,CopyDeviceOperation,64,5821.0
694272,,CopyDeviceOperation,64,5818.0
1456128,1,InterleavedToShardedDeviceOperation,64,5816.0
1021952,,TypecastDeviceOperation,64,5810.0
1739776,1,CopyDeviceOperation,64,5810.0
591872,,TypecastDeviceOperation,64,5796.0
1234944,,InterleavedToShardedDeviceOperation,64,5788.0
589824,,InterleavedToShardedDeviceOperation,64,5781.0
1196032,,CopyDeviceOperation,64,5781.0
1959936,1,TypecastDeviceOperation,64,5781.0
950272,,TypecastDeviceOperation,64,5777.0
376832,,TypecastDeviceOperation,64,5772.0
1057792,,TypecastDeviceOperation,64,5770.0
267264,,InterleavedToShardedDeviceOperation,64,5769.0
1847296,1,CopyDeviceOperation,64,5768.0
2137088,1,InterleavedToShardedDeviceOperation,64,5768.0
2208768,1,InterleavedToShardedDeviceOperation,64,5763.0
840704,,InterleavedToShardedDeviceOperation,64,5762.0
1016832,,CopyDeviceOperation,64,5761.0
1886208,1,InterleavedToShardedDeviceOperation,64,5747.0
1707008,1,InterleavedToShardedDeviceOperation,64,5743.0
515072,,CopyDeviceOperation,64,5729.0
1052672,,CopyDeviceOperation,64,5729.0
305152,,TypecastDeviceOperation,64,5728.0
479232,,CopyDeviceOperation,64,5726.0
625664,,InterleavedToShardedDeviceOperation,64,5722.0
945152,,CopyDeviceOperation,64,5705.0
1529856,1,TypecastDeviceOperation,64,5705.0
518144,,InterleavedToShardedDeviceOperation,64,5688.0
980992,,CopyDeviceOperation,64,5675.0
1386496,1,TypecastDeviceOperation,64,5649.0
2067456,1,TypecastDeviceOperation,64,5649.0
586752,,CopyDeviceOperation,64,5647.0
1703936,1,CopyDeviceOperation,64,5643.0
1993728,1,InterleavedToShardedDeviceOperation,64,5640.0
1422336,1,TypecastDeviceOperation,64,5634.0
1922048,1,InterleavedToShardedDeviceOperation,64,5633.0
2169856,1,CopyDeviceOperation,64,5633.0
1811456,1,CopyDeviceOperation,64,5630.0
1814528,1,InterleavedToShardedDeviceOperation,64,5625.0
1160192,,CopyDeviceOperation,64,5623.0
1527808,1,InterleavedToShardedDeviceOperation,64,5623.0
837632,,CopyDeviceOperation,64,5611.0
1671168,1,InterleavedToShardedDeviceOperation,64,5602.0
1775616,1,CopyDeviceOperation,64,5593.0
1668096,1,CopyDeviceOperation,64,5592.0
1709056,1,TypecastDeviceOperation,64,5590.0
1995776,1,TypecastDeviceOperation,64,5588.0
2318336,1,TypecastDeviceOperation,63,5588.0
550912,,CopyDeviceOperation,64,5570.0
2139136,1,TypecastDeviceOperation,64,5566.0
2210816,1,TypecastDeviceOperation,64,5563.0
1560576,1,CopyDeviceOperation,64,5558.0
2134016,1,CopyDeviceOperation,64,5547.0
443392,,CopyDeviceOperation,64,5533.0
1565696,1,TypecastDeviceOperation,64,5525.0
1852416,1,TypecastDeviceOperation,64,5520.0
2280448,1,InterleavedToShardedDeviceOperation,63,5512.0
1918976,1,CopyDeviceOperation,64,5508.0
1494016,1,TypecastDeviceOperation,64,5505.0
2244608,1,InterleavedToShardedDeviceOperation,64,5500.0
1924096,1,TypecastDeviceOperation,64,5496.0
2282496,1,TypecastDeviceOperation,63,5492.0
1596416,1,CopyDeviceOperation,64,5491.0
1780736,1,TypecastDeviceOperation,64,5488.0
2277376,1,CopyDeviceOperation,64,5482.0
1637376,1,TypecastDeviceOperation,64,5467.0
1088512,,CopyDeviceOperation,64,5434.0
658432,,CopyDeviceOperation,64,5430.0
1381376,1,CopyDeviceOperation,64,5417.0
407552,,CopyDeviceOperation,64,5410.0
2241536,1,CopyDeviceOperation,64,5409.0
2205696,1,CopyDeviceOperation,64,5363.0
1417216,1,CopyDeviceOperation,64,5360.0
2062336,1,CopyDeviceOperation,64,5326.0
335872,,CopyDeviceOperation,64,5308.0
1453056,1,CopyDeviceOperation,64,5301.0
1488896,1,CopyDeviceOperation,64,5298.0
1335296,1,UntilizeWithUnpaddingDeviceOperation,32,5263.0
253952,,UntilizeWithUnpaddingDeviceOperation,32,5190.0
246784,,TypecastDeviceOperation,64,5174.0
265216,,ReduceDeviceOperation,32,5169.0
1883136,1,CopyDeviceOperation,64,5154.0
258048,,TypecastDeviceOperation,64,5123.0
1328128,1,TypecastDeviceOperation,64,5078.0
1346560,1,ReduceDeviceOperation,32,5023.0
1339392,1,TypecastDeviceOperation,64,5004.0
1790976,1,ReshardDeviceOperation,45,4926.0
1504256,1,ReshardDeviceOperation,45,4646.0
2097152,1,SliceDeviceOperation,64,4603.0
2077696,1,ReshardDeviceOperation,45,4534.0
1432576,1,ReshardDeviceOperation,45,4462.0
2221056,1,ReshardDeviceOperation,45,4430.0
566272,,ReshardDeviceOperation,45,4398.0
709632,,ReshardDeviceOperation,45,4338.0
1755136,1,ReshardDeviceOperation,45,4334.0
1826816,1,ReshardDeviceOperation,45,4297.0
1719296,1,ReshardDeviceOperation,45,4278.0
2292736,1,ReshardDeviceOperation,44,4246.0
2256896,1,ReshardDeviceOperation,45,4232.0
2054144,1,SliceDeviceOperation,64,4214.0
2113536,1,ReshardDeviceOperation,45,4206.0
1575936,1,ReshardDeviceOperation,45,4182.0
1898496,1,ReshardDeviceOperation,45,4180.0
315392,,ReshardDeviceOperation,45,4174.0
1139712,,ReshardDeviceOperation,45,4170.0
1468416,1,ReshardDeviceOperation,45,4158.0
478208,,SliceDeviceOperation,64,4145.0
2328576,1,ReshardDeviceOperation,37,4134.0
458752,,ReshardDeviceOperation,45,4131.0
1934336,1,ReshardDeviceOperation,45,4126.0
924672,,ReshardDeviceOperation,45,4108.0
673792,,ReshardDeviceOperation,45,4107.0
387072,,ReshardDeviceOperation,45,4100.0
1175552,,ReshardDeviceOperation,45,4096.0
960512,,ReshardDeviceOperation,45,4095.0
852992,,ReshardDeviceOperation,45,4094.0
888832,,ReshardDeviceOperation,45,4091.0
1211392,,ReshardDeviceOperation,45,4091.0
1611776,1,ReshardDeviceOperation,45,4087.0
279552,,ReshardDeviceOperation,45,4086.0
781312,,ReshardDeviceOperation,45,4086.0
1032192,,ReshardDeviceOperation,45,4086.0
1068032,,ReshardDeviceOperation,45,4083.0
745472,,ReshardDeviceOperation,45,4078.0
1103872,,ReshardDeviceOperation,45,4077.0
1970176,1,ReshardDeviceOperation,45,4054.0
1853440,1,ReshardDeviceOperation,32,4048.0
1767424,1,SliceDeviceOperation,64,4034.0
1540096,1,ReshardDeviceOperation,45,4030.0
2006016,1,ReshardDeviceOperation,45,4023.0
1396736,1,ReshardDeviceOperation,45,4015.0
972800,,SliceDeviceOperation,64,4014.0
585728,,SliceDeviceOperation,64,4002.0
291840,,SliceDeviceOperation,64,3994.0
1333248,1,SliceDeviceOperation,64,3994.0
1223680,,SliceDeviceOperation,64,3987.0
2185216,1,ReshardDeviceOperation,45,3983.0
2041856,1,ReshardDeviceOperation,45,3970.0
530432,,ReshardDeviceOperation,45,3965.0
1247232,,ReshardDeviceOperation,45,3965.0
1683456,1,ReshardDeviceOperation,45,3950.0
936960,,SliceDeviceOperation,64,3942.0
2140160,1,ReshardDeviceOperation,32,3926.0
542720,,SliceDeviceOperation,64,3924.0
299008,,SliceDeviceOperation,64,3923.0
1380352,1,SliceDeviceOperation,64,3922.0
1008640,,SliceDeviceOperation,64,3921.0
406528,,SliceDeviceOperation,64,3916.0
351232,,ReshardDeviceOperation,45,3913.0
602112,,ReshardDeviceOperation,45,3911.0
757760,,SliceDeviceOperation,64,3910.0
494592,,ReshardDeviceOperation,45,3892.0
637952,,ReshardDeviceOperation,45,3890.0
817152,,ReshardDeviceOperation,45,3889.0
2233344,1,SliceDeviceOperation,64,3882.0
996352,,ReshardDeviceOperation,45,3867.0
1360896,1,ReshardDeviceOperation,45,3865.0
836608,,SliceDeviceOperation,64,3863.0
1559552,1,SliceDeviceOperation,64,3860.0
2125824,1,SliceDeviceOperation,64,3860.0
764928,,SliceDeviceOperation,64,3840.0
1667072,1,SliceDeviceOperation,64,3833.0
1116160,,SliceDeviceOperation,64,3830.0
1846272,1,SliceDeviceOperation,64,3829.0
872448,,SliceDeviceOperation,64,3817.0
422912,,ReshardDeviceOperation,45,3815.0
1044480,,SliceDeviceOperation,64,3813.0
793600,,SliceDeviceOperation,64,3809.0
621568,,SliceDeviceOperation,64,3792.0
471040,,SliceDeviceOperation,64,3790.0
1702912,1,SliceDeviceOperation,64,3785.0
1152000,,SliceDeviceOperation,64,3776.0
1344512,1,ShardedToInterleavedDeviceOperation,32,3758.0
1774592,1,SliceDeviceOperation,64,3755.0
865280,,SliceDeviceOperation,64,3749.0
1043456,,ShardedToInterleavedDeviceOperation,32,3742.0
334848,,SliceDeviceOperation,64,3738.0
239616,,BinaryNgDeviceOperation,64,3737.0
1917952,1,SliceDeviceOperation,64,3737.0
1123328,,SliceDeviceOperation,64,3720.0
1452032,1,SliceDeviceOperation,64,3717.0
1810432,1,SliceDeviceOperation,64,3714.0
549888,,SliceDeviceOperation,64,3709.0
614400,,SliceDeviceOperation,64,3701.0
800768,,SliceDeviceOperation,64,3701.0
363520,,SliceDeviceOperation,64,3700.0
1444864,1,SliceDeviceOperation,64,3699.0
442368,,SliceDeviceOperation,64,3694.0
979968,,SliceDeviceOperation,64,3693.0
506880,,SliceDeviceOperation,64,3681.0
1523712,1,SliceDeviceOperation,64,3676.0
290816,,ShardedToInterleavedDeviceOperation,32,3671.0
1566720,1,ReshardDeviceOperation,32,3671.0
1159168,,SliceDeviceOperation,64,3665.0
2132992,1,SliceDeviceOperation,64,3662.0
250880,,ShardedToInterleavedDeviceOperation,32,3653.0
901120,,SliceDeviceOperation,64,3650.0
1624064,1,SliceDeviceOperation,64,3647.0
908288,,SliceDeviceOperation,64,3643.0
686080,,SliceDeviceOperation,64,3641.0
1373184,1,SliceDeviceOperation,64,3638.0
1595392,1,SliceDeviceOperation,64,3637.0
1552384,1,SliceDeviceOperation,64,3636.0
1086464,,ShardedToInterleavedDeviceOperation,32,3629.0
514048,,SliceDeviceOperation,64,3628.0
1087488,,SliceDeviceOperation,64,3628.0
1487872,1,SliceDeviceOperation,64,3619.0
1946624,1,SliceDeviceOperation,64,3618.0
720896,,ShardedToInterleavedDeviceOperation,32,3614.0
1187840,,SliceDeviceOperation,64,3614.0
792576,,ShardedToInterleavedDeviceOperation,32,3613.0
2269184,1,SliceDeviceOperation,64,3612.0
2018304,1,SliceDeviceOperation,64,3609.0
2276352,1,SliceDeviceOperation,64,3608.0
1803264,1,SliceDeviceOperation,64,3605.0
435200,,SliceDeviceOperation,64,3600.0
935936,,ShardedToInterleavedDeviceOperation,32,3594.0
1659904,1,SliceDeviceOperation,64,3593.0
1409024,1,SliceDeviceOperation,64,3592.0
900096,,ShardedToInterleavedDeviceOperation,32,3585.0
1982464,1,SliceDeviceOperation,64,3585.0
1080320,,SliceDeviceOperation,64,3577.0
1195008,,SliceDeviceOperation,64,3571.0
1989632,1,SliceDeviceOperation,64,3569.0
548864,,ShardedToInterleavedDeviceOperation,32,3566.0
1416192,1,SliceDeviceOperation,64,3565.0
721920,,SliceDeviceOperation,64,3563.0
2305024,1,SliceDeviceOperation,63,3561.0
649216,,ShardedToInterleavedDeviceOperation,32,3558.0
1910784,1,SliceDeviceOperation,64,3558.0
685056,,ShardedToInterleavedDeviceOperation,32,3550.0
756736,,ShardedToInterleavedDeviceOperation,32,3550.0
584704,,ShardedToInterleavedDeviceOperation,32,3549.0
693248,,SliceDeviceOperation,64,3545.0
1874944,1,SliceDeviceOperation,64,3544.0
864256,,ShardedToInterleavedDeviceOperation,32,3543.0
1222656,,ShardedToInterleavedDeviceOperation,32,3539.0
650240,,SliceDeviceOperation,64,3536.0
1480704,1,SliceDeviceOperation,64,3535.0
2161664,1,SliceDeviceOperation,64,3534.0
1050624,,ShardedToInterleavedDeviceOperation,32,3531.0
2168832,1,SliceDeviceOperation,64,3529.0
370688,,SliceDeviceOperation,64,3526.0
2240512,1,SliceDeviceOperation,64,3519.0
578560,,SliceDeviceOperation,64,3510.0
987136,,ReshardDeviceOperation,32,3507.0
1695744,1,SliceDeviceOperation,64,3507.0
413696,,ReshardDeviceOperation,32,3506.0
398336,,ShardedToInterleavedDeviceOperation,32,3505.0
657408,,SliceDeviceOperation,64,3503.0
1602560,1,ReshardDeviceOperation,32,3502.0
2061312,1,SliceDeviceOperation,64,3500.0
1316864,1,SliceDeviceOperation,64,3499.0
1516544,1,SliceDeviceOperation,64,3498.0
1320960,1,BinaryNgDeviceOperation,64,3496.0
1015808,,SliceDeviceOperation,64,3495.0
477184,,ShardedToInterleavedDeviceOperation,32,3490.0
221184,,BinaryNgDeviceOperation,64,3489.0
369664,,ShardedToInterleavedDeviceOperation,32,3487.0
944128,,SliceDeviceOperation,64,3486.0
1158144,,ShardedToInterleavedDeviceOperation,32,3485.0
729088,,SliceDeviceOperation,64,3482.0
1186816,,ShardedToInterleavedDeviceOperation,32,3479.0
1911808,1,InterleavedToShardedDeviceOperation,32,3478.0
2204672,1,SliceDeviceOperation,64,3475.0
1150976,,ShardedToInterleavedDeviceOperation,32,3470.0
2089984,1,SliceDeviceOperation,64,3466.0
1079296,,ShardedToInterleavedDeviceOperation,32,3465.0
362496,,ShardedToInterleavedDeviceOperation,32,3462.0
2198528,1,InterleavedToShardedDeviceOperation,32,3457.0
2025472,1,SliceDeviceOperation,64,3456.0
1334272,1,ShardedToInterleavedDeviceOperation,32,3450.0
1953792,1,SliceDeviceOperation,64,3449.0
1738752,1,SliceDeviceOperation,64,3448.0
2197504,1,SliceDeviceOperation,64,3444.0
251904,,SliceDeviceOperation,64,3426.0
505856,,ShardedToInterleavedDeviceOperation,32,3425.0
971776,,ShardedToInterleavedDeviceOperation,32,3424.0
1230848,,SliceDeviceOperation,64,3423.0
327680,,SliceDeviceOperation,64,3421.0
1094656,,ReshardDeviceOperation,32,3414.0
1731584,1,SliceDeviceOperation,64,3406.0
252928,,ShardedToInterleavedDeviceOperation,32,3404.0
257024,,InterleavedToShardedDeviceOperation,32,3401.0
1166336,,ReshardDeviceOperation,32,3399.0
620544,,ShardedToInterleavedDeviceOperation,32,3397.0
513024,,ShardedToInterleavedDeviceOperation,32,3389.0
1988608,1,ShardedToInterleavedDeviceOperation,32,3387.0
1007616,,ShardedToInterleavedDeviceOperation,32,3386.0
577536,,ShardedToInterleavedDeviceOperation,32,3384.0
829440,,SliceDeviceOperation,64,3384.0
799744,,ShardedToInterleavedDeviceOperation,32,3378.0
434176,,ShardedToInterleavedDeviceOperation,32,3374.0
541696,,ShardedToInterleavedDeviceOperation,32,3366.0
828416,,ShardedToInterleavedDeviceOperation,32,3366.0
835584,,ShardedToInterleavedDeviceOperation,32,3365.0
1355776,1,BinaryNgDeviceOperation,64,3358.0
274432,,BinaryNgDeviceOperation,64,3353.0
441344,,ShardedToInterleavedDeviceOperation,32,3349.0
399360,,SliceDeviceOperation,64,3344.0
728064,,ShardedToInterleavedDeviceOperation,32,3341.0
1193984,,ShardedToInterleavedDeviceOperation,32,3341.0
915456,,ReshardDeviceOperation,32,3339.0
613376,,ShardedToInterleavedDeviceOperation,32,3334.0
270336,,ReshardDeviceOperation,32,3330.0
1882112,1,SliceDeviceOperation,64,3323.0
297984,,ShardedToInterleavedDeviceOperation,32,3321.0
235520,,SliceDeviceOperation,64,3318.0
592896,,ReshardDeviceOperation,32,3318.0
656384,,ShardedToInterleavedDeviceOperation,32,3311.0
763904,,ShardedToInterleavedDeviceOperation,32,3310.0
978944,,ShardedToInterleavedDeviceOperation,32,3310.0
907264,,ShardedToInterleavedDeviceOperation,32,3301.0
1551360,1,ShardedToInterleavedDeviceOperation,32,3295.0
485376,,ReshardDeviceOperation,32,3285.0
1014784,,ShardedToInterleavedDeviceOperation,32,3285.0
1588224,1,SliceDeviceOperation,64,3285.0
333824,,ShardedToInterleavedDeviceOperation,32,3274.0
1625088,1,InterleavedToShardedDeviceOperation,32,3270.0
2176000,1,ReshardDeviceOperation,32,3270.0
692224,,ShardedToInterleavedDeviceOperation,32,3258.0
879616,,ReshardDeviceOperation,32,3249.0
470016,,ShardedToInterleavedDeviceOperation,32,3248.0
1631232,1,SliceDeviceOperation,64,3248.0
1873920,1,ShardedToInterleavedDeviceOperation,32,3247.0
326656,,ShardedToInterleavedDeviceOperation,32,3238.0
1115136,,ShardedToInterleavedDeviceOperation,32,3223.0
405504,,ShardedToInterleavedDeviceOperation,32,3221.0
1229824,,ShardedToInterleavedDeviceOperation,32,3214.0
1051648,,SliceDeviceOperation,64,3204.0
943104,,ShardedToInterleavedDeviceOperation,32,3198.0
1839104,1,SliceDeviceOperation,64,3195.0
1122304,,ShardedToInterleavedDeviceOperation,32,3184.0
2312192,1,SliceDeviceOperation,63,3181.0
1202176,,ReshardDeviceOperation,32,3174.0
306176,,ReshardDeviceOperation,32,3173.0
234496,,ShardedToInterleavedDeviceOperation,32,3165.0
1881088,1,ShardedToInterleavedDeviceOperation,32,3159.0
1302528,1,BinaryNgDeviceOperation,64,3154.0
951296,,ReshardDeviceOperation,32,3153.0
1781760,1,ReshardDeviceOperation,32,3148.0
700416,,ReshardDeviceOperation,32,3141.0
664576,,ReshardDeviceOperation,32,3133.0
1338368,1,InterleavedToShardedDeviceOperation,32,3112.0
1623040,1,ShardedToInterleavedDeviceOperation,32,3112.0
2104320,1,ReshardDeviceOperation,32,3112.0
628736,,ReshardDeviceOperation,32,3110.0
1238016,,ReshardDeviceOperation,32,3104.0
557056,,ReshardDeviceOperation,32,3096.0
342016,,ReshardDeviceOperation,32,3093.0
871424,,ShardedToInterleavedDeviceOperation,32,3093.0
2203648,1,ShardedToInterleavedDeviceOperation,32,3091.0
1766400,1,ShardedToInterleavedDeviceOperation,32,3076.0
1315840,1,ShardedToInterleavedDeviceOperation,32,3072.0
377856,,ReshardDeviceOperation,32,3062.0
2304000,1,ShardedToInterleavedDeviceOperation,31,3062.0
1845248,1,ShardedToInterleavedDeviceOperation,32,3061.0
807936,,ReshardDeviceOperation,32,3057.0
1058816,,ReshardDeviceOperation,32,3054.0
449536,,ReshardDeviceOperation,32,3053.0
1804288,1,InterleavedToShardedDeviceOperation,32,3050.0
1130496,,ReshardDeviceOperation,32,3047.0
1522688,1,ShardedToInterleavedDeviceOperation,32,3039.0
521216,,ReshardDeviceOperation,32,3036.0
263168,,ShardedToInterleavedDeviceOperation,32,3025.0
843776,,ReshardDeviceOperation,32,3025.0
1387520,1,ReshardDeviceOperation,32,3017.0
1022976,,ReshardDeviceOperation,32,3006.0
2017280,1,ShardedToInterleavedDeviceOperation,32,3003.0
2131968,1,ShardedToInterleavedDeviceOperation,32,2987.0
1530880,1,ReshardDeviceOperation,32,2981.0
1909760,1,ShardedToInterleavedDeviceOperation,32,2981.0
2160640,1,ShardedToInterleavedDeviceOperation,32,2975.0
2126848,1,InterleavedToShardedDeviceOperation,32,2962.0
1415168,1,ShardedToInterleavedDeviceOperation,32,2952.0
1423360,1,ReshardDeviceOperation,32,2943.0
1981440,1,ShardedToInterleavedDeviceOperation,32,2941.0
1960960,1,ReshardDeviceOperation,32,2940.0
1553408,1,InterleavedToShardedDeviceOperation,32,2929.0
2196480,1,ShardedToInterleavedDeviceOperation,32,2923.0
772096,,ReshardDeviceOperation,32,2920.0
1558528,1,ShardedToInterleavedDeviceOperation,32,2899.0
2068480,1,ReshardDeviceOperation,32,2879.0
1730560,1,ShardedToInterleavedDeviceOperation,32,2873.0
2319360,1,ReshardDeviceOperation,31,2873.0
1515520,1,ShardedToInterleavedDeviceOperation,32,2861.0
1479680,1,ShardedToInterleavedDeviceOperation,32,2857.0
1630208,1,ShardedToInterleavedDeviceOperation,32,2842.0
1324032,1,UntilizeWithUnpaddingDeviceOperation,1,2841.0
736256,,ReshardDeviceOperation,32,2821.0
2032640,1,ReshardDeviceOperation,32,2809.0
2060288,1,ShardedToInterleavedDeviceOperation,32,2804.0
400384,,InterleavedToShardedDeviceOperation,32,2799.0
1802240,1,ShardedToInterleavedDeviceOperation,32,2791.0
1945600,1,ShardedToInterleavedDeviceOperation,32,2789.0
2239488,1,ShardedToInterleavedDeviceOperation,32,2788.0
1710080,1,ReshardDeviceOperation,32,2785.0
1916928,1,ShardedToInterleavedDeviceOperation,32,2782.0
1351680,1,ReshardDeviceOperation,32,2778.0
1817600,1,ReshardDeviceOperation,32,2767.0
1408000,1,ShardedToInterleavedDeviceOperation,32,2758.0
1737728,1,ShardedToInterleavedDeviceOperation,32,2742.0
543744,,InterleavedToShardedDeviceOperation,32,2728.0
1745920,1,ReshardDeviceOperation,32,2725.0
472064,,InterleavedToShardedDeviceOperation,32,2720.0
1287168,1,BinaryNgDeviceOperation,64,2714.0
1658880,1,ShardedToInterleavedDeviceOperation,32,2714.0
242688,,UntilizeWithUnpaddingDeviceOperation,1,2712.0
615424,,InterleavedToShardedDeviceOperation,32,2694.0
579584,,InterleavedToShardedDeviceOperation,32,2677.0
1256448,1,BinaryNgDeviceOperation,64,2669.0
1224704,,InterleavedToShardedDeviceOperation,32,2662.0
722944,,InterleavedToShardedDeviceOperation,32,2657.0
1701888,1,ShardedToInterleavedDeviceOperation,32,2653.0
1451008,1,ShardedToInterleavedDeviceOperation,32,2652.0
1674240,1,ReshardDeviceOperation,32,2633.0
292864,,InterleavedToShardedDeviceOperation,32,2632.0
507904,,InterleavedToShardedDeviceOperation,32,2632.0
259072,,ShardedToInterleavedDeviceOperation,32,2625.0
328704,,InterleavedToShardedDeviceOperation,32,2624.0
1486848,1,ShardedToInterleavedDeviceOperation,32,2614.0
1045504,,InterleavedToShardedDeviceOperation,32,2608.0
902144,,InterleavedToShardedDeviceOperation,32,2601.0
758784,,InterleavedToShardedDeviceOperation,32,2598.0
1081344,,InterleavedToShardedDeviceOperation,32,2596.0
866304,,InterleavedToShardedDeviceOperation,32,2595.0
2247680,1,ReshardDeviceOperation,32,2594.0
973824,,InterleavedToShardedDeviceOperation,32,2591.0
436224,,InterleavedToShardedDeviceOperation,32,2590.0
1443840,1,ShardedToInterleavedDeviceOperation,32,2583.0
651264,,InterleavedToShardedDeviceOperation,32,2568.0
830464,,InterleavedToShardedDeviceOperation,32,2566.0
1188864,,InterleavedToShardedDeviceOperation,32,2563.0
2167808,1,ShardedToInterleavedDeviceOperation,32,2559.0
227328,,TypecastDeviceOperation,8,2556.0
1459200,1,ReshardDeviceOperation,32,2556.0
230400,,TypecastDeviceOperation,8,2552.0
1925120,1,ReshardDeviceOperation,32,2545.0
794624,,InterleavedToShardedDeviceOperation,32,2543.0
236544,,InterleavedToShardedDeviceOperation,32,2538.0
937984,,InterleavedToShardedDeviceOperation,32,2532.0
1009664,,InterleavedToShardedDeviceOperation,32,2530.0
1838080,1,ShardedToInterleavedDeviceOperation,32,2525.0
687104,,InterleavedToShardedDeviceOperation,32,2524.0
1481728,1,InterleavedToShardedDeviceOperation,32,2521.0
2088960,1,ShardedToInterleavedDeviceOperation,32,2518.0
1117184,,InterleavedToShardedDeviceOperation,32,2498.0
1773568,1,ShardedToInterleavedDeviceOperation,32,2493.0
2268160,1,ShardedToInterleavedDeviceOperation,32,2491.0
1840128,1,InterleavedToShardedDeviceOperation,32,2489.0
2283520,1,ReshardDeviceOperation,31,2489.0
1153024,,InterleavedToShardedDeviceOperation,32,2485.0
1889280,1,ReshardDeviceOperation,32,2485.0
175104,,BinaryNgDeviceOperation,64,2468.0
205824,,BinaryNgDeviceOperation,64,2453.0
1495040,1,ReshardDeviceOperation,32,2451.0
1638400,1,ReshardDeviceOperation,32,2445.0
1180672,,ShardedToInterleavedDeviceOperation,54,2437.0
364544,,InterleavedToShardedDeviceOperation,32,2432.0
2024448,1,ShardedToInterleavedDeviceOperation,32,2430.0
2311168,1,ShardedToInterleavedDeviceOperation,31,2424.0
1308672,1,TypecastDeviceOperation,8,2410.0
1216512,,ShardedToInterleavedDeviceOperation,54,2404.0
2053120,1,ShardedToInterleavedDeviceOperation,32,2371.0
1311744,1,TypecastDeviceOperation,8,2361.0
2096128,1,ShardedToInterleavedDeviceOperation,32,2358.0
1594368,1,ShardedToInterleavedDeviceOperation,32,2355.0
1809408,1,ShardedToInterleavedDeviceOperation,32,2341.0
1796096,1,ShardedToInterleavedDeviceOperation,54,2340.0
2211840,1,ReshardDeviceOperation,32,2337.0
1732608,1,InterleavedToShardedDeviceOperation,32,2335.0
1366016,1,ShardedToInterleavedDeviceOperation,54,2332.0
428032,,ShardedToInterleavedDeviceOperation,54,2324.0
1317888,1,InterleavedToShardedDeviceOperation,32,2320.0
1372160,1,ShardedToInterleavedDeviceOperation,32,2299.0
1587200,1,ShardedToInterleavedDeviceOperation,32,2291.0
2275328,1,ShardedToInterleavedDeviceOperation,32,2287.0
2297856,1,ShardedToInterleavedDeviceOperation,53,2284.0
1401856,1,ShardedToInterleavedDeviceOperation,54,2268.0
2055168,1,InterleavedToShardedDeviceOperation,32,2266.0
1037312,,ShardedToInterleavedDeviceOperation,54,2260.0
1325056,1,RepeatDeviceOperation,64,2249.0
1694720,1,ShardedToInterleavedDeviceOperation,32,2245.0
1947648,1,InterleavedToShardedDeviceOperation,32,2244.0
2306048,1,InterleavedToShardedDeviceOperation,31,2240.0
1379328,1,ShardedToInterleavedDeviceOperation,32,2238.0
2232320,1,ShardedToInterleavedDeviceOperation,32,2237.0
1332224,1,ShardedToInterleavedDeviceOperation,32,2232.0
2226176,1,ShardedToInterleavedDeviceOperation,54,2204.0
1660928,1,InterleavedToShardedDeviceOperation,32,2202.0
1996800,1,ReshardDeviceOperation,32,2202.0
499712,,ShardedToInterleavedDeviceOperation,54,2188.0
284672,,ShardedToInterleavedDeviceOperation,54,2182.0
1108992,,ShardedToInterleavedDeviceOperation,54,2181.0
215040,,ShardedToInterleavedDeviceOperation,54,2180.0
750592,,ShardedToInterleavedDeviceOperation,54,2180.0
1903616,1,ShardedToInterleavedDeviceOperation,54,2180.0
2262016,1,ShardedToInterleavedDeviceOperation,54,2180.0
1073152,,ShardedToInterleavedDeviceOperation,54,2173.0
1768448,1,InterleavedToShardedDeviceOperation,32,2167.0
1867776,1,ShardedToInterleavedDeviceOperation,54,2164.0
643072,,ShardedToInterleavedDeviceOperation,54,2143.0
1952768,1,ShardedToInterleavedDeviceOperation,32,2141.0
2234368,1,InterleavedToShardedDeviceOperation,32,2137.0
1939456,1,ShardedToInterleavedDeviceOperation,54,2124.0
1666048,1,ShardedToInterleavedDeviceOperation,32,2120.0
1144832,,ShardedToInterleavedDeviceOperation,54,2116.0
1473536,1,ShardedToInterleavedDeviceOperation,54,2116.0
1545216,1,ShardedToInterleavedDeviceOperation,54,2116.0
243712,,RepeatDeviceOperation,64,2116.0
1001472,,ShardedToInterleavedDeviceOperation,54,2113.0
893952,,ShardedToInterleavedDeviceOperation,54,2101.0
2124800,1,ShardedToInterleavedDeviceOperation,32,2094.0
1437696,1,ShardedToInterleavedDeviceOperation,54,2093.0
1688576,1,ShardedToInterleavedDeviceOperation,54,2084.0
2270208,1,InterleavedToShardedDeviceOperation,32,2082.0
678912,,ShardedToInterleavedDeviceOperation,54,2068.0
463872,,ShardedToInterleavedDeviceOperation,54,2066.0
2190336,1,ShardedToInterleavedDeviceOperation,54,2057.0
1696768,1,InterleavedToShardedDeviceOperation,32,2056.0
1652736,1,ShardedToInterleavedDeviceOperation,54,2052.0
2011136,1,ShardedToInterleavedDeviceOperation,54,2052.0
356352,,ShardedToInterleavedDeviceOperation,54,2045.0
2046976,1,ShardedToInterleavedDeviceOperation,54,2044.0
965632,,ShardedToInterleavedDeviceOperation,54,2036.0
1581056,1,ShardedToInterleavedDeviceOperation,54,2036.0
929792,,ShardedToInterleavedDeviceOperation,54,2033.0
607232,,ShardedToInterleavedDeviceOperation,54,2028.0
714752,,ShardedToInterleavedDeviceOperation,54,2023.0
1760256,1,ShardedToInterleavedDeviceOperation,54,2021.0
571392,,ShardedToInterleavedDeviceOperation,54,2007.0
535552,,ShardedToInterleavedDeviceOperation,54,2006.0
1374208,1,InterleavedToShardedDeviceOperation,32,2004.0
1509376,1,ShardedToInterleavedDeviceOperation,54,2004.0
2118656,1,ShardedToInterleavedDeviceOperation,54,2004.0
1831936,1,ShardedToInterleavedDeviceOperation,54,1996.0
1875968,1,InterleavedToShardedDeviceOperation,32,1984.0
858112,,ShardedToInterleavedDeviceOperation,54,1981.0
1616896,1,ShardedToInterleavedDeviceOperation,54,1973.0
1724416,1,ShardedToInterleavedDeviceOperation,54,1972.0
2082816,1,ShardedToInterleavedDeviceOperation,54,1972.0
320512,,ShardedToInterleavedDeviceOperation,54,1965.0
786432,,ShardedToInterleavedDeviceOperation,54,1962.0
1305600,1,ConcatDeviceOperation,8,1951.0
392192,,ShardedToInterleavedDeviceOperation,54,1948.0
1975296,1,ShardedToInterleavedDeviceOperation,54,1940.0
822272,,ShardedToInterleavedDeviceOperation,54,1938.0
2019328,1,InterleavedToShardedDeviceOperation,32,1936.0
2154496,1,ShardedToInterleavedDeviceOperation,54,1932.0
1296384,1,ShardedToInterleavedDeviceOperation,54,1931.0
2162688,1,InterleavedToShardedDeviceOperation,32,1931.0
1983488,1,InterleavedToShardedDeviceOperation,32,1928.0
1307648,1,UnaryDeviceOperation,64,1923.0
881664,,ShardedToInterleavedDeviceOperation,12,1918.0
308224,,ShardedToInterleavedDeviceOperation,12,1904.0
1204224,,ShardedToInterleavedDeviceOperation,12,1902.0
1025024,,ShardedToInterleavedDeviceOperation,12,1873.0
344064,,ShardedToInterleavedDeviceOperation,12,1870.0
666624,,ShardedToInterleavedDeviceOperation,12,1870.0
1445888,1,InterleavedToShardedDeviceOperation,32,1858.0
2350080,,UntilizeWithUnpaddingDeviceOperation,1,1858.0
1410048,1,InterleavedToShardedDeviceOperation,32,1851.0
953344,,ShardedToInterleavedDeviceOperation,12,1850.0
1747968,1,ShardedToInterleavedDeviceOperation,12,1850.0
226304,,UnaryDeviceOperation,64,1849.0
1517568,1,InterleavedToShardedDeviceOperation,32,1844.0
523264,,ShardedToInterleavedDeviceOperation,12,1841.0
2336768,,UntilizeWithUnpaddingDeviceOperation,1,1839.0
487424,,ShardedToInterleavedDeviceOperation,12,1838.0
1132544,,ShardedToInterleavedDeviceOperation,12,1838.0
2354176,,UntilizeWithUnpaddingDeviceOperation,1,1829.0
2351104,,UntilizeWithUnpaddingDeviceOperation,1,1820.0
2321408,1,ShardedToInterleavedDeviceOperation,8,1820.0
2070528,1,ShardedToInterleavedDeviceOperation,12,1817.0
559104,,ShardedToInterleavedDeviceOperation,12,1814.0
2339840,,UntilizeWithUnpaddingDeviceOperation,1,1813.0
1310720,1,UnaryDeviceOperation,64,1810.0
738304,,ShardedToInterleavedDeviceOperation,12,1806.0
415744,,ShardedToInterleavedDeviceOperation,12,1798.0
2091008,1,InterleavedToShardedDeviceOperation,32,1798.0
1927168,1,ShardedToInterleavedDeviceOperation,12,1797.0
594944,,ShardedToInterleavedDeviceOperation,12,1795.0
702464,,ShardedToInterleavedDeviceOperation,12,1789.0
1589248,1,InterleavedToShardedDeviceOperation,32,1785.0
379904,,ShardedToInterleavedDeviceOperation,12,1782.0
774144,,ShardedToInterleavedDeviceOperation,12,1774.0
1060864,,ShardedToInterleavedDeviceOperation,12,1774.0
917504,,ShardedToInterleavedDeviceOperation,12,1767.0
809984,,ShardedToInterleavedDeviceOperation,12,1766.0
224256,,ConcatDeviceOperation,8,1764.0
630784,,ShardedToInterleavedDeviceOperation,12,1760.0
845824,,ShardedToInterleavedDeviceOperation,12,1753.0
989184,,ShardedToInterleavedDeviceOperation,12,1753.0
1096704,,ShardedToInterleavedDeviceOperation,12,1750.0
2353152,,UntilizeWithUnpaddingDeviceOperation,1,1748.0
1298432,1,RepeatDeviceOperation,64,1743.0
272384,,ShardedToInterleavedDeviceOperation,12,1741.0
2285568,1,ShardedToInterleavedDeviceOperation,11,1740.0
2249728,1,ShardedToInterleavedDeviceOperation,12,1734.0
1168384,,ShardedToInterleavedDeviceOperation,12,1726.0
1676288,1,ShardedToInterleavedDeviceOperation,12,1726.0
1240064,,ShardedToInterleavedDeviceOperation,12,1721.0
1640448,1,ShardedToInterleavedDeviceOperation,12,1717.0
2337792,,UntilizeWithUnpaddingDeviceOperation,1,1716.0
229376,,UnaryDeviceOperation,64,1707.0
2343936,,UntilizeWithUnpaddingDeviceOperation,1,1705.0
1568768,1,ShardedToInterleavedDeviceOperation,12,1702.0
1340416,1,ShardedToInterleavedDeviceOperation,32,1698.0
2358272,,UntilizeWithUnpaddingDeviceOperation,1,1695.0
2355200,,UntilizeWithUnpaddingDeviceOperation,1,1694.0
2349056,,UntilizeWithUnpaddingDeviceOperation,1,1690.0
2338816,,UntilizeWithUnpaddingDeviceOperation,1,1689.0
2345984,,UntilizeWithUnpaddingDeviceOperation,1,1688.0
451584,,ShardedToInterleavedDeviceOperation,12,1687.0
2363392,,UntilizeWithUnpaddingDeviceOperation,1,1685.0
2356224,,UntilizeWithUnpaddingDeviceOperation,1,1681.0
2362368,,UntilizeWithUnpaddingDeviceOperation,1,1681.0
2364416,,UntilizeWithUnpaddingDeviceOperation,1,1680.0
2365440,,UntilizeWithUnpaddingDeviceOperation,1,1678.0
1425408,1,ShardedToInterleavedDeviceOperation,12,1677.0
2340864,,UntilizeWithUnpaddingDeviceOperation,1,1677.0
2357248,,UntilizeWithUnpaddingDeviceOperation,1,1677.0
2360320,,UntilizeWithUnpaddingDeviceOperation,1,1676.0
1891328,1,ShardedToInterleavedDeviceOperation,12,1674.0
2342912,,UntilizeWithUnpaddingDeviceOperation,1,1670.0
2361344,,UntilizeWithUnpaddingDeviceOperation,1,1662.0
2347008,,UntilizeWithUnpaddingDeviceOperation,1,1658.0
2344960,,UntilizeWithUnpaddingDeviceOperation,1,1653.0
2341888,,UntilizeWithUnpaddingDeviceOperation,1,1652.0
2359296,,UntilizeWithUnpaddingDeviceOperation,1,1652.0
2352128,,UntilizeWithUnpaddingDeviceOperation,1,1650.0
1712128,1,ShardedToInterleavedDeviceOperation,12,1645.0
1497088,1,ShardedToInterleavedDeviceOperation,12,1637.0
217088,,RepeatDeviceOperation,64,1635.0
1855488,1,ShardedToInterleavedDeviceOperation,12,1634.0
254976,,RepeatDeviceOperation,64,1628.0
1783808,1,ShardedToInterleavedDeviceOperation,12,1626.0
1963008,1,ShardedToInterleavedDeviceOperation,12,1622.0
2348032,,UntilizeWithUnpaddingDeviceOperation,1,1622.0
1819648,1,ShardedToInterleavedDeviceOperation,12,1621.0
2213888,1,ShardedToInterleavedDeviceOperation,12,1603.0
1532928,1,ShardedToInterleavedDeviceOperation,12,1597.0
2106368,1,ShardedToInterleavedDeviceOperation,12,1573.0
1327104,1,InterleavedToShardedDeviceOperation,32,1572.0
2034688,1,ShardedToInterleavedDeviceOperation,12,1566.0
1289216,1,TypecastDeviceOperation,32,1559.0
2142208,1,ShardedToInterleavedDeviceOperation,12,1549.0
1336320,1,RepeatDeviceOperation,64,1497.0
219136,,TypecastDeviceOperation,1,1490.0
1461248,1,ShardedToInterleavedDeviceOperation,12,1480.0
1604608,1,ShardedToInterleavedDeviceOperation,12,1438.0
1300480,1,TypecastDeviceOperation,1,1411.0
207872,,TypecastDeviceOperation,32,1403.0
1998848,1,ShardedToInterleavedDeviceOperation,12,1382.0
245760,,InterleavedToShardedDeviceOperation,32,1364.0
1389568,1,ShardedToInterleavedDeviceOperation,12,1360.0
2178048,1,ShardedToInterleavedDeviceOperation,12,1325.0
1353728,1,ShardedToInterleavedDeviceOperation,12,1261.0
1293312,1,InterleavedToShardedDeviceOperation,48,1167.0
211968,,InterleavedToShardedDeviceOperation,48,1102.0
183296,,ShardedToInterleavedDeviceOperation,1,930.0
203776,,ShardedToInterleavedDeviceOperation,1,915.0
191488,,ShardedToInterleavedDeviceOperation,1,912.0
206848,,ShardedToInterleavedDeviceOperation,1,910.0
1273856,1,ShardedToInterleavedDeviceOperation,1,904.0
1280000,1,ShardedToInterleavedDeviceOperation,1,895.0
1284096,1,ShardedToInterleavedDeviceOperation,1,894.0
209920,,CopyDeviceOperation,1,881.0
1291264,1,CopyDeviceOperation,1,879.0
225280,,InterleavedToShardedDeviceOperation,8,854.0
1306624,1,InterleavedToShardedDeviceOperation,8,852.0
1270784,1,ShardedToInterleavedDeviceOperation,1,814.0
188416,,ShardedToInterleavedDeviceOperation,1,807.0
1309696,1,InterleavedToShardedDeviceOperation,8,787.0
1267712,1,ShardedToInterleavedDeviceOperation,1,785.0
1276928,1,ShardedToInterleavedDeviceOperation,1,776.0
1283072,1,ShardedToInterleavedDeviceOperation,1,774.0
228352,,InterleavedToShardedDeviceOperation,8,770.0
202752,,ShardedToInterleavedDeviceOperation,1,767.0
1262592,1,ShardedToInterleavedDeviceOperation,1,748.0
193536,,ShardedToInterleavedDeviceOperation,1,747.0
1257472,1,ShardedToInterleavedDeviceOperation,1,747.0
178176,,ShardedToInterleavedDeviceOperation,1,746.0
1260544,1,ShardedToInterleavedDeviceOperation,1,746.0
1285120,1,ShardedToInterleavedDeviceOperation,1,746.0
182272,,ShardedToInterleavedDeviceOperation,1,745.0
194560,,ShardedToInterleavedDeviceOperation,1,745.0
1272832,1,ShardedToInterleavedDeviceOperation,1,745.0
1274880,1,ShardedToInterleavedDeviceOperation,1,745.0
1281024,1,ShardedToInterleavedDeviceOperation,1,745.0
186368,,ShardedToInterleavedDeviceOperation,1,744.0
197632,,ShardedToInterleavedDeviceOperation,1,744.0
1264640,1,ShardedToInterleavedDeviceOperation,1,744.0
1277952,1,ShardedToInterleavedDeviceOperation,1,744.0
189440,,ShardedToInterleavedDeviceOperation,1,743.0
198656,,ShardedToInterleavedDeviceOperation,1,743.0
1263616,1,ShardedToInterleavedDeviceOperation,1,742.0
1269760,1,ShardedToInterleavedDeviceOperation,1,742.0
1258496,1,ShardedToInterleavedDeviceOperation,1,739.0
184320,,ShardedToInterleavedDeviceOperation,1,736.0
176128,,ShardedToInterleavedDeviceOperation,1,735.0
179200,,ShardedToInterleavedDeviceOperation,1,735.0
185344,,ShardedToInterleavedDeviceOperation,1,735.0
190464,,ShardedToInterleavedDeviceOperation,1,735.0
192512,,ShardedToInterleavedDeviceOperation,1,735.0
195584,,ShardedToInterleavedDeviceOperation,1,735.0
199680,,ShardedToInterleavedDeviceOperation,1,735.0
200704,,ShardedToInterleavedDeviceOperation,1,735.0
1268736,1,ShardedToInterleavedDeviceOperation,1,735.0
1271808,1,ShardedToInterleavedDeviceOperation,1,735.0
1282048,1,ShardedToInterleavedDeviceOperation,1,735.0
1288192,1,ShardedToInterleavedDeviceOperation,1,735.0
177152,,ShardedToInterleavedDeviceOperation,1,734.0
180224,,ShardedToInterleavedDeviceOperation,1,734.0
187392,,ShardedToInterleavedDeviceOperation,1,734.0
196608,,ShardedToInterleavedDeviceOperation,1,734.0
1261568,1,ShardedToInterleavedDeviceOperation,1,734.0
1265664,1,ShardedToInterleavedDeviceOperation,1,734.0
1266688,1,ShardedToInterleavedDeviceOperation,1,734.0
1275904,1,ShardedToInterleavedDeviceOperation,1,734.0
1278976,1,ShardedToInterleavedDeviceOperation,1,734.0
1259520,1,ShardedToInterleavedDeviceOperation,1,732.0
181248,,ShardedToInterleavedDeviceOperation,1,730.0
201728,,ShardedToInterleavedDeviceOperation,1,721.0
222208,,ShardedToInterleavedDeviceOperation,4,718.0
223232,,ShardedToInterleavedDeviceOperation,4,691.0
1534976,1,BinaryNgDeviceOperation,64,630.0
2072576,1,BinaryNgDeviceOperation,64,620.0
2187264,1,BinaryNgDeviceOperation,64,619.0
1499136,1,BinaryNgDeviceOperation,64,618.0
1821696,1,BinaryNgDeviceOperation,64,618.0
1857536,1,BinaryNgDeviceOperation,64,618.0
2108416,1,BinaryNgDeviceOperation,64,615.0
2287616,1,BinaryNgDeviceOperation,63,614.0
1542144,1,BinaryNgDeviceOperation,64,613.0
1900544,1,BinaryNgDeviceOperation,64,613.0
2115584,1,BinaryNgDeviceOperation,64,613.0
1362944,1,BinaryNgDeviceOperation,64,612.0
1427456,1,BinaryNgDeviceOperation,64,612.0
1398784,1,BinaryNgDeviceOperation,64,611.0
1613824,1,BinaryNgDeviceOperation,64,611.0
1929216,1,BinaryNgDeviceOperation,64,611.0
1570816,1,BinaryNgDeviceOperation,64,609.0
1606656,1,BinaryNgDeviceOperation,64,608.0
1757184,1,BinaryNgDeviceOperation,64,607.0
1304576,1,ShardedToInterleavedDeviceOperation,4,606.0
1470464,1,BinaryNgDeviceOperation,64,606.0
1642496,1,BinaryNgDeviceOperation,64,606.0
1965056,1,BinaryNgDeviceOperation,64,606.0
1936384,1,BinaryNgDeviceOperation,64,605.0
1972224,1,BinaryNgDeviceOperation,64,605.0
1434624,1,BinaryNgDeviceOperation,64,604.0
1750016,1,BinaryNgDeviceOperation,64,604.0
1828864,1,BinaryNgDeviceOperation,64,604.0
2215936,1,BinaryNgDeviceOperation,64,604.0
1678336,1,BinaryNgDeviceOperation,64,603.0
2144256,1,BinaryNgDeviceOperation,64,603.0
2223104,1,BinaryNgDeviceOperation,64,603.0
2258944,1,BinaryNgDeviceOperation,64,603.0
1649664,1,BinaryNgDeviceOperation,64,602.0
2000896,1,BinaryNgDeviceOperation,64,602.0
2036736,1,BinaryNgDeviceOperation,64,602.0
2043904,1,BinaryNgDeviceOperation,64,602.0
2323456,1,BinaryNgDeviceOperation,60,602.0
1793024,1,BinaryNgDeviceOperation,64,601.0
1864704,1,BinaryNgDeviceOperation,64,601.0
2330624,1,BinaryNgDeviceOperation,56,601.0
1303552,1,ShardedToInterleavedDeviceOperation,4,600.0
1714176,1,BinaryNgDeviceOperation,64,600.0
1463296,1,BinaryNgDeviceOperation,64,599.0
2251776,1,BinaryNgDeviceOperation,64,599.0
2151424,1,BinaryNgDeviceOperation,64,598.0
2180096,1,BinaryNgDeviceOperation,64,598.0
1577984,1,BinaryNgDeviceOperation,64,597.0
2008064,1,BinaryNgDeviceOperation,64,597.0
1685504,1,BinaryNgDeviceOperation,64,595.0
1893376,1,BinaryNgDeviceOperation,64,595.0
1391616,1,BinaryNgDeviceOperation,64,594.0
1721344,1,BinaryNgDeviceOperation,64,594.0
2294784,1,BinaryNgDeviceOperation,63,594.0
1506304,1,BinaryNgDeviceOperation,64,592.0
288768,,ShardedToInterleavedDeviceOperation,8,591.0
396288,,ShardedToInterleavedDeviceOperation,8,591.0
1120256,,ShardedToInterleavedDeviceOperation,8,591.0
1879040,1,ShardedToInterleavedDeviceOperation,8,591.0
2079744,1,BinaryNgDeviceOperation,64,590.0
432128,,ShardedToInterleavedDeviceOperation,8,589.0
832512,,ShardedToInterleavedDeviceOperation,8,589.0
1191936,,ShardedToInterleavedDeviceOperation,8,588.0
331776,,ShardedToInterleavedDeviceOperation,8,587.0
466944,,ShardedToInterleavedDeviceOperation,8,587.0
726016,,ShardedToInterleavedDeviceOperation,8,587.0
232448,,ShardedToInterleavedDeviceOperation,8,585.0
248832,,ShardedToInterleavedDeviceOperation,8,583.0
367616,,ShardedToInterleavedDeviceOperation,8,583.0
475136,,ShardedToInterleavedDeviceOperation,8,583.0
724992,,ShardedToInterleavedDeviceOperation,8,583.0
825344,,ShardedToInterleavedDeviceOperation,8,583.0
940032,,ShardedToInterleavedDeviceOperation,8,583.0
1012736,,ShardedToInterleavedDeviceOperation,8,583.0
1040384,,ShardedToInterleavedDeviceOperation,8,583.0
1048576,,ShardedToInterleavedDeviceOperation,8,583.0
1083392,,ShardedToInterleavedDeviceOperation,8,583.0
474112,,ShardedToInterleavedDeviceOperation,8,581.0
575488,,ShardedToInterleavedDeviceOperation,8,581.0
653312,,ShardedToInterleavedDeviceOperation,8,581.0
789504,,ShardedToInterleavedDeviceOperation,8,581.0
790528,,ShardedToInterleavedDeviceOperation,8,581.0
826368,,ShardedToInterleavedDeviceOperation,8,581.0
869376,,ShardedToInterleavedDeviceOperation,8,581.0
932864,,ShardedToInterleavedDeviceOperation,8,581.0
933888,,ShardedToInterleavedDeviceOperation,8,581.0
941056,,ShardedToInterleavedDeviceOperation,8,581.0
1011712,,ShardedToInterleavedDeviceOperation,8,581.0
1184768,,ShardedToInterleavedDeviceOperation,8,581.0
366592,,ShardedToInterleavedDeviceOperation,8,580.0
431104,,ShardedToInterleavedDeviceOperation,8,580.0
438272,,ShardedToInterleavedDeviceOperation,8,580.0
611328,,ShardedToInterleavedDeviceOperation,8,580.0
862208,,ShardedToInterleavedDeviceOperation,8,580.0
1084416,,ShardedToInterleavedDeviceOperation,8,580.0
574464,,ShardedToInterleavedDeviceOperation,8,579.0
647168,,ShardedToInterleavedDeviceOperation,8,579.0
1113088,,ShardedToInterleavedDeviceOperation,8,577.0
610304,,ShardedToInterleavedDeviceOperation,8,576.0
861184,,ShardedToInterleavedDeviceOperation,8,576.0
1183744,,ShardedToInterleavedDeviceOperation,8,576.0
287744,,ShardedToInterleavedDeviceOperation,8,575.0
295936,,ShardedToInterleavedDeviceOperation,8,575.0
467968,,ShardedToInterleavedDeviceOperation,8,575.0
545792,,ShardedToInterleavedDeviceOperation,8,575.0
618496,,ShardedToInterleavedDeviceOperation,8,575.0
690176,,ShardedToInterleavedDeviceOperation,8,575.0
905216,,ShardedToInterleavedDeviceOperation,8,575.0
1112064,,ShardedToInterleavedDeviceOperation,8,575.0
1156096,,ShardedToInterleavedDeviceOperation,8,575.0
1727488,1,ShardedToInterleavedDeviceOperation,8,575.0
324608,,ShardedToInterleavedDeviceOperation,8,573.0
617472,,ShardedToInterleavedDeviceOperation,8,573.0
1077248,,ShardedToInterleavedDeviceOperation,8,573.0
1155072,,ShardedToInterleavedDeviceOperation,8,573.0
581632,,ShardedToInterleavedDeviceOperation,8,572.0
718848,,ShardedToInterleavedDeviceOperation,8,572.0
1041408,,ShardedToInterleavedDeviceOperation,8,572.0
1785856,1,BinaryNgDeviceOperation,64,570.0
294912,,ShardedToInterleavedDeviceOperation,8,567.0
359424,,ShardedToInterleavedDeviceOperation,8,567.0
538624,,ShardedToInterleavedDeviceOperation,8,567.0
898048,,ShardedToInterleavedDeviceOperation,8,567.0
976896,,ShardedToInterleavedDeviceOperation,8,567.0
1220608,,ShardedToInterleavedDeviceOperation,8,567.0
1914880,1,ShardedToInterleavedDeviceOperation,8,567.0
1148928,,ShardedToInterleavedDeviceOperation,8,566.0
330752,,ShardedToInterleavedDeviceOperation,8,565.0
546816,,ShardedToInterleavedDeviceOperation,8,564.0
968704,,ShardedToInterleavedDeviceOperation,8,564.0
1520640,1,ShardedToInterleavedDeviceOperation,8,564.0
231424,,ShardedToInterleavedDeviceOperation,8,559.0
323584,,ShardedToInterleavedDeviceOperation,8,559.0
403456,,ShardedToInterleavedDeviceOperation,8,559.0
510976,,ShardedToInterleavedDeviceOperation,8,559.0
646144,,ShardedToInterleavedDeviceOperation,8,559.0
654336,,ShardedToInterleavedDeviceOperation,8,559.0
761856,,ShardedToInterleavedDeviceOperation,8,559.0
797696,,ShardedToInterleavedDeviceOperation,8,559.0
833536,,ShardedToInterleavedDeviceOperation,8,559.0
1004544,,ShardedToInterleavedDeviceOperation,8,559.0
1076224,,ShardedToInterleavedDeviceOperation,8,559.0
1404928,1,ShardedToInterleavedDeviceOperation,8,559.0
1512448,1,ShardedToInterleavedDeviceOperation,8,559.0
1591296,1,ShardedToInterleavedDeviceOperation,8,559.0
1770496,1,ShardedToInterleavedDeviceOperation,8,559.0
1878016,1,ShardedToInterleavedDeviceOperation,8,559.0
1942528,1,ShardedToInterleavedDeviceOperation,8,559.0
2050048,1,ShardedToInterleavedDeviceOperation,8,559.0
2272256,1,ShardedToInterleavedDeviceOperation,8,559.0
689152,,ShardedToInterleavedDeviceOperation,8,558.0
975872,,ShardedToInterleavedDeviceOperation,8,558.0
1584128,1,ShardedToInterleavedDeviceOperation,8,558.0
2014208,1,ShardedToInterleavedDeviceOperation,8,558.0
2085888,1,ShardedToInterleavedDeviceOperation,8,558.0
395264,,ShardedToInterleavedDeviceOperation,8,557.0
1119232,,ShardedToInterleavedDeviceOperation,8,557.0
1835008,1,ShardedToInterleavedDeviceOperation,8,557.0
1949696,1,ShardedToInterleavedDeviceOperation,8,557.0
2200576,1,ShardedToInterleavedDeviceOperation,8,557.0
1047552,,ShardedToInterleavedDeviceOperation,8,556.0
1190912,,ShardedToInterleavedDeviceOperation,8,556.0
1806336,1,ShardedToInterleavedDeviceOperation,8,556.0
1870848,1,ShardedToInterleavedDeviceOperation,8,556.0
1329152,1,ShardedToInterleavedDeviceOperation,8,555.0
1734656,1,ShardedToInterleavedDeviceOperation,8,555.0
1978368,1,ShardedToInterleavedDeviceOperation,8,555.0
2157568,1,ShardedToInterleavedDeviceOperation,8,555.0
2164736,1,ShardedToInterleavedDeviceOperation,8,555.0
2265088,1,ShardedToInterleavedDeviceOperation,8,555.0
1799168,1,ShardedToInterleavedDeviceOperation,8,554.0
1842176,1,ShardedToInterleavedDeviceOperation,8,554.0
1447936,1,ShardedToInterleavedDeviceOperation,8,553.0
1548288,1,ShardedToInterleavedDeviceOperation,8,553.0
1763328,1,ShardedToInterleavedDeviceOperation,8,553.0
2057216,1,ShardedToInterleavedDeviceOperation,8,553.0
2236416,1,ShardedToInterleavedDeviceOperation,8,553.0
2193408,1,ShardedToInterleavedDeviceOperation,8,552.0
240640,,ShardedToInterleavedDeviceOperation,4,551.0
1440768,1,ShardedToInterleavedDeviceOperation,8,551.0
1519616,1,ShardedToInterleavedDeviceOperation,8,551.0
1619968,1,ShardedToInterleavedDeviceOperation,8,551.0
1627136,1,ShardedToInterleavedDeviceOperation,8,551.0
1664000,1,ShardedToInterleavedDeviceOperation,8,551.0
1691648,1,ShardedToInterleavedDeviceOperation,8,551.0
1907712,1,ShardedToInterleavedDeviceOperation,8,551.0
2121728,1,ShardedToInterleavedDeviceOperation,8,551.0
1226752,,ShardedToInterleavedDeviceOperation,8,550.0
1376256,1,ShardedToInterleavedDeviceOperation,8,550.0
1555456,1,ShardedToInterleavedDeviceOperation,8,550.0
1906688,1,ShardedToInterleavedDeviceOperation,8,550.0
1913856,1,ShardedToInterleavedDeviceOperation,8,550.0
2021376,1,ShardedToInterleavedDeviceOperation,8,550.0
2128896,1,ShardedToInterleavedDeviceOperation,8,550.0
402432,,ShardedToInterleavedDeviceOperation,8,549.0
1369088,1,ShardedToInterleavedDeviceOperation,8,549.0
2194432,1,ShardedToInterleavedDeviceOperation,8,549.0
2308096,1,ShardedToInterleavedDeviceOperation,7,549.0
503808,,ShardedToInterleavedDeviceOperation,8,548.0
796672,,ShardedToInterleavedDeviceOperation,8,548.0
1549312,1,ShardedToInterleavedDeviceOperation,8,548.0
1662976,1,ShardedToInterleavedDeviceOperation,8,548.0
1764352,1,ShardedToInterleavedDeviceOperation,8,548.0
2086912,1,ShardedToInterleavedDeviceOperation,8,548.0
1370112,1,ShardedToInterleavedDeviceOperation,8,547.0
1476608,1,ShardedToInterleavedDeviceOperation,8,547.0
1513472,1,ShardedToInterleavedDeviceOperation,8,547.0
1655808,1,ShardedToInterleavedDeviceOperation,8,547.0
1871872,1,ShardedToInterleavedDeviceOperation,8,547.0
1950720,1,ShardedToInterleavedDeviceOperation,8,547.0
1692672,1,ShardedToInterleavedDeviceOperation,8,546.0
1807360,1,ShardedToInterleavedDeviceOperation,8,546.0
2129920,1,ShardedToInterleavedDeviceOperation,8,546.0
1620992,1,ShardedToInterleavedDeviceOperation,8,545.0
2058240,1,ShardedToInterleavedDeviceOperation,8,545.0
2266112,1,ShardedToInterleavedDeviceOperation,8,545.0
681984,,ShardedToInterleavedDeviceOperation,8,543.0
1227776,,ShardedToInterleavedDeviceOperation,8,543.0
1313792,1,ShardedToInterleavedDeviceOperation,8,543.0
1441792,1,ShardedToInterleavedDeviceOperation,8,543.0
1448960,1,ShardedToInterleavedDeviceOperation,8,543.0
1979392,1,ShardedToInterleavedDeviceOperation,8,543.0
2015232,1,ShardedToInterleavedDeviceOperation,8,543.0
2158592,1,ShardedToInterleavedDeviceOperation,8,543.0
1005568,,ShardedToInterleavedDeviceOperation,8,542.0
1477632,1,ShardedToInterleavedDeviceOperation,8,542.0
1585152,1,ShardedToInterleavedDeviceOperation,8,542.0
1628160,1,ShardedToInterleavedDeviceOperation,8,542.0
1699840,1,ShardedToInterleavedDeviceOperation,8,542.0
2201600,1,ShardedToInterleavedDeviceOperation,8,542.0
2309120,1,ShardedToInterleavedDeviceOperation,7,542.0
868352,,ShardedToInterleavedDeviceOperation,8,541.0
1377280,1,ShardedToInterleavedDeviceOperation,8,541.0
1836032,1,ShardedToInterleavedDeviceOperation,8,541.0
683008,,ShardedToInterleavedDeviceOperation,8,540.0
753664,,ShardedToInterleavedDeviceOperation,8,540.0
1405952,1,ShardedToInterleavedDeviceOperation,8,540.0
1843200,1,ShardedToInterleavedDeviceOperation,8,540.0
1943552,1,ShardedToInterleavedDeviceOperation,8,540.0
2051072,1,ShardedToInterleavedDeviceOperation,8,540.0
1330176,1,ShardedToInterleavedDeviceOperation,8,539.0
1656832,1,ShardedToInterleavedDeviceOperation,8,539.0
1728512,1,ShardedToInterleavedDeviceOperation,8,539.0
1800192,1,ShardedToInterleavedDeviceOperation,8,539.0
2301952,1,ShardedToInterleavedDeviceOperation,7,539.0
1985536,1,ShardedToInterleavedDeviceOperation,8,538.0
1556480,1,ShardedToInterleavedDeviceOperation,8,537.0
2165760,1,ShardedToInterleavedDeviceOperation,8,537.0
439296,,ShardedToInterleavedDeviceOperation,8,536.0
582656,,ShardedToInterleavedDeviceOperation,8,536.0
717824,,ShardedToInterleavedDeviceOperation,8,536.0
760832,,ShardedToInterleavedDeviceOperation,8,536.0
1484800,1,ShardedToInterleavedDeviceOperation,8,536.0
502784,,ShardedToInterleavedDeviceOperation,8,535.0
509952,,ShardedToInterleavedDeviceOperation,8,535.0
754688,,ShardedToInterleavedDeviceOperation,8,535.0
897024,,ShardedToInterleavedDeviceOperation,8,535.0
969728,,ShardedToInterleavedDeviceOperation,8,535.0
2093056,1,ShardedToInterleavedDeviceOperation,8,535.0
2122752,1,ShardedToInterleavedDeviceOperation,8,535.0
747520,,BinaryNgDeviceOperation,64,534.0
1735680,1,ShardedToInterleavedDeviceOperation,8,534.0
1986560,1,ShardedToInterleavedDeviceOperation,8,534.0
2022400,1,ShardedToInterleavedDeviceOperation,8,534.0
2094080,1,ShardedToInterleavedDeviceOperation,8,534.0
539648,,ShardedToInterleavedDeviceOperation,8,533.0
904192,,ShardedToInterleavedDeviceOperation,8,533.0
1592320,1,ShardedToInterleavedDeviceOperation,8,532.0
2230272,1,ShardedToInterleavedDeviceOperation,8,532.0
2237440,1,ShardedToInterleavedDeviceOperation,8,532.0
2273280,1,ShardedToInterleavedDeviceOperation,8,532.0
1321984,1,ShardedToInterleavedDeviceOperation,4,530.0
1771520,1,ShardedToInterleavedDeviceOperation,8,530.0
1483776,1,ShardedToInterleavedDeviceOperation,8,528.0
247808,,ShardedToInterleavedDeviceOperation,8,527.0
1147904,,ShardedToInterleavedDeviceOperation,8,527.0
1413120,1,ShardedToInterleavedDeviceOperation,8,527.0
1698816,1,ShardedToInterleavedDeviceOperation,8,527.0
2229248,1,ShardedToInterleavedDeviceOperation,8,527.0
360448,,ShardedToInterleavedDeviceOperation,8,525.0
1219584,,ShardedToInterleavedDeviceOperation,8,525.0
1412096,1,ShardedToInterleavedDeviceOperation,8,525.0
1312768,1,ShardedToInterleavedDeviceOperation,8,520.0
346112,,BinaryNgDeviceOperation,64,516.0
819200,,BinaryNgDeviceOperation,64,510.0
890880,,BinaryNgDeviceOperation,64,509.0
2300928,1,ShardedToInterleavedDeviceOperation,7,509.0
489472,,BinaryNgDeviceOperation,64,508.0
1242112,,BinaryNgDeviceOperation,64,508.0
596992,,BinaryNgDeviceOperation,64,506.0
1206272,,BinaryNgDeviceOperation,64,506.0
317440,,BinaryNgDeviceOperation,64,504.0
704512,,BinaryNgDeviceOperation,64,498.0
1170432,,BinaryNgDeviceOperation,64,495.0
417792,,BinaryNgDeviceOperation,64,494.0
460800,,BinaryNgDeviceOperation,64,493.0
668672,,BinaryNgDeviceOperation,64,493.0
561152,,BinaryNgDeviceOperation,64,492.0
962560,,BinaryNgDeviceOperation,64,490.0
711680,,BinaryNgDeviceOperation,64,489.0
381952,,BinaryNgDeviceOperation,64,486.0
776192,,BinaryNgDeviceOperation,64,484.0
1098752,,BinaryNgDeviceOperation,64,484.0
919552,,BinaryNgDeviceOperation,64,482.0
1249280,,BinaryNgDeviceOperation,64,482.0
812032,,BinaryNgDeviceOperation,64,481.0
883712,,BinaryNgDeviceOperation,64,481.0
1034240,,BinaryNgDeviceOperation,64,481.0
1177600,,BinaryNgDeviceOperation,64,481.0
926720,,BinaryNgDeviceOperation,64,480.0
955392,,BinaryNgDeviceOperation,64,480.0
424960,,BinaryNgDeviceOperation,64,479.0
991232,,BinaryNgDeviceOperation,64,479.0
998400,,BinaryNgDeviceOperation,64,479.0
525312,,BinaryNgDeviceOperation,64,478.0
281600,,BinaryNgDeviceOperation,64,477.0
632832,,BinaryNgDeviceOperation,64,477.0
1134592,,BinaryNgDeviceOperation,64,477.0
310272,,BinaryNgDeviceOperation,64,476.0
568320,,BinaryNgDeviceOperation,64,476.0
1027072,,BinaryNgDeviceOperation,64,476.0
1141760,,BinaryNgDeviceOperation,64,476.0
353280,,BinaryNgDeviceOperation,64,475.0
532480,,BinaryNgDeviceOperation,64,475.0
604160,,BinaryNgDeviceOperation,64,475.0
389120,,BinaryNgDeviceOperation,64,474.0
1070080,,BinaryNgDeviceOperation,64,474.0
496640,,BinaryNgDeviceOperation,64,473.0
640000,,BinaryNgDeviceOperation,64,472.0
675840,,BinaryNgDeviceOperation,64,472.0
740352,,BinaryNgDeviceOperation,64,472.0
783360,,BinaryNgDeviceOperation,64,472.0
1062912,,BinaryNgDeviceOperation,64,472.0
1213440,,BinaryNgDeviceOperation,64,471.0
855040,,BinaryNgDeviceOperation,64,470.0
453632,,BinaryNgDeviceOperation,64,469.0
847872,,BinaryNgDeviceOperation,64,468.0
1105920,,BinaryNgDeviceOperation,64,466.0
