op_id,replay,op_name,cores,duration_ns
1351680,,ArgMaxDeviceOperation,64,2626110.0
2386944,1,ArgMaxDeviceOperation,63,2621579.0
2383872,1,MatmulDeviceOperation,63,2297384.0
1348608,,MatmulDeviceOperation,64,2275554.0
267264,,CopyDeviceOperation,64,1080528.0
178176,,CopyDeviceOperation,64,1079319.0
301056,,CopyDeviceOperation,64,1077307.0
257024,,CopyDeviceOperation,64,1068737.0
283648,,CopyDeviceOperation,64,1066636.0
282624,,CopyDeviceOperation,64,1064819.0
198656,,CopyDeviceOperation,64,1064812.0
218112,,CopyDeviceOperation,64,1064367.0
316416,,CopyDeviceOperation,64,1063937.0
245760,,CopyDeviceOperation,64,1063510.0
291840,,CopyDeviceOperation,64,1062914.0
309248,,CopyDeviceOperation,64,1061634.0
315392,,CopyDeviceOperation,64,1060448.0
207872,,CopyDeviceOperation,64,1059697.0
314368,,CopyDeviceOperation,64,1059624.0
174080,,CopyDeviceOperation,64,1057989.0
297984,,CopyDeviceOperation,64,1057893.0
264192,,CopyDeviceOperation,64,1057868.0
232448,,CopyDeviceOperation,64,1057862.0
215040,,CopyDeviceOperation,64,1056989.0
225280,,CopyDeviceOperation,64,1056841.0
272384,,CopyDeviceOperation,64,1056698.0
214016,,CopyDeviceOperation,64,1056322.0
278528,,CopyDeviceOperation,64,1056209.0
287744,,CopyDeviceOperation,64,1055023.0
187392,,CopyDeviceOperation,64,1054379.0
265216,,CopyDeviceOperation,64,1053820.0
219136,,CopyDeviceOperation,64,1053808.0
181248,,CopyDeviceOperation,64,1053617.0
246784,,CopyDeviceOperation,64,1052070.0
228352,,CopyDeviceOperation,64,1051159.0
281600,,CopyDeviceOperation,64,1050409.0
279552,,CopyDeviceOperation,64,1050270.0
242688,,CopyDeviceOperation,64,1048593.0
204800,,CopyDeviceOperation,64,1048291.0
292864,,CopyDeviceOperation,64,1047455.0
211968,,CopyDeviceOperation,64,1047138.0
180224,,CopyDeviceOperation,64,1046792.0
247808,,CopyDeviceOperation,64,1046677.0
201728,,CopyDeviceOperation,64,1046668.0
308224,,CopyDeviceOperation,64,1046040.0
261120,,CopyDeviceOperation,64,1045195.0
192512,,CopyDeviceOperation,64,1045005.0
230400,,CopyDeviceOperation,64,1045002.0
262144,,CopyDeviceOperation,64,1040135.0
186368,,CopyDeviceOperation,64,1039914.0
280576,,CopyDeviceOperation,64,1039419.0
284672,,CopyDeviceOperation,64,1037682.0
310272,,CopyDeviceOperation,64,1036438.0
296960,,CopyDeviceOperation,64,1034632.0
233472,,CopyDeviceOperation,64,1033599.0
196608,,CopyDeviceOperation,64,1032542.0
183296,,CopyDeviceOperation,64,1031217.0
210944,,CopyDeviceOperation,64,1031033.0
227328,,CopyDeviceOperation,64,1028857.0
252928,,CopyDeviceOperation,64,1025298.0
299008,,CopyDeviceOperation,64,963474.0
305152,,CopyDeviceOperation,64,963399.0
189440,,CopyDeviceOperation,64,961036.0
217088,,CopyDeviceOperation,64,959467.0
249856,,CopyDeviceOperation,64,958453.0
256000,,CopyDeviceOperation,64,956017.0
295936,,CopyDeviceOperation,64,948929.0
312320,,CopyDeviceOperation,64,948447.0
236544,,CopyDeviceOperation,64,946506.0
238592,,CopyDeviceOperation,64,945280.0
195584,,CopyDeviceOperation,64,945231.0
277504,,CopyDeviceOperation,64,945135.0
311296,,CopyDeviceOperation,64,944376.0
302080,,CopyDeviceOperation,64,944237.0
286720,,CopyDeviceOperation,64,943950.0
300032,,CopyDeviceOperation,64,940965.0
191488,,CopyDeviceOperation,64,938927.0
182272,,CopyDeviceOperation,64,938012.0
240640,,CopyDeviceOperation,64,937250.0
244736,,CopyDeviceOperation,64,937097.0
259072,,CopyDeviceOperation,64,936614.0
221184,,CopyDeviceOperation,64,935118.0
202752,,CopyDeviceOperation,64,931018.0
216064,,CopyDeviceOperation,64,929591.0
276480,,CopyDeviceOperation,64,928491.0
200704,,CopyDeviceOperation,64,922527.0
190464,,CopyDeviceOperation,64,920135.0
254976,,CopyDeviceOperation,64,912322.0
1890304,1,MatmulDeviceOperation,64,327091.0
1716224,1,MatmulDeviceOperation,64,326995.0
2376704,1,MatmulDeviceOperation,63,326990.0
1541120,1,MatmulDeviceOperation,64,326863.0
1751040,1,MatmulDeviceOperation,64,326728.0
1576960,1,MatmulDeviceOperation,64,326693.0
1471488,1,MatmulDeviceOperation,64,326689.0
2167808,1,MatmulDeviceOperation,64,326641.0
2203648,1,MatmulDeviceOperation,64,326610.0
2202624,1,MatmulDeviceOperation,64,326588.0
2341888,1,MatmulDeviceOperation,64,326541.0
2342912,1,MatmulDeviceOperation,64,326536.0
1680384,1,MatmulDeviceOperation,64,326521.0
1750016,1,MatmulDeviceOperation,64,326405.0
1472512,1,MatmulDeviceOperation,64,326299.0
1820672,1,MatmulDeviceOperation,64,326260.0
1437696,1,MatmulDeviceOperation,64,326224.0
1889280,1,MatmulDeviceOperation,64,326142.0
1542144,1,MatmulDeviceOperation,64,326113.0
1994752,1,MatmulDeviceOperation,64,325995.0
506880,,MatmulDeviceOperation,64,325981.0
1855488,1,MatmulDeviceOperation,64,325956.0
1925120,1,MatmulDeviceOperation,64,325950.0
2168832,1,MatmulDeviceOperation,64,325937.0
2099200,1,MatmulDeviceOperation,64,325919.0
1202176,,MatmulDeviceOperation,64,325804.0
1681408,1,MatmulDeviceOperation,64,325784.0
2377728,1,MatmulDeviceOperation,63,325782.0
1611776,1,MatmulDeviceOperation,64,325682.0
1646592,1,MatmulDeviceOperation,64,325672.0
1785856,1,MatmulDeviceOperation,64,325629.0
1132544,,MatmulDeviceOperation,64,325579.0
2134016,1,MatmulDeviceOperation,64,325519.0
2028544,1,MatmulDeviceOperation,64,325518.0
1784832,1,MatmulDeviceOperation,64,325299.0
2132992,1,MatmulDeviceOperation,64,325255.0
2098176,1,MatmulDeviceOperation,64,325230.0
611328,,MatmulDeviceOperation,64,325071.0
1029120,,MatmulDeviceOperation,64,325053.0
2273280,1,MatmulDeviceOperation,64,325019.0
923648,,MatmulDeviceOperation,64,325016.0
1062912,,MatmulDeviceOperation,64,324980.0
819200,,MatmulDeviceOperation,64,324958.0
820224,,MatmulDeviceOperation,64,324957.0
1098752,,MatmulDeviceOperation,64,324935.0
505856,,MatmulDeviceOperation,64,324923.0
2237440,1,MatmulDeviceOperation,64,324877.0
1993728,1,MatmulDeviceOperation,64,324843.0
541696,,MatmulDeviceOperation,64,324827.0
1575936,1,MatmulDeviceOperation,64,324777.0
1238016,,MatmulDeviceOperation,64,324763.0
1819648,1,MatmulDeviceOperation,64,324739.0
1854464,1,MatmulDeviceOperation,64,324727.0
2238464,1,MatmulDeviceOperation,64,324725.0
2064384,1,MatmulDeviceOperation,64,324718.0
1959936,1,MatmulDeviceOperation,64,324698.0
1958912,1,MatmulDeviceOperation,64,324693.0
1924096,1,MatmulDeviceOperation,64,324680.0
993280,,MatmulDeviceOperation,64,324679.0
1506304,1,MatmulDeviceOperation,64,324678.0
750592,,MatmulDeviceOperation,64,324660.0
1236992,,MatmulDeviceOperation,64,324609.0
1645568,1,MatmulDeviceOperation,64,324590.0
749568,,MatmulDeviceOperation,64,324579.0
1610752,1,MatmulDeviceOperation,64,324572.0
1306624,,MatmulDeviceOperation,64,324543.0
784384,,MatmulDeviceOperation,64,324542.0
1307648,,MatmulDeviceOperation,64,324507.0
2307072,1,MatmulDeviceOperation,64,324403.0
1063936,,MatmulDeviceOperation,64,324257.0
1507328,1,MatmulDeviceOperation,64,324244.0
471040,,MatmulDeviceOperation,64,324240.0
1715200,1,MatmulDeviceOperation,64,324221.0
1167360,,MatmulDeviceOperation,64,324209.0
679936,,MatmulDeviceOperation,64,324188.0
402432,,MatmulDeviceOperation,64,324178.0
785408,,MatmulDeviceOperation,64,324173.0
1436672,1,MatmulDeviceOperation,64,324138.0
854016,,MatmulDeviceOperation,64,324127.0
1272832,,MatmulDeviceOperation,64,324078.0
540672,,MatmulDeviceOperation,64,324035.0
855040,,MatmulDeviceOperation,64,324032.0
714752,,MatmulDeviceOperation,64,324023.0
436224,,MatmulDeviceOperation,64,324013.0
959488,,MatmulDeviceOperation,64,323944.0
1271808,,MatmulDeviceOperation,64,323942.0
1168384,,MatmulDeviceOperation,64,323931.0
680960,,MatmulDeviceOperation,64,323911.0
576512,,MatmulDeviceOperation,64,323895.0
889856,,MatmulDeviceOperation,64,323882.0
1028096,,MatmulDeviceOperation,64,323874.0
994304,,MatmulDeviceOperation,64,323859.0
888832,,MatmulDeviceOperation,64,323858.0
2308096,1,MatmulDeviceOperation,64,323857.0
924672,,MatmulDeviceOperation,64,323855.0
958464,,MatmulDeviceOperation,64,323839.0
2029568,1,MatmulDeviceOperation,64,323838.0
2272256,1,MatmulDeviceOperation,64,323804.0
575488,,MatmulDeviceOperation,64,323765.0
1342464,,MatmulDeviceOperation,64,323764.0
1097728,,MatmulDeviceOperation,64,323740.0
715776,,MatmulDeviceOperation,64,323717.0
2063360,1,MatmulDeviceOperation,64,323680.0
1203200,,MatmulDeviceOperation,64,323651.0
610304,,MatmulDeviceOperation,64,323614.0
645120,,MatmulDeviceOperation,64,323579.0
472064,,MatmulDeviceOperation,64,323498.0
646144,,MatmulDeviceOperation,64,323483.0
437248,,MatmulDeviceOperation,64,323417.0
1133568,,MatmulDeviceOperation,64,323401.0
1341440,,MatmulDeviceOperation,64,323135.0
401408,,MatmulDeviceOperation,64,323058.0
544768,,MatmulDeviceOperation,64,296043.0
1997824,1,MatmulDeviceOperation,64,295779.0
1649664,1,MatmulDeviceOperation,64,295734.0
1580032,1,MatmulDeviceOperation,64,295696.0
1893376,1,MatmulDeviceOperation,64,295665.0
1754112,1,MatmulDeviceOperation,64,295588.0
1440768,1,MatmulDeviceOperation,64,295571.0
2276352,1,MatmulDeviceOperation,64,295563.0
2380800,1,MatmulDeviceOperation,63,295555.0
1858560,1,MatmulDeviceOperation,64,295554.0
2102272,1,MatmulDeviceOperation,64,295495.0
2137088,1,MatmulDeviceOperation,64,295495.0
1928192,1,MatmulDeviceOperation,64,295480.0
1684480,1,MatmulDeviceOperation,64,295472.0
1475584,1,MatmulDeviceOperation,64,295445.0
2206720,1,MatmulDeviceOperation,64,295424.0
1719296,1,MatmulDeviceOperation,64,295406.0
1171456,,MatmulDeviceOperation,64,295402.0
1241088,,MatmulDeviceOperation,64,295385.0
1345536,,MatmulDeviceOperation,64,295367.0
440320,,MatmulDeviceOperation,64,295362.0
1788928,1,MatmulDeviceOperation,64,295311.0
1275904,,MatmulDeviceOperation,64,295299.0
2067456,1,MatmulDeviceOperation,64,295242.0
614400,,MatmulDeviceOperation,64,295238.0
858112,,MatmulDeviceOperation,64,295204.0
1510400,1,MatmulDeviceOperation,64,295196.0
579584,,MatmulDeviceOperation,64,295194.0
2171904,1,MatmulDeviceOperation,64,295153.0
753664,,MatmulDeviceOperation,64,295143.0
718848,,MatmulDeviceOperation,64,295118.0
1067008,,MatmulDeviceOperation,64,295054.0
892928,,MatmulDeviceOperation,64,295050.0
1823744,1,MatmulDeviceOperation,64,295031.0
475136,,MatmulDeviceOperation,64,295025.0
405504,,MatmulDeviceOperation,64,294932.0
1310720,,MatmulDeviceOperation,64,294893.0
823296,,MatmulDeviceOperation,64,294891.0
997376,,MatmulDeviceOperation,64,294884.0
1032192,,MatmulDeviceOperation,64,294873.0
1614848,1,MatmulDeviceOperation,64,294837.0
1963008,1,MatmulDeviceOperation,64,294817.0
1545216,1,MatmulDeviceOperation,64,294779.0
1206272,,MatmulDeviceOperation,64,294761.0
2311168,1,MatmulDeviceOperation,64,294715.0
2241536,1,MatmulDeviceOperation,64,294689.0
649216,,MatmulDeviceOperation,64,294599.0
962560,,MatmulDeviceOperation,64,294584.0
927744,,MatmulDeviceOperation,64,294575.0
509952,,MatmulDeviceOperation,64,294516.0
1101824,,MatmulDeviceOperation,64,294500.0
2032640,1,MatmulDeviceOperation,64,294324.0
788480,,MatmulDeviceOperation,64,294317.0
1136640,,MatmulDeviceOperation,64,294315.0
2345984,1,MatmulDeviceOperation,64,294211.0
684032,,MatmulDeviceOperation,64,294159.0
222208,,CopyDeviceOperation,64,240785.0
274432,,CopyDeviceOperation,64,240032.0
203776,,CopyDeviceOperation,64,238447.0
271360,,CopyDeviceOperation,64,236877.0
270336,,CopyDeviceOperation,64,236205.0
194560,,CopyDeviceOperation,64,235992.0
293888,,CopyDeviceOperation,64,235544.0
231424,,CopyDeviceOperation,64,234702.0
229376,,CopyDeviceOperation,64,234521.0
184320,,CopyDeviceOperation,64,234500.0
273408,,CopyDeviceOperation,64,234362.0
234496,,CopyDeviceOperation,64,233893.0
185344,,CopyDeviceOperation,64,233221.0
248832,,CopyDeviceOperation,64,233035.0
303104,,CopyDeviceOperation,64,233031.0
197632,,CopyDeviceOperation,64,232637.0
241664,,CopyDeviceOperation,64,232367.0
226304,,CopyDeviceOperation,64,231612.0
199680,,CopyDeviceOperation,64,231596.0
224256,,CopyDeviceOperation,64,231592.0
260096,,CopyDeviceOperation,64,231582.0
176128,,CopyDeviceOperation,64,231435.0
237568,,CopyDeviceOperation,64,231259.0
263168,,CopyDeviceOperation,64,230278.0
289792,,CopyDeviceOperation,64,230247.0
175104,,CopyDeviceOperation,64,229874.0
179200,,CopyDeviceOperation,64,228474.0
223232,,CopyDeviceOperation,64,226076.0
294912,,InterleavedToShardedDeviceOperation,12,169762.0
307200,,InterleavedToShardedDeviceOperation,12,169291.0
285696,,InterleavedToShardedDeviceOperation,12,168760.0
206848,,InterleavedToShardedDeviceOperation,12,168401.0
313344,,InterleavedToShardedDeviceOperation,12,168269.0
253952,,InterleavedToShardedDeviceOperation,12,167852.0
258048,,InterleavedToShardedDeviceOperation,12,167750.0
235520,,InterleavedToShardedDeviceOperation,12,167320.0
208896,,InterleavedToShardedDeviceOperation,12,167228.0
193536,,InterleavedToShardedDeviceOperation,12,167043.0
220160,,InterleavedToShardedDeviceOperation,12,167024.0
251904,,InterleavedToShardedDeviceOperation,12,166918.0
188416,,InterleavedToShardedDeviceOperation,12,166777.0
290816,,InterleavedToShardedDeviceOperation,12,166777.0
205824,,InterleavedToShardedDeviceOperation,12,166535.0
288768,,InterleavedToShardedDeviceOperation,12,166448.0
304128,,InterleavedToShardedDeviceOperation,12,166367.0
269312,,InterleavedToShardedDeviceOperation,12,165988.0
268288,,InterleavedToShardedDeviceOperation,12,165918.0
275456,,InterleavedToShardedDeviceOperation,12,165846.0
250880,,InterleavedToShardedDeviceOperation,12,165782.0
306176,,InterleavedToShardedDeviceOperation,12,165548.0
243712,,InterleavedToShardedDeviceOperation,12,165382.0
209920,,InterleavedToShardedDeviceOperation,12,165257.0
239616,,InterleavedToShardedDeviceOperation,12,165246.0
212992,,InterleavedToShardedDeviceOperation,12,164515.0
177152,,InterleavedToShardedDeviceOperation,12,164300.0
266240,,InterleavedToShardedDeviceOperation,12,163920.0
1350656,,UntilizeDeviceOperation,63,122645.0
2385920,1,UntilizeDeviceOperation,62,117404.0
143360,,TilizeDeviceOperation,64,93538.0
65536,,TilizeDeviceOperation,64,92822.0
2048,,TilizeDeviceOperation,64,92607.0
163840,,TilizeDeviceOperation,64,92031.0
16384,,TilizeDeviceOperation,64,91870.0
77824,,TilizeDeviceOperation,64,91741.0
22528,,TilizeDeviceOperation,64,91644.0
118784,,TilizeDeviceOperation,64,91255.0
8192,,TilizeDeviceOperation,64,91182.0
139264,,TilizeDeviceOperation,64,90674.0
108544,,TilizeDeviceOperation,64,90005.0
131072,,TilizeDeviceOperation,64,89943.0
32768,,TilizeDeviceOperation,64,89922.0
40960,,TilizeDeviceOperation,64,89792.0
45056,,TilizeDeviceOperation,64,89675.0
83968,,TilizeDeviceOperation,64,89380.0
4096,,TilizeDeviceOperation,64,89273.0
151552,,TilizeDeviceOperation,64,89264.0
124928,,TilizeDeviceOperation,64,89106.0
34816,,TilizeDeviceOperation,64,89017.0
137216,,TilizeDeviceOperation,64,89003.0
20480,,TilizeDeviceOperation,64,88998.0
120832,,TilizeDeviceOperation,64,88982.0
94208,,TilizeDeviceOperation,64,88817.0
28672,,TilizeDeviceOperation,64,88810.0
145408,,TilizeDeviceOperation,64,88540.0
112640,,TilizeDeviceOperation,64,88516.0
88064,,TilizeDeviceOperation,64,88493.0
126976,,TilizeDeviceOperation,64,88440.0
96256,,TilizeDeviceOperation,64,88425.0
53248,,TilizeDeviceOperation,64,88277.0
47104,,TilizeDeviceOperation,64,88271.0
71680,,TilizeDeviceOperation,64,88268.0
75776,,TilizeDeviceOperation,64,88207.0
169984,,TilizeDeviceOperation,64,88095.0
155648,,TilizeDeviceOperation,64,88094.0
38912,,TilizeDeviceOperation,64,88078.0
81920,,TilizeDeviceOperation,64,88059.0
57344,,TilizeDeviceOperation,64,87981.0
106496,,TilizeDeviceOperation,64,87978.0
63488,,TilizeDeviceOperation,64,87744.0
51200,,TilizeDeviceOperation,64,87624.0
149504,,TilizeDeviceOperation,64,87305.0
133120,,TilizeDeviceOperation,64,87287.0
10240,,TilizeDeviceOperation,64,87262.0
167936,,TilizeDeviceOperation,64,86969.0
14336,,TilizeDeviceOperation,64,86964.0
90112,,TilizeDeviceOperation,64,86962.0
102400,,TilizeDeviceOperation,64,86938.0
161792,,TilizeDeviceOperation,64,86453.0
26624,,TilizeDeviceOperation,64,86261.0
69632,,TilizeDeviceOperation,64,86247.0
100352,,TilizeDeviceOperation,64,85971.0
114688,,TilizeDeviceOperation,64,85965.0
157696,,TilizeDeviceOperation,64,85515.0
59392,,TilizeDeviceOperation,64,85403.0
966656,,MatmulDeviceOperation,64,80274.0
653312,,MatmulDeviceOperation,64,80044.0
1001472,,MatmulDeviceOperation,64,80032.0
2280448,1,MatmulDeviceOperation,64,80010.0
1897472,1,MatmulDeviceOperation,64,79820.0
409600,,MatmulDeviceOperation,64,79780.0
862208,,MatmulDeviceOperation,64,79715.0
1584128,1,MatmulDeviceOperation,64,79697.0
583680,,MatmulDeviceOperation,64,79681.0
1444864,1,MatmulDeviceOperation,64,79676.0
792576,,MatmulDeviceOperation,64,79633.0
931840,,MatmulDeviceOperation,64,79571.0
2071552,1,MatmulDeviceOperation,64,79527.0
1210368,,MatmulDeviceOperation,64,79477.0
757760,,MatmulDeviceOperation,64,79426.0
2106368,1,MatmulDeviceOperation,64,79402.0
618496,,MatmulDeviceOperation,64,79389.0
1479680,1,MatmulDeviceOperation,64,79379.0
688128,,MatmulDeviceOperation,64,79363.0
1314816,,MatmulDeviceOperation,64,79354.0
827392,,MatmulDeviceOperation,64,79353.0
2036736,1,MatmulDeviceOperation,64,79346.0
1618944,1,MatmulDeviceOperation,64,79316.0
2210816,1,MatmulDeviceOperation,64,79293.0
722944,,MatmulDeviceOperation,64,79285.0
1862656,1,MatmulDeviceOperation,64,79224.0
1514496,1,MatmulDeviceOperation,64,79203.0
2315264,1,MatmulDeviceOperation,64,79180.0
548864,,MatmulDeviceOperation,64,79170.0
1688576,1,MatmulDeviceOperation,64,79164.0
2141184,1,MatmulDeviceOperation,64,79159.0
1932288,1,MatmulDeviceOperation,64,79147.0
1140736,,MatmulDeviceOperation,64,79133.0
1245184,,MatmulDeviceOperation,64,79099.0
1793024,1,MatmulDeviceOperation,64,79089.0
2001920,1,MatmulDeviceOperation,64,79071.0
1071104,,MatmulDeviceOperation,64,79066.0
1723392,1,MatmulDeviceOperation,64,79053.0
897024,,MatmulDeviceOperation,64,78989.0
1105920,,MatmulDeviceOperation,64,78981.0
1967104,1,MatmulDeviceOperation,64,78978.0
444416,,MatmulDeviceOperation,64,78956.0
1653760,1,MatmulDeviceOperation,64,78948.0
2245632,1,MatmulDeviceOperation,64,78927.0
479232,,MatmulDeviceOperation,64,78915.0
514048,,MatmulDeviceOperation,64,78895.0
1366016,1,MatmulDeviceOperation,64,78891.0
1758208,1,MatmulDeviceOperation,64,78853.0
330752,,MatmulDeviceOperation,64,78835.0
2176000,1,MatmulDeviceOperation,64,78834.0
1549312,1,MatmulDeviceOperation,64,78692.0
1827840,1,MatmulDeviceOperation,64,78679.0
1280000,,MatmulDeviceOperation,64,78506.0
2350080,1,MatmulDeviceOperation,64,78449.0
1175552,,MatmulDeviceOperation,64,78415.0
1036288,,MatmulDeviceOperation,64,78176.0
2189312,1,SdpaDecodeDeviceOperation,64,72742.0
1667072,1,SdpaDecodeDeviceOperation,64,72502.0
1806336,1,SdpaDecodeDeviceOperation,64,72445.0
1701888,1,SdpaDecodeDeviceOperation,64,72416.0
1597440,1,SdpaDecodeDeviceOperation,64,72304.0
1562624,1,SdpaDecodeDeviceOperation,64,72274.0
2119680,1,SdpaDecodeDeviceOperation,64,72102.0
875520,,SdpaDecodeDeviceOperation,64,71978.0
562176,,SdpaDecodeDeviceOperation,64,71651.0
2293760,1,SdpaDecodeDeviceOperation,64,71621.0
1492992,1,SdpaDecodeDeviceOperation,64,71500.0
1980416,1,SdpaDecodeDeviceOperation,64,71469.0
2084864,1,SdpaDecodeDeviceOperation,64,71401.0
631808,,SdpaDecodeDeviceOperation,64,71375.0
1154048,,SdpaDecodeDeviceOperation,64,71203.0
84992,,TypecastDeviceOperation,64,71181.0
771072,,SdpaDecodeDeviceOperation,64,71144.0
379904,,SdpaDecodeDeviceOperation,64,71115.0
2015232,1,SdpaDecodeDeviceOperation,64,71085.0
979968,,SdpaDecodeDeviceOperation,64,71076.0
1415168,1,SdpaDecodeDeviceOperation,64,71074.0
945152,,SdpaDecodeDeviceOperation,64,70889.0
1119232,,SdpaDecodeDeviceOperation,64,70839.0
527360,,SdpaDecodeDeviceOperation,64,70834.0
1910784,1,SdpaDecodeDeviceOperation,64,70750.0
457728,,SdpaDecodeDeviceOperation,64,70748.0
2224128,1,SdpaDecodeDeviceOperation,64,70740.0
2154496,1,SdpaDecodeDeviceOperation,64,70738.0
492544,,SdpaDecodeDeviceOperation,64,70611.0
2328576,1,SdpaDecodeDeviceOperation,64,70554.0
1875968,1,SdpaDecodeDeviceOperation,64,70502.0
134144,,TypecastDeviceOperation,64,70476.0
2258944,1,SdpaDecodeDeviceOperation,64,70476.0
666624,,SdpaDecodeDeviceOperation,64,70277.0
422912,,SdpaDecodeDeviceOperation,64,70242.0
1258496,,SdpaDecodeDeviceOperation,64,70213.0
115712,,TypecastDeviceOperation,64,70047.0
35840,,TypecastDeviceOperation,64,70044.0
76800,,TypecastDeviceOperation,64,69996.0
910336,,SdpaDecodeDeviceOperation,64,69995.0
1771520,1,SdpaDecodeDeviceOperation,64,69936.0
144384,,TypecastDeviceOperation,64,69934.0
596992,,SdpaDecodeDeviceOperation,64,69884.0
1223680,,SdpaDecodeDeviceOperation,64,69874.0
1328128,,SdpaDecodeDeviceOperation,64,69857.0
95232,,TypecastDeviceOperation,64,69822.0
1458176,1,SdpaDecodeDeviceOperation,64,69803.0
1084416,,SdpaDecodeDeviceOperation,64,69802.0
66560,,TypecastDeviceOperation,64,69785.0
840704,,SdpaDecodeDeviceOperation,64,69781.0
805888,,SdpaDecodeDeviceOperation,64,69776.0
5120,,TypecastDeviceOperation,64,69768.0
125952,,TypecastDeviceOperation,64,69748.0
701440,,SdpaDecodeDeviceOperation,64,69747.0
46080,,TypecastDeviceOperation,64,69707.0
1049600,,SdpaDecodeDeviceOperation,64,69666.0
736256,,SdpaDecodeDeviceOperation,64,69557.0
1293312,,SdpaDecodeDeviceOperation,64,69556.0
2050048,1,SdpaDecodeDeviceOperation,64,69526.0
23552,,TypecastDeviceOperation,64,69463.0
1632256,1,SdpaDecodeDeviceOperation,64,69448.0
97280,,TypecastDeviceOperation,64,69430.0
164864,,TypecastDeviceOperation,64,69423.0
101376,,TypecastDeviceOperation,64,69375.0
9216,,TypecastDeviceOperation,64,69313.0
82944,,TypecastDeviceOperation,64,69216.0
152576,,TypecastDeviceOperation,64,69207.0
89088,,TypecastDeviceOperation,64,69197.0
1841152,1,SdpaDecodeDeviceOperation,64,69175.0
27648,,TypecastDeviceOperation,64,69119.0
72704,,TypecastDeviceOperation,64,69104.0
15360,,TypecastDeviceOperation,64,69047.0
103424,,TypecastDeviceOperation,64,69023.0
119808,,TypecastDeviceOperation,64,69017.0
48128,,TypecastDeviceOperation,64,69013.0
107520,,TypecastDeviceOperation,64,68945.0
58368,,TypecastDeviceOperation,64,68935.0
158720,,TypecastDeviceOperation,64,68869.0
1188864,,SdpaDecodeDeviceOperation,64,68863.0
39936,,TypecastDeviceOperation,64,68841.0
78848,,TypecastDeviceOperation,64,68835.0
60416,,TypecastDeviceOperation,64,68826.0
146432,,TypecastDeviceOperation,64,68818.0
1945600,1,SdpaDecodeDeviceOperation,64,68801.0
113664,,TypecastDeviceOperation,64,68792.0
17408,,TypecastDeviceOperation,64,68767.0
156672,,TypecastDeviceOperation,64,68740.0
1014784,,SdpaDecodeDeviceOperation,64,68685.0
64512,,TypecastDeviceOperation,64,68651.0
1527808,1,SdpaDecodeDeviceOperation,64,68645.0
3072,,TypecastDeviceOperation,64,68624.0
171008,,TypecastDeviceOperation,64,68497.0
121856,,TypecastDeviceOperation,64,68482.0
138240,,TypecastDeviceOperation,64,68435.0
54272,,TypecastDeviceOperation,64,68324.0
2363392,1,SdpaDecodeDeviceOperation,64,68272.0
33792,,TypecastDeviceOperation,64,68252.0
162816,,TypecastDeviceOperation,64,68204.0
70656,,TypecastDeviceOperation,64,68105.0
132096,,TypecastDeviceOperation,64,68080.0
168960,,TypecastDeviceOperation,64,68068.0
1736704,1,SdpaDecodeDeviceOperation,64,68029.0
140288,,TypecastDeviceOperation,64,67998.0
41984,,TypecastDeviceOperation,64,67988.0
21504,,TypecastDeviceOperation,64,67885.0
109568,,TypecastDeviceOperation,64,67847.0
29696,,TypecastDeviceOperation,64,67826.0
150528,,TypecastDeviceOperation,64,67822.0
52224,,TypecastDeviceOperation,64,67732.0
128000,,TypecastDeviceOperation,64,67516.0
11264,,TypecastDeviceOperation,64,67498.0
91136,,TypecastDeviceOperation,64,66874.0
1349632,,ShardedToInterleavedDeviceOperation,64,58163.0
2384896,1,ShardedToInterleavedDeviceOperation,63,58130.0
1711104,1,MatmulDeviceOperation,64,48066.0
1093632,,MatmulDeviceOperation,64,48021.0
2198528,1,MatmulDeviceOperation,64,47956.0
1885184,1,MatmulDeviceOperation,64,47881.0
1430528,1,MatmulDeviceOperation,64,47871.0
1676288,1,MatmulDeviceOperation,64,47852.0
1571840,1,MatmulDeviceOperation,64,47744.0
1128448,,MatmulDeviceOperation,64,47725.0
2337792,1,MatmulDeviceOperation,64,47708.0
2372608,1,MatmulDeviceOperation,64,47652.0
1267712,,MatmulDeviceOperation,64,47590.0
2094080,1,MatmulDeviceOperation,64,47566.0
2233344,1,MatmulDeviceOperation,64,47520.0
1745920,1,MatmulDeviceOperation,64,47488.0
2024448,1,MatmulDeviceOperation,64,47475.0
1920000,1,MatmulDeviceOperation,64,47420.0
606208,,MatmulDeviceOperation,64,47391.0
1989632,1,MatmulDeviceOperation,64,47367.0
1232896,,MatmulDeviceOperation,64,47351.0
1502208,1,MatmulDeviceOperation,64,47344.0
745472,,MatmulDeviceOperation,64,47324.0
2128896,1,MatmulDeviceOperation,64,47286.0
1850368,1,MatmulDeviceOperation,64,47275.0
2302976,1,MatmulDeviceOperation,64,47261.0
1302528,,MatmulDeviceOperation,64,47228.0
571392,,MatmulDeviceOperation,64,47198.0
1537024,1,MatmulDeviceOperation,64,47186.0
432128,,MatmulDeviceOperation,64,47182.0
2059264,1,MatmulDeviceOperation,64,47157.0
1467392,1,MatmulDeviceOperation,64,47149.0
2268160,1,MatmulDeviceOperation,64,47143.0
1954816,1,MatmulDeviceOperation,64,47132.0
675840,,MatmulDeviceOperation,64,47086.0
1198080,,MatmulDeviceOperation,64,47060.0
1780736,1,MatmulDeviceOperation,64,47043.0
1641472,1,MatmulDeviceOperation,64,47014.0
536576,,MatmulDeviceOperation,64,46983.0
466944,,MatmulDeviceOperation,64,46977.0
1815552,1,MatmulDeviceOperation,64,46964.0
501760,,MatmulDeviceOperation,64,46958.0
1337344,,MatmulDeviceOperation,64,46956.0
919552,,MatmulDeviceOperation,64,46955.0
1606656,1,MatmulDeviceOperation,64,46920.0
989184,,MatmulDeviceOperation,64,46846.0
815104,,MatmulDeviceOperation,64,46845.0
954368,,MatmulDeviceOperation,64,46841.0
1058816,,MatmulDeviceOperation,64,46828.0
641024,,MatmulDeviceOperation,64,46814.0
710656,,MatmulDeviceOperation,64,46798.0
1163264,,MatmulDeviceOperation,64,46692.0
1024000,,MatmulDeviceOperation,64,46582.0
849920,,MatmulDeviceOperation,64,46548.0
395264,,MatmulDeviceOperation,64,46536.0
884736,,MatmulDeviceOperation,64,46455.0
780288,,MatmulDeviceOperation,64,46436.0
2163712,1,MatmulDeviceOperation,64,46276.0
1752064,1,BinaryNgDeviceOperation,64,32402.0
2030592,1,BinaryNgDeviceOperation,64,32400.0
2065408,1,BinaryNgDeviceOperation,64,32399.0
1647616,1,BinaryNgDeviceOperation,64,32391.0
2239488,1,BinaryNgDeviceOperation,64,32391.0
1473536,1,BinaryNgDeviceOperation,64,32385.0
1786880,1,BinaryNgDeviceOperation,64,32381.0
1891328,1,BinaryNgDeviceOperation,64,32381.0
2169856,1,BinaryNgDeviceOperation,64,32380.0
2378752,1,BinaryNgDeviceOperation,63,32379.0
2343936,1,BinaryNgDeviceOperation,64,32377.0
1821696,1,BinaryNgDeviceOperation,64,32375.0
2100224,1,BinaryNgDeviceOperation,64,32375.0
2274304,1,BinaryNgDeviceOperation,64,32375.0
2309120,1,BinaryNgDeviceOperation,64,32375.0
1438720,1,BinaryNgDeviceOperation,64,32373.0
1926144,1,BinaryNgDeviceOperation,64,32373.0
1960960,1,BinaryNgDeviceOperation,64,32371.0
1508352,1,BinaryNgDeviceOperation,64,32370.0
1577984,1,BinaryNgDeviceOperation,64,32370.0
1543168,1,BinaryNgDeviceOperation,64,32369.0
1682432,1,BinaryNgDeviceOperation,64,32363.0
1995776,1,BinaryNgDeviceOperation,64,32363.0
2204672,1,BinaryNgDeviceOperation,64,32362.0
1612800,1,BinaryNgDeviceOperation,64,32353.0
2135040,1,BinaryNgDeviceOperation,64,32353.0
1856512,1,BinaryNgDeviceOperation,64,32352.0
1717248,1,BinaryNgDeviceOperation,64,32340.0
1030144,,BinaryNgDeviceOperation,64,32298.0
1343488,,BinaryNgDeviceOperation,64,32298.0
925696,,BinaryNgDeviceOperation,64,32293.0
1273856,,BinaryNgDeviceOperation,64,32291.0
542720,,BinaryNgDeviceOperation,64,32288.0
403456,,BinaryNgDeviceOperation,64,32287.0
995328,,BinaryNgDeviceOperation,64,32286.0
751616,,BinaryNgDeviceOperation,64,32282.0
1204224,,BinaryNgDeviceOperation,64,32281.0
647168,,BinaryNgDeviceOperation,64,32280.0
681984,,BinaryNgDeviceOperation,64,32274.0
612352,,BinaryNgDeviceOperation,64,32267.0
960512,,BinaryNgDeviceOperation,64,32267.0
786432,,BinaryNgDeviceOperation,64,32263.0
1239040,,BinaryNgDeviceOperation,64,32262.0
1064960,,BinaryNgDeviceOperation,64,32261.0
1134592,,BinaryNgDeviceOperation,64,32261.0
507904,,BinaryNgDeviceOperation,64,32260.0
856064,,BinaryNgDeviceOperation,64,32260.0
1099776,,BinaryNgDeviceOperation,64,32257.0
577536,,BinaryNgDeviceOperation,64,32256.0
716800,,BinaryNgDeviceOperation,64,32254.0
1169408,,BinaryNgDeviceOperation,64,32254.0
890880,,BinaryNgDeviceOperation,64,32251.0
1308672,,BinaryNgDeviceOperation,64,32250.0
438272,,BinaryNgDeviceOperation,64,32249.0
473088,,BinaryNgDeviceOperation,64,32249.0
821248,,BinaryNgDeviceOperation,64,32249.0
1361920,1,EmbeddingsDeviceOperation,1,29898.0
326656,,EmbeddingsDeviceOperation,1,29329.0
1296384,,TernaryDeviceOperation,64,27931.0
389120,,TernaryDeviceOperation,64,27858.0
530432,,TernaryDeviceOperation,64,27813.0
1017856,,TernaryDeviceOperation,64,27754.0
948224,,TernaryDeviceOperation,64,27752.0
1331200,,TernaryDeviceOperation,64,27741.0
1052672,,TernaryDeviceOperation,64,27685.0
1261568,,TernaryDeviceOperation,64,27611.0
495616,,TernaryDeviceOperation,64,27609.0
1157120,,TernaryDeviceOperation,64,27595.0
460800,,TernaryDeviceOperation,64,27588.0
878592,,TernaryDeviceOperation,64,27582.0
739328,,TernaryDeviceOperation,64,27563.0
1087488,,TernaryDeviceOperation,64,27559.0
634880,,TernaryDeviceOperation,64,27558.0
774144,,TernaryDeviceOperation,64,27555.0
1191936,,TernaryDeviceOperation,64,27538.0
565248,,TernaryDeviceOperation,64,27537.0
983040,,TernaryDeviceOperation,64,27532.0
843776,,TernaryDeviceOperation,64,27507.0
425984,,TernaryDeviceOperation,64,27501.0
808960,,TernaryDeviceOperation,64,27498.0
1122304,,TernaryDeviceOperation,64,27498.0
600064,,TernaryDeviceOperation,64,27483.0
913408,,TernaryDeviceOperation,64,27472.0
1226752,,TernaryDeviceOperation,64,27455.0
669696,,TernaryDeviceOperation,64,27448.0
704512,,TernaryDeviceOperation,64,27420.0
1461248,1,TernaryDeviceOperation,64,26564.0
2227200,1,TernaryDeviceOperation,64,26557.0
2366464,1,TernaryDeviceOperation,64,26523.0
2296832,1,TernaryDeviceOperation,64,26484.0
2087936,1,TernaryDeviceOperation,64,26473.0
1600512,1,TernaryDeviceOperation,64,26450.0
1774592,1,TernaryDeviceOperation,64,26364.0
2262016,1,TernaryDeviceOperation,64,26364.0
2053120,1,TernaryDeviceOperation,64,26339.0
1704960,1,TernaryDeviceOperation,64,26336.0
1809408,1,TernaryDeviceOperation,64,26334.0
1565696,1,TernaryDeviceOperation,64,26305.0
1496064,1,TernaryDeviceOperation,64,26301.0
1844224,1,TernaryDeviceOperation,64,26240.0
1948672,1,TernaryDeviceOperation,64,26207.0
2192384,1,TernaryDeviceOperation,64,26202.0
1424384,1,TernaryDeviceOperation,64,26124.0
2122752,1,TernaryDeviceOperation,64,26113.0
1530880,1,TernaryDeviceOperation,64,26080.0
2018304,1,TernaryDeviceOperation,64,26045.0
1879040,1,TernaryDeviceOperation,64,26033.0
1983488,1,TernaryDeviceOperation,64,25990.0
1670144,1,TernaryDeviceOperation,64,25968.0
2157568,1,TernaryDeviceOperation,64,25962.0
1913856,1,TernaryDeviceOperation,64,25946.0
2331648,1,TernaryDeviceOperation,64,25884.0
1739776,1,TernaryDeviceOperation,64,25881.0
1635328,1,TernaryDeviceOperation,64,25871.0
1395712,1,TernaryDeviceOperation,64,24890.0
360448,,TernaryDeviceOperation,64,24680.0
448512,,RotaryEmbeddingDeviceOperation,32,21771.0
1324032,,RotaryEmbeddingDeviceOperation,32,21771.0
657408,,RotaryEmbeddingDeviceOperation,32,21756.0
1149952,,RotaryEmbeddingDeviceOperation,32,21720.0
1115136,,RotaryEmbeddingDeviceOperation,32,21675.0
662528,,RotaryEmbeddingDeviceOperation,32,21605.0
592896,,RotaryEmbeddingDeviceOperation,32,21570.0
488448,,RotaryEmbeddingDeviceOperation,32,21496.0
1284096,,RotaryEmbeddingDeviceOperation,32,21473.0
587776,,RotaryEmbeddingDeviceOperation,32,21467.0
1184768,,RotaryEmbeddingDeviceOperation,32,21466.0
418816,,RotaryEmbeddingDeviceOperation,32,21464.0
901120,,RotaryEmbeddingDeviceOperation,32,21455.0
975872,,RotaryEmbeddingDeviceOperation,32,21434.0
1075200,,RotaryEmbeddingDeviceOperation,32,21388.0
801792,,RotaryEmbeddingDeviceOperation,32,21359.0
1110016,,RotaryEmbeddingDeviceOperation,32,21358.0
831488,,RotaryEmbeddingDeviceOperation,32,21353.0
1040384,,RotaryEmbeddingDeviceOperation,32,21329.0
1289216,,RotaryEmbeddingDeviceOperation,32,21321.0
1214464,,RotaryEmbeddingDeviceOperation,32,21319.0
552960,,RotaryEmbeddingDeviceOperation,32,21308.0
413696,,RotaryEmbeddingDeviceOperation,32,21225.0
935936,,RotaryEmbeddingDeviceOperation,32,21224.0
692224,,RotaryEmbeddingDeviceOperation,32,21222.0
796672,,RotaryEmbeddingDeviceOperation,32,21208.0
761856,,RotaryEmbeddingDeviceOperation,32,21179.0
1249280,,RotaryEmbeddingDeviceOperation,32,21173.0
732160,,RotaryEmbeddingDeviceOperation,32,21164.0
1080320,,RotaryEmbeddingDeviceOperation,32,21158.0
523264,,RotaryEmbeddingDeviceOperation,32,21143.0
453632,,RotaryEmbeddingDeviceOperation,32,21134.0
697344,,RotaryEmbeddingDeviceOperation,32,21115.0
727040,,RotaryEmbeddingDeviceOperation,32,21115.0
1219584,,RotaryEmbeddingDeviceOperation,32,21075.0
518144,,RotaryEmbeddingDeviceOperation,32,21062.0
483328,,RotaryEmbeddingDeviceOperation,32,21051.0
558080,,RotaryEmbeddingDeviceOperation,32,21044.0
1254400,,RotaryEmbeddingDeviceOperation,32,21042.0
871424,,RotaryEmbeddingDeviceOperation,32,21014.0
1010688,,RotaryEmbeddingDeviceOperation,32,21013.0
906240,,RotaryEmbeddingDeviceOperation,32,20970.0
970752,,RotaryEmbeddingDeviceOperation,32,20961.0
1144832,,RotaryEmbeddingDeviceOperation,32,20931.0
766976,,RotaryEmbeddingDeviceOperation,32,20926.0
1045504,,RotaryEmbeddingDeviceOperation,32,20923.0
622592,,RotaryEmbeddingDeviceOperation,32,20922.0
836608,,RotaryEmbeddingDeviceOperation,32,20917.0
866304,,RotaryEmbeddingDeviceOperation,32,20882.0
627712,,RotaryEmbeddingDeviceOperation,32,20875.0
1318912,,RotaryEmbeddingDeviceOperation,32,20872.0
1005568,,RotaryEmbeddingDeviceOperation,32,20867.0
941056,,RotaryEmbeddingDeviceOperation,32,20658.0
1179648,,RotaryEmbeddingDeviceOperation,32,20541.0
374784,,TilizeWithValPaddingDeviceOperation,32,19705.0
1410048,1,TilizeWithValPaddingDeviceOperation,32,19337.0
1628160,1,RotaryEmbeddingDeviceOperation,32,18785.0
2359296,1,RotaryEmbeddingDeviceOperation,32,18774.0
1906688,1,RotaryEmbeddingDeviceOperation,32,18747.0
1553408,1,RotaryEmbeddingDeviceOperation,32,18552.0
1483776,1,RotaryEmbeddingDeviceOperation,32,18494.0
1558528,1,RotaryEmbeddingDeviceOperation,32,18438.0
1802240,1,RotaryEmbeddingDeviceOperation,32,18352.0
2319360,1,RotaryEmbeddingDeviceOperation,32,18325.0
2075648,1,RotaryEmbeddingDeviceOperation,32,18311.0
1697792,1,RotaryEmbeddingDeviceOperation,32,18249.0
2284544,1,RotaryEmbeddingDeviceOperation,32,18213.0
2115584,1,RotaryEmbeddingDeviceOperation,32,18210.0
1727488,1,RotaryEmbeddingDeviceOperation,32,18170.0
1941504,1,RotaryEmbeddingDeviceOperation,32,18131.0
1936384,1,RotaryEmbeddingDeviceOperation,32,18125.0
1588224,1,RotaryEmbeddingDeviceOperation,32,18085.0
1523712,1,RotaryEmbeddingDeviceOperation,32,18051.0
1623040,1,RotaryEmbeddingDeviceOperation,32,18017.0
2040832,1,RotaryEmbeddingDeviceOperation,32,18016.0
2110464,1,RotaryEmbeddingDeviceOperation,32,17943.0
1662976,1,RotaryEmbeddingDeviceOperation,32,17934.0
2185216,1,RotaryEmbeddingDeviceOperation,32,17929.0
1448960,1,RotaryEmbeddingDeviceOperation,32,17900.0
1762304,1,RotaryEmbeddingDeviceOperation,32,17894.0
2249728,1,RotaryEmbeddingDeviceOperation,32,17876.0
2324480,1,RotaryEmbeddingDeviceOperation,32,17820.0
1866752,1,RotaryEmbeddingDeviceOperation,32,17813.0
1871872,1,RotaryEmbeddingDeviceOperation,32,17813.0
1387520,1,RotaryEmbeddingDeviceOperation,32,17804.0
352256,,RotaryEmbeddingDeviceOperation,32,17751.0
1767424,1,RotaryEmbeddingDeviceOperation,32,17736.0
1971200,1,RotaryEmbeddingDeviceOperation,32,17679.0
1831936,1,RotaryEmbeddingDeviceOperation,32,17645.0
1593344,1,RotaryEmbeddingDeviceOperation,32,17644.0
368640,,RotaryEmbeddingDeviceOperation,32,17641.0
2289664,1,RotaryEmbeddingDeviceOperation,32,17632.0
2220032,1,RotaryEmbeddingDeviceOperation,32,17605.0
1901568,1,RotaryEmbeddingDeviceOperation,32,17599.0
2145280,1,RotaryEmbeddingDeviceOperation,32,17588.0
1692672,1,RotaryEmbeddingDeviceOperation,32,17559.0
2006016,1,RotaryEmbeddingDeviceOperation,32,17530.0
1976320,1,RotaryEmbeddingDeviceOperation,32,17529.0
1454080,1,RotaryEmbeddingDeviceOperation,32,17506.0
1518592,1,RotaryEmbeddingDeviceOperation,32,17496.0
2214912,1,RotaryEmbeddingDeviceOperation,32,17495.0
2080768,1,RotaryEmbeddingDeviceOperation,32,17492.0
1837056,1,RotaryEmbeddingDeviceOperation,32,17458.0
2354176,1,RotaryEmbeddingDeviceOperation,32,17456.0
1732608,1,RotaryEmbeddingDeviceOperation,32,17446.0
1797120,1,RotaryEmbeddingDeviceOperation,32,17430.0
2011136,1,RotaryEmbeddingDeviceOperation,32,17423.0
2150400,1,RotaryEmbeddingDeviceOperation,32,17396.0
2045952,1,RotaryEmbeddingDeviceOperation,32,17344.0
1488896,1,RotaryEmbeddingDeviceOperation,32,17336.0
2180096,1,RotaryEmbeddingDeviceOperation,32,17326.0
1403904,1,RotaryEmbeddingDeviceOperation,32,17284.0
2254848,1,RotaryEmbeddingDeviceOperation,32,17200.0
1657856,1,RotaryEmbeddingDeviceOperation,32,17141.0
324608,,ReshapeViewDeviceOperation,64,16713.0
1627136,1,PagedUpdateCacheDeviceOperation,32,16200.0
1359872,1,ReshapeViewDeviceOperation,64,16150.0
1975296,1,PagedUpdateCacheDeviceOperation,32,15938.0
1391616,1,PagedUpdateCacheDeviceOperation,32,15600.0
2253824,1,PagedUpdateCacheDeviceOperation,32,15514.0
1940480,1,PagedUpdateCacheDeviceOperation,32,15467.0
2004992,1,PagedUpdateCacheDeviceOperation,32,15335.0
2318336,1,PagedUpdateCacheDeviceOperation,32,15187.0
2358272,1,PagedUpdateCacheDeviceOperation,32,15173.0
586752,,PagedUpdateCacheDeviceOperation,32,15164.0
1288192,,PagedUpdateCacheDeviceOperation,32,15146.0
2283520,1,PagedUpdateCacheDeviceOperation,32,15135.0
2149376,1,PagedUpdateCacheDeviceOperation,32,15121.0
1552384,1,PagedUpdateCacheDeviceOperation,32,15115.0
2109440,1,PagedUpdateCacheDeviceOperation,32,15100.0
1870848,1,PagedUpdateCacheDeviceOperation,32,15079.0
900096,,PagedUpdateCacheDeviceOperation,32,14994.0
870400,,PagedUpdateCacheDeviceOperation,32,14970.0
2184192,1,PagedUpdateCacheDeviceOperation,32,14964.0
1009664,,PagedUpdateCacheDeviceOperation,32,14892.0
830464,,PagedUpdateCacheDeviceOperation,32,14784.0
1766400,1,PagedUpdateCacheDeviceOperation,32,14760.0
1801216,1,PagedUpdateCacheDeviceOperation,32,14710.0
1557504,1,PagedUpdateCacheDeviceOperation,32,14684.0
1796096,1,PagedUpdateCacheDeviceOperation,32,14671.0
2179072,1,PagedUpdateCacheDeviceOperation,32,14658.0
2323456,1,PagedUpdateCacheDeviceOperation,32,14650.0
2044928,1,PagedUpdateCacheDeviceOperation,32,14643.0
356352,,PagedUpdateCacheDeviceOperation,32,14622.0
1622016,1,PagedUpdateCacheDeviceOperation,32,14588.0
1661952,1,PagedUpdateCacheDeviceOperation,32,14580.0
447488,,PagedUpdateCacheDeviceOperation,32,14510.0
591872,,PagedUpdateCacheDeviceOperation,32,14508.0
557056,,PagedUpdateCacheDeviceOperation,32,14500.0
731136,,PagedUpdateCacheDeviceOperation,32,14494.0
1317888,,PagedUpdateCacheDeviceOperation,32,14487.0
621568,,PagedUpdateCacheDeviceOperation,32,14476.0
760832,,PagedUpdateCacheDeviceOperation,32,14474.0
1213440,,PagedUpdateCacheDeviceOperation,32,14467.0
2144256,1,PagedUpdateCacheDeviceOperation,32,14456.0
1509376,1,ReshardDeviceOperation,8,14422.0
2288640,1,PagedUpdateCacheDeviceOperation,32,14420.0
1691648,1,PagedUpdateCacheDeviceOperation,32,14412.0
1696768,1,PagedUpdateCacheDeviceOperation,32,14384.0
656384,,PagedUpdateCacheDeviceOperation,32,14377.0
1522688,1,PagedUpdateCacheDeviceOperation,32,14360.0
1183744,,PagedUpdateCacheDeviceOperation,32,14319.0
905216,,PagedUpdateCacheDeviceOperation,32,14295.0
1253376,,PagedUpdateCacheDeviceOperation,32,14292.0
1044480,,PagedUpdateCacheDeviceOperation,32,14286.0
2219008,1,PagedUpdateCacheDeviceOperation,32,14280.0
835584,,PagedUpdateCacheDeviceOperation,32,14273.0
1259520,,TypecastDeviceOperation,64,14272.0
2213888,1,PagedUpdateCacheDeviceOperation,32,14249.0
1435648,1,LayerNormDeviceOperation,8,14243.0
765952,,PagedUpdateCacheDeviceOperation,32,14239.0
1439744,1,ReshardDeviceOperation,8,14225.0
2079744,1,PagedUpdateCacheDeviceOperation,32,14223.0
1370112,1,PagedUpdateCacheDeviceOperation,32,14221.0
412672,,PagedUpdateCacheDeviceOperation,32,14212.0
334848,,PagedUpdateCacheDeviceOperation,32,14206.0
1970176,1,PagedUpdateCacheDeviceOperation,32,14204.0
1996800,1,ReshardDeviceOperation,8,14203.0
2039808,1,PagedUpdateCacheDeviceOperation,32,14201.0
969728,,PagedUpdateCacheDeviceOperation,32,14194.0
1857536,1,ReshardDeviceOperation,8,14180.0
1004544,,PagedUpdateCacheDeviceOperation,32,14175.0
1074176,,PagedUpdateCacheDeviceOperation,32,14173.0
2248704,1,PagedUpdateCacheDeviceOperation,32,14156.0
1648640,1,ReshardDeviceOperation,8,14138.0
404480,,ReshardDeviceOperation,8,14130.0
974848,,PagedUpdateCacheDeviceOperation,32,14118.0
1474560,1,ReshardDeviceOperation,8,14116.0
626688,,PagedUpdateCacheDeviceOperation,32,14113.0
926720,,ReshardDeviceOperation,8,14108.0
482304,,PagedUpdateCacheDeviceOperation,32,14107.0
795648,,PagedUpdateCacheDeviceOperation,32,14086.0
1148928,,PagedUpdateCacheDeviceOperation,32,14086.0
1205248,,ReshardDeviceOperation,8,14085.0
1482752,1,PagedUpdateCacheDeviceOperation,32,14078.0
551936,,PagedUpdateCacheDeviceOperation,32,14077.0
2101248,1,ReshardDeviceOperation,8,14068.0
1836032,1,PagedUpdateCacheDeviceOperation,32,14064.0
2225152,1,TypecastDeviceOperation,64,14059.0
857088,,ReshardDeviceOperation,8,14044.0
1323008,,PagedUpdateCacheDeviceOperation,32,14044.0
1935360,1,PagedUpdateCacheDeviceOperation,32,14038.0
691200,,PagedUpdateCacheDeviceOperation,32,14025.0
1218560,,PagedUpdateCacheDeviceOperation,32,14019.0
1726464,1,PagedUpdateCacheDeviceOperation,32,14010.0
1178624,,PagedUpdateCacheDeviceOperation,32,14006.0
1447936,1,PagedUpdateCacheDeviceOperation,32,14004.0
865280,,PagedUpdateCacheDeviceOperation,32,14000.0
1248256,,PagedUpdateCacheDeviceOperation,32,13998.0
1100800,,ReshardDeviceOperation,8,13985.0
800768,,PagedUpdateCacheDeviceOperation,32,13973.0
543744,,ReshardDeviceOperation,8,13962.0
1761280,1,PagedUpdateCacheDeviceOperation,32,13956.0
1656832,1,PagedUpdateCacheDeviceOperation,32,13954.0
1240064,,ReshardDeviceOperation,8,13953.0
1731584,1,PagedUpdateCacheDeviceOperation,32,13949.0
1587200,1,PagedUpdateCacheDeviceOperation,32,13943.0
1039360,,PagedUpdateCacheDeviceOperation,32,13939.0
452608,,PagedUpdateCacheDeviceOperation,32,13918.0
2074624,1,PagedUpdateCacheDeviceOperation,32,13918.0
2114560,1,PagedUpdateCacheDeviceOperation,32,13907.0
940032,,PagedUpdateCacheDeviceOperation,32,13897.0
891904,,ReshardDeviceOperation,8,13883.0
2010112,1,PagedUpdateCacheDeviceOperation,32,13881.0
752640,,ReshardDeviceOperation,8,13878.0
1079296,,PagedUpdateCacheDeviceOperation,32,13865.0
2170880,1,ReshardDeviceOperation,8,13865.0
2310144,1,ReshardDeviceOperation,8,13859.0
726016,,PagedUpdateCacheDeviceOperation,32,13854.0
787456,,ReshardDeviceOperation,8,13848.0
417792,,PagedUpdateCacheDeviceOperation,32,13844.0
2353152,1,PagedUpdateCacheDeviceOperation,32,13844.0
613376,,ReshardDeviceOperation,8,13836.0
822272,,ReshardDeviceOperation,8,13834.0
1143808,,PagedUpdateCacheDeviceOperation,32,13823.0
961536,,ReshardDeviceOperation,8,13822.0
1753088,1,ReshardDeviceOperation,8,13821.0
1830912,1,PagedUpdateCacheDeviceOperation,32,13821.0
1108992,,PagedUpdateCacheDeviceOperation,32,13813.0
1822720,1,ReshardDeviceOperation,8,13811.0
1031168,,ReshardDeviceOperation,8,13810.0
1283072,,PagedUpdateCacheDeviceOperation,32,13809.0
696320,,PagedUpdateCacheDeviceOperation,32,13797.0
683008,,ReshardDeviceOperation,8,13792.0
1120256,,TypecastDeviceOperation,64,13786.0
1344512,,ReshardDeviceOperation,8,13785.0
1900544,1,PagedUpdateCacheDeviceOperation,32,13762.0
487424,,PagedUpdateCacheDeviceOperation,32,13758.0
2240512,1,ReshardDeviceOperation,8,13746.0
1592320,1,PagedUpdateCacheDeviceOperation,32,13745.0
806912,,TypecastDeviceOperation,64,13742.0
1170432,,ReshardDeviceOperation,8,13738.0
1633280,1,TypecastDeviceOperation,64,13738.0
1453056,1,PagedUpdateCacheDeviceOperation,32,13737.0
2275328,1,ReshardDeviceOperation,8,13701.0
1114112,,PagedUpdateCacheDeviceOperation,32,13660.0
2066432,1,ReshardDeviceOperation,8,13654.0
1892352,1,ReshardDeviceOperation,8,13632.0
996352,,ReshardDeviceOperation,8,13625.0
717824,,ReshardDeviceOperation,8,13621.0
1683456,1,ReshardDeviceOperation,8,13616.0
1865728,1,PagedUpdateCacheDeviceOperation,32,13608.0
517120,,PagedUpdateCacheDeviceOperation,32,13607.0
522240,,PagedUpdateCacheDeviceOperation,32,13607.0
2344960,1,ReshardDeviceOperation,8,13595.0
2379776,1,ReshardDeviceOperation,7,13576.0
2136064,1,ReshardDeviceOperation,8,13573.0
934912,,PagedUpdateCacheDeviceOperation,32,13569.0
1718272,1,ReshardDeviceOperation,8,13563.0
474112,,ReshardDeviceOperation,8,13557.0
1946624,1,TypecastDeviceOperation,64,13552.0
1579008,1,ReshardDeviceOperation,8,13546.0
2016256,1,TypecastDeviceOperation,64,13542.0
1274880,,ReshardDeviceOperation,8,13512.0
2205696,1,ReshardDeviceOperation,8,13503.0
702464,,TypecastDeviceOperation,64,13501.0
439296,,ReshardDeviceOperation,8,13500.0
1613824,1,ReshardDeviceOperation,8,13469.0
2085888,1,TypecastDeviceOperation,64,13466.0
1927168,1,ReshardDeviceOperation,8,13458.0
648192,,ReshardDeviceOperation,8,13450.0
2364416,1,TypecastDeviceOperation,64,13425.0
1517568,1,PagedUpdateCacheDeviceOperation,32,13416.0
1459200,1,TypecastDeviceOperation,64,13413.0
578560,,ReshardDeviceOperation,8,13403.0
661504,,PagedUpdateCacheDeviceOperation,32,13372.0
1065984,,ReshardDeviceOperation,8,13370.0
1135616,,ReshardDeviceOperation,8,13361.0
1787904,1,ReshardDeviceOperation,8,13350.0
1309696,,ReshardDeviceOperation,8,13346.0
1544192,1,ReshardDeviceOperation,8,13338.0
1050624,,TypecastDeviceOperation,64,13322.0
508928,,ReshardDeviceOperation,8,13314.0
2190336,1,TypecastDeviceOperation,64,13309.0
1772544,1,TypecastDeviceOperation,64,13287.0
363520,,TilizeWithValPaddingDeviceOperation,32,13281.0
1737728,1,TypecastDeviceOperation,64,13254.0
1668096,1,TypecastDeviceOperation,64,13200.0
1702912,1,TypecastDeviceOperation,64,13192.0
1398784,1,TilizeWithValPaddingDeviceOperation,32,13174.0
1487872,1,PagedUpdateCacheDeviceOperation,32,13150.0
667648,,TypecastDeviceOperation,64,13141.0
2329600,1,TypecastDeviceOperation,64,13140.0
1961984,1,ReshardDeviceOperation,8,13080.0
400384,,LayerNormDeviceOperation,8,13076.0
1224704,,TypecastDeviceOperation,64,13068.0
1905664,1,PagedUpdateCacheDeviceOperation,32,13064.0
1842176,1,TypecastDeviceOperation,64,13046.0
2031616,1,ReshardDeviceOperation,8,13027.0
632832,,TypecastDeviceOperation,64,12956.0
876544,,TypecastDeviceOperation,64,12944.0
1911808,1,TypecastDeviceOperation,64,12932.0
1189888,,TypecastDeviceOperation,64,12916.0
1598464,1,TypecastDeviceOperation,64,12914.0
1155072,,TypecastDeviceOperation,64,12894.0
841728,,TypecastDeviceOperation,64,12849.0
493568,,TypecastDeviceOperation,64,12825.0
1807360,1,TypecastDeviceOperation,64,12809.0
737280,,TypecastDeviceOperation,64,12801.0
2259968,1,TypecastDeviceOperation,64,12791.0
1494016,1,TypecastDeviceOperation,64,12784.0
946176,,TypecastDeviceOperation,64,12727.0
2120704,1,TypecastDeviceOperation,64,12696.0
1981440,1,TypecastDeviceOperation,64,12695.0
1563648,1,TypecastDeviceOperation,64,12650.0
980992,,TypecastDeviceOperation,64,12645.0
1085440,,TypecastDeviceOperation,64,12645.0
563200,,TypecastDeviceOperation,64,12639.0
1528832,1,TypecastDeviceOperation,64,12639.0
458752,,TypecastDeviceOperation,64,12614.0
1329152,,TypecastDeviceOperation,64,12602.0
380928,,TypecastDeviceOperation,64,12590.0
1294336,,TypecastDeviceOperation,64,12545.0
423936,,TypecastDeviceOperation,64,12544.0
911360,,TypecastDeviceOperation,64,12531.0
1416192,1,TypecastDeviceOperation,64,12523.0
1876992,1,TypecastDeviceOperation,64,12519.0
2294784,1,TypecastDeviceOperation,64,12494.0
2235392,1,LayerNormDeviceOperation,48,12481.0
772096,,TypecastDeviceOperation,64,12438.0
598016,,TypecastDeviceOperation,64,12420.0
2130944,1,LayerNormDeviceOperation,48,12413.0
528384,,TypecastDeviceOperation,64,12412.0
1363968,1,LayerNormDeviceOperation,48,12402.0
1713152,1,LayerNormDeviceOperation,48,12374.0
2339840,1,LayerNormDeviceOperation,48,12369.0
2026496,1,LayerNormDeviceOperation,48,12364.0
1817600,1,LayerNormDeviceOperation,48,12360.0
1922048,1,LayerNormDeviceOperation,48,12360.0
2155520,1,TypecastDeviceOperation,64,12353.0
1608704,1,LayerNormDeviceOperation,48,12351.0
1616896,1,LayerNormDeviceOperation,48,12299.0
2243584,1,LayerNormDeviceOperation,48,12297.0
2139136,1,LayerNormDeviceOperation,48,12275.0
1469440,1,LayerNormDeviceOperation,48,12263.0
1547264,1,LayerNormDeviceOperation,48,12260.0
1825792,1,LayerNormDeviceOperation,48,12253.0
1991680,1,LayerNormDeviceOperation,48,12253.0
2051072,1,TypecastDeviceOperation,64,12249.0
2313216,1,LayerNormDeviceOperation,48,12243.0
1477632,1,LayerNormDeviceOperation,48,12241.0
1651712,1,LayerNormDeviceOperation,48,12240.0
1512448,1,LayerNormDeviceOperation,48,12237.0
1887232,1,LayerNormDeviceOperation,48,12235.0
1747968,1,LayerNormDeviceOperation,48,12229.0
1504256,1,LayerNormDeviceOperation,48,12228.0
1965056,1,LayerNormDeviceOperation,48,12226.0
1643520,1,LayerNormDeviceOperation,48,12225.0
2034688,1,LayerNormDeviceOperation,48,12225.0
2208768,1,LayerNormDeviceOperation,48,12225.0
2104320,1,LayerNormDeviceOperation,48,12224.0
2278400,1,LayerNormDeviceOperation,48,12222.0
2305024,1,LayerNormDeviceOperation,48,12220.0
1956864,1,LayerNormDeviceOperation,48,12217.0
2173952,1,LayerNormDeviceOperation,48,12217.0
1678336,1,LayerNormDeviceOperation,48,12216.0
1721344,1,LayerNormDeviceOperation,48,12213.0
2348032,1,LayerNormDeviceOperation,48,12212.0
1790976,1,LayerNormDeviceOperation,48,12211.0
1930240,1,LayerNormDeviceOperation,48,12211.0
2270208,1,LayerNormDeviceOperation,48,12211.0
1539072,1,LayerNormDeviceOperation,48,12210.0
1573888,1,LayerNormDeviceOperation,48,12209.0
2096128,1,LayerNormDeviceOperation,48,12209.0
1999872,1,LayerNormDeviceOperation,48,12207.0
1895424,1,LayerNormDeviceOperation,48,12206.0
2069504,1,LayerNormDeviceOperation,48,12203.0
2165760,1,LayerNormDeviceOperation,48,12187.0
1015808,,TypecastDeviceOperation,64,12186.0
1860608,1,LayerNormDeviceOperation,48,12186.0
1686528,1,LayerNormDeviceOperation,48,12185.0
2200576,1,LayerNormDeviceOperation,48,12185.0
2382848,1,LayerNormDeviceOperation,47,12183.0
1582080,1,LayerNormDeviceOperation,48,12181.0
1782784,1,LayerNormDeviceOperation,48,12175.0
1852416,1,LayerNormDeviceOperation,48,12171.0
1442816,1,LayerNormDeviceOperation,48,12170.0
2374656,1,LayerNormDeviceOperation,48,12170.0
2061312,1,LayerNormDeviceOperation,48,12169.0
1756160,1,LayerNormDeviceOperation,48,12155.0
1003520,,NLPCreateQKVHeadsDecodeDeviceOperation,32,11584.0
864256,,NLPCreateQKVHeadsDecodeDeviceOperation,32,11552.0
620544,,NLPCreateQKVHeadsDecodeDeviceOperation,32,11535.0
899072,,NLPCreateQKVHeadsDecodeDeviceOperation,32,11534.0
759808,,NLPCreateQKVHeadsDecodeDeviceOperation,32,11525.0
1212416,,NLPCreateQKVHeadsDecodeDeviceOperation,32,11523.0
690176,,NLPCreateQKVHeadsDecodeDeviceOperation,32,11518.0
1177600,,NLPCreateQKVHeadsDecodeDeviceOperation,32,11514.0
446464,,NLPCreateQKVHeadsDecodeDeviceOperation,32,11512.0
655360,,NLPCreateQKVHeadsDecodeDeviceOperation,32,11512.0
933888,,NLPCreateQKVHeadsDecodeDeviceOperation,32,11511.0
794624,,NLPCreateQKVHeadsDecodeDeviceOperation,32,11505.0
332800,,NLPCreateQKVHeadsDecodeDeviceOperation,32,11500.0
1073152,,NLPCreateQKVHeadsDecodeDeviceOperation,32,11499.0
516096,,NLPCreateQKVHeadsDecodeDeviceOperation,32,11494.0
829440,,NLPCreateQKVHeadsDecodeDeviceOperation,32,11494.0
481280,,NLPCreateQKVHeadsDecodeDeviceOperation,32,11492.0
1142784,,NLPCreateQKVHeadsDecodeDeviceOperation,32,11490.0
1316864,,NLPCreateQKVHeadsDecodeDeviceOperation,32,11489.0
411648,,NLPCreateQKVHeadsDecodeDeviceOperation,32,11485.0
1107968,,NLPCreateQKVHeadsDecodeDeviceOperation,32,11483.0
724992,,NLPCreateQKVHeadsDecodeDeviceOperation,32,11477.0
1282048,,NLPCreateQKVHeadsDecodeDeviceOperation,32,11476.0
585728,,NLPCreateQKVHeadsDecodeDeviceOperation,32,11475.0
1038336,,NLPCreateQKVHeadsDecodeDeviceOperation,32,11471.0
1247232,,NLPCreateQKVHeadsDecodeDeviceOperation,32,11461.0
550912,,NLPCreateQKVHeadsDecodeDeviceOperation,32,11458.0
968704,,NLPCreateQKVHeadsDecodeDeviceOperation,32,11447.0
2247680,1,NLPCreateQKVHeadsDecodeDeviceOperation,32,11110.0
1446912,1,NLPCreateQKVHeadsDecodeDeviceOperation,32,11090.0
1368064,1,NLPCreateQKVHeadsDecodeDeviceOperation,32,11063.0
1725440,1,NLPCreateQKVHeadsDecodeDeviceOperation,32,11054.0
2108416,1,NLPCreateQKVHeadsDecodeDeviceOperation,32,11054.0
1655808,1,NLPCreateQKVHeadsDecodeDeviceOperation,32,11051.0
1829888,1,NLPCreateQKVHeadsDecodeDeviceOperation,32,11046.0
1620992,1,NLPCreateQKVHeadsDecodeDeviceOperation,32,11043.0
2143232,1,NLPCreateQKVHeadsDecodeDeviceOperation,32,11037.0
1690624,1,NLPCreateQKVHeadsDecodeDeviceOperation,32,11035.0
1795072,1,NLPCreateQKVHeadsDecodeDeviceOperation,32,11030.0
1586176,1,NLPCreateQKVHeadsDecodeDeviceOperation,32,11020.0
2073600,1,NLPCreateQKVHeadsDecodeDeviceOperation,32,11019.0
1516544,1,NLPCreateQKVHeadsDecodeDeviceOperation,32,11013.0
1551360,1,NLPCreateQKVHeadsDecodeDeviceOperation,32,11010.0
1864704,1,NLPCreateQKVHeadsDecodeDeviceOperation,32,11009.0
1481728,1,NLPCreateQKVHeadsDecodeDeviceOperation,32,11005.0
1760256,1,NLPCreateQKVHeadsDecodeDeviceOperation,32,10997.0
1934336,1,NLPCreateQKVHeadsDecodeDeviceOperation,32,10996.0
2212864,1,NLPCreateQKVHeadsDecodeDeviceOperation,32,10989.0
1899520,1,NLPCreateQKVHeadsDecodeDeviceOperation,32,10988.0
2178048,1,NLPCreateQKVHeadsDecodeDeviceOperation,32,10988.0
2038784,1,NLPCreateQKVHeadsDecodeDeviceOperation,32,10983.0
2282496,1,NLPCreateQKVHeadsDecodeDeviceOperation,32,10983.0
2352128,1,NLPCreateQKVHeadsDecodeDeviceOperation,32,10981.0
2317312,1,NLPCreateQKVHeadsDecodeDeviceOperation,32,10974.0
1969152,1,NLPCreateQKVHeadsDecodeDeviceOperation,32,10968.0
2003968,1,NLPCreateQKVHeadsDecodeDeviceOperation,32,10967.0
512000,,LayerNormDeviceOperation,48,10940.0
1095680,,LayerNormDeviceOperation,48,10935.0
677888,,LayerNormDeviceOperation,48,10917.0
1277952,,LayerNormDeviceOperation,48,10909.0
1034240,,LayerNormDeviceOperation,48,10903.0
1208320,,LayerNormDeviceOperation,48,10902.0
651264,,LayerNormDeviceOperation,48,10900.0
686080,,LayerNormDeviceOperation,48,10900.0
825344,,LayerNormDeviceOperation,48,10899.0
712704,,LayerNormDeviceOperation,48,10898.0
1339392,,LayerNormDeviceOperation,48,10896.0
817152,,LayerNormDeviceOperation,48,10893.0
477184,,LayerNormDeviceOperation,48,10892.0
546816,,LayerNormDeviceOperation,48,10892.0
1130496,,LayerNormDeviceOperation,48,10889.0
1269760,,LayerNormDeviceOperation,48,10889.0
328704,,LayerNormDeviceOperation,48,10888.0
1165312,,LayerNormDeviceOperation,48,10887.0
894976,,LayerNormDeviceOperation,48,10886.0
1347584,,LayerNormDeviceOperation,48,10885.0
1069056,,LayerNormDeviceOperation,48,10884.0
860160,,LayerNormDeviceOperation,48,10883.0
434176,,LayerNormDeviceOperation,48,10882.0
851968,,LayerNormDeviceOperation,48,10882.0
921600,,LayerNormDeviceOperation,48,10881.0
1243136,,LayerNormDeviceOperation,48,10880.0
1200128,,LayerNormDeviceOperation,48,10879.0
581632,,LayerNormDeviceOperation,48,10877.0
468992,,LayerNormDeviceOperation,48,10875.0
1173504,,LayerNormDeviceOperation,48,10874.0
643072,,LayerNormDeviceOperation,48,10872.0
1103872,,LayerNormDeviceOperation,48,10872.0
720896,,LayerNormDeviceOperation,48,10870.0
790528,,LayerNormDeviceOperation,48,10869.0
956416,,LayerNormDeviceOperation,48,10869.0
608256,,LayerNormDeviceOperation,48,10866.0
964608,,LayerNormDeviceOperation,48,10866.0
991232,,LayerNormDeviceOperation,48,10864.0
782336,,LayerNormDeviceOperation,48,10862.0
573440,,LayerNormDeviceOperation,48,10860.0
886784,,LayerNormDeviceOperation,48,10859.0
929792,,LayerNormDeviceOperation,48,10859.0
538624,,LayerNormDeviceOperation,48,10858.0
1234944,,LayerNormDeviceOperation,48,10858.0
1312768,,LayerNormDeviceOperation,48,10857.0
1026048,,LayerNormDeviceOperation,48,10853.0
503808,,LayerNormDeviceOperation,48,10852.0
1304576,,LayerNormDeviceOperation,48,10849.0
1138688,,LayerNormDeviceOperation,48,10847.0
999424,,LayerNormDeviceOperation,48,10846.0
616448,,LayerNormDeviceOperation,48,10845.0
442368,,LayerNormDeviceOperation,48,10841.0
747520,,LayerNormDeviceOperation,48,10837.0
755712,,LayerNormDeviceOperation,48,10818.0
1060864,,LayerNormDeviceOperation,48,10818.0
407552,,LayerNormDeviceOperation,48,10807.0
1812480,1,NLPConcatHeadsDecodeDeviceOperation,12,10355.0
1916928,1,NLPConcatHeadsDecodeDeviceOperation,12,10023.0
2091008,1,NLPConcatHeadsDecodeDeviceOperation,12,9965.0
382976,,FillPadDeviceOperation,64,9704.0
392192,,NLPConcatHeadsDecodeDeviceOperation,12,9631.0
986112,,NLPConcatHeadsDecodeDeviceOperation,12,9602.0
1229824,,NLPConcatHeadsDecodeDeviceOperation,12,9595.0
777216,,NLPConcatHeadsDecodeDeviceOperation,12,9587.0
2369536,1,NLPConcatHeadsDecodeDeviceOperation,12,9570.0
1195008,,NLPConcatHeadsDecodeDeviceOperation,12,9568.0
672768,,NLPConcatHeadsDecodeDeviceOperation,12,9553.0
429056,,NLPConcatHeadsDecodeDeviceOperation,12,9552.0
2265088,1,NLPConcatHeadsDecodeDeviceOperation,12,9550.0
568320,,NLPConcatHeadsDecodeDeviceOperation,12,9535.0
603136,,NLPConcatHeadsDecodeDeviceOperation,12,9530.0
1299456,,NLPConcatHeadsDecodeDeviceOperation,12,9529.0
637952,,NLPConcatHeadsDecodeDeviceOperation,12,9522.0
533504,,NLPConcatHeadsDecodeDeviceOperation,12,9505.0
812032,,NLPConcatHeadsDecodeDeviceOperation,12,9499.0
916480,,NLPConcatHeadsDecodeDeviceOperation,12,9496.0
1264640,,NLPConcatHeadsDecodeDeviceOperation,12,9496.0
1020928,,NLPConcatHeadsDecodeDeviceOperation,12,9494.0
1090560,,NLPConcatHeadsDecodeDeviceOperation,12,9490.0
1160192,,NLPConcatHeadsDecodeDeviceOperation,12,9490.0
1055744,,NLPConcatHeadsDecodeDeviceOperation,12,9489.0
881664,,NLPConcatHeadsDecodeDeviceOperation,12,9481.0
1125376,,NLPConcatHeadsDecodeDeviceOperation,12,9481.0
707584,,NLPConcatHeadsDecodeDeviceOperation,12,9480.0
951296,,NLPConcatHeadsDecodeDeviceOperation,12,9480.0
1334272,,NLPConcatHeadsDecodeDeviceOperation,12,9478.0
498688,,NLPConcatHeadsDecodeDeviceOperation,12,9477.0
846848,,NLPConcatHeadsDecodeDeviceOperation,12,9476.0
463872,,NLPConcatHeadsDecodeDeviceOperation,12,9473.0
742400,,NLPConcatHeadsDecodeDeviceOperation,12,9462.0
1708032,1,NLPConcatHeadsDecodeDeviceOperation,12,9371.0
1603584,1,NLPConcatHeadsDecodeDeviceOperation,12,9315.0
1418240,1,FillPadDeviceOperation,64,9251.0
1427456,1,NLPConcatHeadsDecodeDeviceOperation,12,9200.0
2334720,1,NLPConcatHeadsDecodeDeviceOperation,12,9189.0
1499136,1,NLPConcatHeadsDecodeDeviceOperation,12,9137.0
1673216,1,NLPConcatHeadsDecodeDeviceOperation,12,9135.0
1464320,1,NLPConcatHeadsDecodeDeviceOperation,12,9085.0
1533952,1,NLPConcatHeadsDecodeDeviceOperation,12,9070.0
2125824,1,NLPConcatHeadsDecodeDeviceOperation,12,9025.0
1742848,1,NLPConcatHeadsDecodeDeviceOperation,12,8981.0
1847296,1,NLPConcatHeadsDecodeDeviceOperation,12,8891.0
2160640,1,NLPConcatHeadsDecodeDeviceOperation,12,8835.0
1882112,1,NLPConcatHeadsDecodeDeviceOperation,12,8813.0
2021376,1,NLPConcatHeadsDecodeDeviceOperation,12,8796.0
1568768,1,NLPConcatHeadsDecodeDeviceOperation,12,8781.0
1777664,1,NLPConcatHeadsDecodeDeviceOperation,12,8768.0
385024,,BinaryNgDeviceOperation,64,8755.0
2195456,1,NLPConcatHeadsDecodeDeviceOperation,12,8746.0
87040,,TilizeWithValPaddingDeviceOperation,48,8702.0
2056192,1,NLPConcatHeadsDecodeDeviceOperation,12,8680.0
1986560,1,NLPConcatHeadsDecodeDeviceOperation,12,8666.0
129024,,TilizeWithValPaddingDeviceOperation,48,8665.0
1951744,1,NLPConcatHeadsDecodeDeviceOperation,12,8658.0
1638400,1,NLPConcatHeadsDecodeDeviceOperation,12,8623.0
68608,,TilizeWithValPaddingDeviceOperation,48,8617.0
2299904,1,NLPConcatHeadsDecodeDeviceOperation,12,8595.0
136192,,TilizeWithValPaddingDeviceOperation,48,8576.0
172032,,TilizeWithValPaddingDeviceOperation,48,8574.0
25600,,TilizeWithValPaddingDeviceOperation,48,8558.0
2230272,1,NLPConcatHeadsDecodeDeviceOperation,12,8556.0
18432,,TilizeWithValPaddingDeviceOperation,48,8518.0
99328,,TilizeWithValPaddingDeviceOperation,48,8518.0
93184,,TilizeWithValPaddingDeviceOperation,48,8494.0
30720,,TilizeWithValPaddingDeviceOperation,48,8487.0
37888,,TilizeWithValPaddingDeviceOperation,48,8461.0
7168,,TilizeWithValPaddingDeviceOperation,48,8456.0
24576,,TilizeWithValPaddingDeviceOperation,48,8455.0
117760,,TilizeWithValPaddingDeviceOperation,48,8454.0
92160,,TilizeWithValPaddingDeviceOperation,48,8451.0
62464,,TilizeWithValPaddingDeviceOperation,48,8448.0
86016,,TilizeWithValPaddingDeviceOperation,48,8442.0
122880,,TilizeWithValPaddingDeviceOperation,48,8429.0
1024,,TilizeWithValPaddingDeviceOperation,48,8428.0
159744,,TilizeWithValPaddingDeviceOperation,48,8419.0
165888,,TilizeWithValPaddingDeviceOperation,48,8418.0
6144,,TilizeWithValPaddingDeviceOperation,48,8413.0
135168,,TilizeWithValPaddingDeviceOperation,48,8409.0
111616,,TilizeWithValPaddingDeviceOperation,48,8407.0
116736,,TilizeWithValPaddingDeviceOperation,48,8401.0
44032,,TilizeWithValPaddingDeviceOperation,48,8400.0
43008,,TilizeWithValPaddingDeviceOperation,48,8399.0
73728,,TilizeWithValPaddingDeviceOperation,48,8399.0
141312,,TilizeWithValPaddingDeviceOperation,48,8392.0
12288,,TilizeWithValPaddingDeviceOperation,48,8379.0
56320,,TilizeWithValPaddingDeviceOperation,48,8377.0
36864,,TilizeWithValPaddingDeviceOperation,48,8375.0
31744,,TilizeWithValPaddingDeviceOperation,48,8366.0
166912,,TilizeWithValPaddingDeviceOperation,48,8357.0
153600,,TilizeWithValPaddingDeviceOperation,48,8349.0
154624,,TilizeWithValPaddingDeviceOperation,48,8349.0
55296,,TilizeWithValPaddingDeviceOperation,48,8342.0
142336,,TilizeWithValPaddingDeviceOperation,48,8338.0
98304,,TilizeWithValPaddingDeviceOperation,48,8336.0
19456,,TilizeWithValPaddingDeviceOperation,48,8333.0
160768,,TilizeWithValPaddingDeviceOperation,48,8331.0
104448,,TilizeWithValPaddingDeviceOperation,48,8326.0
110592,,TilizeWithValPaddingDeviceOperation,48,8325.0
74752,,TilizeWithValPaddingDeviceOperation,48,8320.0
49152,,TilizeWithValPaddingDeviceOperation,48,8316.0
13312,,TilizeWithValPaddingDeviceOperation,48,8305.0
67584,,TilizeWithValPaddingDeviceOperation,48,8297.0
80896,,TilizeWithValPaddingDeviceOperation,48,8296.0
50176,,TilizeWithValPaddingDeviceOperation,48,8294.0
148480,,TilizeWithValPaddingDeviceOperation,48,8287.0
147456,,TilizeWithValPaddingDeviceOperation,48,8269.0
61440,,TilizeWithValPaddingDeviceOperation,48,8256.0
105472,,TilizeWithValPaddingDeviceOperation,48,8254.0
123904,,TilizeWithValPaddingDeviceOperation,48,8249.0
79872,,TilizeWithValPaddingDeviceOperation,48,8231.0
173056,,TilizeWithValPaddingDeviceOperation,48,8214.0
130048,,TilizeWithValPaddingDeviceOperation,48,8103.0
1420288,1,BinaryNgDeviceOperation,64,7196.0
770048,,CopyDeviceOperation,64,6673.0
1355776,1,TilizeWithValPaddingDeviceOperation,1,6648.0
357376,,TilizeWithValPaddingDeviceOperation,1,6647.0
317440,,TilizeWithValPaddingDeviceOperation,1,6645.0
1372160,1,TilizeWithValPaddingDeviceOperation,1,6632.0
1352704,1,TilizeWithValPaddingDeviceOperation,1,6620.0
336896,,TilizeWithValPaddingDeviceOperation,1,6501.0
320512,,TilizeWithValPaddingDeviceOperation,1,6466.0
599040,,InterleavedToShardedDeviceOperation,64,6462.0
387072,,InterleavedToShardedDeviceOperation,64,6459.0
1086464,,InterleavedToShardedDeviceOperation,64,6455.0
773120,,InterleavedToShardedDeviceOperation,64,6436.0
1051648,,InterleavedToShardedDeviceOperation,64,6311.0
1295360,,InterleavedToShardedDeviceOperation,64,6309.0
738304,,InterleavedToShardedDeviceOperation,64,6308.0
1392640,1,TilizeWithValPaddingDeviceOperation,1,6300.0
947200,,InterleavedToShardedDeviceOperation,64,6275.0
1257472,,CopyDeviceOperation,64,6267.0
1225728,,InterleavedToShardedDeviceOperation,64,6247.0
703488,,InterleavedToShardedDeviceOperation,64,6240.0
2226176,1,InterleavedToShardedDeviceOperation,64,6230.0
1190912,,InterleavedToShardedDeviceOperation,64,6209.0
982016,,InterleavedToShardedDeviceOperation,64,6194.0
1457152,1,CopyDeviceOperation,64,6177.0
1982464,1,InterleavedToShardedDeviceOperation,64,6171.0
984064,,TypecastDeviceOperation,64,6166.0
1260544,,InterleavedToShardedDeviceOperation,64,6162.0
877568,,InterleavedToShardedDeviceOperation,64,6160.0
2121728,1,InterleavedToShardedDeviceOperation,64,6131.0
807936,,InterleavedToShardedDeviceOperation,64,6129.0
491520,,CopyDeviceOperation,64,6119.0
1121280,,InterleavedToShardedDeviceOperation,64,6090.0
1775616,1,TypecastDeviceOperation,64,6086.0
1944576,1,CopyDeviceOperation,64,6068.0
2297856,1,TypecastDeviceOperation,64,6055.0
1419264,1,ReduceDeviceOperation,32,6048.0
1671168,1,TypecastDeviceOperation,64,6035.0
564224,,InterleavedToShardedDeviceOperation,64,6011.0
1192960,,TypecastDeviceOperation,64,6011.0
390144,,TypecastDeviceOperation,64,6009.0
1526784,1,CopyDeviceOperation,64,6008.0
566272,,TypecastDeviceOperation,64,6007.0
456704,,CopyDeviceOperation,64,5996.0
529408,,InterleavedToShardedDeviceOperation,64,5995.0
842752,,InterleavedToShardedDeviceOperation,64,5995.0
879616,,TypecastDeviceOperation,64,5993.0
1187840,,CopyDeviceOperation,64,5988.0
700416,,CopyDeviceOperation,64,5981.0
2088960,1,TypecastDeviceOperation,64,5974.0
809984,,TypecastDeviceOperation,64,5964.0
1053696,,TypecastDeviceOperation,64,5954.0
630784,,CopyDeviceOperation,64,5951.0
1636352,1,TypecastDeviceOperation,64,5949.0
2052096,1,InterleavedToShardedDeviceOperation,64,5945.0
978944,,CopyDeviceOperation,64,5936.0
459776,,InterleavedToShardedDeviceOperation,64,5935.0
1153024,,CopyDeviceOperation,64,5935.0
1843200,1,InterleavedToShardedDeviceOperation,64,5933.0
1669120,1,InterleavedToShardedDeviceOperation,64,5932.0
914432,,TypecastDeviceOperation,64,5916.0
705536,,TypecastDeviceOperation,64,5913.0
740352,,TypecastDeviceOperation,64,5912.0
1156096,,InterleavedToShardedDeviceOperation,64,5912.0
2193408,1,TypecastDeviceOperation,64,5911.0
635904,,TypecastDeviceOperation,64,5908.0
1529856,1,InterleavedToShardedDeviceOperation,64,5907.0
1631232,1,CopyDeviceOperation,64,5907.0
1912832,1,InterleavedToShardedDeviceOperation,64,5906.0
461824,,TypecastDeviceOperation,64,5901.0
1297408,,TypecastDeviceOperation,64,5890.0
1018880,,TypecastDeviceOperation,64,5883.0
775168,,TypecastDeviceOperation,64,5878.0
1984512,1,TypecastDeviceOperation,64,5872.0
633856,,InterleavedToShardedDeviceOperation,64,5867.0
421888,,CopyDeviceOperation,64,5864.0
912384,,InterleavedToShardedDeviceOperation,64,5854.0
1880064,1,TypecastDeviceOperation,64,5854.0
561152,,CopyDeviceOperation,64,5852.0
424960,,InterleavedToShardedDeviceOperation,64,5847.0
1330176,,InterleavedToShardedDeviceOperation,64,5847.0
1566720,1,TypecastDeviceOperation,64,5847.0
1874944,1,CopyDeviceOperation,64,5847.0
1013760,,CopyDeviceOperation,64,5846.0
1564672,1,InterleavedToShardedDeviceOperation,64,5840.0
1414144,1,CopyDeviceOperation,64,5838.0
1262592,,TypecastDeviceOperation,64,5834.0
1740800,1,TypecastDeviceOperation,64,5831.0
1158144,,TypecastDeviceOperation,64,5829.0
1601536,1,TypecastDeviceOperation,64,5828.0
496640,,TypecastDeviceOperation,64,5826.0
1123328,,TypecastDeviceOperation,64,5826.0
1016832,,InterleavedToShardedDeviceOperation,64,5824.0
1425408,1,TypecastDeviceOperation,64,5821.0
1332224,,TypecastDeviceOperation,64,5814.0
665600,,CopyDeviceOperation,64,5813.0
1460224,1,InterleavedToShardedDeviceOperation,64,5811.0
1118208,,CopyDeviceOperation,64,5807.0
427008,,TypecastDeviceOperation,64,5800.0
949248,,TypecastDeviceOperation,64,5800.0
531456,,TypecastDeviceOperation,64,5799.0
668672,,InterleavedToShardedDeviceOperation,64,5799.0
1491968,1,CopyDeviceOperation,64,5783.0
670720,,TypecastDeviceOperation,64,5782.0
601088,,TypecastDeviceOperation,64,5779.0
2260992,1,InterleavedToShardedDeviceOperation,64,5775.0
1088512,,TypecastDeviceOperation,64,5773.0
1327104,,CopyDeviceOperation,64,5771.0
2049024,1,CopyDeviceOperation,64,5769.0
844800,,TypecastDeviceOperation,64,5767.0
2017280,1,InterleavedToShardedDeviceOperation,64,5766.0
1735680,1,CopyDeviceOperation,64,5762.0
944128,,CopyDeviceOperation,64,5761.0
2019328,1,TypecastDeviceOperation,64,5752.0
1947648,1,InterleavedToShardedDeviceOperation,64,5745.0
1048576,,CopyDeviceOperation,64,5737.0
595968,,CopyDeviceOperation,64,5728.0
2156544,1,InterleavedToShardedDeviceOperation,64,5725.0
1227776,,TypecastDeviceOperation,64,5723.0
909312,,CopyDeviceOperation,64,5717.0
378880,,CopyDeviceOperation,64,5715.0
2191360,1,InterleavedToShardedDeviceOperation,64,5712.0
2054144,1,TypecastDeviceOperation,64,5703.0
1878016,1,InterleavedToShardedDeviceOperation,64,5699.0
1773568,1,InterleavedToShardedDeviceOperation,64,5698.0
2228224,1,TypecastDeviceOperation,64,5693.0
1808384,1,InterleavedToShardedDeviceOperation,64,5692.0
2086912,1,InterleavedToShardedDeviceOperation,64,5692.0
1914880,1,TypecastDeviceOperation,64,5682.0
494592,,InterleavedToShardedDeviceOperation,64,5678.0
2295808,1,InterleavedToShardedDeviceOperation,64,5677.0
1083392,,CopyDeviceOperation,64,5674.0
2330624,1,InterleavedToShardedDeviceOperation,64,5669.0
2158592,1,TypecastDeviceOperation,64,5662.0
2014208,1,CopyDeviceOperation,64,5656.0
1909760,1,CopyDeviceOperation,64,5652.0
1845248,1,TypecastDeviceOperation,64,5638.0
2362368,1,CopyDeviceOperation,64,5638.0
1810432,1,TypecastDeviceOperation,64,5637.0
2123776,1,TypecastDeviceOperation,64,5621.0
2367488,1,TypecastDeviceOperation,64,5619.0
1979392,1,CopyDeviceOperation,64,5610.0
1599488,1,InterleavedToShardedDeviceOperation,64,5605.0
735232,,CopyDeviceOperation,64,5604.0
1462272,1,TypecastDeviceOperation,64,5590.0
1495040,1,InterleavedToShardedDeviceOperation,64,5580.0
1738752,1,InterleavedToShardedDeviceOperation,64,5580.0
2365440,1,InterleavedToShardedDeviceOperation,64,5575.0
874496,,CopyDeviceOperation,64,5568.0
1805312,1,CopyDeviceOperation,64,5564.0
2188288,1,CopyDeviceOperation,64,5558.0
1949696,1,TypecastDeviceOperation,64,5555.0
1222656,,CopyDeviceOperation,64,5547.0
1705984,1,TypecastDeviceOperation,64,5543.0
1292288,,CopyDeviceOperation,64,5542.0
2083840,1,CopyDeviceOperation,64,5540.0
1531904,1,TypecastDeviceOperation,64,5533.0
1497088,1,TypecastDeviceOperation,64,5532.0
1840128,1,CopyDeviceOperation,64,5506.0
1703936,1,InterleavedToShardedDeviceOperation,64,5505.0
804864,,CopyDeviceOperation,64,5500.0
1634304,1,InterleavedToShardedDeviceOperation,64,5491.0
2327552,1,CopyDeviceOperation,64,5491.0
2263040,1,TypecastDeviceOperation,64,5482.0
526336,,CopyDeviceOperation,64,5467.0
2153472,1,CopyDeviceOperation,64,5448.0
839680,,CopyDeviceOperation,64,5441.0
2332672,1,TypecastDeviceOperation,64,5421.0
1561600,1,CopyDeviceOperation,64,5414.0
2118656,1,CopyDeviceOperation,64,5405.0
1700864,1,CopyDeviceOperation,64,5389.0
1770496,1,CopyDeviceOperation,64,5376.0
384000,,ReduceDeviceOperation,32,5369.0
1666048,1,CopyDeviceOperation,64,5362.0
2223104,1,CopyDeviceOperation,64,5361.0
2257920,1,CopyDeviceOperation,64,5327.0
372736,,UntilizeWithUnpaddingDeviceOperation,32,5288.0
2292736,1,CopyDeviceOperation,64,5282.0
1408000,1,UntilizeWithUnpaddingDeviceOperation,32,5277.0
1422336,1,InterleavedToShardedDeviceOperation,64,5168.0
365568,,TypecastDeviceOperation,64,5152.0
376832,,TypecastDeviceOperation,64,5111.0
1400832,1,TypecastDeviceOperation,64,5043.0
1412096,1,TypecastDeviceOperation,64,4750.0
1596416,1,CopyDeviceOperation,64,4517.0
2112512,1,SliceDeviceOperation,64,4335.0
1764352,1,SliceDeviceOperation,64,4138.0
1799168,1,SliceDeviceOperation,64,4084.0
1769472,1,SliceDeviceOperation,64,4037.0
624640,,SliceDeviceOperation,64,3963.0
2008064,1,SliceDeviceOperation,64,3955.0
490496,,SliceDeviceOperation,64,3948.0
370688,,SliceDeviceOperation,64,3942.0
1146880,,SliceDeviceOperation,64,3942.0
1417216,1,ShardedToInterleavedDeviceOperation,32,3939.0
972800,,SliceDeviceOperation,64,3938.0
415744,,SliceDeviceOperation,64,3900.0
2357248,1,InterleavedToShardedDeviceOperation,32,3895.0
903168,,SliceDeviceOperation,64,3888.0
977920,,SliceDeviceOperation,64,3871.0
2216960,1,SliceDeviceOperation,64,3855.0
1251328,,SliceDeviceOperation,64,3854.0
406528,,BinaryNgDeviceOperation,64,3842.0
729088,,SliceDeviceOperation,64,3827.0
1286144,,SliceDeviceOperation,64,3825.0
1595392,1,SliceDeviceOperation,64,3822.0
868352,,SliceDeviceOperation,64,3820.0
2076672,1,ShardedToInterleavedDeviceOperation,32,3814.0
1589248,1,ShardedToInterleavedDeviceOperation,32,3811.0
1082368,,SliceDeviceOperation,64,3806.0
734208,,SliceDeviceOperation,64,3800.0
450560,,SliceDeviceOperation,64,3789.0
1973248,1,SliceDeviceOperation,64,3787.0
420864,,SliceDeviceOperation,64,3777.0
1903616,1,SliceDeviceOperation,64,3777.0
1007616,,SliceDeviceOperation,64,3774.0
1698816,1,ShardedToInterleavedDeviceOperation,32,3774.0
1694720,1,SliceDeviceOperation,64,3762.0
2077696,1,SliceDeviceOperation,64,3761.0
455680,,SliceDeviceOperation,64,3753.0
1873920,1,SliceDeviceOperation,64,3751.0
1216512,,SliceDeviceOperation,64,3750.0
1485824,1,SliceDeviceOperation,64,3750.0
1943552,1,SliceDeviceOperation,64,3750.0
525312,,SliceDeviceOperation,64,3744.0
1186816,,SliceDeviceOperation,64,3744.0
1559552,1,ShardedToInterleavedDeviceOperation,32,3744.0
937984,,SliceDeviceOperation,64,3740.0
2251776,1,SliceDeviceOperation,64,3737.0
589824,,SliceDeviceOperation,64,3734.0
664576,,SliceDeviceOperation,64,3733.0
1181696,,SliceDeviceOperation,64,3725.0
1868800,1,SliceDeviceOperation,64,3721.0
1664000,1,ShardedToInterleavedDeviceOperation,32,3700.0
369664,,ShardedToInterleavedDeviceOperation,32,3693.0
1077248,,SliceDeviceOperation,64,3681.0
485376,,SliceDeviceOperation,64,3680.0
798720,,SliceDeviceOperation,64,3679.0
833536,,SliceDeviceOperation,64,3675.0
762880,,ShardedToInterleavedDeviceOperation,32,3670.0
1939456,1,InterleavedToShardedDeviceOperation,32,3668.0
1803264,1,ShardedToInterleavedDeviceOperation,32,3667.0
2256896,1,SliceDeviceOperation,64,3667.0
381952,,ShardedToInterleavedDeviceOperation,32,3665.0
2186240,1,ShardedToInterleavedDeviceOperation,32,3663.0
1699840,1,SliceDeviceOperation,64,3660.0
354304,,SliceDeviceOperation,64,3658.0
1625088,1,SliceDeviceOperation,64,3656.0
337920,,BinaryNgDeviceOperation,64,3647.0
2117632,1,SliceDeviceOperation,64,3645.0
1833984,1,SliceDeviceOperation,64,3643.0
1326080,,SliceDeviceOperation,64,3641.0
908288,,SliceDeviceOperation,64,3627.0
1046528,,ShardedToInterleavedDeviceOperation,32,3621.0
2042880,1,SliceDeviceOperation,64,3621.0
769024,,SliceDeviceOperation,64,3620.0
1872896,1,ShardedToInterleavedDeviceOperation,32,3619.0
1185792,,ShardedToInterleavedDeviceOperation,32,3613.0
375808,,InterleavedToShardedDeviceOperation,32,3599.0
1320960,,SliceDeviceOperation,64,3593.0
353280,,ShardedToInterleavedDeviceOperation,32,3591.0
976896,,ShardedToInterleavedDeviceOperation,32,3589.0
1869824,1,InterleavedToShardedDeviceOperation,32,3587.0
2147328,1,SliceDeviceOperation,64,3584.0
838656,,SliceDeviceOperation,64,3580.0
943104,,SliceDeviceOperation,64,3571.0
1555456,1,SliceDeviceOperation,64,3566.0
2326528,1,SliceDeviceOperation,64,3559.0
694272,,SliceDeviceOperation,64,3558.0
659456,,SliceDeviceOperation,64,3555.0
763904,,SliceDeviceOperation,64,3552.0
872448,,ShardedToInterleavedDeviceOperation,32,3549.0
741376,,ReshardDeviceOperation,32,3547.0
2222080,1,SliceDeviceOperation,64,3547.0
1405952,1,SliceDeviceOperation,64,3544.0
768000,,ShardedToInterleavedDeviceOperation,32,3541.0
1256448,,SliceDeviceOperation,64,3534.0
419840,,ShardedToInterleavedDeviceOperation,32,3533.0
837632,,ShardedToInterleavedDeviceOperation,32,3533.0
1152000,,SliceDeviceOperation,64,3533.0
1112064,,SliceDeviceOperation,64,3527.0
1665024,1,SliceDeviceOperation,64,3527.0
1658880,1,ShardedToInterleavedDeviceOperation,32,3526.0
658432,,ShardedToInterleavedDeviceOperation,32,3525.0
1081344,,ShardedToInterleavedDeviceOperation,32,3525.0
1250304,,ShardedToInterleavedDeviceOperation,32,3522.0
358400,,BinaryNgDeviceOperation,64,3521.0
699392,,SliceDeviceOperation,64,3521.0
907264,,ShardedToInterleavedDeviceOperation,32,3518.0
2187264,1,SliceDeviceOperation,64,3515.0
2082816,1,SliceDeviceOperation,64,3512.0
2321408,1,SliceDeviceOperation,64,3512.0
2356224,1,SliceDeviceOperation,64,3510.0
867328,,ShardedToInterleavedDeviceOperation,32,3509.0
1291264,,SliceDeviceOperation,64,3509.0
1456128,1,SliceDeviceOperation,64,3509.0
1449984,1,ShardedToInterleavedDeviceOperation,32,3508.0
1041408,,ShardedToInterleavedDeviceOperation,32,3505.0
797696,,ShardedToInterleavedDeviceOperation,32,3503.0
1907712,1,ShardedToInterleavedDeviceOperation,32,3503.0
1220608,,ShardedToInterleavedDeviceOperation,32,3502.0
2286592,1,SliceDeviceOperation,64,3502.0
1011712,,ShardedToInterleavedDeviceOperation,32,3501.0
1525760,1,SliceDeviceOperation,64,3499.0
1972224,1,ShardedToInterleavedDeviceOperation,32,3499.0
2182144,1,SliceDeviceOperation,64,3497.0
1978368,1,SliceDeviceOperation,64,3495.0
1325056,,ShardedToInterleavedDeviceOperation,32,3493.0
803840,,SliceDeviceOperation,64,3492.0
553984,,ShardedToInterleavedDeviceOperation,32,3487.0
623616,,ShardedToInterleavedDeviceOperation,32,3486.0
593920,,ShardedToInterleavedDeviceOperation,32,3485.0
1117184,,SliceDeviceOperation,64,3476.0
2013184,1,SliceDeviceOperation,64,3476.0
1012736,,SliceDeviceOperation,64,3475.0
1221632,,SliceDeviceOperation,64,3470.0
1804288,1,SliceDeviceOperation,64,3470.0
733184,,ShardedToInterleavedDeviceOperation,32,3469.0
1590272,1,SliceDeviceOperation,64,3462.0
594944,,SliceDeviceOperation,64,3454.0
706560,,ReshardDeviceOperation,32,3454.0
2320384,1,ShardedToInterleavedDeviceOperation,32,3454.0
728064,,ShardedToInterleavedDeviceOperation,32,3453.0
1908736,1,SliceDeviceOperation,64,3451.0
629760,,SliceDeviceOperation,64,3449.0
1006592,,ShardedToInterleavedDeviceOperation,32,3445.0
1938432,1,SliceDeviceOperation,64,3440.0
1111040,,ShardedToInterleavedDeviceOperation,32,3438.0
1076224,,ShardedToInterleavedDeviceOperation,32,3437.0
524288,,ShardedToInterleavedDeviceOperation,32,3429.0
588800,,ShardedToInterleavedDeviceOperation,32,3429.0
1150976,,ShardedToInterleavedDeviceOperation,32,3429.0
1255424,,ShardedToInterleavedDeviceOperation,32,3429.0
560128,,SliceDeviceOperation,64,3426.0
663552,,ShardedToInterleavedDeviceOperation,32,3422.0
2215936,1,ShardedToInterleavedDeviceOperation,32,3421.0
1042432,,SliceDeviceOperation,64,3418.0
1728512,1,ShardedToInterleavedDeviceOperation,32,3418.0
693248,,ShardedToInterleavedDeviceOperation,32,3414.0
1215488,,ShardedToInterleavedDeviceOperation,32,3413.0
1159168,,ReshardDeviceOperation,32,3412.0
1734656,1,SliceDeviceOperation,64,3408.0
1839104,1,SliceDeviceOperation,64,3404.0
391168,,ReshardDeviceOperation,32,3403.0
1388544,1,ShardedToInterleavedDeviceOperation,32,3399.0
519168,,ShardedToInterleavedDeviceOperation,32,3391.0
2325504,1,ShardedToInterleavedDeviceOperation,32,3390.0
985088,,ReshardDeviceOperation,32,3389.0
1630208,1,SliceDeviceOperation,64,3388.0
971776,,ShardedToInterleavedDeviceOperation,32,3386.0
1490944,1,SliceDeviceOperation,64,3385.0
1838080,1,ShardedToInterleavedDeviceOperation,32,3383.0
1451008,1,SliceDeviceOperation,64,3380.0
396288,,BinaryNgDeviceOperation,64,3370.0
1660928,1,InterleavedToShardedDeviceOperation,32,3367.0
414720,,ShardedToInterleavedDeviceOperation,32,3366.0
880640,,ReshardDeviceOperation,32,3366.0
1145856,,ShardedToInterleavedDeviceOperation,32,3355.0
454656,,ShardedToInterleavedDeviceOperation,32,3349.0
1554432,1,ShardedToInterleavedDeviceOperation,32,3345.0
2181120,1,ShardedToInterleavedDeviceOperation,32,3345.0
936960,,ShardedToInterleavedDeviceOperation,32,3343.0
2111488,1,ShardedToInterleavedDeviceOperation,32,3343.0
2361344,1,SliceDeviceOperation,64,3343.0
1047552,,SliceDeviceOperation,64,3335.0
449536,,ShardedToInterleavedDeviceOperation,32,3334.0
2152448,1,SliceDeviceOperation,64,3333.0
1659904,1,SliceDeviceOperation,64,3332.0
1729536,1,SliceDeviceOperation,64,3326.0
1116160,,ShardedToInterleavedDeviceOperation,32,3325.0
555008,,SliceDeviceOperation,64,3320.0
1441792,1,BinaryNgDeviceOperation,64,3320.0
832512,,ShardedToInterleavedDeviceOperation,32,3317.0
802816,,ShardedToInterleavedDeviceOperation,32,3316.0
942080,,ShardedToInterleavedDeviceOperation,32,3310.0
559104,,ShardedToInterleavedDeviceOperation,32,3309.0
628736,,ShardedToInterleavedDeviceOperation,32,3309.0
2291712,1,SliceDeviceOperation,64,3304.0
2007040,1,ShardedToInterleavedDeviceOperation,32,3303.0
1867776,1,ShardedToInterleavedDeviceOperation,32,3302.0
1285120,,ShardedToInterleavedDeviceOperation,32,3295.0
484352,,ShardedToInterleavedDeviceOperation,32,3293.0
1180672,,ShardedToInterleavedDeviceOperation,32,3293.0
520192,,SliceDeviceOperation,64,3292.0
1521664,1,InterleavedToShardedDeviceOperation,32,3292.0
1393664,1,BinaryNgDeviceOperation,64,3288.0
1411072,1,InterleavedToShardedDeviceOperation,32,3282.0
1019904,,ReshardDeviceOperation,32,3279.0
1520640,1,SliceDeviceOperation,64,3278.0
1942528,1,ShardedToInterleavedDeviceOperation,32,3270.0
1902592,1,ShardedToInterleavedDeviceOperation,32,3269.0
1228800,,ReshardDeviceOperation,32,3267.0
698368,,ShardedToInterleavedDeviceOperation,32,3261.0
873472,,SliceDeviceOperation,64,3258.0
1798144,1,ShardedToInterleavedDeviceOperation,32,3253.0
489472,,ShardedToInterleavedDeviceOperation,32,3246.0
902144,,ShardedToInterleavedDeviceOperation,32,3245.0
2048000,1,SliceDeviceOperation,64,3240.0
1319936,,ShardedToInterleavedDeviceOperation,32,3237.0
1373184,1,BinaryNgDeviceOperation,64,3234.0
1560576,1,SliceDeviceOperation,64,3233.0
1290240,,ShardedToInterleavedDeviceOperation,32,3230.0
1389568,1,SliceDeviceOperation,64,3226.0
602112,,ReshardDeviceOperation,32,3223.0
2255872,1,ShardedToInterleavedDeviceOperation,32,3223.0
1629184,1,ShardedToInterleavedDeviceOperation,32,3217.0
2116608,1,ShardedToInterleavedDeviceOperation,32,3215.0
371712,,ShardedToInterleavedDeviceOperation,32,3182.0
1768448,1,ShardedToInterleavedDeviceOperation,32,3179.0
1333248,,ReshardDeviceOperation,32,3175.0
1193984,,ReshardDeviceOperation,32,3173.0
671744,,ReshardDeviceOperation,32,3172.0
2146304,1,ShardedToInterleavedDeviceOperation,32,3168.0
1489920,1,ShardedToInterleavedDeviceOperation,32,3166.0
428032,,ReshardDeviceOperation,32,3165.0
636928,,ReshardDeviceOperation,32,3165.0
1089536,,ReshardDeviceOperation,32,3158.0
1624064,1,ShardedToInterleavedDeviceOperation,32,3151.0
811008,,ReshardDeviceOperation,32,3142.0
2285568,1,ShardedToInterleavedDeviceOperation,32,3139.0
2360320,1,ShardedToInterleavedDeviceOperation,32,3135.0
950272,,ReshardDeviceOperation,32,3134.0
2081792,1,ShardedToInterleavedDeviceOperation,32,3124.0
1054720,,ReshardDeviceOperation,32,3110.0
2355200,1,ShardedToInterleavedDeviceOperation,32,3110.0
776192,,ReshardDeviceOperation,32,3105.0
1519616,1,ShardedToInterleavedDeviceOperation,32,3092.0
1484800,1,ShardedToInterleavedDeviceOperation,32,3088.0
1763328,1,ShardedToInterleavedDeviceOperation,32,3079.0
1298432,,ReshardDeviceOperation,32,3074.0
2250752,1,ShardedToInterleavedDeviceOperation,32,3066.0
497664,,ReshardDeviceOperation,32,3059.0
1524736,1,ShardedToInterleavedDeviceOperation,32,3049.0
2151424,1,ShardedToInterleavedDeviceOperation,32,3048.0
845824,,ReshardDeviceOperation,32,3037.0
567296,,ReshardDeviceOperation,32,3036.0
2046976,1,ShardedToInterleavedDeviceOperation,32,3013.0
2041856,1,ShardedToInterleavedDeviceOperation,32,3009.0
1733632,1,ShardedToInterleavedDeviceOperation,32,2999.0
1124352,,ReshardDeviceOperation,32,2998.0
1431552,1,BinaryNgDeviceOperation,64,2992.0
532480,,ReshardDeviceOperation,32,2984.0
1406976,1,ShardedToInterleavedDeviceOperation,32,2976.0
1765376,1,InterleavedToShardedDeviceOperation,32,2961.0
2368512,1,ReshardDeviceOperation,32,2948.0
2217984,1,InterleavedToShardedDeviceOperation,32,2938.0
1404928,1,ShardedToInterleavedDeviceOperation,32,2934.0
1937408,1,ShardedToInterleavedDeviceOperation,32,2932.0
462848,,ReshardDeviceOperation,32,2927.0
2012160,1,ShardedToInterleavedDeviceOperation,32,2926.0
1832960,1,ShardedToInterleavedDeviceOperation,32,2924.0
1693696,1,ShardedToInterleavedDeviceOperation,32,2907.0
2221056,1,ShardedToInterleavedDeviceOperation,32,2880.0
1396736,1,UntilizeWithUnpaddingDeviceOperation,1,2840.0
915456,,ReshardDeviceOperation,32,2834.0
2298880,1,ReshardDeviceOperation,32,2825.0
1263616,,ReshardDeviceOperation,32,2816.0
1455104,1,ShardedToInterleavedDeviceOperation,32,2801.0
1594368,1,ShardedToInterleavedDeviceOperation,32,2772.0
730112,,InterleavedToShardedDeviceOperation,32,2760.0
1707008,1,ReshardDeviceOperation,32,2757.0
1950720,1,ReshardDeviceOperation,32,2734.0
1008640,,InterleavedToShardedDeviceOperation,32,2715.0
361472,,UntilizeWithUnpaddingDeviceOperation,1,2701.0
1356800,1,BinaryNgDeviceOperation,64,2697.0
1252352,,InterleavedToShardedDeviceOperation,32,2694.0
834560,,InterleavedToShardedDeviceOperation,32,2687.0
1695744,1,InterleavedToShardedDeviceOperation,32,2686.0
1353728,1,BinaryNgDeviceOperation,64,2673.0
486400,,InterleavedToShardedDeviceOperation,32,2661.0
1602560,1,ReshardDeviceOperation,32,2656.0
1287168,,InterleavedToShardedDeviceOperation,32,2650.0
1321984,,InterleavedToShardedDeviceOperation,32,2635.0
764928,,InterleavedToShardedDeviceOperation,32,2629.0
1741824,1,ReshardDeviceOperation,32,2629.0
1078272,,InterleavedToShardedDeviceOperation,32,2623.0
1811456,1,ReshardDeviceOperation,32,2620.0
416768,,InterleavedToShardedDeviceOperation,32,2615.0
1626112,1,InterleavedToShardedDeviceOperation,32,2613.0
1672192,1,ReshardDeviceOperation,32,2613.0
939008,,InterleavedToShardedDeviceOperation,32,2607.0
869376,,InterleavedToShardedDeviceOperation,32,2598.0
1217536,,InterleavedToShardedDeviceOperation,32,2596.0
318464,,BinaryNgDeviceOperation,64,2593.0
973824,,InterleavedToShardedDeviceOperation,32,2590.0
377856,,ShardedToInterleavedDeviceOperation,32,2587.0
904192,,InterleavedToShardedDeviceOperation,32,2587.0
625664,,InterleavedToShardedDeviceOperation,32,2585.0
355328,,InterleavedToShardedDeviceOperation,32,2582.0
1147904,,InterleavedToShardedDeviceOperation,32,2582.0
521216,,InterleavedToShardedDeviceOperation,32,2578.0
1463296,1,ReshardDeviceOperation,32,2572.0
1591296,1,InterleavedToShardedDeviceOperation,32,2566.0
345088,,TypecastDeviceOperation,8,2553.0
695296,,InterleavedToShardedDeviceOperation,32,2553.0
1043456,,InterleavedToShardedDeviceOperation,32,2542.0
343040,,TypecastDeviceOperation,8,2537.0
1182720,,InterleavedToShardedDeviceOperation,32,2536.0
556032,,InterleavedToShardedDeviceOperation,32,2532.0
799744,,InterleavedToShardedDeviceOperation,32,2530.0
1730560,1,InterleavedToShardedDeviceOperation,32,2523.0
1904640,1,InterleavedToShardedDeviceOperation,32,2523.0
590848,,InterleavedToShardedDeviceOperation,32,2519.0
2333696,1,ReshardDeviceOperation,32,2519.0
2124800,1,ReshardDeviceOperation,32,2518.0
1426432,1,ReshardDeviceOperation,32,2516.0
967680,,ShardedToInterleavedDeviceOperation,54,2500.0
1977344,1,ShardedToInterleavedDeviceOperation,32,2500.0
451584,,InterleavedToShardedDeviceOperation,32,2489.0
1881088,1,ReshardDeviceOperation,32,2482.0
1498112,1,ReshardDeviceOperation,32,2481.0
660480,,InterleavedToShardedDeviceOperation,32,2475.0
1113088,,InterleavedToShardedDeviceOperation,32,2474.0
1037312,,ShardedToInterleavedDeviceOperation,54,2469.0
2264064,1,ReshardDeviceOperation,32,2460.0
1567744,1,ReshardDeviceOperation,32,2449.0
2194432,1,ReshardDeviceOperation,32,2437.0
321536,,BinaryNgDeviceOperation,64,2436.0
2290688,1,ShardedToInterleavedDeviceOperation,32,2430.0
1390592,1,InterleavedToShardedDeviceOperation,32,2422.0
2089984,1,ReshardDeviceOperation,32,2420.0
1532928,1,ReshardDeviceOperation,32,2389.0
1378304,1,TypecastDeviceOperation,8,2385.0
1915904,1,ReshardDeviceOperation,32,2382.0
1380352,1,TypecastDeviceOperation,8,2380.0
1637376,1,ReshardDeviceOperation,32,2379.0
2229248,1,ReshardDeviceOperation,32,2373.0
1776640,1,ReshardDeviceOperation,32,2353.0
1800192,1,InterleavedToShardedDeviceOperation,32,2332.0
2020352,1,ReshardDeviceOperation,32,2320.0
1985536,1,ReshardDeviceOperation,32,2287.0
2159616,1,ReshardDeviceOperation,32,2276.0
2055168,1,ReshardDeviceOperation,32,2270.0
445440,,ShardedToInterleavedDeviceOperation,54,2269.0
2078720,1,InterleavedToShardedDeviceOperation,32,2245.0
1445888,1,ShardedToInterleavedDeviceOperation,54,2235.0
1846272,1,ReshardDeviceOperation,32,2230.0
1211392,,ShardedToInterleavedDeviceOperation,54,2228.0
2009088,1,InterleavedToShardedDeviceOperation,32,2214.0
2252800,1,InterleavedToShardedDeviceOperation,32,2212.0
898048,,ShardedToInterleavedDeviceOperation,54,2196.0
793600,,ShardedToInterleavedDeviceOperation,54,2191.0
1367040,1,ShardedToInterleavedDeviceOperation,54,2178.0
2183168,1,InterleavedToShardedDeviceOperation,32,2178.0
1585152,1,ShardedToInterleavedDeviceOperation,54,2167.0
1515520,1,ShardedToInterleavedDeviceOperation,54,2164.0
2107392,1,ShardedToInterleavedDeviceOperation,54,2162.0
2113536,1,InterleavedToShardedDeviceOperation,32,2162.0
863232,,ShardedToInterleavedDeviceOperation,54,2144.0
1654784,1,ShardedToInterleavedDeviceOperation,54,2136.0
584704,,ShardedToInterleavedDeviceOperation,54,2126.0
2142208,1,ShardedToInterleavedDeviceOperation,54,2122.0
1828864,1,ShardedToInterleavedDeviceOperation,54,2119.0
1141760,,ShardedToInterleavedDeviceOperation,54,2116.0
362496,,RepeatDeviceOperation,64,2116.0
2072576,1,ShardedToInterleavedDeviceOperation,54,2114.0
1397760,1,RepeatDeviceOperation,64,2114.0
1315840,,ShardedToInterleavedDeviceOperation,54,2102.0
1246208,,ShardedToInterleavedDeviceOperation,54,2097.0
480256,,ShardedToInterleavedDeviceOperation,54,2096.0
2043904,1,InterleavedToShardedDeviceOperation,32,2093.0
2316288,1,ShardedToInterleavedDeviceOperation,54,2092.0
723968,,ShardedToInterleavedDeviceOperation,54,2091.0
2351104,1,ShardedToInterleavedDeviceOperation,54,2090.0
654336,,ShardedToInterleavedDeviceOperation,54,2089.0
1556480,1,InterleavedToShardedDeviceOperation,32,2082.0
2287616,1,InterleavedToShardedDeviceOperation,32,2081.0
828416,,ShardedToInterleavedDeviceOperation,54,2080.0
1835008,1,InterleavedToShardedDeviceOperation,32,2071.0
397312,,ShardedToInterleavedDeviceOperation,48,2063.0
2002944,1,ShardedToInterleavedDeviceOperation,54,2058.0
2062336,1,ReshardDeviceOperation,8,2051.0
1480704,1,ShardedToInterleavedDeviceOperation,54,2050.0
689152,,ShardedToInterleavedDeviceOperation,54,2047.0
515072,,ShardedToInterleavedDeviceOperation,54,2046.0
1863680,1,ShardedToInterleavedDeviceOperation,54,2045.0
932864,,ShardedToInterleavedDeviceOperation,54,2044.0
1176576,,ShardedToInterleavedDeviceOperation,54,2044.0
1933312,1,ShardedToInterleavedDeviceOperation,54,2035.0
2322432,1,InterleavedToShardedDeviceOperation,32,2035.0
2246656,1,ShardedToInterleavedDeviceOperation,54,2034.0
2211840,1,ShardedToInterleavedDeviceOperation,54,2029.0
1724416,1,ShardedToInterleavedDeviceOperation,54,2026.0
2177024,1,ShardedToInterleavedDeviceOperation,54,2026.0
410624,,ShardedToInterleavedDeviceOperation,54,2024.0
758784,,ShardedToInterleavedDeviceOperation,54,2018.0
1281024,,ShardedToInterleavedDeviceOperation,54,2015.0
1794048,1,ShardedToInterleavedDeviceOperation,54,2010.0
1072128,,ShardedToInterleavedDeviceOperation,54,2007.0
1759232,1,ShardedToInterleavedDeviceOperation,54,2006.0
1452032,1,InterleavedToShardedDeviceOperation,32,2005.0
2037760,1,ShardedToInterleavedDeviceOperation,54,1994.0
2266112,1,ShardedToInterleavedDeviceOperation,12,1975.0
339968,,ConcatDeviceOperation,8,1970.0
1377280,1,UnaryDeviceOperation,64,1961.0
331776,,ShardedToInterleavedDeviceOperation,54,1952.0
408576,,ReshardDeviceOperation,8,1951.0
619520,,ShardedToInterleavedDeviceOperation,54,1948.0
1619968,1,ShardedToInterleavedDeviceOperation,54,1944.0
549888,,ShardedToInterleavedDeviceOperation,54,1941.0
1974272,1,InterleavedToShardedDeviceOperation,32,1940.0
1002496,,ShardedToInterleavedDeviceOperation,54,1935.0
743424,,ShardedToInterleavedDeviceOperation,12,1925.0
1161216,,ShardedToInterleavedDeviceOperation,12,1925.0
1432576,1,ShardedToInterleavedDeviceOperation,48,1925.0
1968128,1,ShardedToInterleavedDeviceOperation,54,1914.0
708608,,ShardedToInterleavedDeviceOperation,12,1909.0
1104896,,ReshardDeviceOperation,8,1907.0
1106944,,ShardedToInterleavedDeviceOperation,54,1904.0
922624,,ReshardDeviceOperation,8,1899.0
882688,,ShardedToInterleavedDeviceOperation,12,1893.0
1550336,1,ShardedToInterleavedDeviceOperation,54,1893.0
1486848,1,InterleavedToShardedDeviceOperation,32,1885.0
818176,,ReshardDeviceOperation,8,1882.0
1898496,1,ShardedToInterleavedDeviceOperation,54,1880.0
721920,,ReshardDeviceOperation,8,1872.0
1027072,,ReshardDeviceOperation,8,1864.0
539648,,ReshardDeviceOperation,8,1862.0
604160,,ShardedToInterleavedDeviceOperation,12,1861.0
2281472,1,ShardedToInterleavedDeviceOperation,54,1861.0
2412544,,UntilizeWithUnpaddingDeviceOperation,1,1859.0
992256,,ReshardDeviceOperation,8,1857.0
547840,,ReshardDeviceOperation,8,1849.0
1244160,,ReshardDeviceOperation,8,1849.0
1126400,,ShardedToInterleavedDeviceOperation,12,1848.0
430080,,ShardedToInterleavedDeviceOperation,12,1843.0
342016,,UnaryDeviceOperation,64,1841.0
2408448,,UntilizeWithUnpaddingDeviceOperation,1,1838.0
393216,,ShardedToInterleavedDeviceOperation,12,1837.0
2387968,,UntilizeWithUnpaddingDeviceOperation,1,1837.0
1413120,1,ShardedToInterleavedDeviceOperation,32,1836.0
1853440,1,ReshardDeviceOperation,8,1834.0
1201152,,ReshardDeviceOperation,8,1833.0
917504,,ShardedToInterleavedDeviceOperation,12,1832.0
499712,,ShardedToInterleavedDeviceOperation,12,1829.0
1500160,1,ShardedToInterleavedDeviceOperation,12,1829.0
2148352,1,InterleavedToShardedDeviceOperation,32,1829.0
638976,,ShardedToInterleavedDeviceOperation,12,1828.0
1957888,1,ReshardDeviceOperation,8,1822.0
778240,,ShardedToInterleavedDeviceOperation,12,1820.0
2398208,,UntilizeWithUnpaddingDeviceOperation,1,1818.0
1340416,,ReshardDeviceOperation,8,1817.0
1375232,1,ConcatDeviceOperation,8,1811.0
2161664,1,ShardedToInterleavedDeviceOperation,12,1810.0
1270784,,ReshardDeviceOperation,8,1801.0
2409472,,UntilizeWithUnpaddingDeviceOperation,1,1801.0
1139712,,ReshardDeviceOperation,8,1800.0
1230848,,ShardedToInterleavedDeviceOperation,12,1799.0
1379328,1,UnaryDeviceOperation,64,1798.0
470016,,ReshardDeviceOperation,8,1795.0
2162688,1,InterleavedToShardedDeviceOperation,8,1795.0
329728,,ReshardDeviceOperation,8,1792.0
861184,,ReshardDeviceOperation,8,1792.0
1689600,1,ShardedToInterleavedDeviceOperation,54,1790.0
1091584,,ShardedToInterleavedDeviceOperation,12,1789.0
713728,,ReshardDeviceOperation,8,1785.0
652288,,ReshardDeviceOperation,8,1783.0
1300480,,ShardedToInterleavedDeviceOperation,12,1780.0
930816,,ReshardDeviceOperation,8,1777.0
987136,,ShardedToInterleavedDeviceOperation,12,1774.0
504832,,ReshardDeviceOperation,8,1769.0
1278976,,ReshardDeviceOperation,8,1769.0
1883136,1,ShardedToInterleavedDeviceOperation,12,1768.0
673792,,ShardedToInterleavedDeviceOperation,12,1766.0
2300928,1,ShardedToInterleavedDeviceOperation,12,1766.0
534528,,ShardedToInterleavedDeviceOperation,12,1765.0
847872,,ShardedToInterleavedDeviceOperation,12,1765.0
569344,,ShardedToInterleavedDeviceOperation,12,1764.0
1000448,,ReshardDeviceOperation,8,1761.0
1335296,,ShardedToInterleavedDeviceOperation,12,1757.0
435200,,ReshardDeviceOperation,8,1754.0
1166336,,ReshardDeviceOperation,8,1753.0
2022400,1,ShardedToInterleavedDeviceOperation,12,1748.0
1235968,,ReshardDeviceOperation,8,1743.0
1709056,1,ShardedToInterleavedDeviceOperation,12,1742.0
952320,,ShardedToInterleavedDeviceOperation,12,1741.0
2370560,1,ShardedToInterleavedDeviceOperation,12,1741.0
2402304,,UntilizeWithUnpaddingDeviceOperation,1,1741.0
1196032,,ShardedToInterleavedDeviceOperation,12,1740.0
1056768,,ShardedToInterleavedDeviceOperation,12,1733.0
2399232,,UntilizeWithUnpaddingDeviceOperation,1,1733.0
748544,,ReshardDeviceOperation,8,1732.0
1021952,,ShardedToInterleavedDeviceOperation,12,1731.0
756736,,ReshardDeviceOperation,8,1729.0
464896,,ShardedToInterleavedDeviceOperation,12,1726.0
2057216,1,ShardedToInterleavedDeviceOperation,12,1725.0
1313792,,ReshardDeviceOperation,8,1723.0
1035264,,ReshardDeviceOperation,8,1722.0
399360,,ReshardDeviceOperation,8,1721.0
1174528,,ReshardDeviceOperation,8,1719.0
1265664,,ShardedToInterleavedDeviceOperation,12,1717.0
2092032,1,ShardedToInterleavedDeviceOperation,12,1715.0
443392,,ReshardDeviceOperation,8,1713.0
2401280,,UntilizeWithUnpaddingDeviceOperation,1,1710.0
344064,,UnaryDeviceOperation,64,1709.0
896000,,ReshardDeviceOperation,8,1706.0
1096704,,ReshardDeviceOperation,8,1705.0
2405376,,UntilizeWithUnpaddingDeviceOperation,1,1700.0
2395136,,UntilizeWithUnpaddingDeviceOperation,1,1699.0
1061888,,ReshardDeviceOperation,8,1697.0
887808,,ReshardDeviceOperation,8,1696.0
957440,,ReshardDeviceOperation,8,1695.0
1209344,,ReshardDeviceOperation,8,1695.0
2404352,,UntilizeWithUnpaddingDeviceOperation,1,1692.0
2410496,,UntilizeWithUnpaddingDeviceOperation,1,1692.0
1305600,,ReshardDeviceOperation,8,1691.0
2415616,,UntilizeWithUnpaddingDeviceOperation,1,1690.0
2231296,1,ShardedToInterleavedDeviceOperation,12,1686.0
2390016,,UntilizeWithUnpaddingDeviceOperation,1,1686.0
2394112,,UntilizeWithUnpaddingDeviceOperation,1,1681.0
582656,,ReshardDeviceOperation,8,1680.0
2407424,,UntilizeWithUnpaddingDeviceOperation,1,1679.0
1639424,1,ShardedToInterleavedDeviceOperation,12,1677.0
2403328,,UntilizeWithUnpaddingDeviceOperation,1,1676.0
2400256,,UntilizeWithUnpaddingDeviceOperation,1,1673.0
791552,,ReshardDeviceOperation,8,1672.0
2392064,,UntilizeWithUnpaddingDeviceOperation,1,1671.0
2413568,,UntilizeWithUnpaddingDeviceOperation,1,1671.0
813056,,ShardedToInterleavedDeviceOperation,12,1669.0
2388992,,UntilizeWithUnpaddingDeviceOperation,1,1669.0
1931264,1,ReshardDeviceOperation,8,1666.0
678912,,ReshardDeviceOperation,8,1665.0
2236416,1,ReshardDeviceOperation,8,1665.0
2397184,,UntilizeWithUnpaddingDeviceOperation,1,1657.0
2414592,,UntilizeWithUnpaddingDeviceOperation,1,1657.0
2391040,,UntilizeWithUnpaddingDeviceOperation,1,1656.0
2279424,1,ReshardDeviceOperation,8,1653.0
2393088,,UntilizeWithUnpaddingDeviceOperation,1,1651.0
2411520,,UntilizeWithUnpaddingDeviceOperation,1,1651.0
2406400,,UntilizeWithUnpaddingDeviceOperation,1,1650.0
513024,,ReshardDeviceOperation,8,1649.0
1371136,1,TypecastDeviceOperation,1,1647.0
2396160,,UntilizeWithUnpaddingDeviceOperation,1,1647.0
1534976,1,ShardedToInterleavedDeviceOperation,12,1645.0
2416640,,UntilizeWithUnpaddingDeviceOperation,1,1645.0
1131520,,ReshardDeviceOperation,8,1643.0
1988608,1,InterleavedToShardedDeviceOperation,8,1643.0
2375680,1,ReshardDeviceOperation,8,1643.0
2306048,1,ReshardDeviceOperation,8,1641.0
478208,,ReshardDeviceOperation,8,1640.0
1604608,1,ShardedToInterleavedDeviceOperation,12,1638.0
2340864,1,ReshardDeviceOperation,8,1636.0
1826816,1,ReshardDeviceOperation,8,1635.0
783360,,ReshardDeviceOperation,8,1633.0
2271232,1,ReshardDeviceOperation,8,1632.0
1714176,1,ReshardDeviceOperation,8,1629.0
1757184,1,ReshardDeviceOperation,8,1628.0
1783808,1,ReshardDeviceOperation,8,1628.0
2314240,1,ReshardDeviceOperation,8,1628.0
965632,,ReshardDeviceOperation,8,1626.0
2140160,1,ReshardDeviceOperation,8,1625.0
617472,,ReshardDeviceOperation,8,1624.0
1428480,1,ShardedToInterleavedDeviceOperation,12,1623.0
574464,,ReshardDeviceOperation,8,1622.0
1687552,1,ReshardDeviceOperation,8,1621.0
1722368,1,ReshardDeviceOperation,8,1621.0
826368,,ReshardDeviceOperation,8,1619.0
1617920,1,ReshardDeviceOperation,8,1619.0
2209792,1,ReshardDeviceOperation,8,1619.0
687104,,ReshardDeviceOperation,8,1617.0
1513472,1,ReshardDeviceOperation,8,1616.0
852992,,ReshardDeviceOperation,8,1615.0
1443840,1,ReshardDeviceOperation,8,1612.0
2097152,1,ReshardDeviceOperation,8,1612.0
1605632,1,InterleavedToShardedDeviceOperation,8,1610.0
1540096,1,ReshardDeviceOperation,8,1609.0
2000896,1,ReshardDeviceOperation,8,1609.0
609280,,ReshardDeviceOperation,8,1608.0
1792000,1,ReshardDeviceOperation,8,1608.0
2131968,1,ReshardDeviceOperation,8,1608.0
644096,,ReshardDeviceOperation,8,1606.0
1743872,1,ShardedToInterleavedDeviceOperation,12,1605.0
2201600,1,ReshardDeviceOperation,8,1604.0
1505280,1,ReshardDeviceOperation,8,1603.0
1896448,1,ReshardDeviceOperation,8,1603.0
373760,,RepeatDeviceOperation,64,1603.0
1818624,1,ReshardDeviceOperation,8,1601.0
1399808,1,InterleavedToShardedDeviceOperation,32,1600.0
1609728,1,ReshardDeviceOperation,8,1600.0
1470464,1,ReshardDeviceOperation,8,1595.0
1478656,1,ReshardDeviceOperation,8,1594.0
1583104,1,ReshardDeviceOperation,8,1593.0
2166784,1,ReshardDeviceOperation,8,1593.0
1548288,1,ReshardDeviceOperation,8,1592.0
1966080,1,ReshardDeviceOperation,8,1592.0
1364992,1,ReshardDeviceOperation,8,1591.0
2174976,1,ReshardDeviceOperation,8,1590.0
1369088,1,RepeatDeviceOperation,64,1590.0
1744896,1,InterleavedToShardedDeviceOperation,8,1589.0
2070528,1,ReshardDeviceOperation,8,1582.0
2349056,1,ReshardDeviceOperation,8,1581.0
1569792,1,ShardedToInterleavedDeviceOperation,12,1579.0
2027520,1,ReshardDeviceOperation,8,1579.0
333824,,RepeatDeviceOperation,64,1578.0
1888256,1,ReshardDeviceOperation,8,1577.0
2035712,1,ReshardDeviceOperation,8,1577.0
1574912,1,ReshardDeviceOperation,8,1574.0
1952768,1,ShardedToInterleavedDeviceOperation,12,1573.0
1644544,1,ReshardDeviceOperation,8,1571.0
1465344,1,ShardedToInterleavedDeviceOperation,12,1570.0
1848320,1,ShardedToInterleavedDeviceOperation,12,1565.0
2244608,1,ReshardDeviceOperation,8,1565.0
1992704,1,ReshardDeviceOperation,8,1557.0
1640448,1,InterleavedToShardedDeviceOperation,8,1555.0
1679360,1,ReshardDeviceOperation,8,1555.0
2105344,1,ReshardDeviceOperation,8,1555.0
1070080,,ReshardDeviceOperation,8,1552.0
1861632,1,ReshardDeviceOperation,8,1551.0
1421312,1,ShardedToInterleavedDeviceOperation,32,1545.0
2232320,1,InterleavedToShardedDeviceOperation,8,1545.0
1652736,1,ReshardDeviceOperation,8,1539.0
2267136,1,InterleavedToShardedDeviceOperation,8,1533.0
1358848,1,TypecastDeviceOperation,32,1531.0
2335744,1,ShardedToInterleavedDeviceOperation,12,1531.0
323584,,TypecastDeviceOperation,32,1519.0
1813504,1,ShardedToInterleavedDeviceOperation,12,1518.0
1748992,1,ReshardDeviceOperation,8,1513.0
1778688,1,ShardedToInterleavedDeviceOperation,12,1505.0
1923072,1,ReshardDeviceOperation,8,1498.0
335872,,TypecastDeviceOperation,1,1478.0
2336768,1,InterleavedToShardedDeviceOperation,8,1454.0
1501184,1,InterleavedToShardedDeviceOperation,8,1442.0
398336,,InterleavedToShardedDeviceOperation,48,1433.0
2371584,1,InterleavedToShardedDeviceOperation,8,1430.0
1849344,1,InterleavedToShardedDeviceOperation,8,1423.0
2196480,1,ShardedToInterleavedDeviceOperation,12,1412.0
1917952,1,ShardedToInterleavedDeviceOperation,12,1411.0
2127872,1,InterleavedToShardedDeviceOperation,8,1410.0
2058240,1,InterleavedToShardedDeviceOperation,8,1403.0
1384448,1,CopyDeviceOperation,8,1400.0
364544,,InterleavedToShardedDeviceOperation,32,1397.0
1382400,1,CopyDeviceOperation,8,1392.0
1814528,1,InterleavedToShardedDeviceOperation,8,1378.0
1409024,1,RepeatDeviceOperation,64,1375.0
1953792,1,InterleavedToShardedDeviceOperation,8,1366.0
431104,,InterleavedToShardedDeviceOperation,8,1357.0
347136,,CopyDeviceOperation,8,1354.0
2023424,1,InterleavedToShardedDeviceOperation,8,1346.0
1918976,1,InterleavedToShardedDeviceOperation,8,1345.0
367616,,CopyDeviceOperation,8,1339.0
1987584,1,ShardedToInterleavedDeviceOperation,12,1334.0
350208,,CopyDeviceOperation,8,1327.0
366592,,CopyDeviceOperation,8,1327.0
1466368,1,InterleavedToShardedDeviceOperation,8,1327.0
709632,,InterleavedToShardedDeviceOperation,8,1321.0
386048,,ShardedToInterleavedDeviceOperation,32,1313.0
351232,,CopyDeviceOperation,8,1308.0
779264,,InterleavedToShardedDeviceOperation,8,1292.0
1022976,,InterleavedToShardedDeviceOperation,8,1292.0
640000,,InterleavedToShardedDeviceOperation,8,1291.0
1266688,,InterleavedToShardedDeviceOperation,8,1291.0
1301504,,InterleavedToShardedDeviceOperation,8,1291.0
953344,,InterleavedToShardedDeviceOperation,8,1289.0
1536000,1,InterleavedToShardedDeviceOperation,8,1289.0
500736,,InterleavedToShardedDeviceOperation,8,1288.0
1429504,1,InterleavedToShardedDeviceOperation,8,1281.0
1675264,1,InterleavedToShardedDeviceOperation,8,1280.0
1710080,1,InterleavedToShardedDeviceOperation,8,1277.0
848896,,InterleavedToShardedDeviceOperation,8,1276.0
465920,,InterleavedToShardedDeviceOperation,8,1271.0
1779712,1,InterleavedToShardedDeviceOperation,8,1270.0
2197504,1,InterleavedToShardedDeviceOperation,8,1270.0
2126848,1,ShardedToInterleavedDeviceOperation,12,1269.0
674816,,InterleavedToShardedDeviceOperation,8,1267.0
394240,,InterleavedToShardedDeviceOperation,8,1258.0
814080,,InterleavedToShardedDeviceOperation,8,1258.0
883712,,InterleavedToShardedDeviceOperation,8,1258.0
1570816,1,InterleavedToShardedDeviceOperation,8,1258.0
1092608,,InterleavedToShardedDeviceOperation,8,1256.0
535552,,InterleavedToShardedDeviceOperation,8,1255.0
570368,,InterleavedToShardedDeviceOperation,8,1255.0
918528,,InterleavedToShardedDeviceOperation,8,1255.0
1162240,,InterleavedToShardedDeviceOperation,8,1255.0
1197056,,InterleavedToShardedDeviceOperation,8,1255.0
1336320,,InterleavedToShardedDeviceOperation,8,1255.0
1231872,,InterleavedToShardedDeviceOperation,8,1248.0
744448,,InterleavedToShardedDeviceOperation,8,1247.0
1057792,,InterleavedToShardedDeviceOperation,8,1247.0
1127424,,InterleavedToShardedDeviceOperation,8,1247.0
2093056,1,InterleavedToShardedDeviceOperation,8,1247.0
605184,,InterleavedToShardedDeviceOperation,8,1246.0
988160,,InterleavedToShardedDeviceOperation,8,1246.0
2301952,1,InterleavedToShardedDeviceOperation,8,1245.0
1884160,1,InterleavedToShardedDeviceOperation,8,1242.0
349184,,CopyDeviceOperation,8,1238.0
1401856,1,CopyDeviceOperation,8,1237.0
1674240,1,ShardedToInterleavedDeviceOperation,12,1200.0
388096,,InterleavedToShardedDeviceOperation,32,1179.0
1362944,1,InterleavedToShardedDeviceOperation,48,1173.0
1434624,1,ReshardDeviceOperation,8,1170.0
1433600,1,InterleavedToShardedDeviceOperation,48,1145.0
1385472,1,CopyDeviceOperation,8,1136.0
1402880,1,CopyDeviceOperation,8,1122.0
1386496,1,CopyDeviceOperation,8,1113.0
327680,,InterleavedToShardedDeviceOperation,48,1101.0
1357824,1,ShardedToInterleavedDeviceOperation,1,1022.0
325632,,CopyDeviceOperation,1,878.0
1360896,1,CopyDeviceOperation,1,878.0
1423360,1,InterleavedToShardedDeviceOperation,32,849.0
319488,,ShardedToInterleavedDeviceOperation,1,745.0
1354752,1,ShardedToInterleavedDeviceOperation,1,745.0
340992,,InterleavedToShardedDeviceOperation,8,740.0
322560,,ShardedToInterleavedDeviceOperation,1,735.0
1376256,1,InterleavedToShardedDeviceOperation,8,728.0
338944,,ShardedToInterleavedDeviceOperation,4,711.0
1929216,1,BinaryNgDeviceOperation,64,617.0
1720320,1,BinaryNgDeviceOperation,64,607.0
1964032,1,BinaryNgDeviceOperation,64,604.0
1476608,1,BinaryNgDeviceOperation,64,603.0
1685504,1,BinaryNgDeviceOperation,64,603.0
2129920,1,BinaryNgDeviceOperation,64,603.0
1374208,1,ShardedToInterleavedDeviceOperation,4,600.0
2164736,1,BinaryNgDeviceOperation,64,600.0
2234368,1,BinaryNgDeviceOperation,64,597.0
2033664,1,BinaryNgDeviceOperation,64,596.0
1816576,1,BinaryNgDeviceOperation,64,595.0
2172928,1,BinaryNgDeviceOperation,64,595.0
2381824,1,BinaryNgDeviceOperation,63,593.0
1546240,1,BinaryNgDeviceOperation,64,592.0
1894400,1,BinaryNgDeviceOperation,64,592.0
1921024,1,BinaryNgDeviceOperation,64,591.0
1789952,1,BinaryNgDeviceOperation,64,590.0
348160,,ShardedToInterleavedDeviceOperation,8,588.0
1746944,1,BinaryNgDeviceOperation,64,587.0
1998848,1,BinaryNgDeviceOperation,64,587.0
2095104,1,BinaryNgDeviceOperation,64,587.0
1677312,1,BinaryNgDeviceOperation,64,586.0
1859584,1,BinaryNgDeviceOperation,64,586.0
2199552,1,BinaryNgDeviceOperation,64,586.0
1468416,1,BinaryNgDeviceOperation,64,584.0
1503232,1,BinaryNgDeviceOperation,64,584.0
1886208,1,BinaryNgDeviceOperation,64,583.0
1538048,1,BinaryNgDeviceOperation,64,582.0
2312192,1,BinaryNgDeviceOperation,64,582.0
2304000,1,BinaryNgDeviceOperation,64,580.0
1955840,1,BinaryNgDeviceOperation,64,579.0
1572864,1,BinaryNgDeviceOperation,64,578.0
1642496,1,BinaryNgDeviceOperation,64,578.0
1712128,1,BinaryNgDeviceOperation,64,578.0
1851392,1,BinaryNgDeviceOperation,64,578.0
2103296,1,BinaryNgDeviceOperation,64,574.0
2347008,1,BinaryNgDeviceOperation,64,573.0
1650688,1,BinaryNgDeviceOperation,64,572.0
2060288,1,BinaryNgDeviceOperation,64,572.0
2207744,1,BinaryNgDeviceOperation,64,571.0
2338816,1,BinaryNgDeviceOperation,64,571.0
1615872,1,BinaryNgDeviceOperation,64,570.0
1990656,1,BinaryNgDeviceOperation,64,570.0
2242560,1,BinaryNgDeviceOperation,64,570.0
2025472,1,BinaryNgDeviceOperation,64,569.0
2068480,1,BinaryNgDeviceOperation,64,569.0
1581056,1,BinaryNgDeviceOperation,64,568.0
1781760,1,BinaryNgDeviceOperation,64,567.0
1607680,1,BinaryNgDeviceOperation,64,565.0
1824768,1,BinaryNgDeviceOperation,64,565.0
2138112,1,BinaryNgDeviceOperation,64,564.0
2277376,1,BinaryNgDeviceOperation,64,564.0
1755136,1,BinaryNgDeviceOperation,64,563.0
2269184,1,BinaryNgDeviceOperation,64,563.0
2373632,1,BinaryNgDeviceOperation,64,563.0
1511424,1,BinaryNgDeviceOperation,64,555.0
359424,,ShardedToInterleavedDeviceOperation,4,547.0
1394688,1,ShardedToInterleavedDeviceOperation,4,539.0
346112,,ShardedToInterleavedDeviceOperation,8,528.0
1383424,1,ShardedToInterleavedDeviceOperation,8,527.0
1381376,1,ShardedToInterleavedDeviceOperation,8,518.0
642048,,BinaryNgDeviceOperation,64,515.0
998400,,BinaryNgDeviceOperation,64,501.0
1068032,,BinaryNgDeviceOperation,64,499.0
580608,,BinaryNgDeviceOperation,64,497.0
502784,,BinaryNgDeviceOperation,64,495.0
441344,,BinaryNgDeviceOperation,64,493.0
920576,,BinaryNgDeviceOperation,64,492.0
433152,,BinaryNgDeviceOperation,64,490.0
467968,,BinaryNgDeviceOperation,64,490.0
928768,,BinaryNgDeviceOperation,64,490.0
781312,,BinaryNgDeviceOperation,64,489.0
1276928,,BinaryNgDeviceOperation,64,488.0
1338368,,BinaryNgDeviceOperation,64,488.0
1094656,,BinaryNgDeviceOperation,64,487.0
545792,,BinaryNgDeviceOperation,64,484.0
816128,,BinaryNgDeviceOperation,64,484.0
572416,,BinaryNgDeviceOperation,64,483.0
955392,,BinaryNgDeviceOperation,64,483.0
1102848,,BinaryNgDeviceOperation,64,483.0
1311744,,BinaryNgDeviceOperation,64,483.0
676864,,BinaryNgDeviceOperation,64,482.0
1129472,,BinaryNgDeviceOperation,64,482.0
510976,,BinaryNgDeviceOperation,64,481.0
607232,,BinaryNgDeviceOperation,64,481.0
859136,,BinaryNgDeviceOperation,64,480.0
1268736,,BinaryNgDeviceOperation,64,480.0
824320,,BinaryNgDeviceOperation,64,479.0
990208,,BinaryNgDeviceOperation,64,479.0
537600,,BinaryNgDeviceOperation,64,478.0
685056,,BinaryNgDeviceOperation,64,478.0
893952,,BinaryNgDeviceOperation,64,478.0
1233920,,BinaryNgDeviceOperation,64,478.0
1242112,,BinaryNgDeviceOperation,64,478.0
1303552,,BinaryNgDeviceOperation,64,478.0
476160,,BinaryNgDeviceOperation,64,477.0
711680,,BinaryNgDeviceOperation,64,477.0
746496,,BinaryNgDeviceOperation,64,477.0
850944,,BinaryNgDeviceOperation,64,477.0
1199104,,BinaryNgDeviceOperation,64,477.0
885760,,BinaryNgDeviceOperation,64,476.0
1059840,,BinaryNgDeviceOperation,64,476.0
1137664,,BinaryNgDeviceOperation,64,476.0
1207296,,BinaryNgDeviceOperation,64,476.0
615424,,BinaryNgDeviceOperation,64,475.0
963584,,BinaryNgDeviceOperation,64,475.0
1025024,,BinaryNgDeviceOperation,64,475.0
1172480,,BinaryNgDeviceOperation,64,475.0
789504,,BinaryNgDeviceOperation,64,474.0
1033216,,BinaryNgDeviceOperation,64,474.0
1346560,,BinaryNgDeviceOperation,64,474.0
719872,,BinaryNgDeviceOperation,64,472.0
650240,,BinaryNgDeviceOperation,64,471.0
754688,,BinaryNgDeviceOperation,64,471.0
1164288,,BinaryNgDeviceOperation,64,468.0
