op_id,replay,op_name,cores,duration_ns
1185792,,ArgMaxDeviceOperation,64,2627166.0
2122752,1,ArgMaxDeviceOperation,64,2624022.0
2119680,1,MatmulDeviceOperation,64,2299148.0
1182720,,MatmulDeviceOperation,64,2270516.0
192512,,CopyDeviceOperation,64,461906.0
236544,,CopyDeviceOperation,64,449394.0
185344,,CopyDeviceOperation,64,439570.0
141312,,CopyDeviceOperation,64,438484.0
220160,,CopyDeviceOperation,64,437188.0
235520,,CopyDeviceOperation,64,436271.0
222208,,CopyDeviceOperation,64,436140.0
186368,,CopyDeviceOperation,64,434116.0
167936,,CopyDeviceOperation,64,432549.0
175104,,CopyDeviceOperation,64,432223.0
187392,,CopyDeviceOperation,64,431007.0
247808,,CopyDeviceOperation,64,430214.0
147456,,CopyDeviceOperation,64,429954.0
248832,,CopyDeviceOperation,64,429809.0
228352,,CopyDeviceOperation,64,426574.0
212992,,CopyDeviceOperation,64,425682.0
193536,,CopyDeviceOperation,64,425281.0
168960,,CopyDeviceOperation,64,425191.0
182272,,CopyDeviceOperation,64,424703.0
138240,,CopyDeviceOperation,64,424461.0
184320,,CopyDeviceOperation,64,423936.0
242688,,CopyDeviceOperation,64,422659.0
157696,,CopyDeviceOperation,64,421888.0
190464,,CopyDeviceOperation,64,421788.0
204800,,CopyDeviceOperation,64,421678.0
241664,,CopyDeviceOperation,64,421195.0
151552,,CopyDeviceOperation,64,420805.0
240640,,CopyDeviceOperation,64,420718.0
177152,,CopyDeviceOperation,64,419994.0
149504,,CopyDeviceOperation,64,419906.0
239616,,CopyDeviceOperation,64,417536.0
203776,,CopyDeviceOperation,64,417421.0
161792,,CopyDeviceOperation,64,417288.0
163840,,CopyDeviceOperation,64,417174.0
216064,,CopyDeviceOperation,64,416348.0
142336,,CopyDeviceOperation,64,416341.0
189440,,CopyDeviceOperation,64,416079.0
211968,,CopyDeviceOperation,64,415383.0
172032,,CopyDeviceOperation,64,414092.0
198656,,CopyDeviceOperation,64,411858.0
214016,,CopyDeviceOperation,64,411358.0
164864,,CopyDeviceOperation,64,410916.0
158720,,CopyDeviceOperation,64,410661.0
195584,,CopyDeviceOperation,64,410536.0
154624,,CopyDeviceOperation,64,408981.0
202752,,CopyDeviceOperation,64,407261.0
169984,,CopyDeviceOperation,64,405718.0
245760,,CopyDeviceOperation,64,404992.0
233472,,CopyDeviceOperation,64,400578.0
219136,,CopyDeviceOperation,64,399870.0
209920,,CopyDeviceOperation,64,398789.0
155648,,CopyDeviceOperation,64,398708.0
145408,,CopyDeviceOperation,64,398092.0
152576,,CopyDeviceOperation,64,395472.0
208896,,CopyDeviceOperation,64,395464.0
237568,,CopyDeviceOperation,64,394621.0
217088,,CopyDeviceOperation,64,394544.0
181248,,CopyDeviceOperation,64,393437.0
188416,,CopyDeviceOperation,64,393058.0
148480,,CopyDeviceOperation,64,392168.0
201728,,CopyDeviceOperation,64,391746.0
238592,,CopyDeviceOperation,64,391203.0
153600,,CopyDeviceOperation,64,390493.0
139264,,CopyDeviceOperation,64,389380.0
179200,,CopyDeviceOperation,64,387453.0
191488,,CopyDeviceOperation,64,386510.0
166912,,CopyDeviceOperation,64,239158.0
223232,,CopyDeviceOperation,64,238683.0
143360,,CopyDeviceOperation,64,238224.0
232448,,CopyDeviceOperation,64,237799.0
225280,,CopyDeviceOperation,64,237131.0
224256,,CopyDeviceOperation,64,237001.0
218112,,CopyDeviceOperation,64,236953.0
183296,,CopyDeviceOperation,64,235495.0
205824,,CopyDeviceOperation,64,235472.0
180224,,CopyDeviceOperation,64,235030.0
199680,,CopyDeviceOperation,64,234298.0
159744,,CopyDeviceOperation,64,233490.0
150528,,CopyDeviceOperation,64,232940.0
215040,,CopyDeviceOperation,64,232589.0
231424,,CopyDeviceOperation,64,232384.0
140288,,CopyDeviceOperation,64,232283.0
146432,,CopyDeviceOperation,64,231837.0
194560,,CopyDeviceOperation,64,230840.0
221184,,CopyDeviceOperation,64,230408.0
174080,,CopyDeviceOperation,64,230235.0
229376,,CopyDeviceOperation,64,228839.0
162816,,CopyDeviceOperation,64,228167.0
230400,,InterleavedToShardedDeviceOperation,12,169262.0
165888,,InterleavedToShardedDeviceOperation,12,168610.0
243712,,InterleavedToShardedDeviceOperation,12,168460.0
210944,,InterleavedToShardedDeviceOperation,12,168434.0
144384,,InterleavedToShardedDeviceOperation,12,168057.0
197632,,InterleavedToShardedDeviceOperation,12,167631.0
178176,,InterleavedToShardedDeviceOperation,12,167368.0
156672,,InterleavedToShardedDeviceOperation,12,167313.0
226304,,InterleavedToShardedDeviceOperation,12,167308.0
171008,,InterleavedToShardedDeviceOperation,12,166803.0
173056,,InterleavedToShardedDeviceOperation,12,166682.0
234496,,InterleavedToShardedDeviceOperation,12,166676.0
207872,,InterleavedToShardedDeviceOperation,12,166600.0
160768,,InterleavedToShardedDeviceOperation,12,166592.0
244736,,InterleavedToShardedDeviceOperation,12,166362.0
227328,,InterleavedToShardedDeviceOperation,12,166308.0
206848,,InterleavedToShardedDeviceOperation,12,165959.0
196608,,InterleavedToShardedDeviceOperation,12,165888.0
200704,,InterleavedToShardedDeviceOperation,12,165862.0
137216,,InterleavedToShardedDeviceOperation,12,165744.0
176128,,InterleavedToShardedDeviceOperation,12,165499.0
246784,,InterleavedToShardedDeviceOperation,12,164185.0
2110464,1,MatmulDeviceOperation,64,134096.0
1551360,1,MatmulDeviceOperation,64,134002.0
1631232,1,MatmulDeviceOperation,64,133945.0
1870848,1,MatmulDeviceOperation,64,133887.0
2030592,1,MatmulDeviceOperation,64,133881.0
1990656,1,MatmulDeviceOperation,64,133859.0
1591296,1,MatmulDeviceOperation,64,133845.0
1471488,1,MatmulDeviceOperation,64,133766.0
1271808,1,MatmulDeviceOperation,64,133619.0
1351680,1,MatmulDeviceOperation,64,133570.0
2070528,1,MatmulDeviceOperation,64,133533.0
1311744,1,MatmulDeviceOperation,64,133450.0
1671168,1,MatmulDeviceOperation,64,133388.0
1711104,1,MatmulDeviceOperation,64,133014.0
1830912,1,MatmulDeviceOperation,64,132774.0
1950720,1,MatmulDeviceOperation,64,132595.0
2069504,1,MatmulDeviceOperation,64,132556.0
1350656,1,MatmulDeviceOperation,64,132270.0
1989632,1,MatmulDeviceOperation,64,132236.0
1013760,,MatmulDeviceOperation,64,132190.0
1550336,1,MatmulDeviceOperation,64,132079.0
1470464,1,MatmulDeviceOperation,64,132032.0
1869824,1,MatmulDeviceOperation,64,131991.0
533504,,MatmulDeviceOperation,64,131949.0
2029568,1,MatmulDeviceOperation,64,131926.0
1590272,1,MatmulDeviceOperation,64,131897.0
1670144,1,MatmulDeviceOperation,64,131865.0
374784,,MatmulDeviceOperation,64,131843.0
454656,,MatmulDeviceOperation,64,131835.0
534528,,MatmulDeviceOperation,64,131828.0
2109440,1,MatmulDeviceOperation,64,131818.0
573440,,MatmulDeviceOperation,64,131713.0
1630208,1,MatmulDeviceOperation,64,131684.0
693248,,MatmulDeviceOperation,64,131666.0
973824,,MatmulDeviceOperation,64,131644.0
733184,,MatmulDeviceOperation,64,131637.0
1172480,,MatmulDeviceOperation,64,131636.0
1750016,1,MatmulDeviceOperation,64,131628.0
1270784,1,MatmulDeviceOperation,64,131614.0
654336,,MatmulDeviceOperation,64,131588.0
1310720,1,MatmulDeviceOperation,64,131570.0
494592,,MatmulDeviceOperation,64,131548.0
453632,,MatmulDeviceOperation,64,131547.0
1093632,,MatmulDeviceOperation,64,131523.0
972800,,MatmulDeviceOperation,64,131517.0
1053696,,MatmulDeviceOperation,64,131508.0
854016,,MatmulDeviceOperation,64,131474.0
932864,,MatmulDeviceOperation,64,131468.0
653312,,MatmulDeviceOperation,64,131465.0
1829888,1,MatmulDeviceOperation,64,131460.0
814080,,MatmulDeviceOperation,64,131444.0
493568,,MatmulDeviceOperation,64,131438.0
1390592,1,MatmulDeviceOperation,64,131424.0
1710080,1,MatmulDeviceOperation,64,131420.0
1910784,1,MatmulDeviceOperation,64,131408.0
1052672,,MatmulDeviceOperation,64,131361.0
893952,,MatmulDeviceOperation,64,131352.0
1012736,,MatmulDeviceOperation,64,131346.0
613376,,MatmulDeviceOperation,64,131328.0
1430528,1,MatmulDeviceOperation,64,131312.0
373760,,MatmulDeviceOperation,64,131310.0
892928,,MatmulDeviceOperation,64,131300.0
333824,,MatmulDeviceOperation,64,131296.0
1510400,1,MatmulDeviceOperation,64,131296.0
933888,,MatmulDeviceOperation,64,131292.0
852992,,MatmulDeviceOperation,64,131283.0
734208,,MatmulDeviceOperation,64,131281.0
414720,,MatmulDeviceOperation,64,131262.0
574464,,MatmulDeviceOperation,64,131249.0
773120,,MatmulDeviceOperation,64,131227.0
1173504,,MatmulDeviceOperation,64,131221.0
334848,,MatmulDeviceOperation,64,131212.0
1949696,1,MatmulDeviceOperation,64,131209.0
694272,,MatmulDeviceOperation,64,131197.0
1092608,,MatmulDeviceOperation,64,131125.0
813056,,MatmulDeviceOperation,64,131118.0
1133568,,MatmulDeviceOperation,64,131106.0
413696,,MatmulDeviceOperation,64,131036.0
1751040,1,MatmulDeviceOperation,64,131028.0
1909760,1,MatmulDeviceOperation,64,130959.0
774144,,MatmulDeviceOperation,64,130940.0
1132544,,MatmulDeviceOperation,64,130901.0
1789952,1,MatmulDeviceOperation,64,130818.0
614400,,MatmulDeviceOperation,64,130744.0
1391616,1,MatmulDeviceOperation,64,130371.0
1431552,1,MatmulDeviceOperation,64,130202.0
1790976,1,MatmulDeviceOperation,64,129836.0
1511424,1,MatmulDeviceOperation,64,129773.0
1796096,1,MatmulDeviceOperation,64,129637.0
1556480,1,MatmulDeviceOperation,64,129277.0
1396736,1,MatmulDeviceOperation,64,129231.0
1955840,1,MatmulDeviceOperation,64,129227.0
1636352,1,MatmulDeviceOperation,64,129171.0
1018880,,MatmulDeviceOperation,64,129053.0
2035712,1,MatmulDeviceOperation,64,129027.0
1596416,1,MatmulDeviceOperation,64,128973.0
2075648,1,MatmulDeviceOperation,64,128945.0
619520,,MatmulDeviceOperation,64,128866.0
419840,,MatmulDeviceOperation,64,128788.0
1995776,1,MatmulDeviceOperation,64,128784.0
1178624,,MatmulDeviceOperation,64,128758.0
1098752,,MatmulDeviceOperation,64,128732.0
1716224,1,MatmulDeviceOperation,64,128725.0
1875968,1,MatmulDeviceOperation,64,128720.0
1276928,1,MatmulDeviceOperation,64,128640.0
939008,,MatmulDeviceOperation,64,128633.0
1756160,1,MatmulDeviceOperation,64,128573.0
659456,,MatmulDeviceOperation,64,128571.0
779264,,MatmulDeviceOperation,64,128563.0
1058816,,MatmulDeviceOperation,64,128561.0
1138688,,MatmulDeviceOperation,64,128542.0
2115584,1,MatmulDeviceOperation,64,128506.0
1316864,1,MatmulDeviceOperation,64,128500.0
1356800,1,MatmulDeviceOperation,64,128480.0
539648,,MatmulDeviceOperation,64,128468.0
1436672,1,MatmulDeviceOperation,64,128466.0
1836032,1,MatmulDeviceOperation,64,128428.0
459776,,MatmulDeviceOperation,64,128387.0
819200,,MatmulDeviceOperation,64,128372.0
339968,,MatmulDeviceOperation,64,128311.0
379904,,MatmulDeviceOperation,64,128293.0
739328,,MatmulDeviceOperation,64,128285.0
1516544,1,MatmulDeviceOperation,64,128268.0
1676288,1,MatmulDeviceOperation,64,128245.0
699392,,MatmulDeviceOperation,64,128223.0
859136,,MatmulDeviceOperation,64,128222.0
978944,,MatmulDeviceOperation,64,128176.0
1915904,1,MatmulDeviceOperation,64,128167.0
499712,,MatmulDeviceOperation,64,128132.0
1476608,1,MatmulDeviceOperation,64,128122.0
899072,,MatmulDeviceOperation,64,128106.0
579584,,MatmulDeviceOperation,64,127769.0
2121728,1,UntilizeDeviceOperation,63,118797.0
1184768,,UntilizeDeviceOperation,63,115403.0
94208,,TilizeDeviceOperation,64,95840.0
63488,,TilizeDeviceOperation,64,93336.0
34816,,TilizeDeviceOperation,64,92572.0
16384,,TilizeDeviceOperation,64,92226.0
10240,,TilizeDeviceOperation,64,91658.0
81920,,TilizeDeviceOperation,64,91246.0
96256,,TilizeDeviceOperation,64,91184.0
32768,,TilizeDeviceOperation,64,91146.0
83968,,TilizeDeviceOperation,64,90835.0
124928,,TilizeDeviceOperation,64,90767.0
2048,,TilizeDeviceOperation,64,90341.0
90112,,TilizeDeviceOperation,64,90082.0
126976,,TilizeDeviceOperation,64,89943.0
40960,,TilizeDeviceOperation,64,89860.0
8192,,TilizeDeviceOperation,64,89739.0
120832,,TilizeDeviceOperation,64,89652.0
4096,,TilizeDeviceOperation,64,89581.0
51200,,TilizeDeviceOperation,64,89412.0
112640,,TilizeDeviceOperation,64,89168.0
57344,,TilizeDeviceOperation,64,89093.0
102400,,TilizeDeviceOperation,64,89078.0
133120,,TilizeDeviceOperation,64,88721.0
88064,,TilizeDeviceOperation,64,88649.0
75776,,TilizeDeviceOperation,64,88511.0
22528,,TilizeDeviceOperation,64,88501.0
65536,,TilizeDeviceOperation,64,88338.0
28672,,TilizeDeviceOperation,64,88301.0
59392,,TilizeDeviceOperation,64,88222.0
100352,,TilizeDeviceOperation,64,88007.0
71680,,TilizeDeviceOperation,64,87982.0
106496,,TilizeDeviceOperation,64,87965.0
26624,,TilizeDeviceOperation,64,87803.0
114688,,TilizeDeviceOperation,64,87446.0
47104,,TilizeDeviceOperation,64,87428.0
69632,,TilizeDeviceOperation,64,87378.0
53248,,TilizeDeviceOperation,64,87374.0
45056,,TilizeDeviceOperation,64,87293.0
131072,,TilizeDeviceOperation,64,87263.0
20480,,TilizeDeviceOperation,64,86930.0
38912,,TilizeDeviceOperation,64,86761.0
77824,,TilizeDeviceOperation,64,86667.0
108544,,TilizeDeviceOperation,64,86503.0
14336,,TilizeDeviceOperation,64,86313.0
118784,,TilizeDeviceOperation,64,86253.0
584704,,MatmulDeviceOperation,64,80205.0
1441792,1,MatmulDeviceOperation,64,80120.0
1481728,1,MatmulDeviceOperation,64,80032.0
544768,,MatmulDeviceOperation,64,79922.0
784384,,MatmulDeviceOperation,64,79863.0
704512,,MatmulDeviceOperation,64,79752.0
744448,,MatmulDeviceOperation,64,79746.0
1361920,1,MatmulDeviceOperation,64,79691.0
664576,,MatmulDeviceOperation,64,79682.0
464896,,MatmulDeviceOperation,64,79675.0
1521664,1,MatmulDeviceOperation,64,79668.0
1681408,1,MatmulDeviceOperation,64,79618.0
1200128,1,MatmulDeviceOperation,64,79598.0
1321984,1,MatmulDeviceOperation,64,79595.0
1143808,,MatmulDeviceOperation,64,79587.0
1921024,1,MatmulDeviceOperation,64,79583.0
1801216,1,MatmulDeviceOperation,64,79582.0
2080768,1,MatmulDeviceOperation,64,79573.0
824320,,MatmulDeviceOperation,64,79554.0
1721344,1,MatmulDeviceOperation,64,79542.0
1841152,1,MatmulDeviceOperation,64,79412.0
1601536,1,MatmulDeviceOperation,64,79343.0
984064,,MatmulDeviceOperation,64,79304.0
944128,,MatmulDeviceOperation,64,79282.0
1561600,1,MatmulDeviceOperation,64,79214.0
904192,,MatmulDeviceOperation,64,79162.0
504832,,MatmulDeviceOperation,64,79143.0
1282048,1,MatmulDeviceOperation,64,79140.0
1761280,1,MatmulDeviceOperation,64,79129.0
1401856,1,MatmulDeviceOperation,64,79120.0
424960,,MatmulDeviceOperation,64,79091.0
1063936,,MatmulDeviceOperation,64,79040.0
385024,,MatmulDeviceOperation,64,79026.0
1881088,1,MatmulDeviceOperation,64,79018.0
2000896,1,MatmulDeviceOperation,64,78895.0
1641472,1,MatmulDeviceOperation,64,78878.0
1960960,1,MatmulDeviceOperation,64,78850.0
624640,,MatmulDeviceOperation,64,78844.0
864256,,MatmulDeviceOperation,64,78814.0
1024000,,MatmulDeviceOperation,64,78743.0
263168,,MatmulDeviceOperation,64,78580.0
345088,,MatmulDeviceOperation,64,78561.0
1103872,,MatmulDeviceOperation,64,78551.0
2040832,1,MatmulDeviceOperation,64,78339.0
1249280,1,SdpaDecodeDeviceOperation,64,71597.0
837632,,SdpaDecodeDeviceOperation,64,71346.0
518144,,SdpaDecodeDeviceOperation,64,71264.0
1037312,,SdpaDecodeDeviceOperation,64,71233.0
677888,,SdpaDecodeDeviceOperation,64,71026.0
438272,,SdpaDecodeDeviceOperation,64,70851.0
1335296,1,SdpaDecodeDeviceOperation,64,70734.0
46080,,TypecastDeviceOperation,64,70679.0
478208,,SdpaDecodeDeviceOperation,64,70580.0
1295360,1,SdpaDecodeDeviceOperation,64,70546.0
797696,,SdpaDecodeDeviceOperation,64,70521.0
1077248,,SdpaDecodeDeviceOperation,64,70447.0
717824,,SdpaDecodeDeviceOperation,64,70364.0
2014208,1,SdpaDecodeDeviceOperation,64,70351.0
76800,,TypecastDeviceOperation,64,70312.0
358400,,SdpaDecodeDeviceOperation,64,70271.0
312320,,SdpaDecodeDeviceOperation,64,70144.0
84992,,TypecastDeviceOperation,64,70136.0
1455104,1,SdpaDecodeDeviceOperation,64,70086.0
917504,,SdpaDecodeDeviceOperation,64,69980.0
1157120,,SdpaDecodeDeviceOperation,64,69974.0
637952,,SdpaDecodeDeviceOperation,64,69963.0
1415168,1,SdpaDecodeDeviceOperation,64,69908.0
1654784,1,SdpaDecodeDeviceOperation,64,69902.0
957440,,SdpaDecodeDeviceOperation,64,69838.0
1894400,1,SdpaDecodeDeviceOperation,64,69794.0
64512,,TypecastDeviceOperation,64,69784.0
15360,,TypecastDeviceOperation,64,69696.0
95232,,TypecastDeviceOperation,64,69690.0
113664,,TypecastDeviceOperation,64,69605.0
5120,,TypecastDeviceOperation,64,69594.0
23552,,TypecastDeviceOperation,64,69585.0
1814528,1,SdpaDecodeDeviceOperation,64,69585.0
125952,,TypecastDeviceOperation,64,69574.0
877568,,SdpaDecodeDeviceOperation,64,69542.0
27648,,TypecastDeviceOperation,64,69517.0
997376,,SdpaDecodeDeviceOperation,64,69480.0
103424,,TypecastDeviceOperation,64,69479.0
558080,,SdpaDecodeDeviceOperation,64,69470.0
134144,,TypecastDeviceOperation,64,69460.0
1495040,1,SdpaDecodeDeviceOperation,64,69349.0
1117184,,SdpaDecodeDeviceOperation,64,69313.0
21504,,TypecastDeviceOperation,64,69263.0
72704,,TypecastDeviceOperation,64,69241.0
598016,,SdpaDecodeDeviceOperation,64,69239.0
41984,,TypecastDeviceOperation,64,69178.0
2054144,1,SdpaDecodeDeviceOperation,64,69178.0
757760,,SdpaDecodeDeviceOperation,64,69150.0
2094080,1,SdpaDecodeDeviceOperation,64,69136.0
17408,,TypecastDeviceOperation,64,69111.0
1974272,1,SdpaDecodeDeviceOperation,64,69063.0
66560,,TypecastDeviceOperation,64,69058.0
3072,,TypecastDeviceOperation,64,69019.0
35840,,TypecastDeviceOperation,64,69008.0
1854464,1,SdpaDecodeDeviceOperation,64,68966.0
1694720,1,SdpaDecodeDeviceOperation,64,68843.0
115712,,TypecastDeviceOperation,64,68839.0
1614848,1,SdpaDecodeDeviceOperation,64,68809.0
9216,,TypecastDeviceOperation,64,68748.0
398336,,SdpaDecodeDeviceOperation,64,68687.0
128000,,TypecastDeviceOperation,64,68647.0
91136,,TypecastDeviceOperation,64,68645.0
101376,,TypecastDeviceOperation,64,68609.0
121856,,TypecastDeviceOperation,64,68551.0
82944,,TypecastDeviceOperation,64,68500.0
97280,,TypecastDeviceOperation,64,68465.0
58368,,TypecastDeviceOperation,64,68421.0
109568,,TypecastDeviceOperation,64,68416.0
39936,,TypecastDeviceOperation,64,68372.0
1934336,1,SdpaDecodeDeviceOperation,64,68253.0
54272,,TypecastDeviceOperation,64,68212.0
119808,,TypecastDeviceOperation,64,68204.0
1375232,1,SdpaDecodeDeviceOperation,64,68196.0
1574912,1,SdpaDecodeDeviceOperation,64,68169.0
33792,,TypecastDeviceOperation,64,68113.0
60416,,TypecastDeviceOperation,64,68107.0
78848,,TypecastDeviceOperation,64,68072.0
70656,,TypecastDeviceOperation,64,68036.0
52224,,TypecastDeviceOperation,64,67977.0
48128,,TypecastDeviceOperation,64,67970.0
1774592,1,SdpaDecodeDeviceOperation,64,67964.0
132096,,TypecastDeviceOperation,64,67927.0
107520,,TypecastDeviceOperation,64,67833.0
1534976,1,SdpaDecodeDeviceOperation,64,67628.0
29696,,TypecastDeviceOperation,64,67595.0
11264,,TypecastDeviceOperation,64,67407.0
89088,,TypecastDeviceOperation,64,67366.0
1734656,1,SdpaDecodeDeviceOperation,64,67151.0
1183744,,ShardedToInterleavedDeviceOperation,64,60195.0
2120704,1,ShardedToInterleavedDeviceOperation,64,58761.0
1304576,1,MatmulDeviceOperation,64,47833.0
1464320,1,MatmulDeviceOperation,64,47778.0
1903616,1,MatmulDeviceOperation,64,47764.0
1664000,1,MatmulDeviceOperation,64,47758.0
1504256,1,MatmulDeviceOperation,64,47722.0
487424,,MatmulDeviceOperation,64,47651.0
1384448,1,MatmulDeviceOperation,64,47588.0
806912,,MatmulDeviceOperation,64,47530.0
1264640,1,MatmulDeviceOperation,64,47522.0
1544192,1,MatmulDeviceOperation,64,47500.0
1943552,1,MatmulDeviceOperation,64,47461.0
2103296,1,MatmulDeviceOperation,64,47421.0
1983488,1,MatmulDeviceOperation,64,47408.0
886784,,MatmulDeviceOperation,64,47399.0
1823744,1,MatmulDeviceOperation,64,47392.0
687104,,MatmulDeviceOperation,64,47389.0
1046528,,MatmulDeviceOperation,64,47376.0
966656,,MatmulDeviceOperation,64,47357.0
607232,,MatmulDeviceOperation,64,47326.0
1126400,,MatmulDeviceOperation,64,47323.0
926720,,MatmulDeviceOperation,64,47320.0
1624064,1,MatmulDeviceOperation,64,47260.0
1166336,,MatmulDeviceOperation,64,47216.0
1584128,1,MatmulDeviceOperation,64,47160.0
1344512,1,MatmulDeviceOperation,64,47155.0
846848,,MatmulDeviceOperation,64,47150.0
1863680,1,MatmulDeviceOperation,64,47102.0
527360,,MatmulDeviceOperation,64,47096.0
1703936,1,MatmulDeviceOperation,64,47078.0
1783808,1,MatmulDeviceOperation,64,47056.0
2063360,1,MatmulDeviceOperation,64,47032.0
1743872,1,MatmulDeviceOperation,64,47004.0
367616,,MatmulDeviceOperation,64,46903.0
447488,,MatmulDeviceOperation,64,46893.0
407552,,MatmulDeviceOperation,64,46885.0
567296,,MatmulDeviceOperation,64,46845.0
1086464,,MatmulDeviceOperation,64,46804.0
1424384,1,MatmulDeviceOperation,64,46747.0
2023424,1,MatmulDeviceOperation,64,46678.0
766976,,MatmulDeviceOperation,64,46653.0
327680,,MatmulDeviceOperation,64,46639.0
727040,,MatmulDeviceOperation,64,46515.0
1006592,,MatmulDeviceOperation,64,46492.0
647168,,MatmulDeviceOperation,64,46416.0
1196032,1,EmbeddingsDeviceOperation,1,29960.0
259072,,EmbeddingsDeviceOperation,1,29554.0
321536,,TernaryDeviceOperation,64,27943.0
720896,,TernaryDeviceOperation,64,27773.0
641024,,TernaryDeviceOperation,64,27743.0
1160192,,TernaryDeviceOperation,64,27740.0
840704,,TernaryDeviceOperation,64,27710.0
441344,,TernaryDeviceOperation,64,27697.0
920576,,TernaryDeviceOperation,64,27674.0
401408,,TernaryDeviceOperation,64,27653.0
601088,,TernaryDeviceOperation,64,27635.0
1040384,,TernaryDeviceOperation,64,27625.0
1080320,,TernaryDeviceOperation,64,27618.0
1120256,,TernaryDeviceOperation,64,27551.0
521216,,TernaryDeviceOperation,64,27545.0
880640,,TernaryDeviceOperation,64,27542.0
361472,,TernaryDeviceOperation,64,27538.0
680960,,TernaryDeviceOperation,64,27534.0
800768,,TernaryDeviceOperation,64,27533.0
960512,,TernaryDeviceOperation,64,27509.0
481280,,TernaryDeviceOperation,64,27477.0
561152,,TernaryDeviceOperation,64,27469.0
760832,,TernaryDeviceOperation,64,27374.0
1000448,,TernaryDeviceOperation,64,27369.0
2097152,1,TernaryDeviceOperation,64,27320.0
1817600,1,TernaryDeviceOperation,64,26662.0
2057216,1,TernaryDeviceOperation,64,26652.0
1418240,1,TernaryDeviceOperation,64,26646.0
1338368,1,TernaryDeviceOperation,64,26617.0
1897472,1,TernaryDeviceOperation,64,26476.0
1737728,1,TernaryDeviceOperation,64,26427.0
1577984,1,TernaryDeviceOperation,64,26369.0
1977344,1,TernaryDeviceOperation,64,26357.0
1937408,1,TernaryDeviceOperation,64,26320.0
1657856,1,TernaryDeviceOperation,64,26285.0
1697792,1,TernaryDeviceOperation,64,26255.0
2017280,1,TernaryDeviceOperation,64,26254.0
1258496,1,TernaryDeviceOperation,64,26223.0
1498112,1,TernaryDeviceOperation,64,26222.0
1298432,1,TernaryDeviceOperation,64,26204.0
1378304,1,TernaryDeviceOperation,64,26162.0
1777664,1,TernaryDeviceOperation,64,26139.0
1458176,1,TernaryDeviceOperation,64,26110.0
1857536,1,TernaryDeviceOperation,64,26102.0
1617920,1,TernaryDeviceOperation,64,26066.0
1538048,1,TernaryDeviceOperation,64,25893.0
1229824,1,TernaryDeviceOperation,64,25127.0
292864,,TernaryDeviceOperation,64,24931.0
1147904,,RotaryEmbeddingDeviceOperation,32,21782.0
793600,,RotaryEmbeddingDeviceOperation,32,21653.0
633856,,RotaryEmbeddingDeviceOperation,32,21628.0
753664,,RotaryEmbeddingDeviceOperation,32,21565.0
514048,,RotaryEmbeddingDeviceOperation,32,21551.0
788480,,RotaryEmbeddingDeviceOperation,32,21506.0
548864,,RotaryEmbeddingDeviceOperation,32,21454.0
628736,,RotaryEmbeddingDeviceOperation,32,21441.0
1068032,,RotaryEmbeddingDeviceOperation,32,21430.0
1113088,,RotaryEmbeddingDeviceOperation,32,21428.0
349184,,RotaryEmbeddingDeviceOperation,32,21397.0
713728,,RotaryEmbeddingDeviceOperation,32,21392.0
394240,,RotaryEmbeddingDeviceOperation,32,21354.0
673792,,RotaryEmbeddingDeviceOperation,32,21314.0
1107968,,RotaryEmbeddingDeviceOperation,32,21299.0
913408,,RotaryEmbeddingDeviceOperation,32,21296.0
389120,,RotaryEmbeddingDeviceOperation,32,21270.0
508928,,RotaryEmbeddingDeviceOperation,32,21203.0
908288,,RotaryEmbeddingDeviceOperation,32,21201.0
588800,,RotaryEmbeddingDeviceOperation,32,21160.0
868352,,RotaryEmbeddingDeviceOperation,32,21152.0
553984,,RotaryEmbeddingDeviceOperation,32,21103.0
1153024,,RotaryEmbeddingDeviceOperation,32,21103.0
993280,,RotaryEmbeddingDeviceOperation,32,21100.0
668672,,RotaryEmbeddingDeviceOperation,32,21087.0
474112,,RotaryEmbeddingDeviceOperation,32,21086.0
708608,,RotaryEmbeddingDeviceOperation,32,21009.0
953344,,RotaryEmbeddingDeviceOperation,32,20995.0
593920,,RotaryEmbeddingDeviceOperation,32,20992.0
1033216,,RotaryEmbeddingDeviceOperation,32,20987.0
988160,,RotaryEmbeddingDeviceOperation,32,20981.0
873472,,RotaryEmbeddingDeviceOperation,32,20942.0
429056,,RotaryEmbeddingDeviceOperation,32,20927.0
948224,,RotaryEmbeddingDeviceOperation,32,20899.0
828416,,RotaryEmbeddingDeviceOperation,32,20894.0
468992,,RotaryEmbeddingDeviceOperation,32,20862.0
1073152,,RotaryEmbeddingDeviceOperation,32,20855.0
748544,,RotaryEmbeddingDeviceOperation,32,20833.0
354304,,RotaryEmbeddingDeviceOperation,32,20722.0
1028096,,RotaryEmbeddingDeviceOperation,32,20599.0
833536,,RotaryEmbeddingDeviceOperation,32,20597.0
434176,,RotaryEmbeddingDeviceOperation,32,20568.0
1244160,1,TilizeWithValPaddingDeviceOperation,32,19762.0
307200,,TilizeWithValPaddingDeviceOperation,32,19391.0
1725440,1,RotaryEmbeddingDeviceOperation,32,18929.0
1850368,1,RotaryEmbeddingDeviceOperation,32,18852.0
1451008,1,RotaryEmbeddingDeviceOperation,32,18786.0
1525760,1,RotaryEmbeddingDeviceOperation,32,18760.0
1291264,1,RotaryEmbeddingDeviceOperation,32,18707.0
1810432,1,RotaryEmbeddingDeviceOperation,32,18549.0
1331200,1,RotaryEmbeddingDeviceOperation,32,18455.0
1845248,1,RotaryEmbeddingDeviceOperation,32,18450.0
1925120,1,RotaryEmbeddingDeviceOperation,32,18431.0
1770496,1,RotaryEmbeddingDeviceOperation,32,18353.0
1970176,1,RotaryEmbeddingDeviceOperation,32,18342.0
1485824,1,RotaryEmbeddingDeviceOperation,32,18241.0
1890304,1,RotaryEmbeddingDeviceOperation,32,18213.0
1605632,1,RotaryEmbeddingDeviceOperation,32,18160.0
2044928,1,RotaryEmbeddingDeviceOperation,32,18158.0
1570816,1,RotaryEmbeddingDeviceOperation,32,18156.0
1530880,1,RotaryEmbeddingDeviceOperation,32,18089.0
2004992,1,RotaryEmbeddingDeviceOperation,32,18047.0
1930240,1,RotaryEmbeddingDeviceOperation,32,17960.0
1445888,1,RotaryEmbeddingDeviceOperation,32,17907.0
1645568,1,RotaryEmbeddingDeviceOperation,32,17875.0
1610752,1,RotaryEmbeddingDeviceOperation,32,17859.0
1885184,1,RotaryEmbeddingDeviceOperation,32,17842.0
2010112,1,RotaryEmbeddingDeviceOperation,32,17793.0
1565696,1,RotaryEmbeddingDeviceOperation,32,17744.0
284672,,RotaryEmbeddingDeviceOperation,32,17693.0
1730560,1,RotaryEmbeddingDeviceOperation,32,17678.0
2089984,1,RotaryEmbeddingDeviceOperation,32,17665.0
1405952,1,RotaryEmbeddingDeviceOperation,32,17623.0
1286144,1,RotaryEmbeddingDeviceOperation,32,17619.0
1650688,1,RotaryEmbeddingDeviceOperation,32,17588.0
1690624,1,RotaryEmbeddingDeviceOperation,32,17587.0
301056,,RotaryEmbeddingDeviceOperation,32,17580.0
1490944,1,RotaryEmbeddingDeviceOperation,32,17561.0
1326080,1,RotaryEmbeddingDeviceOperation,32,17516.0
1805312,1,RotaryEmbeddingDeviceOperation,32,17512.0
1765376,1,RotaryEmbeddingDeviceOperation,32,17485.0
2084864,1,RotaryEmbeddingDeviceOperation,32,17469.0
1685504,1,RotaryEmbeddingDeviceOperation,32,17425.0
1371136,1,RotaryEmbeddingDeviceOperation,32,17408.0
1238016,1,RotaryEmbeddingDeviceOperation,32,17348.0
1411072,1,RotaryEmbeddingDeviceOperation,32,17345.0
1221632,1,RotaryEmbeddingDeviceOperation,32,17344.0
1366016,1,RotaryEmbeddingDeviceOperation,32,17260.0
1965056,1,RotaryEmbeddingDeviceOperation,32,17207.0
2050048,1,RotaryEmbeddingDeviceOperation,32,17150.0
1225728,1,PagedUpdateCacheDeviceOperation,32,16650.0
257024,,ReshapeViewDeviceOperation,64,16286.0
1193984,1,ReshapeViewDeviceOperation,64,16186.0
1290240,1,PagedUpdateCacheDeviceOperation,32,15566.0
1729536,1,PagedUpdateCacheDeviceOperation,32,15563.0
1325056,1,PagedUpdateCacheDeviceOperation,32,15412.0
1404928,1,PagedUpdateCacheDeviceOperation,32,15359.0
2043904,1,PagedUpdateCacheDeviceOperation,32,15307.0
1849344,1,PagedUpdateCacheDeviceOperation,32,15232.0
2003968,1,PagedUpdateCacheDeviceOperation,32,15208.0
2088960,1,PagedUpdateCacheDeviceOperation,32,15164.0
1330176,1,PagedUpdateCacheDeviceOperation,32,15107.0
1844224,1,PagedUpdateCacheDeviceOperation,32,15085.0
792576,,PagedUpdateCacheDeviceOperation,32,14825.0
1569792,1,PagedUpdateCacheDeviceOperation,32,14806.0
752640,,PagedUpdateCacheDeviceOperation,32,14774.0
1370112,1,PagedUpdateCacheDeviceOperation,32,14762.0
1769472,1,PagedUpdateCacheDeviceOperation,32,14723.0
1072128,,PagedUpdateCacheDeviceOperation,32,14706.0
712704,,PagedUpdateCacheDeviceOperation,32,14663.0
552960,,PagedUpdateCacheDeviceOperation,32,14639.0
1649664,1,PagedUpdateCacheDeviceOperation,32,14608.0
1484800,1,PagedUpdateCacheDeviceOperation,32,14596.0
1364992,1,PagedUpdateCacheDeviceOperation,32,14586.0
1106944,,PagedUpdateCacheDeviceOperation,32,14578.0
592896,,PagedUpdateCacheDeviceOperation,32,14561.0
1924096,1,PagedUpdateCacheDeviceOperation,32,14517.0
1269760,1,LayerNormDeviceOperation,8,14471.0
1285120,1,PagedUpdateCacheDeviceOperation,32,14470.0
547840,,PagedUpdateCacheDeviceOperation,32,14457.0
827392,,PagedUpdateCacheDeviceOperation,32,14408.0
2009088,1,PagedUpdateCacheDeviceOperation,32,14386.0
832512,,PagedUpdateCacheDeviceOperation,32,14373.0
1444864,1,PagedUpdateCacheDeviceOperation,32,14364.0
1204224,1,PagedUpdateCacheDeviceOperation,32,14360.0
1724416,1,PagedUpdateCacheDeviceOperation,32,14354.0
1964032,1,PagedUpdateCacheDeviceOperation,32,14334.0
952320,,PagedUpdateCacheDeviceOperation,32,14316.0
1644544,1,PagedUpdateCacheDeviceOperation,32,14314.0
747520,,PagedUpdateCacheDeviceOperation,32,14302.0
912384,,PagedUpdateCacheDeviceOperation,32,14302.0
987136,,PagedUpdateCacheDeviceOperation,32,14285.0
1524736,1,PagedUpdateCacheDeviceOperation,32,14273.0
1564672,1,PagedUpdateCacheDeviceOperation,32,14216.0
1146880,,PagedUpdateCacheDeviceOperation,32,14211.0
428032,,PagedUpdateCacheDeviceOperation,32,14198.0
1152000,,PagedUpdateCacheDeviceOperation,32,14187.0
907264,,PagedUpdateCacheDeviceOperation,32,14177.0
513024,,PagedUpdateCacheDeviceOperation,32,14176.0
1684480,1,PagedUpdateCacheDeviceOperation,32,14166.0
587776,,PagedUpdateCacheDeviceOperation,32,14122.0
1512448,1,BinaryNgDeviceOperation,64,14118.0
1792000,1,BinaryNgDeviceOperation,64,14117.0
267264,,PagedUpdateCacheDeviceOperation,32,14110.0
1432576,1,BinaryNgDeviceOperation,64,14103.0
1911808,1,BinaryNgDeviceOperation,64,14100.0
2111488,1,BinaryNgDeviceOperation,64,14099.0
1604608,1,PagedUpdateCacheDeviceOperation,32,14098.0
1392640,1,BinaryNgDeviceOperation,64,14096.0
1672192,1,BinaryNgDeviceOperation,64,14095.0
1831936,1,BinaryNgDeviceOperation,64,14092.0
1352704,1,BinaryNgDeviceOperation,64,14087.0
1752064,1,BinaryNgDeviceOperation,64,14086.0
1712128,1,BinaryNgDeviceOperation,64,14085.0
2071552,1,BinaryNgDeviceOperation,64,14082.0
2031616,1,BinaryNgDeviceOperation,64,14078.0
1632256,1,BinaryNgDeviceOperation,64,14076.0
1272832,1,BinaryNgDeviceOperation,64,14070.0
1951744,1,BinaryNgDeviceOperation,64,14065.0
1592320,1,BinaryNgDeviceOperation,64,14063.0
667648,,PagedUpdateCacheDeviceOperation,32,14061.0
1991680,1,BinaryNgDeviceOperation,64,14060.0
1472512,1,BinaryNgDeviceOperation,64,14055.0
1871872,1,BinaryNgDeviceOperation,64,14053.0
1552384,1,BinaryNgDeviceOperation,64,14052.0
2083840,1,PagedUpdateCacheDeviceOperation,32,14049.0
353280,,PagedUpdateCacheDeviceOperation,32,14045.0
1312768,1,BinaryNgDeviceOperation,64,14044.0
288768,,PagedUpdateCacheDeviceOperation,32,14036.0
934912,,BinaryNgDeviceOperation,64,14033.0
375808,,BinaryNgDeviceOperation,64,14023.0
655360,,BinaryNgDeviceOperation,64,14020.0
1032192,,PagedUpdateCacheDeviceOperation,32,14020.0
775168,,BinaryNgDeviceOperation,64,14018.0
1054720,,BinaryNgDeviceOperation,64,14010.0
735232,,BinaryNgDeviceOperation,64,14007.0
1809408,1,PagedUpdateCacheDeviceOperation,32,14005.0
787456,,PagedUpdateCacheDeviceOperation,32,14001.0
855040,,BinaryNgDeviceOperation,64,14000.0
335872,,BinaryNgDeviceOperation,64,13999.0
974848,,BinaryNgDeviceOperation,64,13999.0
615424,,BinaryNgDeviceOperation,64,13997.0
535552,,BinaryNgDeviceOperation,64,13995.0
1134592,,BinaryNgDeviceOperation,64,13992.0
894976,,BinaryNgDeviceOperation,64,13989.0
815104,,BinaryNgDeviceOperation,64,13982.0
455680,,BinaryNgDeviceOperation,64,13981.0
415744,,BinaryNgDeviceOperation,64,13976.0
575488,,BinaryNgDeviceOperation,64,13972.0
695296,,BinaryNgDeviceOperation,64,13972.0
1014784,,BinaryNgDeviceOperation,64,13971.0
507904,,PagedUpdateCacheDeviceOperation,32,13968.0
495616,,BinaryNgDeviceOperation,64,13964.0
1094656,,BinaryNgDeviceOperation,64,13964.0
1449984,1,PagedUpdateCacheDeviceOperation,32,13962.0
1067008,,PagedUpdateCacheDeviceOperation,32,13961.0
1174528,,BinaryNgDeviceOperation,64,13959.0
1804288,1,PagedUpdateCacheDeviceOperation,32,13940.0
388096,,PagedUpdateCacheDeviceOperation,32,13935.0
632832,,PagedUpdateCacheDeviceOperation,32,13933.0
672768,,PagedUpdateCacheDeviceOperation,32,13886.0
1027072,,PagedUpdateCacheDeviceOperation,32,13874.0
867328,,PagedUpdateCacheDeviceOperation,32,13856.0
473088,,PagedUpdateCacheDeviceOperation,32,13845.0
393216,,PagedUpdateCacheDeviceOperation,32,13834.0
2049024,1,PagedUpdateCacheDeviceOperation,32,13810.0
1884160,1,PagedUpdateCacheDeviceOperation,32,13799.0
992256,,PagedUpdateCacheDeviceOperation,32,13793.0
433152,,PagedUpdateCacheDeviceOperation,32,13766.0
348160,,PagedUpdateCacheDeviceOperation,32,13762.0
872448,,PagedUpdateCacheDeviceOperation,32,13761.0
1410048,1,PagedUpdateCacheDeviceOperation,32,13757.0
1889280,1,PagedUpdateCacheDeviceOperation,32,13754.0
627712,,PagedUpdateCacheDeviceOperation,32,13748.0
1489920,1,PagedUpdateCacheDeviceOperation,32,13664.0
1609728,1,PagedUpdateCacheDeviceOperation,32,13650.0
947200,,PagedUpdateCacheDeviceOperation,32,13597.0
1456128,1,TypecastDeviceOperation,64,13563.0
1112064,,PagedUpdateCacheDeviceOperation,32,13553.0
1232896,1,TilizeWithValPaddingDeviceOperation,32,13546.0
1969152,1,PagedUpdateCacheDeviceOperation,32,13540.0
1764352,1,PagedUpdateCacheDeviceOperation,32,13483.0
467968,,PagedUpdateCacheDeviceOperation,32,13475.0
1935360,1,TypecastDeviceOperation,64,13474.0
1855488,1,TypecastDeviceOperation,64,13463.0
1735680,1,TypecastDeviceOperation,64,13458.0
295936,,TilizeWithValPaddingDeviceOperation,32,13392.0
958464,,TypecastDeviceOperation,64,13384.0
1416192,1,TypecastDeviceOperation,64,13358.0
1118208,,TypecastDeviceOperation,64,13349.0
313344,,TypecastDeviceOperation,64,13345.0
1529856,1,PagedUpdateCacheDeviceOperation,32,13344.0
1689600,1,PagedUpdateCacheDeviceOperation,32,13343.0
707584,,PagedUpdateCacheDeviceOperation,32,13324.0
1496064,1,TypecastDeviceOperation,64,13243.0
2095104,1,TypecastDeviceOperation,64,13151.0
359424,,TypecastDeviceOperation,64,13079.0
1695744,1,TypecastDeviceOperation,64,13070.0
1296384,1,TypecastDeviceOperation,64,13002.0
332800,,LayerNormDeviceOperation,8,12999.0
1536000,1,TypecastDeviceOperation,64,12988.0
439296,,TypecastDeviceOperation,64,12986.0
559104,,TypecastDeviceOperation,64,12974.0
838656,,TypecastDeviceOperation,64,12960.0
399360,,TypecastDeviceOperation,64,12955.0
998400,,TypecastDeviceOperation,64,12929.0
1575936,1,TypecastDeviceOperation,64,12916.0
1655808,1,TypecastDeviceOperation,64,12801.0
1615872,1,TypecastDeviceOperation,64,12789.0
1158144,,TypecastDeviceOperation,64,12764.0
1895424,1,TypecastDeviceOperation,64,12764.0
798720,,TypecastDeviceOperation,64,12760.0
1929216,1,PagedUpdateCacheDeviceOperation,32,12760.0
1815552,1,TypecastDeviceOperation,64,12680.0
1775616,1,TypecastDeviceOperation,64,12676.0
718848,,TypecastDeviceOperation,64,12595.0
678912,,TypecastDeviceOperation,64,12594.0
2015232,1,TypecastDeviceOperation,64,12512.0
918528,,TypecastDeviceOperation,64,12486.0
1250304,1,TypecastDeviceOperation,64,12479.0
1078272,,TypecastDeviceOperation,64,12473.0
1975296,1,TypecastDeviceOperation,64,12468.0
1198080,1,LayerNormDeviceOperation,48,12423.0
1038336,,TypecastDeviceOperation,64,12384.0
2055168,1,TypecastDeviceOperation,64,12346.0
758784,,TypecastDeviceOperation,64,12297.0
878592,,TypecastDeviceOperation,64,12288.0
1799168,1,LayerNormDeviceOperation,48,12234.0
1679360,1,LayerNormDeviceOperation,48,12233.0
1998848,1,LayerNormDeviceOperation,48,12220.0
1588224,1,LayerNormDeviceOperation,48,12215.0
1376256,1,TypecastDeviceOperation,64,12214.0
1719296,1,LayerNormDeviceOperation,48,12214.0
1519616,1,LayerNormDeviceOperation,48,12202.0
1479680,1,LayerNormDeviceOperation,48,12201.0
1388544,1,LayerNormDeviceOperation,48,12197.0
1399808,1,LayerNormDeviceOperation,48,12197.0
1508352,1,LayerNormDeviceOperation,48,12189.0
1428480,1,LayerNormDeviceOperation,48,12187.0
1879040,1,LayerNormDeviceOperation,48,12183.0
1308672,1,LayerNormDeviceOperation,48,12182.0
599040,,TypecastDeviceOperation,64,12181.0
1348608,1,LayerNormDeviceOperation,48,12181.0
2118656,1,LayerNormDeviceOperation,48,12181.0
1759232,1,LayerNormDeviceOperation,48,12180.0
1336320,1,TypecastDeviceOperation,64,12178.0
1439744,1,LayerNormDeviceOperation,48,12178.0
1548288,1,LayerNormDeviceOperation,48,12176.0
1628160,1,LayerNormDeviceOperation,48,12175.0
1639424,1,LayerNormDeviceOperation,48,12170.0
1668096,1,LayerNormDeviceOperation,48,12167.0
1787904,1,LayerNormDeviceOperation,48,12165.0
1319936,1,LayerNormDeviceOperation,48,12162.0
1747968,1,LayerNormDeviceOperation,48,12161.0
1468416,1,LayerNormDeviceOperation,48,12160.0
1867776,1,LayerNormDeviceOperation,48,12160.0
1947648,1,LayerNormDeviceOperation,48,12160.0
2107392,1,LayerNormDeviceOperation,48,12160.0
2078720,1,LayerNormDeviceOperation,48,12159.0
1359872,1,LayerNormDeviceOperation,48,12157.0
2027520,1,LayerNormDeviceOperation,48,12157.0
2067456,1,LayerNormDeviceOperation,48,12156.0
1907712,1,LayerNormDeviceOperation,48,12150.0
1280000,1,LayerNormDeviceOperation,48,12148.0
1958912,1,LayerNormDeviceOperation,48,12146.0
1827840,1,LayerNormDeviceOperation,48,12142.0
1599488,1,LayerNormDeviceOperation,48,12140.0
2038784,1,LayerNormDeviceOperation,48,12136.0
479232,,TypecastDeviceOperation,64,12131.0
1708032,1,LayerNormDeviceOperation,48,12123.0
1839104,1,LayerNormDeviceOperation,48,12122.0
1987584,1,LayerNormDeviceOperation,48,12115.0
519168,,TypecastDeviceOperation,64,12096.0
1559552,1,LayerNormDeviceOperation,48,12096.0
1918976,1,LayerNormDeviceOperation,48,12059.0
638976,,TypecastDeviceOperation,64,12052.0
1363968,1,NLPCreateQKVHeadsDecodeDeviceOperation,32,11947.0
786432,,NLPCreateQKVHeadsDecodeDeviceOperation,32,11606.0
866304,,NLPCreateQKVHeadsDecodeDeviceOperation,32,11580.0
1105920,,NLPCreateQKVHeadsDecodeDeviceOperation,32,11559.0
906240,,NLPCreateQKVHeadsDecodeDeviceOperation,32,11556.0
946176,,NLPCreateQKVHeadsDecodeDeviceOperation,32,11549.0
666624,,NLPCreateQKVHeadsDecodeDeviceOperation,32,11530.0
265216,,NLPCreateQKVHeadsDecodeDeviceOperation,32,11526.0
466944,,NLPCreateQKVHeadsDecodeDeviceOperation,32,11526.0
427008,,NLPCreateQKVHeadsDecodeDeviceOperation,32,11516.0
826368,,NLPCreateQKVHeadsDecodeDeviceOperation,32,11516.0
1026048,,NLPCreateQKVHeadsDecodeDeviceOperation,32,11516.0
387072,,NLPCreateQKVHeadsDecodeDeviceOperation,32,11510.0
746496,,NLPCreateQKVHeadsDecodeDeviceOperation,32,11505.0
986112,,NLPCreateQKVHeadsDecodeDeviceOperation,32,11505.0
626688,,NLPCreateQKVHeadsDecodeDeviceOperation,32,11500.0
1563648,1,NLPCreateQKVHeadsDecodeDeviceOperation,32,11500.0
706560,,NLPCreateQKVHeadsDecodeDeviceOperation,32,11490.0
506880,,NLPCreateQKVHeadsDecodeDeviceOperation,32,11489.0
546816,,NLPCreateQKVHeadsDecodeDeviceOperation,32,11488.0
1065984,,NLPCreateQKVHeadsDecodeDeviceOperation,32,11471.0
1145856,,NLPCreateQKVHeadsDecodeDeviceOperation,32,11465.0
586752,,NLPCreateQKVHeadsDecodeDeviceOperation,32,11461.0
347136,,NLPCreateQKVHeadsDecodeDeviceOperation,32,11428.0
2042880,1,NLPCreateQKVHeadsDecodeDeviceOperation,32,11097.0
1923072,1,NLPCreateQKVHeadsDecodeDeviceOperation,32,11096.0
1523712,1,NLPCreateQKVHeadsDecodeDeviceOperation,32,11087.0
1683456,1,NLPCreateQKVHeadsDecodeDeviceOperation,32,11058.0
1963008,1,NLPCreateQKVHeadsDecodeDeviceOperation,32,11058.0
1202176,1,NLPCreateQKVHeadsDecodeDeviceOperation,32,11052.0
1443840,1,NLPCreateQKVHeadsDecodeDeviceOperation,32,11048.0
1803264,1,NLPCreateQKVHeadsDecodeDeviceOperation,32,11048.0
2002944,1,NLPCreateQKVHeadsDecodeDeviceOperation,32,11045.0
2082816,1,NLPCreateQKVHeadsDecodeDeviceOperation,32,11045.0
1723392,1,NLPCreateQKVHeadsDecodeDeviceOperation,32,11037.0
1324032,1,NLPCreateQKVHeadsDecodeDeviceOperation,32,11032.0
1483776,1,NLPCreateQKVHeadsDecodeDeviceOperation,32,11031.0
1883136,1,NLPCreateQKVHeadsDecodeDeviceOperation,32,11026.0
1763328,1,NLPCreateQKVHeadsDecodeDeviceOperation,32,11024.0
1643520,1,NLPCreateQKVHeadsDecodeDeviceOperation,32,11023.0
1403904,1,NLPCreateQKVHeadsDecodeDeviceOperation,32,11018.0
1603584,1,NLPCreateQKVHeadsDecodeDeviceOperation,32,11010.0
1843200,1,NLPCreateQKVHeadsDecodeDeviceOperation,32,11009.0
1284096,1,NLPCreateQKVHeadsDecodeDeviceOperation,32,10973.0
1170432,,LayerNormDeviceOperation,48,10935.0
651264,,LayerNormDeviceOperation,48,10934.0
491520,,LayerNormDeviceOperation,48,10930.0
982016,,LayerNormDeviceOperation,48,10911.0
531456,,LayerNormDeviceOperation,48,10908.0
411648,,LayerNormDeviceOperation,48,10906.0
691200,,LayerNormDeviceOperation,48,10905.0
1141760,,LayerNormDeviceOperation,48,10905.0
261120,,LayerNormDeviceOperation,48,10904.0
1090560,,LayerNormDeviceOperation,48,10903.0
502784,,LayerNormDeviceOperation,48,10902.0
1050624,,LayerNormDeviceOperation,48,10900.0
462848,,LayerNormDeviceOperation,48,10897.0
970752,,LayerNormDeviceOperation,48,10897.0
862208,,LayerNormDeviceOperation,48,10896.0
811008,,LayerNormDeviceOperation,48,10895.0
890880,,LayerNormDeviceOperation,48,10894.0
1130496,,LayerNormDeviceOperation,48,10889.0
902144,,LayerNormDeviceOperation,48,10887.0
771072,,LayerNormDeviceOperation,48,10886.0
343040,,LayerNormDeviceOperation,48,10885.0
930816,,LayerNormDeviceOperation,48,10882.0
571392,,LayerNormDeviceOperation,48,10878.0
662528,,LayerNormDeviceOperation,48,10878.0
782336,,LayerNormDeviceOperation,48,10878.0
451584,,LayerNormDeviceOperation,48,10877.0
611328,,LayerNormDeviceOperation,48,10877.0
1181696,,LayerNormDeviceOperation,48,10877.0
1010688,,LayerNormDeviceOperation,48,10875.0
822272,,LayerNormDeviceOperation,48,10871.0
622592,,LayerNormDeviceOperation,48,10869.0
422912,,LayerNormDeviceOperation,48,10867.0
1021952,,LayerNormDeviceOperation,48,10863.0
850944,,LayerNormDeviceOperation,48,10862.0
371712,,LayerNormDeviceOperation,48,10861.0
542720,,LayerNormDeviceOperation,48,10858.0
731136,,LayerNormDeviceOperation,48,10858.0
742400,,LayerNormDeviceOperation,48,10857.0
1101824,,LayerNormDeviceOperation,48,10852.0
702464,,LayerNormDeviceOperation,48,10845.0
1061888,,LayerNormDeviceOperation,48,10844.0
582656,,LayerNormDeviceOperation,48,10839.0
382976,,LayerNormDeviceOperation,48,10834.0
942080,,LayerNormDeviceOperation,48,10834.0
324608,,NLPConcatHeadsDecodeDeviceOperation,12,9696.0
404480,,NLPConcatHeadsDecodeDeviceOperation,12,9548.0
1123328,,NLPConcatHeadsDecodeDeviceOperation,12,9544.0
484352,,NLPConcatHeadsDecodeDeviceOperation,12,9532.0
644096,,NLPConcatHeadsDecodeDeviceOperation,12,9527.0
684032,,NLPConcatHeadsDecodeDeviceOperation,12,9526.0
524288,,NLPConcatHeadsDecodeDeviceOperation,12,9522.0
963584,,NLPConcatHeadsDecodeDeviceOperation,12,9522.0
604160,,NLPConcatHeadsDecodeDeviceOperation,12,9516.0
1043456,,NLPConcatHeadsDecodeDeviceOperation,12,9516.0
843776,,NLPConcatHeadsDecodeDeviceOperation,12,9510.0
1163264,,NLPConcatHeadsDecodeDeviceOperation,12,9508.0
803840,,NLPConcatHeadsDecodeDeviceOperation,12,9507.0
564224,,NLPConcatHeadsDecodeDeviceOperation,12,9506.0
1003520,,NLPConcatHeadsDecodeDeviceOperation,12,9504.0
444416,,NLPConcatHeadsDecodeDeviceOperation,12,9502.0
923648,,NLPConcatHeadsDecodeDeviceOperation,12,9502.0
723968,,NLPConcatHeadsDecodeDeviceOperation,12,9499.0
883712,,NLPConcatHeadsDecodeDeviceOperation,12,9499.0
364544,,NLPConcatHeadsDecodeDeviceOperation,12,9495.0
1083392,,NLPConcatHeadsDecodeDeviceOperation,12,9487.0
763904,,NLPConcatHeadsDecodeDeviceOperation,12,9484.0
315392,,FillPadDeviceOperation,64,9412.0
1900544,1,NLPConcatHeadsDecodeDeviceOperation,12,9369.0
1980416,1,NLPConcatHeadsDecodeDeviceOperation,12,9348.0
2020352,1,NLPConcatHeadsDecodeDeviceOperation,12,9347.0
1341440,1,NLPConcatHeadsDecodeDeviceOperation,12,9339.0
1252352,1,FillPadDeviceOperation,64,9313.0
1740800,1,NLPConcatHeadsDecodeDeviceOperation,12,9240.0
1940480,1,NLPConcatHeadsDecodeDeviceOperation,12,9137.0
2100224,1,NLPConcatHeadsDecodeDeviceOperation,12,9066.0
1541120,1,NLPConcatHeadsDecodeDeviceOperation,12,9055.0
1261568,1,NLPConcatHeadsDecodeDeviceOperation,12,9039.0
1700864,1,NLPConcatHeadsDecodeDeviceOperation,12,8972.0
1660928,1,NLPConcatHeadsDecodeDeviceOperation,12,8941.0
1780736,1,NLPConcatHeadsDecodeDeviceOperation,12,8853.0
135168,,TilizeWithValPaddingDeviceOperation,48,8845.0
317440,,BinaryNgDeviceOperation,64,8785.0
2060288,1,NLPConcatHeadsDecodeDeviceOperation,12,8753.0
1461248,1,NLPConcatHeadsDecodeDeviceOperation,12,8741.0
1421312,1,NLPConcatHeadsDecodeDeviceOperation,12,8739.0
1620992,1,NLPConcatHeadsDecodeDeviceOperation,12,8700.0
56320,,TilizeWithValPaddingDeviceOperation,48,8669.0
1820672,1,NLPConcatHeadsDecodeDeviceOperation,12,8665.0
1581056,1,NLPConcatHeadsDecodeDeviceOperation,12,8644.0
1301504,1,NLPConcatHeadsDecodeDeviceOperation,12,8642.0
1860608,1,NLPConcatHeadsDecodeDeviceOperation,12,8628.0
67584,,TilizeWithValPaddingDeviceOperation,48,8604.0
1381376,1,NLPConcatHeadsDecodeDeviceOperation,12,8600.0
1501184,1,NLPConcatHeadsDecodeDeviceOperation,12,8563.0
73728,,TilizeWithValPaddingDeviceOperation,48,8556.0
117760,,TilizeWithValPaddingDeviceOperation,48,8540.0
110592,,TilizeWithValPaddingDeviceOperation,48,8512.0
105472,,TilizeWithValPaddingDeviceOperation,48,8510.0
123904,,TilizeWithValPaddingDeviceOperation,48,8501.0
1024,,TilizeWithValPaddingDeviceOperation,48,8470.0
87040,,TilizeWithValPaddingDeviceOperation,48,8463.0
55296,,TilizeWithValPaddingDeviceOperation,48,8461.0
111616,,TilizeWithValPaddingDeviceOperation,48,8451.0
86016,,TilizeWithValPaddingDeviceOperation,48,8427.0
7168,,TilizeWithValPaddingDeviceOperation,48,8426.0
136192,,TilizeWithValPaddingDeviceOperation,48,8425.0
18432,,TilizeWithValPaddingDeviceOperation,48,8407.0
79872,,TilizeWithValPaddingDeviceOperation,48,8394.0
74752,,TilizeWithValPaddingDeviceOperation,48,8389.0
30720,,TilizeWithValPaddingDeviceOperation,48,8371.0
6144,,TilizeWithValPaddingDeviceOperation,48,8369.0
49152,,TilizeWithValPaddingDeviceOperation,48,8365.0
99328,,TilizeWithValPaddingDeviceOperation,48,8365.0
92160,,TilizeWithValPaddingDeviceOperation,48,8360.0
122880,,TilizeWithValPaddingDeviceOperation,48,8358.0
37888,,TilizeWithValPaddingDeviceOperation,48,8357.0
61440,,TilizeWithValPaddingDeviceOperation,48,8354.0
62464,,TilizeWithValPaddingDeviceOperation,48,8348.0
130048,,TilizeWithValPaddingDeviceOperation,48,8341.0
80896,,TilizeWithValPaddingDeviceOperation,48,8333.0
31744,,TilizeWithValPaddingDeviceOperation,48,8332.0
129024,,TilizeWithValPaddingDeviceOperation,48,8329.0
43008,,TilizeWithValPaddingDeviceOperation,48,8324.0
13312,,TilizeWithValPaddingDeviceOperation,48,8321.0
25600,,TilizeWithValPaddingDeviceOperation,48,8318.0
50176,,TilizeWithValPaddingDeviceOperation,48,8299.0
116736,,TilizeWithValPaddingDeviceOperation,48,8294.0
104448,,TilizeWithValPaddingDeviceOperation,48,8264.0
24576,,TilizeWithValPaddingDeviceOperation,48,8256.0
68608,,TilizeWithValPaddingDeviceOperation,48,8244.0
98304,,TilizeWithValPaddingDeviceOperation,48,8236.0
12288,,TilizeWithValPaddingDeviceOperation,48,8170.0
44032,,TilizeWithValPaddingDeviceOperation,48,8149.0
19456,,TilizeWithValPaddingDeviceOperation,48,8143.0
36864,,TilizeWithValPaddingDeviceOperation,48,8126.0
93184,,TilizeWithValPaddingDeviceOperation,48,8071.0
1254400,1,BinaryNgDeviceOperation,64,7388.0
1377280,1,InterleavedToShardedDeviceOperation,64,6909.0
1976320,1,InterleavedToShardedDeviceOperation,64,6847.0
1189888,1,TilizeWithValPaddingDeviceOperation,1,6784.0
249856,,TilizeWithValPaddingDeviceOperation,1,6761.0
1206272,1,TilizeWithValPaddingDeviceOperation,1,6649.0
2058240,1,TypecastDeviceOperation,64,6645.0
1813504,1,CopyDeviceOperation,64,6613.0
269312,,TilizeWithValPaddingDeviceOperation,1,6503.0
1186816,1,TilizeWithValPaddingDeviceOperation,1,6503.0
252928,,TilizeWithValPaddingDeviceOperation,1,6482.0
289792,,TilizeWithValPaddingDeviceOperation,1,6473.0
1119232,,InterleavedToShardedDeviceOperation,64,6430.0
1159168,,InterleavedToShardedDeviceOperation,64,6366.0
520192,,InterleavedToShardedDeviceOperation,64,6339.0
1226752,1,TilizeWithValPaddingDeviceOperation,1,6310.0
1499136,1,TypecastDeviceOperation,64,6305.0
679936,,InterleavedToShardedDeviceOperation,64,6286.0
2016256,1,InterleavedToShardedDeviceOperation,64,6284.0
640000,,InterleavedToShardedDeviceOperation,64,6275.0
1294336,1,CopyDeviceOperation,64,6267.0
1653760,1,CopyDeviceOperation,64,6251.0
1576960,1,InterleavedToShardedDeviceOperation,64,6248.0
360448,,InterleavedToShardedDeviceOperation,64,6210.0
881664,,TypecastDeviceOperation,64,6184.0
642048,,TypecastDeviceOperation,64,6176.0
1079296,,InterleavedToShardedDeviceOperation,64,6121.0
1816576,1,InterleavedToShardedDeviceOperation,64,6120.0
719872,,InterleavedToShardedDeviceOperation,64,6118.0
1039360,,InterleavedToShardedDeviceOperation,64,6107.0
1778688,1,TypecastDeviceOperation,64,6102.0
1856512,1,InterleavedToShardedDeviceOperation,64,6088.0
1898496,1,TypecastDeviceOperation,64,6084.0
879616,,InterleavedToShardedDeviceOperation,64,6065.0
1459200,1,TypecastDeviceOperation,64,6057.0
1001472,,TypecastDeviceOperation,64,6050.0
1933312,1,CopyDeviceOperation,64,6047.0
996352,,CopyDeviceOperation,64,6045.0
1656832,1,InterleavedToShardedDeviceOperation,64,6040.0
839680,,InterleavedToShardedDeviceOperation,64,6025.0
1248256,1,CopyDeviceOperation,64,6020.0
2018304,1,TypecastDeviceOperation,64,6020.0
1858560,1,TypecastDeviceOperation,64,6010.0
1259520,1,TypecastDeviceOperation,64,6000.0
721920,,TypecastDeviceOperation,64,5998.0
1616896,1,InterleavedToShardedDeviceOperation,64,5998.0
1081344,,TypecastDeviceOperation,64,5983.0
400384,,InterleavedToShardedDeviceOperation,64,5978.0
480256,,InterleavedToShardedDeviceOperation,64,5975.0
1334272,1,CopyDeviceOperation,64,5972.0
440320,,InterleavedToShardedDeviceOperation,64,5957.0
1936384,1,InterleavedToShardedDeviceOperation,64,5956.0
1339392,1,TypecastDeviceOperation,64,5947.0
759808,,InterleavedToShardedDeviceOperation,64,5942.0
919552,,InterleavedToShardedDeviceOperation,64,5942.0
1818624,1,TypecastDeviceOperation,64,5940.0
1853440,1,CopyDeviceOperation,64,5935.0
362496,,TypecastDeviceOperation,64,5934.0
1658880,1,TypecastDeviceOperation,64,5932.0
761856,,TypecastDeviceOperation,64,5930.0
1076224,,CopyDeviceOperation,64,5929.0
1497088,1,InterleavedToShardedDeviceOperation,64,5921.0
1618944,1,TypecastDeviceOperation,64,5920.0
1414144,1,CopyDeviceOperation,64,5901.0
1253376,1,ReduceDeviceOperation,32,5899.0
1938432,1,TypecastDeviceOperation,64,5895.0
999424,,InterleavedToShardedDeviceOperation,64,5894.0
799744,,InterleavedToShardedDeviceOperation,64,5886.0
1579008,1,TypecastDeviceOperation,64,5886.0
1156096,,CopyDeviceOperation,64,5881.0
716800,,CopyDeviceOperation,64,5870.0
1419264,1,TypecastDeviceOperation,64,5870.0
562176,,TypecastDeviceOperation,64,5863.0
961536,,TypecastDeviceOperation,64,5861.0
841728,,TypecastDeviceOperation,64,5858.0
1533952,1,CopyDeviceOperation,64,5854.0
357376,,CopyDeviceOperation,64,5853.0
1738752,1,TypecastDeviceOperation,64,5852.0
1978368,1,TypecastDeviceOperation,64,5851.0
442368,,TypecastDeviceOperation,64,5842.0
2056192,1,InterleavedToShardedDeviceOperation,64,5834.0
2096128,1,InterleavedToShardedDeviceOperation,64,5829.0
602112,,TypecastDeviceOperation,64,5828.0
636928,,CopyDeviceOperation,64,5820.0
1539072,1,TypecastDeviceOperation,64,5817.0
681984,,TypecastDeviceOperation,64,5814.0
402432,,TypecastDeviceOperation,64,5813.0
1161216,,TypecastDeviceOperation,64,5801.0
921600,,TypecastDeviceOperation,64,5798.0
1299456,1,TypecastDeviceOperation,64,5793.0
801792,,TypecastDeviceOperation,64,5785.0
322560,,TypecastDeviceOperation,64,5784.0
1041408,,TypecastDeviceOperation,64,5775.0
557056,,CopyDeviceOperation,64,5770.0
522240,,TypecastDeviceOperation,64,5769.0
1698816,1,TypecastDeviceOperation,64,5766.0
1613824,1,CopyDeviceOperation,64,5762.0
397312,,CopyDeviceOperation,64,5757.0
482304,,TypecastDeviceOperation,64,5754.0
2013184,1,CopyDeviceOperation,64,5753.0
1121280,,TypecastDeviceOperation,64,5750.0
477184,,CopyDeviceOperation,64,5746.0
1896448,1,InterleavedToShardedDeviceOperation,64,5743.0
876544,,CopyDeviceOperation,64,5736.0
959488,,InterleavedToShardedDeviceOperation,64,5734.0
1696768,1,InterleavedToShardedDeviceOperation,64,5723.0
319488,,InterleavedToShardedDeviceOperation,64,5718.0
600064,,InterleavedToShardedDeviceOperation,64,5716.0
1457152,1,InterleavedToShardedDeviceOperation,64,5698.0
596992,,CopyDeviceOperation,64,5692.0
956416,,CopyDeviceOperation,64,5680.0
305152,,UntilizeWithUnpaddingDeviceOperation,32,5679.0
560128,,InterleavedToShardedDeviceOperation,64,5678.0
1693696,1,CopyDeviceOperation,64,5674.0
676864,,CopyDeviceOperation,64,5672.0
1537024,1,InterleavedToShardedDeviceOperation,64,5655.0
916480,,CopyDeviceOperation,64,5646.0
1337344,1,InterleavedToShardedDeviceOperation,64,5636.0
1116160,,CopyDeviceOperation,64,5612.0
1379328,1,TypecastDeviceOperation,64,5602.0
1736704,1,InterleavedToShardedDeviceOperation,64,5592.0
1776640,1,InterleavedToShardedDeviceOperation,64,5581.0
2098176,1,TypecastDeviceOperation,64,5573.0
1494016,1,CopyDeviceOperation,64,5567.0
1036288,,CopyDeviceOperation,64,5559.0
1893376,1,CopyDeviceOperation,64,5540.0
1417216,1,InterleavedToShardedDeviceOperation,64,5522.0
437248,,CopyDeviceOperation,64,5499.0
1973248,1,CopyDeviceOperation,64,5475.0
796672,,CopyDeviceOperation,64,5466.0
517120,,CopyDeviceOperation,64,5462.0
1242112,1,UntilizeWithUnpaddingDeviceOperation,32,5458.0
2053120,1,CopyDeviceOperation,64,5442.0
1297408,1,InterleavedToShardedDeviceOperation,64,5430.0
1773568,1,CopyDeviceOperation,64,5428.0
311296,,CopyDeviceOperation,64,5416.0
836608,,CopyDeviceOperation,64,5398.0
1374208,1,CopyDeviceOperation,64,5347.0
1454080,1,CopyDeviceOperation,64,5319.0
1733632,1,CopyDeviceOperation,64,5318.0
756736,,CopyDeviceOperation,64,5305.0
1256448,1,InterleavedToShardedDeviceOperation,64,5252.0
316416,,ReduceDeviceOperation,32,5231.0
1573888,1,CopyDeviceOperation,64,5220.0
2093056,1,CopyDeviceOperation,64,5195.0
297984,,TypecastDeviceOperation,64,5181.0
309248,,TypecastDeviceOperation,64,5179.0
1234944,1,TypecastDeviceOperation,64,5084.0
1135616,,ReshardDeviceOperation,8,5018.0
457728,,ShardedToInterleavedDeviceOperation,8,4995.0
1593344,1,ReshardDeviceOperation,8,4964.0
1246208,1,TypecastDeviceOperation,64,4949.0
537600,,ShardedToInterleavedDeviceOperation,8,4907.0
817152,,ShardedToInterleavedDeviceOperation,8,4897.0
656384,,ReshardDeviceOperation,8,4887.0
1598464,1,BinaryNgDeviceOperation,64,4876.0
975872,,ReshardDeviceOperation,8,4873.0
1056768,,ShardedToInterleavedDeviceOperation,8,4867.0
857088,,ShardedToInterleavedDeviceOperation,8,4859.0
1136640,,ShardedToInterleavedDeviceOperation,8,4848.0
417792,,ShardedToInterleavedDeviceOperation,8,4835.0
976896,,ShardedToInterleavedDeviceOperation,8,4811.0
336896,,ReshardDeviceOperation,8,4800.0
936960,,ShardedToInterleavedDeviceOperation,8,4795.0
1016832,,ShardedToInterleavedDeviceOperation,8,4779.0
497664,,ShardedToInterleavedDeviceOperation,8,4766.0
777216,,ShardedToInterleavedDeviceOperation,8,4755.0
657408,,ShardedToInterleavedDeviceOperation,8,4749.0
697344,,ShardedToInterleavedDeviceOperation,8,4746.0
1096704,,ShardedToInterleavedDeviceOperation,8,4732.0
1832960,1,ReshardDeviceOperation,8,4720.0
737280,,ShardedToInterleavedDeviceOperation,8,4715.0
337920,,ShardedToInterleavedDeviceOperation,8,4699.0
1992704,1,ReshardDeviceOperation,8,4696.0
617472,,ShardedToInterleavedDeviceOperation,8,4681.0
577536,,ShardedToInterleavedDeviceOperation,8,4667.0
1176576,,ShardedToInterleavedDeviceOperation,8,4667.0
377856,,ShardedToInterleavedDeviceOperation,8,4659.0
1513472,1,ReshardDeviceOperation,8,4636.0
616448,,ReshardDeviceOperation,8,4632.0
897024,,ShardedToInterleavedDeviceOperation,8,4628.0
1673216,1,ReshardDeviceOperation,8,4600.0
821248,,BinaryNgDeviceOperation,64,4583.0
1273856,1,ReshardDeviceOperation,8,4581.0
1528832,1,InterleavedToShardedDeviceOperation,32,4581.0
576512,,ReshardDeviceOperation,8,4549.0
1554432,1,ShardedToInterleavedDeviceOperation,8,4533.0
376832,,ReshardDeviceOperation,8,4528.0
1912832,1,ReshardDeviceOperation,8,4522.0
496640,,ReshardDeviceOperation,8,4516.0
935936,,ReshardDeviceOperation,8,4512.0
1754112,1,ShardedToInterleavedDeviceOperation,8,4502.0
736256,,ReshardDeviceOperation,8,4491.0
1872896,1,ReshardDeviceOperation,8,4485.0
416768,,ReshardDeviceOperation,8,4477.0
896000,,ReshardDeviceOperation,8,4473.0
816128,,ReshardDeviceOperation,8,4453.0
776192,,ReshardDeviceOperation,8,4426.0
2072576,1,ReshardDeviceOperation,8,4424.0
1952768,1,ReshardDeviceOperation,8,4422.0
1395712,1,InterleavedToShardedDeviceOperation,8,4420.0
696320,,ReshardDeviceOperation,8,4399.0
1055744,,ReshardDeviceOperation,8,4387.0
2032640,1,ReshardDeviceOperation,8,4385.0
856064,,ReshardDeviceOperation,8,4383.0
1433600,1,ReshardDeviceOperation,8,4381.0
1833984,1,ShardedToInterleavedDeviceOperation,8,4376.0
1873920,1,ShardedToInterleavedDeviceOperation,8,4374.0
456704,,ReshardDeviceOperation,8,4365.0
1447936,1,SliceDeviceOperation,64,4360.0
1953792,1,ShardedToInterleavedDeviceOperation,8,4335.0
1140736,,BinaryNgDeviceOperation,64,4331.0
1767424,1,SliceDeviceOperation,64,4327.0
578560,,InterleavedToShardedDeviceOperation,8,4326.0
1394688,1,ShardedToInterleavedDeviceOperation,8,4325.0
501760,,BinaryNgDeviceOperation,64,4323.0
1015808,,ReshardDeviceOperation,8,4314.0
1553408,1,ReshardDeviceOperation,8,4311.0
1434624,1,ShardedToInterleavedDeviceOperation,8,4310.0
1095680,,ReshardDeviceOperation,8,4309.0
1175552,,ReshardDeviceOperation,8,4288.0
536576,,ReshardDeviceOperation,8,4280.0
1713152,1,ReshardDeviceOperation,8,4276.0
1753088,1,ReshardDeviceOperation,8,4270.0
1313792,1,ReshardDeviceOperation,8,4269.0
1314816,1,ShardedToInterleavedDeviceOperation,8,4268.0
1353728,1,ReshardDeviceOperation,8,4266.0
2033664,1,ShardedToInterleavedDeviceOperation,8,4266.0
541696,,BinaryNgDeviceOperation,64,4261.0
861184,,BinaryNgDeviceOperation,64,4261.0
1020928,,BinaryNgDeviceOperation,64,4257.0
1714176,1,ShardedToInterleavedDeviceOperation,8,4251.0
1474560,1,ShardedToInterleavedDeviceOperation,8,4248.0
498688,,InterleavedToShardedDeviceOperation,8,4244.0
1633280,1,ReshardDeviceOperation,8,4239.0
1329152,1,InterleavedToShardedDeviceOperation,32,4237.0
1473536,1,ReshardDeviceOperation,8,4237.0
661504,,BinaryNgDeviceOperation,64,4234.0
1017856,,InterleavedToShardedDeviceOperation,8,4230.0
658432,,InterleavedToShardedDeviceOperation,8,4229.0
1674240,1,ShardedToInterleavedDeviceOperation,8,4228.0
2113536,1,ShardedToInterleavedDeviceOperation,8,4227.0
1555456,1,InterleavedToShardedDeviceOperation,8,4221.0
1755136,1,InterleavedToShardedDeviceOperation,8,4221.0
781312,,BinaryNgDeviceOperation,64,4218.0
421888,,BinaryNgDeviceOperation,64,4208.0
1634304,1,ShardedToInterleavedDeviceOperation,8,4205.0
701440,,BinaryNgDeviceOperation,64,4198.0
418816,,InterleavedToShardedDeviceOperation,8,4196.0
698368,,InterleavedToShardedDeviceOperation,8,4189.0
342016,,BinaryNgDeviceOperation,64,4186.0
738304,,InterleavedToShardedDeviceOperation,8,4186.0
1475584,1,InterleavedToShardedDeviceOperation,8,4185.0
1807360,1,SliceDeviceOperation,64,4185.0
1180672,,BinaryNgDeviceOperation,64,4183.0
898048,,InterleavedToShardedDeviceOperation,8,4179.0
1675264,1,InterleavedToShardedDeviceOperation,8,4178.0
818176,,InterleavedToShardedDeviceOperation,8,4176.0
977920,,InterleavedToShardedDeviceOperation,8,4174.0
1060864,,BinaryNgDeviceOperation,64,4170.0
461824,,BinaryNgDeviceOperation,64,4144.0
1393664,1,ReshardDeviceOperation,8,4143.0
381952,,BinaryNgDeviceOperation,64,4134.0
2112512,1,ReshardDeviceOperation,8,4133.0
1435648,1,InterleavedToShardedDeviceOperation,8,4130.0
1635328,1,InterleavedToShardedDeviceOperation,8,4130.0
1100800,,BinaryNgDeviceOperation,64,4129.0
1354752,1,ShardedToInterleavedDeviceOperation,8,4125.0
581632,,BinaryNgDeviceOperation,64,4124.0
618496,,InterleavedToShardedDeviceOperation,8,4121.0
458752,,InterleavedToShardedDeviceOperation,8,4120.0
1793024,1,ReshardDeviceOperation,8,4115.0
1914880,1,InterleavedToShardedDeviceOperation,8,4109.0
1315840,1,InterleavedToShardedDeviceOperation,8,4104.0
1878016,1,BinaryNgDeviceOperation,64,4102.0
778240,,InterleavedToShardedDeviceOperation,8,4099.0
741376,,BinaryNgDeviceOperation,64,4094.0
1177600,,InterleavedToShardedDeviceOperation,8,4088.0
538624,,InterleavedToShardedDeviceOperation,8,4080.0
1993728,1,ShardedToInterleavedDeviceOperation,8,4070.0
1794048,1,ShardedToInterleavedDeviceOperation,8,4066.0
1595392,1,InterleavedToShardedDeviceOperation,8,4065.0
1594368,1,ShardedToInterleavedDeviceOperation,8,4063.0
338944,,InterleavedToShardedDeviceOperation,8,4061.0
1274880,1,ShardedToInterleavedDeviceOperation,8,4060.0
1137664,,InterleavedToShardedDeviceOperation,8,4057.0
1835008,1,InterleavedToShardedDeviceOperation,8,4055.0
941056,,BinaryNgDeviceOperation,64,4049.0
937984,,InterleavedToShardedDeviceOperation,8,4046.0
980992,,BinaryNgDeviceOperation,64,4045.0
835584,,SliceDeviceOperation,64,4043.0
1057792,,InterleavedToShardedDeviceOperation,8,4032.0
901120,,BinaryNgDeviceOperation,64,4029.0
2092032,1,SliceDeviceOperation,64,4015.0
1715200,1,InterleavedToShardedDeviceOperation,8,4012.0
1097728,,InterleavedToShardedDeviceOperation,8,4009.0
2073600,1,ShardedToInterleavedDeviceOperation,8,4004.0
1355776,1,InterleavedToShardedDeviceOperation,8,3998.0
1932288,1,SliceDeviceOperation,64,3996.0
1398784,1,BinaryNgDeviceOperation,64,3988.0
1515520,1,InterleavedToShardedDeviceOperation,8,3978.0
1692672,1,SliceDeviceOperation,64,3978.0
1075200,,SliceDeviceOperation,64,3966.0
1758208,1,BinaryNgDeviceOperation,64,3960.0
1994752,1,InterleavedToShardedDeviceOperation,8,3958.0
1035264,,SliceDeviceOperation,64,3948.0
2008064,1,InterleavedToShardedDeviceOperation,32,3948.0
1913856,1,ShardedToInterleavedDeviceOperation,8,3944.0
303104,,SliceDeviceOperation,64,3938.0
1954816,1,InterleavedToShardedDeviceOperation,8,3926.0
675840,,SliceDeviceOperation,64,3925.0
621568,,BinaryNgDeviceOperation,64,3902.0
1659904,1,ReshardDeviceOperation,32,3899.0
1514496,1,ShardedToInterleavedDeviceOperation,8,3895.0
1518592,1,BinaryNgDeviceOperation,64,3886.0
915456,,SliceDeviceOperation,64,3881.0
955392,,SliceDeviceOperation,64,3870.0
858112,,InterleavedToShardedDeviceOperation,8,3866.0
1478656,1,BinaryNgDeviceOperation,64,3866.0
1874944,1,InterleavedToShardedDeviceOperation,8,3866.0
2074624,1,InterleavedToShardedDeviceOperation,8,3835.0
391168,,SliceDeviceOperation,64,3833.0
1888256,1,InterleavedToShardedDeviceOperation,32,3829.0
556032,,SliceDeviceOperation,64,3825.0
1732608,1,SliceDeviceOperation,64,3825.0
1115136,,SliceDeviceOperation,64,3821.0
550912,,SliceDeviceOperation,64,3820.0
755712,,SliceDeviceOperation,64,3819.0
1847296,1,SliceDeviceOperation,64,3808.0
2117632,1,BinaryNgDeviceOperation,64,3808.0
396288,,SliceDeviceOperation,64,3804.0
471040,,SliceDeviceOperation,64,3802.0
1638400,1,BinaryNgDeviceOperation,64,3794.0
1108992,,ShardedToInterleavedDeviceOperation,32,3789.0
1728512,1,InterleavedToShardedDeviceOperation,32,3784.0
1652736,1,SliceDeviceOperation,64,3782.0
1718272,1,BinaryNgDeviceOperation,64,3781.0
286720,,SliceDeviceOperation,64,3777.0
314368,,ShardedToInterleavedDeviceOperation,32,3772.0
378880,,InterleavedToShardedDeviceOperation,8,3768.0
1373184,1,SliceDeviceOperation,64,3766.0
1558528,1,BinaryNgDeviceOperation,64,3762.0
670720,,SliceDeviceOperation,64,3761.0
1409024,1,InterleavedToShardedDeviceOperation,32,3753.0
356352,,SliceDeviceOperation,64,3752.0
790528,,SliceDeviceOperation,64,3747.0
1731584,1,ShardedToInterleavedDeviceOperation,32,3747.0
1110016,,SliceDeviceOperation,64,3744.0
870400,,SliceDeviceOperation,64,3738.0
2034688,1,InterleavedToShardedDeviceOperation,8,3733.0
1688576,1,InterleavedToShardedDeviceOperation,32,3729.0
1532928,1,SliceDeviceOperation,64,3728.0
1070080,,SliceDeviceOperation,64,3727.0
2012160,1,SliceDeviceOperation,64,3727.0
1612800,1,SliceDeviceOperation,64,3719.0
1972224,1,SliceDeviceOperation,64,3715.0
1491968,1,ShardedToInterleavedDeviceOperation,32,3712.0
794624,,ShardedToInterleavedDeviceOperation,32,3710.0
1413120,1,SliceDeviceOperation,64,3704.0
436224,,SliceDeviceOperation,64,3693.0
1997824,1,BinaryNgDeviceOperation,64,3691.0
1568768,1,InterleavedToShardedDeviceOperation,32,3688.0
594944,,ShardedToInterleavedDeviceOperation,32,3685.0
1566720,1,ShardedToInterleavedDeviceOperation,32,3680.0
1333248,1,SliceDeviceOperation,64,3676.0
1678336,1,BinaryNgDeviceOperation,64,3673.0
1527808,1,SliceDeviceOperation,64,3669.0
2077696,1,BinaryNgDeviceOperation,64,3664.0
1967104,1,SliceDeviceOperation,64,3663.0
1275904,1,InterleavedToShardedDeviceOperation,8,3660.0
1795072,1,InterleavedToShardedDeviceOperation,8,3656.0
1926144,1,ShardedToInterleavedDeviceOperation,32,3648.0
590848,,SliceDeviceOperation,64,3646.0
869376,,ShardedToInterleavedDeviceOperation,32,3646.0
470016,,ShardedToInterleavedDeviceOperation,32,3638.0
1030144,,SliceDeviceOperation,64,3638.0
1148928,,ShardedToInterleavedDeviceOperation,32,3638.0
290816,,BinaryNgDeviceOperation,64,3629.0
630784,,SliceDeviceOperation,64,3628.0
910336,,SliceDeviceOperation,64,3626.0
1771520,1,ShardedToInterleavedDeviceOperation,32,3622.0
710656,,SliceDeviceOperation,64,3621.0
1957888,1,BinaryNgDeviceOperation,64,3616.0
1808384,1,InterleavedToShardedDeviceOperation,32,3610.0
1567744,1,SliceDeviceOperation,64,3609.0
990208,,SliceDeviceOperation,64,3606.0
1332224,1,ShardedToInterleavedDeviceOperation,32,3606.0
669696,,ShardedToInterleavedDeviceOperation,32,3605.0
1245184,1,InterleavedToShardedDeviceOperation,32,3599.0
750592,,SliceDeviceOperation,64,3596.0
1971200,1,ShardedToInterleavedDeviceOperation,32,3592.0
715776,,SliceDeviceOperation,64,3591.0
475136,,ShardedToInterleavedDeviceOperation,32,3590.0
1368064,1,SliceDeviceOperation,64,3590.0
1917952,1,BinaryNgDeviceOperation,64,3589.0
1928192,1,InterleavedToShardedDeviceOperation,32,3586.0
1892352,1,SliceDeviceOperation,64,3583.0
351232,,SliceDeviceOperation,64,3577.0
1318912,1,BinaryNgDeviceOperation,64,3576.0
2052096,1,SliceDeviceOperation,64,3570.0
2007040,1,SliceDeviceOperation,64,3566.0
430080,,ShardedToInterleavedDeviceOperation,32,3565.0
1438720,1,BinaryNgDeviceOperation,64,3561.0
2099200,1,ReshardDeviceOperation,32,3556.0
431104,,SliceDeviceOperation,64,3554.0
1891328,1,ShardedToInterleavedDeviceOperation,32,3550.0
1887232,1,SliceDeviceOperation,64,3549.0
2037760,1,BinaryNgDeviceOperation,64,3549.0
2114560,1,InterleavedToShardedDeviceOperation,8,3549.0
1838080,1,BinaryNgDeviceOperation,64,3544.0
1487872,1,SliceDeviceOperation,64,3543.0
1931264,1,ShardedToInterleavedDeviceOperation,32,3542.0
1798144,1,BinaryNgDeviceOperation,64,3540.0
476160,,SliceDeviceOperation,64,3538.0
1149952,,SliceDeviceOperation,64,3532.0
1408000,1,SliceDeviceOperation,64,3529.0
875520,,SliceDeviceOperation,64,3526.0
1687552,1,SliceDeviceOperation,64,3525.0
1607680,1,SliceDeviceOperation,64,3524.0
909312,,ShardedToInterleavedDeviceOperation,32,3523.0
1606656,1,ShardedToInterleavedDeviceOperation,32,3522.0
1034240,,ShardedToInterleavedDeviceOperation,32,3518.0
635904,,SliceDeviceOperation,64,3515.0
1492992,1,SliceDeviceOperation,64,3513.0
709632,,ShardedToInterleavedDeviceOperation,32,3509.0
1069056,,ShardedToInterleavedDeviceOperation,32,3508.0
1686528,1,ShardedToInterleavedDeviceOperation,32,3508.0
1155072,,SliceDeviceOperation,64,3506.0
995328,,SliceDeviceOperation,64,3505.0
1114112,,ShardedToInterleavedDeviceOperation,32,3505.0
2085888,1,ShardedToInterleavedDeviceOperation,32,3505.0
1251328,1,ShardedToInterleavedDeviceOperation,32,3499.0
516096,,SliceDeviceOperation,64,3497.0
950272,,SliceDeviceOperation,64,3490.0
304128,,ShardedToInterleavedDeviceOperation,32,3489.0
829440,,ShardedToInterleavedDeviceOperation,32,3477.0
989184,,ShardedToInterleavedDeviceOperation,32,3477.0
1029120,,ShardedToInterleavedDeviceOperation,32,3469.0
795648,,SliceDeviceOperation,64,3468.0
1647616,1,SliceDeviceOperation,64,3464.0
595968,,SliceDeviceOperation,64,3461.0
350208,,ShardedToInterleavedDeviceOperation,32,3456.0
1278976,1,BinaryNgDeviceOperation,64,3455.0
1328128,1,SliceDeviceOperation,64,3455.0
1287168,1,ShardedToInterleavedDeviceOperation,32,3452.0
1726464,1,ShardedToInterleavedDeviceOperation,32,3443.0
1358848,1,BinaryNgDeviceOperation,64,3438.0
308224,,InterleavedToShardedDeviceOperation,32,3433.0
1572864,1,SliceDeviceOperation,64,3433.0
1979392,1,ReshardDeviceOperation,32,3427.0
1852416,1,SliceDeviceOperation,64,3423.0
634880,,ShardedToInterleavedDeviceOperation,32,3422.0
830464,,SliceDeviceOperation,64,3422.0
1448960,1,InterleavedToShardedDeviceOperation,32,3420.0
1846272,1,ShardedToInterleavedDeviceOperation,32,3418.0
914432,,ShardedToInterleavedDeviceOperation,32,3417.0
1223680,1,SliceDeviceOperation,64,3416.0
549888,,ShardedToInterleavedDeviceOperation,32,3410.0
949248,,ShardedToInterleavedDeviceOperation,32,3396.0
1526784,1,ShardedToInterleavedDeviceOperation,32,3396.0
1811456,1,ShardedToInterleavedDeviceOperation,32,3392.0
523264,,ReshardDeviceOperation,32,3390.0
1240064,1,SliceDeviceOperation,64,3378.0
435200,,ShardedToInterleavedDeviceOperation,32,3374.0
1453056,1,SliceDeviceOperation,64,3373.0
1727488,1,SliceDeviceOperation,64,3373.0
754688,,ShardedToInterleavedDeviceOperation,32,3365.0
2086912,1,SliceDeviceOperation,64,3363.0
2046976,1,SliceDeviceOperation,64,3361.0
1927168,1,SliceDeviceOperation,64,3360.0
683008,,ReshardDeviceOperation,32,3358.0
1452032,1,ShardedToInterleavedDeviceOperation,32,3355.0
874496,,ShardedToInterleavedDeviceOperation,32,3352.0
1699840,1,ReshardDeviceOperation,32,3351.0
302080,,ShardedToInterleavedDeviceOperation,32,3350.0
834560,,ShardedToInterleavedDeviceOperation,32,3346.0
509952,,ShardedToInterleavedDeviceOperation,32,3342.0
842752,,ReshardDeviceOperation,32,3342.0
1154048,,ShardedToInterleavedDeviceOperation,32,3341.0
1812480,1,SliceDeviceOperation,64,3336.0
285696,,ShardedToInterleavedDeviceOperation,32,3317.0
1772544,1,SliceDeviceOperation,64,3316.0
1288192,1,SliceDeviceOperation,64,3311.0
510976,,SliceDeviceOperation,64,3310.0
483328,,ReshardDeviceOperation,32,3305.0
1074176,,ShardedToInterleavedDeviceOperation,32,3304.0
390144,,ShardedToInterleavedDeviceOperation,32,3303.0
1691648,1,ShardedToInterleavedDeviceOperation,32,3295.0
1412096,1,ShardedToInterleavedDeviceOperation,32,3291.0
328704,,BinaryNgDeviceOperation,64,3290.0
1293312,1,SliceDeviceOperation,64,3288.0
355328,,ShardedToInterleavedDeviceOperation,32,3286.0
1646592,1,ShardedToInterleavedDeviceOperation,32,3286.0
749568,,ShardedToInterleavedDeviceOperation,32,3277.0
629760,,ShardedToInterleavedDeviceOperation,32,3270.0
1851392,1,ShardedToInterleavedDeviceOperation,32,3254.0
1966080,1,ShardedToInterleavedDeviceOperation,32,3254.0
270336,,BinaryNgDeviceOperation,64,3248.0
1300480,1,ReshardDeviceOperation,32,3248.0
1806336,1,ShardedToInterleavedDeviceOperation,32,3247.0
789504,,ShardedToInterleavedDeviceOperation,32,3246.0
395264,,ShardedToInterleavedDeviceOperation,32,3245.0
714752,,ShardedToInterleavedDeviceOperation,32,3245.0
2091008,1,ShardedToInterleavedDeviceOperation,32,3241.0
589824,,ShardedToInterleavedDeviceOperation,32,3238.0
2051072,1,ShardedToInterleavedDeviceOperation,32,3238.0
1265664,1,BinaryNgDeviceOperation,64,3231.0
674816,,ShardedToInterleavedDeviceOperation,32,3224.0
1292288,1,ShardedToInterleavedDeviceOperation,32,3224.0
323584,,ReshardDeviceOperation,32,3219.0
603136,,ReshardDeviceOperation,32,3218.0
1082368,,ReshardDeviceOperation,32,3217.0
2045952,1,ShardedToInterleavedDeviceOperation,32,3217.0
1227776,1,BinaryNgDeviceOperation,64,3216.0
994304,,ShardedToInterleavedDeviceOperation,32,3214.0
1886208,1,ShardedToInterleavedDeviceOperation,32,3210.0
515072,,ShardedToInterleavedDeviceOperation,32,3206.0
1367040,1,ShardedToInterleavedDeviceOperation,32,3201.0
1207296,1,BinaryNgDeviceOperation,64,3198.0
1340416,1,ReshardDeviceOperation,32,3179.0
1002496,,ReshardDeviceOperation,32,3178.0
762880,,ReshardDeviceOperation,32,3174.0
1446912,1,ShardedToInterleavedDeviceOperation,32,3174.0
802816,,ReshardDeviceOperation,32,3170.0
363520,,ReshardDeviceOperation,32,3166.0
1042432,,ReshardDeviceOperation,32,3166.0
643072,,ReshardDeviceOperation,32,3165.0
954368,,ShardedToInterleavedDeviceOperation,32,3165.0
563200,,ReshardDeviceOperation,32,3159.0
555008,,ShardedToInterleavedDeviceOperation,32,3157.0
882688,,ReshardDeviceOperation,32,3149.0
1122304,,ReshardDeviceOperation,32,3142.0
1571840,1,ShardedToInterleavedDeviceOperation,32,3142.0
443392,,ReshardDeviceOperation,32,3127.0
1531904,1,ShardedToInterleavedDeviceOperation,32,3126.0
1651712,1,ShardedToInterleavedDeviceOperation,32,3118.0
2048000,1,InterleavedToShardedDeviceOperation,32,3098.0
1899520,1,ReshardDeviceOperation,32,3089.0
722944,,ReshardDeviceOperation,32,3088.0
1239040,1,ShardedToInterleavedDeviceOperation,32,3087.0
1327104,1,ShardedToInterleavedDeviceOperation,32,3079.0
1580032,1,ReshardDeviceOperation,32,3067.0
922624,,ReshardDeviceOperation,32,3064.0
1162240,,ReshardDeviceOperation,32,3047.0
1372160,1,ShardedToInterleavedDeviceOperation,32,3046.0
2006016,1,ShardedToInterleavedDeviceOperation,32,3031.0
1222656,1,ShardedToInterleavedDeviceOperation,32,3028.0
1968128,1,InterleavedToShardedDeviceOperation,32,3028.0
1619968,1,ReshardDeviceOperation,32,3022.0
1500160,1,ReshardDeviceOperation,32,3010.0
403456,,ReshardDeviceOperation,32,3006.0
1848320,1,InterleavedToShardedDeviceOperation,32,2998.0
1406976,1,ShardedToInterleavedDeviceOperation,32,2994.0
2011136,1,ShardedToInterleavedDeviceOperation,32,2990.0
2087936,1,InterleavedToShardedDeviceOperation,32,2971.0
1766400,1,ShardedToInterleavedDeviceOperation,32,2949.0
1611776,1,ShardedToInterleavedDeviceOperation,32,2939.0
2059264,1,ReshardDeviceOperation,32,2928.0
1939456,1,ReshardDeviceOperation,32,2923.0
962560,,ReshardDeviceOperation,32,2879.0
1486848,1,ShardedToInterleavedDeviceOperation,32,2877.0
1230848,1,UntilizeWithUnpaddingDeviceOperation,1,2853.0
1768448,1,InterleavedToShardedDeviceOperation,32,2819.0
1488896,1,InterleavedToShardedDeviceOperation,32,2805.0
1739776,1,ReshardDeviceOperation,32,2802.0
1289216,1,InterleavedToShardedDeviceOperation,32,2800.0
310272,,ShardedToInterleavedDeviceOperation,32,2730.0
293888,,UntilizeWithUnpaddingDeviceOperation,1,2716.0
352256,,InterleavedToShardedDeviceOperation,32,2695.0
1187840,1,BinaryNgDeviceOperation,64,2660.0
1190912,1,BinaryNgDeviceOperation,64,2658.0
512000,,InterleavedToShardedDeviceOperation,32,2641.0
1540096,1,ReshardDeviceOperation,32,2640.0
250880,,BinaryNgDeviceOperation,64,2635.0
711680,,InterleavedToShardedDeviceOperation,32,2635.0
1819648,1,ReshardDeviceOperation,32,2628.0
671744,,InterleavedToShardedDeviceOperation,32,2624.0
1150976,,InterleavedToShardedDeviceOperation,32,2624.0
871424,,InterleavedToShardedDeviceOperation,32,2621.0
551936,,InterleavedToShardedDeviceOperation,32,2606.0
991232,,InterleavedToShardedDeviceOperation,32,2603.0
432128,,InterleavedToShardedDeviceOperation,32,2589.0
2019328,1,ReshardDeviceOperation,32,2589.0
951296,,InterleavedToShardedDeviceOperation,32,2588.0
1031168,,InterleavedToShardedDeviceOperation,32,2575.0
911360,,InterleavedToShardedDeviceOperation,32,2573.0
472064,,InterleavedToShardedDeviceOperation,32,2555.0
591872,,InterleavedToShardedDeviceOperation,32,2544.0
275456,,TypecastDeviceOperation,8,2538.0
1260544,1,ReshardDeviceOperation,32,2525.0
277504,,TypecastDeviceOperation,8,2513.0
831488,,InterleavedToShardedDeviceOperation,32,2510.0
631808,,InterleavedToShardedDeviceOperation,32,2509.0
791552,,InterleavedToShardedDeviceOperation,32,2509.0
287744,,InterleavedToShardedDeviceOperation,32,2500.0
1071104,,InterleavedToShardedDeviceOperation,32,2500.0
751616,,InterleavedToShardedDeviceOperation,32,2497.0
253952,,BinaryNgDeviceOperation,64,2478.0
392192,,InterleavedToShardedDeviceOperation,32,2467.0
1111040,,InterleavedToShardedDeviceOperation,32,2467.0
1224704,1,InterleavedToShardedDeviceOperation,32,2467.0
1648640,1,InterleavedToShardedDeviceOperation,32,2459.0
1779712,1,ReshardDeviceOperation,32,2459.0
1241088,1,ShardedToInterleavedDeviceOperation,32,2443.0
1214464,1,TypecastDeviceOperation,8,2390.0
1212416,1,TypecastDeviceOperation,8,2374.0
1608704,1,InterleavedToShardedDeviceOperation,32,2361.0
780288,,ShardedToInterleavedDeviceOperation,48,2357.0
1179648,,ShardedToInterleavedDeviceOperation,48,2356.0
1460224,1,ReshardDeviceOperation,32,2352.0
1380352,1,ReshardDeviceOperation,32,2350.0
1905664,1,ShardedToInterleavedDeviceOperation,48,2335.0
585728,,ShardedToInterleavedDeviceOperation,54,2317.0
264192,,ShardedToInterleavedDeviceOperation,54,2316.0
1865728,1,ShardedToInterleavedDeviceOperation,48,2311.0
2025472,1,ShardedToInterleavedDeviceOperation,48,2311.0
900096,,ShardedToInterleavedDeviceOperation,48,2302.0
888832,,ShardedToInterleavedDeviceOperation,48,2299.0
2116608,1,ShardedToInterleavedDeviceOperation,48,2296.0
1859584,1,ReshardDeviceOperation,32,2287.0
940032,,ShardedToInterleavedDeviceOperation,48,2280.0
1825792,1,ShardedToInterleavedDeviceOperation,48,2279.0
625664,,ShardedToInterleavedDeviceOperation,54,2275.0
409600,,ShardedToInterleavedDeviceOperation,48,2256.0
294912,,RepeatDeviceOperation,64,2250.0
1231872,1,RepeatDeviceOperation,64,2250.0
1420288,1,ReshardDeviceOperation,32,2247.0
1677312,1,ShardedToInterleavedDeviceOperation,48,2246.0
1837056,1,ShardedToInterleavedDeviceOperation,48,2240.0
1797120,1,ShardedToInterleavedDeviceOperation,48,2233.0
1586176,1,ShardedToInterleavedDeviceOperation,48,2230.0
425984,,ShardedToInterleavedDeviceOperation,54,2228.0
1506304,1,ShardedToInterleavedDeviceOperation,48,2228.0
1945600,1,ShardedToInterleavedDeviceOperation,48,2224.0
945152,,ShardedToInterleavedDeviceOperation,54,2220.0
689152,,ShardedToInterleavedDeviceOperation,48,2208.0
1626112,1,ShardedToInterleavedDeviceOperation,48,2208.0
979968,,ShardedToInterleavedDeviceOperation,48,2201.0
1705984,1,ShardedToInterleavedDeviceOperation,48,2200.0
329728,,ShardedToInterleavedDeviceOperation,48,2197.0
540672,,ShardedToInterleavedDeviceOperation,48,2190.0
1517568,1,ShardedToInterleavedDeviceOperation,48,2188.0
569344,,ShardedToInterleavedDeviceOperation,48,2176.0
1522688,1,ShardedToInterleavedDeviceOperation,54,2168.0
386048,,ShardedToInterleavedDeviceOperation,54,2164.0
545792,,ShardedToInterleavedDeviceOperation,54,2164.0
1557504,1,ShardedToInterleavedDeviceOperation,48,2157.0
825344,,ShardedToInterleavedDeviceOperation,54,2156.0
905216,,ShardedToInterleavedDeviceOperation,54,2155.0
1283072,1,ShardedToInterleavedDeviceOperation,54,2154.0
1466368,1,ShardedToInterleavedDeviceOperation,48,2153.0
1025024,,ShardedToInterleavedDeviceOperation,54,2148.0
460800,,ShardedToInterleavedDeviceOperation,48,2143.0
1104896,,ShardedToInterleavedDeviceOperation,54,2141.0
1064960,,ShardedToInterleavedDeviceOperation,54,2138.0
1546240,1,ShardedToInterleavedDeviceOperation,48,2134.0
1961984,1,ShardedToInterleavedDeviceOperation,54,2130.0
500736,,ShardedToInterleavedDeviceOperation,48,2128.0
1168384,,ShardedToInterleavedDeviceOperation,48,2128.0
449536,,ShardedToInterleavedDeviceOperation,48,2127.0
1426432,1,ShardedToInterleavedDeviceOperation,48,2122.0
1266688,1,ShardedToInterleavedDeviceOperation,48,2121.0
1762304,1,ShardedToInterleavedDeviceOperation,54,2117.0
1277952,1,ShardedToInterleavedDeviceOperation,48,2116.0
848896,,ShardedToInterleavedDeviceOperation,48,2113.0
620544,,ShardedToInterleavedDeviceOperation,48,2112.0
745472,,ShardedToInterleavedDeviceOperation,54,2108.0
769024,,ShardedToInterleavedDeviceOperation,48,2108.0
340992,,ShardedToInterleavedDeviceOperation,48,2104.0
529408,,ShardedToInterleavedDeviceOperation,48,2096.0
968704,,ShardedToInterleavedDeviceOperation,48,2096.0
1397760,1,ShardedToInterleavedDeviceOperation,48,2092.0
1306624,1,ShardedToInterleavedDeviceOperation,48,2091.0
1059840,,ShardedToInterleavedDeviceOperation,48,2088.0
665600,,ShardedToInterleavedDeviceOperation,54,2084.0
2076672,1,ShardedToInterleavedDeviceOperation,48,2083.0
865280,,ShardedToInterleavedDeviceOperation,54,2082.0
1362944,1,ShardedToInterleavedDeviceOperation,54,2082.0
1842176,1,ShardedToInterleavedDeviceOperation,54,2082.0
2081792,1,ShardedToInterleavedDeviceOperation,54,2082.0
1346560,1,ShardedToInterleavedDeviceOperation,48,2079.0
2036736,1,ShardedToInterleavedDeviceOperation,48,2079.0
820224,,ShardedToInterleavedDeviceOperation,48,2077.0
1209344,1,ConcatDeviceOperation,8,2077.0
1956864,1,ShardedToInterleavedDeviceOperation,48,2077.0
1437696,1,ShardedToInterleavedDeviceOperation,48,2076.0
1882112,1,ShardedToInterleavedDeviceOperation,54,2075.0
346112,,ShardedToInterleavedDeviceOperation,54,2073.0
860160,,ShardedToInterleavedDeviceOperation,48,2071.0
1357824,1,ShardedToInterleavedDeviceOperation,48,2068.0
1482752,1,ShardedToInterleavedDeviceOperation,54,2066.0
1048576,,ShardedToInterleavedDeviceOperation,48,2061.0
1144832,,ShardedToInterleavedDeviceOperation,54,2061.0
1597440,1,ShardedToInterleavedDeviceOperation,48,2061.0
1477632,1,ShardedToInterleavedDeviceOperation,48,2057.0
1019904,,ShardedToInterleavedDeviceOperation,48,2055.0
1922048,1,ShardedToInterleavedDeviceOperation,54,2055.0
1802240,1,ShardedToInterleavedDeviceOperation,54,2054.0
1139712,,ShardedToInterleavedDeviceOperation,48,2053.0
1386496,1,ShardedToInterleavedDeviceOperation,48,2052.0
985088,,ShardedToInterleavedDeviceOperation,54,2045.0
1682432,1,ShardedToInterleavedDeviceOperation,54,2042.0
1876992,1,ShardedToInterleavedDeviceOperation,48,2041.0
740352,,ShardedToInterleavedDeviceOperation,48,2040.0
1099776,,ShardedToInterleavedDeviceOperation,48,2040.0
1745920,1,ShardedToInterleavedDeviceOperation,48,2040.0
1402880,1,ShardedToInterleavedDeviceOperation,54,2038.0
465920,,ShardedToInterleavedDeviceOperation,54,2036.0
369664,,ShardedToInterleavedDeviceOperation,48,2032.0
700416,,ShardedToInterleavedDeviceOperation,48,2029.0
580608,,ShardedToInterleavedDeviceOperation,48,2025.0
928768,,ShardedToInterleavedDeviceOperation,48,2024.0
705536,,ShardedToInterleavedDeviceOperation,54,2019.0
380928,,ShardedToInterleavedDeviceOperation,48,2013.0
649216,,ShardedToInterleavedDeviceOperation,48,2012.0
1323008,1,ShardedToInterleavedDeviceOperation,54,2010.0
609280,,ShardedToInterleavedDeviceOperation,48,2009.0
2065408,1,ShardedToInterleavedDeviceOperation,48,2008.0
1442816,1,ShardedToInterleavedDeviceOperation,54,2002.0
1602560,1,ShardedToInterleavedDeviceOperation,54,2002.0
785408,,ShardedToInterleavedDeviceOperation,54,2000.0
1088512,,ShardedToInterleavedDeviceOperation,48,2000.0
489472,,ShardedToInterleavedDeviceOperation,48,1997.0
660480,,ShardedToInterleavedDeviceOperation,48,1996.0
1666048,1,ShardedToInterleavedDeviceOperation,48,1989.0
1996800,1,ShardedToInterleavedDeviceOperation,48,1989.0
420864,,ShardedToInterleavedDeviceOperation,48,1982.0
505856,,ShardedToInterleavedDeviceOperation,54,1982.0
1128448,,ShardedToInterleavedDeviceOperation,48,1979.0
1717248,1,ShardedToInterleavedDeviceOperation,48,1973.0
1757184,1,ShardedToInterleavedDeviceOperation,48,1967.0
729088,,ShardedToInterleavedDeviceOperation,48,1965.0
1637376,1,ShardedToInterleavedDeviceOperation,48,1961.0
1985536,1,ShardedToInterleavedDeviceOperation,48,1956.0
1317888,1,ShardedToInterleavedDeviceOperation,48,1946.0
2041856,1,ShardedToInterleavedDeviceOperation,54,1946.0
1008640,,ShardedToInterleavedDeviceOperation,48,1943.0
1211392,1,UnaryDeviceOperation,64,1934.0
452608,,ReshardDeviceOperation,8,1930.0
1562624,1,ShardedToInterleavedDeviceOperation,54,1930.0
2001920,1,ShardedToInterleavedDeviceOperation,54,1928.0
1369088,1,InterleavedToShardedDeviceOperation,32,1915.0
331776,,ReshardDeviceOperation,8,1914.0
2105344,1,ShardedToInterleavedDeviceOperation,48,1911.0
1124352,,ShardedToInterleavedDeviceOperation,12,1910.0
1201152,1,ShardedToInterleavedDeviceOperation,54,1906.0
525312,,ShardedToInterleavedDeviceOperation,12,1901.0
808960,,ShardedToInterleavedDeviceOperation,48,1897.0
1722368,1,ShardedToInterleavedDeviceOperation,54,1895.0
325632,,ShardedToInterleavedDeviceOperation,12,1879.0
1642496,1,ShardedToInterleavedDeviceOperation,54,1878.0
423936,,ReshardDeviceOperation,8,1873.0
1916928,1,ShardedToInterleavedDeviceOperation,48,1869.0
1661952,1,ShardedToInterleavedDeviceOperation,12,1854.0
964608,,ShardedToInterleavedDeviceOperation,12,1853.0
1785856,1,ShardedToInterleavedDeviceOperation,48,1852.0
2021376,1,ShardedToInterleavedDeviceOperation,12,1852.0
272384,,ConcatDeviceOperation,8,1844.0
274432,,UnaryDeviceOperation,64,1841.0
685056,,ShardedToInterleavedDeviceOperation,12,1837.0
372736,,ReshardDeviceOperation,8,1835.0
463872,,ReshardDeviceOperation,8,1833.0
1044480,,ShardedToInterleavedDeviceOperation,12,1830.0
445440,,ShardedToInterleavedDeviceOperation,12,1821.0
924672,,ShardedToInterleavedDeviceOperation,12,1821.0
1213440,1,UnaryDeviceOperation,64,1820.0
565248,,ShardedToInterleavedDeviceOperation,12,1819.0
344064,,ReshardDeviceOperation,8,1817.0
384000,,ReshardDeviceOperation,8,1817.0
2123776,,UntilizeWithUnpaddingDeviceOperation,1,1817.0
724992,,ShardedToInterleavedDeviceOperation,12,1813.0
663552,,ReshardDeviceOperation,8,1809.0
612352,,ReshardDeviceOperation,8,1808.0
703488,,ReshardDeviceOperation,8,1808.0
1131520,,ReshardDeviceOperation,8,1807.0
405504,,ShardedToInterleavedDeviceOperation,12,1805.0
884736,,ShardedToInterleavedDeviceOperation,12,1804.0
1422336,1,ShardedToInterleavedDeviceOperation,12,1802.0
412672,,ReshardDeviceOperation,8,1798.0
1164288,,ShardedToInterleavedDeviceOperation,12,1789.0
851968,,ReshardDeviceOperation,8,1785.0
1171456,,ReshardDeviceOperation,8,1785.0
365568,,ShardedToInterleavedDeviceOperation,12,1781.0
485376,,ShardedToInterleavedDeviceOperation,12,1781.0
844800,,ShardedToInterleavedDeviceOperation,12,1773.0
503808,,ReshardDeviceOperation,8,1769.0
266240,,RepeatDeviceOperation,64,1769.0
772096,,ReshardDeviceOperation,8,1765.0
1084416,,ShardedToInterleavedDeviceOperation,12,1765.0
764928,,ShardedToInterleavedDeviceOperation,12,1764.0
1004544,,ShardedToInterleavedDeviceOperation,12,1762.0
692224,,ReshardDeviceOperation,8,1761.0
1102848,,ReshardDeviceOperation,8,1758.0
783360,,ReshardDeviceOperation,8,1756.0
1142784,,ReshardDeviceOperation,8,1753.0
1542144,1,ShardedToInterleavedDeviceOperation,12,1752.0
262144,,ReshardDeviceOperation,8,1748.0
2125824,,UntilizeWithUnpaddingDeviceOperation,1,1746.0
1062912,,ReshardDeviceOperation,8,1745.0
804864,,ShardedToInterleavedDeviceOperation,12,1741.0
623616,,ReshardDeviceOperation,8,1721.0
812032,,ReshardDeviceOperation,8,1721.0
2124800,,UntilizeWithUnpaddingDeviceOperation,1,1721.0
2146304,,UntilizeWithUnpaddingDeviceOperation,1,1718.0
605184,,ShardedToInterleavedDeviceOperation,12,1717.0
1011712,,ReshardDeviceOperation,8,1713.0
1999872,1,ReshardDeviceOperation,8,1713.0
732160,,ReshardDeviceOperation,8,1710.0
2128896,,UntilizeWithUnpaddingDeviceOperation,1,1710.0
276480,,UnaryDeviceOperation,64,1708.0
2126848,,UntilizeWithUnpaddingDeviceOperation,1,1706.0
1868800,1,ReshardDeviceOperation,8,1699.0
1988608,1,ReshardDeviceOperation,8,1699.0
543744,,ReshardDeviceOperation,8,1696.0
1781760,1,ShardedToInterleavedDeviceOperation,12,1696.0
2101248,1,ShardedToInterleavedDeviceOperation,12,1693.0
2144256,,UntilizeWithUnpaddingDeviceOperation,1,1693.0
2143232,,UntilizeWithUnpaddingDeviceOperation,1,1692.0
2140160,,UntilizeWithUnpaddingDeviceOperation,1,1690.0
1262592,1,ShardedToInterleavedDeviceOperation,12,1689.0
1741824,1,ShardedToInterleavedDeviceOperation,12,1685.0
2130944,,UntilizeWithUnpaddingDeviceOperation,1,1684.0
2132992,,UntilizeWithUnpaddingDeviceOperation,1,1684.0
1302528,1,ShardedToInterleavedDeviceOperation,12,1683.0
1908736,1,ReshardDeviceOperation,8,1681.0
2141184,,UntilizeWithUnpaddingDeviceOperation,1,1681.0
530432,,InterleavedToShardedDeviceOperation,48,1680.0
2135040,,UntilizeWithUnpaddingDeviceOperation,1,1677.0
2131968,,UntilizeWithUnpaddingDeviceOperation,1,1676.0
2145280,,UntilizeWithUnpaddingDeviceOperation,1,1676.0
2061312,1,ShardedToInterleavedDeviceOperation,12,1675.0
2136064,,UntilizeWithUnpaddingDeviceOperation,1,1675.0
492544,,ReshardDeviceOperation,8,1674.0
1022976,,ReshardDeviceOperation,8,1674.0
1622016,1,ShardedToInterleavedDeviceOperation,12,1670.0
2139136,,UntilizeWithUnpaddingDeviceOperation,1,1667.0
891904,,ReshardDeviceOperation,8,1666.0
2129920,,UntilizeWithUnpaddingDeviceOperation,1,1666.0
863232,,ReshardDeviceOperation,8,1665.0
2134016,,UntilizeWithUnpaddingDeviceOperation,1,1665.0
2137088,,UntilizeWithUnpaddingDeviceOperation,1,1662.0
2142208,,UntilizeWithUnpaddingDeviceOperation,1,1661.0
1709056,1,ReshardDeviceOperation,8,1660.0
1051648,,ReshardDeviceOperation,8,1658.0
1941504,1,ShardedToInterleavedDeviceOperation,12,1658.0
1480704,1,ReshardDeviceOperation,8,1657.0
532480,,ReshardDeviceOperation,8,1656.0
2138112,,UntilizeWithUnpaddingDeviceOperation,1,1656.0
931840,,ReshardDeviceOperation,8,1653.0
943104,,ReshardDeviceOperation,8,1652.0
2127872,,UntilizeWithUnpaddingDeviceOperation,1,1650.0
1520640,1,ReshardDeviceOperation,8,1644.0
1389568,1,ReshardDeviceOperation,8,1643.0
1589248,1,ReshardDeviceOperation,8,1642.0
1720320,1,ReshardDeviceOperation,8,1642.0
1981440,1,ShardedToInterleavedDeviceOperation,12,1642.0
572416,,ReshardDeviceOperation,8,1640.0
2108416,1,ReshardDeviceOperation,8,1638.0
1760256,1,ReshardDeviceOperation,8,1637.0
2039808,1,ReshardDeviceOperation,8,1636.0
903168,,ReshardDeviceOperation,8,1634.0
1920000,1,ReshardDeviceOperation,8,1633.0
296960,,InterleavedToShardedDeviceOperation,32,1630.0
1309696,1,ReshardDeviceOperation,8,1629.0
1560576,1,ReshardDeviceOperation,8,1628.0
1959936,1,ReshardDeviceOperation,8,1627.0
1788928,1,ReshardDeviceOperation,8,1626.0
2068480,1,ReshardDeviceOperation,8,1625.0
1320960,1,ReshardDeviceOperation,8,1621.0
971776,,ReshardDeviceOperation,8,1619.0
1748992,1,ReshardDeviceOperation,8,1619.0
1880064,1,ReshardDeviceOperation,8,1619.0
1948672,1,ReshardDeviceOperation,8,1619.0
1281024,1,ReshardDeviceOperation,8,1618.0
2028544,1,ReshardDeviceOperation,8,1618.0
583680,,ReshardDeviceOperation,8,1617.0
983040,,ReshardDeviceOperation,8,1616.0
1383424,1,InterleavedToShardedDeviceOperation,8,1611.0
490496,,InterleavedToShardedDeviceOperation,48,1609.0
645120,,ShardedToInterleavedDeviceOperation,12,1609.0
1469440,1,ReshardDeviceOperation,8,1609.0
1400832,1,ReshardDeviceOperation,8,1601.0
1549312,1,ReshardDeviceOperation,8,1601.0
823296,,ReshardDeviceOperation,8,1599.0
1669120,1,ReshardDeviceOperation,8,1599.0
2079744,1,ReshardDeviceOperation,8,1597.0
1233920,1,InterleavedToShardedDeviceOperation,32,1595.0
1840128,1,ReshardDeviceOperation,8,1595.0
743424,,ReshardDeviceOperation,8,1594.0
1091584,,ReshardDeviceOperation,8,1588.0
1800192,1,ReshardDeviceOperation,8,1588.0
306176,,RepeatDeviceOperation,64,1588.0
1429504,1,ReshardDeviceOperation,8,1586.0
652288,,ReshardDeviceOperation,8,1585.0
610304,,InterleavedToShardedDeviceOperation,48,1584.0
1701888,1,ShardedToInterleavedDeviceOperation,12,1584.0
1821696,1,ShardedToInterleavedDeviceOperation,12,1583.0
1462272,1,ShardedToInterleavedDeviceOperation,12,1579.0
1828864,1,ReshardDeviceOperation,8,1577.0
1199104,1,ReshardDeviceOperation,8,1576.0
1129472,,InterleavedToShardedDeviceOperation,48,1574.0
1203200,1,RepeatDeviceOperation,64,1574.0
1629184,1,ReshardDeviceOperation,8,1572.0
1662976,1,InterleavedToShardedDeviceOperation,8,1570.0
730112,,InterleavedToShardedDeviceOperation,48,1565.0
1440768,1,ReshardDeviceOperation,8,1558.0
1543168,1,InterleavedToShardedDeviceOperation,8,1554.0
370688,,InterleavedToShardedDeviceOperation,48,1551.0
1255424,1,ShardedToInterleavedDeviceOperation,32,1548.0
1089536,,InterleavedToShardedDeviceOperation,48,1546.0
1680384,1,ReshardDeviceOperation,8,1546.0
1247232,1,ShardedToInterleavedDeviceOperation,32,1540.0
1600512,1,ReshardDeviceOperation,8,1540.0
1360896,1,ReshardDeviceOperation,8,1539.0
1349632,1,ReshardDeviceOperation,8,1532.0
1049600,,InterleavedToShardedDeviceOperation,48,1531.0
1582080,1,ShardedToInterleavedDeviceOperation,12,1530.0
1862656,1,InterleavedToShardedDeviceOperation,8,1526.0
1243136,1,RepeatDeviceOperation,64,1525.0
330752,,InterleavedToShardedDeviceOperation,48,1521.0
1640448,1,ReshardDeviceOperation,8,1520.0
1782784,1,InterleavedToShardedDeviceOperation,8,1520.0
1902592,1,InterleavedToShardedDeviceOperation,8,1518.0
889856,,InterleavedToShardedDeviceOperation,48,1511.0
1263616,1,InterleavedToShardedDeviceOperation,8,1511.0
268288,,TypecastDeviceOperation,1,1510.0
1303552,1,InterleavedToShardedDeviceOperation,8,1510.0
1192960,1,TypecastDeviceOperation,32,1509.0
1169408,,InterleavedToShardedDeviceOperation,48,1508.0
1509376,1,ReshardDeviceOperation,8,1505.0
1702912,1,InterleavedToShardedDeviceOperation,8,1502.0
450560,,InterleavedToShardedDeviceOperation,48,1499.0
969728,,InterleavedToShardedDeviceOperation,48,1499.0
1463296,1,InterleavedToShardedDeviceOperation,8,1499.0
1861632,1,ShardedToInterleavedDeviceOperation,12,1491.0
1623040,1,InterleavedToShardedDeviceOperation,8,1489.0
650240,,InterleavedToShardedDeviceOperation,48,1486.0
2062336,1,InterleavedToShardedDeviceOperation,8,1486.0
1382400,1,ShardedToInterleavedDeviceOperation,12,1485.0
809984,,InterleavedToShardedDeviceOperation,48,1483.0
1009664,,InterleavedToShardedDeviceOperation,48,1480.0
410624,,InterleavedToShardedDeviceOperation,48,1475.0
690176,,InterleavedToShardedDeviceOperation,48,1475.0
1901568,1,ShardedToInterleavedDeviceOperation,12,1470.0
1583104,1,InterleavedToShardedDeviceOperation,8,1465.0
1503232,1,InterleavedToShardedDeviceOperation,8,1463.0
770048,,InterleavedToShardedDeviceOperation,48,1455.0
1822720,1,InterleavedToShardedDeviceOperation,8,1444.0
318464,,ShardedToInterleavedDeviceOperation,32,1440.0
2022400,1,InterleavedToShardedDeviceOperation,8,1432.0
1205248,1,TypecastDeviceOperation,1,1430.0
299008,,CopyDeviceOperation,8,1425.0
256000,,TypecastDeviceOperation,32,1415.0
849920,,InterleavedToShardedDeviceOperation,48,1400.0
570368,,InterleavedToShardedDeviceOperation,48,1390.0
282624,,CopyDeviceOperation,8,1388.0
929792,,InterleavedToShardedDeviceOperation,48,1379.0
1216512,1,CopyDeviceOperation,8,1367.0
281600,,CopyDeviceOperation,8,1363.0
300032,,CopyDeviceOperation,8,1344.0
1342464,1,ShardedToInterleavedDeviceOperation,12,1344.0
1427456,1,InterleavedToShardedDeviceOperation,48,1338.0
283648,,CopyDeviceOperation,8,1337.0
1423360,1,InterleavedToShardedDeviceOperation,8,1330.0
526336,,InterleavedToShardedDeviceOperation,8,1312.0
279552,,CopyDeviceOperation,8,1297.0
1125376,,InterleavedToShardedDeviceOperation,8,1291.0
1165312,,InterleavedToShardedDeviceOperation,8,1291.0
1218560,1,CopyDeviceOperation,8,1289.0
1742848,1,InterleavedToShardedDeviceOperation,8,1287.0
1942528,1,InterleavedToShardedDeviceOperation,8,1287.0
2102272,1,InterleavedToShardedDeviceOperation,8,1282.0
1343488,1,InterleavedToShardedDeviceOperation,8,1281.0
1085440,,InterleavedToShardedDeviceOperation,8,1280.0
486400,,InterleavedToShardedDeviceOperation,8,1277.0
446464,,InterleavedToShardedDeviceOperation,8,1267.0
686080,,InterleavedToShardedDeviceOperation,8,1267.0
965632,,InterleavedToShardedDeviceOperation,8,1267.0
1045504,,InterleavedToShardedDeviceOperation,8,1267.0
805888,,InterleavedToShardedDeviceOperation,8,1265.0
1982464,1,InterleavedToShardedDeviceOperation,8,1259.0
406528,,InterleavedToShardedDeviceOperation,8,1258.0
845824,,InterleavedToShardedDeviceOperation,8,1258.0
925696,,InterleavedToShardedDeviceOperation,8,1258.0
326656,,InterleavedToShardedDeviceOperation,8,1255.0
566272,,InterleavedToShardedDeviceOperation,8,1255.0
885760,,InterleavedToShardedDeviceOperation,8,1255.0
1005568,,InterleavedToShardedDeviceOperation,8,1254.0
366592,,InterleavedToShardedDeviceOperation,8,1247.0
646144,,InterleavedToShardedDeviceOperation,8,1247.0
726016,,InterleavedToShardedDeviceOperation,8,1247.0
1347584,1,InterleavedToShardedDeviceOperation,48,1247.0
1667072,1,InterleavedToShardedDeviceOperation,48,1246.0
765952,,InterleavedToShardedDeviceOperation,8,1245.0
1707008,1,InterleavedToShardedDeviceOperation,48,1245.0
1826816,1,InterleavedToShardedDeviceOperation,48,1240.0
606208,,InterleavedToShardedDeviceOperation,8,1238.0
2106368,1,InterleavedToShardedDeviceOperation,48,1225.0
1219584,1,CopyDeviceOperation,8,1218.0
1387520,1,InterleavedToShardedDeviceOperation,48,1214.0
1587200,1,InterleavedToShardedDeviceOperation,48,1179.0
1746944,1,InterleavedToShardedDeviceOperation,48,1170.0
1235968,1,CopyDeviceOperation,8,1166.0
1197056,1,InterleavedToShardedDeviceOperation,48,1160.0
1267712,1,InterleavedToShardedDeviceOperation,48,1145.0
1547264,1,InterleavedToShardedDeviceOperation,48,1145.0
1786880,1,InterleavedToShardedDeviceOperation,48,1145.0
1906688,1,InterleavedToShardedDeviceOperation,48,1142.0
1467392,1,InterleavedToShardedDeviceOperation,48,1121.0
1986560,1,InterleavedToShardedDeviceOperation,48,1115.0
1507328,1,InterleavedToShardedDeviceOperation,48,1110.0
1866752,1,InterleavedToShardedDeviceOperation,48,1110.0
1502208,1,ShardedToInterleavedDeviceOperation,12,1098.0
260096,,InterleavedToShardedDeviceOperation,48,1091.0
320512,,InterleavedToShardedDeviceOperation,32,1091.0
1627136,1,InterleavedToShardedDeviceOperation,48,1083.0
1946624,1,InterleavedToShardedDeviceOperation,48,1080.0
2066432,1,InterleavedToShardedDeviceOperation,48,1068.0
1268736,1,ReshardDeviceOperation,8,1066.0
1236992,1,CopyDeviceOperation,8,1016.0
1220608,1,CopyDeviceOperation,8,996.0
2026496,1,InterleavedToShardedDeviceOperation,48,981.0
1307648,1,InterleavedToShardedDeviceOperation,48,979.0
1257472,1,InterleavedToShardedDeviceOperation,32,902.0
1195008,1,CopyDeviceOperation,1,889.0
258048,,CopyDeviceOperation,1,879.0
273408,,InterleavedToShardedDeviceOperation,8,863.0
1191936,1,ShardedToInterleavedDeviceOperation,1,767.0
251904,,ShardedToInterleavedDeviceOperation,1,743.0
254976,,ShardedToInterleavedDeviceOperation,1,735.0
1188864,1,ShardedToInterleavedDeviceOperation,1,735.0
1210368,1,InterleavedToShardedDeviceOperation,8,695.0
271360,,ShardedToInterleavedDeviceOperation,4,663.0
1744896,1,BinaryNgDeviceOperation,64,601.0
1208320,1,ShardedToInterleavedDeviceOperation,4,600.0
2104320,1,BinaryNgDeviceOperation,64,599.0
1305600,1,BinaryNgDeviceOperation,64,596.0
1665024,1,BinaryNgDeviceOperation,64,594.0
1704960,1,BinaryNgDeviceOperation,64,594.0
1784832,1,BinaryNgDeviceOperation,64,593.0
1345536,1,BinaryNgDeviceOperation,64,589.0
1385472,1,BinaryNgDeviceOperation,64,589.0
1465344,1,BinaryNgDeviceOperation,64,589.0
1545216,1,BinaryNgDeviceOperation,64,589.0
1944576,1,BinaryNgDeviceOperation,64,585.0
2024448,1,BinaryNgDeviceOperation,64,585.0
1904640,1,BinaryNgDeviceOperation,64,582.0
1425408,1,BinaryNgDeviceOperation,64,577.0
1864704,1,BinaryNgDeviceOperation,64,576.0
1585152,1,BinaryNgDeviceOperation,64,574.0
1505280,1,BinaryNgDeviceOperation,64,572.0
1625088,1,BinaryNgDeviceOperation,64,571.0
1984512,1,BinaryNgDeviceOperation,64,571.0
2064384,1,BinaryNgDeviceOperation,64,569.0
291840,,ShardedToInterleavedDeviceOperation,4,567.0
1824768,1,BinaryNgDeviceOperation,64,567.0
278528,,ShardedToInterleavedDeviceOperation,8,564.0
280576,,ShardedToInterleavedDeviceOperation,8,556.0
1228800,1,ShardedToInterleavedDeviceOperation,4,536.0
1217536,1,ShardedToInterleavedDeviceOperation,8,525.0
1215488,1,ShardedToInterleavedDeviceOperation,8,519.0
967680,,BinaryNgDeviceOperation,64,514.0
408576,,BinaryNgDeviceOperation,64,498.0
768000,,BinaryNgDeviceOperation,64,497.0
927744,,BinaryNgDeviceOperation,64,497.0
1047552,,BinaryNgDeviceOperation,64,486.0
847872,,BinaryNgDeviceOperation,64,484.0
608256,,BinaryNgDeviceOperation,64,483.0
1167360,,BinaryNgDeviceOperation,64,483.0
688128,,BinaryNgDeviceOperation,64,482.0
1087488,,BinaryNgDeviceOperation,64,482.0
488448,,BinaryNgDeviceOperation,64,481.0
728064,,BinaryNgDeviceOperation,64,480.0
568320,,BinaryNgDeviceOperation,64,479.0
887808,,BinaryNgDeviceOperation,64,478.0
1007616,,BinaryNgDeviceOperation,64,477.0
648192,,BinaryNgDeviceOperation,64,476.0
368640,,BinaryNgDeviceOperation,64,475.0
1127424,,BinaryNgDeviceOperation,64,475.0
807936,,BinaryNgDeviceOperation,64,469.0
448512,,BinaryNgDeviceOperation,64,467.0
528384,,BinaryNgDeviceOperation,64,464.0
