op_id,replay,op_name,cores,duration_ns
2390016,1,MatmulDeviceOperation,60,2965570.0
1292288,,MatmulDeviceOperation,64,2959735.0
1295360,,ArgMaxDeviceOperation,64,2327934.0
2393088,1,ArgMaxDeviceOperation,60,2323902.0
1561600,1,MatmulDeviceOperation,64,304993.0
1225728,,MatmulDeviceOperation,64,304918.0
2323456,1,MatmulDeviceOperation,63,304038.0
1466368,1,MatmulDeviceOperation,64,303926.0
2164736,1,MatmulDeviceOperation,64,303911.0
2291712,1,MatmulDeviceOperation,64,303687.0
2386944,1,MatmulDeviceOperation,60,303682.0
813056,,MatmulDeviceOperation,64,303504.0
368640,,MatmulDeviceOperation,64,303132.0
559104,,MatmulDeviceOperation,64,303032.0
1402880,1,MatmulDeviceOperation,64,302987.0
1193984,,MatmulDeviceOperation,64,302654.0
1434624,1,MatmulDeviceOperation,64,302630.0
1656832,1,MatmulDeviceOperation,64,302610.0
971776,,MatmulDeviceOperation,64,302502.0
1879040,1,MatmulDeviceOperation,64,302361.0
2228224,1,MatmulDeviceOperation,64,302304.0
432128,,MatmulDeviceOperation,64,302274.0
463872,,MatmulDeviceOperation,64,302102.0
1783808,1,MatmulDeviceOperation,64,302099.0
1098752,,MatmulDeviceOperation,64,302065.0
876544,,MatmulDeviceOperation,64,302049.0
495616,,MatmulDeviceOperation,64,302020.0
749568,,MatmulDeviceOperation,64,301825.0
1003520,,MatmulDeviceOperation,64,301735.0
686080,,MatmulDeviceOperation,64,301718.0
940032,,MatmulDeviceOperation,64,301688.0
527360,,MatmulDeviceOperation,64,301677.0
2101248,1,MatmulDeviceOperation,64,301643.0
1942528,1,MatmulDeviceOperation,64,301587.0
1974272,1,MatmulDeviceOperation,64,301576.0
2132992,1,MatmulDeviceOperation,64,301428.0
2196480,1,MatmulDeviceOperation,64,301316.0
1529856,1,MatmulDeviceOperation,64,301305.0
1498112,1,MatmulDeviceOperation,64,301255.0
1847296,1,MatmulDeviceOperation,64,301214.0
305152,,MatmulDeviceOperation,64,301187.0
844800,,MatmulDeviceOperation,64,301179.0
2259968,1,MatmulDeviceOperation,64,301171.0
1910784,1,MatmulDeviceOperation,64,301104.0
2037760,1,MatmulDeviceOperation,64,300960.0
654336,,MatmulDeviceOperation,64,300949.0
622592,,MatmulDeviceOperation,64,300747.0
1257472,,MatmulDeviceOperation,64,300706.0
2069504,1,MatmulDeviceOperation,64,300652.0
590848,,MatmulDeviceOperation,64,300647.0
1130496,,MatmulDeviceOperation,64,300531.0
781312,,MatmulDeviceOperation,64,300499.0
1720320,1,MatmulDeviceOperation,64,300468.0
336896,,MatmulDeviceOperation,64,300464.0
1625088,1,MatmulDeviceOperation,64,300412.0
908288,,MatmulDeviceOperation,64,300392.0
2355200,1,MatmulDeviceOperation,63,300287.0
1688576,1,MatmulDeviceOperation,64,299780.0
1067008,,MatmulDeviceOperation,64,299566.0
1035264,,MatmulDeviceOperation,64,299296.0
1752064,1,MatmulDeviceOperation,64,299184.0
1593344,1,MatmulDeviceOperation,64,299100.0
1162240,,MatmulDeviceOperation,64,298597.0
400384,,MatmulDeviceOperation,64,298363.0
1289216,,MatmulDeviceOperation,64,298270.0
2006016,1,MatmulDeviceOperation,64,297484.0
717824,,MatmulDeviceOperation,64,297402.0
1815552,1,MatmulDeviceOperation,64,296889.0
1811456,1,MatmulDeviceOperation,64,174553.0
1430528,1,MatmulDeviceOperation,64,173622.0
1684480,1,MatmulDeviceOperation,64,173526.0
1652736,1,MatmulDeviceOperation,64,173278.0
2097152,1,MatmulDeviceOperation,64,173276.0
1779712,1,MatmulDeviceOperation,64,173224.0
1970176,1,MatmulDeviceOperation,64,173206.0
2160640,1,MatmulDeviceOperation,64,173175.0
1189888,,MatmulDeviceOperation,64,172866.0
2319360,1,MatmulDeviceOperation,64,172637.0
428032,,MatmulDeviceOperation,64,172513.0
459776,,MatmulDeviceOperation,64,172477.0
1253376,,MatmulDeviceOperation,64,172316.0
1843200,1,MatmulDeviceOperation,64,172308.0
1747968,1,MatmulDeviceOperation,64,172249.0
904192,,MatmulDeviceOperation,64,172234.0
1094656,,MatmulDeviceOperation,64,172140.0
999424,,MatmulDeviceOperation,64,172117.0
1874944,1,MatmulDeviceOperation,64,171970.0
2255872,1,MatmulDeviceOperation,64,171875.0
2382848,1,MatmulDeviceOperation,60,171849.0
650240,,MatmulDeviceOperation,64,171639.0
1494016,1,MatmulDeviceOperation,64,171588.0
1589248,1,MatmulDeviceOperation,64,171571.0
713728,,MatmulDeviceOperation,64,171566.0
364544,,MatmulDeviceOperation,64,171509.0
1031168,,MatmulDeviceOperation,64,171486.0
2001920,1,MatmulDeviceOperation,64,171438.0
1062912,,MatmulDeviceOperation,64,171429.0
332800,,MatmulDeviceOperation,64,171318.0
1906688,1,MatmulDeviceOperation,64,171299.0
1462272,1,MatmulDeviceOperation,64,171247.0
681984,,MatmulDeviceOperation,64,170721.0
618496,,MatmulDeviceOperation,64,170663.0
523264,,MatmulDeviceOperation,64,170629.0
1938432,1,MatmulDeviceOperation,64,170626.0
1557504,1,MatmulDeviceOperation,64,170532.0
935936,,MatmulDeviceOperation,64,170417.0
1158144,,MatmulDeviceOperation,64,170380.0
1398784,1,MatmulDeviceOperation,64,170344.0
1525760,1,MatmulDeviceOperation,64,170244.0
491520,,MatmulDeviceOperation,64,170145.0
2351104,1,MatmulDeviceOperation,63,170122.0
808960,,MatmulDeviceOperation,64,170018.0
2033664,1,MatmulDeviceOperation,64,169794.0
2128896,1,MatmulDeviceOperation,64,169696.0
1126400,,MatmulDeviceOperation,64,169687.0
2065408,1,MatmulDeviceOperation,64,169628.0
840704,,MatmulDeviceOperation,64,169570.0
2192384,1,MatmulDeviceOperation,64,168901.0
2287616,1,MatmulDeviceOperation,64,168860.0
301056,,MatmulDeviceOperation,64,168750.0
745472,,MatmulDeviceOperation,64,168656.0
1285120,,MatmulDeviceOperation,64,168627.0
1716224,1,MatmulDeviceOperation,64,168177.0
777216,,MatmulDeviceOperation,64,167760.0
1221632,,MatmulDeviceOperation,64,167729.0
396288,,MatmulDeviceOperation,64,167378.0
1620992,1,MatmulDeviceOperation,64,166428.0
2224128,1,MatmulDeviceOperation,64,166418.0
967680,,MatmulDeviceOperation,64,166145.0
586752,,MatmulDeviceOperation,64,165882.0
872448,,MatmulDeviceOperation,64,164623.0
1622016,1,MatmulDeviceOperation,64,163800.0
555008,,MatmulDeviceOperation,64,163471.0
2034688,1,MatmulDeviceOperation,64,163445.0
1590272,1,MatmulDeviceOperation,64,162886.0
1526784,1,MatmulDeviceOperation,64,162709.0
1971200,1,MatmulDeviceOperation,64,162458.0
2320384,1,MatmulDeviceOperation,63,161952.0
1717248,1,MatmulDeviceOperation,64,161942.0
651264,,MatmulDeviceOperation,64,161768.0
2161664,1,MatmulDeviceOperation,64,161756.0
2002944,1,MatmulDeviceOperation,64,161595.0
746496,,MatmulDeviceOperation,64,161383.0
683008,,MatmulDeviceOperation,64,161378.0
1463296,1,MatmulDeviceOperation,64,161293.0
1399808,1,MatmulDeviceOperation,64,161215.0
2129920,1,MatmulDeviceOperation,64,161150.0
968704,,MatmulDeviceOperation,64,161113.0
2066432,1,MatmulDeviceOperation,64,161100.0
841728,,MatmulDeviceOperation,64,161099.0
2193408,1,MatmulDeviceOperation,64,161034.0
2256896,1,MatmulDeviceOperation,64,161011.0
1495040,1,MatmulDeviceOperation,64,161008.0
460800,,MatmulDeviceOperation,64,160903.0
778240,,MatmulDeviceOperation,64,160873.0
936960,,MatmulDeviceOperation,64,160663.0
1685504,1,MatmulDeviceOperation,64,160627.0
1875968,1,MatmulDeviceOperation,64,160409.0
2225152,1,MatmulDeviceOperation,64,160245.0
1190912,,MatmulDeviceOperation,64,160070.0
1558528,1,MatmulDeviceOperation,64,160046.0
524288,,MatmulDeviceOperation,64,159976.0
2352128,1,MatmulDeviceOperation,63,159842.0
1286144,,MatmulDeviceOperation,64,159803.0
333824,,MatmulDeviceOperation,64,159770.0
2383872,1,MatmulDeviceOperation,60,159746.0
619520,,MatmulDeviceOperation,64,159687.0
1000448,,MatmulDeviceOperation,64,159663.0
1653760,1,MatmulDeviceOperation,64,159590.0
2288640,1,MatmulDeviceOperation,64,159429.0
365568,,MatmulDeviceOperation,64,159391.0
1127424,,MatmulDeviceOperation,64,159359.0
905216,,MatmulDeviceOperation,64,159357.0
397312,,MatmulDeviceOperation,64,159253.0
1095680,,MatmulDeviceOperation,64,159206.0
1939456,1,MatmulDeviceOperation,64,159185.0
1254400,,MatmulDeviceOperation,64,159045.0
1032192,,MatmulDeviceOperation,64,158735.0
1812480,1,MatmulDeviceOperation,64,158597.0
714752,,MatmulDeviceOperation,64,158404.0
1780736,1,MatmulDeviceOperation,64,158340.0
1844224,1,MatmulDeviceOperation,64,158318.0
1222656,,MatmulDeviceOperation,64,157905.0
1159168,,MatmulDeviceOperation,64,157734.0
587776,,MatmulDeviceOperation,64,157507.0
492544,,MatmulDeviceOperation,64,157192.0
873472,,MatmulDeviceOperation,64,156931.0
429056,,MatmulDeviceOperation,64,156901.0
556032,,MatmulDeviceOperation,64,156697.0
1907712,1,MatmulDeviceOperation,64,156668.0
1063936,,MatmulDeviceOperation,64,156562.0
2098176,1,MatmulDeviceOperation,64,156051.0
1748992,1,MatmulDeviceOperation,64,155886.0
1431552,1,MatmulDeviceOperation,64,155376.0
809984,,MatmulDeviceOperation,64,153923.0
302080,,MatmulDeviceOperation,64,150787.0
1882112,1,MatmulDeviceOperation,64,129869.0
339968,,MatmulDeviceOperation,64,129195.0
1197056,,MatmulDeviceOperation,64,129106.0
1070080,,MatmulDeviceOperation,64,128939.0
1469440,1,MatmulDeviceOperation,64,128166.0
593920,,MatmulDeviceOperation,64,127816.0
530432,,MatmulDeviceOperation,64,127813.0
562176,,MatmulDeviceOperation,64,127793.0
816128,,MatmulDeviceOperation,64,127765.0
1596416,1,MatmulDeviceOperation,64,127630.0
1340416,1,MatmulDeviceOperation,64,127467.0
1228800,,MatmulDeviceOperation,64,127387.0
2136064,1,MatmulDeviceOperation,64,127311.0
1564672,1,MatmulDeviceOperation,64,127230.0
2009088,1,MatmulDeviceOperation,64,127195.0
974848,,MatmulDeviceOperation,64,127130.0
2199552,1,MatmulDeviceOperation,64,126800.0
1977344,1,MatmulDeviceOperation,64,126695.0
911360,,MatmulDeviceOperation,64,126659.0
498688,,MatmulDeviceOperation,64,126268.0
403456,,MatmulDeviceOperation,64,126130.0
1850368,1,MatmulDeviceOperation,64,126085.0
720896,,MatmulDeviceOperation,64,126071.0
1532928,1,MatmulDeviceOperation,64,125949.0
1818624,1,MatmulDeviceOperation,64,125929.0
879616,,MatmulDeviceOperation,64,125808.0
242688,,MatmulDeviceOperation,64,125364.0
752640,,MatmulDeviceOperation,64,125360.0
1101824,,MatmulDeviceOperation,64,125338.0
625664,,MatmulDeviceOperation,64,125038.0
2072576,1,MatmulDeviceOperation,64,124854.0
2294784,1,MatmulDeviceOperation,64,124764.0
784384,,MatmulDeviceOperation,64,124544.0
1260544,,MatmulDeviceOperation,64,124372.0
1006592,,MatmulDeviceOperation,64,124311.0
1659904,1,MatmulDeviceOperation,64,124189.0
1691648,1,MatmulDeviceOperation,64,124023.0
1913856,1,MatmulDeviceOperation,64,123959.0
1437696,1,MatmulDeviceOperation,64,123957.0
1755136,1,MatmulDeviceOperation,64,123802.0
371712,,MatmulDeviceOperation,64,123786.0
2231296,1,MatmulDeviceOperation,64,123743.0
1501184,1,MatmulDeviceOperation,64,123492.0
689152,,MatmulDeviceOperation,64,123338.0
1723392,1,MatmulDeviceOperation,64,123323.0
435200,,MatmulDeviceOperation,64,123291.0
2040832,1,MatmulDeviceOperation,64,123212.0
2358272,1,MatmulDeviceOperation,63,123192.0
466944,,MatmulDeviceOperation,64,122924.0
2167808,1,MatmulDeviceOperation,64,122892.0
1628160,1,MatmulDeviceOperation,64,122877.0
1945600,1,MatmulDeviceOperation,64,122832.0
847872,,MatmulDeviceOperation,64,122782.0
308224,,MatmulDeviceOperation,64,122716.0
2104320,1,MatmulDeviceOperation,64,122644.0
2326528,1,MatmulDeviceOperation,63,122573.0
657408,,MatmulDeviceOperation,64,122482.0
943104,,MatmulDeviceOperation,64,122106.0
1133568,,MatmulDeviceOperation,64,122106.0
1405952,1,MatmulDeviceOperation,64,122091.0
1038336,,MatmulDeviceOperation,64,122065.0
1786880,1,MatmulDeviceOperation,64,121970.0
1165312,,MatmulDeviceOperation,64,121771.0
2263040,1,MatmulDeviceOperation,64,121322.0
1294336,,UntilizeDeviceOperation,63,114540.0
2392064,1,UntilizeDeviceOperation,59,114128.0
118784,,TilizeDeviceOperation,64,99117.0
161792,,TilizeDeviceOperation,64,98534.0
188416,,TilizeDeviceOperation,64,98426.0
180224,,TilizeDeviceOperation,64,98401.0
194560,,TilizeDeviceOperation,64,98172.0
169984,,TilizeDeviceOperation,64,98081.0
112640,,TilizeDeviceOperation,64,97961.0
90112,,TilizeDeviceOperation,64,97858.0
2048,,TilizeDeviceOperation,64,97856.0
94208,,TilizeDeviceOperation,64,97845.0
8192,,TilizeDeviceOperation,64,97688.0
124928,,TilizeDeviceOperation,64,97637.0
100352,,TilizeDeviceOperation,64,97543.0
131072,,TilizeDeviceOperation,64,97531.0
106496,,TilizeDeviceOperation,64,97529.0
143360,,TilizeDeviceOperation,64,97492.0
163840,,TilizeDeviceOperation,64,97428.0
96256,,TilizeDeviceOperation,64,97393.0
186368,,TilizeDeviceOperation,64,97286.0
63488,,TilizeDeviceOperation,64,97237.0
174080,,TilizeDeviceOperation,64,97167.0
126976,,TilizeDeviceOperation,64,97099.0
65536,,TilizeDeviceOperation,64,97037.0
14336,,TilizeDeviceOperation,64,96950.0
10240,,TilizeDeviceOperation,64,96905.0
47104,,TilizeDeviceOperation,64,96898.0
102400,,TilizeDeviceOperation,64,96847.0
34816,,TilizeDeviceOperation,64,96840.0
81920,,TilizeDeviceOperation,64,96721.0
151552,,TilizeDeviceOperation,64,96703.0
40960,,TilizeDeviceOperation,64,96681.0
176128,,TilizeDeviceOperation,64,96657.0
4096,,TilizeDeviceOperation,64,96636.0
182272,,TilizeDeviceOperation,64,96598.0
157696,,TilizeDeviceOperation,64,96552.0
69632,,TilizeDeviceOperation,64,96505.0
83968,,TilizeDeviceOperation,64,96500.0
88064,,TilizeDeviceOperation,64,96452.0
59392,,TilizeDeviceOperation,64,96429.0
139264,,TilizeDeviceOperation,64,96374.0
45056,,TilizeDeviceOperation,64,96227.0
77824,,TilizeDeviceOperation,64,96167.0
155648,,TilizeDeviceOperation,64,96081.0
16384,,TilizeDeviceOperation,64,96052.0
51200,,TilizeDeviceOperation,64,96049.0
133120,,TilizeDeviceOperation,64,96019.0
120832,,TilizeDeviceOperation,64,96014.0
167936,,TilizeDeviceOperation,64,96010.0
53248,,TilizeDeviceOperation,64,95933.0
57344,,TilizeDeviceOperation,64,95858.0
75776,,TilizeDeviceOperation,64,95832.0
38912,,TilizeDeviceOperation,64,95795.0
114688,,TilizeDeviceOperation,64,95787.0
137216,,TilizeDeviceOperation,64,95748.0
145408,,TilizeDeviceOperation,64,95743.0
32768,,TilizeDeviceOperation,64,95577.0
20480,,TilizeDeviceOperation,64,95493.0
26624,,TilizeDeviceOperation,64,95171.0
192512,,TilizeDeviceOperation,64,95054.0
71680,,TilizeDeviceOperation,64,94755.0
28672,,TilizeDeviceOperation,64,94706.0
149504,,TilizeDeviceOperation,64,94692.0
108544,,TilizeDeviceOperation,64,94618.0
22528,,TilizeDeviceOperation,64,94588.0
1522688,1,MatmulDeviceOperation,64,90720.0
2316288,1,MatmulDeviceOperation,64,89799.0
1490944,1,MatmulDeviceOperation,64,89475.0
2157568,1,MatmulDeviceOperation,64,89455.0
2062336,1,MatmulDeviceOperation,64,89234.0
1681408,1,MatmulDeviceOperation,64,89139.0
1967104,1,MatmulDeviceOperation,64,89135.0
1935360,1,MatmulDeviceOperation,64,88979.0
1617920,1,MatmulDeviceOperation,64,88959.0
1840128,1,MatmulDeviceOperation,64,88827.0
678912,,MatmulDeviceOperation,64,88680.0
1028096,,MatmulDeviceOperation,64,88543.0
2252800,1,MatmulDeviceOperation,64,88468.0
1649664,1,MatmulDeviceOperation,64,88397.0
2221056,1,MatmulDeviceOperation,64,88351.0
1459200,1,MatmulDeviceOperation,64,88302.0
361472,,MatmulDeviceOperation,64,88286.0
2125824,1,MatmulDeviceOperation,64,88240.0
805888,,MatmulDeviceOperation,64,88237.0
1059840,,MatmulDeviceOperation,64,88088.0
1713152,1,MatmulDeviceOperation,64,88061.0
774144,,MatmulDeviceOperation,64,88039.0
297984,,MatmulDeviceOperation,64,88002.0
2348032,1,MatmulDeviceOperation,63,87992.0
1123328,,MatmulDeviceOperation,64,87952.0
488448,,MatmulDeviceOperation,64,87944.0
1586176,1,MatmulDeviceOperation,64,87835.0
583680,,MatmulDeviceOperation,64,87823.0
1554432,1,MatmulDeviceOperation,64,87816.0
2189312,1,MatmulDeviceOperation,64,87772.0
1903616,1,MatmulDeviceOperation,64,87769.0
742400,,MatmulDeviceOperation,64,87703.0
1998848,1,MatmulDeviceOperation,64,87692.0
2284544,1,MatmulDeviceOperation,64,87681.0
1808384,1,MatmulDeviceOperation,64,87647.0
2094080,1,MatmulDeviceOperation,64,87614.0
1395712,1,MatmulDeviceOperation,64,87605.0
1776640,1,MatmulDeviceOperation,64,87451.0
1186816,,MatmulDeviceOperation,64,87432.0
551936,,MatmulDeviceOperation,64,87409.0
329728,,MatmulDeviceOperation,64,87392.0
2030592,1,MatmulDeviceOperation,64,87311.0
1871872,1,MatmulDeviceOperation,64,87178.0
424960,,MatmulDeviceOperation,64,87005.0
1427456,1,MatmulDeviceOperation,64,86995.0
615424,,MatmulDeviceOperation,64,86976.0
901120,,MatmulDeviceOperation,64,86941.0
1282048,,MatmulDeviceOperation,64,86928.0
932864,,MatmulDeviceOperation,64,86907.0
869376,,MatmulDeviceOperation,64,86873.0
1218560,,MatmulDeviceOperation,64,86837.0
1091584,,MatmulDeviceOperation,64,86797.0
647168,,MatmulDeviceOperation,64,86762.0
1155072,,MatmulDeviceOperation,64,86741.0
1744896,1,MatmulDeviceOperation,64,86702.0
710656,,MatmulDeviceOperation,64,86669.0
456704,,MatmulDeviceOperation,64,86647.0
996352,,MatmulDeviceOperation,64,86533.0
1250304,,MatmulDeviceOperation,64,86510.0
837632,,MatmulDeviceOperation,64,86497.0
964608,,MatmulDeviceOperation,64,86307.0
2379776,1,MatmulDeviceOperation,60,86163.0
520192,,MatmulDeviceOperation,64,85625.0
393216,,MatmulDeviceOperation,64,85523.0
1420288,1,SdpaDecodeDeviceOperation,64,74393.0
1832960,1,SdpaDecodeDeviceOperation,64,73299.0
2118656,1,SdpaDecodeDeviceOperation,64,72989.0
2055168,1,SdpaDecodeDeviceOperation,64,72968.0
671744,,SdpaDecodeDeviceOperation,64,72879.0
766976,,SdpaDecodeDeviceOperation,64,72875.0
449536,,SdpaDecodeDeviceOperation,64,72725.0
1211392,,SdpaDecodeDeviceOperation,64,72661.0
1769472,1,SdpaDecodeDeviceOperation,64,72562.0
1705984,1,SdpaDecodeDeviceOperation,64,72429.0
1642496,1,SdpaDecodeDeviceOperation,64,72371.0
1928192,1,SdpaDecodeDeviceOperation,64,72296.0
2340864,1,SdpaDecodeDeviceOperation,63,72255.0
798720,,SdpaDecodeDeviceOperation,64,72241.0
1959936,1,SdpaDecodeDeviceOperation,64,72188.0
1116160,,SdpaDecodeDeviceOperation,64,72134.0
1610752,1,SdpaDecodeDeviceOperation,64,72102.0
1179648,,SdpaDecodeDeviceOperation,64,72090.0
2372608,1,SdpaDecodeDeviceOperation,60,72065.0
354304,,SdpaDecodeDeviceOperation,64,71955.0
1991680,1,SdpaDecodeDeviceOperation,64,71815.0
2245632,1,SdpaDecodeDeviceOperation,64,71786.0
2182144,1,SdpaDecodeDeviceOperation,64,71769.0
1483776,1,SdpaDecodeDeviceOperation,64,71737.0
1515520,1,SdpaDecodeDeviceOperation,64,71706.0
1547264,1,SdpaDecodeDeviceOperation,64,71693.0
2086912,1,SdpaDecodeDeviceOperation,64,71627.0
1052672,,SdpaDecodeDeviceOperation,64,71598.0
544768,,SdpaDecodeDeviceOperation,64,71553.0
513024,,SdpaDecodeDeviceOperation,64,71529.0
703488,,SdpaDecodeDeviceOperation,64,71519.0
830464,,SdpaDecodeDeviceOperation,64,71498.0
1020928,,SdpaDecodeDeviceOperation,64,71494.0
1084416,,SdpaDecodeDeviceOperation,64,71472.0
576512,,SdpaDecodeDeviceOperation,64,71456.0
2023424,1,SdpaDecodeDeviceOperation,64,71446.0
1452032,1,SdpaDecodeDeviceOperation,64,71441.0
608256,,SdpaDecodeDeviceOperation,64,71408.0
989184,,SdpaDecodeDeviceOperation,64,71334.0
2213888,1,SdpaDecodeDeviceOperation,64,71334.0
1674240,1,SdpaDecodeDeviceOperation,64,71269.0
862208,,SdpaDecodeDeviceOperation,64,71258.0
1274880,,SdpaDecodeDeviceOperation,64,71215.0
2277376,1,SdpaDecodeDeviceOperation,64,71135.0
1737728,1,SdpaDecodeDeviceOperation,64,71128.0
2309120,1,SdpaDecodeDeviceOperation,64,71113.0
417792,,SdpaDecodeDeviceOperation,64,71075.0
1864704,1,SdpaDecodeDeviceOperation,64,71036.0
1384448,1,SdpaDecodeDeviceOperation,64,71012.0
735232,,SdpaDecodeDeviceOperation,64,70977.0
1147904,,SdpaDecodeDeviceOperation,64,70873.0
386048,,SdpaDecodeDeviceOperation,64,70855.0
322560,,SdpaDecodeDeviceOperation,64,70849.0
1243136,,SdpaDecodeDeviceOperation,64,70766.0
1896448,1,SdpaDecodeDeviceOperation,64,70728.0
1579008,1,SdpaDecodeDeviceOperation,64,70657.0
2150400,1,SdpaDecodeDeviceOperation,64,70619.0
640000,,SdpaDecodeDeviceOperation,64,70607.0
893952,,SdpaDecodeDeviceOperation,64,70385.0
925696,,SdpaDecodeDeviceOperation,64,70307.0
1801216,1,SdpaDecodeDeviceOperation,64,70256.0
481280,,SdpaDecodeDeviceOperation,64,70252.0
957440,,SdpaDecodeDeviceOperation,64,70166.0
286720,,SdpaDecodeDeviceOperation,64,70144.0
35840,,TypecastDeviceOperation,64,70092.0
134144,,TypecastDeviceOperation,64,70069.0
193536,,TypecastDeviceOperation,64,70064.0
66560,,TypecastDeviceOperation,64,69937.0
17408,,TypecastDeviceOperation,64,69876.0
5120,,TypecastDeviceOperation,64,69845.0
125952,,TypecastDeviceOperation,64,69837.0
121856,,TypecastDeviceOperation,64,69775.0
46080,,TypecastDeviceOperation,64,69758.0
9216,,TypecastDeviceOperation,64,69691.0
103424,,TypecastDeviceOperation,64,69661.0
27648,,TypecastDeviceOperation,64,69622.0
138240,,TypecastDeviceOperation,64,69538.0
152576,,TypecastDeviceOperation,64,69475.0
171008,,TypecastDeviceOperation,64,69439.0
115712,,TypecastDeviceOperation,64,69363.0
41984,,TypecastDeviceOperation,64,69233.0
144384,,TypecastDeviceOperation,64,69202.0
54272,,TypecastDeviceOperation,64,69187.0
64512,,TypecastDeviceOperation,64,69183.0
189440,,TypecastDeviceOperation,64,69169.0
164864,,TypecastDeviceOperation,64,69150.0
132096,,TypecastDeviceOperation,64,69147.0
70656,,TypecastDeviceOperation,64,69096.0
95232,,TypecastDeviceOperation,64,69070.0
21504,,TypecastDeviceOperation,64,69028.0
162816,,TypecastDeviceOperation,64,69028.0
183296,,TypecastDeviceOperation,64,68994.0
158720,,TypecastDeviceOperation,64,68929.0
82944,,TypecastDeviceOperation,64,68904.0
39936,,TypecastDeviceOperation,64,68800.0
91136,,TypecastDeviceOperation,64,68748.0
113664,,TypecastDeviceOperation,64,68705.0
72704,,TypecastDeviceOperation,64,68702.0
175104,,TypecastDeviceOperation,64,68625.0
15360,,TypecastDeviceOperation,64,68603.0
84992,,TypecastDeviceOperation,64,68550.0
3072,,TypecastDeviceOperation,64,68517.0
128000,,TypecastDeviceOperation,64,68405.0
195584,,TypecastDeviceOperation,64,68398.0
58368,,TypecastDeviceOperation,64,68362.0
76800,,TypecastDeviceOperation,64,68311.0
89088,,TypecastDeviceOperation,64,68305.0
48128,,TypecastDeviceOperation,64,68274.0
181248,,TypecastDeviceOperation,64,68200.0
140288,,TypecastDeviceOperation,64,68177.0
60416,,TypecastDeviceOperation,64,68135.0
23552,,TypecastDeviceOperation,64,68072.0
29696,,TypecastDeviceOperation,64,67988.0
156672,,TypecastDeviceOperation,64,67966.0
119808,,TypecastDeviceOperation,64,67947.0
187392,,TypecastDeviceOperation,64,67936.0
150528,,TypecastDeviceOperation,64,67894.0
11264,,TypecastDeviceOperation,64,67800.0
107520,,TypecastDeviceOperation,64,67692.0
168960,,TypecastDeviceOperation,64,67678.0
97280,,TypecastDeviceOperation,64,67661.0
109568,,TypecastDeviceOperation,64,67660.0
33792,,TypecastDeviceOperation,64,67624.0
78848,,TypecastDeviceOperation,64,67592.0
177152,,TypecastDeviceOperation,64,67546.0
146432,,TypecastDeviceOperation,64,67472.0
101376,,TypecastDeviceOperation,64,67402.0
52224,,TypecastDeviceOperation,64,67357.0
2391040,1,ShardedToInterleavedDeviceOperation,60,57732.0
1293312,,ShardedToInterleavedDeviceOperation,64,57604.0
1337344,1,EmbeddingsDeviceOperation,1,39465.0
239616,,EmbeddingsDeviceOperation,1,38453.0
992256,,TernaryDeviceOperation,64,26929.0
579584,,TernaryDeviceOperation,64,26904.0
611328,,TernaryDeviceOperation,64,26889.0
484352,,TernaryDeviceOperation,64,26888.0
897024,,TernaryDeviceOperation,64,26874.0
833536,,TernaryDeviceOperation,64,26821.0
452608,,TernaryDeviceOperation,64,26806.0
420864,,TernaryDeviceOperation,64,26802.0
1119232,,TernaryDeviceOperation,64,26796.0
1055744,,TernaryDeviceOperation,64,26790.0
357376,,TernaryDeviceOperation,64,26767.0
1024000,,TernaryDeviceOperation,64,26766.0
1246208,,TernaryDeviceOperation,64,26754.0
547840,,TernaryDeviceOperation,64,26751.0
674816,,TernaryDeviceOperation,64,26751.0
643072,,TernaryDeviceOperation,64,26747.0
770048,,TernaryDeviceOperation,64,26746.0
516096,,TernaryDeviceOperation,64,26740.0
865280,,TernaryDeviceOperation,64,26716.0
706560,,TernaryDeviceOperation,64,26710.0
1087488,,TernaryDeviceOperation,64,26708.0
928768,,TernaryDeviceOperation,64,26701.0
293888,,TernaryDeviceOperation,64,26698.0
1277952,,TernaryDeviceOperation,64,26683.0
389120,,TernaryDeviceOperation,64,26674.0
960512,,TernaryDeviceOperation,64,26674.0
1214464,,TernaryDeviceOperation,64,26671.0
738304,,TernaryDeviceOperation,64,26636.0
1150976,,TernaryDeviceOperation,64,26602.0
2280448,1,TernaryDeviceOperation,64,26589.0
325632,,TernaryDeviceOperation,64,26585.0
801792,,TernaryDeviceOperation,64,26530.0
1182720,,TernaryDeviceOperation,64,26499.0
2026496,1,TernaryDeviceOperation,64,26410.0
2058240,1,TernaryDeviceOperation,64,26407.0
2343936,1,TernaryDeviceOperation,63,25979.0
1677312,1,TernaryDeviceOperation,64,25831.0
1804288,1,TernaryDeviceOperation,64,25827.0
1899520,1,TernaryDeviceOperation,64,25825.0
1836032,1,TernaryDeviceOperation,64,25705.0
2121728,1,TernaryDeviceOperation,64,25508.0
1550336,1,TernaryDeviceOperation,64,25491.0
1518592,1,TernaryDeviceOperation,64,25383.0
2185216,1,TernaryDeviceOperation,64,25370.0
1613824,1,TernaryDeviceOperation,64,25327.0
2312192,1,TernaryDeviceOperation,64,25324.0
1486848,1,TernaryDeviceOperation,64,25319.0
1867776,1,TernaryDeviceOperation,64,25314.0
1931264,1,TernaryDeviceOperation,64,25309.0
1455104,1,TernaryDeviceOperation,64,25282.0
1994752,1,TernaryDeviceOperation,64,25264.0
2375680,1,TernaryDeviceOperation,60,25202.0
1963008,1,TernaryDeviceOperation,64,25192.0
1709056,1,TernaryDeviceOperation,64,25182.0
2153472,1,TernaryDeviceOperation,64,25181.0
1423360,1,TernaryDeviceOperation,64,25148.0
1645568,1,TernaryDeviceOperation,64,25146.0
1582080,1,TernaryDeviceOperation,64,25134.0
1772544,1,TernaryDeviceOperation,64,25124.0
2089984,1,TernaryDeviceOperation,64,25100.0
1740800,1,TernaryDeviceOperation,64,24988.0
2248704,1,TernaryDeviceOperation,64,24979.0
1391616,1,TernaryDeviceOperation,64,24974.0
2216960,1,TernaryDeviceOperation,64,24889.0
1368064,1,TernaryDeviceOperation,64,24779.0
270336,,TernaryDeviceOperation,64,24707.0
1471488,1,NLPCreateQKVHeadsDecodeDeviceOperation,32,20091.0
849920,,NLPCreateQKVHeadsDecodeDeviceOperation,32,19706.0
976896,,NLPCreateQKVHeadsDecodeDeviceOperation,32,19694.0
532480,,NLPCreateQKVHeadsDecodeDeviceOperation,32,19693.0
754688,,NLPCreateQKVHeadsDecodeDeviceOperation,32,19665.0
1167360,,NLPCreateQKVHeadsDecodeDeviceOperation,32,19654.0
310272,,NLPCreateQKVHeadsDecodeDeviceOperation,32,19642.0
373760,,NLPCreateQKVHeadsDecodeDeviceOperation,32,19641.0
818176,,NLPCreateQKVHeadsDecodeDeviceOperation,32,19639.0
691200,,NLPCreateQKVHeadsDecodeDeviceOperation,32,19636.0
659456,,NLPCreateQKVHeadsDecodeDeviceOperation,32,19634.0
1103872,,NLPCreateQKVHeadsDecodeDeviceOperation,32,19628.0
1008640,,NLPCreateQKVHeadsDecodeDeviceOperation,32,19625.0
1135616,,NLPCreateQKVHeadsDecodeDeviceOperation,32,19621.0
913408,,NLPCreateQKVHeadsDecodeDeviceOperation,32,19620.0
405504,,NLPCreateQKVHeadsDecodeDeviceOperation,32,19616.0
1199104,,NLPCreateQKVHeadsDecodeDeviceOperation,32,19615.0
468992,,NLPCreateQKVHeadsDecodeDeviceOperation,32,19608.0
627712,,NLPCreateQKVHeadsDecodeDeviceOperation,32,19600.0
244736,,NLPCreateQKVHeadsDecodeDeviceOperation,32,19598.0
945152,,NLPCreateQKVHeadsDecodeDeviceOperation,32,19598.0
564224,,NLPCreateQKVHeadsDecodeDeviceOperation,32,19597.0
722944,,NLPCreateQKVHeadsDecodeDeviceOperation,32,19592.0
786432,,NLPCreateQKVHeadsDecodeDeviceOperation,32,19592.0
342016,,NLPCreateQKVHeadsDecodeDeviceOperation,32,19588.0
500736,,NLPCreateQKVHeadsDecodeDeviceOperation,32,19586.0
437248,,NLPCreateQKVHeadsDecodeDeviceOperation,32,19581.0
1072128,,NLPCreateQKVHeadsDecodeDeviceOperation,32,19579.0
881664,,NLPCreateQKVHeadsDecodeDeviceOperation,32,19577.0
595968,,NLPCreateQKVHeadsDecodeDeviceOperation,32,19576.0
1230848,,NLPCreateQKVHeadsDecodeDeviceOperation,32,19571.0
1262592,,NLPCreateQKVHeadsDecodeDeviceOperation,32,19547.0
1040384,,NLPCreateQKVHeadsDecodeDeviceOperation,32,19529.0
1566720,1,NLPCreateQKVHeadsDecodeDeviceOperation,32,19333.0
1630208,1,NLPCreateQKVHeadsDecodeDeviceOperation,32,19316.0
1788928,1,NLPCreateQKVHeadsDecodeDeviceOperation,32,19298.0
1408000,1,NLPCreateQKVHeadsDecodeDeviceOperation,32,19281.0
2169856,1,NLPCreateQKVHeadsDecodeDeviceOperation,32,19277.0
2201600,1,NLPCreateQKVHeadsDecodeDeviceOperation,32,19274.0
1439744,1,NLPCreateQKVHeadsDecodeDeviceOperation,32,19262.0
1342464,1,NLPCreateQKVHeadsDecodeDeviceOperation,32,19261.0
1852416,1,NLPCreateQKVHeadsDecodeDeviceOperation,32,19259.0
2265088,1,NLPCreateQKVHeadsDecodeDeviceOperation,32,19259.0
1661952,1,NLPCreateQKVHeadsDecodeDeviceOperation,32,19253.0
2296832,1,NLPCreateQKVHeadsDecodeDeviceOperation,32,19250.0
2360320,1,NLPCreateQKVHeadsDecodeDeviceOperation,31,19243.0
1534976,1,NLPCreateQKVHeadsDecodeDeviceOperation,32,19240.0
1884160,1,NLPCreateQKVHeadsDecodeDeviceOperation,32,19234.0
2106368,1,NLPCreateQKVHeadsDecodeDeviceOperation,32,19229.0
1598464,1,NLPCreateQKVHeadsDecodeDeviceOperation,32,19228.0
1820672,1,NLPCreateQKVHeadsDecodeDeviceOperation,32,19228.0
2011136,1,NLPCreateQKVHeadsDecodeDeviceOperation,32,19224.0
2138112,1,NLPCreateQKVHeadsDecodeDeviceOperation,32,19222.0
1947648,1,NLPCreateQKVHeadsDecodeDeviceOperation,32,19221.0
2042880,1,NLPCreateQKVHeadsDecodeDeviceOperation,32,19216.0
1693696,1,NLPCreateQKVHeadsDecodeDeviceOperation,32,19215.0
1757184,1,NLPCreateQKVHeadsDecodeDeviceOperation,32,19215.0
2233344,1,NLPCreateQKVHeadsDecodeDeviceOperation,32,19214.0
1725440,1,NLPCreateQKVHeadsDecodeDeviceOperation,32,19213.0
1915904,1,NLPCreateQKVHeadsDecodeDeviceOperation,32,19192.0
1979392,1,NLPCreateQKVHeadsDecodeDeviceOperation,32,19177.0
2328576,1,NLPCreateQKVHeadsDecodeDeviceOperation,31,19169.0
2074624,1,NLPCreateQKVHeadsDecodeDeviceOperation,32,19164.0
1503232,1,NLPCreateQKVHeadsDecodeDeviceOperation,32,19147.0
2114560,1,PagedUpdateCacheDeviceOperation,32,17452.0
1955840,1,PagedUpdateCacheDeviceOperation,32,17347.0
1504256,1,PagedUpdateCacheDeviceOperation,32,17068.0
1606656,1,PagedUpdateCacheDeviceOperation,32,16420.0
1335296,1,ReshapeViewDeviceOperation,64,16414.0
1536000,1,PagedUpdateCacheDeviceOperation,32,16388.0
826368,,PagedUpdateCacheDeviceOperation,32,16322.0
237568,,ReshapeViewDeviceOperation,64,16291.0
1472512,1,PagedUpdateCacheDeviceOperation,32,16141.0
2051072,1,PagedUpdateCacheDeviceOperation,32,15919.0
1765376,1,PagedUpdateCacheDeviceOperation,32,15886.0
1574912,1,PagedUpdateCacheDeviceOperation,32,15874.0
470016,,PagedUpdateCacheDeviceOperation,32,15870.0
1701888,1,PagedUpdateCacheDeviceOperation,32,15779.0
1104896,,PagedUpdateCacheDeviceOperation,32,15756.0
1143808,,PagedUpdateCacheDeviceOperation,32,15742.0
2075648,1,PagedUpdateCacheDeviceOperation,32,15697.0
921600,,PagedUpdateCacheDeviceOperation,32,15670.0
1409024,1,PagedUpdateCacheDeviceOperation,32,15664.0
1631232,1,PagedUpdateCacheDeviceOperation,32,15653.0
2209792,1,PagedUpdateCacheDeviceOperation,32,15630.0
1511424,1,PagedUpdateCacheDeviceOperation,32,15627.0
731136,,PagedUpdateCacheDeviceOperation,32,15621.0
628736,,PagedUpdateCacheDeviceOperation,32,15521.0
858112,,PagedUpdateCacheDeviceOperation,32,15514.0
572416,,PagedUpdateCacheDeviceOperation,32,15479.0
1016832,,PagedUpdateCacheDeviceOperation,32,15447.0
2273280,1,PagedUpdateCacheDeviceOperation,32,15433.0
438272,,PagedUpdateCacheDeviceOperation,32,15391.0
1789952,1,PagedUpdateCacheDeviceOperation,32,15388.0
2234368,1,PagedUpdateCacheDeviceOperation,32,15319.0
1694720,1,PagedUpdateCacheDeviceOperation,32,15318.0
1263616,,PagedUpdateCacheDeviceOperation,32,15301.0
1987584,1,PagedUpdateCacheDeviceOperation,32,15269.0
318464,,PagedUpdateCacheDeviceOperation,32,15172.0
953344,,PagedUpdateCacheDeviceOperation,32,15140.0
2329600,1,PagedUpdateCacheDeviceOperation,31,15125.0
1726464,1,PagedUpdateCacheDeviceOperation,32,15092.0
2266112,1,PagedUpdateCacheDeviceOperation,32,15060.0
889856,,PagedUpdateCacheDeviceOperation,32,15057.0
1080320,,PagedUpdateCacheDeviceOperation,32,15057.0
794624,,PagedUpdateCacheDeviceOperation,32,15048.0
2146304,1,PagedUpdateCacheDeviceOperation,32,15048.0
533504,,PagedUpdateCacheDeviceOperation,32,15010.0
1567744,1,PagedUpdateCacheDeviceOperation,32,15009.0
2082816,1,PagedUpdateCacheDeviceOperation,32,14996.0
762880,,PagedUpdateCacheDeviceOperation,32,14994.0
1175552,,PagedUpdateCacheDeviceOperation,32,14981.0
2107392,1,PagedUpdateCacheDeviceOperation,32,14963.0
692224,,PagedUpdateCacheDeviceOperation,32,14946.0
246784,,PagedUpdateCacheDeviceOperation,32,14943.0
1828864,1,PagedUpdateCacheDeviceOperation,32,14940.0
914432,,PagedUpdateCacheDeviceOperation,32,14937.0
1892352,1,PagedUpdateCacheDeviceOperation,32,14935.0
1048576,,PagedUpdateCacheDeviceOperation,32,14902.0
882688,,PagedUpdateCacheDeviceOperation,32,14900.0
2297856,1,PagedUpdateCacheDeviceOperation,32,14899.0
1207296,,PagedUpdateCacheDeviceOperation,32,14896.0
2139136,1,PagedUpdateCacheDeviceOperation,32,14896.0
596992,,PagedUpdateCacheDeviceOperation,32,14886.0
1733632,1,PagedUpdateCacheDeviceOperation,32,14879.0
2202624,1,PagedUpdateCacheDeviceOperation,32,14871.0
1041408,,PagedUpdateCacheDeviceOperation,32,14862.0
1363968,1,PagedUpdateCacheDeviceOperation,32,14860.0
1200128,,PagedUpdateCacheDeviceOperation,32,14858.0
1344512,1,PagedUpdateCacheDeviceOperation,32,14837.0
1860608,1,PagedUpdateCacheDeviceOperation,32,14833.0
1447936,1,PagedUpdateCacheDeviceOperation,32,14831.0
2305024,1,PagedUpdateCacheDeviceOperation,32,14831.0
1599488,1,PagedUpdateCacheDeviceOperation,32,14810.0
850944,,PagedUpdateCacheDeviceOperation,32,14807.0
787456,,PagedUpdateCacheDeviceOperation,32,14798.0
1821696,1,PagedUpdateCacheDeviceOperation,32,14792.0
445440,,PagedUpdateCacheDeviceOperation,32,14790.0
946176,,PagedUpdateCacheDeviceOperation,32,14789.0
1440768,1,PagedUpdateCacheDeviceOperation,32,14788.0
2241536,1,PagedUpdateCacheDeviceOperation,32,14775.0
667648,,PagedUpdateCacheDeviceOperation,32,14765.0
350208,,PagedUpdateCacheDeviceOperation,32,14761.0
540672,,PagedUpdateCacheDeviceOperation,32,14751.0
311296,,PagedUpdateCacheDeviceOperation,32,14742.0
1136640,,PagedUpdateCacheDeviceOperation,32,14720.0
1638400,1,PagedUpdateCacheDeviceOperation,32,14711.0
985088,,PagedUpdateCacheDeviceOperation,32,14709.0
723968,,PagedUpdateCacheDeviceOperation,32,14698.0
2361344,1,PagedUpdateCacheDeviceOperation,31,14698.0
2043904,1,PagedUpdateCacheDeviceOperation,32,14697.0
755712,,PagedUpdateCacheDeviceOperation,32,14696.0
1662976,1,PagedUpdateCacheDeviceOperation,32,14695.0
565248,,PagedUpdateCacheDeviceOperation,32,14693.0
977920,,PagedUpdateCacheDeviceOperation,32,14690.0
2012160,1,PagedUpdateCacheDeviceOperation,32,14650.0
1924096,1,PagedUpdateCacheDeviceOperation,32,14642.0
1543168,1,PagedUpdateCacheDeviceOperation,32,14623.0
406528,,PagedUpdateCacheDeviceOperation,32,14606.0
1416192,1,PagedUpdateCacheDeviceOperation,32,14598.0
381952,,PagedUpdateCacheDeviceOperation,32,14573.0
2178048,1,PagedUpdateCacheDeviceOperation,32,14567.0
413696,,PagedUpdateCacheDeviceOperation,32,14558.0
374784,,PagedUpdateCacheDeviceOperation,32,14554.0
1479680,1,PagedUpdateCacheDeviceOperation,32,14549.0
1797120,1,PagedUpdateCacheDeviceOperation,32,14537.0
1009664,,PagedUpdateCacheDeviceOperation,32,14527.0
1073152,,PagedUpdateCacheDeviceOperation,32,14516.0
1231872,,PagedUpdateCacheDeviceOperation,32,14516.0
1670144,1,PagedUpdateCacheDeviceOperation,32,14511.0
1239040,,PagedUpdateCacheDeviceOperation,32,14503.0
2019328,1,PagedUpdateCacheDeviceOperation,32,14497.0
1168384,,PagedUpdateCacheDeviceOperation,32,14481.0
635904,,PagedUpdateCacheDeviceOperation,32,14451.0
1758208,1,PagedUpdateCacheDeviceOperation,32,14447.0
699392,,PagedUpdateCacheDeviceOperation,32,14434.0
1270784,,PagedUpdateCacheDeviceOperation,32,14434.0
2170880,1,PagedUpdateCacheDeviceOperation,32,14404.0
2336768,1,PagedUpdateCacheDeviceOperation,31,14386.0
1885184,1,PagedUpdateCacheDeviceOperation,32,14359.0
501760,,PagedUpdateCacheDeviceOperation,32,14358.0
819200,,PagedUpdateCacheDeviceOperation,32,14338.0
508928,,PagedUpdateCacheDeviceOperation,32,14317.0
604160,,PagedUpdateCacheDeviceOperation,32,14303.0
1112064,,PagedUpdateCacheDeviceOperation,32,14294.0
266240,,PagedUpdateCacheDeviceOperation,32,14289.0
2368512,1,PagedUpdateCacheDeviceOperation,28,14269.0
477184,,PagedUpdateCacheDeviceOperation,32,14246.0
1853440,1,PagedUpdateCacheDeviceOperation,32,14233.0
343040,,PagedUpdateCacheDeviceOperation,32,14213.0
1916928,1,PagedUpdateCacheDeviceOperation,32,14196.0
660480,,PagedUpdateCacheDeviceOperation,32,14185.0
1980416,1,PagedUpdateCacheDeviceOperation,32,13988.0
1948672,1,PagedUpdateCacheDeviceOperation,32,13842.0
273408,,TilizeWithValPaddingDeviceOperation,32,13429.0
1339392,1,LayerNormDeviceOperation,64,13349.0
1588224,1,LayerNormDeviceOperation,64,13325.0
1842176,1,LayerNormDeviceOperation,64,13324.0
1371136,1,TilizeWithValPaddingDeviceOperation,32,13172.0
1944576,1,LayerNormDeviceOperation,64,13166.0
1359872,1,RotaryEmbeddingDeviceOperation,32,13114.0
917504,,RotaryEmbeddingDeviceOperation,32,13070.0
504832,,RotaryEmbeddingDeviceOperation,32,13051.0
385024,,RotaryEmbeddingDeviceOperation,32,13016.0
278528,,RotaryEmbeddingDeviceOperation,32,13009.0
1539072,1,RotaryEmbeddingDeviceOperation,32,13000.0
2096128,1,LayerNormDeviceOperation,64,12998.0
1019904,,RotaryEmbeddingDeviceOperation,32,12979.0
1690624,1,LayerNormDeviceOperation,64,12976.0
1492992,1,LayerNormDeviceOperation,64,12967.0
1234944,,RotaryEmbeddingDeviceOperation,32,12964.0
473088,,RotaryEmbeddingDeviceOperation,32,12961.0
607232,,RotaryEmbeddingDeviceOperation,32,12945.0
2381824,1,LayerNormDeviceOperation,60,12943.0
346112,,RotaryEmbeddingDeviceOperation,32,12927.0
1203200,,RotaryEmbeddingDeviceOperation,32,12925.0
988160,,RotaryEmbeddingDeviceOperation,32,12924.0
1683456,1,LayerNormDeviceOperation,64,12908.0
2325504,1,LayerNormDeviceOperation,63,12900.0
441344,,RotaryEmbeddingDeviceOperation,32,12896.0
695296,,RotaryEmbeddingDeviceOperation,32,12888.0
1556480,1,LayerNormDeviceOperation,64,12886.0
409600,,RotaryEmbeddingDeviceOperation,32,12885.0
1810432,1,LayerNormDeviceOperation,64,12885.0
949248,,RotaryEmbeddingDeviceOperation,32,12882.0
670720,,RotaryEmbeddingDeviceOperation,32,12875.0
631808,,RotaryEmbeddingDeviceOperation,32,12873.0
1817600,1,LayerNormDeviceOperation,64,12863.0
2350080,1,LayerNormDeviceOperation,63,12856.0
702464,,RotaryEmbeddingDeviceOperation,32,12855.0
353280,,RotaryEmbeddingDeviceOperation,32,12847.0
1468416,1,LayerNormDeviceOperation,64,12846.0
2332672,1,RotaryEmbeddingDeviceOperation,31,12833.0
1242112,,RotaryEmbeddingDeviceOperation,32,12831.0
512000,,RotaryEmbeddingDeviceOperation,32,12825.0
1273856,,RotaryEmbeddingDeviceOperation,32,12823.0
1912832,1,LayerNormDeviceOperation,64,12812.0
1761280,1,RotaryEmbeddingDeviceOperation,32,12809.0
924672,,RotaryEmbeddingDeviceOperation,32,12806.0
1178624,,RotaryEmbeddingDeviceOperation,32,12802.0
1404928,1,LayerNormDeviceOperation,64,12799.0
1651712,1,LayerNormDeviceOperation,64,12798.0
980992,,RotaryEmbeddingDeviceOperation,32,12777.0
1146880,,RotaryEmbeddingDeviceOperation,32,12776.0
321536,,RotaryEmbeddingDeviceOperation,32,12775.0
822272,,RotaryEmbeddingDeviceOperation,32,12774.0
543744,,RotaryEmbeddingDeviceOperation,32,12772.0
1115136,,RotaryEmbeddingDeviceOperation,32,12771.0
262144,,RotaryEmbeddingDeviceOperation,32,12769.0
2230272,1,LayerNormDeviceOperation,64,12767.0
790528,,RotaryEmbeddingDeviceOperation,32,12765.0
1461248,1,LayerNormDeviceOperation,64,12764.0
568320,,RotaryEmbeddingDeviceOperation,32,12758.0
1076224,,RotaryEmbeddingDeviceOperation,32,12752.0
1083392,,RotaryEmbeddingDeviceOperation,32,12752.0
1658880,1,LayerNormDeviceOperation,64,12748.0
663552,,RotaryEmbeddingDeviceOperation,32,12745.0
1044480,,RotaryEmbeddingDeviceOperation,32,12731.0
854016,,RotaryEmbeddingDeviceOperation,32,12725.0
861184,,RotaryEmbeddingDeviceOperation,32,12719.0
1171456,,RotaryEmbeddingDeviceOperation,32,12719.0
758784,,RotaryEmbeddingDeviceOperation,32,12695.0
797696,,RotaryEmbeddingDeviceOperation,32,12693.0
1507328,1,RotaryEmbeddingDeviceOperation,32,12691.0
885760,,RotaryEmbeddingDeviceOperation,32,12677.0
734208,,RotaryEmbeddingDeviceOperation,32,12674.0
2364416,1,RotaryEmbeddingDeviceOperation,31,12657.0
956416,,RotaryEmbeddingDeviceOperation,32,12656.0
727040,,RotaryEmbeddingDeviceOperation,32,12654.0
892928,,RotaryEmbeddingDeviceOperation,32,12639.0
1266688,,RotaryEmbeddingDeviceOperation,32,12638.0
1107968,,RotaryEmbeddingDeviceOperation,32,12632.0
1139712,,RotaryEmbeddingDeviceOperation,32,12628.0
600064,,RotaryEmbeddingDeviceOperation,32,12621.0
416768,,RotaryEmbeddingDeviceOperation,32,12619.0
1051648,,RotaryEmbeddingDeviceOperation,32,12619.0
1524736,1,LayerNormDeviceOperation,64,12612.0
1012736,,RotaryEmbeddingDeviceOperation,32,12610.0
536576,,RotaryEmbeddingDeviceOperation,32,12604.0
575488,,RotaryEmbeddingDeviceOperation,32,12595.0
480256,,RotaryEmbeddingDeviceOperation,32,12591.0
448512,,RotaryEmbeddingDeviceOperation,32,12589.0
1873920,1,LayerNormDeviceOperation,64,12581.0
829440,,RotaryEmbeddingDeviceOperation,32,12565.0
1729536,1,RotaryEmbeddingDeviceOperation,32,12561.0
2008064,1,LayerNormDeviceOperation,64,12528.0
1429504,1,LayerNormDeviceOperation,64,12521.0
2173952,1,RotaryEmbeddingDeviceOperation,32,12517.0
1210368,,RotaryEmbeddingDeviceOperation,32,12516.0
2000896,1,LayerNormDeviceOperation,64,12516.0
1793024,1,RotaryEmbeddingDeviceOperation,32,12510.0
314368,,RotaryEmbeddingDeviceOperation,32,12484.0
1531904,1,LayerNormDeviceOperation,64,12437.0
765952,,RotaryEmbeddingDeviceOperation,32,12430.0
377856,,RotaryEmbeddingDeviceOperation,32,12414.0
2142208,1,RotaryEmbeddingDeviceOperation,32,12409.0
2191360,1,LayerNormDeviceOperation,64,12403.0
1951744,1,RotaryEmbeddingDeviceOperation,32,12387.0
638976,,RotaryEmbeddingDeviceOperation,32,12370.0
2254848,1,LayerNormDeviceOperation,64,12365.0
1983488,1,RotaryEmbeddingDeviceOperation,32,12342.0
1563648,1,LayerNormDeviceOperation,64,12333.0
1619968,1,LayerNormDeviceOperation,64,12307.0
2064384,1,LayerNormDeviceOperation,64,12294.0
1715200,1,LayerNormDeviceOperation,64,12290.0
2223104,1,LayerNormDeviceOperation,64,12284.0
1920000,1,RotaryEmbeddingDeviceOperation,32,12276.0
1397760,1,LayerNormDeviceOperation,64,12274.0
1475584,1,RotaryEmbeddingDeviceOperation,32,12271.0
2388992,1,LayerNormDeviceOperation,60,12190.0
1746944,1,LayerNormDeviceOperation,64,12186.0
2318336,1,LayerNormDeviceOperation,64,12174.0
2286592,1,LayerNormDeviceOperation,64,12171.0
2127872,1,LayerNormDeviceOperation,64,12140.0
2293760,1,LayerNormDeviceOperation,64,12138.0
1785856,1,LayerNormDeviceOperation,64,12100.0
2159616,1,LayerNormDeviceOperation,64,12093.0
1436672,1,LayerNormDeviceOperation,64,12089.0
1722368,1,LayerNormDeviceOperation,64,12068.0
1627136,1,LayerNormDeviceOperation,64,12067.0
1881088,1,LayerNormDeviceOperation,64,12065.0
2071552,1,LayerNormDeviceOperation,64,12055.0
2198528,1,LayerNormDeviceOperation,64,12049.0
2032640,1,LayerNormDeviceOperation,64,12031.0
2135040,1,LayerNormDeviceOperation,64,12020.0
1937408,1,LayerNormDeviceOperation,64,12019.0
1969152,1,LayerNormDeviceOperation,64,12001.0
1570816,1,RotaryEmbeddingDeviceOperation,32,11994.0
1754112,1,LayerNormDeviceOperation,64,11992.0
2357248,1,LayerNormDeviceOperation,63,11990.0
1905664,1,LayerNormDeviceOperation,64,11978.0
1778688,1,LayerNormDeviceOperation,64,11975.0
1500160,1,LayerNormDeviceOperation,64,11971.0
1595392,1,LayerNormDeviceOperation,64,11968.0
1849344,1,LayerNormDeviceOperation,64,11959.0
2166784,1,LayerNormDeviceOperation,64,11953.0
2262016,1,LayerNormDeviceOperation,64,11947.0
1976320,1,LayerNormDeviceOperation,64,11938.0
2039808,1,LayerNormDeviceOperation,64,11935.0
2103296,1,LayerNormDeviceOperation,64,11929.0
130048,,TilizeWithValPaddingDeviceOperation,43,11866.0
2078720,1,RotaryEmbeddingDeviceOperation,32,11819.0
1188864,,LayerNormDeviceOperation,64,11782.0
1697792,1,RotaryEmbeddingDeviceOperation,32,11755.0
783360,,LayerNormDeviceOperation,64,11741.0
363520,,LayerNormDeviceOperation,64,11739.0
1037312,,LayerNormDeviceOperation,64,11739.0
942080,,LayerNormDeviceOperation,64,11737.0
490496,,LayerNormDeviceOperation,64,11735.0
807936,,LayerNormDeviceOperation,64,11734.0
656384,,LayerNormDeviceOperation,64,11732.0
2046976,1,RotaryEmbeddingDeviceOperation,32,11730.0
338944,,LayerNormDeviceOperation,64,11729.0
434176,,LayerNormDeviceOperation,64,11727.0
402432,,LayerNormDeviceOperation,64,11722.0
910336,,LayerNormDeviceOperation,64,11721.0
624640,,LayerNormDeviceOperation,64,11720.0
1030144,,LayerNormDeviceOperation,64,11718.0
585728,,LayerNormDeviceOperation,64,11717.0
1252352,,LayerNormDeviceOperation,64,11717.0
751616,,LayerNormDeviceOperation,64,11716.0
1220608,,LayerNormDeviceOperation,64,11716.0
1132544,,LayerNormDeviceOperation,64,11715.0
1196032,,LayerNormDeviceOperation,64,11714.0
497664,,LayerNormDeviceOperation,64,11711.0
561152,,LayerNormDeviceOperation,64,11711.0
1005568,,LayerNormDeviceOperation,64,11710.0
44032,,TilizeWithValPaddingDeviceOperation,43,11709.0
719872,,LayerNormDeviceOperation,64,11707.0
878592,,LayerNormDeviceOperation,64,11707.0
2237440,1,RotaryEmbeddingDeviceOperation,32,11707.0
331776,,LayerNormDeviceOperation,64,11705.0
871424,,LayerNormDeviceOperation,64,11704.0
1227776,,LayerNormDeviceOperation,64,11704.0
649216,,LayerNormDeviceOperation,64,11703.0
427008,,LayerNormDeviceOperation,64,11700.0
846848,,LayerNormDeviceOperation,64,11700.0
370688,,LayerNormDeviceOperation,64,11699.0
529408,,LayerNormDeviceOperation,64,11699.0
241664,,LayerNormDeviceOperation,64,11696.0
903168,,LayerNormDeviceOperation,64,11696.0
458752,,LayerNormDeviceOperation,64,11695.0
1164288,,LayerNormDeviceOperation,64,11695.0
592896,,LayerNormDeviceOperation,64,11693.0
973824,,LayerNormDeviceOperation,64,11693.0
680960,,LayerNormDeviceOperation,64,11692.0
1100800,,LayerNormDeviceOperation,64,11692.0
522240,,LayerNormDeviceOperation,64,11690.0
1093632,,LayerNormDeviceOperation,64,11689.0
998400,,LayerNormDeviceOperation,64,11688.0
712704,,LayerNormDeviceOperation,64,11687.0
1125376,,LayerNormDeviceOperation,64,11687.0
1259520,,LayerNormDeviceOperation,64,11687.0
465920,,LayerNormDeviceOperation,64,11685.0
815104,,LayerNormDeviceOperation,64,11685.0
1157120,,LayerNormDeviceOperation,64,11684.0
1291264,,LayerNormDeviceOperation,64,11684.0
117760,,TilizeWithValPaddingDeviceOperation,43,11683.0
688128,,LayerNormDeviceOperation,64,11683.0
776192,,LayerNormDeviceOperation,64,11682.0
191488,,TilizeWithValPaddingDeviceOperation,43,11681.0
1284096,,LayerNormDeviceOperation,64,11680.0
79872,,TilizeWithValPaddingDeviceOperation,43,11679.0
744448,,LayerNormDeviceOperation,64,11679.0
839680,,LayerNormDeviceOperation,64,11677.0
1514496,1,RotaryEmbeddingDeviceOperation,32,11675.0
1069056,,LayerNormDeviceOperation,64,11674.0
934912,,LayerNormDeviceOperation,64,11673.0
553984,,LayerNormDeviceOperation,64,11670.0
617472,,LayerNormDeviceOperation,64,11670.0
395264,,LayerNormDeviceOperation,64,11667.0
966656,,LayerNormDeviceOperation,64,11666.0
1061888,,LayerNormDeviceOperation,64,11662.0
307200,,LayerNormDeviceOperation,64,11661.0
300032,,LayerNormDeviceOperation,64,11655.0
1958912,1,RotaryEmbeddingDeviceOperation,32,11655.0
36864,,TilizeWithValPaddingDeviceOperation,43,11647.0
197632,,TilizeWithValPaddingDeviceOperation,43,11642.0
25600,,TilizeWithValPaddingDeviceOperation,43,11640.0
136192,,TilizeWithValPaddingDeviceOperation,43,11633.0
2015232,1,RotaryEmbeddingDeviceOperation,32,11614.0
1704960,1,RotaryEmbeddingDeviceOperation,32,11610.0
178176,,TilizeWithValPaddingDeviceOperation,43,11604.0
166912,,TilizeWithValPaddingDeviceOperation,43,11603.0
2269184,1,RotaryEmbeddingDeviceOperation,32,11603.0
1443840,1,RotaryEmbeddingDeviceOperation,32,11601.0
1376256,1,RotaryEmbeddingDeviceOperation,32,11600.0
1546240,1,RotaryEmbeddingDeviceOperation,32,11595.0
1831936,1,RotaryEmbeddingDeviceOperation,32,11585.0
2117632,1,RotaryEmbeddingDeviceOperation,32,11585.0
2300928,1,RotaryEmbeddingDeviceOperation,32,11570.0
1451008,1,RotaryEmbeddingDeviceOperation,32,11568.0
68608,,TilizeWithValPaddingDeviceOperation,43,11563.0
123904,,TilizeWithValPaddingDeviceOperation,43,11562.0
1990656,1,RotaryEmbeddingDeviceOperation,32,11557.0
160768,,TilizeWithValPaddingDeviceOperation,43,11539.0
2371584,1,RotaryEmbeddingDeviceOperation,28,11537.0
67584,,TilizeWithValPaddingDeviceOperation,43,11530.0
2339840,1,RotaryEmbeddingDeviceOperation,31,11528.0
93184,,TilizeWithValPaddingDeviceOperation,43,11517.0
129024,,TilizeWithValPaddingDeviceOperation,43,11516.0
56320,,TilizeWithValPaddingDeviceOperation,43,11496.0
31744,,TilizeWithValPaddingDeviceOperation,43,11488.0
80896,,TilizeWithValPaddingDeviceOperation,43,11481.0
12288,,TilizeWithValPaddingDeviceOperation,43,11477.0
13312,,TilizeWithValPaddingDeviceOperation,43,11476.0
142336,,TilizeWithValPaddingDeviceOperation,43,11476.0
148480,,TilizeWithValPaddingDeviceOperation,43,11474.0
24576,,TilizeWithValPaddingDeviceOperation,43,11469.0
99328,,TilizeWithValPaddingDeviceOperation,43,11463.0
19456,,TilizeWithValPaddingDeviceOperation,43,11457.0
1482752,1,RotaryEmbeddingDeviceOperation,32,11457.0
1768448,1,RotaryEmbeddingDeviceOperation,32,11450.0
173056,,TilizeWithValPaddingDeviceOperation,43,11437.0
185344,,TilizeWithValPaddingDeviceOperation,43,11436.0
116736,,TilizeWithValPaddingDeviceOperation,43,11434.0
1634304,1,RotaryEmbeddingDeviceOperation,32,11434.0
87040,,TilizeWithValPaddingDeviceOperation,43,11430.0
153600,,TilizeWithValPaddingDeviceOperation,43,11428.0
49152,,TilizeWithValPaddingDeviceOperation,43,11427.0
1609728,1,RotaryEmbeddingDeviceOperation,32,11425.0
1736704,1,RotaryEmbeddingDeviceOperation,32,11416.0
2205696,1,RotaryEmbeddingDeviceOperation,32,11400.0
1641472,1,RotaryEmbeddingDeviceOperation,32,11398.0
196608,,TilizeWithValPaddingDeviceOperation,43,11397.0
2308096,1,RotaryEmbeddingDeviceOperation,32,11397.0
2244608,1,RotaryEmbeddingDeviceOperation,32,11386.0
1577984,1,RotaryEmbeddingDeviceOperation,32,11381.0
159744,,TilizeWithValPaddingDeviceOperation,43,11379.0
1888256,1,RotaryEmbeddingDeviceOperation,32,11378.0
147456,,TilizeWithValPaddingDeviceOperation,43,11375.0
7168,,TilizeWithValPaddingDeviceOperation,43,11372.0
1673216,1,RotaryEmbeddingDeviceOperation,32,11371.0
122880,,TilizeWithValPaddingDeviceOperation,43,11354.0
154624,,TilizeWithValPaddingDeviceOperation,43,11351.0
2149376,1,RotaryEmbeddingDeviceOperation,32,11346.0
2276352,1,RotaryEmbeddingDeviceOperation,32,11345.0
74752,,TilizeWithValPaddingDeviceOperation,43,11333.0
2085888,1,RotaryEmbeddingDeviceOperation,32,11329.0
1927168,1,RotaryEmbeddingDeviceOperation,32,11322.0
1863680,1,RotaryEmbeddingDeviceOperation,32,11318.0
2110464,1,RotaryEmbeddingDeviceOperation,32,11318.0
62464,,TilizeWithValPaddingDeviceOperation,43,11315.0
110592,,TilizeWithValPaddingDeviceOperation,43,11315.0
1895424,1,RotaryEmbeddingDeviceOperation,32,11315.0
1419264,1,RotaryEmbeddingDeviceOperation,32,11313.0
2054144,1,RotaryEmbeddingDeviceOperation,32,11310.0
6144,,TilizeWithValPaddingDeviceOperation,43,11308.0
61440,,TilizeWithValPaddingDeviceOperation,43,11294.0
1602560,1,RotaryEmbeddingDeviceOperation,32,11293.0
1024,,TilizeWithValPaddingDeviceOperation,43,11291.0
86016,,TilizeWithValPaddingDeviceOperation,43,11290.0
98304,,TilizeWithValPaddingDeviceOperation,43,11290.0
92160,,TilizeWithValPaddingDeviceOperation,43,11285.0
37888,,TilizeWithValPaddingDeviceOperation,43,11283.0
2212864,1,RotaryEmbeddingDeviceOperation,32,11283.0
43008,,TilizeWithValPaddingDeviceOperation,43,11281.0
2181120,1,RotaryEmbeddingDeviceOperation,32,11276.0
190464,,TilizeWithValPaddingDeviceOperation,43,11272.0
105472,,TilizeWithValPaddingDeviceOperation,43,11269.0
1856512,1,RotaryEmbeddingDeviceOperation,32,11265.0
135168,,TilizeWithValPaddingDeviceOperation,43,11262.0
1824768,1,RotaryEmbeddingDeviceOperation,32,11262.0
179200,,TilizeWithValPaddingDeviceOperation,43,11258.0
1666048,1,RotaryEmbeddingDeviceOperation,32,11254.0
55296,,TilizeWithValPaddingDeviceOperation,43,11248.0
1800192,1,RotaryEmbeddingDeviceOperation,32,11239.0
50176,,TilizeWithValPaddingDeviceOperation,43,11222.0
104448,,TilizeWithValPaddingDeviceOperation,43,11222.0
1412096,1,RotaryEmbeddingDeviceOperation,32,11214.0
30720,,TilizeWithValPaddingDeviceOperation,43,11213.0
111616,,TilizeWithValPaddingDeviceOperation,43,11213.0
73728,,TilizeWithValPaddingDeviceOperation,43,11206.0
184320,,TilizeWithValPaddingDeviceOperation,43,11188.0
2022400,1,RotaryEmbeddingDeviceOperation,32,11167.0
165888,,TilizeWithValPaddingDeviceOperation,43,11164.0
141312,,TilizeWithValPaddingDeviceOperation,43,11163.0
18432,,TilizeWithValPaddingDeviceOperation,43,11115.0
172032,,TilizeWithValPaddingDeviceOperation,43,11088.0
1387520,1,FillPadDeviceOperation,64,9614.0
289792,,FillPadDeviceOperation,64,9585.0
282624,,TilizeDeviceOperation,32,9336.0
1380352,1,TilizeDeviceOperation,32,9152.0
291840,,BinaryNgDeviceOperation,64,8729.0
1389568,1,BinaryNgDeviceOperation,64,7226.0
609280,,TypecastDeviceOperation,64,7117.0
1121280,,NLPConcatHeadsDecodeDeviceOperation,32,7028.0
391168,,NLPConcatHeadsDecodeDeviceOperation,32,6917.0
1248256,,NLPConcatHeadsDecodeDeviceOperation,32,6915.0
422912,,NLPConcatHeadsDecodeDeviceOperation,32,6903.0
613376,,NLPConcatHeadsDecodeDeviceOperation,32,6888.0
803840,,NLPConcatHeadsDecodeDeviceOperation,32,6888.0
486400,,NLPConcatHeadsDecodeDeviceOperation,32,6887.0
867328,,NLPConcatHeadsDecodeDeviceOperation,32,6884.0
899072,,NLPConcatHeadsDecodeDeviceOperation,32,6874.0
581632,,NLPConcatHeadsDecodeDeviceOperation,32,6873.0
835584,,NLPConcatHeadsDecodeDeviceOperation,32,6858.0
549888,,NLPConcatHeadsDecodeDeviceOperation,32,6853.0
454656,,NLPConcatHeadsDecodeDeviceOperation,32,6848.0
930816,,NLPConcatHeadsDecodeDeviceOperation,32,6848.0
1026048,,NLPConcatHeadsDecodeDeviceOperation,32,6845.0
1216512,,NLPConcatHeadsDecodeDeviceOperation,32,6836.0
708608,,NLPConcatHeadsDecodeDeviceOperation,32,6826.0
359424,,NLPConcatHeadsDecodeDeviceOperation,32,6820.0
327680,,NLPConcatHeadsDecodeDeviceOperation,32,6788.0
198656,,TilizeWithValPaddingDeviceOperation,1,6773.0
1057792,,NLPConcatHeadsDecodeDeviceOperation,32,6772.0
1738752,1,TypecastDeviceOperation,64,6769.0
295936,,NLPConcatHeadsDecodeDeviceOperation,32,6768.0
676864,,NLPConcatHeadsDecodeDeviceOperation,32,6747.0
1400832,1,BinaryNgDeviceOperation,64,6738.0
994304,,NLPConcatHeadsDecodeDeviceOperation,32,6735.0
518144,,NLPConcatHeadsDecodeDeviceOperation,32,6732.0
1845248,1,BinaryNgDeviceOperation,64,6730.0
1153024,,NLPConcatHeadsDecodeDeviceOperation,32,6726.0
740352,,NLPConcatHeadsDecodeDeviceOperation,32,6721.0
1781760,1,BinaryNgDeviceOperation,64,6719.0
1464320,1,BinaryNgDeviceOperation,64,6718.0
1654784,1,BinaryNgDeviceOperation,64,6718.0
2067456,1,BinaryNgDeviceOperation,64,6718.0
2194432,1,BinaryNgDeviceOperation,64,6718.0
2226176,1,BinaryNgDeviceOperation,64,6718.0
1908736,1,BinaryNgDeviceOperation,64,6717.0
2321408,1,BinaryNgDeviceOperation,63,6717.0
1591296,1,BinaryNgDeviceOperation,64,6716.0
1686528,1,BinaryNgDeviceOperation,64,6716.0
1813504,1,BinaryNgDeviceOperation,64,6716.0
1527808,1,BinaryNgDeviceOperation,64,6714.0
1876992,1,BinaryNgDeviceOperation,64,6714.0
2289664,1,BinaryNgDeviceOperation,64,6714.0
2353152,1,BinaryNgDeviceOperation,63,6714.0
1940480,1,BinaryNgDeviceOperation,64,6711.0
2130944,1,BinaryNgDeviceOperation,64,6711.0
2162688,1,BinaryNgDeviceOperation,64,6711.0
1718272,1,BinaryNgDeviceOperation,64,6710.0
1972224,1,BinaryNgDeviceOperation,64,6708.0
2099200,1,BinaryNgDeviceOperation,64,6708.0
958464,,TypecastDeviceOperation,64,6707.0
1559552,1,BinaryNgDeviceOperation,64,6707.0
1496064,1,BinaryNgDeviceOperation,64,6706.0
2035712,1,BinaryNgDeviceOperation,64,6706.0
2257920,1,BinaryNgDeviceOperation,64,6706.0
1623040,1,BinaryNgDeviceOperation,64,6705.0
1750016,1,BinaryNgDeviceOperation,64,6705.0
2003968,1,BinaryNgDeviceOperation,64,6705.0
1432576,1,BinaryNgDeviceOperation,64,6700.0
2384896,1,BinaryNgDeviceOperation,60,6699.0
1280000,,NLPConcatHeadsDecodeDeviceOperation,32,6692.0
962560,,NLPConcatHeadsDecodeDeviceOperation,32,6683.0
772096,,NLPConcatHeadsDecodeDeviceOperation,32,6682.0
645120,,NLPConcatHeadsDecodeDeviceOperation,32,6670.0
1184768,,NLPConcatHeadsDecodeDeviceOperation,32,6665.0
1089536,,NLPConcatHeadsDecodeDeviceOperation,32,6663.0
1346560,1,TilizeWithValPaddingDeviceOperation,1,6657.0
906240,,BinaryNgDeviceOperation,64,6633.0
303104,,BinaryNgDeviceOperation,64,6631.0
779264,,BinaryNgDeviceOperation,64,6630.0
1364992,1,TilizeWithValPaddingDeviceOperation,1,6626.0
398336,,BinaryNgDeviceOperation,64,6622.0
525312,,BinaryNgDeviceOperation,64,6620.0
1331200,1,TilizeWithValPaddingDeviceOperation,1,6612.0
620544,,BinaryNgDeviceOperation,64,6611.0
715776,,BinaryNgDeviceOperation,64,6611.0
811008,,BinaryNgDeviceOperation,64,6611.0
1287168,,BinaryNgDeviceOperation,64,6610.0
1001472,,BinaryNgDeviceOperation,64,6608.0
1191936,,BinaryNgDeviceOperation,64,6606.0
334848,,BinaryNgDeviceOperation,64,6603.0
842752,,BinaryNgDeviceOperation,64,6603.0
1096704,,BinaryNgDeviceOperation,64,6601.0
874496,,BinaryNgDeviceOperation,64,6600.0
969728,,BinaryNgDeviceOperation,64,6599.0
430080,,BinaryNgDeviceOperation,64,6598.0
747520,,BinaryNgDeviceOperation,64,6598.0
1160192,,BinaryNgDeviceOperation,64,6598.0
1128448,,BinaryNgDeviceOperation,64,6595.0
461824,,BinaryNgDeviceOperation,64,6593.0
652288,,BinaryNgDeviceOperation,64,6592.0
684032,,BinaryNgDeviceOperation,64,6592.0
937984,,BinaryNgDeviceOperation,64,6592.0
493568,,BinaryNgDeviceOperation,64,6591.0
1223680,,BinaryNgDeviceOperation,64,6591.0
1033216,,BinaryNgDeviceOperation,64,6588.0
557056,,BinaryNgDeviceOperation,64,6587.0
1064960,,BinaryNgDeviceOperation,64,6586.0
588800,,BinaryNgDeviceOperation,64,6583.0
366592,,BinaryNgDeviceOperation,64,6577.0
1255424,,BinaryNgDeviceOperation,64,6572.0
1296384,1,TilizeWithValPaddingDeviceOperation,1,6572.0
1421312,1,TypecastDeviceOperation,64,6526.0
1992704,1,TypecastDeviceOperation,64,6492.0
267264,,TilizeWithValPaddingDeviceOperation,1,6461.0
248832,,TilizeWithValPaddingDeviceOperation,1,6453.0
233472,,TilizeWithValPaddingDeviceOperation,1,6449.0
545792,,TypecastDeviceOperation,64,6440.0
2250752,1,NLPConcatHeadsDecodeDeviceOperation,32,6436.0
1453056,1,TypecastDeviceOperation,64,6367.0
418816,,TypecastDeviceOperation,64,6366.0
1901568,1,NLPConcatHeadsDecodeDeviceOperation,32,6353.0
1053696,,TypecastDeviceOperation,64,6348.0
1117184,,TypecastDeviceOperation,64,6342.0
768000,,TypecastDeviceOperation,64,6320.0
2373632,1,TypecastDeviceOperation,60,6294.0
1965056,1,NLPConcatHeadsDecodeDeviceOperation,32,6282.0
1770496,1,TypecastDeviceOperation,64,6281.0
450560,,TypecastDeviceOperation,64,6242.0
2087936,1,TypecastDeviceOperation,64,6242.0
2119680,1,TypecastDeviceOperation,64,6236.0
355328,,TypecastDeviceOperation,64,6232.0
2246656,1,TypecastDeviceOperation,64,6194.0
2345984,1,NLPConcatHeadsDecodeDeviceOperation,31,6186.0
323584,,TypecastDeviceOperation,64,6172.0
1865728,1,TypecastDeviceOperation,64,6168.0
1244160,,TypecastDeviceOperation,64,6151.0
2214912,1,TypecastDeviceOperation,64,6151.0
1838080,1,NLPConcatHeadsDecodeDeviceOperation,32,6139.0
863232,,TypecastDeviceOperation,64,6136.0
287744,,TypecastDeviceOperation,64,6125.0
1552384,1,NLPConcatHeadsDecodeDeviceOperation,32,6116.0
2024448,1,TypecastDeviceOperation,64,6101.0
2314240,1,NLPConcatHeadsDecodeDeviceOperation,32,6095.0
1996800,1,NLPConcatHeadsDecodeDeviceOperation,32,6092.0
1516544,1,TypecastDeviceOperation,64,6090.0
926720,,TypecastDeviceOperation,64,6089.0
799744,,TypecastDeviceOperation,64,6061.0
1679360,1,NLPConcatHeadsDecodeDeviceOperation,32,6057.0
2028544,1,NLPConcatHeadsDecodeDeviceOperation,32,6022.0
1548288,1,TypecastDeviceOperation,64,6018.0
1212416,,TypecastDeviceOperation,64,6006.0
514048,,TypecastDeviceOperation,64,6001.0
1707008,1,TypecastDeviceOperation,64,5999.0
482304,,TypecastDeviceOperation,64,5998.0
577536,,TypecastDeviceOperation,64,5984.0
2151424,1,TypecastDeviceOperation,64,5981.0
1385472,1,TypecastDeviceOperation,64,5980.0
1488896,1,NLPConcatHeadsDecodeDeviceOperation,32,5976.0
704512,,TypecastDeviceOperation,64,5973.0
2278400,1,TypecastDeviceOperation,64,5959.0
2219008,1,NLPConcatHeadsDecodeDeviceOperation,32,5933.0
1929216,1,TypecastDeviceOperation,64,5926.0
1180672,,TypecastDeviceOperation,64,5924.0
2183168,1,TypecastDeviceOperation,64,5924.0
2377728,1,NLPConcatHeadsDecodeDeviceOperation,28,5916.0
1960960,1,TypecastDeviceOperation,64,5897.0
1742848,1,NLPConcatHeadsDecodeDeviceOperation,32,5885.0
1148928,,TypecastDeviceOperation,64,5878.0
1021952,,TypecastDeviceOperation,64,5876.0
1647616,1,NLPConcatHeadsDecodeDeviceOperation,32,5875.0
1457152,1,NLPConcatHeadsDecodeDeviceOperation,32,5846.0
1933312,1,NLPConcatHeadsDecodeDeviceOperation,32,5846.0
1615872,1,NLPConcatHeadsDecodeDeviceOperation,32,5838.0
1774592,1,NLPConcatHeadsDecodeDeviceOperation,32,5828.0
2310144,1,TypecastDeviceOperation,64,5794.0
641024,,TypecastDeviceOperation,64,5781.0
1833984,1,TypecastDeviceOperation,64,5781.0
2155520,1,NLPConcatHeadsDecodeDeviceOperation,32,5768.0
736256,,TypecastDeviceOperation,64,5763.0
2056192,1,TypecastDeviceOperation,64,5755.0
2092032,1,NLPConcatHeadsDecodeDeviceOperation,32,5755.0
1806336,1,NLPConcatHeadsDecodeDeviceOperation,32,5738.0
2060288,1,NLPConcatHeadsDecodeDeviceOperation,32,5735.0
1085440,,TypecastDeviceOperation,64,5726.0
1643520,1,TypecastDeviceOperation,64,5724.0
990208,,TypecastDeviceOperation,64,5718.0
2341888,1,TypecastDeviceOperation,63,5718.0
1520640,1,NLPConcatHeadsDecodeDeviceOperation,32,5717.0
894976,,TypecastDeviceOperation,64,5708.0
1611776,1,TypecastDeviceOperation,64,5697.0
1675264,1,TypecastDeviceOperation,64,5692.0
2282496,1,NLPConcatHeadsDecodeDeviceOperation,32,5684.0
1584128,1,NLPConcatHeadsDecodeDeviceOperation,32,5680.0
280576,,UntilizeWithUnpaddingDeviceOperation,32,5670.0
2123776,1,NLPConcatHeadsDecodeDeviceOperation,32,5662.0
1484800,1,TypecastDeviceOperation,64,5649.0
1897472,1,TypecastDeviceOperation,64,5647.0
672768,,TypecastDeviceOperation,64,5643.0
1580032,1,TypecastDeviceOperation,64,5636.0
1393664,1,NLPConcatHeadsDecodeDeviceOperation,32,5613.0
831488,,TypecastDeviceOperation,64,5603.0
2249728,1,TypecastDeviceOperation,64,5588.0
1711104,1,NLPConcatHeadsDecodeDeviceOperation,32,5586.0
387072,,TypecastDeviceOperation,64,5573.0
1900544,1,TypecastDeviceOperation,64,5532.0
1275904,,TypecastDeviceOperation,64,5521.0
1802240,1,TypecastDeviceOperation,64,5501.0
2344960,1,TypecastDeviceOperation,63,5498.0
1995776,1,TypecastDeviceOperation,64,5497.0
2154496,1,TypecastDeviceOperation,64,5492.0
1964032,1,TypecastDeviceOperation,64,5454.0
2091008,1,TypecastDeviceOperation,64,5440.0
1551360,1,TypecastDeviceOperation,64,5438.0
1869824,1,NLPConcatHeadsDecodeDeviceOperation,32,5437.0
2313216,1,TypecastDeviceOperation,64,5431.0
1678336,1,TypecastDeviceOperation,64,5429.0
2217984,1,TypecastDeviceOperation,64,5394.0
2122752,1,TypecastDeviceOperation,64,5355.0
1646592,1,TypecastDeviceOperation,64,5350.0
2376704,1,TypecastDeviceOperation,60,5342.0
1741824,1,TypecastDeviceOperation,64,5334.0
2186240,1,TypecastDeviceOperation,64,5329.0
1152000,,TypecastDeviceOperation,64,5324.0
2027520,1,TypecastDeviceOperation,64,5321.0
1425408,1,NLPConcatHeadsDecodeDeviceOperation,32,5318.0
290816,,ReduceDeviceOperation,32,5295.0
2187264,1,NLPConcatHeadsDecodeDeviceOperation,32,5278.0
1773568,1,TypecastDeviceOperation,64,5256.0
1837056,1,TypecastDeviceOperation,64,5253.0
1614848,1,TypecastDeviceOperation,64,5252.0
2059264,1,TypecastDeviceOperation,64,5251.0
1805312,1,TypecastDeviceOperation,64,5241.0
1382400,1,TypecastDeviceOperation,64,5240.0
485376,,TypecastDeviceOperation,64,5230.0
1519616,1,TypecastDeviceOperation,64,5225.0
275456,,TypecastDeviceOperation,64,5220.0
1056768,,TypecastDeviceOperation,64,5217.0
1456128,1,TypecastDeviceOperation,64,5210.0
929792,,TypecastDeviceOperation,64,5185.0
739328,,TypecastDeviceOperation,64,5184.0
898048,,TypecastDeviceOperation,64,5168.0
612352,,TypecastDeviceOperation,64,5164.0
707584,,TypecastDeviceOperation,64,5160.0
644096,,TypecastDeviceOperation,64,5159.0
1025024,,TypecastDeviceOperation,64,5155.0
580608,,TypecastDeviceOperation,64,5152.0
390144,,TypecastDeviceOperation,64,5151.0
1932288,1,TypecastDeviceOperation,64,5150.0
675840,,TypecastDeviceOperation,64,5148.0
358400,,TypecastDeviceOperation,64,5147.0
771072,,TypecastDeviceOperation,64,5143.0
517120,,TypecastDeviceOperation,64,5141.0
548864,,TypecastDeviceOperation,64,5140.0
1120256,,TypecastDeviceOperation,64,5138.0
834560,,TypecastDeviceOperation,64,5136.0
326656,,TypecastDeviceOperation,64,5134.0
453632,,TypecastDeviceOperation,64,5134.0
1278976,,TypecastDeviceOperation,64,5134.0
1215488,,TypecastDeviceOperation,64,5125.0
961536,,TypecastDeviceOperation,64,5123.0
421888,,TypecastDeviceOperation,64,5122.0
284672,,TypecastDeviceOperation,64,5121.0
993280,,TypecastDeviceOperation,64,5116.0
1088512,,TypecastDeviceOperation,64,5116.0
294912,,TypecastDeviceOperation,64,5115.0
866304,,TypecastDeviceOperation,64,5114.0
1183744,,TypecastDeviceOperation,64,5113.0
802816,,TypecastDeviceOperation,64,5101.0
1487872,1,TypecastDeviceOperation,64,5093.0
1710080,1,TypecastDeviceOperation,64,5088.0
1247232,,TypecastDeviceOperation,64,5085.0
1388544,1,ReduceDeviceOperation,32,5082.0
1583104,1,TypecastDeviceOperation,64,5082.0
1378304,1,UntilizeWithUnpaddingDeviceOperation,32,5076.0
1424384,1,TypecastDeviceOperation,64,5059.0
1373184,1,TypecastDeviceOperation,64,5019.0
2281472,1,TypecastDeviceOperation,64,4992.0
1866752,1,InterleavedToShardedDeviceOperation,32,4977.0
1868800,1,TypecastDeviceOperation,64,4953.0
1392640,1,TypecastDeviceOperation,64,4945.0
2279424,1,InterleavedToShardedDeviceOperation,32,4522.0
1930240,1,InterleavedToShardedDeviceOperation,32,4489.0
1993728,1,InterleavedToShardedDeviceOperation,32,4466.0
1771520,1,InterleavedToShardedDeviceOperation,32,4445.0
1517568,1,InterleavedToShardedDeviceOperation,32,4436.0
1644544,1,InterleavedToShardedDeviceOperation,32,4390.0
2025472,1,InterleavedToShardedDeviceOperation,32,4368.0
927744,,InterleavedToShardedDeviceOperation,32,4316.0
610304,,InterleavedToShardedDeviceOperation,32,4302.0
2374656,1,InterleavedToShardedDeviceOperation,28,4281.0
1181696,,InterleavedToShardedDeviceOperation,32,4278.0
2247680,1,InterleavedToShardedDeviceOperation,32,4237.0
832512,,InterleavedToShardedDeviceOperation,32,4233.0
451584,,InterleavedToShardedDeviceOperation,32,4229.0
1549312,1,InterleavedToShardedDeviceOperation,32,4212.0
515072,,InterleavedToShardedDeviceOperation,32,4203.0
2215936,1,InterleavedToShardedDeviceOperation,32,4197.0
800768,,InterleavedToShardedDeviceOperation,32,4170.0
2342912,1,InterleavedToShardedDeviceOperation,31,4170.0
1803264,1,InterleavedToShardedDeviceOperation,32,4162.0
2184192,1,InterleavedToShardedDeviceOperation,32,4158.0
546816,,InterleavedToShardedDeviceOperation,32,4117.0
1022976,,InterleavedToShardedDeviceOperation,32,4117.0
324608,,InterleavedToShardedDeviceOperation,32,4114.0
419840,,InterleavedToShardedDeviceOperation,32,4100.0
991232,,InterleavedToShardedDeviceOperation,32,4068.0
292864,,InterleavedToShardedDeviceOperation,32,4059.0
1054720,,InterleavedToShardedDeviceOperation,32,4020.0
705536,,InterleavedToShardedDeviceOperation,32,4013.0
1149952,,InterleavedToShardedDeviceOperation,32,4013.0
769024,,InterleavedToShardedDeviceOperation,32,3996.0
483328,,InterleavedToShardedDeviceOperation,32,3989.0
1485824,1,InterleavedToShardedDeviceOperation,32,3972.0
959488,,InterleavedToShardedDeviceOperation,32,3960.0
388096,,InterleavedToShardedDeviceOperation,32,3957.0
578560,,InterleavedToShardedDeviceOperation,32,3950.0
737280,,InterleavedToShardedDeviceOperation,32,3947.0
864256,,InterleavedToShardedDeviceOperation,32,3935.0
1276928,,InterleavedToShardedDeviceOperation,32,3931.0
1213440,,InterleavedToShardedDeviceOperation,32,3924.0
2311168,1,InterleavedToShardedDeviceOperation,32,3885.0
1454080,1,InterleavedToShardedDeviceOperation,32,3883.0
1245184,,InterleavedToShardedDeviceOperation,32,3869.0
1086464,,InterleavedToShardedDeviceOperation,32,3861.0
1835008,1,InterleavedToShardedDeviceOperation,32,3853.0
356352,,InterleavedToShardedDeviceOperation,32,3848.0
896000,,InterleavedToShardedDeviceOperation,32,3830.0
642048,,InterleavedToShardedDeviceOperation,32,3816.0
1118208,,InterleavedToShardedDeviceOperation,32,3797.0
1961984,1,InterleavedToShardedDeviceOperation,32,3764.0
673792,,InterleavedToShardedDeviceOperation,32,3759.0
1422336,1,InterleavedToShardedDeviceOperation,32,3729.0
1898496,1,InterleavedToShardedDeviceOperation,32,3721.0
2120704,1,InterleavedToShardedDeviceOperation,32,3718.0
1390592,1,InterleavedToShardedDeviceOperation,32,3692.0
1366016,1,BinaryNgDeviceOperation,64,3670.0
2057216,1,InterleavedToShardedDeviceOperation,32,3628.0
2152448,1,InterleavedToShardedDeviceOperation,32,3601.0
2088960,1,InterleavedToShardedDeviceOperation,32,3588.0
268288,,BinaryNgDeviceOperation,64,3535.0
281600,,RepeatDeviceOperation,64,3522.0
283648,,InterleavedToShardedDeviceOperation,32,3520.0
1708032,1,InterleavedToShardedDeviceOperation,32,3510.0
1739776,1,InterleavedToShardedDeviceOperation,32,3491.0
1386496,1,ShardedToInterleavedDeviceOperation,32,3488.0
288768,,ShardedToInterleavedDeviceOperation,32,3469.0
1676288,1,InterleavedToShardedDeviceOperation,32,3466.0
1581056,1,InterleavedToShardedDeviceOperation,32,3422.0
279552,,ShardedToInterleavedDeviceOperation,32,3356.0
1612800,1,InterleavedToShardedDeviceOperation,32,3287.0
1414144,1,SliceDeviceOperation,64,3263.0
1377280,1,ShardedToInterleavedDeviceOperation,32,3244.0
1396736,1,BinaryNgDeviceOperation,64,3110.0
1379328,1,RepeatDeviceOperation,64,3070.0
1470464,1,ShardedToInterleavedDeviceOperation,64,3044.0
1636352,1,SliceDeviceOperation,64,3027.0
1381376,1,InterleavedToShardedDeviceOperation,32,3015.0
1347584,1,BinaryNgDeviceOperation,64,2965.0
249856,,BinaryNgDeviceOperation,64,2949.0
299008,,BinaryNgDeviceOperation,64,2943.0
1826816,1,SliceDeviceOperation,64,2911.0
2302976,1,SliceDeviceOperation,64,2867.0
399360,,ReshardDeviceOperation,56,2844.0
2385920,1,ReshardDeviceOperation,52,2841.0
1369088,1,UntilizeWithUnpaddingDeviceOperation,1,2820.0
1922048,1,SliceDeviceOperation,64,2796.0
285696,,ShardedToInterleavedDeviceOperation,32,2771.0
944128,,ShardedToInterleavedDeviceOperation,64,2764.0
1341440,1,ShardedToInterleavedDeviceOperation,64,2743.0
1102848,,ShardedToInterleavedDeviceOperation,64,2740.0
970752,,ReshardDeviceOperation,56,2729.0
1502208,1,ShardedToInterleavedDeviceOperation,64,2729.0
1941504,1,ReshardDeviceOperation,56,2729.0
2112512,1,SliceDeviceOperation,64,2724.0
1433600,1,ReshardDeviceOperation,56,2722.0
1528832,1,ReshardDeviceOperation,56,2713.0
1256448,,ReshardDeviceOperation,56,2705.0
1719296,1,ReshardDeviceOperation,56,2685.0
1782784,1,ReshardDeviceOperation,56,2682.0
2100224,1,ReshardDeviceOperation,56,2682.0
1034240,,ReshardDeviceOperation,56,2673.0
2068480,1,ReshardDeviceOperation,56,2673.0
1297408,1,BinaryNgDeviceOperation,64,2670.0
1332224,1,BinaryNgDeviceOperation,64,2669.0
2137088,1,ShardedToInterleavedDeviceOperation,64,2668.0
271360,,UntilizeWithUnpaddingDeviceOperation,1,2665.0
1161216,,ReshardDeviceOperation,56,2665.0
1097728,,ReshardDeviceOperation,56,2664.0
1655808,1,ReshardDeviceOperation,56,2664.0
653312,,ReshardDeviceOperation,56,2663.0
404480,,ShardedToInterleavedDeviceOperation,64,2660.0
2200576,1,ShardedToInterleavedDeviceOperation,64,2660.0
589824,,ReshardDeviceOperation,56,2658.0
1814528,1,ReshardDeviceOperation,56,2658.0
1978368,1,ShardedToInterleavedDeviceOperation,64,2653.0
2131968,1,ReshardDeviceOperation,56,2650.0
907264,,ReshardDeviceOperation,56,2642.0
1846272,1,ReshardDeviceOperation,56,2641.0
1692672,1,ShardedToInterleavedDeviceOperation,64,2637.0
1224704,,ReshardDeviceOperation,56,2634.0
1560576,1,ReshardDeviceOperation,56,2634.0
1909760,1,ReshardDeviceOperation,56,2634.0
558080,,ReshardDeviceOperation,56,2633.0
748544,,ReshardDeviceOperation,56,2633.0
1065984,,ReshardDeviceOperation,56,2633.0
2258944,1,ReshardDeviceOperation,56,2633.0
1497088,1,ReshardDeviceOperation,56,2632.0
199680,,BinaryNgDeviceOperation,64,2631.0
1477632,1,SliceDeviceOperation,64,2631.0
1756160,1,ShardedToInterleavedDeviceOperation,64,2629.0
1465344,1,ReshardDeviceOperation,56,2628.0
812032,,ReshardDeviceOperation,56,2626.0
2322432,1,ReshardDeviceOperation,55,2624.0
304128,,ReshardDeviceOperation,56,2621.0
975872,,ShardedToInterleavedDeviceOperation,64,2620.0
2010112,1,ShardedToInterleavedDeviceOperation,64,2620.0
2232320,1,ShardedToInterleavedDeviceOperation,64,2620.0
2264064,1,ShardedToInterleavedDeviceOperation,64,2620.0
843776,,ReshardDeviceOperation,56,2618.0
2290688,1,ReshardDeviceOperation,56,2618.0
621568,,ReshardDeviceOperation,56,2617.0
1668096,1,SliceDeviceOperation,64,2617.0
1751040,1,ReshardDeviceOperation,56,2617.0
494592,,ReshardDeviceOperation,56,2610.0
1129472,,ReshardDeviceOperation,56,2610.0
335872,,ReshardDeviceOperation,56,2609.0
1624064,1,ReshardDeviceOperation,56,2609.0
1687552,1,ReshardDeviceOperation,56,2609.0
2036736,1,ReshardDeviceOperation,56,2603.0
785408,,ShardedToInterleavedDeviceOperation,64,2602.0
1401856,1,ReshardDeviceOperation,56,2602.0
1973248,1,ReshardDeviceOperation,56,2602.0
2195456,1,ReshardDeviceOperation,56,2602.0
939008,,ReshardDeviceOperation,56,2601.0
526336,,ReshardDeviceOperation,56,2600.0
2004992,1,ReshardDeviceOperation,56,2599.0
1851392,1,ShardedToInterleavedDeviceOperation,64,2596.0
2041856,1,ShardedToInterleavedDeviceOperation,64,2596.0
716800,,ReshardDeviceOperation,56,2594.0
1002496,,ReshardDeviceOperation,56,2594.0
1192960,,ReshardDeviceOperation,56,2594.0
1288192,,ReshardDeviceOperation,56,2594.0
1878016,1,ReshardDeviceOperation,56,2593.0
780288,,ReshardDeviceOperation,56,2591.0
1592320,1,ReshardDeviceOperation,56,2591.0
2354176,1,ReshardDeviceOperation,55,2585.0
2163712,1,ReshardDeviceOperation,56,2578.0
2227200,1,ReshardDeviceOperation,56,2577.0
431104,,ReshardDeviceOperation,56,2575.0
1565696,1,ShardedToInterleavedDeviceOperation,64,2572.0
1660928,1,ShardedToInterleavedDeviceOperation,64,2556.0
1883136,1,ShardedToInterleavedDeviceOperation,64,2556.0
1700864,1,InterleavedToShardedDeviceOperation,32,2551.0
875520,,ReshardDeviceOperation,56,2545.0
2073600,1,ShardedToInterleavedDeviceOperation,64,2540.0
2295808,1,ShardedToInterleavedDeviceOperation,64,2540.0
436224,,ShardedToInterleavedDeviceOperation,64,2535.0
367616,,ReshardDeviceOperation,56,2530.0
685056,,ReshardDeviceOperation,56,2529.0
817152,,ShardedToInterleavedDeviceOperation,64,2518.0
626688,,ShardedToInterleavedDeviceOperation,64,2516.0
2105344,1,ShardedToInterleavedDeviceOperation,64,2516.0
531456,,ShardedToInterleavedDeviceOperation,64,2515.0
462848,,ReshardDeviceOperation,56,2505.0
1071104,,ShardedToInterleavedDeviceOperation,64,2504.0
243712,,ShardedToInterleavedDeviceOperation,64,2498.0
1946624,1,ShardedToInterleavedDeviceOperation,64,2493.0
880640,,ShardedToInterleavedDeviceOperation,64,2489.0
1039360,,ShardedToInterleavedDeviceOperation,64,2484.0
1533952,1,ShardedToInterleavedDeviceOperation,64,2484.0
848896,,ShardedToInterleavedDeviceOperation,64,2476.0
1819648,1,ShardedToInterleavedDeviceOperation,64,2476.0
563200,,ShardedToInterleavedDeviceOperation,64,2469.0
372736,,ShardedToInterleavedDeviceOperation,64,2460.0
1166336,,ShardedToInterleavedDeviceOperation,64,2454.0
1198080,,ShardedToInterleavedDeviceOperation,64,2452.0
1724416,1,ShardedToInterleavedDeviceOperation,64,2452.0
1007616,,ShardedToInterleavedDeviceOperation,64,2437.0
2168832,1,ShardedToInterleavedDeviceOperation,64,2437.0
234496,,BinaryNgDeviceOperation,64,2436.0
1764352,1,InterleavedToShardedDeviceOperation,32,2434.0
1914880,1,ShardedToInterleavedDeviceOperation,64,2420.0
2327552,1,ShardedToInterleavedDeviceOperation,63,2412.0
721920,,ShardedToInterleavedDeviceOperation,64,2398.0
753664,,ShardedToInterleavedDeviceOperation,64,2384.0
1406976,1,ShardedToInterleavedDeviceOperation,64,2375.0
1597440,1,ShardedToInterleavedDeviceOperation,64,2373.0
690176,,ShardedToInterleavedDeviceOperation,64,2363.0
2271232,1,SliceDeviceOperation,64,2363.0
594944,,ShardedToInterleavedDeviceOperation,64,2359.0
2359296,1,ShardedToInterleavedDeviceOperation,63,2357.0
467968,,ShardedToInterleavedDeviceOperation,64,2351.0
1858560,1,SliceDeviceOperation,64,2346.0
309248,,ShardedToInterleavedDeviceOperation,64,2332.0
340992,,ShardedToInterleavedDeviceOperation,64,2316.0
1787904,1,ShardedToInterleavedDeviceOperation,64,2308.0
912384,,ShardedToInterleavedDeviceOperation,64,2297.0
1629184,1,ShardedToInterleavedDeviceOperation,64,2294.0
1438720,1,ShardedToInterleavedDeviceOperation,64,2292.0
499712,,ShardedToInterleavedDeviceOperation,64,2277.0
658432,,ShardedToInterleavedDeviceOperation,64,2268.0
1261568,,ShardedToInterleavedDeviceOperation,64,2267.0
2207744,1,SliceDeviceOperation,64,2262.0
1229824,,ShardedToInterleavedDeviceOperation,64,2260.0
2177024,1,InterleavedToShardedDeviceOperation,32,2256.0
1078272,,SliceDeviceOperation,64,2255.0
1134592,,ShardedToInterleavedDeviceOperation,64,2241.0
1046528,,SliceDeviceOperation,64,2217.0
1141760,,SliceDeviceOperation,64,2200.0
538624,,SliceDeviceOperation,64,2196.0
729088,,SliceDeviceOperation,64,2196.0
379904,,SliceDeviceOperation,64,2182.0
633856,,SliceDeviceOperation,64,2168.0
570368,,SliceDeviceOperation,64,2152.0
1205248,,SliceDeviceOperation,64,2141.0
475136,,SliceDeviceOperation,64,2135.0
1571840,1,ShardedToInterleavedDeviceOperation,32,2126.0
272384,,RepeatDeviceOperation,64,2116.0
1370112,1,RepeatDeviceOperation,64,2115.0
697344,,SliceDeviceOperation,64,2110.0
919552,,SliceDeviceOperation,64,2101.0
856064,,SliceDeviceOperation,64,2099.0
792576,,SliceDeviceOperation,64,2085.0
443392,,SliceDeviceOperation,64,2082.0
887808,,SliceDeviceOperation,64,2076.0
348160,,SliceDeviceOperation,64,2075.0
951296,,SliceDeviceOperation,64,2073.0
1110016,,SliceDeviceOperation,64,2069.0
602112,,SliceDeviceOperation,64,2068.0
1236992,,SliceDeviceOperation,64,2068.0
2017280,1,SliceDeviceOperation,64,2061.0
791552,,ShardedToInterleavedDeviceOperation,32,2059.0
2335744,1,InterleavedToShardedDeviceOperation,31,2058.0
1731584,1,SliceDeviceOperation,64,2050.0
1058816,,ShardedToInterleavedDeviceOperation,32,2049.0
1173504,,SliceDeviceOperation,64,2044.0
506880,,SliceDeviceOperation,64,2042.0
442368,,ShardedToInterleavedDeviceOperation,32,2040.0
1014784,,SliceDeviceOperation,64,2030.0
2174976,1,ShardedToInterleavedDeviceOperation,32,2028.0
264192,,SliceDeviceOperation,64,2026.0
2018304,1,InterleavedToShardedDeviceOperation,32,2025.0
256000,,TypecastDeviceOperation,4,2023.0
824320,,SliceDeviceOperation,64,2014.0
259072,,TypecastDeviceOperation,4,2010.0
316416,,SliceDeviceOperation,64,2010.0
760832,,SliceDeviceOperation,64,2009.0
1795072,1,SliceDeviceOperation,64,2006.0
1954816,1,InterleavedToShardedDeviceOperation,32,2005.0
1540096,1,ShardedToInterleavedDeviceOperation,32,1993.0
665600,,SliceDeviceOperation,64,1989.0
1476608,1,ShardedToInterleavedDeviceOperation,32,1967.0
2176000,1,SliceDeviceOperation,64,1967.0
709632,,ShardedToInterleavedDeviceOperation,32,1962.0
474112,,ShardedToInterleavedDeviceOperation,32,1959.0
983040,,SliceDeviceOperation,64,1958.0
360448,,ShardedToInterleavedDeviceOperation,32,1954.0
1217536,,ShardedToInterleavedDeviceOperation,32,1953.0
950272,,ShardedToInterleavedDeviceOperation,32,1948.0
2143232,1,ShardedToInterleavedDeviceOperation,32,1947.0
1762304,1,ShardedToInterleavedDeviceOperation,32,1943.0
1352704,1,UnaryDeviceOperation,64,1942.0
1122304,,ShardedToInterleavedDeviceOperation,32,1941.0
1172480,,ShardedToInterleavedDeviceOperation,32,1940.0
836608,,ShardedToInterleavedDeviceOperation,32,1938.0
487424,,ShardedToInterleavedDeviceOperation,32,1929.0
1952768,1,ShardedToInterleavedDeviceOperation,32,1927.0
411648,,SliceDeviceOperation,64,1921.0
1268736,,SliceDeviceOperation,64,1916.0
741376,,ShardedToInterleavedDeviceOperation,32,1913.0
855040,,ShardedToInterleavedDeviceOperation,32,1907.0
1361920,1,SliceDeviceOperation,64,1900.0
2270208,1,ShardedToInterleavedDeviceOperation,32,1899.0
614400,,ShardedToInterleavedDeviceOperation,32,1897.0
868352,,ShardedToInterleavedDeviceOperation,32,1894.0
1603584,1,ShardedToInterleavedDeviceOperation,32,1892.0
1090560,,ShardedToInterleavedDeviceOperation,32,1889.0
2079744,1,ShardedToInterleavedDeviceOperation,32,1887.0
2111488,1,ShardedToInterleavedDeviceOperation,32,1885.0
1267712,,ShardedToInterleavedDeviceOperation,32,1883.0
886784,,ShardedToInterleavedDeviceOperation,32,1881.0
1281024,,ShardedToInterleavedDeviceOperation,32,1881.0
1699840,1,SliceDeviceOperation,64,1881.0
1857536,1,ShardedToInterleavedDeviceOperation,32,1879.0
1013760,,ShardedToInterleavedDeviceOperation,32,1878.0
1204224,,ShardedToInterleavedDeviceOperation,32,1874.0
296960,,ShardedToInterleavedDeviceOperation,32,1873.0
900096,,ShardedToInterleavedDeviceOperation,32,1873.0
1730560,1,ShardedToInterleavedDeviceOperation,32,1873.0
1356800,1,TypecastDeviceOperation,4,1872.0
1889280,1,ShardedToInterleavedDeviceOperation,32,1867.0
1353728,1,TypecastDeviceOperation,4,1865.0
1667072,1,ShardedToInterleavedDeviceOperation,32,1865.0
2080768,1,SliceDeviceOperation,64,1865.0
918528,,ShardedToInterleavedDeviceOperation,32,1862.0
2144256,1,SliceDeviceOperation,64,1860.0
2239488,1,SliceDeviceOperation,64,1860.0
2396160,,UntilizeWithUnpaddingDeviceOperation,1,1853.0
378880,,ShardedToInterleavedDeviceOperation,32,1852.0
995328,,ShardedToInterleavedDeviceOperation,32,1848.0
823296,,ShardedToInterleavedDeviceOperation,32,1847.0
1985536,1,SliceDeviceOperation,64,1847.0
963584,,ShardedToInterleavedDeviceOperation,32,1846.0
1763328,1,SliceDeviceOperation,64,1843.0
423936,,ShardedToInterleavedDeviceOperation,32,1842.0
1921024,1,ShardedToInterleavedDeviceOperation,32,1842.0
1235968,,ShardedToInterleavedDeviceOperation,32,1841.0
254976,,UnaryDeviceOperation,64,1840.0
696320,,ShardedToInterleavedDeviceOperation,32,1840.0
2334720,1,SliceDeviceOperation,63,1837.0
601088,,ShardedToInterleavedDeviceOperation,32,1835.0
315392,,ShardedToInterleavedDeviceOperation,32,1833.0
392192,,ShardedToInterleavedDeviceOperation,32,1833.0
1794048,1,ShardedToInterleavedDeviceOperation,32,1831.0
2394112,,UntilizeWithUnpaddingDeviceOperation,1,1830.0
347136,,ShardedToInterleavedDeviceOperation,32,1829.0
1510400,1,InterleavedToShardedDeviceOperation,32,1828.0
519168,,ShardedToInterleavedDeviceOperation,32,1825.0
773120,,ShardedToInterleavedDeviceOperation,32,1825.0
1027072,,ShardedToInterleavedDeviceOperation,32,1817.0
1108992,,ShardedToInterleavedDeviceOperation,32,1813.0
931840,,ShardedToInterleavedDeviceOperation,32,1810.0
550912,,ShardedToInterleavedDeviceOperation,32,1807.0
1355776,1,UnaryDeviceOperation,64,1804.0
677888,,ShardedToInterleavedDeviceOperation,32,1802.0
252928,,ConcatDeviceOperation,4,1801.0
410624,,ShardedToInterleavedDeviceOperation,32,1797.0
2048000,1,ShardedToInterleavedDeviceOperation,32,1797.0
1825792,1,ShardedToInterleavedDeviceOperation,32,1795.0
2145280,1,InterleavedToShardedDeviceOperation,32,1795.0
664576,,ShardedToInterleavedDeviceOperation,32,1794.0
1045504,,ShardedToInterleavedDeviceOperation,32,1794.0
537600,,ShardedToInterleavedDeviceOperation,32,1793.0
1343488,1,RepeatDeviceOperation,64,1791.0
1140736,,ShardedToInterleavedDeviceOperation,32,1789.0
2365440,1,ShardedToInterleavedDeviceOperation,30,1785.0
1698816,1,ShardedToInterleavedDeviceOperation,32,1781.0
1953792,1,SliceDeviceOperation,64,1781.0
1445888,1,SliceDeviceOperation,64,1778.0
2206720,1,ShardedToInterleavedDeviceOperation,32,1777.0
2238464,1,ShardedToInterleavedDeviceOperation,32,1777.0
1997824,1,ShardedToInterleavedDeviceOperation,32,1776.0
1573888,1,InterleavedToShardedDeviceOperation,32,1772.0
2423808,,UntilizeWithUnpaddingDeviceOperation,1,1772.0
263168,,ShardedToInterleavedDeviceOperation,32,1768.0
505856,,ShardedToInterleavedDeviceOperation,32,1765.0
646144,,ShardedToInterleavedDeviceOperation,32,1762.0
1572864,1,SliceDeviceOperation,64,1760.0
1604608,1,SliceDeviceOperation,64,1760.0
2366464,1,SliceDeviceOperation,62,1757.0
1249280,,ShardedToInterleavedDeviceOperation,32,1753.0
1413120,1,ShardedToInterleavedDeviceOperation,32,1750.0
982016,,ShardedToInterleavedDeviceOperation,32,1747.0
1541120,1,SliceDeviceOperation,64,1747.0
1350656,1,ConcatDeviceOperation,4,1742.0
804864,,ShardedToInterleavedDeviceOperation,32,1737.0
1154048,,ShardedToInterleavedDeviceOperation,32,1737.0
1185792,,ShardedToInterleavedDeviceOperation,32,1729.0
1509376,1,SliceDeviceOperation,64,1729.0
1383424,1,ShardedToInterleavedDeviceOperation,32,1728.0
2399232,,UntilizeWithUnpaddingDeviceOperation,1,1726.0
2049024,1,SliceDeviceOperation,64,1720.0
1444864,1,ShardedToInterleavedDeviceOperation,32,1716.0
2408448,,UntilizeWithUnpaddingDeviceOperation,1,1716.0
1890304,1,SliceDeviceOperation,64,1715.0
2412544,,UntilizeWithUnpaddingDeviceOperation,1,1713.0
258048,,UnaryDeviceOperation,64,1712.0
2403328,,UntilizeWithUnpaddingDeviceOperation,1,1712.0
2400256,,UntilizeWithUnpaddingDeviceOperation,1,1709.0
1077248,,ShardedToInterleavedDeviceOperation,32,1708.0
328704,,ShardedToInterleavedDeviceOperation,32,1707.0
728064,,ShardedToInterleavedDeviceOperation,32,1705.0
2410496,,UntilizeWithUnpaddingDeviceOperation,1,1705.0
2419712,,UntilizeWithUnpaddingDeviceOperation,1,1698.0
455680,,ShardedToInterleavedDeviceOperation,32,1697.0
2301952,1,ShardedToInterleavedDeviceOperation,32,1696.0
2426880,,UntilizeWithUnpaddingDeviceOperation,1,1694.0
632832,,ShardedToInterleavedDeviceOperation,32,1693.0
2402304,,UntilizeWithUnpaddingDeviceOperation,1,1693.0
2397184,,UntilizeWithUnpaddingDeviceOperation,1,1692.0
2418688,,UntilizeWithUnpaddingDeviceOperation,1,1691.0
1934336,1,ShardedToInterleavedDeviceOperation,32,1690.0
2420736,,UntilizeWithUnpaddingDeviceOperation,1,1689.0
2422784,,UntilizeWithUnpaddingDeviceOperation,1,1689.0
2409472,,UntilizeWithUnpaddingDeviceOperation,1,1686.0
759808,,ShardedToInterleavedDeviceOperation,32,1685.0
1508352,1,ShardedToInterleavedDeviceOperation,32,1685.0
2404352,,UntilizeWithUnpaddingDeviceOperation,1,1684.0
2421760,,UntilizeWithUnpaddingDeviceOperation,1,1679.0
2413568,,UntilizeWithUnpaddingDeviceOperation,1,1675.0
1238016,,InterleavedToShardedDeviceOperation,32,1673.0
2405376,,UntilizeWithUnpaddingDeviceOperation,1,1671.0
2406400,,UntilizeWithUnpaddingDeviceOperation,1,1671.0
569344,,ShardedToInterleavedDeviceOperation,32,1670.0
2417664,,UntilizeWithUnpaddingDeviceOperation,1,1670.0
2425856,,UntilizeWithUnpaddingDeviceOperation,1,1669.0
582656,,ShardedToInterleavedDeviceOperation,32,1665.0
2415616,,UntilizeWithUnpaddingDeviceOperation,1,1665.0
2424832,,UntilizeWithUnpaddingDeviceOperation,1,1664.0
1269760,,InterleavedToShardedDeviceOperation,32,1663.0
2401280,,UntilizeWithUnpaddingDeviceOperation,1,1662.0
2411520,,UntilizeWithUnpaddingDeviceOperation,1,1662.0
2395136,,UntilizeWithUnpaddingDeviceOperation,1,1661.0
380928,,InterleavedToShardedDeviceOperation,32,1660.0
2407424,,UntilizeWithUnpaddingDeviceOperation,1,1659.0
1345536,1,TypecastDeviceOperation,1,1658.0
1635328,1,ShardedToInterleavedDeviceOperation,32,1658.0
2398208,,UntilizeWithUnpaddingDeviceOperation,1,1657.0
1360896,1,ShardedToInterleavedDeviceOperation,32,1656.0
2414592,,UntilizeWithUnpaddingDeviceOperation,1,1650.0
1015808,,InterleavedToShardedDeviceOperation,32,1640.0
2416640,,UntilizeWithUnpaddingDeviceOperation,1,1639.0
952320,,InterleavedToShardedDeviceOperation,32,1630.0
1984512,1,ShardedToInterleavedDeviceOperation,32,1627.0
1902592,1,ShardedToInterleavedDeviceOperation,32,1626.0
634880,,InterleavedToShardedDeviceOperation,32,1620.0
2333696,1,ShardedToInterleavedDeviceOperation,31,1619.0
2016256,1,ShardedToInterleavedDeviceOperation,32,1610.0
2029568,1,ShardedToInterleavedDeviceOperation,32,1609.0
1712128,1,ShardedToInterleavedDeviceOperation,32,1608.0
2093056,1,ShardedToInterleavedDeviceOperation,32,1606.0
1047552,,InterleavedToShardedDeviceOperation,32,1604.0
2220032,1,ShardedToInterleavedDeviceOperation,32,1601.0
274432,,InterleavedToShardedDeviceOperation,32,1597.0
2251776,1,ShardedToInterleavedDeviceOperation,32,1589.0
1616896,1,ShardedToInterleavedDeviceOperation,32,1577.0
245760,,RepeatDeviceOperation,64,1571.0
1605632,1,InterleavedToShardedDeviceOperation,32,1565.0
2272256,1,InterleavedToShardedDeviceOperation,32,1565.0
825344,,InterleavedToShardedDeviceOperation,32,1564.0
698368,,InterleavedToShardedDeviceOperation,32,1563.0
857088,,InterleavedToShardedDeviceOperation,32,1556.0
349184,,InterleavedToShardedDeviceOperation,32,1554.0
412672,,InterleavedToShardedDeviceOperation,32,1532.0
793600,,InterleavedToShardedDeviceOperation,32,1531.0
1111040,,InterleavedToShardedDeviceOperation,32,1530.0
1079296,,InterleavedToShardedDeviceOperation,32,1529.0
2113536,1,InterleavedToShardedDeviceOperation,32,1520.0
1966080,1,ShardedToInterleavedDeviceOperation,32,1519.0
1669120,1,InterleavedToShardedDeviceOperation,32,1516.0
2188288,1,ShardedToInterleavedDeviceOperation,32,1516.0
888832,,InterleavedToShardedDeviceOperation,32,1508.0
1807360,1,ShardedToInterleavedDeviceOperation,32,1500.0
1334272,1,TypecastDeviceOperation,32,1498.0
247808,,TypecastDeviceOperation,1,1497.0
603136,,InterleavedToShardedDeviceOperation,32,1496.0
317440,,InterleavedToShardedDeviceOperation,32,1490.0
236544,,TypecastDeviceOperation,32,1485.0
1553408,1,ShardedToInterleavedDeviceOperation,32,1482.0
1775616,1,ShardedToInterleavedDeviceOperation,32,1482.0
1743872,1,ShardedToInterleavedDeviceOperation,32,1481.0
1859584,1,InterleavedToShardedDeviceOperation,32,1479.0
2050048,1,InterleavedToShardedDeviceOperation,32,1468.0
476160,,InterleavedToShardedDeviceOperation,32,1467.0
730112,,InterleavedToShardedDeviceOperation,32,1457.0
539648,,InterleavedToShardedDeviceOperation,32,1456.0
507904,,InterleavedToShardedDeviceOperation,32,1455.0
984064,,InterleavedToShardedDeviceOperation,32,1455.0
1206272,,InterleavedToShardedDeviceOperation,32,1454.0
2347008,1,ShardedToInterleavedDeviceOperation,31,1446.0
444416,,InterleavedToShardedDeviceOperation,32,1444.0
1585152,1,ShardedToInterleavedDeviceOperation,32,1438.0
761856,,InterleavedToShardedDeviceOperation,32,1436.0
571392,,InterleavedToShardedDeviceOperation,32,1435.0
1174528,,InterleavedToShardedDeviceOperation,32,1435.0
265216,,InterleavedToShardedDeviceOperation,32,1434.0
2304000,1,InterleavedToShardedDeviceOperation,32,1431.0
2061312,1,ShardedToInterleavedDeviceOperation,32,1426.0
1338368,1,InterleavedToShardedDeviceOperation,64,1425.0
1796096,1,InterleavedToShardedDeviceOperation,32,1423.0
1372160,1,InterleavedToShardedDeviceOperation,32,1422.0
2156544,1,ShardedToInterleavedDeviceOperation,32,1422.0
666624,,InterleavedToShardedDeviceOperation,32,1410.0
1923072,1,InterleavedToShardedDeviceOperation,32,1410.0
2124800,1,ShardedToInterleavedDeviceOperation,32,1410.0
2240512,1,InterleavedToShardedDeviceOperation,32,1409.0
1426432,1,ShardedToInterleavedDeviceOperation,32,1407.0
1394688,1,ShardedToInterleavedDeviceOperation,32,1401.0
2315264,1,ShardedToInterleavedDeviceOperation,32,1399.0
1142784,,InterleavedToShardedDeviceOperation,32,1398.0
1891328,1,InterleavedToShardedDeviceOperation,32,1396.0
1732608,1,InterleavedToShardedDeviceOperation,32,1391.0
920576,,InterleavedToShardedDeviceOperation,32,1389.0
2283520,1,ShardedToInterleavedDeviceOperation,32,1386.0
240640,,InterleavedToShardedDeviceOperation,64,1381.0
1458176,1,ShardedToInterleavedDeviceOperation,32,1377.0
1446912,1,InterleavedToShardedDeviceOperation,32,1375.0
1478656,1,InterleavedToShardedDeviceOperation,32,1365.0
1648640,1,ShardedToInterleavedDeviceOperation,32,1354.0
2208768,1,InterleavedToShardedDeviceOperation,32,1332.0
2378752,1,ShardedToInterleavedDeviceOperation,28,1312.0
1521664,1,ShardedToInterleavedDeviceOperation,32,1289.0
1839104,1,ShardedToInterleavedDeviceOperation,32,1286.0
1489920,1,ShardedToInterleavedDeviceOperation,32,1284.0
1680384,1,ShardedToInterleavedDeviceOperation,32,1267.0
2081792,1,InterleavedToShardedDeviceOperation,32,1204.0
1870848,1,ShardedToInterleavedDeviceOperation,32,1172.0
1827840,1,InterleavedToShardedDeviceOperation,32,1138.0
1362944,1,InterleavedToShardedDeviceOperation,32,1136.0
1637376,1,InterleavedToShardedDeviceOperation,32,1132.0
1542144,1,InterleavedToShardedDeviceOperation,32,1114.0
1986560,1,InterleavedToShardedDeviceOperation,32,1094.0
1415168,1,InterleavedToShardedDeviceOperation,32,1028.0
2367488,1,InterleavedToShardedDeviceOperation,28,968.0
216064,,ShardedToInterleavedDeviceOperation,1,928.0
211968,,ShardedToInterleavedDeviceOperation,1,918.0
1329152,1,ShardedToInterleavedDeviceOperation,1,898.0
1307648,1,ShardedToInterleavedDeviceOperation,1,894.0
238592,,CopyDeviceOperation,1,878.0
1336320,1,CopyDeviceOperation,1,878.0
1298432,1,ShardedToInterleavedDeviceOperation,1,854.0
1351680,1,InterleavedToShardedDeviceOperation,4,847.0
1301504,1,ShardedToInterleavedDeviceOperation,1,840.0
229376,,ShardedToInterleavedDeviceOperation,1,822.0
1313792,1,ShardedToInterleavedDeviceOperation,1,821.0
1319936,1,ShardedToInterleavedDeviceOperation,1,815.0
1304576,1,ShardedToInterleavedDeviceOperation,1,814.0
1354752,1,InterleavedToShardedDeviceOperation,4,806.0
1326080,1,ShardedToInterleavedDeviceOperation,1,804.0
1323008,1,ShardedToInterleavedDeviceOperation,1,799.0
1316864,1,ShardedToInterleavedDeviceOperation,1,777.0
209920,,ShardedToInterleavedDeviceOperation,1,748.0
1300480,1,ShardedToInterleavedDeviceOperation,1,748.0
1303552,1,ShardedToInterleavedDeviceOperation,1,748.0
1315840,1,ShardedToInterleavedDeviceOperation,1,747.0
1318912,1,ShardedToInterleavedDeviceOperation,1,747.0
203776,,ShardedToInterleavedDeviceOperation,1,746.0
1309696,1,ShardedToInterleavedDeviceOperation,1,746.0
1327104,1,ShardedToInterleavedDeviceOperation,1,746.0
220160,,ShardedToInterleavedDeviceOperation,1,745.0
222208,,ShardedToInterleavedDeviceOperation,1,745.0
1306624,1,ShardedToInterleavedDeviceOperation,1,745.0
1314816,1,ShardedToInterleavedDeviceOperation,1,745.0
1321984,1,ShardedToInterleavedDeviceOperation,1,745.0
1330176,1,ShardedToInterleavedDeviceOperation,1,745.0
206848,,ShardedToInterleavedDeviceOperation,1,744.0
1310720,1,ShardedToInterleavedDeviceOperation,1,742.0
1320960,1,ShardedToInterleavedDeviceOperation,1,742.0
1325056,1,ShardedToInterleavedDeviceOperation,1,742.0
205824,,ShardedToInterleavedDeviceOperation,1,737.0
214016,,ShardedToInterleavedDeviceOperation,1,737.0
231424,,ShardedToInterleavedDeviceOperation,1,737.0
210944,,ShardedToInterleavedDeviceOperation,1,736.0
215040,,ShardedToInterleavedDeviceOperation,1,736.0
218112,,ShardedToInterleavedDeviceOperation,1,736.0
224256,,ShardedToInterleavedDeviceOperation,1,736.0
1333248,1,ShardedToInterleavedDeviceOperation,1,736.0
200704,,ShardedToInterleavedDeviceOperation,1,735.0
202752,,ShardedToInterleavedDeviceOperation,1,735.0
204800,,ShardedToInterleavedDeviceOperation,1,735.0
207872,,ShardedToInterleavedDeviceOperation,1,735.0
208896,,ShardedToInterleavedDeviceOperation,1,735.0
219136,,ShardedToInterleavedDeviceOperation,1,735.0
221184,,ShardedToInterleavedDeviceOperation,1,735.0
223232,,ShardedToInterleavedDeviceOperation,1,735.0
226304,,ShardedToInterleavedDeviceOperation,1,735.0
232448,,ShardedToInterleavedDeviceOperation,1,735.0
201728,,ShardedToInterleavedDeviceOperation,1,734.0
212992,,ShardedToInterleavedDeviceOperation,1,734.0
217088,,ShardedToInterleavedDeviceOperation,1,734.0
225280,,ShardedToInterleavedDeviceOperation,1,734.0
228352,,ShardedToInterleavedDeviceOperation,1,734.0
230400,,ShardedToInterleavedDeviceOperation,1,734.0
235520,,ShardedToInterleavedDeviceOperation,1,734.0
1299456,1,ShardedToInterleavedDeviceOperation,1,734.0
1302528,1,ShardedToInterleavedDeviceOperation,1,734.0
1308672,1,ShardedToInterleavedDeviceOperation,1,734.0
1311744,1,ShardedToInterleavedDeviceOperation,1,734.0
1312768,1,ShardedToInterleavedDeviceOperation,1,734.0
1324032,1,ShardedToInterleavedDeviceOperation,1,734.0
227328,,ShardedToInterleavedDeviceOperation,1,733.0
1305600,1,ShardedToInterleavedDeviceOperation,1,732.0
250880,,ShardedToInterleavedDeviceOperation,2,727.0
1317888,1,ShardedToInterleavedDeviceOperation,1,722.0
1328128,1,ShardedToInterleavedDeviceOperation,1,722.0
251904,,ShardedToInterleavedDeviceOperation,2,711.0
253952,,InterleavedToShardedDeviceOperation,4,695.0
257024,,InterleavedToShardedDeviceOperation,4,695.0
2285568,1,BinaryNgDeviceOperation,64,626.0
1714176,1,BinaryNgDeviceOperation,64,625.0
2387968,1,BinaryNgDeviceOperation,60,625.0
2158592,1,BinaryNgDeviceOperation,64,624.0
1968128,1,BinaryNgDeviceOperation,64,623.0
1777664,1,BinaryNgDeviceOperation,64,622.0
1594368,1,BinaryNgDeviceOperation,64,619.0
2222080,1,BinaryNgDeviceOperation,64,619.0
1657856,1,BinaryNgDeviceOperation,64,618.0
2253824,1,BinaryNgDeviceOperation,64,617.0
1753088,1,BinaryNgDeviceOperation,64,616.0
2007040,1,BinaryNgDeviceOperation,64,616.0
2260992,1,BinaryNgDeviceOperation,64,616.0
1936384,1,BinaryNgDeviceOperation,64,615.0
2031616,1,BinaryNgDeviceOperation,64,615.0
2102272,1,BinaryNgDeviceOperation,64,615.0
2292736,1,BinaryNgDeviceOperation,64,612.0
2317312,1,BinaryNgDeviceOperation,64,612.0
1745920,1,BinaryNgDeviceOperation,64,610.0
1460224,1,BinaryNgDeviceOperation,64,609.0
1784832,1,BinaryNgDeviceOperation,64,609.0
1904640,1,BinaryNgDeviceOperation,64,609.0
1618944,1,BinaryNgDeviceOperation,64,608.0
1872896,1,BinaryNgDeviceOperation,64,608.0
1943552,1,BinaryNgDeviceOperation,64,608.0
1999872,1,BinaryNgDeviceOperation,64,608.0
2063360,1,BinaryNgDeviceOperation,64,608.0
2095104,1,BinaryNgDeviceOperation,64,608.0
2197504,1,BinaryNgDeviceOperation,64,608.0
1499136,1,BinaryNgDeviceOperation,64,607.0
2038784,1,BinaryNgDeviceOperation,64,607.0
1523712,1,BinaryNgDeviceOperation,64,606.0
1530880,1,BinaryNgDeviceOperation,64,606.0
2349056,1,BinaryNgDeviceOperation,63,606.0
1428480,1,BinaryNgDeviceOperation,64,605.0
2190336,1,BinaryNgDeviceOperation,64,605.0
1562624,1,BinaryNgDeviceOperation,64,604.0
1403904,1,BinaryNgDeviceOperation,64,603.0
1435648,1,BinaryNgDeviceOperation,64,602.0
1587200,1,BinaryNgDeviceOperation,64,602.0
1689600,1,BinaryNgDeviceOperation,64,602.0
1848320,1,BinaryNgDeviceOperation,64,601.0
2126848,1,BinaryNgDeviceOperation,64,601.0
2324480,1,BinaryNgDeviceOperation,63,601.0
1467392,1,BinaryNgDeviceOperation,64,600.0
1626112,1,BinaryNgDeviceOperation,64,600.0
1816576,1,BinaryNgDeviceOperation,64,600.0
2134016,1,BinaryNgDeviceOperation,64,600.0
2165760,1,BinaryNgDeviceOperation,64,600.0
1911808,1,BinaryNgDeviceOperation,64,599.0
2356224,1,BinaryNgDeviceOperation,63,599.0
1721344,1,BinaryNgDeviceOperation,64,598.0
1880064,1,BinaryNgDeviceOperation,64,598.0
2070528,1,BinaryNgDeviceOperation,64,598.0
1682432,1,BinaryNgDeviceOperation,64,597.0
2229248,1,BinaryNgDeviceOperation,64,596.0
1975296,1,BinaryNgDeviceOperation,64,595.0
1348608,1,ShardedToInterleavedDeviceOperation,2,594.0
661504,,ShardedToInterleavedDeviceOperation,4,593.0
1138688,,ShardedToInterleavedDeviceOperation,4,593.0
2380800,1,BinaryNgDeviceOperation,60,593.0
479232,,ShardedToInterleavedDeviceOperation,4,592.0
851968,,ShardedToInterleavedDeviceOperation,4,592.0
948224,,ShardedToInterleavedDeviceOperation,4,591.0
987136,,ShardedToInterleavedDeviceOperation,4,591.0
1082368,,ShardedToInterleavedDeviceOperation,4,591.0
1349632,1,ShardedToInterleavedDeviceOperation,2,591.0
472064,,ShardedToInterleavedDeviceOperation,4,590.0
915456,,ShardedToInterleavedDeviceOperation,4,590.0
1491968,1,BinaryNgDeviceOperation,64,590.0
1841152,1,BinaryNgDeviceOperation,64,590.0
1809408,1,BinaryNgDeviceOperation,64,589.0
916480,,ShardedToInterleavedDeviceOperation,4,588.0
700416,,ShardedToInterleavedDeviceOperation,4,585.0
1208320,,ShardedToInterleavedDeviceOperation,4,585.0
1240064,,ShardedToInterleavedDeviceOperation,4,585.0
629760,,ShardedToInterleavedDeviceOperation,4,584.0
788480,,ShardedToInterleavedDeviceOperation,4,584.0
827392,,ShardedToInterleavedDeviceOperation,4,584.0
1201152,,ShardedToInterleavedDeviceOperation,4,584.0
1264640,,ShardedToInterleavedDeviceOperation,4,584.0
261120,,ShardedToInterleavedDeviceOperation,4,583.0
319488,,ShardedToInterleavedDeviceOperation,4,583.0
440320,,ShardedToInterleavedDeviceOperation,4,583.0
542720,,ShardedToInterleavedDeviceOperation,4,583.0
828416,,ShardedToInterleavedDeviceOperation,4,583.0
884736,,ShardedToInterleavedDeviceOperation,4,583.0
1011712,,ShardedToInterleavedDeviceOperation,4,583.0
345088,,ShardedToInterleavedDeviceOperation,4,582.0
509952,,ShardedToInterleavedDeviceOperation,4,582.0
821248,,ShardedToInterleavedDeviceOperation,4,582.0
852992,,ShardedToInterleavedDeviceOperation,4,582.0
1043456,,ShardedToInterleavedDeviceOperation,4,582.0
1650688,1,BinaryNgDeviceOperation,64,582.0
789504,,ShardedToInterleavedDeviceOperation,4,581.0
979968,,ShardedToInterleavedDeviceOperation,4,581.0
1265664,,ShardedToInterleavedDeviceOperation,4,581.0
351232,,ShardedToInterleavedDeviceOperation,4,580.0
1010688,,ShardedToInterleavedDeviceOperation,4,580.0
1074176,,ShardedToInterleavedDeviceOperation,4,580.0
1106944,,ShardedToInterleavedDeviceOperation,4,580.0
1145856,,ShardedToInterleavedDeviceOperation,4,580.0
439296,,ShardedToInterleavedDeviceOperation,4,579.0
2171904,1,ShardedToInterleavedDeviceOperation,4,579.0
1144832,,ShardedToInterleavedDeviceOperation,4,578.0
605184,,ShardedToInterleavedDeviceOperation,4,577.0
1113088,,ShardedToInterleavedDeviceOperation,4,577.0
277504,,ShardedToInterleavedDeviceOperation,4,576.0
376832,,ShardedToInterleavedDeviceOperation,4,576.0
414720,,ShardedToInterleavedDeviceOperation,4,576.0
669696,,ShardedToInterleavedDeviceOperation,4,576.0
820224,,ShardedToInterleavedDeviceOperation,4,576.0
890880,,ShardedToInterleavedDeviceOperation,4,576.0
954368,,ShardedToInterleavedDeviceOperation,4,576.0
1169408,,ShardedToInterleavedDeviceOperation,4,576.0
1233920,,ShardedToInterleavedDeviceOperation,4,576.0
2141184,1,ShardedToInterleavedDeviceOperation,4,576.0
630784,,ShardedToInterleavedDeviceOperation,4,575.0
796672,,ShardedToInterleavedDeviceOperation,4,575.0
1114112,,ShardedToInterleavedDeviceOperation,4,575.0
1695744,1,ShardedToInterleavedDeviceOperation,4,575.0
260096,,ShardedToInterleavedDeviceOperation,4,574.0
276480,,ShardedToInterleavedDeviceOperation,4,574.0
408576,,ShardedToInterleavedDeviceOperation,4,574.0
446464,,ShardedToInterleavedDeviceOperation,4,574.0
1049600,,ShardedToInterleavedDeviceOperation,4,574.0
478208,,ShardedToInterleavedDeviceOperation,4,573.0
693248,,ShardedToInterleavedDeviceOperation,4,573.0
756736,,ShardedToInterleavedDeviceOperation,4,573.0
947200,,ShardedToInterleavedDeviceOperation,4,573.0
1202176,,ShardedToInterleavedDeviceOperation,4,573.0
510976,,ShardedToInterleavedDeviceOperation,4,572.0
541696,,ShardedToInterleavedDeviceOperation,4,572.0
859136,,ShardedToInterleavedDeviceOperation,4,572.0
1538048,1,ShardedToInterleavedDeviceOperation,4,572.0
471040,,ShardedToInterleavedDeviceOperation,4,570.0
573440,,ShardedToInterleavedDeviceOperation,4,570.0
891904,,ShardedToInterleavedDeviceOperation,4,570.0
978944,,ShardedToInterleavedDeviceOperation,4,570.0
1017856,,ShardedToInterleavedDeviceOperation,4,570.0
1555456,1,BinaryNgDeviceOperation,64,570.0
344064,,ShardedToInterleavedDeviceOperation,4,568.0
382976,,ShardedToInterleavedDeviceOperation,4,568.0
1137664,,ShardedToInterleavedDeviceOperation,4,568.0
1271808,,ShardedToInterleavedDeviceOperation,4,568.0
1569792,1,ShardedToInterleavedDeviceOperation,4,568.0
313344,,ShardedToInterleavedDeviceOperation,4,567.0
567296,,ShardedToInterleavedDeviceOperation,4,567.0
599040,,ShardedToInterleavedDeviceOperation,4,567.0
757760,,ShardedToInterleavedDeviceOperation,4,567.0
1209344,,ShardedToInterleavedDeviceOperation,4,567.0
1512448,1,ShardedToInterleavedDeviceOperation,4,567.0
1886208,1,ShardedToInterleavedDeviceOperation,4,567.0
352256,,ShardedToInterleavedDeviceOperation,4,566.0
668672,,ShardedToInterleavedDeviceOperation,4,566.0
724992,,ShardedToInterleavedDeviceOperation,4,566.0
1272832,,ShardedToInterleavedDeviceOperation,4,565.0
1887232,1,ShardedToInterleavedDeviceOperation,4,565.0
534528,,ShardedToInterleavedDeviceOperation,4,564.0
726016,,ShardedToInterleavedDeviceOperation,4,564.0
1050624,,ShardedToInterleavedDeviceOperation,4,564.0
1075200,,ShardedToInterleavedDeviceOperation,4,564.0
2077696,1,ShardedToInterleavedDeviceOperation,4,564.0
883712,,ShardedToInterleavedDeviceOperation,4,563.0
1632256,1,ShardedToInterleavedDeviceOperation,4,563.0
1374208,1,ShardedToInterleavedDeviceOperation,4,561.0
415744,,ShardedToInterleavedDeviceOperation,4,559.0
701440,,ShardedToInterleavedDeviceOperation,4,559.0
1241088,,ShardedToInterleavedDeviceOperation,4,559.0
1600512,1,ShardedToInterleavedDeviceOperation,4,559.0
1607680,1,ShardedToInterleavedDeviceOperation,4,559.0
1917952,1,ShardedToInterleavedDeviceOperation,4,559.0
1981440,1,ShardedToInterleavedDeviceOperation,4,559.0
2267136,1,ShardedToInterleavedDeviceOperation,4,559.0
2330624,1,ShardedToInterleavedDeviceOperation,3,559.0
2362368,1,ShardedToInterleavedDeviceOperation,3,558.0
269312,,ShardedToInterleavedDeviceOperation,4,557.0
375808,,ShardedToInterleavedDeviceOperation,4,557.0
407552,,ShardedToInterleavedDeviceOperation,4,557.0
636928,,ShardedToInterleavedDeviceOperation,4,557.0
1480704,1,ShardedToInterleavedDeviceOperation,4,557.0
2108416,1,ShardedToInterleavedDeviceOperation,4,557.0
637952,,ShardedToInterleavedDeviceOperation,4,556.0
1505280,1,ShardedToInterleavedDeviceOperation,4,556.0
1727488,1,ShardedToInterleavedDeviceOperation,4,556.0
2076672,1,ShardedToInterleavedDeviceOperation,4,556.0
1441792,1,ShardedToInterleavedDeviceOperation,4,555.0
1473536,1,ShardedToInterleavedDeviceOperation,4,555.0
2298880,1,ShardedToInterleavedDeviceOperation,4,555.0
1956864,1,ShardedToInterleavedDeviceOperation,4,554.0
2013184,1,ShardedToInterleavedDeviceOperation,4,554.0
502784,,ShardedToInterleavedDeviceOperation,4,553.0
1232896,,ShardedToInterleavedDeviceOperation,4,553.0
1177600,,ShardedToInterleavedDeviceOperation,4,552.0
1537024,1,ShardedToInterleavedDeviceOperation,4,552.0
320512,,ShardedToInterleavedDeviceOperation,4,551.0
384000,,ShardedToInterleavedDeviceOperation,4,551.0
535552,,ShardedToInterleavedDeviceOperation,4,551.0
1568768,1,ShardedToInterleavedDeviceOperation,4,551.0
1759232,1,ShardedToInterleavedDeviceOperation,4,551.0
1822720,1,ShardedToInterleavedDeviceOperation,4,551.0
2140160,1,ShardedToInterleavedDeviceOperation,4,551.0
2203648,1,ShardedToInterleavedDeviceOperation,4,551.0
2235392,1,ShardedToInterleavedDeviceOperation,4,551.0
2236416,1,ShardedToInterleavedDeviceOperation,4,551.0
2274304,1,ShardedToInterleavedDeviceOperation,4,551.0
1081344,,ShardedToInterleavedDeviceOperation,4,550.0
2204672,1,ShardedToInterleavedDeviceOperation,4,550.0
503808,,ShardedToInterleavedDeviceOperation,4,549.0
1411072,1,ShardedToInterleavedDeviceOperation,4,549.0
566272,,ShardedToInterleavedDeviceOperation,4,548.0
1018880,,ShardedToInterleavedDeviceOperation,4,548.0
1410048,1,ShardedToInterleavedDeviceOperation,4,548.0
1474560,1,ShardedToInterleavedDeviceOperation,4,547.0
1601536,1,ShardedToInterleavedDeviceOperation,4,547.0
1702912,1,ShardedToInterleavedDeviceOperation,4,547.0
1728512,1,ShardedToInterleavedDeviceOperation,4,547.0
1790976,1,ShardedToInterleavedDeviceOperation,4,547.0
2014208,1,ShardedToInterleavedDeviceOperation,4,547.0
2052096,1,ShardedToInterleavedDeviceOperation,4,546.0
2115584,1,ShardedToInterleavedDeviceOperation,4,546.0
763904,,ShardedToInterleavedDeviceOperation,4,545.0
1664000,1,ShardedToInterleavedDeviceOperation,4,545.0
1792000,1,ShardedToInterleavedDeviceOperation,4,545.0
2307072,1,ShardedToInterleavedDeviceOperation,4,545.0
795648,,ShardedToInterleavedDeviceOperation,4,544.0
1176576,,ShardedToInterleavedDeviceOperation,4,544.0
1170432,,ShardedToInterleavedDeviceOperation,4,543.0
1696768,1,ShardedToInterleavedDeviceOperation,4,543.0
312320,,ShardedToInterleavedDeviceOperation,4,542.0
922624,,ShardedToInterleavedDeviceOperation,4,542.0
1513472,1,ShardedToInterleavedDeviceOperation,4,542.0
694272,,ShardedToInterleavedDeviceOperation,4,541.0
860160,,ShardedToInterleavedDeviceOperation,4,541.0
1608704,1,ShardedToInterleavedDeviceOperation,4,541.0
606208,,ShardedToInterleavedDeviceOperation,4,540.0
1375232,1,ShardedToInterleavedDeviceOperation,4,540.0
1481728,1,ShardedToInterleavedDeviceOperation,4,540.0
1949696,1,ShardedToInterleavedDeviceOperation,4,540.0
2084864,1,ShardedToInterleavedDeviceOperation,4,540.0
2306048,1,ShardedToInterleavedDeviceOperation,4,540.0
733184,,ShardedToInterleavedDeviceOperation,4,539.0
2331648,1,ShardedToInterleavedDeviceOperation,3,538.0
1042432,,ShardedToInterleavedDeviceOperation,4,537.0
1576960,1,ShardedToInterleavedDeviceOperation,4,537.0
1672192,1,ShardedToInterleavedDeviceOperation,4,537.0
2053120,1,ShardedToInterleavedDeviceOperation,4,537.0
2116608,1,ShardedToInterleavedDeviceOperation,4,537.0
2172928,1,ShardedToInterleavedDeviceOperation,4,537.0
447488,,ShardedToInterleavedDeviceOperation,4,536.0
574464,,ShardedToInterleavedDeviceOperation,4,536.0
732160,,ShardedToInterleavedDeviceOperation,4,536.0
1442816,1,ShardedToInterleavedDeviceOperation,4,536.0
1506304,1,ShardedToInterleavedDeviceOperation,4,536.0
1799168,1,ShardedToInterleavedDeviceOperation,4,536.0
1823744,1,ShardedToInterleavedDeviceOperation,4,536.0
1894400,1,ShardedToInterleavedDeviceOperation,4,536.0
2044928,1,ShardedToInterleavedDeviceOperation,4,536.0
2243584,1,ShardedToInterleavedDeviceOperation,4,536.0
662528,,ShardedToInterleavedDeviceOperation,4,535.0
955392,,ShardedToInterleavedDeviceOperation,4,535.0
1767424,1,ShardedToInterleavedDeviceOperation,4,535.0
1918976,1,ShardedToInterleavedDeviceOperation,4,535.0
1950720,1,ShardedToInterleavedDeviceOperation,4,535.0
1957888,1,ShardedToInterleavedDeviceOperation,4,535.0
2275328,1,ShardedToInterleavedDeviceOperation,4,535.0
986112,,ShardedToInterleavedDeviceOperation,4,534.0
1633280,1,ShardedToInterleavedDeviceOperation,4,533.0
1829888,1,ShardedToInterleavedDeviceOperation,4,533.0
1830912,1,ShardedToInterleavedDeviceOperation,4,533.0
1989632,1,ShardedToInterleavedDeviceOperation,4,533.0
2020352,1,ShardedToInterleavedDeviceOperation,4,533.0
2045952,1,ShardedToInterleavedDeviceOperation,4,533.0
2083840,1,ShardedToInterleavedDeviceOperation,4,533.0
1367040,1,ShardedToInterleavedDeviceOperation,4,532.0
1545216,1,ShardedToInterleavedDeviceOperation,4,532.0
2148352,1,ShardedToInterleavedDeviceOperation,4,532.0
2211840,1,ShardedToInterleavedDeviceOperation,4,532.0
1544192,1,ShardedToInterleavedDeviceOperation,4,530.0
1854464,1,ShardedToInterleavedDeviceOperation,4,530.0
1855488,1,ShardedToInterleavedDeviceOperation,4,530.0
1988608,1,ShardedToInterleavedDeviceOperation,4,530.0
1105920,,ShardedToInterleavedDeviceOperation,4,529.0
1575936,1,ShardedToInterleavedDeviceOperation,4,529.0
1665024,1,ShardedToInterleavedDeviceOperation,4,529.0
1735680,1,ShardedToInterleavedDeviceOperation,4,529.0
1862656,1,ShardedToInterleavedDeviceOperation,4,529.0
1893376,1,ShardedToInterleavedDeviceOperation,4,529.0
1926144,1,ShardedToInterleavedDeviceOperation,4,529.0
1982464,1,ShardedToInterleavedDeviceOperation,4,529.0
2109440,1,ShardedToInterleavedDeviceOperation,4,529.0
2180096,1,ShardedToInterleavedDeviceOperation,4,529.0
2242560,1,ShardedToInterleavedDeviceOperation,4,529.0
598016,,ShardedToInterleavedDeviceOperation,4,528.0
1671168,1,ShardedToInterleavedDeviceOperation,4,528.0
2363392,1,ShardedToInterleavedDeviceOperation,3,528.0
923648,,ShardedToInterleavedDeviceOperation,4,527.0
1417216,1,ShardedToInterleavedDeviceOperation,4,527.0
1418240,1,ShardedToInterleavedDeviceOperation,4,527.0
1449984,1,ShardedToInterleavedDeviceOperation,4,527.0
1640448,1,ShardedToInterleavedDeviceOperation,4,527.0
1703936,1,ShardedToInterleavedDeviceOperation,4,527.0
1760256,1,ShardedToInterleavedDeviceOperation,4,527.0
2021376,1,ShardedToInterleavedDeviceOperation,4,527.0
2268160,1,ShardedToInterleavedDeviceOperation,4,527.0
2338816,1,ShardedToInterleavedDeviceOperation,3,527.0
764928,,ShardedToInterleavedDeviceOperation,4,526.0
2299904,1,ShardedToInterleavedDeviceOperation,4,526.0
2337792,1,ShardedToInterleavedDeviceOperation,3,526.0
1734656,1,ShardedToInterleavedDeviceOperation,4,525.0
2147328,1,ShardedToInterleavedDeviceOperation,4,525.0
1358848,1,ShardedToInterleavedDeviceOperation,4,524.0
1639424,1,ShardedToInterleavedDeviceOperation,4,524.0
1766400,1,ShardedToInterleavedDeviceOperation,4,524.0
1798144,1,ShardedToInterleavedDeviceOperation,4,524.0
1925120,1,ShardedToInterleavedDeviceOperation,4,524.0
1357824,1,ShardedToInterleavedDeviceOperation,4,523.0
1448960,1,ShardedToInterleavedDeviceOperation,4,523.0
1861632,1,ShardedToInterleavedDeviceOperation,4,523.0
2179072,1,ShardedToInterleavedDeviceOperation,4,523.0
2210816,1,ShardedToInterleavedDeviceOperation,4,520.0
369664,,BinaryNgDeviceOperation,64,507.0
584704,,BinaryNgDeviceOperation,64,505.0
909312,,BinaryNgDeviceOperation,64,502.0
1258496,,BinaryNgDeviceOperation,64,500.0
306176,,BinaryNgDeviceOperation,64,499.0
655360,,BinaryNgDeviceOperation,64,499.0
1163264,,BinaryNgDeviceOperation,64,498.0
489472,,BinaryNgDeviceOperation,64,497.0
718848,,BinaryNgDeviceOperation,64,493.0
1092608,,BinaryNgDeviceOperation,64,492.0
1156096,,BinaryNgDeviceOperation,64,491.0
743424,,BinaryNgDeviceOperation,64,490.0
997376,,BinaryNgDeviceOperation,64,489.0
552960,,BinaryNgDeviceOperation,64,486.0
591872,,BinaryNgDeviceOperation,64,485.0
623616,,BinaryNgDeviceOperation,64,484.0
877568,,BinaryNgDeviceOperation,64,484.0
972800,,BinaryNgDeviceOperation,64,484.0
1131520,,BinaryNgDeviceOperation,64,484.0
902144,,BinaryNgDeviceOperation,64,483.0
1068032,,BinaryNgDeviceOperation,64,483.0
814080,,BinaryNgDeviceOperation,64,482.0
941056,,BinaryNgDeviceOperation,64,482.0
1029120,,BinaryNgDeviceOperation,64,482.0
1226752,,BinaryNgDeviceOperation,64,482.0
457728,,BinaryNgDeviceOperation,64,481.0
521216,,BinaryNgDeviceOperation,64,481.0
560128,,BinaryNgDeviceOperation,64,481.0
616448,,BinaryNgDeviceOperation,64,481.0
687104,,BinaryNgDeviceOperation,64,481.0
775168,,BinaryNgDeviceOperation,64,481.0
933888,,BinaryNgDeviceOperation,64,481.0
1060864,,BinaryNgDeviceOperation,64,481.0
1187840,,BinaryNgDeviceOperation,64,481.0
1251328,,BinaryNgDeviceOperation,64,481.0
337920,,BinaryNgDeviceOperation,64,480.0
401408,,BinaryNgDeviceOperation,64,480.0
528384,,BinaryNgDeviceOperation,64,480.0
750592,,BinaryNgDeviceOperation,64,480.0
1036288,,BinaryNgDeviceOperation,64,480.0
1283072,,BinaryNgDeviceOperation,64,480.0
496640,,BinaryNgDeviceOperation,64,479.0
464896,,BinaryNgDeviceOperation,64,478.0
711680,,BinaryNgDeviceOperation,64,478.0
845824,,BinaryNgDeviceOperation,64,478.0
425984,,BinaryNgDeviceOperation,64,477.0
433152,,BinaryNgDeviceOperation,64,477.0
782336,,BinaryNgDeviceOperation,64,477.0
1195008,,BinaryNgDeviceOperation,64,477.0
648192,,BinaryNgDeviceOperation,64,476.0
838656,,BinaryNgDeviceOperation,64,476.0
965632,,BinaryNgDeviceOperation,64,476.0
806912,,BinaryNgDeviceOperation,64,475.0
870400,,BinaryNgDeviceOperation,64,475.0
1290240,,BinaryNgDeviceOperation,64,475.0
362496,,BinaryNgDeviceOperation,64,474.0
1219584,,BinaryNgDeviceOperation,64,472.0
394240,,BinaryNgDeviceOperation,64,471.0
1004544,,BinaryNgDeviceOperation,64,471.0
330752,,BinaryNgDeviceOperation,64,470.0
679936,,BinaryNgDeviceOperation,64,470.0
1099776,,BinaryNgDeviceOperation,64,470.0
1124352,,BinaryNgDeviceOperation,64,465.0
