op_id,replay,op_name,cores,duration_ns
1255424,,ArgMaxDeviceOperation,64,2303569.0
2251776,1,ArgMaxDeviceOperation,64,2303500.0
2248704,1,MatmulDeviceOperation,64,2232974.0
1252352,,MatmulDeviceOperation,64,2231129.0
120832,,CopyDeviceOperation,64,404747.0
122880,,CopyDeviceOperation,64,387996.0
171008,,CopyDeviceOperation,64,387624.0
234496,,CopyDeviceOperation,64,386401.0
132096,,CopyDeviceOperation,64,383770.0
195584,,CopyDeviceOperation,64,380476.0
183296,,CopyDeviceOperation,64,380306.0
257024,,CopyDeviceOperation,64,379815.0
241664,,CopyDeviceOperation,64,378678.0
240640,,CopyDeviceOperation,64,378124.0
251904,,CopyDeviceOperation,64,377448.0
161792,,CopyDeviceOperation,64,376830.0
159744,,CopyDeviceOperation,64,376520.0
129024,,CopyDeviceOperation,64,376508.0
206848,,CopyDeviceOperation,64,376162.0
135168,,CopyDeviceOperation,64,375960.0
250880,,CopyDeviceOperation,64,375698.0
173056,,CopyDeviceOperation,64,375625.0
141312,,CopyDeviceOperation,64,375542.0
219136,,CopyDeviceOperation,64,375173.0
138240,,CopyDeviceOperation,64,375058.0
150528,,CopyDeviceOperation,64,374997.0
188416,,CopyDeviceOperation,64,374787.0
244736,,CopyDeviceOperation,64,374265.0
215040,,CopyDeviceOperation,64,374163.0
156672,,CopyDeviceOperation,64,373669.0
125952,,CopyDeviceOperation,64,373646.0
247808,,CopyDeviceOperation,64,373536.0
204800,,CopyDeviceOperation,64,373182.0
130048,,CopyDeviceOperation,64,372933.0
203776,,CopyDeviceOperation,64,372922.0
258048,,CopyDeviceOperation,64,372234.0
239616,,CopyDeviceOperation,64,372087.0
209920,,CopyDeviceOperation,64,371767.0
221184,,CopyDeviceOperation,64,371250.0
153600,,CopyDeviceOperation,64,371081.0
134144,,CopyDeviceOperation,64,370557.0
139264,,CopyDeviceOperation,64,370549.0
160768,,CopyDeviceOperation,64,369526.0
225280,,CopyDeviceOperation,64,369343.0
175104,,CopyDeviceOperation,64,369335.0
181248,,CopyDeviceOperation,64,369056.0
224256,,CopyDeviceOperation,64,368933.0
176128,,CopyDeviceOperation,64,368697.0
169984,,CopyDeviceOperation,64,368406.0
167936,,CopyDeviceOperation,64,368146.0
154624,,CopyDeviceOperation,64,368094.0
157696,,CopyDeviceOperation,64,367655.0
147456,,CopyDeviceOperation,64,367217.0
226304,,CopyDeviceOperation,64,367047.0
227328,,CopyDeviceOperation,64,366564.0
222208,,CopyDeviceOperation,64,366515.0
163840,,CopyDeviceOperation,64,366477.0
252928,,CopyDeviceOperation,64,366477.0
230400,,CopyDeviceOperation,64,366387.0
185344,,CopyDeviceOperation,64,366347.0
189440,,CopyDeviceOperation,64,366270.0
207872,,CopyDeviceOperation,64,366034.0
116736,,CopyDeviceOperation,64,365855.0
199680,,CopyDeviceOperation,64,365798.0
198656,,CopyDeviceOperation,64,365619.0
190464,,CopyDeviceOperation,64,365201.0
145408,,CopyDeviceOperation,64,364717.0
243712,,CopyDeviceOperation,64,364145.0
259072,,CopyDeviceOperation,64,363938.0
235520,,CopyDeviceOperation,64,363742.0
223232,,CopyDeviceOperation,64,363587.0
123904,,CopyDeviceOperation,64,363414.0
187392,,CopyDeviceOperation,64,363230.0
254976,,CopyDeviceOperation,64,361700.0
220160,,CopyDeviceOperation,64,361643.0
238592,,CopyDeviceOperation,64,361257.0
144384,,CopyDeviceOperation,64,360791.0
179200,,CopyDeviceOperation,64,360672.0
143360,,CopyDeviceOperation,64,359254.0
253952,,CopyDeviceOperation,64,358339.0
201728,,CopyDeviceOperation,64,358021.0
124928,,CopyDeviceOperation,64,357967.0
192512,,CopyDeviceOperation,64,357598.0
158720,,CopyDeviceOperation,64,354774.0
242688,,CopyDeviceOperation,64,354463.0
197632,,CopyDeviceOperation,64,353802.0
133120,,CopyDeviceOperation,64,353678.0
229376,,CopyDeviceOperation,64,345870.0
216064,,CopyDeviceOperation,64,247283.0
177152,,CopyDeviceOperation,64,246047.0
172032,,CopyDeviceOperation,64,239984.0
121856,,CopyDeviceOperation,64,239813.0
166912,,CopyDeviceOperation,64,239624.0
245760,,CopyDeviceOperation,64,238846.0
117760,,CopyDeviceOperation,64,238710.0
236544,,CopyDeviceOperation,64,238588.0
142336,,CopyDeviceOperation,64,238452.0
126976,,CopyDeviceOperation,64,236462.0
164864,,CopyDeviceOperation,64,236156.0
140288,,CopyDeviceOperation,64,235972.0
212992,,CopyDeviceOperation,64,235924.0
217088,,CopyDeviceOperation,64,235776.0
168960,,CopyDeviceOperation,64,235470.0
232448,,CopyDeviceOperation,64,235143.0
146432,,CopyDeviceOperation,64,234947.0
137216,,CopyDeviceOperation,64,234437.0
165888,,CopyDeviceOperation,64,234380.0
184320,,CopyDeviceOperation,64,234165.0
180224,,CopyDeviceOperation,64,233775.0
118784,,CopyDeviceOperation,64,233534.0
214016,,CopyDeviceOperation,64,233510.0
128000,,CopyDeviceOperation,64,233500.0
174080,,CopyDeviceOperation,64,233214.0
205824,,CopyDeviceOperation,64,232092.0
191488,,CopyDeviceOperation,64,232087.0
202752,,CopyDeviceOperation,64,231756.0
162816,,InterleavedToShardedDeviceOperation,12,171309.0
200704,,InterleavedToShardedDeviceOperation,12,169348.0
178176,,InterleavedToShardedDeviceOperation,12,168837.0
218112,,InterleavedToShardedDeviceOperation,12,168690.0
249856,,InterleavedToShardedDeviceOperation,12,168157.0
182272,,InterleavedToShardedDeviceOperation,12,168001.0
246784,,InterleavedToShardedDeviceOperation,12,167889.0
228352,,InterleavedToShardedDeviceOperation,12,167872.0
231424,,InterleavedToShardedDeviceOperation,12,167534.0
149504,,InterleavedToShardedDeviceOperation,12,167242.0
256000,,InterleavedToShardedDeviceOperation,12,166976.0
152576,,InterleavedToShardedDeviceOperation,12,166907.0
148480,,InterleavedToShardedDeviceOperation,12,166749.0
233472,,InterleavedToShardedDeviceOperation,12,166503.0
186368,,InterleavedToShardedDeviceOperation,12,166434.0
136192,,InterleavedToShardedDeviceOperation,12,166416.0
196608,,InterleavedToShardedDeviceOperation,12,166395.0
131072,,InterleavedToShardedDeviceOperation,12,166372.0
193536,,InterleavedToShardedDeviceOperation,12,166240.0
237568,,InterleavedToShardedDeviceOperation,12,166060.0
194560,,InterleavedToShardedDeviceOperation,12,166005.0
211968,,InterleavedToShardedDeviceOperation,12,165770.0
155648,,InterleavedToShardedDeviceOperation,12,165736.0
248832,,InterleavedToShardedDeviceOperation,12,165530.0
119808,,InterleavedToShardedDeviceOperation,12,165511.0
210944,,InterleavedToShardedDeviceOperation,12,165476.0
208896,,InterleavedToShardedDeviceOperation,12,164327.0
151552,,InterleavedToShardedDeviceOperation,12,162393.0
1668096,1,MatmulDeviceOperation,64,123753.0
2039808,1,MatmulDeviceOperation,64,123683.0
1803264,1,MatmulDeviceOperation,64,123574.0
2141184,1,MatmulDeviceOperation,64,123550.0
1363968,1,MatmulDeviceOperation,64,123548.0
1330176,1,MatmulDeviceOperation,64,123494.0
1837056,1,MatmulDeviceOperation,64,123445.0
1769472,1,MatmulDeviceOperation,64,123424.0
1499136,1,MatmulDeviceOperation,64,123406.0
1735680,1,MatmulDeviceOperation,64,123364.0
1870848,1,MatmulDeviceOperation,64,123335.0
2006016,1,MatmulDeviceOperation,64,123313.0
2073600,1,MatmulDeviceOperation,64,123301.0
1465344,1,MatmulDeviceOperation,64,123223.0
1397760,1,MatmulDeviceOperation,64,123185.0
1634304,1,MatmulDeviceOperation,64,123043.0
1938432,1,MatmulDeviceOperation,64,123036.0
2208768,1,MatmulDeviceOperation,64,122920.0
1600512,1,MatmulDeviceOperation,64,122816.0
1431552,1,MatmulDeviceOperation,64,122671.0
2107392,1,MatmulDeviceOperation,64,122348.0
2242560,1,MatmulDeviceOperation,64,122335.0
1937408,1,MatmulDeviceOperation,64,122322.0
1566720,1,MatmulDeviceOperation,64,122242.0
1464320,1,MatmulDeviceOperation,64,121980.0
1633280,1,MatmulDeviceOperation,64,121841.0
806912,,MatmulDeviceOperation,64,121780.0
1802240,1,MatmulDeviceOperation,64,121759.0
1667072,1,MatmulDeviceOperation,64,121690.0
1734656,1,MatmulDeviceOperation,64,121649.0
1178624,,MatmulDeviceOperation,64,121569.0
704512,,MatmulDeviceOperation,64,121489.0
1144832,,MatmulDeviceOperation,64,121477.0
1362944,1,MatmulDeviceOperation,64,121473.0
1869824,1,MatmulDeviceOperation,64,121411.0
873472,,MatmulDeviceOperation,64,121386.0
636928,,MatmulDeviceOperation,64,121344.0
1396736,1,MatmulDeviceOperation,64,121333.0
1329152,1,MatmulDeviceOperation,64,121304.0
1768448,1,MatmulDeviceOperation,64,121302.0
1043456,,MatmulDeviceOperation,64,121282.0
2004992,1,MatmulDeviceOperation,64,121214.0
1836032,1,MatmulDeviceOperation,64,121189.0
2207744,1,MatmulDeviceOperation,64,121182.0
1565696,1,MatmulDeviceOperation,64,121150.0
840704,,MatmulDeviceOperation,64,121136.0
805888,,MatmulDeviceOperation,64,121134.0
501760,,MatmulDeviceOperation,64,121132.0
1111040,,MatmulDeviceOperation,64,121130.0
435200,,MatmulDeviceOperation,64,121128.0
2106368,1,MatmulDeviceOperation,64,121122.0
1498112,1,MatmulDeviceOperation,64,121108.0
975872,,MatmulDeviceOperation,64,121100.0
434176,,MatmulDeviceOperation,64,121099.0
670720,,MatmulDeviceOperation,64,121097.0
1177600,,MatmulDeviceOperation,64,121093.0
839680,,MatmulDeviceOperation,64,121088.0
604160,,MatmulDeviceOperation,64,121083.0
705536,,MatmulDeviceOperation,64,121069.0
738304,,MatmulDeviceOperation,64,121058.0
332800,,MatmulDeviceOperation,64,121043.0
637952,,MatmulDeviceOperation,64,121036.0
2140160,1,MatmulDeviceOperation,64,121022.0
1599488,1,MatmulDeviceOperation,64,121012.0
907264,,MatmulDeviceOperation,64,120996.0
1904640,1,MatmulDeviceOperation,64,120988.0
739328,,MatmulDeviceOperation,64,120987.0
536576,,MatmulDeviceOperation,64,120979.0
908288,,MatmulDeviceOperation,64,120977.0
2072576,1,MatmulDeviceOperation,64,120976.0
2241536,1,MatmulDeviceOperation,64,120954.0
1042432,,MatmulDeviceOperation,64,120950.0
942080,,MatmulDeviceOperation,64,120931.0
773120,,MatmulDeviceOperation,64,120920.0
400384,,MatmulDeviceOperation,64,120912.0
671744,,MatmulDeviceOperation,64,120912.0
1008640,,MatmulDeviceOperation,64,120892.0
874496,,MatmulDeviceOperation,64,120869.0
1246208,,MatmulDeviceOperation,64,120857.0
1700864,1,MatmulDeviceOperation,64,120849.0
603136,,MatmulDeviceOperation,64,120832.0
535552,,MatmulDeviceOperation,64,120814.0
1212416,,MatmulDeviceOperation,64,120799.0
467968,,MatmulDeviceOperation,64,120779.0
1245184,,MatmulDeviceOperation,64,120760.0
366592,,MatmulDeviceOperation,64,120754.0
941056,,MatmulDeviceOperation,64,120707.0
974848,,MatmulDeviceOperation,64,120703.0
772096,,MatmulDeviceOperation,64,120693.0
333824,,MatmulDeviceOperation,64,120692.0
1077248,,MatmulDeviceOperation,64,120680.0
2038784,1,MatmulDeviceOperation,64,120665.0
569344,,MatmulDeviceOperation,64,120633.0
1211392,,MatmulDeviceOperation,64,120629.0
570368,,MatmulDeviceOperation,64,120618.0
468992,,MatmulDeviceOperation,64,120609.0
367616,,MatmulDeviceOperation,64,120588.0
502784,,MatmulDeviceOperation,64,120571.0
1903616,1,MatmulDeviceOperation,64,120551.0
1430528,1,MatmulDeviceOperation,64,120547.0
2173952,1,MatmulDeviceOperation,64,120544.0
1971200,1,MatmulDeviceOperation,64,120520.0
1143808,,MatmulDeviceOperation,64,120511.0
1076224,,MatmulDeviceOperation,64,120495.0
1110016,,MatmulDeviceOperation,64,120475.0
1531904,1,MatmulDeviceOperation,64,120462.0
401408,,MatmulDeviceOperation,64,120301.0
1009664,,MatmulDeviceOperation,64,120173.0
2174976,1,MatmulDeviceOperation,64,119331.0
1972224,1,MatmulDeviceOperation,64,119059.0
1701888,1,MatmulDeviceOperation,64,118863.0
1532928,1,MatmulDeviceOperation,64,118706.0
692224,,SdpaDecodeDeviceOperation,64,117714.0
1131520,,SdpaDecodeDeviceOperation,64,117680.0
1232896,,SdpaDecodeDeviceOperation,64,116949.0
455680,,SdpaDecodeDeviceOperation,64,116323.0
1485824,1,SdpaDecodeDeviceOperation,64,116063.0
316416,,SdpaDecodeDeviceOperation,64,116021.0
2229248,1,SdpaDecodeDeviceOperation,64,115667.0
1350656,1,SdpaDecodeDeviceOperation,64,115450.0
1165312,,SdpaDecodeDeviceOperation,64,115004.0
1975296,1,MatmulDeviceOperation,64,114632.0
557056,,SdpaDecodeDeviceOperation,64,114606.0
658432,,SdpaDecodeDeviceOperation,64,114597.0
1941504,1,MatmulDeviceOperation,64,114544.0
1367040,1,MatmulDeviceOperation,64,114513.0
2026496,1,SdpaDecodeDeviceOperation,64,114463.0
1806336,1,MatmulDeviceOperation,64,114455.0
2076672,1,MatmulDeviceOperation,64,114448.0
2042880,1,MatmulDeviceOperation,64,114420.0
1637376,1,MatmulDeviceOperation,64,114395.0
1704960,1,MatmulDeviceOperation,64,114390.0
2094080,1,SdpaDecodeDeviceOperation,64,114368.0
2144256,1,MatmulDeviceOperation,64,114340.0
2211840,1,MatmulDeviceOperation,64,114314.0
523264,,SdpaDecodeDeviceOperation,64,114294.0
2245632,1,MatmulDeviceOperation,64,114276.0
1012736,,MatmulDeviceOperation,64,114262.0
2178048,1,MatmulDeviceOperation,64,114260.0
742400,,MatmulDeviceOperation,64,114247.0
978944,,MatmulDeviceOperation,64,114240.0
590848,,SdpaDecodeDeviceOperation,64,114228.0
1468416,1,MatmulDeviceOperation,64,114213.0
2110464,1,MatmulDeviceOperation,64,114203.0
472064,,MatmulDeviceOperation,64,114195.0
1046528,,MatmulDeviceOperation,64,114183.0
1502208,1,MatmulDeviceOperation,64,114161.0
827392,,SdpaDecodeDeviceOperation,64,114157.0
1434624,1,MatmulDeviceOperation,64,114130.0
1536000,1,MatmulDeviceOperation,64,114120.0
1215488,,MatmulDeviceOperation,64,114112.0
1097728,,SdpaDecodeDeviceOperation,64,114099.0
336896,,MatmulDeviceOperation,64,114094.0
1671168,1,MatmulDeviceOperation,64,114090.0
1772544,1,MatmulDeviceOperation,64,114079.0
539648,,MatmulDeviceOperation,64,114065.0
1873920,1,MatmulDeviceOperation,64,114054.0
370688,,MatmulDeviceOperation,64,114034.0
2009088,1,MatmulDeviceOperation,64,114025.0
607232,,MatmulDeviceOperation,64,114013.0
1603584,1,MatmulDeviceOperation,64,114012.0
843776,,MatmulDeviceOperation,64,114002.0
928768,,SdpaDecodeDeviceOperation,64,113990.0
1738752,1,MatmulDeviceOperation,64,113983.0
1907712,1,MatmulDeviceOperation,64,113973.0
505856,,MatmulDeviceOperation,64,113964.0
1181696,,MatmulDeviceOperation,64,113951.0
1114112,,MatmulDeviceOperation,64,113949.0
1840128,1,MatmulDeviceOperation,64,113944.0
1553408,1,SdpaDecodeDeviceOperation,64,113923.0
708608,,MatmulDeviceOperation,64,113909.0
1400832,1,MatmulDeviceOperation,64,113896.0
776192,,MatmulDeviceOperation,64,113883.0
1958912,1,SdpaDecodeDeviceOperation,64,113864.0
877568,,MatmulDeviceOperation,64,113853.0
2161664,1,SdpaDecodeDeviceOperation,64,113850.0
2195456,1,SdpaDecodeDeviceOperation,64,113849.0
641024,,MatmulDeviceOperation,64,113839.0
911360,,MatmulDeviceOperation,64,113831.0
1569792,1,MatmulDeviceOperation,64,113806.0
1147904,,MatmulDeviceOperation,64,113723.0
674816,,MatmulDeviceOperation,64,113721.0
404480,,MatmulDeviceOperation,64,113704.0
1452032,1,SdpaDecodeDeviceOperation,64,113699.0
1333248,1,MatmulDeviceOperation,64,113697.0
1080320,,MatmulDeviceOperation,64,113694.0
573440,,MatmulDeviceOperation,64,113679.0
438272,,MatmulDeviceOperation,64,113661.0
1249280,,MatmulDeviceOperation,64,113653.0
809984,,MatmulDeviceOperation,64,113642.0
421888,,SdpaDecodeDeviceOperation,64,113593.0
945152,,MatmulDeviceOperation,64,113593.0
1199104,,SdpaDecodeDeviceOperation,64,113435.0
1925120,1,SdpaDecodeDeviceOperation,64,113212.0
861184,,SdpaDecodeDeviceOperation,64,113030.0
388096,,SdpaDecodeDeviceOperation,64,113025.0
759808,,SdpaDecodeDeviceOperation,64,112988.0
489472,,SdpaDecodeDeviceOperation,64,112974.0
894976,,SdpaDecodeDeviceOperation,64,112940.0
2060288,1,SdpaDecodeDeviceOperation,64,112821.0
1620992,1,SdpaDecodeDeviceOperation,64,112805.0
1789952,1,SdpaDecodeDeviceOperation,64,112734.0
1030144,,SdpaDecodeDeviceOperation,64,112732.0
1063936,,SdpaDecodeDeviceOperation,64,112631.0
726016,,SdpaDecodeDeviceOperation,64,112518.0
2250752,1,UntilizeDeviceOperation,63,112454.0
2335744,,UntilizeDeviceOperation,64,112429.0
2127872,1,SdpaDecodeDeviceOperation,64,112425.0
962560,,SdpaDecodeDeviceOperation,64,112285.0
1722368,1,SdpaDecodeDeviceOperation,64,112219.0
1312768,1,SdpaDecodeDeviceOperation,64,112114.0
793600,,SdpaDecodeDeviceOperation,64,112090.0
1891328,1,SdpaDecodeDeviceOperation,64,111865.0
2309120,,UntilizeDeviceOperation,64,111785.0
1254400,,UntilizeDeviceOperation,63,111650.0
354304,,SdpaDecodeDeviceOperation,64,111598.0
2293760,,UntilizeDeviceOperation,64,111425.0
996352,,SdpaDecodeDeviceOperation,64,111302.0
2328576,,UntilizeDeviceOperation,64,111202.0
2327552,,UntilizeDeviceOperation,64,111197.0
1587200,1,SdpaDecodeDeviceOperation,64,111137.0
2326528,,UntilizeDeviceOperation,64,111038.0
1519616,1,SdpaDecodeDeviceOperation,64,110997.0
1688576,1,SdpaDecodeDeviceOperation,64,110966.0
1756160,1,SdpaDecodeDeviceOperation,64,110817.0
1992704,1,SdpaDecodeDeviceOperation,64,110598.0
2285568,,UntilizeDeviceOperation,64,110478.0
2301952,,UntilizeDeviceOperation,64,110473.0
2318336,,UntilizeDeviceOperation,64,110122.0
2300928,,UntilizeDeviceOperation,64,110111.0
1823744,1,SdpaDecodeDeviceOperation,64,109976.0
624640,,SdpaDecodeDeviceOperation,64,109957.0
2310144,,UntilizeDeviceOperation,64,109924.0
1384448,1,SdpaDecodeDeviceOperation,64,109912.0
1857536,1,SdpaDecodeDeviceOperation,64,109887.0
2304000,,UntilizeDeviceOperation,64,109812.0
2317312,,UntilizeDeviceOperation,64,109805.0
2295808,,UntilizeDeviceOperation,64,109791.0
2320384,,UntilizeDeviceOperation,64,109286.0
2311168,,UntilizeDeviceOperation,64,109226.0
2325504,,UntilizeDeviceOperation,64,109180.0
2284544,,UntilizeDeviceOperation,64,108967.0
2286592,,UntilizeDeviceOperation,64,108820.0
1418240,1,SdpaDecodeDeviceOperation,64,108789.0
2334720,,UntilizeDeviceOperation,64,108679.0
2302976,,UntilizeDeviceOperation,64,108517.0
2329600,,UntilizeDeviceOperation,64,108456.0
2292736,,UntilizeDeviceOperation,64,108429.0
2287616,,UntilizeDeviceOperation,64,108423.0
2336768,,UntilizeDeviceOperation,64,108398.0
2333696,,UntilizeDeviceOperation,64,108224.0
1654784,1,SdpaDecodeDeviceOperation,64,108085.0
2288640,,UntilizeDeviceOperation,64,108042.0
2331648,,UntilizeDeviceOperation,64,107938.0
2337792,,UntilizeDeviceOperation,64,107799.0
2294784,,UntilizeDeviceOperation,64,107634.0
2319360,,UntilizeDeviceOperation,64,107597.0
2332672,,UntilizeDeviceOperation,64,107489.0
2312192,,UntilizeDeviceOperation,64,107478.0
2314240,,UntilizeDeviceOperation,64,107129.0
2282496,,UntilizeDeviceOperation,64,107113.0
2324480,,UntilizeDeviceOperation,64,107099.0
2291712,,UntilizeDeviceOperation,64,106903.0
2297856,,UntilizeDeviceOperation,64,106838.0
2308096,,UntilizeDeviceOperation,64,106814.0
2330624,,UntilizeDeviceOperation,64,106593.0
2316288,,UntilizeDeviceOperation,64,106296.0
2338816,,UntilizeDeviceOperation,64,106177.0
2299904,,UntilizeDeviceOperation,64,106106.0
2289664,,UntilizeDeviceOperation,64,106062.0
2322432,,UntilizeDeviceOperation,64,105996.0
2296832,,UntilizeDeviceOperation,64,105917.0
2305024,,UntilizeDeviceOperation,64,105853.0
2298880,,UntilizeDeviceOperation,64,105642.0
2323456,,UntilizeDeviceOperation,64,105524.0
2313216,,UntilizeDeviceOperation,64,105477.0
2307072,,UntilizeDeviceOperation,64,105374.0
2315264,,UntilizeDeviceOperation,64,105221.0
2321408,,UntilizeDeviceOperation,64,105179.0
2306048,,UntilizeDeviceOperation,64,105093.0
2283520,,UntilizeDeviceOperation,64,104921.0
2290688,,UntilizeDeviceOperation,64,104070.0
93184,,TilizeDeviceOperation,64,98810.0
19456,,TilizeDeviceOperation,64,98496.0
38912,,TilizeDeviceOperation,64,98256.0
7168,,TilizeDeviceOperation,64,98008.0
88064,,TilizeDeviceOperation,64,97974.0
96256,,TilizeDeviceOperation,64,97843.0
39936,,TilizeDeviceOperation,64,97765.0
6144,,TilizeDeviceOperation,64,97751.0
72704,,TilizeDeviceOperation,64,97491.0
89088,,TilizeDeviceOperation,64,97313.0
55296,,TilizeDeviceOperation,64,97194.0
26624,,TilizeDeviceOperation,64,97098.0
92160,,TilizeDeviceOperation,64,96860.0
2048,,TilizeDeviceOperation,64,96753.0
14336,,TilizeDeviceOperation,64,96717.0
23552,,TilizeDeviceOperation,64,96652.0
75776,,TilizeDeviceOperation,64,96651.0
68608,,TilizeDeviceOperation,64,96622.0
56320,,TilizeDeviceOperation,64,96284.0
64512,,TilizeDeviceOperation,64,96276.0
63488,,TilizeDeviceOperation,64,96095.0
43008,,TilizeDeviceOperation,64,96058.0
105472,,TilizeDeviceOperation,64,95949.0
34816,,TilizeDeviceOperation,64,95940.0
108544,,TilizeDeviceOperation,64,95810.0
48128,,TilizeDeviceOperation,64,95786.0
18432,,TilizeDeviceOperation,64,95752.0
76800,,TilizeDeviceOperation,64,95638.0
22528,,TilizeDeviceOperation,64,95635.0
11264,,TilizeDeviceOperation,64,95610.0
59392,,TilizeDeviceOperation,64,95591.0
52224,,TilizeDeviceOperation,64,95582.0
112640,,TilizeDeviceOperation,64,95512.0
100352,,TilizeDeviceOperation,64,95462.0
27648,,TilizeDeviceOperation,64,95450.0
84992,,TilizeDeviceOperation,64,95299.0
31744,,TilizeDeviceOperation,64,95277.0
104448,,TilizeDeviceOperation,64,95191.0
71680,,TilizeDeviceOperation,64,95189.0
101376,,TilizeDeviceOperation,64,95134.0
51200,,TilizeDeviceOperation,64,94918.0
10240,,TilizeDeviceOperation,64,94917.0
35840,,TilizeDeviceOperation,64,94895.0
109568,,TilizeDeviceOperation,64,94873.0
97280,,TilizeDeviceOperation,64,94871.0
3072,,TilizeDeviceOperation,64,94694.0
80896,,TilizeDeviceOperation,64,94647.0
67584,,TilizeDeviceOperation,64,94516.0
113664,,TilizeDeviceOperation,64,94509.0
60416,,TilizeDeviceOperation,64,94502.0
79872,,TilizeDeviceOperation,64,94488.0
47104,,TilizeDeviceOperation,64,94370.0
83968,,TilizeDeviceOperation,64,94301.0
30720,,TilizeDeviceOperation,64,94295.0
44032,,TilizeDeviceOperation,64,93571.0
15360,,TilizeDeviceOperation,64,93445.0
983040,,MatmulDeviceOperation,64,80109.0
273408,,MatmulDeviceOperation,64,79952.0
1371136,1,MatmulDeviceOperation,64,79906.0
2046976,1,MatmulDeviceOperation,64,79891.0
1844224,1,MatmulDeviceOperation,64,79882.0
1742848,1,MatmulDeviceOperation,64,79813.0
340992,,MatmulDeviceOperation,64,79746.0
1337344,1,MatmulDeviceOperation,64,79732.0
2148352,1,MatmulDeviceOperation,64,79726.0
611328,,MatmulDeviceOperation,64,79703.0
1878016,1,MatmulDeviceOperation,64,79701.0
2080768,1,MatmulDeviceOperation,64,79672.0
2215936,1,MatmulDeviceOperation,64,79661.0
1506304,1,MatmulDeviceOperation,64,79643.0
2182144,1,MatmulDeviceOperation,64,79640.0
2114560,1,MatmulDeviceOperation,64,79638.0
1911808,1,MatmulDeviceOperation,64,79625.0
1438720,1,MatmulDeviceOperation,64,79537.0
1472512,1,MatmulDeviceOperation,64,79524.0
1641472,1,MatmulDeviceOperation,64,79504.0
1709056,1,MatmulDeviceOperation,64,79480.0
645120,,MatmulDeviceOperation,64,79478.0
915456,,MatmulDeviceOperation,64,79451.0
814080,,MatmulDeviceOperation,64,79442.0
1540096,1,MatmulDeviceOperation,64,79417.0
1607680,1,MatmulDeviceOperation,64,79410.0
1404928,1,MatmulDeviceOperation,64,79389.0
881664,,MatmulDeviceOperation,64,79381.0
1810432,1,MatmulDeviceOperation,64,79355.0
374784,,MatmulDeviceOperation,64,79352.0
1675264,1,MatmulDeviceOperation,64,79299.0
949248,,MatmulDeviceOperation,64,79298.0
2013184,1,MatmulDeviceOperation,64,79285.0
1776640,1,MatmulDeviceOperation,64,79224.0
746496,,MatmulDeviceOperation,64,79216.0
1152000,,MatmulDeviceOperation,64,79204.0
543744,,MatmulDeviceOperation,64,79194.0
1945600,1,MatmulDeviceOperation,64,79187.0
1050624,,MatmulDeviceOperation,64,79161.0
1979392,1,MatmulDeviceOperation,64,79155.0
476160,,MatmulDeviceOperation,64,79131.0
442368,,MatmulDeviceOperation,64,79114.0
847872,,MatmulDeviceOperation,64,79065.0
1185792,,MatmulDeviceOperation,64,79054.0
712704,,MatmulDeviceOperation,64,79001.0
408576,,MatmulDeviceOperation,64,78996.0
509952,,MatmulDeviceOperation,64,78938.0
780288,,MatmulDeviceOperation,64,78906.0
1219584,,MatmulDeviceOperation,64,78811.0
1573888,1,MatmulDeviceOperation,64,78731.0
1269760,1,MatmulDeviceOperation,64,78526.0
1084416,,MatmulDeviceOperation,64,78489.0
1118208,,MatmulDeviceOperation,64,78425.0
577536,,MatmulDeviceOperation,64,78357.0
1016832,,MatmulDeviceOperation,64,78159.0
678912,,MatmulDeviceOperation,64,77978.0
2249728,1,ShardedToInterleavedDeviceOperation,64,57550.0
1253376,,ShardedToInterleavedDeviceOperation,64,57127.0
565248,,MatmulDeviceOperation,64,47734.0
1207296,,MatmulDeviceOperation,64,47539.0
1662976,1,MatmulDeviceOperation,64,47492.0
2169856,1,MatmulDeviceOperation,64,47446.0
1325056,1,MatmulDeviceOperation,64,47445.0
1696768,1,MatmulDeviceOperation,64,47443.0
2102272,1,MatmulDeviceOperation,64,47388.0
328704,,MatmulDeviceOperation,64,47358.0
362496,,MatmulDeviceOperation,64,47339.0
396288,,MatmulDeviceOperation,64,47301.0
531456,,MatmulDeviceOperation,64,47299.0
903168,,MatmulDeviceOperation,64,47292.0
1730560,1,MatmulDeviceOperation,64,47259.0
869376,,MatmulDeviceOperation,64,47239.0
1798144,1,MatmulDeviceOperation,64,47236.0
599040,,MatmulDeviceOperation,64,47221.0
430080,,MatmulDeviceOperation,64,47219.0
1004544,,MatmulDeviceOperation,64,47161.0
1629184,1,MatmulDeviceOperation,64,47134.0
970752,,MatmulDeviceOperation,64,47132.0
2203648,1,MatmulDeviceOperation,64,47127.0
700416,,MatmulDeviceOperation,64,47118.0
1358848,1,MatmulDeviceOperation,64,47103.0
1241088,,MatmulDeviceOperation,64,47088.0
1561600,1,MatmulDeviceOperation,64,47080.0
463872,,MatmulDeviceOperation,64,47071.0
1392640,1,MatmulDeviceOperation,64,47063.0
768000,,MatmulDeviceOperation,64,47054.0
1105920,,MatmulDeviceOperation,64,47026.0
1072128,,MatmulDeviceOperation,64,47021.0
1967104,1,MatmulDeviceOperation,64,47020.0
1460224,1,MatmulDeviceOperation,64,47007.0
2237440,1,MatmulDeviceOperation,64,47005.0
2000896,1,MatmulDeviceOperation,64,46998.0
666624,,MatmulDeviceOperation,64,46940.0
1831936,1,MatmulDeviceOperation,64,46910.0
1426432,1,MatmulDeviceOperation,64,46905.0
1764352,1,MatmulDeviceOperation,64,46895.0
1494016,1,MatmulDeviceOperation,64,46894.0
2068480,1,MatmulDeviceOperation,64,46876.0
734208,,MatmulDeviceOperation,64,46872.0
1595392,1,MatmulDeviceOperation,64,46860.0
1527808,1,MatmulDeviceOperation,64,46858.0
801792,,MatmulDeviceOperation,64,46854.0
497664,,MatmulDeviceOperation,64,46844.0
2034688,1,MatmulDeviceOperation,64,46842.0
1173504,,MatmulDeviceOperation,64,46796.0
1933312,1,MatmulDeviceOperation,64,46770.0
2136064,1,MatmulDeviceOperation,64,46756.0
936960,,MatmulDeviceOperation,64,46749.0
1899520,1,MatmulDeviceOperation,64,46629.0
1139712,,MatmulDeviceOperation,64,46610.0
835584,,MatmulDeviceOperation,64,46497.0
1865728,1,MatmulDeviceOperation,64,46468.0
1038336,,MatmulDeviceOperation,64,46449.0
632832,,MatmulDeviceOperation,64,46338.0
1053696,,PagedUpdateCacheDeviceOperation,32,31148.0
1779712,1,PagedUpdateCacheDeviceOperation,32,30464.0
580608,,PagedUpdateCacheDeviceOperation,32,30399.0
1987584,1,PagedUpdateCacheDeviceOperation,32,30108.0
585728,,PagedUpdateCacheDeviceOperation,32,30009.0
1265664,1,EmbeddingsDeviceOperation,1,29872.0
614400,,PagedUpdateCacheDeviceOperation,32,29721.0
1745920,1,PagedUpdateCacheDeviceOperation,32,29702.0
1717248,1,PagedUpdateCacheDeviceOperation,32,29680.0
269312,,EmbeddingsDeviceOperation,1,29516.0
2190336,1,PagedUpdateCacheDeviceOperation,32,29438.0
1025024,,PagedUpdateCacheDeviceOperation,32,29320.0
1678336,1,PagedUpdateCacheDeviceOperation,32,29264.0
382976,,PagedUpdateCacheDeviceOperation,32,29193.0
648192,,PagedUpdateCacheDeviceOperation,32,29150.0
2117632,1,PagedUpdateCacheDeviceOperation,32,29135.0
1881088,1,PagedUpdateCacheDeviceOperation,32,29072.0
986112,,PagedUpdateCacheDeviceOperation,32,28980.0
344064,,PagedUpdateCacheDeviceOperation,32,28950.0
1273856,1,PagedUpdateCacheDeviceOperation,32,28924.0
720896,,PagedUpdateCacheDeviceOperation,32,28863.0
1548288,1,PagedUpdateCacheDeviceOperation,32,28756.0
294912,,PagedUpdateCacheDeviceOperation,32,28723.0
1813504,1,PagedUpdateCacheDeviceOperation,32,28656.0
1087488,,PagedUpdateCacheDeviceOperation,32,28606.0
681984,,PagedUpdateCacheDeviceOperation,32,28508.0
1982464,1,PagedUpdateCacheDeviceOperation,32,28475.0
2151424,1,PagedUpdateCacheDeviceOperation,32,28422.0
1188864,,PagedUpdateCacheDeviceOperation,32,28393.0
889856,,PagedUpdateCacheDeviceOperation,32,28384.0
1953792,1,PagedUpdateCacheDeviceOperation,32,28295.0
277504,,PagedUpdateCacheDeviceOperation,32,28294.0
788480,,PagedUpdateCacheDeviceOperation,32,28265.0
1847296,1,PagedUpdateCacheDeviceOperation,32,28244.0
754688,,PagedUpdateCacheDeviceOperation,32,28057.0
1818624,1,PagedUpdateCacheDeviceOperation,32,27956.0
1019904,,PagedUpdateCacheDeviceOperation,32,27947.0
546816,,PagedUpdateCacheDeviceOperation,32,27940.0
1914880,1,PagedUpdateCacheDeviceOperation,32,27927.0
1058816,,PagedUpdateCacheDeviceOperation,32,27907.0
349184,,PagedUpdateCacheDeviceOperation,32,27874.0
1852416,1,PagedUpdateCacheDeviceOperation,32,27868.0
1543168,1,PagedUpdateCacheDeviceOperation,32,27834.0
513024,,PagedUpdateCacheDeviceOperation,32,27827.0
2219008,1,PagedUpdateCacheDeviceOperation,32,27770.0
856064,,PagedUpdateCacheDeviceOperation,32,27766.0
1480704,1,PagedUpdateCacheDeviceOperation,32,27713.0
1121280,,PagedUpdateCacheDeviceOperation,32,27680.0
1227776,,PagedUpdateCacheDeviceOperation,32,27669.0
619520,,PagedUpdateCacheDeviceOperation,32,27546.0
1610752,1,PagedUpdateCacheDeviceOperation,32,27538.0
1379328,1,PagedUpdateCacheDeviceOperation,32,27522.0
1092608,,PagedUpdateCacheDeviceOperation,32,27511.0
1374208,1,PagedUpdateCacheDeviceOperation,32,27506.0
1920000,1,PagedUpdateCacheDeviceOperation,32,27473.0
2021376,1,PagedUpdateCacheDeviceOperation,32,27471.0
518144,,PagedUpdateCacheDeviceOperation,32,27426.0
822272,,PagedUpdateCacheDeviceOperation,32,27417.0
416768,,PagedUpdateCacheDeviceOperation,32,27386.0
2088960,1,PagedUpdateCacheDeviceOperation,32,27348.0
1886208,1,PagedUpdateCacheDeviceOperation,32,27337.0
1155072,,PagedUpdateCacheDeviceOperation,32,27291.0
1126400,,PagedUpdateCacheDeviceOperation,32,27252.0
2185216,1,PagedUpdateCacheDeviceOperation,32,27213.0
479232,,PagedUpdateCacheDeviceOperation,32,27194.0
484352,,PagedUpdateCacheDeviceOperation,32,27191.0
923648,,PagedUpdateCacheDeviceOperation,32,27166.0
1576960,1,PagedUpdateCacheDeviceOperation,32,27163.0
817152,,PagedUpdateCacheDeviceOperation,32,27156.0
1683456,1,PagedUpdateCacheDeviceOperation,32,27111.0
1446912,1,PagedUpdateCacheDeviceOperation,32,27085.0
1413120,1,PagedUpdateCacheDeviceOperation,32,27081.0
2050048,1,PagedUpdateCacheDeviceOperation,32,27069.0
1784832,1,PagedUpdateCacheDeviceOperation,32,27048.0
2122752,1,PagedUpdateCacheDeviceOperation,32,27022.0
1160192,,PagedUpdateCacheDeviceOperation,32,27019.0
1751040,1,PagedUpdateCacheDeviceOperation,32,27018.0
593920,,TernaryDeviceOperation,64,26983.0
1222656,,PagedUpdateCacheDeviceOperation,32,26962.0
1067008,,TernaryDeviceOperation,64,26926.0
1408000,1,PagedUpdateCacheDeviceOperation,32,26922.0
450560,,PagedUpdateCacheDeviceOperation,32,26897.0
526336,,TernaryDeviceOperation,64,26873.0
1202176,,TernaryDeviceOperation,64,26868.0
560128,,TernaryDeviceOperation,64,26863.0
1100800,,TernaryDeviceOperation,64,26851.0
695296,,TernaryDeviceOperation,64,26846.0
965632,,TernaryDeviceOperation,64,26842.0
323584,,TernaryDeviceOperation,64,26832.0
627712,,TernaryDeviceOperation,64,26816.0
918528,,PagedUpdateCacheDeviceOperation,32,26816.0
458752,,TernaryDeviceOperation,64,26791.0
796672,,TernaryDeviceOperation,64,26787.0
1033216,,TernaryDeviceOperation,64,26765.0
729088,,TernaryDeviceOperation,64,26757.0
377856,,PagedUpdateCacheDeviceOperation,32,26756.0
783360,,PagedUpdateCacheDeviceOperation,32,26738.0
999424,,TernaryDeviceOperation,64,26709.0
762880,,TernaryDeviceOperation,64,26707.0
864256,,TernaryDeviceOperation,64,26700.0
1134592,,TernaryDeviceOperation,64,26688.0
391168,,TernaryDeviceOperation,64,26681.0
1644544,1,PagedUpdateCacheDeviceOperation,32,26662.0
898048,,TernaryDeviceOperation,64,26645.0
884736,,PagedUpdateCacheDeviceOperation,32,26641.0
2016256,1,PagedUpdateCacheDeviceOperation,32,26636.0
492544,,TernaryDeviceOperation,64,26626.0
931840,,TernaryDeviceOperation,64,26602.0
357376,,TernaryDeviceOperation,64,26591.0
1168384,,TernaryDeviceOperation,64,26586.0
1615872,1,PagedUpdateCacheDeviceOperation,32,26576.0
424960,,TernaryDeviceOperation,64,26574.0
830464,,TernaryDeviceOperation,64,26566.0
1235968,,TernaryDeviceOperation,64,26545.0
1345536,1,PagedUpdateCacheDeviceOperation,32,26531.0
991232,,PagedUpdateCacheDeviceOperation,32,26530.0
850944,,PagedUpdateCacheDeviceOperation,32,26521.0
411648,,PagedUpdateCacheDeviceOperation,32,26517.0
1948672,1,PagedUpdateCacheDeviceOperation,32,26508.0
661504,,TernaryDeviceOperation,64,26440.0
749568,,PagedUpdateCacheDeviceOperation,32,26421.0
1514496,1,PagedUpdateCacheDeviceOperation,32,26406.0
551936,,PagedUpdateCacheDeviceOperation,32,26322.0
653312,,PagedUpdateCacheDeviceOperation,32,26237.0
1340416,1,PagedUpdateCacheDeviceOperation,32,26166.0
2083840,1,PagedUpdateCacheDeviceOperation,32,26154.0
687104,,PagedUpdateCacheDeviceOperation,32,26135.0
1441792,1,PagedUpdateCacheDeviceOperation,32,26090.0
2156544,1,PagedUpdateCacheDeviceOperation,32,26032.0
2224128,1,PagedUpdateCacheDeviceOperation,32,26021.0
1712128,1,PagedUpdateCacheDeviceOperation,32,25965.0
1649664,1,PagedUpdateCacheDeviceOperation,32,25951.0
952320,,PagedUpdateCacheDeviceOperation,32,25923.0
1475584,1,PagedUpdateCacheDeviceOperation,32,25896.0
445440,,PagedUpdateCacheDeviceOperation,32,25890.0
1193984,,PagedUpdateCacheDeviceOperation,32,25877.0
2198528,1,TernaryDeviceOperation,64,25851.0
1387520,1,TernaryDeviceOperation,64,25824.0
2055168,1,PagedUpdateCacheDeviceOperation,32,25529.0
1793024,1,TernaryDeviceOperation,64,25500.0
1421312,1,TernaryDeviceOperation,64,25476.0
1488896,1,TernaryDeviceOperation,64,25471.0
1759232,1,TernaryDeviceOperation,64,25459.0
2164736,1,TernaryDeviceOperation,64,25442.0
1509376,1,PagedUpdateCacheDeviceOperation,32,25407.0
1353728,1,TernaryDeviceOperation,64,25405.0
2232320,1,TernaryDeviceOperation,64,25378.0
1691648,1,TernaryDeviceOperation,64,25367.0
715776,,PagedUpdateCacheDeviceOperation,32,25339.0
1826816,1,TernaryDeviceOperation,64,25323.0
1590272,1,TernaryDeviceOperation,64,25294.0
957440,,PagedUpdateCacheDeviceOperation,32,25247.0
1657856,1,TernaryDeviceOperation,64,25226.0
2097152,1,TernaryDeviceOperation,64,25212.0
1725440,1,TernaryDeviceOperation,64,25200.0
1995776,1,TernaryDeviceOperation,64,25188.0
1556480,1,TernaryDeviceOperation,64,25181.0
2029568,1,TernaryDeviceOperation,64,25172.0
2130944,1,TernaryDeviceOperation,64,25165.0
1928192,1,TernaryDeviceOperation,64,25161.0
2063360,1,TernaryDeviceOperation,64,25154.0
1624064,1,TernaryDeviceOperation,64,25152.0
1291264,1,PagedUpdateCacheDeviceOperation,32,25121.0
1961984,1,TernaryDeviceOperation,64,25062.0
1522688,1,TernaryDeviceOperation,64,25051.0
1455104,1,TernaryDeviceOperation,64,25041.0
1894400,1,TernaryDeviceOperation,64,25031.0
1319936,1,TernaryDeviceOperation,64,25017.0
1860608,1,TernaryDeviceOperation,64,25012.0
1295360,1,TernaryDeviceOperation,64,24797.0
299008,,TernaryDeviceOperation,64,24709.0
1582080,1,PagedUpdateCacheDeviceOperation,32,24470.0
2217984,1,NLPCreateQKVHeadsDecodeDeviceOperation,32,16729.0
1154048,,NLPCreateQKVHeadsDecodeDeviceOperation,32,16494.0
1406976,1,NLPCreateQKVHeadsDecodeDeviceOperation,32,16490.0
1221632,,NLPCreateQKVHeadsDecodeDeviceOperation,32,16475.0
748544,,NLPCreateQKVHeadsDecodeDeviceOperation,32,16473.0
1086464,,NLPCreateQKVHeadsDecodeDeviceOperation,32,16473.0
714752,,NLPCreateQKVHeadsDecodeDeviceOperation,32,16445.0
985088,,NLPCreateQKVHeadsDecodeDeviceOperation,32,16443.0
1812480,1,NLPCreateQKVHeadsDecodeDeviceOperation,32,16442.0
613376,,NLPCreateQKVHeadsDecodeDeviceOperation,32,16439.0
410624,,NLPCreateQKVHeadsDecodeDeviceOperation,32,16427.0
1120256,,NLPCreateQKVHeadsDecodeDeviceOperation,32,16425.0
849920,,NLPCreateQKVHeadsDecodeDeviceOperation,32,16421.0
512000,,NLPCreateQKVHeadsDecodeDeviceOperation,32,16419.0
444416,,NLPCreateQKVHeadsDecodeDeviceOperation,32,16410.0
275456,,NLPCreateQKVHeadsDecodeDeviceOperation,32,16407.0
343040,,NLPCreateQKVHeadsDecodeDeviceOperation,32,16403.0
478208,,NLPCreateQKVHeadsDecodeDeviceOperation,32,16399.0
951296,,NLPCreateQKVHeadsDecodeDeviceOperation,32,16398.0
376832,,NLPCreateQKVHeadsDecodeDeviceOperation,32,16396.0
680960,,NLPCreateQKVHeadsDecodeDeviceOperation,32,16396.0
883712,,NLPCreateQKVHeadsDecodeDeviceOperation,32,16394.0
782336,,NLPCreateQKVHeadsDecodeDeviceOperation,32,16390.0
579584,,NLPCreateQKVHeadsDecodeDeviceOperation,32,16388.0
1052672,,NLPCreateQKVHeadsDecodeDeviceOperation,32,16386.0
267264,,ReshapeViewDeviceOperation,64,16380.0
1018880,,NLPCreateQKVHeadsDecodeDeviceOperation,32,16378.0
917504,,NLPCreateQKVHeadsDecodeDeviceOperation,32,16371.0
816128,,NLPCreateQKVHeadsDecodeDeviceOperation,32,16366.0
545792,,NLPCreateQKVHeadsDecodeDeviceOperation,32,16360.0
647168,,NLPCreateQKVHeadsDecodeDeviceOperation,32,16354.0
1187840,,NLPCreateQKVHeadsDecodeDeviceOperation,32,16336.0
1263616,1,ReshapeViewDeviceOperation,64,16279.0
1542144,1,NLPCreateQKVHeadsDecodeDeviceOperation,32,16201.0
1778688,1,NLPCreateQKVHeadsDecodeDeviceOperation,32,16186.0
1474560,1,NLPCreateQKVHeadsDecodeDeviceOperation,32,16177.0
2049024,1,NLPCreateQKVHeadsDecodeDeviceOperation,32,16108.0
2082816,1,NLPCreateQKVHeadsDecodeDeviceOperation,32,16097.0
2184192,1,NLPCreateQKVHeadsDecodeDeviceOperation,32,16086.0
1508352,1,NLPCreateQKVHeadsDecodeDeviceOperation,32,16084.0
1440768,1,NLPCreateQKVHeadsDecodeDeviceOperation,32,16079.0
1981440,1,NLPCreateQKVHeadsDecodeDeviceOperation,32,16079.0
2150400,1,NLPCreateQKVHeadsDecodeDeviceOperation,32,16070.0
1913856,1,NLPCreateQKVHeadsDecodeDeviceOperation,32,16061.0
1711104,1,NLPCreateQKVHeadsDecodeDeviceOperation,32,16059.0
1880064,1,NLPCreateQKVHeadsDecodeDeviceOperation,32,16052.0
2116608,1,NLPCreateQKVHeadsDecodeDeviceOperation,32,16047.0
1677312,1,NLPCreateQKVHeadsDecodeDeviceOperation,32,16044.0
1643520,1,NLPCreateQKVHeadsDecodeDeviceOperation,32,16043.0
1846272,1,NLPCreateQKVHeadsDecodeDeviceOperation,32,16041.0
1575936,1,NLPCreateQKVHeadsDecodeDeviceOperation,32,16038.0
1373184,1,NLPCreateQKVHeadsDecodeDeviceOperation,32,16032.0
2015232,1,NLPCreateQKVHeadsDecodeDeviceOperation,32,16026.0
1744896,1,NLPCreateQKVHeadsDecodeDeviceOperation,32,16022.0
1947648,1,NLPCreateQKVHeadsDecodeDeviceOperation,32,16016.0
1271808,1,NLPCreateQKVHeadsDecodeDeviceOperation,32,16009.0
1609728,1,NLPCreateQKVHeadsDecodeDeviceOperation,32,16007.0
1339392,1,NLPCreateQKVHeadsDecodeDeviceOperation,32,15971.0
1328128,1,LayerNormDeviceOperation,8,14238.0
1122304,,RotaryEmbeddingDeviceOperation,32,13338.0
302080,,TilizeWithValPaddingDeviceOperation,32,13337.0
1298432,1,TilizeWithValPaddingDeviceOperation,32,13309.0
331776,,LayerNormDeviceOperation,8,13082.0
552960,,RotaryEmbeddingDeviceOperation,32,13074.0
1127424,,RotaryEmbeddingDeviceOperation,32,13048.0
1093632,,RotaryEmbeddingDeviceOperation,32,13045.0
1059840,,RotaryEmbeddingDeviceOperation,32,13019.0
1020928,,RotaryEmbeddingDeviceOperation,32,13015.0
345088,,RotaryEmbeddingDeviceOperation,32,13011.0
654336,,RotaryEmbeddingDeviceOperation,32,12980.0
755712,,RotaryEmbeddingDeviceOperation,32,12964.0
620544,,RotaryEmbeddingDeviceOperation,32,12960.0
417792,,RotaryEmbeddingDeviceOperation,32,12903.0
350208,,RotaryEmbeddingDeviceOperation,32,12898.0
586752,,RotaryEmbeddingDeviceOperation,32,12881.0
818176,,RotaryEmbeddingDeviceOperation,32,12881.0
958464,,RotaryEmbeddingDeviceOperation,32,12842.0
519168,,RotaryEmbeddingDeviceOperation,32,12830.0
857088,,RotaryEmbeddingDeviceOperation,32,12806.0
384000,,RotaryEmbeddingDeviceOperation,32,12778.0
750592,,RotaryEmbeddingDeviceOperation,32,12778.0
683008,,RotaryEmbeddingDeviceOperation,32,12773.0
1189888,,RotaryEmbeddingDeviceOperation,32,12770.0
992256,,RotaryEmbeddingDeviceOperation,32,12760.0
485376,,RotaryEmbeddingDeviceOperation,32,12756.0
823296,,RotaryEmbeddingDeviceOperation,32,12743.0
784384,,RotaryEmbeddingDeviceOperation,32,12739.0
1156096,,RotaryEmbeddingDeviceOperation,32,12732.0
378880,,RotaryEmbeddingDeviceOperation,32,12727.0
1026048,,RotaryEmbeddingDeviceOperation,32,12725.0
1088512,,RotaryEmbeddingDeviceOperation,32,12702.0
1223680,,RotaryEmbeddingDeviceOperation,32,12701.0
987136,,RotaryEmbeddingDeviceOperation,32,12692.0
615424,,RotaryEmbeddingDeviceOperation,32,12681.0
451584,,RotaryEmbeddingDeviceOperation,32,12662.0
1228800,,RotaryEmbeddingDeviceOperation,32,12660.0
953344,,RotaryEmbeddingDeviceOperation,32,12644.0
581632,,RotaryEmbeddingDeviceOperation,32,12641.0
547840,,RotaryEmbeddingDeviceOperation,32,12634.0
480256,,RotaryEmbeddingDeviceOperation,32,12621.0
514048,,RotaryEmbeddingDeviceOperation,32,12621.0
1161216,,RotaryEmbeddingDeviceOperation,32,12618.0
412672,,RotaryEmbeddingDeviceOperation,32,12612.0
1054720,,RotaryEmbeddingDeviceOperation,32,12612.0
649216,,RotaryEmbeddingDeviceOperation,32,12597.0
688128,,RotaryEmbeddingDeviceOperation,32,12593.0
716800,,RotaryEmbeddingDeviceOperation,32,12570.0
924672,,RotaryEmbeddingDeviceOperation,32,12569.0
1195008,,RotaryEmbeddingDeviceOperation,32,12557.0
789504,,RotaryEmbeddingDeviceOperation,32,12554.0
890880,,RotaryEmbeddingDeviceOperation,32,12545.0
290816,,RotaryEmbeddingDeviceOperation,32,12526.0
721920,,RotaryEmbeddingDeviceOperation,32,12481.0
446464,,RotaryEmbeddingDeviceOperation,32,12469.0
885760,,RotaryEmbeddingDeviceOperation,32,12468.0
305152,,RotaryEmbeddingDeviceOperation,32,12467.0
919552,,RotaryEmbeddingDeviceOperation,32,12458.0
851968,,RotaryEmbeddingDeviceOperation,32,12438.0
1267712,1,LayerNormDeviceOperation,48,12437.0
2239488,1,LayerNormDeviceOperation,48,12315.0
1394688,1,LayerNormDeviceOperation,48,12262.0
2036736,1,LayerNormDeviceOperation,48,12240.0
1901568,1,LayerNormDeviceOperation,48,12221.0
2044928,1,LayerNormDeviceOperation,48,12215.0
2138112,1,LayerNormDeviceOperation,48,12212.0
1631232,1,LayerNormDeviceOperation,48,12204.0
1360896,1,LayerNormDeviceOperation,48,12202.0
2171904,1,LayerNormDeviceOperation,48,12201.0
1409024,1,RotaryEmbeddingDeviceOperation,32,12200.0
1529856,1,LayerNormDeviceOperation,48,12200.0
1698816,1,LayerNormDeviceOperation,48,12200.0
1915904,1,RotaryEmbeddingDeviceOperation,32,12195.0
1538048,1,LayerNormDeviceOperation,48,12193.0
1707008,1,LayerNormDeviceOperation,48,12190.0
2180096,1,LayerNormDeviceOperation,48,12189.0
1833984,1,LayerNormDeviceOperation,48,12187.0
1369088,1,LayerNormDeviceOperation,48,12185.0
1684480,1,RotaryEmbeddingDeviceOperation,32,12184.0
1867776,1,LayerNormDeviceOperation,48,12184.0
1935360,1,LayerNormDeviceOperation,48,12183.0
1943552,1,LayerNormDeviceOperation,48,12183.0
1436672,1,LayerNormDeviceOperation,48,12182.0
2146304,1,LayerNormDeviceOperation,48,12181.0
1563648,1,LayerNormDeviceOperation,48,12178.0
1597440,1,LayerNormDeviceOperation,48,12177.0
1909760,1,LayerNormDeviceOperation,48,12177.0
2104320,1,LayerNormDeviceOperation,48,12177.0
2152448,1,RotaryEmbeddingDeviceOperation,32,12176.0
1462272,1,LayerNormDeviceOperation,48,12175.0
2002944,1,LayerNormDeviceOperation,48,12174.0
1800192,1,LayerNormDeviceOperation,48,12173.0
1673216,1,LayerNormDeviceOperation,48,12172.0
2213888,1,LayerNormDeviceOperation,48,12172.0
2051072,1,RotaryEmbeddingDeviceOperation,32,12171.0
311296,,TilizeWithValPaddingDeviceOperation,32,12170.0
1774592,1,LayerNormDeviceOperation,48,12170.0
1639424,1,LayerNormDeviceOperation,48,12169.0
1428480,1,LayerNormDeviceOperation,48,12167.0
2011136,1,LayerNormDeviceOperation,48,12166.0
2070528,1,LayerNormDeviceOperation,48,12166.0
2112512,1,LayerNormDeviceOperation,48,12165.0
1470464,1,LayerNormDeviceOperation,48,12163.0
1808384,1,LayerNormDeviceOperation,48,12161.0
1496064,1,LayerNormDeviceOperation,48,12159.0
1665024,1,LayerNormDeviceOperation,48,12159.0
2247680,1,LayerNormDeviceOperation,48,12154.0
1977344,1,LayerNormDeviceOperation,48,12147.0
1875968,1,LayerNormDeviceOperation,48,12145.0
1752064,1,RotaryEmbeddingDeviceOperation,32,12143.0
1969152,1,LayerNormDeviceOperation,48,12143.0
2205696,1,LayerNormDeviceOperation,48,12142.0
1481728,1,RotaryEmbeddingDeviceOperation,32,12140.0
1504256,1,LayerNormDeviceOperation,48,12136.0
1732608,1,LayerNormDeviceOperation,48,12136.0
1766400,1,LayerNormDeviceOperation,48,12136.0
1515520,1,RotaryEmbeddingDeviceOperation,32,12132.0
1780736,1,RotaryEmbeddingDeviceOperation,32,12130.0
1544192,1,RotaryEmbeddingDeviceOperation,32,12127.0
1402880,1,LayerNormDeviceOperation,48,12124.0
1375232,1,RotaryEmbeddingDeviceOperation,32,12120.0
1740800,1,LayerNormDeviceOperation,48,12119.0
1887232,1,RotaryEmbeddingDeviceOperation,32,12118.0
2078720,1,LayerNormDeviceOperation,48,12117.0
1842176,1,LayerNormDeviceOperation,48,12113.0
1571840,1,LayerNormDeviceOperation,48,12104.0
2220032,1,RotaryEmbeddingDeviceOperation,32,12102.0
1549312,1,RotaryEmbeddingDeviceOperation,32,12096.0
1605632,1,LayerNormDeviceOperation,48,12096.0
2089984,1,RotaryEmbeddingDeviceOperation,32,12096.0
1510400,1,RotaryEmbeddingDeviceOperation,32,12090.0
1882112,1,RotaryEmbeddingDeviceOperation,32,12081.0
1954816,1,RotaryEmbeddingDeviceOperation,32,12079.0
1335296,1,LayerNormDeviceOperation,48,12074.0
2225152,1,RotaryEmbeddingDeviceOperation,32,12067.0
1616896,1,RotaryEmbeddingDeviceOperation,32,12062.0
1819648,1,RotaryEmbeddingDeviceOperation,32,12053.0
2017280,1,RotaryEmbeddingDeviceOperation,32,12036.0
1447936,1,RotaryEmbeddingDeviceOperation,32,12035.0
1346560,1,RotaryEmbeddingDeviceOperation,32,12026.0
1848320,1,RotaryEmbeddingDeviceOperation,32,12026.0
1718272,1,RotaryEmbeddingDeviceOperation,32,12025.0
1921024,1,RotaryEmbeddingDeviceOperation,32,12018.0
2056192,1,RotaryEmbeddingDeviceOperation,32,12010.0
1713152,1,RotaryEmbeddingDeviceOperation,32,12006.0
2118656,1,RotaryEmbeddingDeviceOperation,32,12002.0
1380352,1,RotaryEmbeddingDeviceOperation,32,11998.0
2084864,1,RotaryEmbeddingDeviceOperation,32,11983.0
1949696,1,RotaryEmbeddingDeviceOperation,32,11980.0
2123776,1,RotaryEmbeddingDeviceOperation,32,11977.0
2157568,1,RotaryEmbeddingDeviceOperation,32,11971.0
1645568,1,RotaryEmbeddingDeviceOperation,32,11963.0
2191360,1,RotaryEmbeddingDeviceOperation,32,11960.0
1853440,1,RotaryEmbeddingDeviceOperation,32,11959.0
2186240,1,RotaryEmbeddingDeviceOperation,32,11952.0
1442816,1,RotaryEmbeddingDeviceOperation,32,11951.0
1301504,1,RotaryEmbeddingDeviceOperation,32,11950.0
1988608,1,RotaryEmbeddingDeviceOperation,32,11949.0
2022400,1,RotaryEmbeddingDeviceOperation,32,11949.0
1679360,1,RotaryEmbeddingDeviceOperation,32,11947.0
1611776,1,RotaryEmbeddingDeviceOperation,32,11941.0
1814528,1,RotaryEmbeddingDeviceOperation,32,11937.0
1287168,1,RotaryEmbeddingDeviceOperation,32,11927.0
1650688,1,RotaryEmbeddingDeviceOperation,32,11911.0
1785856,1,RotaryEmbeddingDeviceOperation,32,11907.0
1577984,1,RotaryEmbeddingDeviceOperation,32,11880.0
1746944,1,RotaryEmbeddingDeviceOperation,32,11876.0
1983488,1,RotaryEmbeddingDeviceOperation,32,11828.0
1583104,1,RotaryEmbeddingDeviceOperation,32,11787.0
1414144,1,RotaryEmbeddingDeviceOperation,32,11784.0
1307648,1,TilizeWithValPaddingDeviceOperation,32,11775.0
1341440,1,RotaryEmbeddingDeviceOperation,32,11770.0
1476608,1,RotaryEmbeddingDeviceOperation,32,11737.0
2243584,1,BinaryNgDeviceOperation,64,11278.0
2176000,1,BinaryNgDeviceOperation,64,11234.0
1364992,1,BinaryNgDeviceOperation,64,11231.0
1973248,1,BinaryNgDeviceOperation,64,11225.0
2040832,1,BinaryNgDeviceOperation,64,11224.0
2209792,1,BinaryNgDeviceOperation,64,11222.0
1533952,1,BinaryNgDeviceOperation,64,11221.0
1702912,1,BinaryNgDeviceOperation,64,11221.0
1770496,1,BinaryNgDeviceOperation,64,11220.0
1331200,1,BinaryNgDeviceOperation,64,11218.0
1804288,1,BinaryNgDeviceOperation,64,11217.0
1871872,1,BinaryNgDeviceOperation,64,11215.0
1432576,1,BinaryNgDeviceOperation,64,11212.0
1939456,1,BinaryNgDeviceOperation,64,11211.0
1838080,1,BinaryNgDeviceOperation,64,11209.0
1905664,1,BinaryNgDeviceOperation,64,11209.0
2108416,1,BinaryNgDeviceOperation,64,11209.0
1398784,1,BinaryNgDeviceOperation,64,11208.0
2007040,1,BinaryNgDeviceOperation,64,11208.0
1669120,1,BinaryNgDeviceOperation,64,11207.0
1736704,1,BinaryNgDeviceOperation,64,11207.0
1635328,1,BinaryNgDeviceOperation,64,11206.0
1567744,1,BinaryNgDeviceOperation,64,11202.0
2142208,1,BinaryNgDeviceOperation,64,11198.0
2074624,1,BinaryNgDeviceOperation,64,11196.0
1466368,1,BinaryNgDeviceOperation,64,11192.0
1500160,1,BinaryNgDeviceOperation,64,11192.0
1601536,1,BinaryNgDeviceOperation,64,11192.0
740352,,BinaryNgDeviceOperation,64,11145.0
1179648,,BinaryNgDeviceOperation,64,11130.0
537600,,BinaryNgDeviceOperation,64,11127.0
638976,,BinaryNgDeviceOperation,64,11127.0
571392,,BinaryNgDeviceOperation,64,11119.0
1044480,,BinaryNgDeviceOperation,64,11118.0
1213440,,BinaryNgDeviceOperation,64,11118.0
943104,,BinaryNgDeviceOperation,64,11117.0
1145856,,BinaryNgDeviceOperation,64,11117.0
807936,,BinaryNgDeviceOperation,64,11116.0
1078272,,BinaryNgDeviceOperation,64,11115.0
1247232,,BinaryNgDeviceOperation,64,11114.0
1112064,,BinaryNgDeviceOperation,64,11113.0
503808,,BinaryNgDeviceOperation,64,11111.0
841728,,BinaryNgDeviceOperation,64,11111.0
402432,,BinaryNgDeviceOperation,64,11109.0
334848,,BinaryNgDeviceOperation,64,11106.0
470016,,BinaryNgDeviceOperation,64,11106.0
672768,,BinaryNgDeviceOperation,64,11106.0
436224,,BinaryNgDeviceOperation,64,11104.0
1010688,,BinaryNgDeviceOperation,64,11103.0
976896,,BinaryNgDeviceOperation,64,11102.0
875520,,BinaryNgDeviceOperation,64,11096.0
706560,,BinaryNgDeviceOperation,64,11093.0
368640,,BinaryNgDeviceOperation,64,11092.0
909312,,BinaryNgDeviceOperation,64,11090.0
774144,,BinaryNgDeviceOperation,64,11088.0
605184,,BinaryNgDeviceOperation,64,11081.0
432128,,LayerNormDeviceOperation,48,10930.0
1149952,,LayerNormDeviceOperation,48,10911.0
812032,,LayerNormDeviceOperation,48,10908.0
905216,,LayerNormDeviceOperation,48,10908.0
601088,,LayerNormDeviceOperation,48,10907.0
972800,,LayerNormDeviceOperation,48,10907.0
1074176,,LayerNormDeviceOperation,48,10907.0
744448,,LayerNormDeviceOperation,48,10904.0
643072,,LayerNormDeviceOperation,48,10902.0
871424,,LayerNormDeviceOperation,48,10902.0
271360,,LayerNormDeviceOperation,48,10900.0
465920,,LayerNormDeviceOperation,48,10900.0
474112,,LayerNormDeviceOperation,48,10896.0
980992,,LayerNormDeviceOperation,48,10892.0
372736,,LayerNormDeviceOperation,48,10889.0
1107968,,LayerNormDeviceOperation,48,10889.0
575488,,LayerNormDeviceOperation,48,10888.0
541696,,LayerNormDeviceOperation,48,10884.0
1006592,,LayerNormDeviceOperation,48,10884.0
499712,,LayerNormDeviceOperation,48,10883.0
778240,,LayerNormDeviceOperation,48,10883.0
879616,,LayerNormDeviceOperation,48,10883.0
338944,,LayerNormDeviceOperation,48,10882.0
736256,,LayerNormDeviceOperation,48,10880.0
1209344,,LayerNormDeviceOperation,48,10880.0
770048,,LayerNormDeviceOperation,48,10878.0
1040384,,LayerNormDeviceOperation,48,10878.0
803840,,LayerNormDeviceOperation,48,10877.0
939008,,LayerNormDeviceOperation,48,10876.0
1014784,,LayerNormDeviceOperation,48,10876.0
710656,,LayerNormDeviceOperation,48,10875.0
533504,,LayerNormDeviceOperation,48,10874.0
913408,,LayerNormDeviceOperation,48,10874.0
1116160,,LayerNormDeviceOperation,48,10873.0
845824,,LayerNormDeviceOperation,48,10871.0
1082368,,LayerNormDeviceOperation,48,10870.0
609280,,LayerNormDeviceOperation,48,10869.0
668672,,LayerNormDeviceOperation,48,10868.0
1217536,,LayerNormDeviceOperation,48,10863.0
406528,,LayerNormDeviceOperation,48,10861.0
440320,,LayerNormDeviceOperation,48,10861.0
1048576,,LayerNormDeviceOperation,48,10860.0
507904,,LayerNormDeviceOperation,48,10856.0
837632,,LayerNormDeviceOperation,48,10854.0
947200,,LayerNormDeviceOperation,48,10853.0
634880,,LayerNormDeviceOperation,48,10852.0
1141760,,LayerNormDeviceOperation,48,10850.0
1183744,,LayerNormDeviceOperation,48,10850.0
364544,,LayerNormDeviceOperation,48,10849.0
398336,,LayerNormDeviceOperation,48,10849.0
702464,,LayerNormDeviceOperation,48,10843.0
676864,,LayerNormDeviceOperation,48,10837.0
567296,,LayerNormDeviceOperation,48,10836.0
1243136,,LayerNormDeviceOperation,48,10836.0
1251328,,LayerNormDeviceOperation,48,10836.0
1175552,,LayerNormDeviceOperation,48,10822.0
319488,,FillPadDeviceOperation,64,9709.0
1315840,1,FillPadDeviceOperation,64,9297.0
321536,,BinaryNgDeviceOperation,64,8813.0
94208,,TilizeWithValPaddingDeviceOperation,48,8743.0
21504,,TilizeWithValPaddingDeviceOperation,48,8708.0
107520,,TilizeWithValPaddingDeviceOperation,48,8639.0
9216,,TilizeWithValPaddingDeviceOperation,48,8579.0
74752,,TilizeWithValPaddingDeviceOperation,48,8556.0
25600,,TilizeWithValPaddingDeviceOperation,48,8541.0
57344,,TilizeWithValPaddingDeviceOperation,48,8532.0
1024,,TilizeWithValPaddingDeviceOperation,48,8519.0
114688,,TilizeWithValPaddingDeviceOperation,48,8513.0
61440,,TilizeWithValPaddingDeviceOperation,48,8488.0
106496,,TilizeWithValPaddingDeviceOperation,48,8479.0
40960,,TilizeWithValPaddingDeviceOperation,48,8472.0
69632,,TilizeWithValPaddingDeviceOperation,48,8468.0
8192,,TilizeWithValPaddingDeviceOperation,48,8456.0
28672,,TilizeWithValPaddingDeviceOperation,48,8450.0
33792,,TilizeWithValPaddingDeviceOperation,48,8440.0
37888,,TilizeWithValPaddingDeviceOperation,48,8432.0
53248,,TilizeWithValPaddingDeviceOperation,48,8414.0
82944,,TilizeWithValPaddingDeviceOperation,48,8414.0
87040,,TilizeWithValPaddingDeviceOperation,48,8413.0
41984,,TilizeWithValPaddingDeviceOperation,48,8410.0
4096,,TilizeWithValPaddingDeviceOperation,48,8398.0
86016,,TilizeWithValPaddingDeviceOperation,48,8394.0
66560,,TilizeWithValPaddingDeviceOperation,48,8387.0
29696,,TilizeWithValPaddingDeviceOperation,48,8380.0
70656,,TilizeWithValPaddingDeviceOperation,48,8378.0
16384,,TilizeWithValPaddingDeviceOperation,48,8353.0
36864,,TilizeWithValPaddingDeviceOperation,48,8340.0
73728,,TilizeWithValPaddingDeviceOperation,48,8340.0
77824,,TilizeWithValPaddingDeviceOperation,48,8332.0
110592,,TilizeWithValPaddingDeviceOperation,48,8319.0
91136,,TilizeWithValPaddingDeviceOperation,48,8317.0
90112,,TilizeWithValPaddingDeviceOperation,48,8314.0
99328,,TilizeWithValPaddingDeviceOperation,48,8312.0
54272,,TilizeWithValPaddingDeviceOperation,48,8310.0
102400,,TilizeWithValPaddingDeviceOperation,48,8309.0
20480,,TilizeWithValPaddingDeviceOperation,48,8295.0
24576,,TilizeWithValPaddingDeviceOperation,48,8292.0
45056,,TilizeWithValPaddingDeviceOperation,48,8289.0
17408,,TilizeWithValPaddingDeviceOperation,48,8272.0
50176,,TilizeWithValPaddingDeviceOperation,48,8272.0
103424,,TilizeWithValPaddingDeviceOperation,48,8270.0
58368,,TilizeWithValPaddingDeviceOperation,48,8256.0
49152,,TilizeWithValPaddingDeviceOperation,48,8255.0
5120,,TilizeWithValPaddingDeviceOperation,48,8251.0
115712,,TilizeWithValPaddingDeviceOperation,48,8228.0
46080,,TilizeWithValPaddingDeviceOperation,48,8220.0
12288,,TilizeWithValPaddingDeviceOperation,48,8216.0
78848,,TilizeWithValPaddingDeviceOperation,48,8207.0
62464,,TilizeWithValPaddingDeviceOperation,48,8192.0
95232,,TilizeWithValPaddingDeviceOperation,48,8192.0
111616,,TilizeWithValPaddingDeviceOperation,48,8155.0
13312,,TilizeWithValPaddingDeviceOperation,48,8150.0
81920,,TilizeWithValPaddingDeviceOperation,48,8127.0
98304,,TilizeWithValPaddingDeviceOperation,48,8112.0
65536,,TilizeWithValPaddingDeviceOperation,48,8111.0
32768,,TilizeWithValPaddingDeviceOperation,48,7996.0
1317888,1,BinaryNgDeviceOperation,64,7056.0
944128,,ReshardDeviceOperation,8,6954.0
876544,,ReshardDeviceOperation,8,6947.0
775168,,ReshardDeviceOperation,8,6945.0
997376,,TypecastDeviceOperation,64,6922.0
977920,,ReshardDeviceOperation,8,6891.0
1214464,,ReshardDeviceOperation,8,6878.0
1588224,1,TypecastDeviceOperation,64,6849.0
422912,,TypecastDeviceOperation,64,6847.0
1275904,1,TilizeWithValPaddingDeviceOperation,1,6822.0
2109440,1,ReshardDeviceOperation,8,6806.0
1259520,1,TilizeWithValPaddingDeviceOperation,1,6788.0
1146880,,ReshardDeviceOperation,8,6782.0
471040,,ReshardDeviceOperation,8,6780.0
606208,,ReshardDeviceOperation,8,6758.0
1433600,1,ReshardDeviceOperation,8,6734.0
673792,,ReshardDeviceOperation,8,6732.0
335872,,ReshardDeviceOperation,8,6730.0
1602560,1,ReshardDeviceOperation,8,6729.0
910336,,ReshardDeviceOperation,8,6727.0
437248,,ReshardDeviceOperation,8,6708.0
707584,,ReshardDeviceOperation,8,6699.0
1940480,1,ReshardDeviceOperation,8,6699.0
1248256,,ReshardDeviceOperation,8,6697.0
1045504,,ReshardDeviceOperation,8,6694.0
2143232,1,ReshardDeviceOperation,8,6694.0
842752,,ReshardDeviceOperation,8,6663.0
504832,,ReshardDeviceOperation,8,6636.0
260096,,TilizeWithValPaddingDeviceOperation,1,6633.0
2210816,1,ReshardDeviceOperation,8,6631.0
1113088,,ReshardDeviceOperation,8,6628.0
1771520,1,ReshardDeviceOperation,8,6617.0
403456,,ReshardDeviceOperation,8,6613.0
369664,,ReshardDeviceOperation,8,6588.0
1180672,,ReshardDeviceOperation,8,6588.0
1079296,,ReshardDeviceOperation,8,6585.0
1200128,,TypecastDeviceOperation,64,6579.0
538624,,ReshardDeviceOperation,8,6576.0
1872896,1,ReshardDeviceOperation,8,6569.0
1906688,1,ReshardDeviceOperation,8,6566.0
1256448,1,TilizeWithValPaddingDeviceOperation,1,6544.0
1568768,1,ReshardDeviceOperation,8,6539.0
1737728,1,ReshardDeviceOperation,8,6537.0
640000,,ReshardDeviceOperation,8,6532.0
808960,,ReshardDeviceOperation,8,6529.0
1332224,1,ReshardDeviceOperation,8,6528.0
929792,,TypecastDeviceOperation,64,6527.0
1366016,1,ReshardDeviceOperation,8,6526.0
1839104,1,ReshardDeviceOperation,8,6519.0
1805312,1,ReshardDeviceOperation,8,6507.0
1011712,,ReshardDeviceOperation,8,6501.0
2008064,1,ReshardDeviceOperation,8,6498.0
1292288,1,TilizeWithValPaddingDeviceOperation,1,6489.0
279552,,TilizeWithValPaddingDeviceOperation,1,6485.0
1520640,1,TypecastDeviceOperation,64,6477.0
1501184,1,ReshardDeviceOperation,8,6474.0
263168,,TilizeWithValPaddingDeviceOperation,1,6473.0
1703936,1,ReshardDeviceOperation,8,6473.0
2075648,1,ReshardDeviceOperation,8,6464.0
295936,,TilizeWithValPaddingDeviceOperation,1,6444.0
2041856,1,ReshardDeviceOperation,8,6431.0
1453056,1,TypecastDeviceOperation,64,6423.0
741376,,ReshardDeviceOperation,8,6396.0
2244608,1,ReshardDeviceOperation,8,6372.0
1974272,1,ReshardDeviceOperation,8,6369.0
1419264,1,TypecastDeviceOperation,64,6346.0
1031168,,TypecastDeviceOperation,64,6340.0
1399808,1,ReshardDeviceOperation,8,6337.0
2031616,1,NLPConcatHeadsDecodeDeviceOperation,24,6324.0
1670144,1,ReshardDeviceOperation,8,6279.0
325632,,NLPConcatHeadsDecodeDeviceOperation,24,6268.0
1467392,1,ReshardDeviceOperation,8,6264.0
1069056,,NLPConcatHeadsDecodeDeviceOperation,24,6262.0
2095104,1,TypecastDeviceOperation,64,6257.0
1238016,,NLPConcatHeadsDecodeDeviceOperation,24,6253.0
663552,,NLPConcatHeadsDecodeDeviceOperation,24,6250.0
832512,,NLPConcatHeadsDecodeDeviceOperation,24,6239.0
393216,,NLPConcatHeadsDecodeDeviceOperation,24,6238.0
572416,,ReshardDeviceOperation,8,6237.0
629760,,NLPConcatHeadsDecodeDeviceOperation,24,6236.0
1554432,1,TypecastDeviceOperation,64,6233.0
1170432,,NLPConcatHeadsDecodeDeviceOperation,24,6232.0
798720,,NLPConcatHeadsDecodeDeviceOperation,24,6231.0
731136,,NLPConcatHeadsDecodeDeviceOperation,24,6218.0
528384,,NLPConcatHeadsDecodeDeviceOperation,24,6204.0
967680,,NLPConcatHeadsDecodeDeviceOperation,24,6195.0
1136640,,NLPConcatHeadsDecodeDeviceOperation,24,6191.0
1636352,1,ReshardDeviceOperation,8,6190.0
1892352,1,TypecastDeviceOperation,64,6181.0
727040,,TypecastDeviceOperation,64,6179.0
2177024,1,ReshardDeviceOperation,8,6179.0
659456,,TypecastDeviceOperation,64,6177.0
2128896,1,TypecastDeviceOperation,64,6177.0
1626112,1,NLPConcatHeadsDecodeDeviceOperation,24,6176.0
494592,,NLPConcatHeadsDecodeDeviceOperation,24,6174.0
460800,,NLPConcatHeadsDecodeDeviceOperation,24,6172.0
2162688,1,TypecastDeviceOperation,64,6172.0
317440,,TypecastDeviceOperation,64,6163.0
933888,,NLPConcatHeadsDecodeDeviceOperation,24,6159.0
697344,,NLPConcatHeadsDecodeDeviceOperation,24,6154.0
1592320,1,NLPConcatHeadsDecodeDeviceOperation,24,6144.0
2061312,1,TypecastDeviceOperation,64,6141.0
1001472,,NLPConcatHeadsDecodeDeviceOperation,24,6137.0
900096,,NLPConcatHeadsDecodeDeviceOperation,24,6124.0
562176,,NLPConcatHeadsDecodeDeviceOperation,24,6122.0
1102848,,NLPConcatHeadsDecodeDeviceOperation,24,6108.0
1534976,1,ReshardDeviceOperation,8,6090.0
1098752,,TypecastDeviceOperation,64,6088.0
1035264,,NLPConcatHeadsDecodeDeviceOperation,24,6083.0
359424,,NLPConcatHeadsDecodeDeviceOperation,24,6080.0
866304,,NLPConcatHeadsDecodeDeviceOperation,24,6077.0
963584,,TypecastDeviceOperation,64,6068.0
595968,,NLPConcatHeadsDecodeDeviceOperation,24,6066.0
1204224,,NLPConcatHeadsDecodeDeviceOperation,24,6065.0
1790976,1,TypecastDeviceOperation,64,6062.0
764928,,NLPConcatHeadsDecodeDeviceOperation,24,6061.0
1622016,1,TypecastDeviceOperation,64,6058.0
427008,,NLPConcatHeadsDecodeDeviceOperation,24,6055.0
693248,,TypecastDeviceOperation,64,6034.0
490496,,TypecastDeviceOperation,64,6005.0
1490944,1,NLPConcatHeadsDecodeDeviceOperation,24,5956.0
1233920,,TypecastDeviceOperation,64,5951.0
1723392,1,TypecastDeviceOperation,64,5933.0
794624,,TypecastDeviceOperation,64,5927.0
625664,,TypecastDeviceOperation,64,5915.0
558080,,TypecastDeviceOperation,64,5903.0
1828864,1,NLPConcatHeadsDecodeDeviceOperation,24,5894.0
1166336,,TypecastDeviceOperation,64,5887.0
591872,,TypecastDeviceOperation,64,5885.0
309248,,UntilizeWithUnpaddingDeviceOperation,32,5865.0
1659904,1,NLPConcatHeadsDecodeDeviceOperation,24,5859.0
1862656,1,NLPConcatHeadsDecodeDeviceOperation,24,5855.0
1858560,1,TypecastDeviceOperation,64,5854.0
828416,,TypecastDeviceOperation,64,5853.0
355328,,TypecastDeviceOperation,64,5851.0
1795072,1,NLPConcatHeadsDecodeDeviceOperation,24,5849.0
2234368,1,NLPConcatHeadsDecodeDeviceOperation,24,5811.0
1132544,,TypecastDeviceOperation,64,5806.0
1423360,1,NLPConcatHeadsDecodeDeviceOperation,24,5798.0
1896448,1,NLPConcatHeadsDecodeDeviceOperation,24,5794.0
2132992,1,NLPConcatHeadsDecodeDeviceOperation,24,5789.0
2200576,1,NLPConcatHeadsDecodeDeviceOperation,24,5786.0
1355776,1,NLPConcatHeadsDecodeDeviceOperation,24,5785.0
1824768,1,TypecastDeviceOperation,64,5785.0
1313792,1,TypecastDeviceOperation,64,5780.0
1964032,1,NLPConcatHeadsDecodeDeviceOperation,24,5778.0
389120,,TypecastDeviceOperation,64,5775.0
1524736,1,NLPConcatHeadsDecodeDeviceOperation,24,5774.0
456704,,TypecastDeviceOperation,64,5771.0
1486848,1,TypecastDeviceOperation,64,5768.0
1930240,1,NLPConcatHeadsDecodeDeviceOperation,24,5768.0
1959936,1,TypecastDeviceOperation,64,5760.0
1457152,1,NLPConcatHeadsDecodeDeviceOperation,24,5754.0
1997824,1,NLPConcatHeadsDecodeDeviceOperation,24,5753.0
1064960,,TypecastDeviceOperation,64,5751.0
2230272,1,TypecastDeviceOperation,64,5740.0
1321984,1,NLPConcatHeadsDecodeDeviceOperation,24,5738.0
1389568,1,NLPConcatHeadsDecodeDeviceOperation,24,5736.0
1993728,1,TypecastDeviceOperation,64,5733.0
2099200,1,NLPConcatHeadsDecodeDeviceOperation,24,5731.0
1693696,1,NLPConcatHeadsDecodeDeviceOperation,24,5721.0
2065408,1,NLPConcatHeadsDecodeDeviceOperation,24,5706.0
2166784,1,NLPConcatHeadsDecodeDeviceOperation,24,5658.0
896000,,TypecastDeviceOperation,64,5651.0
1655808,1,TypecastDeviceOperation,64,5641.0
760832,,TypecastDeviceOperation,64,5631.0
524288,,TypecastDeviceOperation,64,5630.0
1316864,1,ReduceDeviceOperation,32,5628.0
1385472,1,TypecastDeviceOperation,64,5617.0
862208,,TypecastDeviceOperation,64,5614.0
1689600,1,TypecastDeviceOperation,64,5608.0
1761280,1,NLPConcatHeadsDecodeDeviceOperation,24,5597.0
1422336,1,TypecastDeviceOperation,64,5594.0
2196480,1,TypecastDeviceOperation,64,5568.0
1757184,1,TypecastDeviceOperation,64,5520.0
1727488,1,NLPConcatHeadsDecodeDeviceOperation,24,5504.0
1558528,1,NLPConcatHeadsDecodeDeviceOperation,24,5496.0
2027520,1,TypecastDeviceOperation,64,5478.0
1351680,1,TypecastDeviceOperation,64,5449.0
1929216,1,TypecastDeviceOperation,64,5440.0
1926144,1,TypecastDeviceOperation,64,5431.0
1895424,1,TypecastDeviceOperation,64,5414.0
1305600,1,UntilizeWithUnpaddingDeviceOperation,32,5397.0
1996800,1,TypecastDeviceOperation,64,5349.0
1354752,1,TypecastDeviceOperation,64,5343.0
2030592,1,TypecastDeviceOperation,64,5298.0
1456128,1,TypecastDeviceOperation,64,5291.0
2098176,1,TypecastDeviceOperation,64,5279.0
1692672,1,TypecastDeviceOperation,64,5276.0
320512,,ReduceDeviceOperation,32,5265.0
2165760,1,TypecastDeviceOperation,64,5264.0
1523712,1,TypecastDeviceOperation,64,5243.0
1658880,1,TypecastDeviceOperation,64,5242.0
1388544,1,TypecastDeviceOperation,64,5239.0
1591296,1,TypecastDeviceOperation,64,5237.0
1557504,1,TypecastDeviceOperation,64,5234.0
1760256,1,TypecastDeviceOperation,64,5234.0
1169408,,TypecastDeviceOperation,64,5229.0
1963008,1,TypecastDeviceOperation,64,5221.0
2131968,1,TypecastDeviceOperation,64,5217.0
1034240,,TypecastDeviceOperation,64,5203.0
2064384,1,TypecastDeviceOperation,64,5196.0
1726464,1,TypecastDeviceOperation,64,5192.0
304128,,TypecastDeviceOperation,64,5186.0
1300480,1,TypecastDeviceOperation,64,5185.0
1135616,,TypecastDeviceOperation,64,5184.0
831488,,TypecastDeviceOperation,64,5181.0
1861632,1,TypecastDeviceOperation,64,5177.0
594944,,TypecastDeviceOperation,64,5176.0
358400,,TypecastDeviceOperation,64,5169.0
1000448,,TypecastDeviceOperation,64,5167.0
899072,,TypecastDeviceOperation,64,5166.0
324608,,TypecastDeviceOperation,64,5159.0
493568,,TypecastDeviceOperation,64,5156.0
797696,,TypecastDeviceOperation,64,5154.0
1236992,,TypecastDeviceOperation,64,5150.0
1827840,1,TypecastDeviceOperation,64,5144.0
1101824,,TypecastDeviceOperation,64,5128.0
459776,,TypecastDeviceOperation,64,5124.0
561152,,TypecastDeviceOperation,64,5121.0
966656,,TypecastDeviceOperation,64,5121.0
1203200,,TypecastDeviceOperation,64,5120.0
696320,,TypecastDeviceOperation,64,5117.0
1794048,1,TypecastDeviceOperation,64,5117.0
865280,,TypecastDeviceOperation,64,5116.0
2233344,1,TypecastDeviceOperation,64,5113.0
527360,,TypecastDeviceOperation,64,5110.0
763904,,TypecastDeviceOperation,64,5108.0
932864,,TypecastDeviceOperation,64,5099.0
662528,,TypecastDeviceOperation,64,5096.0
628736,,TypecastDeviceOperation,64,5090.0
2199552,1,TypecastDeviceOperation,64,5088.0
425984,,TypecastDeviceOperation,64,5085.0
392192,,TypecastDeviceOperation,64,5084.0
1625088,1,TypecastDeviceOperation,64,5080.0
1068032,,TypecastDeviceOperation,64,5076.0
313344,,TypecastDeviceOperation,64,5073.0
730112,,TypecastDeviceOperation,64,5069.0
1489920,1,TypecastDeviceOperation,64,5057.0
1320960,1,TypecastDeviceOperation,64,4995.0
1309696,1,TypecastDeviceOperation,64,4731.0
694272,,InterleavedToShardedDeviceOperation,32,4664.0
897024,,InterleavedToShardedDeviceOperation,32,4427.0
457728,,InterleavedToShardedDeviceOperation,32,4404.0
964608,,InterleavedToShardedDeviceOperation,32,4387.0
829440,,InterleavedToShardedDeviceOperation,32,4378.0
728064,,InterleavedToShardedDeviceOperation,32,4239.0
1133568,,InterleavedToShardedDeviceOperation,32,4188.0
761856,,InterleavedToShardedDeviceOperation,32,4183.0
1167360,,InterleavedToShardedDeviceOperation,32,4160.0
1099776,,InterleavedToShardedDeviceOperation,32,4133.0
660480,,InterleavedToShardedDeviceOperation,32,4130.0
322560,,InterleavedToShardedDeviceOperation,32,4129.0
795648,,InterleavedToShardedDeviceOperation,32,4124.0
626688,,InterleavedToShardedDeviceOperation,32,4098.0
423936,,InterleavedToShardedDeviceOperation,32,4094.0
1623040,1,InterleavedToShardedDeviceOperation,32,4083.0
1420288,1,InterleavedToShardedDeviceOperation,32,4027.0
998400,,InterleavedToShardedDeviceOperation,32,4019.0
390144,,InterleavedToShardedDeviceOperation,32,4007.0
863232,,InterleavedToShardedDeviceOperation,32,4001.0
1994752,1,InterleavedToShardedDeviceOperation,32,3994.0
1555456,1,InterleavedToShardedDeviceOperation,32,3952.0
1454080,1,InterleavedToShardedDeviceOperation,32,3939.0
1065984,,InterleavedToShardedDeviceOperation,32,3936.0
2062336,1,InterleavedToShardedDeviceOperation,32,3920.0
1724416,1,InterleavedToShardedDeviceOperation,32,3917.0
1927168,1,InterleavedToShardedDeviceOperation,32,3907.0
1032192,,InterleavedToShardedDeviceOperation,32,3904.0
1201152,,InterleavedToShardedDeviceOperation,32,3895.0
592896,,InterleavedToShardedDeviceOperation,32,3891.0
930816,,InterleavedToShardedDeviceOperation,32,3873.0
1960960,1,InterleavedToShardedDeviceOperation,32,3851.0
356352,,InterleavedToShardedDeviceOperation,32,3839.0
525312,,InterleavedToShardedDeviceOperation,32,3815.0
491520,,InterleavedToShardedDeviceOperation,32,3787.0
1234944,,InterleavedToShardedDeviceOperation,32,3753.0
559104,,InterleavedToShardedDeviceOperation,32,3750.0
1589248,1,InterleavedToShardedDeviceOperation,32,3740.0
1487872,1,InterleavedToShardedDeviceOperation,32,3720.0
1656832,1,InterleavedToShardedDeviceOperation,32,3708.0
2096128,1,InterleavedToShardedDeviceOperation,32,3676.0
1304576,1,ShardedToInterleavedDeviceOperation,32,3634.0
1893376,1,InterleavedToShardedDeviceOperation,32,3580.0
1386496,1,InterleavedToShardedDeviceOperation,32,3577.0
2028544,1,InterleavedToShardedDeviceOperation,32,3567.0
1690624,1,InterleavedToShardedDeviceOperation,32,3564.0
1825792,1,InterleavedToShardedDeviceOperation,32,3559.0
296960,,BinaryNgDeviceOperation,64,3541.0
2231296,1,InterleavedToShardedDeviceOperation,32,3536.0
1859584,1,InterleavedToShardedDeviceOperation,32,3519.0
1758208,1,InterleavedToShardedDeviceOperation,32,3510.0
1521664,1,InterleavedToShardedDeviceOperation,32,3509.0
312320,,InterleavedToShardedDeviceOperation,32,3507.0
1293312,1,BinaryNgDeviceOperation,64,3443.0
318464,,ShardedToInterleavedDeviceOperation,32,3441.0
1318912,1,InterleavedToShardedDeviceOperation,32,3430.0
1231872,,CopyDeviceOperation,64,3409.0
2163712,1,InterleavedToShardedDeviceOperation,32,3402.0
2129920,1,InterleavedToShardedDeviceOperation,32,3391.0
1308672,1,InterleavedToShardedDeviceOperation,32,3325.0
657408,,CopyDeviceOperation,64,3315.0
691200,,CopyDeviceOperation,64,3297.0
758784,,CopyDeviceOperation,64,3295.0
1289216,1,SliceDeviceOperation,64,3291.0
2197504,1,InterleavedToShardedDeviceOperation,32,3291.0
280576,,BinaryNgDeviceOperation,64,3278.0
329728,,BinaryNgDeviceOperation,64,3268.0
589824,,CopyDeviceOperation,64,3252.0
488448,,CopyDeviceOperation,64,3244.0
1029120,,CopyDeviceOperation,64,3189.0
308224,,ShardedToInterleavedDeviceOperation,32,3186.0
1276928,1,BinaryNgDeviceOperation,64,3182.0
826368,,CopyDeviceOperation,64,3181.0
1164288,,CopyDeviceOperation,64,3171.0
1792000,1,InterleavedToShardedDeviceOperation,32,3167.0
454656,,CopyDeviceOperation,64,3165.0
1314816,1,ShardedToInterleavedDeviceOperation,32,3165.0
353280,,CopyDeviceOperation,64,3141.0
420864,,CopyDeviceOperation,64,3135.0
893952,,CopyDeviceOperation,64,3117.0
995328,,CopyDeviceOperation,64,3102.0
2228224,1,CopyDeviceOperation,64,3080.0
792576,,CopyDeviceOperation,64,3074.0
1653760,1,CopyDeviceOperation,64,3064.0
961536,,CopyDeviceOperation,64,3054.0
556032,,CopyDeviceOperation,64,3026.0
1062912,,CopyDeviceOperation,64,3006.0
927744,,CopyDeviceOperation,64,2996.0
1198080,,CopyDeviceOperation,64,2996.0
623616,,CopyDeviceOperation,64,2978.0
1326080,1,BinaryNgDeviceOperation,64,2961.0
724992,,CopyDeviceOperation,64,2957.0
1130496,,CopyDeviceOperation,64,2937.0
522240,,CopyDeviceOperation,64,2931.0
860160,,CopyDeviceOperation,64,2916.0
315392,,CopyDeviceOperation,64,2877.0
1755136,1,CopyDeviceOperation,64,2839.0
2059264,1,CopyDeviceOperation,64,2834.0
387072,,CopyDeviceOperation,64,2828.0
314368,,ShardedToInterleavedDeviceOperation,32,2825.0
1296384,1,UntilizeWithUnpaddingDeviceOperation,1,2822.0
1352704,1,InterleavedToShardedDeviceOperation,32,2817.0
1788928,1,CopyDeviceOperation,64,2780.0
1383424,1,CopyDeviceOperation,64,2741.0
1096704,,CopyDeviceOperation,64,2737.0
2160640,1,CopyDeviceOperation,64,2728.0
1257472,1,BinaryNgDeviceOperation,64,2675.0
1260544,1,BinaryNgDeviceOperation,64,2674.0
300032,,UntilizeWithUnpaddingDeviceOperation,1,2671.0
1311744,1,CopyDeviceOperation,64,2663.0
1856512,1,CopyDeviceOperation,64,2663.0
1687552,1,CopyDeviceOperation,64,2627.0
1484800,1,CopyDeviceOperation,64,2615.0
1451008,1,CopyDeviceOperation,64,2610.0
1924096,1,CopyDeviceOperation,64,2587.0
1552384,1,CopyDeviceOperation,64,2565.0
310272,,RepeatDeviceOperation,64,2565.0
2025472,1,CopyDeviceOperation,64,2554.0
1349632,1,CopyDeviceOperation,64,2530.0
1952768,1,InterleavedToShardedDeviceOperation,32,2520.0
1695744,1,InterleavedToShardedDeviceOperation,8,2517.0
1619968,1,CopyDeviceOperation,64,2507.0
1721344,1,CopyDeviceOperation,64,2501.0
1310720,1,ShardedToInterleavedDeviceOperation,32,2494.0
274432,,ShardedToInterleavedDeviceOperation,54,2485.0
261120,,BinaryNgDeviceOperation,64,2472.0
2101248,1,InterleavedToShardedDeviceOperation,8,2467.0
1417216,1,CopyDeviceOperation,64,2447.0
477184,,ShardedToInterleavedDeviceOperation,54,2444.0
521216,,SliceDeviceOperation,64,2444.0
264192,,BinaryNgDeviceOperation,64,2426.0
2194432,1,CopyDeviceOperation,64,2421.0
2126848,1,CopyDeviceOperation,64,2410.0
1822720,1,CopyDeviceOperation,64,2409.0
1518592,1,CopyDeviceOperation,64,2386.0
1186816,,ShardedToInterleavedDeviceOperation,54,2354.0
1306624,1,RepeatDeviceOperation,64,2328.0
2093056,1,CopyDeviceOperation,64,2327.0
1085440,,ShardedToInterleavedDeviceOperation,54,2325.0
1957888,1,CopyDeviceOperation,64,2313.0
1890304,1,CopyDeviceOperation,64,2303.0
1729536,1,InterleavedToShardedDeviceOperation,8,2281.0
679936,,ShardedToInterleavedDeviceOperation,54,2268.0
1220608,,ShardedToInterleavedDeviceOperation,54,2266.0
1991680,1,CopyDeviceOperation,64,2257.0
781312,,ShardedToInterleavedDeviceOperation,54,2245.0
713728,,ShardedToInterleavedDeviceOperation,54,2231.0
854016,,SliceDeviceOperation,64,2220.0
1119232,,ShardedToInterleavedDeviceOperation,54,2208.0
375808,,ShardedToInterleavedDeviceOperation,54,2197.0
578560,,ShardedToInterleavedDeviceOperation,54,2197.0
747520,,ShardedToInterleavedDeviceOperation,54,2190.0
1513472,1,InterleavedToShardedDeviceOperation,32,2181.0
1090560,,SliceDeviceOperation,64,2177.0
1095680,,SliceDeviceOperation,64,2172.0
1343488,1,SliceDeviceOperation,64,2167.0
453632,,SliceDeviceOperation,64,2163.0
342016,,ShardedToInterleavedDeviceOperation,54,2156.0
2227200,1,SliceDeviceOperation,64,2155.0
1912832,1,ShardedToInterleavedDeviceOperation,54,2150.0
448512,,SliceDeviceOperation,64,2139.0
1676288,1,ShardedToInterleavedDeviceOperation,54,2139.0
1719296,1,ShardedToInterleavedDeviceOperation,32,2138.0
612352,,ShardedToInterleavedDeviceOperation,54,2132.0
690176,,SliceDeviceOperation,64,2131.0
886784,,ShardedToInterleavedDeviceOperation,32,2130.0
1547264,1,InterleavedToShardedDeviceOperation,32,2126.0
1598464,1,ReshardDeviceOperation,8,2125.0
1230848,,SliceDeviceOperation,64,2122.0
994304,,SliceDeviceOperation,64,2119.0
916480,,ShardedToInterleavedDeviceOperation,54,2117.0
2081792,1,ShardedToInterleavedDeviceOperation,54,2114.0
301056,,RepeatDeviceOperation,64,2114.0
1297408,1,RepeatDeviceOperation,64,2114.0
2014208,1,ShardedToInterleavedDeviceOperation,54,2113.0
1061888,,SliceDeviceOperation,64,2112.0
723968,,SliceDeviceOperation,64,2110.0
510976,,ShardedToInterleavedDeviceOperation,54,2108.0
1338368,1,ShardedToInterleavedDeviceOperation,54,2108.0
1741824,1,ReshardDeviceOperation,8,2107.0
815104,,ShardedToInterleavedDeviceOperation,54,2103.0
1124352,,SliceDeviceOperation,64,2101.0
307200,,SliceDeviceOperation,64,2099.0
386048,,SliceDeviceOperation,64,2098.0
2216960,1,ShardedToInterleavedDeviceOperation,54,2098.0
1028096,,SliceDeviceOperation,64,2096.0
409600,,ShardedToInterleavedDeviceOperation,54,2085.0
443392,,ShardedToInterleavedDeviceOperation,54,2083.0
1051648,,ShardedToInterleavedDeviceOperation,54,2081.0
1153024,,ShardedToInterleavedDeviceOperation,54,2081.0
1060864,,ShardedToInterleavedDeviceOperation,32,2078.0
1507328,1,ShardedToInterleavedDeviceOperation,54,2076.0
950272,,ShardedToInterleavedDeviceOperation,54,2075.0
1439744,1,ShardedToInterleavedDeviceOperation,54,2075.0
820224,,SliceDeviceOperation,64,2071.0
1416192,1,SliceDeviceOperation,64,2071.0
1055744,,ShardedToInterleavedDeviceOperation,32,2068.0
1586176,1,CopyDeviceOperation,64,2068.0
1777664,1,ShardedToInterleavedDeviceOperation,54,2067.0
786432,,SliceDeviceOperation,64,2064.0
859136,,SliceDeviceOperation,64,2063.0
646144,,ShardedToInterleavedDeviceOperation,54,2061.0
2115584,1,ShardedToInterleavedDeviceOperation,54,2058.0
1710080,1,ShardedToInterleavedDeviceOperation,54,2051.0
2003968,1,ReshardDeviceOperation,8,2051.0
380928,,SliceDeviceOperation,64,2050.0
549888,,SliceDeviceOperation,64,2048.0
1955840,1,ShardedToInterleavedDeviceOperation,32,2048.0
622592,,SliceDeviceOperation,64,2044.0
1163264,,SliceDeviceOperation,64,2044.0
1482752,1,ShardedToInterleavedDeviceOperation,32,2042.0
656384,,SliceDeviceOperation,64,2041.0
684032,,ShardedToInterleavedDeviceOperation,32,2040.0
1585152,1,SliceDeviceOperation,64,2039.0
1541120,1,ShardedToInterleavedDeviceOperation,54,2036.0
1651712,1,ShardedToInterleavedDeviceOperation,32,2032.0
2149376,1,ShardedToInterleavedDeviceOperation,54,2032.0
887808,,SliceDeviceOperation,64,2028.0
984064,,ShardedToInterleavedDeviceOperation,54,2025.0
1197056,,SliceDeviceOperation,64,2025.0
588800,,SliceDeviceOperation,64,2023.0
858112,,ShardedToInterleavedDeviceOperation,32,2023.0
553984,,ShardedToInterleavedDeviceOperation,32,2022.0
1225728,,SliceDeviceOperation,64,2022.0
882688,,ShardedToInterleavedDeviceOperation,54,2021.0
1946624,1,ShardedToInterleavedDeviceOperation,54,2021.0
1022976,,SliceDeviceOperation,64,2020.0
651264,,SliceDeviceOperation,64,2018.0
989184,,SliceDeviceOperation,64,2018.0
1681408,1,SliceDeviceOperation,64,2018.0
752640,,SliceDeviceOperation,64,2016.0
285696,,TypecastDeviceOperation,4,2014.0
1405952,1,ShardedToInterleavedDeviceOperation,54,2009.0
292864,,SliceDeviceOperation,64,2007.0
583680,,SliceDeviceOperation,64,2006.0
1889280,1,SliceDeviceOperation,64,2003.0
825344,,SliceDeviceOperation,64,2001.0
352256,,SliceDeviceOperation,64,1999.0
757760,,SliceDeviceOperation,64,1999.0
722944,,ShardedToInterleavedDeviceOperation,32,1998.0
291840,,ShardedToInterleavedDeviceOperation,32,1997.0
516096,,SliceDeviceOperation,64,1997.0
926720,,SliceDeviceOperation,64,1995.0
1129472,,SliceDeviceOperation,64,1991.0
1190912,,ShardedToInterleavedDeviceOperation,32,1990.0
848896,,ShardedToInterleavedDeviceOperation,54,1987.0
685056,,SliceDeviceOperation,64,1984.0
1990656,1,SliceDeviceOperation,64,1982.0
2183168,1,ShardedToInterleavedDeviceOperation,54,1982.0
1980416,1,ShardedToInterleavedDeviceOperation,54,1980.0
791552,,SliceDeviceOperation,64,1978.0
1473536,1,ShardedToInterleavedDeviceOperation,54,1978.0
718848,,SliceDeviceOperation,64,1973.0
892928,,SliceDeviceOperation,64,1973.0
1879040,1,ShardedToInterleavedDeviceOperation,54,1972.0
955392,,SliceDeviceOperation,64,1965.0
1608704,1,ShardedToInterleavedDeviceOperation,54,1961.0
1612800,1,ShardedToInterleavedDeviceOperation,32,1961.0
555008,,SliceDeviceOperation,64,1958.0
1652736,1,SliceDeviceOperation,64,1958.0
351232,,ShardedToInterleavedDeviceOperation,32,1957.0
482304,,SliceDeviceOperation,64,1956.0
1288192,1,ShardedToInterleavedDeviceOperation,32,1956.0
959488,,ShardedToInterleavedDeviceOperation,32,1954.0
1196032,,ShardedToInterleavedDeviceOperation,32,1952.0
1158144,,SliceDeviceOperation,64,1950.0
1787904,1,SliceDeviceOperation,64,1950.0
2154496,1,SliceDeviceOperation,64,1950.0
1191936,,SliceDeviceOperation,64,1946.0
287744,,TypecastDeviceOperation,4,1945.0
1747968,1,ShardedToInterleavedDeviceOperation,32,1945.0
1021952,,ShardedToInterleavedDeviceOperation,32,1943.0
544768,,ShardedToInterleavedDeviceOperation,54,1940.0
921600,,SliceDeviceOperation,64,1940.0
1281024,1,UnaryDeviceOperation,64,1940.0
2221056,1,ShardedToInterleavedDeviceOperation,32,1940.0
1123328,,ShardedToInterleavedDeviceOperation,32,1937.0
1811456,1,ShardedToInterleavedDeviceOperation,54,1937.0
824320,,ShardedToInterleavedDeviceOperation,32,1935.0
1017856,,ShardedToInterleavedDeviceOperation,54,1935.0
347136,,SliceDeviceOperation,64,1932.0
414720,,SliceDeviceOperation,64,1931.0
1056768,,SliceDeviceOperation,64,1931.0
2119680,1,ShardedToInterleavedDeviceOperation,32,1931.0
1372160,1,ShardedToInterleavedDeviceOperation,54,1930.0
1449984,1,SliceDeviceOperation,64,1930.0
785408,,ShardedToInterleavedDeviceOperation,32,1927.0
1821696,1,SliceDeviceOperation,64,1927.0
1918976,1,InterleavedToShardedDeviceOperation,32,1927.0
1743872,1,ShardedToInterleavedDeviceOperation,54,1924.0
515072,,ShardedToInterleavedDeviceOperation,32,1922.0
2124800,1,ShardedToInterleavedDeviceOperation,32,1919.0
1546240,1,SliceDeviceOperation,64,1918.0
1517568,1,SliceDeviceOperation,64,1915.0
1041408,,ReshardDeviceOperation,8,1908.0
1574912,1,ShardedToInterleavedDeviceOperation,54,1907.0
2048000,1,ShardedToInterleavedDeviceOperation,54,1907.0
487424,,SliceDeviceOperation,64,1903.0
2058240,1,SliceDeviceOperation,64,1901.0
385024,,ShardedToInterleavedDeviceOperation,32,1900.0
617472,,SliceDeviceOperation,64,1898.0
1845248,1,ShardedToInterleavedDeviceOperation,54,1898.0
2018304,1,ShardedToInterleavedDeviceOperation,32,1897.0
419840,,SliceDeviceOperation,64,1896.0
548864,,ShardedToInterleavedDeviceOperation,32,1895.0
1284096,1,TypecastDeviceOperation,4,1895.0
1162240,,ShardedToInterleavedDeviceOperation,32,1893.0
1551360,1,SliceDeviceOperation,64,1891.0
466944,,ReshardDeviceOperation,8,1889.0
1782784,1,SliceDeviceOperation,64,1888.0
954368,,ShardedToInterleavedDeviceOperation,32,1885.0
717824,,ShardedToInterleavedDeviceOperation,32,1884.0
1303552,1,SliceDeviceOperation,64,1884.0
2053120,1,SliceDeviceOperation,64,1884.0
960512,,SliceDeviceOperation,64,1876.0
1282048,1,TypecastDeviceOperation,4,1875.0
1642496,1,ShardedToInterleavedDeviceOperation,54,1875.0
1344512,1,InterleavedToShardedDeviceOperation,32,1871.0
689152,,ShardedToInterleavedDeviceOperation,32,1869.0
1512448,1,SliceDeviceOperation,64,1869.0
852992,,ShardedToInterleavedDeviceOperation,32,1868.0
925696,,ShardedToInterleavedDeviceOperation,32,1867.0
2271232,,UntilizeWithUnpaddingDeviceOperation,1,1866.0
486400,,ShardedToInterleavedDeviceOperation,32,1862.0
650240,,ShardedToInterleavedDeviceOperation,32,1861.0
655360,,ShardedToInterleavedDeviceOperation,32,1861.0
1117184,,ReshardDeviceOperation,8,1859.0
616448,,ShardedToInterleavedDeviceOperation,32,1857.0
2193408,1,SliceDeviceOperation,64,1856.0
1478656,1,SliceDeviceOperation,64,1854.0
2086912,1,SliceDeviceOperation,64,1854.0
2254848,,UntilizeWithUnpaddingDeviceOperation,1,1853.0
2057216,1,ShardedToInterleavedDeviceOperation,32,1850.0
1157120,,ShardedToInterleavedDeviceOperation,32,1849.0
1089536,,ShardedToInterleavedDeviceOperation,32,1848.0
1754112,1,SliceDeviceOperation,64,1848.0
2222080,1,SliceDeviceOperation,64,1847.0
284672,,UnaryDeviceOperation,64,1845.0
1850368,1,SliceDeviceOperation,64,1845.0
2024448,1,SliceDeviceOperation,64,1844.0
906240,,ReshardDeviceOperation,8,1843.0
365568,,ReshardDeviceOperation,8,1842.0
1270784,1,ShardedToInterleavedDeviceOperation,54,1842.0
1229824,,ShardedToInterleavedDeviceOperation,32,1841.0
2259968,,UntilizeWithUnpaddingDeviceOperation,1,1839.0
1377280,1,SliceDeviceOperation,64,1838.0
1916928,1,ShardedToInterleavedDeviceOperation,32,1837.0
1884160,1,SliceDeviceOperation,64,1836.0
1381376,1,ShardedToInterleavedDeviceOperation,32,1835.0
1210368,,ReshardDeviceOperation,8,1834.0
1618944,1,SliceDeviceOperation,64,1834.0
1956864,1,SliceDeviceOperation,64,1829.0
1815552,1,ShardedToInterleavedDeviceOperation,32,1827.0
1923072,1,SliceDeviceOperation,64,1826.0
756736,,ShardedToInterleavedDeviceOperation,32,1825.0
1103872,,ShardedToInterleavedDeviceOperation,24,1824.0
1176576,,ReshardDeviceOperation,8,1824.0
481280,,ShardedToInterleavedDeviceOperation,32,1821.0
1580032,1,SliceDeviceOperation,64,1821.0
880640,,ReshardDeviceOperation,8,1820.0
1686528,1,SliceDeviceOperation,64,1819.0
447488,,ShardedToInterleavedDeviceOperation,32,1817.0
838656,,ReshardDeviceOperation,8,1817.0
1483776,1,SliceDeviceOperation,64,1817.0
2252800,,UntilizeWithUnpaddingDeviceOperation,1,1812.0
1108992,,ReshardDeviceOperation,8,1811.0
1027072,,ShardedToInterleavedDeviceOperation,32,1810.0
582656,,ShardedToInterleavedDeviceOperation,32,1809.0
2135040,1,InterleavedToShardedDeviceOperation,8,1809.0
813056,,ReshardDeviceOperation,8,1808.0
635904,,ReshardDeviceOperation,8,1802.0
508928,,ReshardDeviceOperation,8,1801.0
534528,,ReshardDeviceOperation,8,1801.0
799744,,ShardedToInterleavedDeviceOperation,24,1801.0
1720320,1,SliceDeviceOperation,64,1800.0
1854464,1,ShardedToInterleavedDeviceOperation,32,1799.0
1283072,1,UnaryDeviceOperation,64,1798.0
1516544,1,ShardedToInterleavedDeviceOperation,32,1797.0
1855488,1,SliceDeviceOperation,64,1795.0
2278400,,UntilizeWithUnpaddingDeviceOperation,1,1795.0
452608,,ShardedToInterleavedDeviceOperation,32,1793.0
664576,,ShardedToInterleavedDeviceOperation,24,1793.0
1781760,1,ShardedToInterleavedDeviceOperation,32,1792.0
2159616,1,SliceDeviceOperation,64,1792.0
1584128,1,ShardedToInterleavedDeviceOperation,32,1791.0
413696,,ShardedToInterleavedDeviceOperation,32,1790.0
1327104,1,ReshardDeviceOperation,8,1790.0
920576,,ShardedToInterleavedDeviceOperation,32,1789.0
1715200,1,SliceDeviceOperation,64,1787.0
1849344,1,ShardedToInterleavedDeviceOperation,32,1787.0
306176,,ShardedToInterleavedDeviceOperation,32,1785.0
346112,,ShardedToInterleavedDeviceOperation,32,1785.0
1613824,1,SliceDeviceOperation,64,1783.0
1951744,1,SliceDeviceOperation,64,1782.0
790528,,ShardedToInterleavedDeviceOperation,32,1776.0
1083392,,ReshardDeviceOperation,8,1775.0
1985536,1,SliceDeviceOperation,64,1775.0
2019328,1,SliceDeviceOperation,64,1773.0
2092032,1,SliceDeviceOperation,64,1772.0
891904,,ShardedToInterleavedDeviceOperation,32,1771.0
1680384,1,ShardedToInterleavedDeviceOperation,32,1771.0
751616,,ShardedToInterleavedDeviceOperation,32,1769.0
1094656,,ShardedToInterleavedDeviceOperation,32,1769.0
2120704,1,SliceDeviceOperation,64,1768.0
1748992,1,SliceDeviceOperation,64,1765.0
1917952,1,SliceDeviceOperation,64,1765.0
1411072,1,SliceDeviceOperation,64,1759.0
2125824,1,SliceDeviceOperation,64,1755.0
542720,,ReshardDeviceOperation,8,1750.0
1816576,1,SliceDeviceOperation,64,1749.0
1224704,,ShardedToInterleavedDeviceOperation,32,1746.0
1075200,,ReshardDeviceOperation,8,1745.0
940032,,ReshardDeviceOperation,8,1744.0
282624,,ConcatDeviceOperation,4,1742.0
475136,,ReshardDeviceOperation,8,1739.0
1786880,1,ShardedToInterleavedDeviceOperation,32,1739.0
500736,,ReshardDeviceOperation,8,1738.0
819200,,ShardedToInterleavedDeviceOperation,32,1738.0
804864,,ReshardDeviceOperation,8,1737.0
1007616,,ReshardDeviceOperation,8,1737.0
621568,,ShardedToInterleavedDeviceOperation,32,1736.0
833536,,ShardedToInterleavedDeviceOperation,24,1736.0
517120,,InterleavedToShardedDeviceOperation,32,1730.0
2023424,1,ShardedToInterleavedDeviceOperation,32,1730.0
2266112,,UntilizeWithUnpaddingDeviceOperation,1,1730.0
587776,,ShardedToInterleavedDeviceOperation,32,1729.0
339968,,ReshardDeviceOperation,8,1728.0
399360,,ReshardDeviceOperation,8,1727.0
1015808,,ReshardDeviceOperation,8,1724.0
2267136,,UntilizeWithUnpaddingDeviceOperation,1,1723.0
677888,,ReshardDeviceOperation,8,1721.0
914432,,ReshardDeviceOperation,8,1721.0
1244160,,ReshardDeviceOperation,8,1721.0
2264064,,UntilizeWithUnpaddingDeviceOperation,1,1720.0
1617920,1,ShardedToInterleavedDeviceOperation,32,1719.0
2269184,,UntilizeWithUnpaddingDeviceOperation,1,1717.0
1444864,1,SliceDeviceOperation,64,1715.0
379904,,ShardedToInterleavedDeviceOperation,32,1711.0
1142784,,ReshardDeviceOperation,8,1710.0
1382400,1,SliceDeviceOperation,64,1709.0
286720,,UnaryDeviceOperation,64,1702.0
2260992,,UntilizeWithUnpaddingDeviceOperation,1,1702.0
1348608,1,SliceDeviceOperation,64,1700.0
2192384,1,ShardedToInterleavedDeviceOperation,32,1700.0
2262016,,UntilizeWithUnpaddingDeviceOperation,1,1700.0
2273280,,UntilizeWithUnpaddingDeviceOperation,1,1700.0
418816,,ShardedToInterleavedDeviceOperation,32,1699.0
982016,,ReshardDeviceOperation,8,1699.0
1128448,,ShardedToInterleavedDeviceOperation,32,1699.0
1753088,1,ShardedToInterleavedDeviceOperation,32,1699.0
988160,,ShardedToInterleavedDeviceOperation,32,1697.0
520192,,ShardedToInterleavedDeviceOperation,32,1694.0
276480,,RepeatDeviceOperation,64,1694.0
669696,,ReshardDeviceOperation,8,1693.0
2256896,,UntilizeWithUnpaddingDeviceOperation,1,1692.0
2105344,1,ReshardDeviceOperation,8,1691.0
2275328,,UntilizeWithUnpaddingDeviceOperation,1,1691.0
993280,,ShardedToInterleavedDeviceOperation,32,1689.0
2226176,1,ShardedToInterleavedDeviceOperation,32,1689.0
2253824,,UntilizeWithUnpaddingDeviceOperation,1,1688.0
1272832,1,RepeatDeviceOperation,64,1687.0
956416,,InterleavedToShardedDeviceOperation,32,1686.0
703488,,ReshardDeviceOperation,8,1685.0
2257920,,UntilizeWithUnpaddingDeviceOperation,1,1685.0
2255872,,UntilizeWithUnpaddingDeviceOperation,1,1684.0
1171456,,ShardedToInterleavedDeviceOperation,24,1681.0
2268160,,UntilizeWithUnpaddingDeviceOperation,1,1681.0
2276352,,UntilizeWithUnpaddingDeviceOperation,1,1681.0
2265088,,UntilizeWithUnpaddingDeviceOperation,1,1680.0
1070080,,ShardedToInterleavedDeviceOperation,24,1679.0
2281472,,UntilizeWithUnpaddingDeviceOperation,1,1679.0
745472,,ReshardDeviceOperation,8,1678.0
867328,,ShardedToInterleavedDeviceOperation,24,1674.0
1184768,,ReshardDeviceOperation,8,1674.0
2037760,1,ReshardDeviceOperation,8,1673.0
2139136,1,ReshardDeviceOperation,8,1673.0
846848,,ReshardDeviceOperation,8,1672.0
922624,,InterleavedToShardedDeviceOperation,32,1672.0
2188288,1,SliceDeviceOperation,64,1671.0
2274304,,UntilizeWithUnpaddingDeviceOperation,1,1671.0
2279424,,UntilizeWithUnpaddingDeviceOperation,1,1671.0
787456,,InterleavedToShardedDeviceOperation,32,1670.0
495616,,ShardedToInterleavedDeviceOperation,24,1669.0
563200,,ShardedToInterleavedDeviceOperation,24,1668.0
1278976,1,ConcatDeviceOperation,4,1668.0
2277376,,UntilizeWithUnpaddingDeviceOperation,1,1667.0
719872,,InterleavedToShardedDeviceOperation,32,1665.0
973824,,ReshardDeviceOperation,8,1665.0
1150976,,ReshardDeviceOperation,8,1664.0
1218560,,ReshardDeviceOperation,8,1664.0
1347584,1,ShardedToInterleavedDeviceOperation,32,1664.0
1471488,1,ReshardDeviceOperation,8,1660.0
2270208,,UntilizeWithUnpaddingDeviceOperation,1,1660.0
272384,,ReshardDeviceOperation,8,1658.0
1647616,1,SliceDeviceOperation,64,1658.0
610304,,ReshardDeviceOperation,8,1656.0
1978368,1,ReshardDeviceOperation,8,1656.0
2263040,,UntilizeWithUnpaddingDeviceOperation,1,1655.0
2258944,,UntilizeWithUnpaddingDeviceOperation,1,1654.0
2272256,,UntilizeWithUnpaddingDeviceOperation,1,1654.0
1910784,1,ReshardDeviceOperation,8,1650.0
1239040,,ShardedToInterleavedDeviceOperation,24,1649.0
948224,,ReshardDeviceOperation,8,1648.0
433152,,ReshardDeviceOperation,8,1643.0
2153472,1,ShardedToInterleavedDeviceOperation,32,1643.0
1497088,1,ReshardDeviceOperation,8,1642.0
1767424,1,ReshardDeviceOperation,8,1637.0
737280,,ReshardDeviceOperation,8,1636.0
1505280,1,ReshardDeviceOperation,8,1636.0
1564672,1,ReshardDeviceOperation,8,1636.0
2280448,,UntilizeWithUnpaddingDeviceOperation,1,1636.0
303104,,InterleavedToShardedDeviceOperation,32,1633.0
373760,,ReshardDeviceOperation,8,1633.0
394240,,ShardedToInterleavedDeviceOperation,24,1633.0
1268736,1,ReshardDeviceOperation,8,1633.0
1403904,1,ReshardDeviceOperation,8,1633.0
1843200,1,ReshardDeviceOperation,8,1633.0
1448960,1,ShardedToInterleavedDeviceOperation,32,1631.0
330752,,ReshardDeviceOperation,8,1628.0
934912,,ShardedToInterleavedDeviceOperation,24,1628.0
1989632,1,ShardedToInterleavedDeviceOperation,32,1628.0
779264,,ReshardDeviceOperation,8,1627.0
1666048,1,ReshardDeviceOperation,8,1627.0
483328,,InterleavedToShardedDeviceOperation,32,1619.0
576512,,ReshardDeviceOperation,8,1619.0
326656,,ShardedToInterleavedDeviceOperation,24,1617.0
2206720,1,ReshardDeviceOperation,8,1613.0
1632256,1,ReshardDeviceOperation,8,1612.0
2172928,1,ReshardDeviceOperation,8,1612.0
1336320,1,ReshardDeviceOperation,8,1611.0
1944576,1,ReshardDeviceOperation,8,1611.0
1429504,1,ReshardDeviceOperation,8,1610.0
2113536,1,ReshardDeviceOperation,8,1610.0
901120,,ShardedToInterleavedDeviceOperation,24,1609.0
1463296,1,ReshardDeviceOperation,8,1609.0
644096,,ReshardDeviceOperation,8,1607.0
1024000,,InterleavedToShardedDeviceOperation,32,1607.0
1002496,,ShardedToInterleavedDeviceOperation,24,1606.0
1809408,1,ReshardDeviceOperation,8,1604.0
2045952,1,ReshardDeviceOperation,8,1603.0
596992,,ShardedToInterleavedDeviceOperation,24,1601.0
1530880,1,ReshardDeviceOperation,8,1601.0
1864704,1,InterleavedToShardedDeviceOperation,8,1601.0
2158592,1,ShardedToInterleavedDeviceOperation,32,1599.0
1970176,1,ReshardDeviceOperation,8,1596.0
2071552,1,ReshardDeviceOperation,8,1595.0
1640448,1,ReshardDeviceOperation,8,1594.0
1835008,1,ReshardDeviceOperation,8,1594.0
711680,,ReshardDeviceOperation,8,1593.0
1361920,1,ReshardDeviceOperation,8,1593.0
1477632,1,ShardedToInterleavedDeviceOperation,32,1593.0
1699840,1,ReshardDeviceOperation,8,1593.0
407552,,ReshardDeviceOperation,8,1592.0
1902592,1,ReshardDeviceOperation,8,1592.0
1437696,1,ReshardDeviceOperation,8,1587.0
1876992,1,ReshardDeviceOperation,8,1587.0
698368,,ShardedToInterleavedDeviceOperation,24,1585.0
568320,,ReshardDeviceOperation,8,1584.0
1049600,,ReshardDeviceOperation,8,1582.0
1410048,1,ShardedToInterleavedDeviceOperation,32,1579.0
1775616,1,ReshardDeviceOperation,8,1579.0
872448,,ReshardDeviceOperation,8,1578.0
1733632,1,ReshardDeviceOperation,8,1578.0
2147328,1,ReshardDeviceOperation,8,1578.0
1820672,1,ShardedToInterleavedDeviceOperation,32,1577.0
2168832,1,InterleavedToShardedDeviceOperation,8,1576.0
753664,,InterleavedToShardedDeviceOperation,32,1574.0
1395712,1,ReshardDeviceOperation,8,1571.0
1415168,1,ShardedToInterleavedDeviceOperation,32,1570.0
2012160,1,ReshardDeviceOperation,8,1570.0
2052096,1,ShardedToInterleavedDeviceOperation,32,1570.0
1370112,1,ReshardDeviceOperation,8,1569.0
415744,,InterleavedToShardedDeviceOperation,32,1565.0
2033664,1,InterleavedToShardedDeviceOperation,8,1565.0
1302528,1,ShardedToInterleavedDeviceOperation,32,1563.0
1714176,1,ShardedToInterleavedDeviceOperation,32,1563.0
602112,,ReshardDeviceOperation,8,1562.0
441344,,ReshardDeviceOperation,8,1561.0
630784,,ShardedToInterleavedDeviceOperation,24,1561.0
1801216,1,ReshardDeviceOperation,8,1556.0
888832,,InterleavedToShardedDeviceOperation,32,1554.0
1674240,1,ReshardDeviceOperation,8,1554.0
428032,,ShardedToInterleavedDeviceOperation,24,1553.0
732160,,ShardedToInterleavedDeviceOperation,24,1553.0
1868800,1,ReshardDeviceOperation,8,1553.0
2079744,1,ReshardDeviceOperation,8,1548.0
1572864,1,ReshardDeviceOperation,8,1547.0
2240512,1,ReshardDeviceOperation,8,1547.0
771072,,ReshardDeviceOperation,8,1546.0
2181120,1,ReshardDeviceOperation,8,1546.0
360448,,ShardedToInterleavedDeviceOperation,24,1545.0
1539072,1,ReshardDeviceOperation,8,1540.0
1205248,,ShardedToInterleavedDeviceOperation,24,1537.0
1606656,1,ReshardDeviceOperation,8,1537.0
968704,,ShardedToInterleavedDeviceOperation,24,1536.0
855040,,InterleavedToShardedDeviceOperation,32,1534.0
1936384,1,ReshardDeviceOperation,8,1532.0
1125376,,InterleavedToShardedDeviceOperation,32,1531.0
1579008,1,ShardedToInterleavedDeviceOperation,32,1531.0
618496,,InterleavedToShardedDeviceOperation,32,1530.0
990208,,InterleavedToShardedDeviceOperation,32,1530.0
1459200,1,InterleavedToShardedDeviceOperation,8,1530.0
449536,,InterleavedToShardedDeviceOperation,32,1529.0
2214912,1,ReshardDeviceOperation,8,1525.0
1883136,1,ShardedToInterleavedDeviceOperation,32,1523.0
529408,,ShardedToInterleavedDeviceOperation,24,1522.0
1159168,,InterleavedToShardedDeviceOperation,32,1521.0
348160,,InterleavedToShardedDeviceOperation,32,1518.0
1511424,1,ShardedToInterleavedDeviceOperation,32,1516.0
1708032,1,ReshardDeviceOperation,8,1515.0
1137664,,ShardedToInterleavedDeviceOperation,24,1513.0
1036288,,ShardedToInterleavedDeviceOperation,24,1505.0
1685504,1,ShardedToInterleavedDeviceOperation,32,1503.0
765952,,ShardedToInterleavedDeviceOperation,24,1498.0
1226752,,InterleavedToShardedDeviceOperation,32,1498.0
1950720,1,ShardedToInterleavedDeviceOperation,32,1493.0
266240,,TypecastDeviceOperation,32,1492.0
1922048,1,ShardedToInterleavedDeviceOperation,32,1490.0
1192960,,InterleavedToShardedDeviceOperation,32,1489.0
278528,,TypecastDeviceOperation,1,1487.0
1443840,1,ShardedToInterleavedDeviceOperation,32,1487.0
686080,,InterleavedToShardedDeviceOperation,32,1484.0
1376256,1,ShardedToInterleavedDeviceOperation,32,1482.0
1091584,,InterleavedToShardedDeviceOperation,32,1481.0
461824,,ShardedToInterleavedDeviceOperation,24,1467.0
1262592,1,TypecastDeviceOperation,32,1467.0
1888256,1,ShardedToInterleavedDeviceOperation,32,1467.0
1898496,1,InterleavedToShardedDeviceOperation,8,1466.0
1299456,1,InterleavedToShardedDeviceOperation,32,1461.0
2187264,1,ShardedToInterleavedDeviceOperation,32,1459.0
293888,,InterleavedToShardedDeviceOperation,32,1457.0
584704,,InterleavedToShardedDeviceOperation,32,1454.0
1628160,1,InterleavedToShardedDeviceOperation,8,1442.0
1057792,,InterleavedToShardedDeviceOperation,32,1441.0
2236416,1,InterleavedToShardedDeviceOperation,8,1440.0
1550336,1,ShardedToInterleavedDeviceOperation,32,1436.0
550912,,InterleavedToShardedDeviceOperation,32,1435.0
1492992,1,InterleavedToShardedDeviceOperation,8,1434.0
1391616,1,InterleavedToShardedDeviceOperation,8,1433.0
1342464,1,ShardedToInterleavedDeviceOperation,32,1432.0
821248,,InterleavedToShardedDeviceOperation,32,1431.0
1594368,1,InterleavedToShardedDeviceOperation,8,1423.0
381952,,InterleavedToShardedDeviceOperation,32,1421.0
1545216,1,ShardedToInterleavedDeviceOperation,32,1419.0
1274880,1,TypecastDeviceOperation,1,1411.0
1661952,1,InterleavedToShardedDeviceOperation,8,1411.0
1998848,1,ShardedToInterleavedDeviceOperation,24,1410.0
1458176,1,ShardedToInterleavedDeviceOperation,24,1407.0
652288,,InterleavedToShardedDeviceOperation,32,1403.0
1425408,1,InterleavedToShardedDeviceOperation,8,1401.0
1559552,1,ShardedToInterleavedDeviceOperation,24,1401.0
2091008,1,ShardedToInterleavedDeviceOperation,32,1397.0
2100224,1,ShardedToInterleavedDeviceOperation,24,1396.0
1763328,1,InterleavedToShardedDeviceOperation,8,1390.0
1830912,1,InterleavedToShardedDeviceOperation,8,1390.0
2202624,1,InterleavedToShardedDeviceOperation,8,1390.0
2167808,1,ShardedToInterleavedDeviceOperation,24,1382.0
1783808,1,InterleavedToShardedDeviceOperation,32,1368.0
1984512,1,ShardedToInterleavedDeviceOperation,32,1366.0
1560576,1,InterleavedToShardedDeviceOperation,8,1365.0
2134016,1,ShardedToInterleavedDeviceOperation,24,1357.0
1932288,1,InterleavedToShardedDeviceOperation,8,1355.0
1797120,1,InterleavedToShardedDeviceOperation,8,1346.0
1897472,1,ShardedToInterleavedDeviceOperation,24,1336.0
462848,,InterleavedToShardedDeviceOperation,8,1331.0
1999872,1,InterleavedToShardedDeviceOperation,8,1324.0
2067456,1,InterleavedToShardedDeviceOperation,8,1324.0
598016,,InterleavedToShardedDeviceOperation,8,1313.0
1966080,1,InterleavedToShardedDeviceOperation,8,1313.0
1138688,,InterleavedToShardedDeviceOperation,8,1312.0
1525760,1,ShardedToInterleavedDeviceOperation,24,1308.0
2085888,1,ShardedToInterleavedDeviceOperation,32,1304.0
1104896,,InterleavedToShardedDeviceOperation,8,1302.0
834560,,InterleavedToShardedDeviceOperation,8,1300.0
1357824,1,InterleavedToShardedDeviceOperation,8,1300.0
902144,,InterleavedToShardedDeviceOperation,8,1294.0
327680,,InterleavedToShardedDeviceOperation,8,1291.0
935936,,InterleavedToShardedDeviceOperation,8,1288.0
969728,,InterleavedToShardedDeviceOperation,8,1288.0
800768,,InterleavedToShardedDeviceOperation,8,1282.0
766976,,InterleavedToShardedDeviceOperation,8,1277.0
631808,,InterleavedToShardedDeviceOperation,8,1270.0
1390592,1,ShardedToInterleavedDeviceOperation,24,1270.0
395264,,InterleavedToShardedDeviceOperation,8,1267.0
1206272,,InterleavedToShardedDeviceOperation,8,1267.0
1240064,,InterleavedToShardedDeviceOperation,8,1267.0
429056,,InterleavedToShardedDeviceOperation,8,1266.0
1526784,1,InterleavedToShardedDeviceOperation,8,1266.0
2121728,1,InterleavedToShardedDeviceOperation,32,1265.0
665600,,InterleavedToShardedDeviceOperation,8,1261.0
1071104,,InterleavedToShardedDeviceOperation,8,1261.0
2235392,1,ShardedToInterleavedDeviceOperation,24,1259.0
564224,,InterleavedToShardedDeviceOperation,8,1258.0
1424384,1,ShardedToInterleavedDeviceOperation,24,1257.0
496640,,InterleavedToShardedDeviceOperation,8,1255.0
1003520,,InterleavedToShardedDeviceOperation,8,1255.0
530432,,InterleavedToShardedDeviceOperation,8,1254.0
699392,,InterleavedToShardedDeviceOperation,8,1253.0
733184,,InterleavedToShardedDeviceOperation,8,1253.0
1037312,,InterleavedToShardedDeviceOperation,8,1253.0
1627136,1,ShardedToInterleavedDeviceOperation,24,1251.0
1593344,1,ShardedToInterleavedDeviceOperation,24,1249.0
361472,,InterleavedToShardedDeviceOperation,8,1247.0
1172480,,InterleavedToShardedDeviceOperation,8,1247.0
868352,,InterleavedToShardedDeviceOperation,8,1246.0
1491968,1,ShardedToInterleavedDeviceOperation,24,1245.0
2189312,1,InterleavedToShardedDeviceOperation,32,1245.0
1323008,1,ShardedToInterleavedDeviceOperation,24,1242.0
2066432,1,ShardedToInterleavedDeviceOperation,24,1239.0
1324032,1,InterleavedToShardedDeviceOperation,8,1234.0
1931264,1,ShardedToInterleavedDeviceOperation,24,1227.0
1660928,1,ShardedToInterleavedDeviceOperation,24,1217.0
2032640,1,ShardedToInterleavedDeviceOperation,24,1207.0
1479680,1,InterleavedToShardedDeviceOperation,32,1181.0
1965056,1,ShardedToInterleavedDeviceOperation,24,1177.0
2155520,1,InterleavedToShardedDeviceOperation,32,1177.0
1266688,1,InterleavedToShardedDeviceOperation,48,1174.0
1412096,1,InterleavedToShardedDeviceOperation,32,1170.0
1829888,1,ShardedToInterleavedDeviceOperation,24,1155.0
1986560,1,InterleavedToShardedDeviceOperation,32,1155.0
1614848,1,InterleavedToShardedDeviceOperation,32,1137.0
1581056,1,InterleavedToShardedDeviceOperation,32,1131.0
1796096,1,ShardedToInterleavedDeviceOperation,24,1130.0
1851392,1,InterleavedToShardedDeviceOperation,32,1118.0
1646592,1,ShardedToInterleavedDeviceOperation,32,1116.0
1762304,1,ShardedToInterleavedDeviceOperation,24,1110.0
2201600,1,ShardedToInterleavedDeviceOperation,24,1107.0
1682432,1,InterleavedToShardedDeviceOperation,32,1105.0
1863680,1,ShardedToInterleavedDeviceOperation,24,1105.0
1445888,1,InterleavedToShardedDeviceOperation,32,1104.0
270336,,InterleavedToShardedDeviceOperation,48,1101.0
1378304,1,InterleavedToShardedDeviceOperation,32,1099.0
1356800,1,ShardedToInterleavedDeviceOperation,24,1097.0
1728512,1,ShardedToInterleavedDeviceOperation,24,1097.0
1694720,1,ShardedToInterleavedDeviceOperation,24,1087.0
2087936,1,InterleavedToShardedDeviceOperation,32,1085.0
1817600,1,InterleavedToShardedDeviceOperation,32,1068.0
1750016,1,InterleavedToShardedDeviceOperation,32,1037.0
1290240,1,InterleavedToShardedDeviceOperation,32,1033.0
1885184,1,InterleavedToShardedDeviceOperation,32,1030.0
1648640,1,InterleavedToShardedDeviceOperation,32,981.0
2054144,1,InterleavedToShardedDeviceOperation,32,971.0
2223104,1,InterleavedToShardedDeviceOperation,32,937.0
2020352,1,InterleavedToShardedDeviceOperation,32,930.0
268288,,CopyDeviceOperation,1,889.0
1264640,1,CopyDeviceOperation,1,880.0
1716224,1,InterleavedToShardedDeviceOperation,32,871.0
262144,,ShardedToInterleavedDeviceOperation,1,747.0
265216,,ShardedToInterleavedDeviceOperation,1,746.0
1261568,1,ShardedToInterleavedDeviceOperation,1,737.0
1258496,1,ShardedToInterleavedDeviceOperation,1,734.0
281600,,ShardedToInterleavedDeviceOperation,2,706.0
283648,,InterleavedToShardedDeviceOperation,4,695.0
1280000,1,InterleavedToShardedDeviceOperation,4,692.0
1739776,1,BinaryNgDeviceOperation,64,617.0
2212864,1,BinaryNgDeviceOperation,64,617.0
1401856,1,BinaryNgDeviceOperation,64,615.0
1672192,1,BinaryNgDeviceOperation,64,610.0
1503232,1,BinaryNgDeviceOperation,64,609.0
1942528,1,BinaryNgDeviceOperation,64,609.0
1832960,1,BinaryNgDeviceOperation,64,608.0
1638400,1,BinaryNgDeviceOperation,64,606.0
1664000,1,BinaryNgDeviceOperation,64,605.0
1461248,1,BinaryNgDeviceOperation,64,601.0
1570816,1,BinaryNgDeviceOperation,64,601.0
1334272,1,BinaryNgDeviceOperation,64,599.0
1604608,1,BinaryNgDeviceOperation,64,599.0
2077696,1,BinaryNgDeviceOperation,64,598.0
1841152,1,BinaryNgDeviceOperation,64,596.0
2170880,1,BinaryNgDeviceOperation,64,595.0
1874944,1,BinaryNgDeviceOperation,64,594.0
2238464,1,BinaryNgDeviceOperation,64,594.0
1469440,1,BinaryNgDeviceOperation,64,593.0
1866752,1,BinaryNgDeviceOperation,64,592.0
2179072,1,BinaryNgDeviceOperation,64,592.0
1359872,1,BinaryNgDeviceOperation,64,591.0
2001920,1,BinaryNgDeviceOperation,64,589.0
2137088,1,BinaryNgDeviceOperation,64,589.0
1427456,1,BinaryNgDeviceOperation,64,588.0
1773568,1,BinaryNgDeviceOperation,64,588.0
2111488,1,BinaryNgDeviceOperation,64,588.0
2246656,1,BinaryNgDeviceOperation,64,587.0
1277952,1,ShardedToInterleavedDeviceOperation,2,584.0
1697792,1,BinaryNgDeviceOperation,64,582.0
2204672,1,BinaryNgDeviceOperation,64,582.0
1596416,1,BinaryNgDeviceOperation,64,581.0
1368064,1,BinaryNgDeviceOperation,64,580.0
1495040,1,BinaryNgDeviceOperation,64,579.0
1528832,1,BinaryNgDeviceOperation,64,578.0
1630208,1,BinaryNgDeviceOperation,64,577.0
1765376,1,BinaryNgDeviceOperation,64,576.0
2043904,1,BinaryNgDeviceOperation,64,576.0
1393664,1,BinaryNgDeviceOperation,64,575.0
1807360,1,BinaryNgDeviceOperation,64,575.0
2010112,1,BinaryNgDeviceOperation,64,574.0
2069504,1,BinaryNgDeviceOperation,64,574.0
1537024,1,BinaryNgDeviceOperation,64,573.0
1731584,1,BinaryNgDeviceOperation,64,573.0
1705984,1,BinaryNgDeviceOperation,64,572.0
2103296,1,BinaryNgDeviceOperation,64,572.0
1562624,1,BinaryNgDeviceOperation,64,571.0
1900544,1,BinaryNgDeviceOperation,64,571.0
1799168,1,BinaryNgDeviceOperation,64,570.0
2145280,1,BinaryNgDeviceOperation,64,569.0
1435648,1,BinaryNgDeviceOperation,64,568.0
1908736,1,BinaryNgDeviceOperation,64,568.0
297984,,ShardedToInterleavedDeviceOperation,4,567.0
288768,,ShardedToInterleavedDeviceOperation,4,564.0
1968128,1,BinaryNgDeviceOperation,64,564.0
1976320,1,BinaryNgDeviceOperation,64,564.0
289792,,ShardedToInterleavedDeviceOperation,4,561.0
1934336,1,BinaryNgDeviceOperation,64,559.0
2035712,1,BinaryNgDeviceOperation,64,557.0
1286144,1,ShardedToInterleavedDeviceOperation,4,532.0
1294336,1,ShardedToInterleavedDeviceOperation,4,530.0
743424,,BinaryNgDeviceOperation,64,521.0
1285120,1,ShardedToInterleavedDeviceOperation,4,520.0
506880,,BinaryNgDeviceOperation,64,508.0
439296,,BinaryNgDeviceOperation,64,507.0
769024,,BinaryNgDeviceOperation,64,506.0
1047552,,BinaryNgDeviceOperation,64,506.0
1115136,,BinaryNgDeviceOperation,64,505.0
1039360,,BinaryNgDeviceOperation,64,503.0
701440,,BinaryNgDeviceOperation,64,500.0
574464,,BinaryNgDeviceOperation,64,496.0
608256,,BinaryNgDeviceOperation,64,490.0
566272,,BinaryNgDeviceOperation,64,489.0
777216,,BinaryNgDeviceOperation,64,488.0
878592,,BinaryNgDeviceOperation,64,486.0
904192,,BinaryNgDeviceOperation,64,486.0
1081344,,BinaryNgDeviceOperation,64,486.0
642048,,BinaryNgDeviceOperation,64,485.0
675840,,BinaryNgDeviceOperation,64,485.0
937984,,BinaryNgDeviceOperation,64,485.0
405504,,BinaryNgDeviceOperation,64,482.0
337920,,BinaryNgDeviceOperation,64,481.0
600064,,BinaryNgDeviceOperation,64,481.0
1073152,,BinaryNgDeviceOperation,64,480.0
1208320,,BinaryNgDeviceOperation,64,480.0
498688,,BinaryNgDeviceOperation,64,479.0
709632,,BinaryNgDeviceOperation,64,479.0
946176,,BinaryNgDeviceOperation,64,479.0
363520,,BinaryNgDeviceOperation,64,478.0
912384,,BinaryNgDeviceOperation,64,478.0
532480,,BinaryNgDeviceOperation,64,477.0
667648,,BinaryNgDeviceOperation,64,477.0
802816,,BinaryNgDeviceOperation,64,477.0
464896,,BinaryNgDeviceOperation,64,476.0
473088,,BinaryNgDeviceOperation,64,476.0
979968,,BinaryNgDeviceOperation,64,476.0
1013760,,BinaryNgDeviceOperation,64,476.0
371712,,BinaryNgDeviceOperation,64,475.0
633856,,BinaryNgDeviceOperation,64,475.0
735232,,BinaryNgDeviceOperation,64,475.0
844800,,BinaryNgDeviceOperation,64,475.0
1216512,,BinaryNgDeviceOperation,64,475.0
1250304,,BinaryNgDeviceOperation,64,475.0
811008,,BinaryNgDeviceOperation,64,474.0
1005568,,BinaryNgDeviceOperation,64,474.0
836608,,BinaryNgDeviceOperation,64,473.0
870400,,BinaryNgDeviceOperation,64,473.0
1182720,,BinaryNgDeviceOperation,64,473.0
1148928,,BinaryNgDeviceOperation,64,471.0
971776,,BinaryNgDeviceOperation,64,470.0
431104,,BinaryNgDeviceOperation,64,469.0
540672,,BinaryNgDeviceOperation,64,468.0
1140736,,BinaryNgDeviceOperation,64,468.0
1174528,,BinaryNgDeviceOperation,64,467.0
397312,,BinaryNgDeviceOperation,64,466.0
1106944,,BinaryNgDeviceOperation,64,464.0
1242112,,BinaryNgDeviceOperation,64,463.0
