op_id,replay,op_name,cores,duration_ns
2424832,1,MatmulDeviceOperation,63,2976964.0
1391616,,MatmulDeviceOperation,64,2973720.0
1394688,,ArgMaxDeviceOperation,64,2321265.0
2427904,1,ArgMaxDeviceOperation,63,2317902.0
337920,,CopyDeviceOperation,64,844982.0
268288,,CopyDeviceOperation,64,843046.0
329728,,CopyDeviceOperation,64,826311.0
282624,,CopyDeviceOperation,64,818067.0
269312,,CopyDeviceOperation,64,816533.0
237568,,CopyDeviceOperation,64,811403.0
340992,,CopyDeviceOperation,64,810971.0
310272,,CopyDeviceOperation,64,807795.0
232448,,CopyDeviceOperation,64,806832.0
211968,,CopyDeviceOperation,64,804882.0
245760,,CopyDeviceOperation,64,801742.0
345088,,CopyDeviceOperation,64,799204.0
224256,,CopyDeviceOperation,64,798915.0
297984,,CopyDeviceOperation,64,797182.0
322560,,CopyDeviceOperation,64,795796.0
357376,,CopyDeviceOperation,64,795373.0
284672,,CopyDeviceOperation,64,793380.0
244736,,CopyDeviceOperation,64,793280.0
263168,,CopyDeviceOperation,64,792300.0
319488,,CopyDeviceOperation,64,791095.0
220160,,CopyDeviceOperation,64,790978.0
231424,,CopyDeviceOperation,64,789122.0
350208,,CopyDeviceOperation,64,789037.0
302080,,CopyDeviceOperation,64,788433.0
307200,,CopyDeviceOperation,64,785874.0
309248,,CopyDeviceOperation,64,784760.0
235520,,CopyDeviceOperation,64,783913.0
328704,,CopyDeviceOperation,64,783418.0
351232,,CopyDeviceOperation,64,782020.0
356352,,CopyDeviceOperation,64,781934.0
222208,,CopyDeviceOperation,64,778568.0
286720,,CopyDeviceOperation,64,770452.0
243712,,CopyDeviceOperation,64,611773.0
355328,,CopyDeviceOperation,64,611638.0
315392,,CopyDeviceOperation,64,611518.0
202752,,CopyDeviceOperation,64,608122.0
214016,,CopyDeviceOperation,64,607771.0
360448,,CopyDeviceOperation,64,607592.0
311296,,CopyDeviceOperation,64,606782.0
270336,,CopyDeviceOperation,64,606305.0
301056,,CopyDeviceOperation,64,606137.0
338944,,CopyDeviceOperation,64,605988.0
229376,,CopyDeviceOperation,64,605949.0
249856,,CopyDeviceOperation,64,605500.0
233472,,CopyDeviceOperation,64,605498.0
288768,,CopyDeviceOperation,64,605040.0
262144,,CopyDeviceOperation,64,604820.0
313344,,CopyDeviceOperation,64,604421.0
347136,,CopyDeviceOperation,64,603823.0
277504,,CopyDeviceOperation,64,603606.0
239616,,CopyDeviceOperation,64,603523.0
304128,,CopyDeviceOperation,64,603451.0
206848,,CopyDeviceOperation,64,602854.0
318464,,CopyDeviceOperation,64,602351.0
226304,,CopyDeviceOperation,64,602126.0
198656,,CopyDeviceOperation,64,601854.0
361472,,CopyDeviceOperation,64,601850.0
274432,,CopyDeviceOperation,64,601148.0
312320,,CopyDeviceOperation,64,600970.0
273408,,CopyDeviceOperation,64,600753.0
289792,,CopyDeviceOperation,64,600557.0
208896,,CopyDeviceOperation,64,600463.0
252928,,CopyDeviceOperation,64,600377.0
285696,,CopyDeviceOperation,64,600200.0
326656,,CopyDeviceOperation,64,600081.0
250880,,CopyDeviceOperation,64,599711.0
272384,,CopyDeviceOperation,64,599688.0
241664,,CopyDeviceOperation,64,599382.0
230400,,CopyDeviceOperation,64,599137.0
215040,,CopyDeviceOperation,64,599090.0
203776,,CopyDeviceOperation,64,598815.0
294912,,CopyDeviceOperation,64,598714.0
271360,,CopyDeviceOperation,64,598569.0
207872,,CopyDeviceOperation,64,598559.0
291840,,CopyDeviceOperation,64,598429.0
234496,,CopyDeviceOperation,64,598419.0
236544,,CopyDeviceOperation,64,598407.0
314368,,CopyDeviceOperation,64,597892.0
299008,,CopyDeviceOperation,64,597778.0
290816,,CopyDeviceOperation,64,597299.0
217088,,CopyDeviceOperation,64,597177.0
352256,,CopyDeviceOperation,64,597036.0
225280,,CopyDeviceOperation,64,596797.0
223232,,CopyDeviceOperation,64,596676.0
201728,,CopyDeviceOperation,64,596109.0
212992,,CopyDeviceOperation,64,595886.0
342016,,CopyDeviceOperation,64,595877.0
228352,,CopyDeviceOperation,64,595758.0
316416,,CopyDeviceOperation,64,595640.0
253952,,CopyDeviceOperation,64,595068.0
335872,,CopyDeviceOperation,64,595013.0
343040,,CopyDeviceOperation,64,594659.0
246784,,CopyDeviceOperation,64,594301.0
336896,,CopyDeviceOperation,64,593990.0
275456,,CopyDeviceOperation,64,593412.0
308224,,CopyDeviceOperation,64,592887.0
300032,,CopyDeviceOperation,64,411613.0
258048,,CopyDeviceOperation,64,409692.0
247808,,CopyDeviceOperation,64,406442.0
242688,,CopyDeviceOperation,64,405037.0
353280,,CopyDeviceOperation,64,404598.0
296960,,CopyDeviceOperation,64,403396.0
359424,,CopyDeviceOperation,64,403326.0
218112,,CopyDeviceOperation,64,402241.0
283648,,CopyDeviceOperation,64,401286.0
293888,,CopyDeviceOperation,64,400551.0
317440,,CopyDeviceOperation,64,400538.0
324608,,CopyDeviceOperation,64,400303.0
327680,,CopyDeviceOperation,64,398935.0
325632,,CopyDeviceOperation,64,397176.0
287744,,CopyDeviceOperation,64,396748.0
332800,,CopyDeviceOperation,64,396368.0
238592,,CopyDeviceOperation,64,395606.0
257024,,CopyDeviceOperation,64,394384.0
209920,,CopyDeviceOperation,64,393583.0
292864,,CopyDeviceOperation,64,393319.0
321536,,CopyDeviceOperation,64,393161.0
199680,,CopyDeviceOperation,64,392209.0
251904,,CopyDeviceOperation,64,391023.0
344064,,CopyDeviceOperation,64,390530.0
248832,,CopyDeviceOperation,64,390124.0
280576,,CopyDeviceOperation,64,389997.0
333824,,CopyDeviceOperation,64,388774.0
348160,,CopyDeviceOperation,64,388371.0
266240,,CopyDeviceOperation,64,386311.0
200704,,CopyDeviceOperation,64,385147.0
204800,,CopyDeviceOperation,64,384413.0
227328,,CopyDeviceOperation,64,382847.0
278528,,CopyDeviceOperation,64,280532.0
323584,,CopyDeviceOperation,64,265669.0
339968,,CopyDeviceOperation,64,264114.0
264192,,CopyDeviceOperation,64,263127.0
260096,,CopyDeviceOperation,64,262293.0
265216,,CopyDeviceOperation,64,262184.0
259072,,CopyDeviceOperation,64,261645.0
354304,,CopyDeviceOperation,64,260840.0
281600,,CopyDeviceOperation,64,260321.0
334848,,CopyDeviceOperation,64,260151.0
240640,,CopyDeviceOperation,64,259393.0
303104,,CopyDeviceOperation,64,258702.0
261120,,CopyDeviceOperation,64,258444.0
331776,,CopyDeviceOperation,64,258344.0
256000,,CopyDeviceOperation,64,258073.0
221184,,CopyDeviceOperation,64,258037.0
219136,,CopyDeviceOperation,64,257756.0
210944,,CopyDeviceOperation,64,257457.0
254976,,CopyDeviceOperation,64,256334.0
330752,,CopyDeviceOperation,64,256297.0
205824,,CopyDeviceOperation,64,256166.0
320512,,CopyDeviceOperation,64,255977.0
305152,,CopyDeviceOperation,64,255737.0
349184,,CopyDeviceOperation,64,255251.0
295936,,CopyDeviceOperation,64,255074.0
216064,,CopyDeviceOperation,64,254567.0
267264,,CopyDeviceOperation,64,254376.0
1112064,,MatmulDeviceOperation,64,253886.0
1776640,1,MatmulDeviceOperation,64,253715.0
774144,,MatmulDeviceOperation,64,253481.0
306176,,CopyDeviceOperation,64,253478.0
1530880,1,MatmulDeviceOperation,64,253286.0
1469440,1,MatmulDeviceOperation,64,253265.0
1930240,1,MatmulDeviceOperation,64,253263.0
958464,,MatmulDeviceOperation,64,253187.0
1715200,1,MatmulDeviceOperation,64,253171.0
1868800,1,MatmulDeviceOperation,64,253160.0
1561600,1,MatmulDeviceOperation,64,253158.0
2391040,1,MatmulDeviceOperation,64,253150.0
279552,,CopyDeviceOperation,64,253125.0
1050624,,MatmulDeviceOperation,64,253107.0
2206720,1,MatmulDeviceOperation,64,253067.0
2053120,1,MatmulDeviceOperation,64,253046.0
2022400,1,MatmulDeviceOperation,64,253038.0
1592320,1,MatmulDeviceOperation,64,253037.0
1204224,,MatmulDeviceOperation,64,253024.0
1357824,,MatmulDeviceOperation,64,253022.0
2298880,1,MatmulDeviceOperation,64,252991.0
897024,,MatmulDeviceOperation,64,252973.0
1653760,1,MatmulDeviceOperation,64,252945.0
1745920,1,MatmulDeviceOperation,64,252873.0
1081344,,MatmulDeviceOperation,64,252870.0
2237440,1,MatmulDeviceOperation,64,252844.0
2421760,1,MatmulDeviceOperation,63,252770.0
1960960,1,MatmulDeviceOperation,64,252769.0
1234944,,MatmulDeviceOperation,64,252735.0
1142784,,MatmulDeviceOperation,64,252718.0
1899520,1,MatmulDeviceOperation,64,252713.0
358400,,CopyDeviceOperation,64,252599.0
497664,,MatmulDeviceOperation,64,252590.0
1500160,1,MatmulDeviceOperation,64,252545.0
712704,,MatmulDeviceOperation,64,252527.0
681984,,MatmulDeviceOperation,64,252515.0
866304,,MatmulDeviceOperation,64,252514.0
466944,,MatmulDeviceOperation,64,252490.0
1623040,1,MatmulDeviceOperation,64,252470.0
2360320,1,MatmulDeviceOperation,64,252454.0
1296384,,MatmulDeviceOperation,64,252449.0
743424,,MatmulDeviceOperation,64,252438.0
528384,,MatmulDeviceOperation,64,252416.0
2083840,1,MatmulDeviceOperation,64,252414.0
2145280,1,MatmulDeviceOperation,64,252385.0
1991680,1,MatmulDeviceOperation,64,252349.0
2329600,1,MatmulDeviceOperation,64,252332.0
436224,,MatmulDeviceOperation,64,252266.0
2114560,1,MatmulDeviceOperation,64,252253.0
620544,,MatmulDeviceOperation,64,252246.0
651264,,MatmulDeviceOperation,64,252142.0
1265664,,MatmulDeviceOperation,64,252103.0
1388544,,MatmulDeviceOperation,64,252101.0
804864,,MatmulDeviceOperation,64,252081.0
1019904,,MatmulDeviceOperation,64,252069.0
2176000,1,MatmulDeviceOperation,64,252045.0
1838080,1,MatmulDeviceOperation,64,252041.0
1173504,,MatmulDeviceOperation,64,251935.0
927744,,MatmulDeviceOperation,64,251929.0
1327104,,MatmulDeviceOperation,64,251902.0
1684480,1,MatmulDeviceOperation,64,251850.0
2268160,1,MatmulDeviceOperation,64,251848.0
1807360,1,MatmulDeviceOperation,64,251831.0
989184,,MatmulDeviceOperation,64,251814.0
559104,,MatmulDeviceOperation,64,251759.0
835584,,MatmulDeviceOperation,64,251617.0
589824,,MatmulDeviceOperation,64,251549.0
346112,,CopyDeviceOperation,64,250281.0
276480,,CopyDeviceOperation,64,250236.0
1588224,1,MatmulDeviceOperation,64,144365.0
2142208,1,MatmulDeviceOperation,64,144179.0
1833984,1,MatmulDeviceOperation,64,144140.0
1680384,1,MatmulDeviceOperation,64,143967.0
1835008,1,MatmulDeviceOperation,64,143844.0
1324032,,MatmulDeviceOperation,64,143710.0
2417664,1,MatmulDeviceOperation,64,143696.0
2171904,1,MatmulDeviceOperation,64,143649.0
2172928,1,MatmulDeviceOperation,64,143646.0
1804288,1,MatmulDeviceOperation,64,143626.0
1077248,,MatmulDeviceOperation,64,143607.0
1200128,,MatmulDeviceOperation,64,143598.0
1711104,1,MatmulDeviceOperation,64,143596.0
2294784,1,MatmulDeviceOperation,64,143595.0
1323008,,MatmulDeviceOperation,64,143594.0
863232,,MatmulDeviceOperation,64,143579.0
1230848,,MatmulDeviceOperation,64,143543.0
1107968,,MatmulDeviceOperation,64,143519.0
955392,,MatmulDeviceOperation,64,143518.0
1293312,,MatmulDeviceOperation,64,143507.0
1589248,1,MatmulDeviceOperation,64,143491.0
1895424,1,MatmulDeviceOperation,64,143441.0
462848,,MatmulDeviceOperation,64,143416.0
1465344,1,MatmulDeviceOperation,64,143386.0
1496064,1,MatmulDeviceOperation,64,143375.0
1526784,1,MatmulDeviceOperation,64,143370.0
986112,,MatmulDeviceOperation,64,143368.0
1803264,1,MatmulDeviceOperation,64,143349.0
2418688,1,MatmulDeviceOperation,64,143339.0
494592,,MatmulDeviceOperation,64,143333.0
2264064,1,MatmulDeviceOperation,64,143332.0
771072,,MatmulDeviceOperation,64,143329.0
555008,,MatmulDeviceOperation,64,143326.0
2386944,1,MatmulDeviceOperation,64,143316.0
1138688,,MatmulDeviceOperation,64,143311.0
800768,,MatmulDeviceOperation,64,143308.0
708608,,MatmulDeviceOperation,64,143272.0
2018304,1,MatmulDeviceOperation,64,143271.0
1078272,,MatmulDeviceOperation,64,143266.0
2050048,1,MatmulDeviceOperation,64,143252.0
1712128,1,MatmulDeviceOperation,64,143248.0
648192,,MatmulDeviceOperation,64,143247.0
1681408,1,MatmulDeviceOperation,64,143245.0
1169408,,MatmulDeviceOperation,64,143239.0
677888,,MatmulDeviceOperation,64,143233.0
2141184,1,MatmulDeviceOperation,64,143229.0
770048,,MatmulDeviceOperation,64,143213.0
2110464,1,MatmulDeviceOperation,64,143211.0
678912,,MatmulDeviceOperation,64,143196.0
1353728,,MatmulDeviceOperation,64,143171.0
1108992,,MatmulDeviceOperation,64,143160.0
1016832,,MatmulDeviceOperation,64,143159.0
985088,,MatmulDeviceOperation,64,143145.0
647168,,MatmulDeviceOperation,64,143137.0
2049024,1,MatmulDeviceOperation,64,143132.0
2295808,1,MatmulDeviceOperation,64,143126.0
739328,,MatmulDeviceOperation,64,143123.0
1527808,1,MatmulDeviceOperation,64,143101.0
1956864,1,MatmulDeviceOperation,64,143089.0
1231872,,MatmulDeviceOperation,64,143066.0
1170432,,MatmulDeviceOperation,64,143061.0
1201152,,MatmulDeviceOperation,64,143047.0
893952,,MatmulDeviceOperation,64,143022.0
2265088,1,MatmulDeviceOperation,64,143022.0
892928,,MatmulDeviceOperation,64,142998.0
433152,,MatmulDeviceOperation,64,142985.0
1557504,1,MatmulDeviceOperation,64,142984.0
954368,,MatmulDeviceOperation,64,142983.0
832512,,MatmulDeviceOperation,64,142978.0
1046528,,MatmulDeviceOperation,64,142978.0
924672,,MatmulDeviceOperation,64,142977.0
1772544,1,MatmulDeviceOperation,64,142975.0
1864704,1,MatmulDeviceOperation,64,142973.0
2325504,1,MatmulDeviceOperation,64,142973.0
1385472,,MatmulDeviceOperation,64,142959.0
801792,,MatmulDeviceOperation,64,142936.0
1292288,,MatmulDeviceOperation,64,142930.0
463872,,MatmulDeviceOperation,64,142910.0
1957888,1,MatmulDeviceOperation,64,142908.0
1262592,,MatmulDeviceOperation,64,142902.0
432128,,MatmulDeviceOperation,64,142900.0
525312,,MatmulDeviceOperation,64,142892.0
617472,,MatmulDeviceOperation,64,142888.0
831488,,MatmulDeviceOperation,64,142886.0
1926144,1,MatmulDeviceOperation,64,142886.0
862208,,MatmulDeviceOperation,64,142884.0
1618944,1,MatmulDeviceOperation,64,142873.0
493568,,MatmulDeviceOperation,64,142869.0
1384448,,MatmulDeviceOperation,64,142867.0
2233344,1,MatmulDeviceOperation,64,142855.0
2234368,1,MatmulDeviceOperation,64,142854.0
616448,,MatmulDeviceOperation,64,142846.0
1987584,1,MatmulDeviceOperation,64,142843.0
923648,,MatmulDeviceOperation,64,142842.0
709632,,MatmulDeviceOperation,64,142841.0
1139712,,MatmulDeviceOperation,64,142820.0
1649664,1,MatmulDeviceOperation,64,142808.0
2079744,1,MatmulDeviceOperation,64,142788.0
524288,,MatmulDeviceOperation,64,142757.0
2356224,1,MatmulDeviceOperation,64,142747.0
1261568,,MatmulDeviceOperation,64,142738.0
556032,,MatmulDeviceOperation,64,142729.0
1741824,1,MatmulDeviceOperation,64,142714.0
1354752,,MatmulDeviceOperation,64,142673.0
2202624,1,MatmulDeviceOperation,64,142670.0
2326528,1,MatmulDeviceOperation,64,142644.0
586752,,MatmulDeviceOperation,64,142642.0
740352,,MatmulDeviceOperation,64,142605.0
585728,,MatmulDeviceOperation,64,142546.0
1047552,,MatmulDeviceOperation,64,142542.0
1015808,,MatmulDeviceOperation,64,142460.0
1742848,1,MatmulDeviceOperation,64,142425.0
1773568,1,MatmulDeviceOperation,64,142390.0
1497088,1,MatmulDeviceOperation,64,142387.0
2203648,1,MatmulDeviceOperation,64,142355.0
1896448,1,MatmulDeviceOperation,64,142312.0
1988608,1,MatmulDeviceOperation,64,142291.0
2111488,1,MatmulDeviceOperation,64,142289.0
1619968,1,MatmulDeviceOperation,64,142212.0
1865728,1,MatmulDeviceOperation,64,142189.0
1466368,1,MatmulDeviceOperation,64,142124.0
2080768,1,MatmulDeviceOperation,64,142097.0
2387968,1,MatmulDeviceOperation,64,142027.0
2357248,1,MatmulDeviceOperation,64,142020.0
1650688,1,MatmulDeviceOperation,64,141901.0
2019328,1,MatmulDeviceOperation,64,141844.0
1927168,1,MatmulDeviceOperation,64,141842.0
1558528,1,MatmulDeviceOperation,64,141788.0
1504256,1,MatmulDeviceOperation,64,116160.0
2026496,1,MatmulDeviceOperation,64,115906.0
2087936,1,MatmulDeviceOperation,64,115788.0
2395136,1,MatmulDeviceOperation,64,115701.0
1995776,1,MatmulDeviceOperation,64,115697.0
1657856,1,MatmulDeviceOperation,64,115668.0
2118656,1,MatmulDeviceOperation,64,115595.0
1965056,1,MatmulDeviceOperation,64,115591.0
1534976,1,MatmulDeviceOperation,64,115585.0
2180096,1,MatmulDeviceOperation,64,115562.0
1842176,1,MatmulDeviceOperation,64,115496.0
2364416,1,MatmulDeviceOperation,64,115447.0
1872896,1,MatmulDeviceOperation,64,115442.0
1473536,1,MatmulDeviceOperation,64,115426.0
624640,,MatmulDeviceOperation,64,115422.0
1208320,,MatmulDeviceOperation,64,115416.0
1811456,1,MatmulDeviceOperation,64,115397.0
2302976,1,MatmulDeviceOperation,64,115340.0
2149376,1,MatmulDeviceOperation,64,115328.0
2272256,1,MatmulDeviceOperation,64,115284.0
931840,,MatmulDeviceOperation,64,115262.0
716800,,MatmulDeviceOperation,64,115254.0
1934336,1,MatmulDeviceOperation,64,115218.0
2057216,1,MatmulDeviceOperation,64,115214.0
1361920,,MatmulDeviceOperation,64,115204.0
1565696,1,MatmulDeviceOperation,64,115195.0
2333696,1,MatmulDeviceOperation,64,115189.0
686080,,MatmulDeviceOperation,64,115184.0
375808,,MatmulDeviceOperation,64,115181.0
1903616,1,MatmulDeviceOperation,64,115162.0
2210816,1,MatmulDeviceOperation,64,115153.0
532480,,MatmulDeviceOperation,64,115146.0
1269760,,MatmulDeviceOperation,64,115137.0
655360,,MatmulDeviceOperation,64,115136.0
1177600,,MatmulDeviceOperation,64,115129.0
1596416,1,MatmulDeviceOperation,64,115115.0
993280,,MatmulDeviceOperation,64,115105.0
1331200,,MatmulDeviceOperation,64,115103.0
1300480,,MatmulDeviceOperation,64,115088.0
1054720,,MatmulDeviceOperation,64,115083.0
1688576,1,MatmulDeviceOperation,64,115072.0
440320,,MatmulDeviceOperation,64,115068.0
1085440,,MatmulDeviceOperation,64,115063.0
870400,,MatmulDeviceOperation,64,115048.0
563200,,MatmulDeviceOperation,64,115047.0
962560,,MatmulDeviceOperation,64,115016.0
1146880,,MatmulDeviceOperation,64,114987.0
1780736,1,MatmulDeviceOperation,64,114969.0
1719296,1,MatmulDeviceOperation,64,114967.0
839680,,MatmulDeviceOperation,64,114961.0
1239040,,MatmulDeviceOperation,64,114935.0
901120,,MatmulDeviceOperation,64,114930.0
1409024,1,MatmulDeviceOperation,64,114928.0
593920,,MatmulDeviceOperation,64,114925.0
501760,,MatmulDeviceOperation,64,114915.0
778240,,MatmulDeviceOperation,64,114906.0
747520,,MatmulDeviceOperation,64,114897.0
808960,,MatmulDeviceOperation,64,114894.0
1750016,1,MatmulDeviceOperation,64,114874.0
1627136,1,MatmulDeviceOperation,64,114827.0
1116160,,MatmulDeviceOperation,64,114784.0
471040,,MatmulDeviceOperation,64,114745.0
1024000,,MatmulDeviceOperation,64,114733.0
2241536,1,MatmulDeviceOperation,64,114515.0
2426880,1,UntilizeDeviceOperation,62,113509.0
1393664,,UntilizeDeviceOperation,63,112987.0
16384,,TilizeDeviceOperation,64,99267.0
88064,,TilizeDeviceOperation,64,99130.0
14336,,TilizeDeviceOperation,64,98645.0
161792,,TilizeDeviceOperation,64,98638.0
157696,,TilizeDeviceOperation,64,98373.0
94208,,TilizeDeviceOperation,64,98316.0
139264,,TilizeDeviceOperation,64,98264.0
8192,,TilizeDeviceOperation,64,98130.0
174080,,TilizeDeviceOperation,64,97938.0
102400,,TilizeDeviceOperation,64,97661.0
151552,,TilizeDeviceOperation,64,97616.0
169984,,TilizeDeviceOperation,64,97604.0
96256,,TilizeDeviceOperation,64,97467.0
57344,,TilizeDeviceOperation,64,97453.0
45056,,TilizeDeviceOperation,64,97382.0
182272,,TilizeDeviceOperation,64,97368.0
28672,,TilizeDeviceOperation,64,97352.0
163840,,TilizeDeviceOperation,64,97287.0
53248,,TilizeDeviceOperation,64,97266.0
63488,,TilizeDeviceOperation,64,97225.0
126976,,TilizeDeviceOperation,64,97106.0
40960,,TilizeDeviceOperation,64,97063.0
186368,,TilizeDeviceOperation,64,97060.0
75776,,TilizeDeviceOperation,64,97033.0
65536,,TilizeDeviceOperation,64,96913.0
34816,,TilizeDeviceOperation,64,96862.0
38912,,TilizeDeviceOperation,64,96720.0
188416,,TilizeDeviceOperation,64,96707.0
180224,,TilizeDeviceOperation,64,96672.0
192512,,TilizeDeviceOperation,64,96640.0
77824,,TilizeDeviceOperation,64,96589.0
83968,,TilizeDeviceOperation,64,96570.0
114688,,TilizeDeviceOperation,64,96548.0
137216,,TilizeDeviceOperation,64,96451.0
143360,,TilizeDeviceOperation,64,96447.0
59392,,TilizeDeviceOperation,64,96430.0
149504,,TilizeDeviceOperation,64,96384.0
71680,,TilizeDeviceOperation,64,96273.0
47104,,TilizeDeviceOperation,64,96247.0
124928,,TilizeDeviceOperation,64,96176.0
112640,,TilizeDeviceOperation,64,96167.0
120832,,TilizeDeviceOperation,64,96156.0
26624,,TilizeDeviceOperation,64,96097.0
32768,,TilizeDeviceOperation,64,96086.0
194560,,TilizeDeviceOperation,64,95981.0
51200,,TilizeDeviceOperation,64,95972.0
4096,,TilizeDeviceOperation,64,95966.0
81920,,TilizeDeviceOperation,64,95943.0
108544,,TilizeDeviceOperation,64,95922.0
106496,,TilizeDeviceOperation,64,95844.0
167936,,TilizeDeviceOperation,64,95743.0
133120,,TilizeDeviceOperation,64,95633.0
155648,,TilizeDeviceOperation,64,95410.0
20480,,TilizeDeviceOperation,64,95332.0
22528,,TilizeDeviceOperation,64,95331.0
10240,,TilizeDeviceOperation,64,95165.0
118784,,TilizeDeviceOperation,64,95124.0
2048,,TilizeDeviceOperation,64,95101.0
145408,,TilizeDeviceOperation,64,95093.0
69632,,TilizeDeviceOperation,64,95002.0
100352,,TilizeDeviceOperation,64,94848.0
90112,,TilizeDeviceOperation,64,94619.0
131072,,TilizeDeviceOperation,64,94546.0
176128,,TilizeDeviceOperation,64,94399.0
1768448,1,MatmulDeviceOperation,64,81495.0
1196032,,MatmulDeviceOperation,64,81465.0
1349632,,MatmulDeviceOperation,64,81296.0
2321408,1,MatmulDeviceOperation,64,81160.0
1522688,1,MatmulDeviceOperation,64,81150.0
1891328,1,MatmulDeviceOperation,64,81150.0
2382848,1,MatmulDeviceOperation,64,81110.0
2075648,1,MatmulDeviceOperation,64,81105.0
1318912,,MatmulDeviceOperation,64,81085.0
2044928,1,MatmulDeviceOperation,64,81061.0
2229248,1,MatmulDeviceOperation,64,81027.0
2167808,1,MatmulDeviceOperation,64,80961.0
796672,,MatmulDeviceOperation,64,80913.0
2137088,1,MatmulDeviceOperation,64,80904.0
888832,,MatmulDeviceOperation,64,80882.0
1103872,,MatmulDeviceOperation,64,80822.0
2413568,1,MatmulDeviceOperation,64,80821.0
2352128,1,MatmulDeviceOperation,64,80820.0
1380352,,MatmulDeviceOperation,64,80780.0
1073152,,MatmulDeviceOperation,64,80779.0
858112,,MatmulDeviceOperation,64,80767.0
1288192,,MatmulDeviceOperation,64,80764.0
1799168,1,MatmulDeviceOperation,64,80736.0
827392,,MatmulDeviceOperation,64,80731.0
2014208,1,MatmulDeviceOperation,64,80718.0
950272,,MatmulDeviceOperation,64,80704.0
1011712,,MatmulDeviceOperation,64,80695.0
1829888,1,MatmulDeviceOperation,64,80663.0
1165312,,MatmulDeviceOperation,64,80661.0
2259968,1,MatmulDeviceOperation,64,80656.0
550912,,MatmulDeviceOperation,64,80627.0
765952,,MatmulDeviceOperation,64,80620.0
1737728,1,MatmulDeviceOperation,64,80620.0
1983488,1,MatmulDeviceOperation,64,80597.0
1645568,1,MatmulDeviceOperation,64,80596.0
581632,,MatmulDeviceOperation,64,80590.0
1134592,,MatmulDeviceOperation,64,80584.0
1257472,,MatmulDeviceOperation,64,80582.0
520192,,MatmulDeviceOperation,64,80570.0
1860608,1,MatmulDeviceOperation,64,80566.0
1226752,,MatmulDeviceOperation,64,80562.0
735232,,MatmulDeviceOperation,64,80554.0
2198528,1,MatmulDeviceOperation,64,80488.0
428032,,MatmulDeviceOperation,64,80480.0
612352,,MatmulDeviceOperation,64,80480.0
1707008,1,MatmulDeviceOperation,64,80478.0
673792,,MatmulDeviceOperation,64,80468.0
704512,,MatmulDeviceOperation,64,80416.0
489472,,MatmulDeviceOperation,64,80413.0
1676288,1,MatmulDeviceOperation,64,80405.0
1042432,,MatmulDeviceOperation,64,80401.0
1461248,1,MatmulDeviceOperation,64,80396.0
1491968,1,MatmulDeviceOperation,64,80389.0
1584128,1,MatmulDeviceOperation,64,80385.0
458752,,MatmulDeviceOperation,64,80380.0
1553408,1,MatmulDeviceOperation,64,80347.0
643072,,MatmulDeviceOperation,64,80343.0
980992,,MatmulDeviceOperation,64,80334.0
2106368,1,MatmulDeviceOperation,64,80284.0
1922048,1,MatmulDeviceOperation,64,80214.0
1952768,1,MatmulDeviceOperation,64,80207.0
919552,,MatmulDeviceOperation,64,80203.0
1614848,1,MatmulDeviceOperation,64,80123.0
2290688,1,MatmulDeviceOperation,64,79977.0
1668096,1,SdpaDecodeDeviceOperation,64,74072.0
2405376,1,SdpaDecodeDeviceOperation,64,74064.0
2128896,1,SdpaDecodeDeviceOperation,64,73746.0
1310720,,SdpaDecodeDeviceOperation,64,72939.0
2036736,1,SdpaDecodeDeviceOperation,64,72927.0
1095680,,SdpaDecodeDeviceOperation,64,72893.0
1280000,,SdpaDecodeDeviceOperation,64,72705.0
1821696,1,SdpaDecodeDeviceOperation,64,72641.0
1514496,1,SdpaDecodeDeviceOperation,64,72529.0
415744,,SdpaDecodeDeviceOperation,64,72528.0
2221056,1,SdpaDecodeDeviceOperation,64,72436.0
1944576,1,SdpaDecodeDeviceOperation,64,72412.0
1341440,,SdpaDecodeDeviceOperation,64,72312.0
1064960,,SdpaDecodeDeviceOperation,64,72277.0
1760256,1,SdpaDecodeDeviceOperation,64,72272.0
1003520,,SdpaDecodeDeviceOperation,64,72203.0
1372160,,SdpaDecodeDeviceOperation,64,72157.0
2067456,1,SdpaDecodeDeviceOperation,64,72128.0
1729536,1,SdpaDecodeDeviceOperation,64,72106.0
2098176,1,SdpaDecodeDeviceOperation,64,72050.0
1157120,,SdpaDecodeDeviceOperation,64,72039.0
2006016,1,SdpaDecodeDeviceOperation,64,72038.0
1575936,1,SdpaDecodeDeviceOperation,64,72037.0
727040,,SdpaDecodeDeviceOperation,64,72003.0
1975296,1,SdpaDecodeDeviceOperation,64,71959.0
1606656,1,SdpaDecodeDeviceOperation,64,71880.0
819200,,SdpaDecodeDeviceOperation,64,71874.0
1249280,,SdpaDecodeDeviceOperation,64,71820.0
512000,,SdpaDecodeDeviceOperation,64,71803.0
2251776,1,SdpaDecodeDeviceOperation,64,71684.0
696320,,SdpaDecodeDeviceOperation,64,71632.0
1448960,1,SdpaDecodeDeviceOperation,64,71583.0
1637376,1,SdpaDecodeDeviceOperation,64,71526.0
1883136,1,SdpaDecodeDeviceOperation,64,71525.0
2374656,1,SdpaDecodeDeviceOperation,64,71429.0
604160,,SdpaDecodeDeviceOperation,64,71428.0
542720,,SdpaDecodeDeviceOperation,64,71426.0
665600,,SdpaDecodeDeviceOperation,64,71412.0
634880,,SdpaDecodeDeviceOperation,64,71381.0
2313216,1,SdpaDecodeDeviceOperation,64,71363.0
1913856,1,SdpaDecodeDeviceOperation,64,71325.0
2343936,1,SdpaDecodeDeviceOperation,64,71308.0
1483776,1,SdpaDecodeDeviceOperation,64,71280.0
1545216,1,SdpaDecodeDeviceOperation,64,71267.0
2159616,1,SdpaDecodeDeviceOperation,64,71262.0
1698816,1,SdpaDecodeDeviceOperation,64,71239.0
757760,,SdpaDecodeDeviceOperation,64,71226.0
849920,,SdpaDecodeDeviceOperation,64,71162.0
788480,,SdpaDecodeDeviceOperation,64,71149.0
880640,,SdpaDecodeDeviceOperation,64,71111.0
450560,,SdpaDecodeDeviceOperation,64,71077.0
481280,,SdpaDecodeDeviceOperation,64,71060.0
1187840,,SdpaDecodeDeviceOperation,64,71030.0
1218560,,SdpaDecodeDeviceOperation,64,70917.0
27648,,TypecastDeviceOperation,64,70884.0
942080,,SdpaDecodeDeviceOperation,64,70780.0
35840,,TypecastDeviceOperation,64,70616.0
84992,,TypecastDeviceOperation,64,70542.0
2282496,1,SdpaDecodeDeviceOperation,64,70466.0
1790976,1,SdpaDecodeDeviceOperation,64,70443.0
1034240,,SdpaDecodeDeviceOperation,64,70398.0
1126400,,SdpaDecodeDeviceOperation,64,70398.0
144384,,TypecastDeviceOperation,64,70391.0
193536,,TypecastDeviceOperation,64,70355.0
152576,,TypecastDeviceOperation,64,70302.0
5120,,TypecastDeviceOperation,64,70138.0
911360,,SdpaDecodeDeviceOperation,64,70127.0
103424,,TypecastDeviceOperation,64,70049.0
46080,,TypecastDeviceOperation,64,70002.0
115712,,TypecastDeviceOperation,64,69943.0
2190336,1,SdpaDecodeDeviceOperation,64,69911.0
64512,,TypecastDeviceOperation,64,69897.0
972800,,SdpaDecodeDeviceOperation,64,69880.0
183296,,TypecastDeviceOperation,64,69874.0
573440,,SdpaDecodeDeviceOperation,64,69869.0
76800,,TypecastDeviceOperation,64,69854.0
95232,,TypecastDeviceOperation,64,69801.0
1852416,1,SdpaDecodeDeviceOperation,64,69799.0
175104,,TypecastDeviceOperation,64,69698.0
164864,,TypecastDeviceOperation,64,69637.0
54272,,TypecastDeviceOperation,64,69557.0
162816,,TypecastDeviceOperation,64,69547.0
107520,,TypecastDeviceOperation,64,69536.0
66560,,TypecastDeviceOperation,64,69519.0
125952,,TypecastDeviceOperation,64,69502.0
134144,,TypecastDeviceOperation,64,69336.0
72704,,TypecastDeviceOperation,64,69321.0
121856,,TypecastDeviceOperation,64,69281.0
113664,,TypecastDeviceOperation,64,69119.0
140288,,TypecastDeviceOperation,64,69007.0
177152,,TypecastDeviceOperation,64,68993.0
181248,,TypecastDeviceOperation,64,68899.0
23552,,TypecastDeviceOperation,64,68816.0
17408,,TypecastDeviceOperation,64,68807.0
97280,,TypecastDeviceOperation,64,68699.0
171008,,TypecastDeviceOperation,64,68682.0
132096,,TypecastDeviceOperation,64,68629.0
15360,,TypecastDeviceOperation,64,68598.0
3072,,TypecastDeviceOperation,64,68589.0
9216,,TypecastDeviceOperation,64,68544.0
48128,,TypecastDeviceOperation,64,68479.0
150528,,TypecastDeviceOperation,64,68425.0
60416,,TypecastDeviceOperation,64,68414.0
168960,,TypecastDeviceOperation,64,68397.0
58368,,TypecastDeviceOperation,64,68378.0
189440,,TypecastDeviceOperation,64,68378.0
41984,,TypecastDeviceOperation,64,68324.0
101376,,TypecastDeviceOperation,64,68265.0
78848,,TypecastDeviceOperation,64,68257.0
109568,,TypecastDeviceOperation,64,68257.0
82944,,TypecastDeviceOperation,64,68226.0
52224,,TypecastDeviceOperation,64,68149.0
70656,,TypecastDeviceOperation,64,68141.0
29696,,TypecastDeviceOperation,64,68090.0
156672,,TypecastDeviceOperation,64,68052.0
89088,,TypecastDeviceOperation,64,68032.0
128000,,TypecastDeviceOperation,64,67985.0
91136,,TypecastDeviceOperation,64,67978.0
187392,,TypecastDeviceOperation,64,67972.0
146432,,TypecastDeviceOperation,64,67953.0
195584,,TypecastDeviceOperation,64,67918.0
33792,,TypecastDeviceOperation,64,67899.0
11264,,TypecastDeviceOperation,64,67800.0
39936,,TypecastDeviceOperation,64,67748.0
158720,,TypecastDeviceOperation,64,67459.0
138240,,TypecastDeviceOperation,64,67371.0
119808,,TypecastDeviceOperation,64,67240.0
21504,,TypecastDeviceOperation,64,66996.0
2425856,1,ShardedToInterleavedDeviceOperation,63,58259.0
1392640,,ShardedToInterleavedDeviceOperation,64,57880.0
1404928,1,EmbeddingsDeviceOperation,1,39766.0
371712,,EmbeddingsDeviceOperation,1,38616.0
668672,,TernaryDeviceOperation,64,26955.0
1098752,,TernaryDeviceOperation,64,26869.0
1037312,,TernaryDeviceOperation,64,26784.0
637952,,TernaryDeviceOperation,64,26781.0
852992,,TernaryDeviceOperation,64,26770.0
1283072,,TernaryDeviceOperation,64,26765.0
453632,,TernaryDeviceOperation,64,26757.0
1160192,,TernaryDeviceOperation,64,26757.0
1252352,,TernaryDeviceOperation,64,26742.0
914432,,TernaryDeviceOperation,64,26717.0
1344512,,TernaryDeviceOperation,64,26704.0
760832,,TernaryDeviceOperation,64,26703.0
484352,,TernaryDeviceOperation,64,26701.0
975872,,TernaryDeviceOperation,64,26691.0
1129472,,TernaryDeviceOperation,64,26689.0
422912,,TernaryDeviceOperation,64,26684.0
1375232,,TernaryDeviceOperation,64,26682.0
1313792,,TernaryDeviceOperation,64,26674.0
576512,,TernaryDeviceOperation,64,26673.0
945152,,TernaryDeviceOperation,64,26647.0
730112,,TernaryDeviceOperation,64,26646.0
883712,,TernaryDeviceOperation,64,26636.0
1190912,,TernaryDeviceOperation,64,26634.0
699392,,TernaryDeviceOperation,64,26615.0
1068032,,TernaryDeviceOperation,64,26611.0
1006592,,TernaryDeviceOperation,64,26604.0
607232,,TernaryDeviceOperation,64,26596.0
822272,,TernaryDeviceOperation,64,26586.0
545792,,TernaryDeviceOperation,64,26564.0
515072,,TernaryDeviceOperation,64,26523.0
1221632,,TernaryDeviceOperation,64,26517.0
791552,,TernaryDeviceOperation,64,26508.0
2162688,1,TernaryDeviceOperation,64,26095.0
1855488,1,TernaryDeviceOperation,64,25880.0
1517568,1,TernaryDeviceOperation,64,25876.0
1916928,1,TernaryDeviceOperation,64,25851.0
2316288,1,TernaryDeviceOperation,64,25720.0
1947648,1,TernaryDeviceOperation,64,25637.0
2193408,1,TernaryDeviceOperation,64,25602.0
2070528,1,TernaryDeviceOperation,64,25541.0
1609728,1,TernaryDeviceOperation,64,25505.0
1886208,1,TernaryDeviceOperation,64,25349.0
2224128,1,TernaryDeviceOperation,64,25340.0
1794048,1,TernaryDeviceOperation,64,25335.0
2039808,1,TernaryDeviceOperation,64,25334.0
1763328,1,TernaryDeviceOperation,64,25320.0
2408448,1,TernaryDeviceOperation,64,25298.0
1486848,1,TernaryDeviceOperation,64,25280.0
1701888,1,TernaryDeviceOperation,64,25204.0
2131968,1,TernaryDeviceOperation,64,25182.0
1579008,1,TernaryDeviceOperation,64,25164.0
1548288,1,TernaryDeviceOperation,64,25146.0
1671168,1,TernaryDeviceOperation,64,25129.0
2254848,1,TernaryDeviceOperation,64,25120.0
1732608,1,TernaryDeviceOperation,64,25088.0
1640448,1,TernaryDeviceOperation,64,25082.0
1824768,1,TernaryDeviceOperation,64,25058.0
2101248,1,TernaryDeviceOperation,64,25054.0
1978368,1,TernaryDeviceOperation,64,25002.0
1456128,1,TernaryDeviceOperation,64,24951.0
2347008,1,TernaryDeviceOperation,64,24871.0
2009088,1,TernaryDeviceOperation,64,24838.0
2285568,1,TernaryDeviceOperation,64,24815.0
1434624,1,TernaryDeviceOperation,64,24754.0
2377728,1,TernaryDeviceOperation,64,24733.0
401408,,TernaryDeviceOperation,64,24678.0
2243584,1,NLPCreateQKVHeadsDecodeDeviceOperation,32,20691.0
1905664,1,NLPCreateQKVHeadsDecodeDeviceOperation,32,20345.0
1537024,1,NLPCreateQKVHeadsDecodeDeviceOperation,32,20331.0
2028544,1,NLPCreateQKVHeadsDecodeDeviceOperation,32,20323.0
2397184,1,NLPCreateQKVHeadsDecodeDeviceOperation,32,20318.0
2335744,1,NLPCreateQKVHeadsDecodeDeviceOperation,32,20276.0
2305024,1,NLPCreateQKVHeadsDecodeDeviceOperation,32,20173.0
1967104,1,NLPCreateQKVHeadsDecodeDeviceOperation,32,20150.0
2274304,1,NLPCreateQKVHeadsDecodeDeviceOperation,32,20148.0
1629184,1,NLPCreateQKVHeadsDecodeDeviceOperation,32,20014.0
1598464,1,NLPCreateQKVHeadsDecodeDeviceOperation,32,20007.0
1997824,1,NLPCreateQKVHeadsDecodeDeviceOperation,32,19943.0
1659904,1,NLPCreateQKVHeadsDecodeDeviceOperation,32,19793.0
1936384,1,NLPCreateQKVHeadsDecodeDeviceOperation,32,19771.0
903168,,NLPCreateQKVHeadsDecodeDeviceOperation,32,19701.0
442368,,NLPCreateQKVHeadsDecodeDeviceOperation,32,19683.0
964608,,NLPCreateQKVHeadsDecodeDeviceOperation,32,19683.0
534528,,NLPCreateQKVHeadsDecodeDeviceOperation,32,19677.0
1179648,,NLPCreateQKVHeadsDecodeDeviceOperation,32,19669.0
1026048,,NLPCreateQKVHeadsDecodeDeviceOperation,32,19666.0
377856,,NLPCreateQKVHeadsDecodeDeviceOperation,32,19664.0
1333248,,NLPCreateQKVHeadsDecodeDeviceOperation,32,19661.0
657408,,NLPCreateQKVHeadsDecodeDeviceOperation,32,19651.0
811008,,NLPCreateQKVHeadsDecodeDeviceOperation,32,19647.0
473088,,NLPCreateQKVHeadsDecodeDeviceOperation,32,19637.0
1210368,,NLPCreateQKVHeadsDecodeDeviceOperation,32,19632.0
626688,,NLPCreateQKVHeadsDecodeDeviceOperation,32,19631.0
933888,,NLPCreateQKVHeadsDecodeDeviceOperation,32,19628.0
780288,,NLPCreateQKVHeadsDecodeDeviceOperation,32,19621.0
1241088,,NLPCreateQKVHeadsDecodeDeviceOperation,32,19620.0
1056768,,NLPCreateQKVHeadsDecodeDeviceOperation,32,19616.0
749568,,NLPCreateQKVHeadsDecodeDeviceOperation,32,19614.0
565248,,NLPCreateQKVHeadsDecodeDeviceOperation,32,19611.0
1363968,,NLPCreateQKVHeadsDecodeDeviceOperation,32,19609.0
872448,,NLPCreateQKVHeadsDecodeDeviceOperation,32,19606.0
841728,,NLPCreateQKVHeadsDecodeDeviceOperation,32,19603.0
718848,,NLPCreateQKVHeadsDecodeDeviceOperation,32,19600.0
595968,,NLPCreateQKVHeadsDecodeDeviceOperation,32,19598.0
1087488,,NLPCreateQKVHeadsDecodeDeviceOperation,32,19593.0
1302528,,NLPCreateQKVHeadsDecodeDeviceOperation,32,19591.0
1148928,,NLPCreateQKVHeadsDecodeDeviceOperation,32,19581.0
2081792,1,BinaryNgDeviceOperation,64,19581.0
503808,,NLPCreateQKVHeadsDecodeDeviceOperation,32,19578.0
995328,,NLPCreateQKVHeadsDecodeDeviceOperation,32,19569.0
1271808,,NLPCreateQKVHeadsDecodeDeviceOperation,32,19559.0
688128,,NLPCreateQKVHeadsDecodeDeviceOperation,32,19557.0
1118208,,NLPCreateQKVHeadsDecodeDeviceOperation,32,19555.0
1690624,1,NLPCreateQKVHeadsDecodeDeviceOperation,32,19544.0
2020352,1,BinaryNgDeviceOperation,64,19393.0
2327552,1,BinaryNgDeviceOperation,64,19393.0
1743872,1,BinaryNgDeviceOperation,64,19391.0
1528832,1,BinaryNgDeviceOperation,64,19390.0
2112512,1,BinaryNgDeviceOperation,64,19387.0
2235392,1,BinaryNgDeviceOperation,64,19387.0
1559552,1,BinaryNgDeviceOperation,64,19385.0
1897472,1,BinaryNgDeviceOperation,64,19383.0
2173952,1,BinaryNgDeviceOperation,64,19383.0
2358272,1,BinaryNgDeviceOperation,64,19383.0
2204672,1,BinaryNgDeviceOperation,64,19382.0
1682432,1,BinaryNgDeviceOperation,64,19380.0
1651712,1,BinaryNgDeviceOperation,64,19378.0
1713152,1,BinaryNgDeviceOperation,64,19378.0
1467392,1,BinaryNgDeviceOperation,64,19374.0
1989632,1,BinaryNgDeviceOperation,64,19374.0
1928192,1,BinaryNgDeviceOperation,64,19373.0
1958912,1,BinaryNgDeviceOperation,64,19371.0
1620992,1,BinaryNgDeviceOperation,64,19370.0
1590272,1,BinaryNgDeviceOperation,64,19368.0
1774592,1,BinaryNgDeviceOperation,64,19368.0
1866752,1,BinaryNgDeviceOperation,64,19368.0
2143232,1,BinaryNgDeviceOperation,64,19368.0
2296832,1,BinaryNgDeviceOperation,64,19368.0
2419712,1,BinaryNgDeviceOperation,63,19362.0
1805312,1,BinaryNgDeviceOperation,64,19360.0
2388992,1,BinaryNgDeviceOperation,64,19360.0
1836032,1,BinaryNgDeviceOperation,64,19352.0
2051072,1,BinaryNgDeviceOperation,64,19346.0
1498112,1,BinaryNgDeviceOperation,64,19345.0
2266112,1,BinaryNgDeviceOperation,64,19324.0
434176,,BinaryNgDeviceOperation,64,19312.0
495616,,BinaryNgDeviceOperation,64,19305.0
864256,,BinaryNgDeviceOperation,64,19303.0
1752064,1,NLPCreateQKVHeadsDecodeDeviceOperation,32,19300.0
618496,,BinaryNgDeviceOperation,64,19298.0
679936,,BinaryNgDeviceOperation,64,19297.0
772096,,BinaryNgDeviceOperation,64,19293.0
587776,,BinaryNgDeviceOperation,64,19290.0
894976,,BinaryNgDeviceOperation,64,19289.0
802816,,BinaryNgDeviceOperation,64,19288.0
1232896,,BinaryNgDeviceOperation,64,19285.0
1506304,1,NLPCreateQKVHeadsDecodeDeviceOperation,32,19282.0
1017856,,BinaryNgDeviceOperation,64,19281.0
526336,,BinaryNgDeviceOperation,64,19278.0
1202176,,BinaryNgDeviceOperation,64,19277.0
1355776,,BinaryNgDeviceOperation,64,19277.0
1079296,,BinaryNgDeviceOperation,64,19274.0
1386496,,BinaryNgDeviceOperation,64,19274.0
464896,,BinaryNgDeviceOperation,64,19270.0
710656,,BinaryNgDeviceOperation,64,19268.0
1048576,,BinaryNgDeviceOperation,64,19268.0
649216,,BinaryNgDeviceOperation,64,19264.0
1110016,,BinaryNgDeviceOperation,64,19263.0
1294336,,BinaryNgDeviceOperation,64,19263.0
1325056,,BinaryNgDeviceOperation,64,19263.0
956416,,BinaryNgDeviceOperation,64,19261.0
1475584,1,NLPCreateQKVHeadsDecodeDeviceOperation,32,19261.0
741376,,BinaryNgDeviceOperation,64,19260.0
833536,,BinaryNgDeviceOperation,64,19260.0
1263616,,BinaryNgDeviceOperation,64,19260.0
987136,,BinaryNgDeviceOperation,64,19258.0
1171456,,BinaryNgDeviceOperation,64,19257.0
557056,,BinaryNgDeviceOperation,64,19251.0
1813504,1,NLPCreateQKVHeadsDecodeDeviceOperation,32,19249.0
925696,,BinaryNgDeviceOperation,64,19247.0
1140736,,BinaryNgDeviceOperation,64,19237.0
1411072,1,NLPCreateQKVHeadsDecodeDeviceOperation,32,19226.0
2151424,1,NLPCreateQKVHeadsDecodeDeviceOperation,32,19226.0
1844224,1,NLPCreateQKVHeadsDecodeDeviceOperation,32,19223.0
1874944,1,NLPCreateQKVHeadsDecodeDeviceOperation,32,19219.0
2120704,1,NLPCreateQKVHeadsDecodeDeviceOperation,32,19202.0
2059264,1,NLPCreateQKVHeadsDecodeDeviceOperation,32,19196.0
1721344,1,NLPCreateQKVHeadsDecodeDeviceOperation,32,19192.0
2212864,1,NLPCreateQKVHeadsDecodeDeviceOperation,32,19188.0
2182144,1,NLPCreateQKVHeadsDecodeDeviceOperation,32,19187.0
1567744,1,NLPCreateQKVHeadsDecodeDeviceOperation,32,19185.0
1782784,1,NLPCreateQKVHeadsDecodeDeviceOperation,32,19177.0
2089984,1,NLPCreateQKVHeadsDecodeDeviceOperation,32,19169.0
2366464,1,NLPCreateQKVHeadsDecodeDeviceOperation,32,19145.0
411648,,TilizeDeviceOperation,32,16800.0
1464320,1,LayerNormDeviceOperation,8,16658.0
1937408,1,PagedUpdateCacheDeviceOperation,32,16649.0
689152,,PagedUpdateCacheDeviceOperation,32,16604.0
2403328,1,PagedUpdateCacheDeviceOperation,32,16405.0
1512448,1,PagedUpdateCacheDeviceOperation,32,16363.0
369664,,ReshapeViewDeviceOperation,64,16351.0
1402880,1,ReshapeViewDeviceOperation,64,16212.0
2034688,1,PagedUpdateCacheDeviceOperation,32,16165.0
1635328,1,PagedUpdateCacheDeviceOperation,32,16158.0
1783808,1,PagedUpdateCacheDeviceOperation,32,16119.0
663552,,PagedUpdateCacheDeviceOperation,32,16089.0
2126848,1,PagedUpdateCacheDeviceOperation,32,15987.0
1660928,1,PagedUpdateCacheDeviceOperation,32,15960.0
1149952,,PagedUpdateCacheDeviceOperation,32,15936.0
1942528,1,PagedUpdateCacheDeviceOperation,32,15895.0
1875968,1,PagedUpdateCacheDeviceOperation,32,15852.0
2398208,1,PagedUpdateCacheDeviceOperation,32,15712.0
2003968,1,PagedUpdateCacheDeviceOperation,32,15696.0
1911808,1,PagedUpdateCacheDeviceOperation,32,15689.0
1413120,1,PagedUpdateCacheDeviceOperation,32,15637.0
1088512,,PagedUpdateCacheDeviceOperation,32,15627.0
540672,,PagedUpdateCacheDeviceOperation,32,15623.0
2065408,1,PagedUpdateCacheDeviceOperation,32,15571.0
1968128,1,PagedUpdateCacheDeviceOperation,32,15563.0
1124352,,PagedUpdateCacheDeviceOperation,32,15561.0
847872,,PagedUpdateCacheDeviceOperation,32,15560.0
2219008,1,PagedUpdateCacheDeviceOperation,32,15536.0
2121728,1,PagedUpdateCacheDeviceOperation,32,15525.0
2280448,1,PagedUpdateCacheDeviceOperation,32,15521.0
1819648,1,PagedUpdateCacheDeviceOperation,32,15489.0
504832,,PagedUpdateCacheDeviceOperation,32,15433.0
909312,,PagedUpdateCacheDeviceOperation,32,15428.0
1696768,1,PagedUpdateCacheDeviceOperation,32,15428.0
786432,,PagedUpdateCacheDeviceOperation,32,15396.0
1211392,,PagedUpdateCacheDeviceOperation,32,15393.0
873472,,PagedUpdateCacheDeviceOperation,32,15383.0
1906688,1,PagedUpdateCacheDeviceOperation,32,15342.0
1845248,1,PagedUpdateCacheDeviceOperation,32,15334.0
509952,,PagedUpdateCacheDeviceOperation,32,15305.0
812032,,PagedUpdateCacheDeviceOperation,32,15290.0
1666048,1,PagedUpdateCacheDeviceOperation,32,15285.0
1538048,1,PagedUpdateCacheDeviceOperation,32,15261.0
1630208,1,PagedUpdateCacheDeviceOperation,32,15258.0
1001472,,PagedUpdateCacheDeviceOperation,32,15220.0
2213888,1,PagedUpdateCacheDeviceOperation,32,15219.0
1881088,1,PagedUpdateCacheDeviceOperation,32,15214.0
1850368,1,PagedUpdateCacheDeviceOperation,32,15160.0
1247232,,PagedUpdateCacheDeviceOperation,32,15146.0
2244608,1,PagedUpdateCacheDeviceOperation,32,15136.0
750592,,PagedUpdateCacheDeviceOperation,32,15124.0
571392,,PagedUpdateCacheDeviceOperation,32,15110.0
2157568,1,PagedUpdateCacheDeviceOperation,32,15109.0
1568768,1,PagedUpdateCacheDeviceOperation,32,15072.0
1242112,,PagedUpdateCacheDeviceOperation,32,15062.0
1722368,1,PagedUpdateCacheDeviceOperation,32,15049.0
2341888,1,PagedUpdateCacheDeviceOperation,32,15048.0
1758208,1,PagedUpdateCacheDeviceOperation,32,15037.0
694272,,PagedUpdateCacheDeviceOperation,32,15034.0
965632,,PagedUpdateCacheDeviceOperation,32,15023.0
1727488,1,PagedUpdateCacheDeviceOperation,32,15002.0
431104,,LayerNormDeviceOperation,8,14997.0
2275328,1,PagedUpdateCacheDeviceOperation,32,14985.0
1604608,1,PagedUpdateCacheDeviceOperation,32,14968.0
2029568,1,PagedUpdateCacheDeviceOperation,32,14956.0
1032192,,PagedUpdateCacheDeviceOperation,32,14937.0
878592,,PagedUpdateCacheDeviceOperation,32,14935.0
443392,,PagedUpdateCacheDeviceOperation,32,14904.0
2367488,1,PagedUpdateCacheDeviceOperation,32,14884.0
1339392,,PagedUpdateCacheDeviceOperation,32,14860.0
2183168,1,PagedUpdateCacheDeviceOperation,32,14860.0
2096128,1,PagedUpdateCacheDeviceOperation,32,14848.0
397312,,PagedUpdateCacheDeviceOperation,32,14810.0
1691648,1,PagedUpdateCacheDeviceOperation,32,14810.0
781312,,PagedUpdateCacheDeviceOperation,32,14795.0
719872,,PagedUpdateCacheDeviceOperation,32,14784.0
632832,,PagedUpdateCacheDeviceOperation,32,14777.0
627712,,PagedUpdateCacheDeviceOperation,32,14773.0
566272,,PagedUpdateCacheDeviceOperation,32,14753.0
1573888,1,PagedUpdateCacheDeviceOperation,32,14700.0
2060288,1,PagedUpdateCacheDeviceOperation,32,14669.0
1062912,,PagedUpdateCacheDeviceOperation,32,14664.0
448512,,PagedUpdateCacheDeviceOperation,32,14656.0
596992,,PagedUpdateCacheDeviceOperation,32,14656.0
1364992,,PagedUpdateCacheDeviceOperation,32,14655.0
934912,,PagedUpdateCacheDeviceOperation,32,14638.0
904192,,PagedUpdateCacheDeviceOperation,32,14629.0
474112,,PagedUpdateCacheDeviceOperation,32,14610.0
379904,,PagedUpdateCacheDeviceOperation,32,14609.0
1027072,,PagedUpdateCacheDeviceOperation,32,14606.0
1430528,1,PagedUpdateCacheDeviceOperation,32,14599.0
1481728,1,PagedUpdateCacheDeviceOperation,32,14593.0
2306048,1,PagedUpdateCacheDeviceOperation,32,14592.0
970752,,PagedUpdateCacheDeviceOperation,32,14584.0
602112,,PagedUpdateCacheDeviceOperation,32,14580.0
817152,,PagedUpdateCacheDeviceOperation,32,14576.0
1599488,1,PagedUpdateCacheDeviceOperation,32,14558.0
1973248,1,PagedUpdateCacheDeviceOperation,32,14538.0
2311168,1,PagedUpdateCacheDeviceOperation,32,14534.0
1277952,,PagedUpdateCacheDeviceOperation,32,14533.0
1308672,,PagedUpdateCacheDeviceOperation,32,14522.0
1155072,,PagedUpdateCacheDeviceOperation,32,14516.0
940032,,PagedUpdateCacheDeviceOperation,32,14508.0
1057792,,PagedUpdateCacheDeviceOperation,32,14501.0
1180672,,PagedUpdateCacheDeviceOperation,32,14470.0
1303552,,PagedUpdateCacheDeviceOperation,32,14466.0
1476608,1,PagedUpdateCacheDeviceOperation,32,14465.0
535552,,PagedUpdateCacheDeviceOperation,32,14455.0
1334272,,PagedUpdateCacheDeviceOperation,32,14454.0
479232,,PagedUpdateCacheDeviceOperation,32,14445.0
1370112,,PagedUpdateCacheDeviceOperation,32,14407.0
2188288,1,PagedUpdateCacheDeviceOperation,32,14402.0
724992,,PagedUpdateCacheDeviceOperation,32,14399.0
996352,,PagedUpdateCacheDeviceOperation,32,14378.0
1093632,,PagedUpdateCacheDeviceOperation,32,14364.0
2372608,1,PagedUpdateCacheDeviceOperation,32,14357.0
1272832,,PagedUpdateCacheDeviceOperation,32,14351.0
2152448,1,PagedUpdateCacheDeviceOperation,32,14328.0
2249728,1,PagedUpdateCacheDeviceOperation,32,14297.0
658432,,PagedUpdateCacheDeviceOperation,32,14289.0
1507328,1,PagedUpdateCacheDeviceOperation,32,14286.0
1998848,1,PagedUpdateCacheDeviceOperation,32,14281.0
1753088,1,PagedUpdateCacheDeviceOperation,32,14257.0
2091008,1,PagedUpdateCacheDeviceOperation,32,14214.0
1216512,,PagedUpdateCacheDeviceOperation,32,14207.0
842752,,PagedUpdateCacheDeviceOperation,32,14190.0
1119232,,PagedUpdateCacheDeviceOperation,32,14186.0
755712,,PagedUpdateCacheDeviceOperation,32,14179.0
1185792,,PagedUpdateCacheDeviceOperation,32,14172.0
1788928,1,PagedUpdateCacheDeviceOperation,32,14170.0
2336768,1,PagedUpdateCacheDeviceOperation,32,14110.0
1814528,1,PagedUpdateCacheDeviceOperation,32,14082.0
1543168,1,PagedUpdateCacheDeviceOperation,32,13960.0
1985536,1,LayerNormDeviceOperation,64,13427.0
1406976,1,LayerNormDeviceOperation,64,13386.0
404480,,TilizeWithValPaddingDeviceOperation,32,13348.0
1437696,1,TilizeWithValPaddingDeviceOperation,32,13286.0
1831936,1,LayerNormDeviceOperation,64,13250.0
2139136,1,LayerNormDeviceOperation,64,13238.0
1524736,1,LayerNormDeviceOperation,64,13235.0
1089536,,RotaryEmbeddingDeviceOperation,32,13174.0
2292736,1,LayerNormDeviceOperation,64,13169.0
628736,,RotaryEmbeddingDeviceOperation,32,13138.0
1678336,1,LayerNormDeviceOperation,64,13071.0
505856,,RotaryEmbeddingDeviceOperation,32,12993.0
787456,,RotaryEmbeddingDeviceOperation,32,12986.0
1217536,,RotaryEmbeddingDeviceOperation,32,12952.0
935936,,RotaryEmbeddingDeviceOperation,32,12951.0
971776,,RotaryEmbeddingDeviceOperation,32,12938.0
2200576,1,LayerNormDeviceOperation,64,12935.0
598016,,RotaryEmbeddingDeviceOperation,32,12916.0
1248256,,RotaryEmbeddingDeviceOperation,32,12910.0
1125376,,RotaryEmbeddingDeviceOperation,32,12902.0
813056,,RotaryEmbeddingDeviceOperation,32,12887.0
2208768,1,LayerNormDeviceOperation,64,12885.0
1555456,1,LayerNormDeviceOperation,64,12884.0
1717248,1,LayerNormDeviceOperation,64,12875.0
2077696,1,LayerNormDeviceOperation,64,12875.0
1801216,1,LayerNormDeviceOperation,64,12873.0
1094656,,RotaryEmbeddingDeviceOperation,32,12870.0
1594368,1,LayerNormDeviceOperation,64,12870.0
818176,,RotaryEmbeddingDeviceOperation,32,12868.0
1709056,1,LayerNormDeviceOperation,64,12867.0
1563648,1,LayerNormDeviceOperation,64,12866.0
2055168,1,LayerNormDeviceOperation,64,12865.0
2024448,1,LayerNormDeviceOperation,64,12863.0
2393088,1,LayerNormDeviceOperation,64,12862.0
1471488,1,LayerNormDeviceOperation,64,12861.0
2354176,1,LayerNormDeviceOperation,64,12860.0
1625088,1,LayerNormDeviceOperation,64,12859.0
1770496,1,LayerNormDeviceOperation,64,12859.0
407552,,RotaryEmbeddingDeviceOperation,32,12858.0
1963008,1,LayerNormDeviceOperation,64,12858.0
2270208,1,LayerNormDeviceOperation,64,12858.0
1778688,1,LayerNormDeviceOperation,64,12857.0
2415616,1,LayerNormDeviceOperation,64,12857.0
475136,,RotaryEmbeddingDeviceOperation,32,12856.0
1028096,,RotaryEmbeddingDeviceOperation,32,12856.0
1840128,1,LayerNormDeviceOperation,64,12856.0
2323456,1,LayerNormDeviceOperation,64,12856.0
1747968,1,LayerNormDeviceOperation,64,12855.0
2384896,1,LayerNormDeviceOperation,64,12854.0
1273856,,RotaryEmbeddingDeviceOperation,32,12849.0
2108416,1,LayerNormDeviceOperation,64,12843.0
2331648,1,LayerNormDeviceOperation,64,12843.0
1893376,1,LayerNormDeviceOperation,64,12840.0
2116608,1,LayerNormDeviceOperation,64,12839.0
2147328,1,LayerNormDeviceOperation,64,12839.0
2362368,1,LayerNormDeviceOperation,64,12837.0
1063936,,RotaryEmbeddingDeviceOperation,32,12835.0
2239488,1,LayerNormDeviceOperation,64,12833.0
2178048,1,LayerNormDeviceOperation,64,12832.0
782336,,RotaryEmbeddingDeviceOperation,32,12831.0
1532928,1,LayerNormDeviceOperation,64,12829.0
1494016,1,LayerNormDeviceOperation,64,12828.0
1502208,1,LayerNormDeviceOperation,64,12828.0
1901568,1,LayerNormDeviceOperation,64,12828.0
1655808,1,LayerNormDeviceOperation,64,12827.0
1932288,1,LayerNormDeviceOperation,64,12826.0
2046976,1,LayerNormDeviceOperation,64,12826.0
2423808,1,LayerNormDeviceOperation,63,12820.0
1304576,,RotaryEmbeddingDeviceOperation,32,12818.0
2016256,1,LayerNormDeviceOperation,64,12817.0
2262016,1,LayerNormDeviceOperation,64,12817.0
2231296,1,LayerNormDeviceOperation,64,12815.0
1647616,1,LayerNormDeviceOperation,64,12813.0
1870848,1,LayerNormDeviceOperation,64,12813.0
1924096,1,LayerNormDeviceOperation,64,12813.0
1686528,1,LayerNormDeviceOperation,64,12810.0
2085888,1,LayerNormDeviceOperation,64,12809.0
572416,,RotaryEmbeddingDeviceOperation,32,12802.0
2300928,1,LayerNormDeviceOperation,64,12802.0
1993728,1,LayerNormDeviceOperation,64,12801.0
1809408,1,LayerNormDeviceOperation,64,12800.0
1371136,,RotaryEmbeddingDeviceOperation,32,12799.0
1586176,1,LayerNormDeviceOperation,64,12799.0
1156096,,RotaryEmbeddingDeviceOperation,32,12798.0
2169856,1,LayerNormDeviceOperation,64,12798.0
1739776,1,LayerNormDeviceOperation,64,12794.0
720896,,RotaryEmbeddingDeviceOperation,32,12786.0
1616896,1,LayerNormDeviceOperation,64,12786.0
1862656,1,LayerNormDeviceOperation,64,12781.0
449536,,RotaryEmbeddingDeviceOperation,32,12769.0
1954816,1,LayerNormDeviceOperation,64,12768.0
664576,,RotaryEmbeddingDeviceOperation,32,12762.0
1278976,,RotaryEmbeddingDeviceOperation,32,12750.0
751616,,RotaryEmbeddingDeviceOperation,32,12743.0
843776,,RotaryEmbeddingDeviceOperation,32,12727.0
874496,,RotaryEmbeddingDeviceOperation,32,12716.0
1309696,,RotaryEmbeddingDeviceOperation,32,12716.0
659456,,RotaryEmbeddingDeviceOperation,32,12702.0
879616,,RotaryEmbeddingDeviceOperation,32,12698.0
603136,,RotaryEmbeddingDeviceOperation,32,12697.0
997376,,RotaryEmbeddingDeviceOperation,32,12694.0
905216,,RotaryEmbeddingDeviceOperation,32,12690.0
1212416,,RotaryEmbeddingDeviceOperation,32,12690.0
1033216,,RotaryEmbeddingDeviceOperation,32,12688.0
726016,,RotaryEmbeddingDeviceOperation,32,12686.0
510976,,RotaryEmbeddingDeviceOperation,32,12681.0
480256,,RotaryEmbeddingDeviceOperation,32,12678.0
690176,,RotaryEmbeddingDeviceOperation,32,12676.0
695296,,RotaryEmbeddingDeviceOperation,32,12666.0
567296,,RotaryEmbeddingDeviceOperation,32,12658.0
1058816,,RotaryEmbeddingDeviceOperation,32,12640.0
941056,,RotaryEmbeddingDeviceOperation,32,12635.0
1340416,,RotaryEmbeddingDeviceOperation,32,12626.0
393216,,RotaryEmbeddingDeviceOperation,32,12623.0
910336,,RotaryEmbeddingDeviceOperation,32,12608.0
966656,,RotaryEmbeddingDeviceOperation,32,12574.0
1002496,,RotaryEmbeddingDeviceOperation,32,12563.0
1335296,,RotaryEmbeddingDeviceOperation,32,12543.0
1186816,,RotaryEmbeddingDeviceOperation,32,12538.0
536576,,RotaryEmbeddingDeviceOperation,32,12521.0
756736,,RotaryEmbeddingDeviceOperation,32,12521.0
444416,,RotaryEmbeddingDeviceOperation,32,12517.0
1150976,,RotaryEmbeddingDeviceOperation,32,12516.0
1243136,,RotaryEmbeddingDeviceOperation,32,12496.0
1181696,,RotaryEmbeddingDeviceOperation,32,12488.0
1366016,,RotaryEmbeddingDeviceOperation,32,12482.0
1120256,,RotaryEmbeddingDeviceOperation,32,12473.0
848896,,RotaryEmbeddingDeviceOperation,32,12472.0
541696,,RotaryEmbeddingDeviceOperation,32,12428.0
1907712,1,RotaryEmbeddingDeviceOperation,32,12380.0
1815552,1,RotaryEmbeddingDeviceOperation,32,12311.0
2276352,1,RotaryEmbeddingDeviceOperation,32,12230.0
1661952,1,RotaryEmbeddingDeviceOperation,32,12226.0
633856,,RotaryEmbeddingDeviceOperation,32,12206.0
1784832,1,RotaryEmbeddingDeviceOperation,32,12195.0
2066432,1,RotaryEmbeddingDeviceOperation,32,12193.0
1539072,1,RotaryEmbeddingDeviceOperation,32,12188.0
2061312,1,RotaryEmbeddingDeviceOperation,32,12166.0
2092032,1,RotaryEmbeddingDeviceOperation,32,12166.0
1728512,1,RotaryEmbeddingDeviceOperation,32,12164.0
1477632,1,RotaryEmbeddingDeviceOperation,32,12156.0
2214912,1,RotaryEmbeddingDeviceOperation,32,12128.0
1876992,1,RotaryEmbeddingDeviceOperation,32,12120.0
1969152,1,RotaryEmbeddingDeviceOperation,32,12081.0
1569792,1,RotaryEmbeddingDeviceOperation,32,12077.0
1754112,1,RotaryEmbeddingDeviceOperation,32,12072.0
2368512,1,RotaryEmbeddingDeviceOperation,32,12066.0
1692672,1,RotaryEmbeddingDeviceOperation,32,12063.0
2220032,1,RotaryEmbeddingDeviceOperation,32,12020.0
1759232,1,RotaryEmbeddingDeviceOperation,32,12015.0
2399232,1,RotaryEmbeddingDeviceOperation,32,12015.0
2404352,1,RotaryEmbeddingDeviceOperation,32,12010.0
2153472,1,RotaryEmbeddingDeviceOperation,32,11978.0
2122752,1,RotaryEmbeddingDeviceOperation,32,11976.0
1938432,1,RotaryEmbeddingDeviceOperation,32,11975.0
2342912,1,RotaryEmbeddingDeviceOperation,32,11952.0
2127872,1,RotaryEmbeddingDeviceOperation,32,11940.0
1631232,1,RotaryEmbeddingDeviceOperation,32,11939.0
2307072,1,RotaryEmbeddingDeviceOperation,32,11931.0
2035712,1,RotaryEmbeddingDeviceOperation,32,11902.0
1513472,1,RotaryEmbeddingDeviceOperation,32,11899.0
1667072,1,RotaryEmbeddingDeviceOperation,32,11898.0
2184192,1,RotaryEmbeddingDeviceOperation,32,11898.0
1508352,1,RotaryEmbeddingDeviceOperation,32,11863.0
1600512,1,RotaryEmbeddingDeviceOperation,32,11835.0
1789952,1,RotaryEmbeddingDeviceOperation,32,11830.0
1426432,1,RotaryEmbeddingDeviceOperation,32,11828.0
2337792,1,RotaryEmbeddingDeviceOperation,32,11820.0
1605632,1,RotaryEmbeddingDeviceOperation,32,11812.0
1846272,1,RotaryEmbeddingDeviceOperation,32,11804.0
2030592,1,RotaryEmbeddingDeviceOperation,32,11775.0
1013760,,LayerNormDeviceOperation,64,11773.0
926720,,ReshardDeviceOperation,8,11757.0
105472,,TilizeWithValPaddingDeviceOperation,43,11754.0
675840,,LayerNormDeviceOperation,64,11731.0
1267712,,LayerNormDeviceOperation,64,11729.0
1228800,,LayerNormDeviceOperation,64,11728.0
806912,,LayerNormDeviceOperation,64,11725.0
552960,,LayerNormDeviceOperation,64,11724.0
561152,,LayerNormDeviceOperation,64,11723.0
591872,,LayerNormDeviceOperation,64,11721.0
768000,,LayerNormDeviceOperation,64,11721.0
860160,,LayerNormDeviceOperation,64,11720.0
952320,,LayerNormDeviceOperation,64,11719.0
468992,,LayerNormDeviceOperation,64,11716.0
1144832,,LayerNormDeviceOperation,64,11716.0
1021952,,LayerNormDeviceOperation,64,11715.0
1136640,,LayerNormDeviceOperation,64,11714.0
1114112,,LayerNormDeviceOperation,64,11712.0
1175552,,LayerNormDeviceOperation,64,11711.0
530432,,LayerNormDeviceOperation,64,11710.0
614400,,LayerNormDeviceOperation,64,11710.0
991232,,LayerNormDeviceOperation,64,11707.0
460800,,LayerNormDeviceOperation,64,11706.0
921600,,LayerNormDeviceOperation,64,11706.0
558080,,ReshardDeviceOperation,8,11705.0
868352,,LayerNormDeviceOperation,64,11705.0
1206272,,LayerNormDeviceOperation,64,11703.0
1320960,,LayerNormDeviceOperation,64,11703.0
776192,,LayerNormDeviceOperation,64,11701.0
983040,,LayerNormDeviceOperation,64,11700.0
522240,,LayerNormDeviceOperation,64,11698.0
1052672,,LayerNormDeviceOperation,64,11697.0
1044480,,LayerNormDeviceOperation,64,11696.0
899072,,LayerNormDeviceOperation,64,11695.0
890880,,LayerNormDeviceOperation,64,11694.0
1083392,,LayerNormDeviceOperation,64,11694.0
737280,,LayerNormDeviceOperation,64,11693.0
745472,,LayerNormDeviceOperation,64,11693.0
798720,,LayerNormDeviceOperation,64,11693.0
1167360,,LayerNormDeviceOperation,64,11692.0
829440,,LayerNormDeviceOperation,64,11691.0
1390592,,LayerNormDeviceOperation,64,11690.0
1298432,,LayerNormDeviceOperation,64,11688.0
1440768,1,RotaryEmbeddingDeviceOperation,32,11688.0
1290240,,LayerNormDeviceOperation,64,11686.0
706560,,LayerNormDeviceOperation,64,11685.0
1075200,,LayerNormDeviceOperation,64,11685.0
837632,,LayerNormDeviceOperation,64,11683.0
929792,,LayerNormDeviceOperation,64,11683.0
1329152,,LayerNormDeviceOperation,64,11682.0
622592,,LayerNormDeviceOperation,64,11681.0
684032,,LayerNormDeviceOperation,64,11679.0
196608,,TilizeWithValPaddingDeviceOperation,43,11678.0
960512,,LayerNormDeviceOperation,64,11678.0
1351680,,LayerNormDeviceOperation,64,11678.0
583680,,LayerNormDeviceOperation,64,11677.0
714752,,LayerNormDeviceOperation,64,11676.0
653312,,LayerNormDeviceOperation,64,11675.0
1105920,,LayerNormDeviceOperation,64,11667.0
645120,,LayerNormDeviceOperation,64,11665.0
1359872,,LayerNormDeviceOperation,64,11665.0
499712,,LayerNormDeviceOperation,64,11662.0
1259520,,LayerNormDeviceOperation,64,11662.0
491520,,LayerNormDeviceOperation,64,11661.0
438272,,LayerNormDeviceOperation,64,11659.0
1882112,1,RotaryEmbeddingDeviceOperation,32,11656.0
1382400,,LayerNormDeviceOperation,64,11655.0
1198080,,LayerNormDeviceOperation,64,11647.0
2245632,1,RotaryEmbeddingDeviceOperation,32,11645.0
1723392,1,RotaryEmbeddingDeviceOperation,32,11644.0
2281472,1,RotaryEmbeddingDeviceOperation,32,11644.0
18432,,TilizeWithValPaddingDeviceOperation,43,11641.0
1236992,,LayerNormDeviceOperation,64,11639.0
1999872,1,RotaryEmbeddingDeviceOperation,32,11638.0
2097152,1,RotaryEmbeddingDeviceOperation,32,11632.0
1141760,,ReshardDeviceOperation,8,11627.0
373760,,LayerNormDeviceOperation,64,11626.0
2158592,1,RotaryEmbeddingDeviceOperation,32,11624.0
1636352,1,RotaryEmbeddingDeviceOperation,32,11620.0
86016,,TilizeWithValPaddingDeviceOperation,43,11597.0
160768,,TilizeWithValPaddingDeviceOperation,43,11594.0
123904,,TilizeWithValPaddingDeviceOperation,43,11587.0
110592,,TilizeWithValPaddingDeviceOperation,43,11585.0
184320,,TilizeWithValPaddingDeviceOperation,43,11577.0
148480,,TilizeWithValPaddingDeviceOperation,43,11569.0
2250752,1,RotaryEmbeddingDeviceOperation,32,11564.0
93184,,TilizeWithValPaddingDeviceOperation,43,11553.0
1482752,1,RotaryEmbeddingDeviceOperation,32,11550.0
153600,,TilizeWithValPaddingDeviceOperation,43,11539.0
1326080,,ReshardDeviceOperation,8,11537.0
773120,,ReshardDeviceOperation,8,11527.0
1990656,1,ReshardDeviceOperation,8,11527.0
435200,,ReshardDeviceOperation,8,11522.0
19456,,TilizeWithValPaddingDeviceOperation,43,11507.0
98304,,TilizeWithValPaddingDeviceOperation,43,11507.0
1387520,,ReshardDeviceOperation,8,11501.0
988160,,ReshardDeviceOperation,8,11495.0
834560,,ReshardDeviceOperation,8,11494.0
99328,,TilizeWithValPaddingDeviceOperation,43,11492.0
197632,,TilizeWithValPaddingDeviceOperation,43,11491.0
24576,,TilizeWithValPaddingDeviceOperation,43,11490.0
74752,,TilizeWithValPaddingDeviceOperation,43,11483.0
178176,,TilizeWithValPaddingDeviceOperation,43,11480.0
122880,,TilizeWithValPaddingDeviceOperation,43,11478.0
37888,,TilizeWithValPaddingDeviceOperation,43,11474.0
619520,,ReshardDeviceOperation,8,11472.0
179200,,TilizeWithValPaddingDeviceOperation,43,11471.0
166912,,TilizeWithValPaddingDeviceOperation,43,11470.0
1080320,,ReshardDeviceOperation,8,11470.0
135168,,TilizeWithValPaddingDeviceOperation,43,11469.0
173056,,TilizeWithValPaddingDeviceOperation,43,11468.0
496640,,ReshardDeviceOperation,8,11463.0
117760,,TilizeWithValPaddingDeviceOperation,43,11457.0
147456,,TilizeWithValPaddingDeviceOperation,43,11441.0
742400,,ReshardDeviceOperation,8,11438.0
129024,,TilizeWithValPaddingDeviceOperation,43,11433.0
1943552,1,RotaryEmbeddingDeviceOperation,32,11424.0
44032,,TilizeWithValPaddingDeviceOperation,43,11422.0
1697792,1,RotaryEmbeddingDeviceOperation,32,11420.0
1652736,1,ReshardDeviceOperation,8,11416.0
1974272,1,RotaryEmbeddingDeviceOperation,32,11415.0
1820672,1,RotaryEmbeddingDeviceOperation,32,11412.0
1233920,,ReshardDeviceOperation,8,11411.0
1356800,,ReshardDeviceOperation,8,11409.0
2420736,1,ReshardDeviceOperation,7,11406.0
1851392,1,RotaryEmbeddingDeviceOperation,32,11403.0
803840,,ReshardDeviceOperation,8,11391.0
104448,,TilizeWithValPaddingDeviceOperation,43,11389.0
1049600,,ReshardDeviceOperation,8,11389.0
165888,,TilizeWithValPaddingDeviceOperation,43,11388.0
43008,,TilizeWithValPaddingDeviceOperation,43,11379.0
185344,,TilizeWithValPaddingDeviceOperation,43,11373.0
56320,,TilizeWithValPaddingDeviceOperation,43,11372.0
49152,,TilizeWithValPaddingDeviceOperation,43,11371.0
159744,,TilizeWithValPaddingDeviceOperation,43,11367.0
7168,,TilizeWithValPaddingDeviceOperation,43,11359.0
67584,,TilizeWithValPaddingDeviceOperation,43,11359.0
111616,,TilizeWithValPaddingDeviceOperation,43,11355.0
1529856,1,ReshardDeviceOperation,8,11351.0
1912832,1,RotaryEmbeddingDeviceOperation,32,11345.0
1574912,1,RotaryEmbeddingDeviceOperation,32,11340.0
1295360,,ReshardDeviceOperation,8,11332.0
680960,,ReshardDeviceOperation,8,11331.0
61440,,TilizeWithValPaddingDeviceOperation,43,11330.0
191488,,TilizeWithValPaddingDeviceOperation,43,11329.0
2312192,1,RotaryEmbeddingDeviceOperation,32,11327.0
2113536,1,ReshardDeviceOperation,8,11323.0
2189312,1,RotaryEmbeddingDeviceOperation,32,11323.0
190464,,TilizeWithValPaddingDeviceOperation,43,11322.0
92160,,TilizeWithValPaddingDeviceOperation,43,11318.0
865280,,ReshardDeviceOperation,8,11315.0
1744896,1,ReshardDeviceOperation,8,11313.0
1929216,1,ReshardDeviceOperation,8,11313.0
1024,,TilizeWithValPaddingDeviceOperation,43,11312.0
154624,,TilizeWithValPaddingDeviceOperation,43,11307.0
116736,,TilizeWithValPaddingDeviceOperation,43,11300.0
1622016,1,ReshardDeviceOperation,8,11293.0
6144,,TilizeWithValPaddingDeviceOperation,43,11289.0
1806336,1,ReshardDeviceOperation,8,11288.0
896000,,ReshardDeviceOperation,8,11286.0
141312,,TilizeWithValPaddingDeviceOperation,43,11283.0
588800,,ReshardDeviceOperation,8,11280.0
30720,,TilizeWithValPaddingDeviceOperation,43,11279.0
142336,,TilizeWithValPaddingDeviceOperation,43,11264.0
87040,,TilizeWithValPaddingDeviceOperation,43,11257.0
25600,,TilizeWithValPaddingDeviceOperation,43,11256.0
55296,,TilizeWithValPaddingDeviceOperation,43,11255.0
36864,,TilizeWithValPaddingDeviceOperation,43,11252.0
1018880,,ReshardDeviceOperation,8,11249.0
73728,,TilizeWithValPaddingDeviceOperation,43,11248.0
2144256,1,ReshardDeviceOperation,8,11247.0
172032,,TilizeWithValPaddingDeviceOperation,43,11236.0
1468416,1,ReshardDeviceOperation,8,11235.0
1172480,,ReshardDeviceOperation,8,11233.0
2390016,1,ReshardDeviceOperation,8,11232.0
957440,,ReshardDeviceOperation,8,11231.0
1591296,1,ReshardDeviceOperation,8,11229.0
12288,,TilizeWithValPaddingDeviceOperation,43,11227.0
62464,,TilizeWithValPaddingDeviceOperation,43,11227.0
527360,,ReshardDeviceOperation,8,11221.0
1264640,,ReshardDeviceOperation,8,11219.0
2174976,1,ReshardDeviceOperation,8,11219.0
80896,,TilizeWithValPaddingDeviceOperation,43,11217.0
1867776,1,ReshardDeviceOperation,8,11209.0
136192,,TilizeWithValPaddingDeviceOperation,43,11205.0
50176,,TilizeWithValPaddingDeviceOperation,43,11197.0
2373632,1,RotaryEmbeddingDeviceOperation,32,11193.0
1959936,1,ReshardDeviceOperation,8,11187.0
68608,,TilizeWithValPaddingDeviceOperation,43,11185.0
130048,,TilizeWithValPaddingDeviceOperation,43,11180.0
31744,,TilizeWithValPaddingDeviceOperation,43,11178.0
711680,,ReshardDeviceOperation,8,11176.0
2328576,1,ReshardDeviceOperation,8,11166.0
79872,,TilizeWithValPaddingDeviceOperation,43,11165.0
2297856,1,ReshardDeviceOperation,8,11157.0
1560576,1,ReshardDeviceOperation,8,11156.0
1203200,,ReshardDeviceOperation,8,11141.0
1898496,1,ReshardDeviceOperation,8,11127.0
1111040,,ReshardDeviceOperation,8,11125.0
13312,,TilizeWithValPaddingDeviceOperation,43,11122.0
1544192,1,RotaryEmbeddingDeviceOperation,32,11101.0
2205696,1,ReshardDeviceOperation,8,11089.0
2021376,1,ReshardDeviceOperation,8,11067.0
2267136,1,ReshardDeviceOperation,8,11054.0
2082816,1,ReshardDeviceOperation,8,11050.0
2052096,1,ReshardDeviceOperation,8,11046.0
1683456,1,ReshardDeviceOperation,8,11039.0
1714176,1,ReshardDeviceOperation,8,11018.0
1775616,1,ReshardDeviceOperation,8,11008.0
650240,,ReshardDeviceOperation,8,10978.0
2236416,1,ReshardDeviceOperation,8,10977.0
465920,,ReshardDeviceOperation,8,10961.0
1837056,1,ReshardDeviceOperation,8,10901.0
2359296,1,ReshardDeviceOperation,8,10879.0
2004992,1,RotaryEmbeddingDeviceOperation,32,10877.0
1499136,1,ReshardDeviceOperation,8,10687.0
1452032,1,FillPadDeviceOperation,64,9699.0
418816,,FillPadDeviceOperation,64,9594.0
1444864,1,TilizeDeviceOperation,32,9167.0
420864,,BinaryNgDeviceOperation,64,8759.0
1454080,1,BinaryNgDeviceOperation,64,7354.0
2072576,1,NLPConcatHeadsDecodeDeviceOperation,32,7015.0
793600,,NLPConcatHeadsDecodeDeviceOperation,32,6865.0
732160,,NLPConcatHeadsDecodeDeviceOperation,32,6850.0
1008640,,NLPConcatHeadsDecodeDeviceOperation,32,6835.0
885760,,NLPConcatHeadsDecodeDeviceOperation,32,6832.0
1070080,,NLPConcatHeadsDecodeDeviceOperation,32,6830.0
1285120,,NLPConcatHeadsDecodeDeviceOperation,32,6813.0
455680,,NLPConcatHeadsDecodeDeviceOperation,32,6812.0
947200,,NLPConcatHeadsDecodeDeviceOperation,32,6808.0
670720,,NLPConcatHeadsDecodeDeviceOperation,32,6787.0
1431552,1,TilizeWithValPaddingDeviceOperation,1,6786.0
1377280,,NLPConcatHeadsDecodeDeviceOperation,32,6775.0
1162240,,NLPConcatHeadsDecodeDeviceOperation,32,6769.0
609280,,NLPConcatHeadsDecodeDeviceOperation,32,6768.0
1254400,,NLPConcatHeadsDecodeDeviceOperation,32,6756.0
1192960,,NLPConcatHeadsDecodeDeviceOperation,32,6755.0
1315840,,NLPConcatHeadsDecodeDeviceOperation,32,6747.0
1223680,,NLPConcatHeadsDecodeDeviceOperation,32,6746.0
855040,,NLPConcatHeadsDecodeDeviceOperation,32,6744.0
640000,,NLPConcatHeadsDecodeDeviceOperation,32,6733.0
486400,,NLPConcatHeadsDecodeDeviceOperation,32,6712.0
1398784,1,TilizeWithValPaddingDeviceOperation,1,6711.0
578560,,NLPConcatHeadsDecodeDeviceOperation,32,6709.0
547840,,NLPConcatHeadsDecodeDeviceOperation,32,6703.0
451584,,TypecastDeviceOperation,64,6693.0
916480,,NLPConcatHeadsDecodeDeviceOperation,32,6692.0
1039360,,NLPConcatHeadsDecodeDeviceOperation,32,6668.0
824320,,NLPConcatHeadsDecodeDeviceOperation,32,6664.0
424960,,NLPConcatHeadsDecodeDeviceOperation,32,6663.0
762880,,NLPConcatHeadsDecodeDeviceOperation,32,6663.0
517120,,NLPConcatHeadsDecodeDeviceOperation,32,6657.0
1131520,,NLPConcatHeadsDecodeDeviceOperation,32,6655.0
977920,,NLPConcatHeadsDecodeDeviceOperation,32,6648.0
1100800,,NLPConcatHeadsDecodeDeviceOperation,32,6632.0
362496,,TilizeWithValPaddingDeviceOperation,1,6625.0
1415168,1,TilizeWithValPaddingDeviceOperation,1,6623.0
416768,,TypecastDeviceOperation,64,6618.0
365568,,TilizeWithValPaddingDeviceOperation,1,6609.0
701440,,NLPConcatHeadsDecodeDeviceOperation,32,6608.0
1395712,1,TilizeWithValPaddingDeviceOperation,1,6595.0
1346560,,NLPConcatHeadsDecodeDeviceOperation,32,6581.0
2314240,1,TypecastDeviceOperation,64,6573.0
1734656,1,NLPConcatHeadsDecodeDeviceOperation,32,6501.0
398336,,TilizeWithValPaddingDeviceOperation,1,6469.0
2318336,1,NLPConcatHeadsDecodeDeviceOperation,32,6465.0
2283520,1,TypecastDeviceOperation,64,6461.0
1703936,1,NLPConcatHeadsDecodeDeviceOperation,32,6441.0
381952,,TilizeWithValPaddingDeviceOperation,1,6428.0
1576960,1,TypecastDeviceOperation,64,6419.0
1949696,1,NLPConcatHeadsDecodeDeviceOperation,32,6401.0
2256896,1,NLPConcatHeadsDecodeDeviceOperation,32,6397.0
1611776,1,NLPConcatHeadsDecodeDeviceOperation,32,6356.0
1311744,,TypecastDeviceOperation,64,6352.0
1004544,,TypecastDeviceOperation,64,6313.0
1281024,,TypecastDeviceOperation,64,6278.0
2103296,1,NLPConcatHeadsDecodeDeviceOperation,32,6264.0
697344,,TypecastDeviceOperation,64,6252.0
513024,,TypecastDeviceOperation,64,6241.0
574464,,TypecastDeviceOperation,64,6226.0
2099200,1,TypecastDeviceOperation,64,6212.0
2007040,1,TypecastDeviceOperation,64,6197.0
2344960,1,TypecastDeviceOperation,64,6196.0
1796096,1,NLPConcatHeadsDecodeDeviceOperation,32,6194.0
2068480,1,TypecastDeviceOperation,64,6175.0
1581056,1,NLPConcatHeadsDecodeDeviceOperation,32,6174.0
1373184,,TypecastDeviceOperation,64,6161.0
1219584,,TypecastDeviceOperation,64,6154.0
2375680,1,TypecastDeviceOperation,64,6142.0
666624,,TypecastDeviceOperation,64,6131.0
1449984,1,TypecastDeviceOperation,64,6130.0
1546240,1,TypecastDeviceOperation,64,6113.0
728064,,TypecastDeviceOperation,64,6097.0
2011136,1,NLPConcatHeadsDecodeDeviceOperation,32,6090.0
1035264,,TypecastDeviceOperation,64,6033.0
2379776,1,NLPConcatHeadsDecodeDeviceOperation,32,6024.0
1699840,1,TypecastDeviceOperation,64,6015.0
1488896,1,NLPConcatHeadsDecodeDeviceOperation,32,6001.0
1884160,1,TypecastDeviceOperation,64,5986.0
881664,,TypecastDeviceOperation,64,5979.0
2041856,1,NLPConcatHeadsDecodeDeviceOperation,32,5977.0
820224,,TypecastDeviceOperation,64,5972.0
2226176,1,NLPConcatHeadsDecodeDeviceOperation,32,5970.0
2195456,1,NLPConcatHeadsDecodeDeviceOperation,32,5953.0
850944,,TypecastDeviceOperation,64,5950.0
758784,,TypecastDeviceOperation,64,5939.0
1765376,1,NLPConcatHeadsDecodeDeviceOperation,32,5934.0
1519616,1,NLPConcatHeadsDecodeDeviceOperation,32,5926.0
635904,,TypecastDeviceOperation,64,5919.0
943104,,TypecastDeviceOperation,64,5916.0
1250304,,TypecastDeviceOperation,64,5903.0
1853440,1,TypecastDeviceOperation,64,5903.0
2406400,1,TypecastDeviceOperation,64,5896.0
1669120,1,TypecastDeviceOperation,64,5885.0
1342464,,TypecastDeviceOperation,64,5878.0
912384,,TypecastDeviceOperation,64,5874.0
1945600,1,TypecastDeviceOperation,64,5868.0
2349056,1,NLPConcatHeadsDecodeDeviceOperation,32,5865.0
1188864,,TypecastDeviceOperation,64,5847.0
1980416,1,NLPConcatHeadsDecodeDeviceOperation,32,5846.0
2410496,1,NLPConcatHeadsDecodeDeviceOperation,32,5839.0
2222080,1,TypecastDeviceOperation,64,5836.0
1826816,1,NLPConcatHeadsDecodeDeviceOperation,32,5830.0
1857536,1,NLPConcatHeadsDecodeDeviceOperation,32,5804.0
1158144,,TypecastDeviceOperation,64,5800.0
1761280,1,TypecastDeviceOperation,64,5800.0
1127424,,TypecastDeviceOperation,64,5792.0
1673216,1,NLPConcatHeadsDecodeDeviceOperation,32,5792.0
789504,,TypecastDeviceOperation,64,5782.0
2134016,1,NLPConcatHeadsDecodeDeviceOperation,32,5775.0
1976320,1,TypecastDeviceOperation,64,5774.0
2255872,1,TypecastDeviceOperation,64,5764.0
543744,,TypecastDeviceOperation,64,5757.0
1918976,1,NLPConcatHeadsDecodeDeviceOperation,32,5757.0
482304,,TypecastDeviceOperation,64,5746.0
2129920,1,TypecastDeviceOperation,64,5744.0
1515520,1,TypecastDeviceOperation,64,5743.0
1442816,1,UntilizeWithUnpaddingDeviceOperation,32,5741.0
1550336,1,NLPConcatHeadsDecodeDeviceOperation,32,5737.0
1607680,1,TypecastDeviceOperation,64,5734.0
1888256,1,NLPConcatHeadsDecodeDeviceOperation,32,5710.0
2160640,1,TypecastDeviceOperation,64,5710.0
2287616,1,NLPConcatHeadsDecodeDeviceOperation,32,5700.0
2348032,1,TypecastDeviceOperation,64,5695.0
2191360,1,TypecastDeviceOperation,64,5693.0
1638400,1,TypecastDeviceOperation,64,5685.0
973824,,TypecastDeviceOperation,64,5681.0
1484800,1,TypecastDeviceOperation,64,5674.0
1642496,1,NLPConcatHeadsDecodeDeviceOperation,32,5664.0
1065984,,TypecastDeviceOperation,64,5649.0
1096704,,TypecastDeviceOperation,64,5621.0
605184,,TypecastDeviceOperation,64,5611.0
1458176,1,NLPConcatHeadsDecodeDeviceOperation,32,5602.0
1792000,1,TypecastDeviceOperation,64,5598.0
1610752,1,TypecastDeviceOperation,64,5575.0
2252800,1,TypecastDeviceOperation,64,5570.0
1914880,1,TypecastDeviceOperation,64,5564.0
1730560,1,TypecastDeviceOperation,64,5517.0
2037760,1,TypecastDeviceOperation,64,5517.0
1822720,1,TypecastDeviceOperation,64,5460.0
2317312,1,TypecastDeviceOperation,64,5426.0
1445888,1,InterleavedToShardedDeviceOperation,32,5420.0
1487872,1,TypecastDeviceOperation,64,5416.0
1580032,1,TypecastDeviceOperation,64,5401.0
1733632,1,TypecastDeviceOperation,64,5394.0
1518592,1,TypecastDeviceOperation,64,5377.0
1948672,1,TypecastDeviceOperation,64,5376.0
409600,,UntilizeWithUnpaddingDeviceOperation,32,5367.0
2164736,1,NLPConcatHeadsDecodeDeviceOperation,32,5356.0
1702912,1,TypecastDeviceOperation,64,5343.0
2132992,1,TypecastDeviceOperation,64,5340.0
1979392,1,TypecastDeviceOperation,64,5335.0
2010112,1,TypecastDeviceOperation,64,5327.0
1917952,1,TypecastDeviceOperation,64,5324.0
854016,,TypecastDeviceOperation,64,5320.0
2040832,1,TypecastDeviceOperation,64,5319.0
419840,,ReduceDeviceOperation,32,5304.0
2286592,1,TypecastDeviceOperation,64,5273.0
2409472,1,TypecastDeviceOperation,64,5270.0
1856512,1,TypecastDeviceOperation,64,5246.0
2378752,1,TypecastDeviceOperation,64,5235.0
1795072,1,TypecastDeviceOperation,64,5221.0
406528,,TypecastDeviceOperation,64,5215.0
2102272,1,TypecastDeviceOperation,64,5211.0
976896,,TypecastDeviceOperation,64,5210.0
1069056,,TypecastDeviceOperation,64,5208.0
1764352,1,TypecastDeviceOperation,64,5200.0
1641472,1,TypecastDeviceOperation,64,5187.0
1284096,,TypecastDeviceOperation,64,5180.0
2194432,1,TypecastDeviceOperation,64,5179.0
1007616,,TypecastDeviceOperation,64,5178.0
884736,,TypecastDeviceOperation,64,5174.0
946176,,TypecastDeviceOperation,64,5171.0
1191936,,TypecastDeviceOperation,64,5170.0
638976,,TypecastDeviceOperation,64,5167.0
608256,,TypecastDeviceOperation,64,5164.0
1549312,1,TypecastDeviceOperation,64,5163.0
1376256,,TypecastDeviceOperation,64,5155.0
1253376,,TypecastDeviceOperation,64,5153.0
2225152,1,TypecastDeviceOperation,64,5153.0
546816,,TypecastDeviceOperation,64,5140.0
915456,,TypecastDeviceOperation,64,5133.0
1672192,1,TypecastDeviceOperation,64,5130.0
454656,,TypecastDeviceOperation,64,5129.0
1161216,,TypecastDeviceOperation,64,5128.0
1222656,,TypecastDeviceOperation,64,5128.0
1345536,,TypecastDeviceOperation,64,5118.0
731136,,TypecastDeviceOperation,64,5116.0
1314816,,TypecastDeviceOperation,64,5116.0
423936,,TypecastDeviceOperation,64,5115.0
761856,,TypecastDeviceOperation,64,5114.0
413696,,TypecastDeviceOperation,64,5108.0
1099776,,TypecastDeviceOperation,64,5107.0
485376,,TypecastDeviceOperation,64,5103.0
669696,,TypecastDeviceOperation,64,5103.0
1038336,,TypecastDeviceOperation,64,5098.0
1130496,,TypecastDeviceOperation,64,5095.0
1453056,1,ReduceDeviceOperation,32,5095.0
1887232,1,TypecastDeviceOperation,64,5093.0
792576,,TypecastDeviceOperation,64,5081.0
823296,,TypecastDeviceOperation,64,5079.0
516096,,TypecastDeviceOperation,64,5078.0
577536,,TypecastDeviceOperation,64,5070.0
700416,,TypecastDeviceOperation,64,5053.0
1439744,1,TypecastDeviceOperation,64,5041.0
1457152,1,TypecastDeviceOperation,64,5031.0
1825792,1,TypecastDeviceOperation,64,5002.0
2163712,1,TypecastDeviceOperation,64,4997.0
2071552,1,TypecastDeviceOperation,64,4980.0
1446912,1,TypecastDeviceOperation,64,4909.0
544768,,InterleavedToShardedDeviceOperation,32,4334.0
759808,,InterleavedToShardedDeviceOperation,32,4334.0
483328,,InterleavedToShardedDeviceOperation,32,4292.0
452608,,InterleavedToShardedDeviceOperation,32,4278.0
667648,,InterleavedToShardedDeviceOperation,32,4265.0
882688,,InterleavedToShardedDeviceOperation,32,4265.0
421888,,InterleavedToShardedDeviceOperation,32,4200.0
606208,,InterleavedToShardedDeviceOperation,32,4200.0
851968,,InterleavedToShardedDeviceOperation,32,4169.0
1455104,1,InterleavedToShardedDeviceOperation,32,4138.0
2161664,1,InterleavedToShardedDeviceOperation,32,4136.0
1854464,1,InterleavedToShardedDeviceOperation,32,4115.0
2100224,1,InterleavedToShardedDeviceOperation,32,4097.0
1343488,,InterleavedToShardedDeviceOperation,32,4080.0
698368,,InterleavedToShardedDeviceOperation,32,4039.0
1159168,,InterleavedToShardedDeviceOperation,32,4036.0
1282048,,InterleavedToShardedDeviceOperation,32,4030.0
1670144,1,InterleavedToShardedDeviceOperation,32,4029.0
821248,,InterleavedToShardedDeviceOperation,32,4028.0
575488,,InterleavedToShardedDeviceOperation,32,4024.0
1097728,,InterleavedToShardedDeviceOperation,32,4024.0
974848,,InterleavedToShardedDeviceOperation,32,4019.0
1700864,1,InterleavedToShardedDeviceOperation,32,4007.0
1251328,,InterleavedToShardedDeviceOperation,32,4005.0
514048,,InterleavedToShardedDeviceOperation,32,4002.0
944128,,InterleavedToShardedDeviceOperation,32,3998.0
1220608,,InterleavedToShardedDeviceOperation,32,3993.0
2284544,1,InterleavedToShardedDeviceOperation,32,3965.0
1374208,,InterleavedToShardedDeviceOperation,32,3963.0
2345984,1,InterleavedToShardedDeviceOperation,32,3905.0
790528,,InterleavedToShardedDeviceOperation,32,3903.0
2223104,1,InterleavedToShardedDeviceOperation,32,3893.0
913408,,InterleavedToShardedDeviceOperation,32,3891.0
1189888,,InterleavedToShardedDeviceOperation,32,3869.0
636928,,InterleavedToShardedDeviceOperation,32,3862.0
2069504,1,InterleavedToShardedDeviceOperation,32,3852.0
1977344,1,InterleavedToShardedDeviceOperation,32,3850.0
1128448,,InterleavedToShardedDeviceOperation,32,3840.0
729088,,InterleavedToShardedDeviceOperation,32,3838.0
1005568,,InterleavedToShardedDeviceOperation,32,3818.0
1603584,1,InterleavedToShardedDeviceOperation,32,3809.0
1885184,1,InterleavedToShardedDeviceOperation,32,3798.0
1915904,1,InterleavedToShardedDeviceOperation,32,3796.0
1036288,,InterleavedToShardedDeviceOperation,32,3792.0
1793024,1,InterleavedToShardedDeviceOperation,32,3785.0
1312768,,InterleavedToShardedDeviceOperation,32,3782.0
1067008,,InterleavedToShardedDeviceOperation,32,3750.0
1516544,1,InterleavedToShardedDeviceOperation,32,3721.0
2008064,1,InterleavedToShardedDeviceOperation,32,3711.0
1485824,1,InterleavedToShardedDeviceOperation,32,3701.0
1577984,1,InterleavedToShardedDeviceOperation,32,3676.0
1291264,,ReshardDeviceOperation,8,3646.0
738304,,ReshardDeviceOperation,8,3641.0
2376704,1,InterleavedToShardedDeviceOperation,32,3624.0
777216,,ReshardDeviceOperation,8,3617.0
1547264,1,InterleavedToShardedDeviceOperation,32,3600.0
2253824,1,InterleavedToShardedDeviceOperation,32,3600.0
1383424,,ReshardDeviceOperation,8,3595.0
861184,,ReshardDeviceOperation,8,3591.0
623616,,ReshardDeviceOperation,8,3589.0
1731584,1,InterleavedToShardedDeviceOperation,32,3588.0
1168384,,ReshardDeviceOperation,8,3584.0
1176576,,ReshardDeviceOperation,8,3580.0
430080,,ReshardDeviceOperation,8,3579.0
2407424,1,InterleavedToShardedDeviceOperation,32,3564.0
461824,,ReshardDeviceOperation,8,3560.0
1360896,,ReshardDeviceOperation,8,3557.0
922624,,ReshardDeviceOperation,8,3552.0
707584,,ReshardDeviceOperation,8,3551.0
676864,,ReshardDeviceOperation,8,3544.0
1199104,,ReshardDeviceOperation,8,3539.0
399360,,BinaryNgDeviceOperation,64,3535.0
531456,,ReshardDeviceOperation,8,3532.0
1823744,1,InterleavedToShardedDeviceOperation,32,3532.0
553984,,ReshardDeviceOperation,8,3531.0
807936,,ReshardDeviceOperation,8,3522.0
1106944,,ReshardDeviceOperation,8,3522.0
374784,,ReshardDeviceOperation,8,3513.0
492544,,ReshardDeviceOperation,8,3509.0
1608704,1,InterleavedToShardedDeviceOperation,32,3509.0
746496,,ReshardDeviceOperation,8,3500.0
1260544,,ReshardDeviceOperation,8,3496.0
592896,,ReshardDeviceOperation,8,3493.0
646144,,ReshardDeviceOperation,8,3491.0
900096,,ReshardDeviceOperation,8,3491.0
615424,,ReshardDeviceOperation,8,3490.0
1238016,,ReshardDeviceOperation,8,3484.0
891904,,ReshardDeviceOperation,8,3480.0
1299456,,ReshardDeviceOperation,8,3478.0
799744,,ReshardDeviceOperation,8,3477.0
2130944,1,InterleavedToShardedDeviceOperation,32,3475.0
1137664,,ReshardDeviceOperation,8,3474.0
439296,,ReshardDeviceOperation,8,3472.0
869376,,ReshardDeviceOperation,8,3472.0
562176,,ReshardDeviceOperation,8,3466.0
1946624,1,InterleavedToShardedDeviceOperation,32,3466.0
1045504,,ReshardDeviceOperation,8,3464.0
1321984,,ReshardDeviceOperation,8,3464.0
1145856,,ReshardDeviceOperation,8,3462.0
1229824,,ReshardDeviceOperation,8,3461.0
1207296,,ReshardDeviceOperation,8,3460.0
685056,,ReshardDeviceOperation,8,3459.0
1076224,,ReshardDeviceOperation,8,3456.0
584704,,ReshardDeviceOperation,8,3450.0
838656,,ReshardDeviceOperation,8,3450.0
1022976,,ReshardDeviceOperation,8,3449.0
930816,,ReshardDeviceOperation,8,3448.0
715776,,ReshardDeviceOperation,8,3445.0
1268736,,ReshardDeviceOperation,8,3442.0
1432576,1,BinaryNgDeviceOperation,64,3442.0
992256,,ReshardDeviceOperation,8,3441.0
1115136,,ReshardDeviceOperation,8,3440.0
1084416,,ReshardDeviceOperation,8,3436.0
1330176,,ReshardDeviceOperation,8,3436.0
1014784,,ReshardDeviceOperation,8,3435.0
654336,,ReshardDeviceOperation,8,3432.0
523264,,ReshardDeviceOperation,8,3426.0
500736,,ReshardDeviceOperation,8,3425.0
2315264,1,InterleavedToShardedDeviceOperation,32,3401.0
830464,,ReshardDeviceOperation,8,3395.0
1451008,1,ShardedToInterleavedDeviceOperation,32,3392.0
1639424,1,InterleavedToShardedDeviceOperation,32,3390.0
410624,,RepeatDeviceOperation,64,3386.0
769024,,ReshardDeviceOperation,8,3378.0
2166784,1,InterleavedToShardedDeviceOperation,8,3369.0
1463296,1,ReshardDeviceOperation,8,3367.0
1053696,,ReshardDeviceOperation,8,3346.0
984064,,ReshardDeviceOperation,8,3345.0
1762304,1,InterleavedToShardedDeviceOperation,32,3343.0
961536,,ReshardDeviceOperation,8,3331.0
1352704,,ReshardDeviceOperation,8,3318.0
470016,,ReshardDeviceOperation,8,3315.0
953344,,ReshardDeviceOperation,8,3291.0
417792,,ShardedToInterleavedDeviceOperation,32,3288.0
1441792,1,ShardedToInterleavedDeviceOperation,32,3228.0
1443840,1,RepeatDeviceOperation,64,3208.0
408576,,ShardedToInterleavedDeviceOperation,32,3194.0
2038784,1,InterleavedToShardedDeviceOperation,32,3157.0
2192384,1,InterleavedToShardedDeviceOperation,32,3122.0
1871872,1,ReshardDeviceOperation,8,3111.0
1832960,1,ReshardDeviceOperation,8,3110.0
2017280,1,ReshardDeviceOperation,8,3107.0
2394112,1,ReshardDeviceOperation,8,3083.0
1503232,1,ReshardDeviceOperation,8,3068.0
1933312,1,ReshardDeviceOperation,8,3064.0
1525760,1,ReshardDeviceOperation,8,3063.0
1955840,1,ReshardDeviceOperation,8,3060.0
2240512,1,ReshardDeviceOperation,8,3045.0
1986560,1,ReshardDeviceOperation,8,3040.0
2170880,1,ReshardDeviceOperation,8,3040.0
1416192,1,BinaryNgDeviceOperation,64,3024.0
1564672,1,ReshardDeviceOperation,8,3020.0
1810432,1,ReshardDeviceOperation,8,3012.0
2025472,1,ReshardDeviceOperation,8,3011.0
1687552,1,ReshardDeviceOperation,8,3004.0
2056192,1,ReshardDeviceOperation,8,3003.0
2293760,1,ReshardDeviceOperation,8,3001.0
1710080,1,ReshardDeviceOperation,8,2995.0
2179072,1,ReshardDeviceOperation,8,2995.0
1902592,1,ReshardDeviceOperation,8,2993.0
1495040,1,ReshardDeviceOperation,8,2989.0
1648640,1,ReshardDeviceOperation,8,2988.0
412672,,InterleavedToShardedDeviceOperation,32,2982.0
1894400,1,ReshardDeviceOperation,8,2980.0
429056,,BinaryNgDeviceOperation,64,2979.0
2355200,1,ReshardDeviceOperation,8,2973.0
1533952,1,ReshardDeviceOperation,8,2971.0
1679360,1,ReshardDeviceOperation,8,2969.0
2201600,1,ReshardDeviceOperation,8,2966.0
2385920,1,ReshardDeviceOperation,8,2966.0
1408000,1,ReshardDeviceOperation,8,2965.0
1587200,1,ReshardDeviceOperation,8,2960.0
382976,,BinaryNgDeviceOperation,64,2959.0
2140160,1,ReshardDeviceOperation,8,2959.0
2078720,1,ReshardDeviceOperation,8,2957.0
1863680,1,ReshardDeviceOperation,8,2955.0
2086912,1,ReshardDeviceOperation,8,2954.0
1617920,1,ReshardDeviceOperation,8,2953.0
1556480,1,ReshardDeviceOperation,8,2949.0
1740800,1,ReshardDeviceOperation,8,2949.0
2416640,1,ReshardDeviceOperation,8,2946.0
1748992,1,ReshardDeviceOperation,8,2945.0
1964032,1,ReshardDeviceOperation,8,2945.0
2109440,1,ReshardDeviceOperation,8,2943.0
2209792,1,ReshardDeviceOperation,8,2932.0
2301952,1,ReshardDeviceOperation,8,2931.0
2048000,1,ReshardDeviceOperation,8,2929.0
1771520,1,ReshardDeviceOperation,8,2921.0
2363392,1,ReshardDeviceOperation,8,2921.0
2117632,1,ReshardDeviceOperation,8,2920.0
1725440,1,SliceDeviceOperation,64,2915.0
1779712,1,ReshardDeviceOperation,8,2913.0
2263040,1,ReshardDeviceOperation,8,2906.0
2324480,1,ReshardDeviceOperation,8,2906.0
2232320,1,ReshardDeviceOperation,8,2899.0
2148352,1,ReshardDeviceOperation,8,2891.0
1626112,1,ReshardDeviceOperation,8,2888.0
2332672,1,ReshardDeviceOperation,8,2886.0
1656832,1,ReshardDeviceOperation,8,2885.0
1718272,1,ReshardDeviceOperation,8,2885.0
1595392,1,ReshardDeviceOperation,8,2877.0
994304,,ShardedToInterleavedDeviceOperation,64,2876.0
1541120,1,SliceDeviceOperation,64,2852.0
2271232,1,ReshardDeviceOperation,8,2850.0
1841152,1,ReshardDeviceOperation,8,2834.0
1435648,1,UntilizeWithUnpaddingDeviceOperation,1,2833.0
1472512,1,ReshardDeviceOperation,8,2832.0
1925120,1,ReshardDeviceOperation,8,2824.0
1994752,1,ReshardDeviceOperation,8,2815.0
1786880,1,SliceDeviceOperation,64,2791.0
871424,,ShardedToInterleavedDeviceOperation,64,2781.0
1802240,1,ReshardDeviceOperation,8,2712.0
2309120,1,SliceDeviceOperation,64,2699.0
1510400,1,SliceDeviceOperation,64,2682.0
1399808,1,BinaryNgDeviceOperation,64,2681.0
2094080,1,SliceDeviceOperation,64,2670.0
402432,,UntilizeWithUnpaddingDeviceOperation,1,2668.0
1396736,1,BinaryNgDeviceOperation,64,2667.0
502784,,ShardedToInterleavedDeviceOperation,64,2660.0
2064384,1,InterleavedToShardedDeviceOperation,32,2644.0
414720,,ShardedToInterleavedDeviceOperation,32,2629.0
564224,,ShardedToInterleavedDeviceOperation,64,2580.0
1025024,,ShardedToInterleavedDeviceOperation,64,2533.0
1209344,,ShardedToInterleavedDeviceOperation,64,2532.0
2278400,1,SliceDeviceOperation,64,2531.0
2396160,1,ShardedToInterleavedDeviceOperation,64,2530.0
1086464,,ShardedToInterleavedDeviceOperation,64,2516.0
1462272,1,BinaryNgDeviceOperation,64,2507.0
2095104,1,InterleavedToShardedDeviceOperation,32,2498.0
902144,,ShardedToInterleavedDeviceOperation,64,2493.0
1178624,,ShardedToInterleavedDeviceOperation,64,2492.0
1597440,1,ShardedToInterleavedDeviceOperation,64,2478.0
363520,,BinaryNgDeviceOperation,64,2473.0
1301504,,ShardedToInterleavedDeviceOperation,64,2468.0
366592,,BinaryNgDeviceOperation,64,2455.0
1055744,,ShardedToInterleavedDeviceOperation,64,2450.0
2181120,1,ShardedToInterleavedDeviceOperation,64,2448.0
441344,,ShardedToInterleavedDeviceOperation,64,2437.0
1966080,1,ShardedToInterleavedDeviceOperation,64,2437.0
779264,,ShardedToInterleavedDeviceOperation,64,2436.0
932864,,ShardedToInterleavedDeviceOperation,64,2422.0
1658880,1,ShardedToInterleavedDeviceOperation,64,2418.0
2273280,1,ShardedToInterleavedDeviceOperation,64,2413.0
2124800,1,SliceDeviceOperation,64,2406.0
594944,,ShardedToInterleavedDeviceOperation,64,2405.0
2365440,1,ShardedToInterleavedDeviceOperation,64,2401.0
376832,,ShardedToInterleavedDeviceOperation,64,2397.0
717824,,ShardedToInterleavedDeviceOperation,64,2392.0
1817600,1,SliceDeviceOperation,64,2388.0
2340864,1,InterleavedToShardedDeviceOperation,32,2387.0
2088960,1,ShardedToInterleavedDeviceOperation,64,2384.0
1566720,1,ShardedToInterleavedDeviceOperation,64,2379.0
748544,,ShardedToInterleavedDeviceOperation,64,2377.0
1474560,1,ShardedToInterleavedDeviceOperation,64,2373.0
1628160,1,ShardedToInterleavedDeviceOperation,64,2370.0
1147904,,ShardedToInterleavedDeviceOperation,64,2366.0
1447936,1,ShardedToInterleavedDeviceOperation,32,2364.0
1410048,1,ShardedToInterleavedDeviceOperation,64,2363.0
2334720,1,ShardedToInterleavedDeviceOperation,64,2362.0
2211840,1,ShardedToInterleavedDeviceOperation,64,2361.0
2136064,1,InterleavedToShardedDeviceOperation,8,2358.0
687104,,ShardedToInterleavedDeviceOperation,64,2356.0
840704,,ShardedToInterleavedDeviceOperation,64,2356.0
1117184,,ShardedToInterleavedDeviceOperation,64,2356.0
2150400,1,ShardedToInterleavedDeviceOperation,64,2347.0
472064,,ShardedToInterleavedDeviceOperation,64,2342.0
656384,,ShardedToInterleavedDeviceOperation,64,2340.0
625664,,ShardedToInterleavedDeviceOperation,64,2335.0
2247680,1,SliceDeviceOperation,64,2334.0
1214464,,SliceDeviceOperation,64,2321.0
2027520,1,ShardedToInterleavedDeviceOperation,64,2318.0
2033664,1,InterleavedToShardedDeviceOperation,32,2314.0
1332224,,ShardedToInterleavedDeviceOperation,64,2308.0
1270784,,ShardedToInterleavedDeviceOperation,64,2307.0
1751040,1,ShardedToInterleavedDeviceOperation,64,2299.0
1843200,1,ShardedToInterleavedDeviceOperation,64,2298.0
2242560,1,ShardedToInterleavedDeviceOperation,64,2279.0
1812480,1,ShardedToInterleavedDeviceOperation,64,2275.0
1505280,1,ShardedToInterleavedDeviceOperation,64,2268.0
1720320,1,ShardedToInterleavedDeviceOperation,64,2268.0
1362944,,ShardedToInterleavedDeviceOperation,64,2258.0
1689600,1,ShardedToInterleavedDeviceOperation,64,2258.0
1536000,1,ShardedToInterleavedDeviceOperation,64,2257.0
1935360,1,ShardedToInterleavedDeviceOperation,64,2249.0
2304000,1,ShardedToInterleavedDeviceOperation,64,2249.0
1368064,,SliceDeviceOperation,64,2227.0
2119680,1,ShardedToInterleavedDeviceOperation,64,2224.0
963584,,ShardedToInterleavedDeviceOperation,64,2221.0
753664,,SliceDeviceOperation,64,2220.0
1240064,,ShardedToInterleavedDeviceOperation,64,2220.0
533504,,ShardedToInterleavedDeviceOperation,64,2218.0
783360,,ShardedToInterleavedDeviceOperation,32,2207.0
784384,,SliceDeviceOperation,64,2207.0
661504,,SliceDeviceOperation,64,2203.0
1633280,1,SliceDeviceOperation,64,2187.0
395264,,SliceDeviceOperation,64,2185.0
1873920,1,ShardedToInterleavedDeviceOperation,64,2182.0
1904640,1,ShardedToInterleavedDeviceOperation,64,2171.0
722944,,SliceDeviceOperation,64,2164.0
507904,,SliceDeviceOperation,64,2158.0
809984,,ShardedToInterleavedDeviceOperation,64,2156.0
999424,,SliceDeviceOperation,64,2146.0
2032640,1,SliceDeviceOperation,64,2139.0
1781760,1,ShardedToInterleavedDeviceOperation,64,2136.0
1996800,1,ShardedToInterleavedDeviceOperation,64,2132.0
1428480,1,SliceDeviceOperation,64,2122.0
692224,,SliceDeviceOperation,64,2116.0
1030144,,SliceDeviceOperation,64,2116.0
403456,,RepeatDeviceOperation,64,2114.0
1436672,1,RepeatDeviceOperation,64,2114.0
1859584,1,InterleavedToShardedDeviceOperation,8,2107.0
2058240,1,ShardedToInterleavedDeviceOperation,64,2106.0
600064,,SliceDeviceOperation,64,2101.0
1153024,,SliceDeviceOperation,64,2099.0
1306624,,SliceDeviceOperation,64,2092.0
815104,,SliceDeviceOperation,64,2090.0
937984,,SliceDeviceOperation,64,2085.0
2197504,1,InterleavedToShardedDeviceOperation,8,2084.0
1675264,1,InterleavedToShardedDeviceOperation,8,2083.0
538624,,SliceDeviceOperation,64,2069.0
2125824,1,InterleavedToShardedDeviceOperation,32,2069.0
2370560,1,SliceDeviceOperation,64,2069.0
446464,,SliceDeviceOperation,64,2061.0
1122304,,SliceDeviceOperation,64,2050.0
906240,,ShardedToInterleavedDeviceOperation,32,2049.0
1552384,1,InterleavedToShardedDeviceOperation,8,2026.0
1571840,1,SliceDeviceOperation,64,2025.0
1890304,1,InterleavedToShardedDeviceOperation,8,2019.0
763904,,ShardedToInterleavedDeviceOperation,32,2017.0
2371584,1,InterleavedToShardedDeviceOperation,32,2016.0
390144,,TypecastDeviceOperation,4,2010.0
1736704,1,InterleavedToShardedDeviceOperation,8,2008.0
388096,,TypecastDeviceOperation,4,2003.0
907264,,SliceDeviceOperation,64,2002.0
2216960,1,SliceDeviceOperation,64,1999.0
569344,,SliceDeviceOperation,64,1997.0
886784,,ShardedToInterleavedDeviceOperation,32,1993.0
2339840,1,SliceDeviceOperation,64,1993.0
721920,,ShardedToInterleavedDeviceOperation,32,1992.0
845824,,SliceDeviceOperation,64,1992.0
1756160,1,SliceDeviceOperation,64,1992.0
968704,,SliceDeviceOperation,64,1986.0
1183744,,SliceDeviceOperation,64,1986.0
1848320,1,SliceDeviceOperation,64,1971.0
1735680,1,ShardedToInterleavedDeviceOperation,32,1967.0
1009664,,ShardedToInterleavedDeviceOperation,32,1965.0
1060864,,SliceDeviceOperation,64,1960.0
1479680,1,SliceDeviceOperation,64,1959.0
2246656,1,ShardedToInterleavedDeviceOperation,32,1958.0
630784,,SliceDeviceOperation,64,1956.0
1152000,,ShardedToInterleavedDeviceOperation,32,1953.0
1091584,,SliceDeviceOperation,64,1949.0
1694720,1,SliceDeviceOperation,64,1947.0
967680,,ShardedToInterleavedDeviceOperation,32,1942.0
1420288,1,UnaryDeviceOperation,64,1941.0
2289664,1,InterleavedToShardedDeviceOperation,8,1940.0
876544,,SliceDeviceOperation,64,1939.0
1940480,1,SliceDeviceOperation,64,1936.0
2428928,,UntilizeWithUnpaddingDeviceOperation,1,1932.0
948224,,ShardedToInterleavedDeviceOperation,32,1931.0
814080,,ShardedToInterleavedDeviceOperation,32,1929.0
1378304,,ShardedToInterleavedDeviceOperation,32,1929.0
1909760,1,SliceDeviceOperation,64,1925.0
2186240,1,SliceDeviceOperation,64,1925.0
477184,,SliceDeviceOperation,64,1917.0
1275904,,SliceDeviceOperation,64,1915.0
537600,,ShardedToInterleavedDeviceOperation,32,1910.0
1193984,,ShardedToInterleavedDeviceOperation,32,1908.0
2001920,1,SliceDeviceOperation,64,1901.0
1602560,1,SliceDeviceOperation,64,1900.0
825344,,ShardedToInterleavedDeviceOperation,32,1899.0
1337344,,SliceDeviceOperation,64,1897.0
1572864,1,InterleavedToShardedDeviceOperation,32,1894.0
917504,,ShardedToInterleavedDeviceOperation,32,1881.0
506880,,ShardedToInterleavedDeviceOperation,32,1878.0
629760,,ShardedToInterleavedDeviceOperation,32,1878.0
1305600,,ShardedToInterleavedDeviceOperation,32,1878.0
1827840,1,ShardedToInterleavedDeviceOperation,32,1878.0
1726464,1,InterleavedToShardedDeviceOperation,32,1874.0
1421312,1,TypecastDeviceOperation,4,1872.0
2445312,,UntilizeWithUnpaddingDeviceOperation,1,1872.0
568320,,ShardedToInterleavedDeviceOperation,32,1870.0
1367040,,ShardedToInterleavedDeviceOperation,32,1870.0
1423360,1,TypecastDeviceOperation,4,1869.0
1427456,1,ShardedToInterleavedDeviceOperation,32,1868.0
579584,,ShardedToInterleavedDeviceOperation,32,1865.0
998400,,ShardedToInterleavedDeviceOperation,32,1862.0
2187264,1,InterleavedToShardedDeviceOperation,32,1861.0
610304,,ShardedToInterleavedDeviceOperation,32,1857.0
599040,,ShardedToInterleavedDeviceOperation,32,1854.0
1029120,,ShardedToInterleavedDeviceOperation,32,1851.0
518144,,ShardedToInterleavedDeviceOperation,32,1849.0
702464,,ShardedToInterleavedDeviceOperation,32,1849.0
1213440,,ShardedToInterleavedDeviceOperation,32,1849.0
1245184,,SliceDeviceOperation,64,1849.0
387072,,UnaryDeviceOperation,64,1846.0
1971200,1,SliceDeviceOperation,64,1844.0
476160,,ShardedToInterleavedDeviceOperation,32,1841.0
671744,,ShardedToInterleavedDeviceOperation,32,1841.0
856064,,ShardedToInterleavedDeviceOperation,32,1841.0
1316864,,ShardedToInterleavedDeviceOperation,32,1841.0
691200,,ShardedToInterleavedDeviceOperation,32,1840.0
1422336,1,UnaryDeviceOperation,64,1837.0
1059840,,ShardedToInterleavedDeviceOperation,32,1834.0
1132544,,ShardedToInterleavedDeviceOperation,32,1832.0
487424,,ShardedToInterleavedDeviceOperation,32,1829.0
2401280,1,SliceDeviceOperation,64,1829.0
425984,,ShardedToInterleavedDeviceOperation,32,1825.0
908288,,InterleavedToShardedDeviceOperation,32,1825.0
2459648,,UntilizeWithUnpaddingDeviceOperation,1,1823.0
1163264,,ShardedToInterleavedDeviceOperation,32,1815.0
2447360,,UntilizeWithUnpaddingDeviceOperation,1,1814.0
2441216,,UntilizeWithUnpaddingDeviceOperation,1,1813.0
2063360,1,SliceDeviceOperation,64,1812.0
733184,,ShardedToInterleavedDeviceOperation,32,1810.0
1418240,1,ConcatDeviceOperation,4,1810.0
844800,,ShardedToInterleavedDeviceOperation,32,1809.0
2351104,1,InterleavedToShardedDeviceOperation,8,1796.0
1255424,,ShardedToInterleavedDeviceOperation,32,1794.0
2155520,1,SliceDeviceOperation,64,1792.0
1662976,1,ShardedToInterleavedDeviceOperation,32,1786.0
1347584,,ShardedToInterleavedDeviceOperation,32,1785.0
1879040,1,SliceDeviceOperation,64,1782.0
1274880,,ShardedToInterleavedDeviceOperation,32,1781.0
2438144,,UntilizeWithUnpaddingDeviceOperation,1,1781.0
1182720,,ShardedToInterleavedDeviceOperation,32,1778.0
548864,,ShardedToInterleavedDeviceOperation,32,1777.0
875520,,ShardedToInterleavedDeviceOperation,32,1777.0
1336320,,ShardedToInterleavedDeviceOperation,32,1777.0
445440,,ShardedToInterleavedDeviceOperation,32,1774.0
1101824,,ShardedToInterleavedDeviceOperation,32,1773.0
2452480,,UntilizeWithUnpaddingDeviceOperation,1,1773.0
2043904,1,InterleavedToShardedDeviceOperation,8,1764.0
936960,,ShardedToInterleavedDeviceOperation,32,1760.0
1787904,1,InterleavedToShardedDeviceOperation,32,1759.0
1664000,1,SliceDeviceOperation,64,1756.0
394240,,ShardedToInterleavedDeviceOperation,32,1753.0
2000896,1,ShardedToInterleavedDeviceOperation,32,1753.0
1071104,,ShardedToInterleavedDeviceOperation,32,1745.0
1121280,,ShardedToInterleavedDeviceOperation,32,1737.0
2435072,,UntilizeWithUnpaddingDeviceOperation,1,1734.0
1982464,1,InterleavedToShardedDeviceOperation,8,1732.0
794624,,ShardedToInterleavedDeviceOperation,32,1729.0
752640,,ShardedToInterleavedDeviceOperation,32,1727.0
1705984,1,InterleavedToShardedDeviceOperation,8,1727.0
2412544,1,InterleavedToShardedDeviceOperation,8,1727.0
1724416,1,ShardedToInterleavedDeviceOperation,32,1724.0
456704,,ShardedToInterleavedDeviceOperation,32,1722.0
1040384,,ShardedToInterleavedDeviceOperation,32,1722.0
1224704,,ShardedToInterleavedDeviceOperation,32,1721.0
979968,,InterleavedToShardedDeviceOperation,8,1720.0
2429952,,UntilizeWithUnpaddingDeviceOperation,1,1720.0
1244160,,ShardedToInterleavedDeviceOperation,32,1718.0
2451456,,UntilizeWithUnpaddingDeviceOperation,1,1718.0
2440192,,UntilizeWithUnpaddingDeviceOperation,1,1713.0
389120,,UnaryDeviceOperation,64,1709.0
1828864,1,InterleavedToShardedDeviceOperation,8,1709.0
641024,,ShardedToInterleavedDeviceOperation,32,1706.0
660480,,ShardedToInterleavedDeviceOperation,32,1705.0
1090560,,ShardedToInterleavedDeviceOperation,32,1705.0
826368,,InterleavedToShardedDeviceOperation,8,1701.0
2436096,,UntilizeWithUnpaddingDeviceOperation,1,1697.0
2444288,,UntilizeWithUnpaddingDeviceOperation,1,1697.0
2458624,,UntilizeWithUnpaddingDeviceOperation,1,1697.0
2460672,,UntilizeWithUnpaddingDeviceOperation,1,1696.0
2461696,,UntilizeWithUnpaddingDeviceOperation,1,1696.0
2446336,,UntilizeWithUnpaddingDeviceOperation,1,1695.0
2442240,,UntilizeWithUnpaddingDeviceOperation,1,1693.0
2320384,1,InterleavedToShardedDeviceOperation,8,1689.0
2430976,,UntilizeWithUnpaddingDeviceOperation,1,1689.0
2434048,,UntilizeWithUnpaddingDeviceOperation,1,1689.0
2443264,,UntilizeWithUnpaddingDeviceOperation,1,1688.0
385024,,ConcatDeviceOperation,4,1687.0
2455552,,UntilizeWithUnpaddingDeviceOperation,1,1687.0
1521664,1,InterleavedToShardedDeviceOperation,8,1683.0
2457600,,UntilizeWithUnpaddingDeviceOperation,1,1683.0
378880,,RepeatDeviceOperation,64,1682.0
1286144,,ShardedToInterleavedDeviceOperation,32,1680.0
2449408,,UntilizeWithUnpaddingDeviceOperation,1,1680.0
1920000,1,ShardedToInterleavedDeviceOperation,32,1679.0
2031616,1,ShardedToInterleavedDeviceOperation,32,1678.0
2432000,,UntilizeWithUnpaddingDeviceOperation,1,1678.0
2454528,,UntilizeWithUnpaddingDeviceOperation,1,1678.0
2450432,,UntilizeWithUnpaddingDeviceOperation,1,1675.0
1041408,,InterleavedToShardedDeviceOperation,8,1674.0
2042880,1,ShardedToInterleavedDeviceOperation,32,1674.0
2456576,,UntilizeWithUnpaddingDeviceOperation,1,1673.0
2448384,,UntilizeWithUnpaddingDeviceOperation,1,1672.0
1348608,,InterleavedToShardedDeviceOperation,8,1669.0
2433024,,UntilizeWithUnpaddingDeviceOperation,1,1668.0
1459200,1,ShardedToInterleavedDeviceOperation,32,1666.0
978944,,ShardedToInterleavedDeviceOperation,32,1665.0
1092608,,InterleavedToShardedDeviceOperation,32,1665.0
2013184,1,InterleavedToShardedDeviceOperation,8,1665.0
2439168,,UntilizeWithUnpaddingDeviceOperation,1,1664.0
1847296,1,ShardedToInterleavedDeviceOperation,32,1660.0
2310144,1,InterleavedToShardedDeviceOperation,32,1660.0
1693696,1,ShardedToInterleavedDeviceOperation,32,1659.0
1490944,1,InterleavedToShardedDeviceOperation,8,1653.0
1583104,1,InterleavedToShardedDeviceOperation,8,1653.0
2437120,,UntilizeWithUnpaddingDeviceOperation,1,1653.0
2453504,,UntilizeWithUnpaddingDeviceOperation,1,1652.0
1632256,1,ShardedToInterleavedDeviceOperation,32,1648.0
1540096,1,ShardedToInterleavedDeviceOperation,32,1642.0
734208,,InterleavedToShardedDeviceOperation,8,1641.0
1414144,1,TypecastDeviceOperation,1,1641.0
519168,,InterleavedToShardedDeviceOperation,8,1639.0
1379328,,InterleavedToShardedDeviceOperation,8,1639.0
2277376,1,ShardedToInterleavedDeviceOperation,32,1639.0
672768,,InterleavedToShardedDeviceOperation,8,1633.0
1798144,1,InterleavedToShardedDeviceOperation,8,1633.0
703488,,InterleavedToShardedDeviceOperation,8,1632.0
857088,,InterleavedToShardedDeviceOperation,8,1632.0
1369088,,InterleavedToShardedDeviceOperation,32,1630.0
1317888,,InterleavedToShardedDeviceOperation,8,1629.0
1785856,1,ShardedToInterleavedDeviceOperation,32,1624.0
1438720,1,InterleavedToShardedDeviceOperation,32,1621.0
580608,,InterleavedToShardedDeviceOperation,8,1620.0
1412096,1,RepeatDeviceOperation,64,1618.0
1908736,1,ShardedToInterleavedDeviceOperation,32,1617.0
1816576,1,ShardedToInterleavedDeviceOperation,32,1616.0
887808,,InterleavedToShardedDeviceOperation,8,1615.0
1154048,,InterleavedToShardedDeviceOperation,32,1613.0
1102848,,InterleavedToShardedDeviceOperation,8,1609.0
2338816,1,ShardedToInterleavedDeviceOperation,32,1609.0
549888,,InterleavedToShardedDeviceOperation,8,1608.0
1072128,,InterleavedToShardedDeviceOperation,8,1608.0
918528,,InterleavedToShardedDeviceOperation,8,1607.0
1195008,,InterleavedToShardedDeviceOperation,8,1606.0
2093056,1,ShardedToInterleavedDeviceOperation,32,1606.0
2215936,1,ShardedToInterleavedDeviceOperation,32,1605.0
488448,,InterleavedToShardedDeviceOperation,8,1603.0
1256448,,InterleavedToShardedDeviceOperation,8,1603.0
611328,,InterleavedToShardedDeviceOperation,8,1600.0
1133568,,InterleavedToShardedDeviceOperation,8,1599.0
1010688,,InterleavedToShardedDeviceOperation,8,1598.0
1123328,,InterleavedToShardedDeviceOperation,32,1598.0
457728,,InterleavedToShardedDeviceOperation,8,1596.0
642048,,InterleavedToShardedDeviceOperation,8,1596.0
764928,,InterleavedToShardedDeviceOperation,8,1596.0
795648,,InterleavedToShardedDeviceOperation,8,1596.0
949248,,InterleavedToShardedDeviceOperation,8,1596.0
1287168,,InterleavedToShardedDeviceOperation,8,1596.0
427008,,InterleavedToShardedDeviceOperation,8,1595.0
1225728,,InterleavedToShardedDeviceOperation,8,1595.0
1164288,,InterleavedToShardedDeviceOperation,8,1591.0
1520640,1,ShardedToInterleavedDeviceOperation,32,1589.0
2381824,1,InterleavedToShardedDeviceOperation,8,1588.0
846848,,InterleavedToShardedDeviceOperation,32,1587.0
2123776,1,ShardedToInterleavedDeviceOperation,32,1585.0
570368,,InterleavedToShardedDeviceOperation,32,1583.0
816128,,InterleavedToShardedDeviceOperation,32,1583.0
2369536,1,ShardedToInterleavedDeviceOperation,32,1579.0
1858560,1,ShardedToInterleavedDeviceOperation,32,1578.0
723968,,InterleavedToShardedDeviceOperation,32,1573.0
2258944,1,InterleavedToShardedDeviceOperation,8,1573.0
1878016,1,ShardedToInterleavedDeviceOperation,32,1570.0
1509376,1,ShardedToInterleavedDeviceOperation,32,1567.0
1951744,1,InterleavedToShardedDeviceOperation,8,1566.0
2228224,1,InterleavedToShardedDeviceOperation,8,1565.0
785408,,InterleavedToShardedDeviceOperation,32,1562.0
1612800,1,ShardedToInterleavedDeviceOperation,32,1562.0
1644544,1,InterleavedToShardedDeviceOperation,8,1555.0
693248,,InterleavedToShardedDeviceOperation,32,1553.0
2074624,1,InterleavedToShardedDeviceOperation,8,1553.0
754688,,InterleavedToShardedDeviceOperation,32,1551.0
1601536,1,ShardedToInterleavedDeviceOperation,32,1546.0
1307648,,InterleavedToShardedDeviceOperation,32,1543.0
1460224,1,InterleavedToShardedDeviceOperation,8,1543.0
2165760,1,ShardedToInterleavedDeviceOperation,32,1543.0
1767424,1,InterleavedToShardedDeviceOperation,8,1542.0
631808,,InterleavedToShardedDeviceOperation,32,1533.0
1921024,1,InterleavedToShardedDeviceOperation,8,1532.0
1000448,,InterleavedToShardedDeviceOperation,32,1531.0
1246208,,InterleavedToShardedDeviceOperation,32,1530.0
539648,,InterleavedToShardedDeviceOperation,32,1529.0
2257920,1,ShardedToInterleavedDeviceOperation,32,1526.0
969728,,InterleavedToShardedDeviceOperation,32,1523.0
1061888,,InterleavedToShardedDeviceOperation,32,1521.0
1797120,1,ShardedToInterleavedDeviceOperation,32,1521.0
1613824,1,InterleavedToShardedDeviceOperation,8,1519.0
1766400,1,ShardedToInterleavedDeviceOperation,32,1518.0
2105344,1,InterleavedToShardedDeviceOperation,8,1509.0
1970176,1,ShardedToInterleavedDeviceOperation,32,1503.0
1981440,1,ShardedToInterleavedDeviceOperation,32,1500.0
447488,,InterleavedToShardedDeviceOperation,32,1499.0
2062336,1,ShardedToInterleavedDeviceOperation,32,1499.0
1818624,1,InterleavedToShardedDeviceOperation,32,1496.0
1401856,1,TypecastDeviceOperation,32,1491.0
478208,,InterleavedToShardedDeviceOperation,32,1489.0
2104320,1,ShardedToInterleavedDeviceOperation,32,1489.0
939008,,InterleavedToShardedDeviceOperation,32,1487.0
368640,,TypecastDeviceOperation,32,1481.0
405504,,InterleavedToShardedDeviceOperation,32,1477.0
1276928,,InterleavedToShardedDeviceOperation,32,1475.0
1511424,1,InterleavedToShardedDeviceOperation,32,1475.0
380928,,TypecastDeviceOperation,1,1474.0
396288,,InterleavedToShardedDeviceOperation,32,1466.0
1215488,,InterleavedToShardedDeviceOperation,32,1466.0
1880064,1,InterleavedToShardedDeviceOperation,32,1463.0
662528,,InterleavedToShardedDeviceOperation,32,1455.0
1338368,,InterleavedToShardedDeviceOperation,32,1448.0
2135040,1,ShardedToInterleavedDeviceOperation,32,1445.0
1184768,,InterleavedToShardedDeviceOperation,32,1444.0
1478656,1,ShardedToInterleavedDeviceOperation,32,1439.0
2308096,1,ShardedToInterleavedDeviceOperation,32,1438.0
508928,,InterleavedToShardedDeviceOperation,32,1432.0
877568,,InterleavedToShardedDeviceOperation,32,1431.0
1489920,1,ShardedToInterleavedDeviceOperation,32,1430.0
2196480,1,ShardedToInterleavedDeviceOperation,32,1430.0
1704960,1,ShardedToInterleavedDeviceOperation,32,1427.0
1570816,1,ShardedToInterleavedDeviceOperation,32,1426.0
1643520,1,ShardedToInterleavedDeviceOperation,32,1425.0
2185216,1,ShardedToInterleavedDeviceOperation,32,1416.0
601088,,InterleavedToShardedDeviceOperation,32,1415.0
1674240,1,ShardedToInterleavedDeviceOperation,32,1409.0
2400256,1,ShardedToInterleavedDeviceOperation,32,1400.0
2002944,1,InterleavedToShardedDeviceOperation,32,1399.0
2012160,1,ShardedToInterleavedDeviceOperation,32,1393.0
2350080,1,ShardedToInterleavedDeviceOperation,32,1382.0
1939456,1,ShardedToInterleavedDeviceOperation,32,1377.0
2319360,1,ShardedToInterleavedDeviceOperation,32,1377.0
1950720,1,ShardedToInterleavedDeviceOperation,32,1372.0
1405952,1,InterleavedToShardedDeviceOperation,64,1368.0
1031168,,InterleavedToShardedDeviceOperation,32,1365.0
2154496,1,ShardedToInterleavedDeviceOperation,32,1364.0
1755136,1,ShardedToInterleavedDeviceOperation,32,1362.0
1849344,1,InterleavedToShardedDeviceOperation,32,1356.0
1551360,1,ShardedToInterleavedDeviceOperation,32,1347.0
372736,,InterleavedToShardedDeviceOperation,64,1333.0
2073600,1,ShardedToInterleavedDeviceOperation,32,1333.0
2288640,1,ShardedToInterleavedDeviceOperation,32,1331.0
2227200,1,ShardedToInterleavedDeviceOperation,32,1326.0
1480704,1,InterleavedToShardedDeviceOperation,32,1323.0
2380800,1,ShardedToInterleavedDeviceOperation,32,1322.0
1582080,1,ShardedToInterleavedDeviceOperation,32,1321.0
2217984,1,InterleavedToShardedDeviceOperation,32,1258.0
1910784,1,InterleavedToShardedDeviceOperation,32,1234.0
1972224,1,InterleavedToShardedDeviceOperation,32,1232.0
2411520,1,ShardedToInterleavedDeviceOperation,32,1226.0
2248704,1,InterleavedToShardedDeviceOperation,32,1169.0
2402304,1,InterleavedToShardedDeviceOperation,32,1169.0
1889280,1,ShardedToInterleavedDeviceOperation,32,1164.0
2156544,1,InterleavedToShardedDeviceOperation,32,1160.0
1665024,1,InterleavedToShardedDeviceOperation,32,1061.0
1941504,1,InterleavedToShardedDeviceOperation,32,1032.0
2279424,1,InterleavedToShardedDeviceOperation,32,1028.0
1634304,1,InterleavedToShardedDeviceOperation,32,1014.0
1542144,1,InterleavedToShardedDeviceOperation,32,1007.0
1695744,1,InterleavedToShardedDeviceOperation,32,1003.0
1429504,1,InterleavedToShardedDeviceOperation,32,994.0
1757184,1,InterleavedToShardedDeviceOperation,32,968.0
370688,,CopyDeviceOperation,1,950.0
367616,,ShardedToInterleavedDeviceOperation,1,929.0
1403904,1,CopyDeviceOperation,1,878.0
1400832,1,ShardedToInterleavedDeviceOperation,1,875.0
364544,,ShardedToInterleavedDeviceOperation,1,739.0
1397760,1,ShardedToInterleavedDeviceOperation,1,735.0
384000,,ShardedToInterleavedDeviceOperation,2,707.0
386048,,InterleavedToShardedDeviceOperation,4,694.0
1419264,1,InterleavedToShardedDeviceOperation,4,693.0
1615872,1,BinaryNgDeviceOperation,64,621.0
2230272,1,BinaryNgDeviceOperation,64,606.0
2330624,1,BinaryNgDeviceOperation,64,600.0
1677312,1,BinaryNgDeviceOperation,64,599.0
1800192,1,BinaryNgDeviceOperation,64,599.0
1830912,1,BinaryNgDeviceOperation,64,599.0
1839104,1,BinaryNgDeviceOperation,64,599.0
1892352,1,BinaryNgDeviceOperation,64,599.0
2045952,1,BinaryNgDeviceOperation,64,599.0
1492992,1,BinaryNgDeviceOperation,64,598.0
1984512,1,BinaryNgDeviceOperation,64,598.0
2177024,1,BinaryNgDeviceOperation,64,598.0
1554432,1,BinaryNgDeviceOperation,64,597.0
2076672,1,BinaryNgDeviceOperation,64,597.0
1624064,1,BinaryNgDeviceOperation,64,596.0
2291712,1,BinaryNgDeviceOperation,64,594.0
2199552,1,BinaryNgDeviceOperation,64,591.0
1593344,1,BinaryNgDeviceOperation,64,590.0
2238464,1,BinaryNgDeviceOperation,64,590.0
1708032,1,BinaryNgDeviceOperation,64,589.0
1646592,1,BinaryNgDeviceOperation,64,588.0
1531904,1,BinaryNgDeviceOperation,64,586.0
1923072,1,BinaryNgDeviceOperation,64,586.0
2015232,1,BinaryNgDeviceOperation,64,586.0
2207744,1,BinaryNgDeviceOperation,64,586.0
2353152,1,BinaryNgDeviceOperation,64,586.0
1808384,1,BinaryNgDeviceOperation,64,585.0
1417216,1,ShardedToInterleavedDeviceOperation,2,584.0
1585152,1,BinaryNgDeviceOperation,64,584.0
2322432,1,BinaryNgDeviceOperation,64,584.0
2383872,1,BinaryNgDeviceOperation,64,584.0
1685504,1,BinaryNgDeviceOperation,64,583.0
2107392,1,BinaryNgDeviceOperation,64,583.0
2146304,1,BinaryNgDeviceOperation,64,583.0
2084864,1,BinaryNgDeviceOperation,64,582.0
2260992,1,BinaryNgDeviceOperation,64,582.0
2414592,1,BinaryNgDeviceOperation,64,582.0
1900544,1,BinaryNgDeviceOperation,64,581.0
1861632,1,BinaryNgDeviceOperation,64,580.0
1992704,1,BinaryNgDeviceOperation,64,580.0
1716224,1,BinaryNgDeviceOperation,64,579.0
1953792,1,BinaryNgDeviceOperation,64,577.0
2168832,1,BinaryNgDeviceOperation,64,577.0
1470464,1,BinaryNgDeviceOperation,64,576.0
2361344,1,BinaryNgDeviceOperation,64,576.0
392192,,ShardedToInterleavedDeviceOperation,4,575.0
1869824,1,BinaryNgDeviceOperation,64,574.0
2023424,1,BinaryNgDeviceOperation,64,574.0
1738752,1,BinaryNgDeviceOperation,64,572.0
2138112,1,BinaryNgDeviceOperation,64,572.0
1746944,1,BinaryNgDeviceOperation,64,570.0
1562624,1,BinaryNgDeviceOperation,64,569.0
1501184,1,BinaryNgDeviceOperation,64,567.0
2115584,1,BinaryNgDeviceOperation,64,567.0
2299904,1,BinaryNgDeviceOperation,64,567.0
1523712,1,BinaryNgDeviceOperation,64,566.0
2269184,1,BinaryNgDeviceOperation,64,566.0
1654784,1,BinaryNgDeviceOperation,64,565.0
1931264,1,BinaryNgDeviceOperation,64,565.0
1769472,1,BinaryNgDeviceOperation,64,563.0
2422784,1,BinaryNgDeviceOperation,63,563.0
2054144,1,BinaryNgDeviceOperation,64,560.0
2392064,1,BinaryNgDeviceOperation,64,559.0
400384,,ShardedToInterleavedDeviceOperation,4,558.0
1961984,1,BinaryNgDeviceOperation,64,558.0
1777664,1,BinaryNgDeviceOperation,64,556.0
391168,,ShardedToInterleavedDeviceOperation,4,552.0
1166336,,BinaryNgDeviceOperation,64,528.0
1425408,1,ShardedToInterleavedDeviceOperation,4,527.0
1433600,1,ShardedToInterleavedDeviceOperation,4,525.0
1424384,1,ShardedToInterleavedDeviceOperation,4,518.0
959488,,BinaryNgDeviceOperation,64,514.0
990208,,BinaryNgDeviceOperation,64,512.0
859136,,BinaryNgDeviceOperation,64,511.0
982016,,BinaryNgDeviceOperation,64,507.0
1289216,,BinaryNgDeviceOperation,64,506.0
521216,,BinaryNgDeviceOperation,64,498.0
836608,,BinaryNgDeviceOperation,64,498.0
1266688,,BinaryNgDeviceOperation,64,498.0
1350656,,BinaryNgDeviceOperation,64,498.0
1174528,,BinaryNgDeviceOperation,64,497.0
459776,,BinaryNgDeviceOperation,64,496.0
582656,,BinaryNgDeviceOperation,64,496.0
1235968,,BinaryNgDeviceOperation,64,496.0
590848,,BinaryNgDeviceOperation,64,493.0
529408,,BinaryNgDeviceOperation,64,492.0
1082368,,BinaryNgDeviceOperation,64,492.0
1328128,,BinaryNgDeviceOperation,64,492.0
498688,,BinaryNgDeviceOperation,64,490.0
1012736,,BinaryNgDeviceOperation,64,490.0
1381376,,BinaryNgDeviceOperation,64,487.0
713728,,BinaryNgDeviceOperation,64,486.0
797696,,BinaryNgDeviceOperation,64,486.0
1143808,,BinaryNgDeviceOperation,64,486.0
736256,,BinaryNgDeviceOperation,64,485.0
1043456,,BinaryNgDeviceOperation,64,485.0
1135616,,BinaryNgDeviceOperation,64,484.0
898048,,BinaryNgDeviceOperation,64,482.0
1227776,,BinaryNgDeviceOperation,64,482.0
644096,,BinaryNgDeviceOperation,64,480.0
1074176,,BinaryNgDeviceOperation,64,480.0
437248,,BinaryNgDeviceOperation,64,479.0
766976,,BinaryNgDeviceOperation,64,479.0
775168,,BinaryNgDeviceOperation,64,479.0
889856,,BinaryNgDeviceOperation,64,479.0
1104896,,BinaryNgDeviceOperation,64,479.0
1319936,,BinaryNgDeviceOperation,64,479.0
613376,,BinaryNgDeviceOperation,64,478.0
652288,,BinaryNgDeviceOperation,64,478.0
828416,,BinaryNgDeviceOperation,64,478.0
928768,,BinaryNgDeviceOperation,64,478.0
1358848,,BinaryNgDeviceOperation,64,478.0
621568,,BinaryNgDeviceOperation,64,477.0
744448,,BinaryNgDeviceOperation,64,477.0
805888,,BinaryNgDeviceOperation,64,477.0
1113088,,BinaryNgDeviceOperation,64,477.0
551936,,BinaryNgDeviceOperation,64,476.0
1020928,,BinaryNgDeviceOperation,64,476.0
1389568,,BinaryNgDeviceOperation,64,476.0
1197056,,BinaryNgDeviceOperation,64,475.0
683008,,BinaryNgDeviceOperation,64,474.0
920576,,BinaryNgDeviceOperation,64,474.0
1205248,,BinaryNgDeviceOperation,64,474.0
560128,,BinaryNgDeviceOperation,64,473.0
674816,,BinaryNgDeviceOperation,64,473.0
951296,,BinaryNgDeviceOperation,64,470.0
1297408,,BinaryNgDeviceOperation,64,468.0
1258496,,BinaryNgDeviceOperation,64,467.0
490496,,BinaryNgDeviceOperation,64,465.0
705536,,BinaryNgDeviceOperation,64,465.0
1051648,,BinaryNgDeviceOperation,64,465.0
467968,,BinaryNgDeviceOperation,64,464.0
867328,,BinaryNgDeviceOperation,64,464.0
