op_id,replay,op_name,cores,duration_ns
2392064,1,MatmulDeviceOperation,63,2989010.0
1358848,,MatmulDeviceOperation,64,2957327.0
1361920,,ArgMaxDeviceOperation,64,2325409.0
2395136,1,ArgMaxDeviceOperation,63,2321203.0
240640,,CopyDeviceOperation,64,619819.0
294912,,CopyDeviceOperation,64,619222.0
296960,,CopyDeviceOperation,64,613674.0
293888,,CopyDeviceOperation,64,613644.0
220160,,CopyDeviceOperation,64,613623.0
233472,,CopyDeviceOperation,64,613602.0
251904,,CopyDeviceOperation,64,611680.0
283648,,CopyDeviceOperation,64,609472.0
262144,,CopyDeviceOperation,64,609346.0
221184,,CopyDeviceOperation,64,608854.0
206848,,CopyDeviceOperation,64,608432.0
203776,,CopyDeviceOperation,64,608170.0
235520,,CopyDeviceOperation,64,607375.0
239616,,CopyDeviceOperation,64,607130.0
315392,,CopyDeviceOperation,64,607055.0
288768,,CopyDeviceOperation,64,606862.0
258048,,CopyDeviceOperation,64,606519.0
228352,,CopyDeviceOperation,64,606315.0
257024,,CopyDeviceOperation,64,606254.0
211968,,CopyDeviceOperation,64,606111.0
229376,,CopyDeviceOperation,64,605824.0
260096,,CopyDeviceOperation,64,605440.0
303104,,CopyDeviceOperation,64,605078.0
318464,,CopyDeviceOperation,64,604838.0
311296,,CopyDeviceOperation,64,604218.0
324608,,CopyDeviceOperation,64,604012.0
273408,,CopyDeviceOperation,64,603301.0
281600,,CopyDeviceOperation,64,603166.0
275456,,CopyDeviceOperation,64,602632.0
198656,,CopyDeviceOperation,64,602329.0
327680,,CopyDeviceOperation,64,602298.0
310272,,CopyDeviceOperation,64,602182.0
216064,,CopyDeviceOperation,64,602103.0
201728,,CopyDeviceOperation,64,601933.0
212992,,CopyDeviceOperation,64,601526.0
261120,,CopyDeviceOperation,64,601464.0
272384,,CopyDeviceOperation,64,601385.0
202752,,CopyDeviceOperation,64,601303.0
225280,,CopyDeviceOperation,64,601278.0
328704,,CopyDeviceOperation,64,601111.0
224256,,CopyDeviceOperation,64,601107.0
243712,,CopyDeviceOperation,64,601007.0
208896,,CopyDeviceOperation,64,601004.0
291840,,CopyDeviceOperation,64,600804.0
259072,,CopyDeviceOperation,64,600459.0
321536,,CopyDeviceOperation,64,600319.0
278528,,CopyDeviceOperation,64,599942.0
264192,,CopyDeviceOperation,64,599521.0
236544,,CopyDeviceOperation,64,599402.0
314368,,CopyDeviceOperation,64,599382.0
292864,,CopyDeviceOperation,64,599060.0
274432,,CopyDeviceOperation,64,598818.0
207872,,CopyDeviceOperation,64,598723.0
214016,,CopyDeviceOperation,64,598717.0
285696,,CopyDeviceOperation,64,598299.0
290816,,CopyDeviceOperation,64,598128.0
289792,,CopyDeviceOperation,64,597723.0
227328,,CopyDeviceOperation,64,597639.0
231424,,CopyDeviceOperation,64,597550.0
226304,,CopyDeviceOperation,64,597119.0
222208,,CopyDeviceOperation,64,596740.0
270336,,CopyDeviceOperation,64,596580.0
242688,,CopyDeviceOperation,64,595320.0
312320,,CopyDeviceOperation,64,594949.0
223232,,CopyDeviceOperation,64,442298.0
200704,,CopyDeviceOperation,64,428871.0
230400,,CopyDeviceOperation,64,404061.0
301056,,CopyDeviceOperation,64,402300.0
199680,,CopyDeviceOperation,64,401765.0
308224,,CopyDeviceOperation,64,401607.0
237568,,CopyDeviceOperation,64,400291.0
276480,,CopyDeviceOperation,64,399094.0
209920,,CopyDeviceOperation,64,398312.0
326656,,CopyDeviceOperation,64,398043.0
217088,,CopyDeviceOperation,64,397651.0
302080,,CopyDeviceOperation,64,396340.0
322560,,CopyDeviceOperation,64,396274.0
307200,,CopyDeviceOperation,64,395302.0
277504,,CopyDeviceOperation,64,394645.0
271360,,CopyDeviceOperation,64,393954.0
295936,,CopyDeviceOperation,64,393804.0
316416,,CopyDeviceOperation,64,393458.0
238592,,CopyDeviceOperation,64,392845.0
204800,,CopyDeviceOperation,64,392022.0
234496,,CopyDeviceOperation,64,392006.0
241664,,CopyDeviceOperation,64,391915.0
282624,,CopyDeviceOperation,64,391743.0
304128,,CopyDeviceOperation,64,391628.0
246784,,CopyDeviceOperation,64,390307.0
247808,,CopyDeviceOperation,64,389757.0
267264,,CopyDeviceOperation,64,388928.0
319488,,CopyDeviceOperation,64,388441.0
280576,,CopyDeviceOperation,64,388093.0
299008,,CopyDeviceOperation,64,387926.0
254976,,CopyDeviceOperation,64,387463.0
269312,,CopyDeviceOperation,64,386779.0
1355776,,MatmulDeviceOperation,64,305923.0
2204672,1,MatmulDeviceOperation,64,304568.0
1836032,1,MatmulDeviceOperation,64,304219.0
1232896,,MatmulDeviceOperation,64,304142.0
618496,,MatmulDeviceOperation,64,303969.0
1743872,1,MatmulDeviceOperation,64,303902.0
956416,,MatmulDeviceOperation,64,303483.0
1713152,1,MatmulDeviceOperation,64,303133.0
1866752,1,MatmulDeviceOperation,64,302987.0
1202176,,MatmulDeviceOperation,64,302949.0
1171456,,MatmulDeviceOperation,64,302822.0
1897472,1,MatmulDeviceOperation,64,302777.0
495616,,MatmulDeviceOperation,64,302768.0
1682432,1,MatmulDeviceOperation,64,302643.0
464896,,MatmulDeviceOperation,64,302431.0
1620992,1,MatmulDeviceOperation,64,302419.0
1140736,,MatmulDeviceOperation,64,302318.0
833536,,MatmulDeviceOperation,64,302311.0
1651712,1,MatmulDeviceOperation,64,302239.0
1528832,1,MatmulDeviceOperation,64,302231.0
1467392,1,MatmulDeviceOperation,64,302184.0
587776,,MatmulDeviceOperation,64,302148.0
802816,,MatmulDeviceOperation,64,302114.0
2358272,1,MatmulDeviceOperation,64,302086.0
1436672,1,MatmulDeviceOperation,64,302068.0
1958912,1,MatmulDeviceOperation,64,301893.0
2112512,1,MatmulDeviceOperation,64,301785.0
1110016,,MatmulDeviceOperation,64,301746.0
1017856,,MatmulDeviceOperation,64,301706.0
2266112,1,MatmulDeviceOperation,64,301627.0
2388992,1,MatmulDeviceOperation,63,301541.0
2235392,1,MatmulDeviceOperation,64,301509.0
679936,,MatmulDeviceOperation,64,301434.0
1325056,,MatmulDeviceOperation,64,301392.0
2296832,1,MatmulDeviceOperation,64,301389.0
403456,,MatmulDeviceOperation,64,301368.0
864256,,MatmulDeviceOperation,64,301239.0
772096,,MatmulDeviceOperation,64,301163.0
925696,,MatmulDeviceOperation,64,301160.0
526336,,MatmulDeviceOperation,64,301136.0
434176,,MatmulDeviceOperation,64,301125.0
894976,,MatmulDeviceOperation,64,300994.0
1559552,1,MatmulDeviceOperation,64,300939.0
1498112,1,MatmulDeviceOperation,64,300934.0
2020352,1,MatmulDeviceOperation,64,300913.0
1805312,1,MatmulDeviceOperation,64,300872.0
1048576,,MatmulDeviceOperation,64,300746.0
1989632,1,MatmulDeviceOperation,64,300703.0
2051072,1,MatmulDeviceOperation,64,300665.0
1263616,,MatmulDeviceOperation,64,300620.0
2327552,1,MatmulDeviceOperation,64,300536.0
1774592,1,MatmulDeviceOperation,64,300503.0
1079296,,MatmulDeviceOperation,64,300495.0
1294336,,MatmulDeviceOperation,64,300428.0
2081792,1,MatmulDeviceOperation,64,300351.0
710656,,MatmulDeviceOperation,64,300263.0
1928192,1,MatmulDeviceOperation,64,299957.0
741376,,MatmulDeviceOperation,64,299742.0
987136,,MatmulDeviceOperation,64,299621.0
2173952,1,MatmulDeviceOperation,64,299566.0
2143232,1,MatmulDeviceOperation,64,299526.0
649216,,MatmulDeviceOperation,64,299283.0
1590272,1,MatmulDeviceOperation,64,298371.0
557056,,MatmulDeviceOperation,64,298115.0
250880,,CopyDeviceOperation,64,267568.0
287744,,CopyDeviceOperation,64,267475.0
279552,,CopyDeviceOperation,64,266597.0
252928,,CopyDeviceOperation,64,263534.0
320512,,CopyDeviceOperation,64,263327.0
306176,,CopyDeviceOperation,64,262012.0
232448,,CopyDeviceOperation,64,261848.0
305152,,CopyDeviceOperation,64,261658.0
323584,,CopyDeviceOperation,64,261176.0
205824,,CopyDeviceOperation,64,259586.0
245760,,CopyDeviceOperation,64,258546.0
248832,,CopyDeviceOperation,64,258145.0
297984,,CopyDeviceOperation,64,257958.0
325632,,CopyDeviceOperation,64,257692.0
210944,,CopyDeviceOperation,64,257348.0
313344,,CopyDeviceOperation,64,257346.0
263168,,CopyDeviceOperation,64,257221.0
249856,,CopyDeviceOperation,64,256912.0
286720,,CopyDeviceOperation,64,256392.0
215040,,CopyDeviceOperation,64,256232.0
268288,,CopyDeviceOperation,64,255854.0
219136,,CopyDeviceOperation,64,255654.0
256000,,CopyDeviceOperation,64,255434.0
253952,,CopyDeviceOperation,64,254932.0
266240,,CopyDeviceOperation,64,254276.0
284672,,CopyDeviceOperation,64,254095.0
300032,,CopyDeviceOperation,64,253873.0
309248,,CopyDeviceOperation,64,253746.0
317440,,CopyDeviceOperation,64,253149.0
218112,,CopyDeviceOperation,64,252239.0
265216,,CopyDeviceOperation,64,250797.0
244736,,CopyDeviceOperation,64,250334.0
2046976,1,MatmulDeviceOperation,64,144564.0
491520,,MatmulDeviceOperation,64,144442.0
1985536,1,MatmulDeviceOperation,64,144129.0
1013760,,MatmulDeviceOperation,64,144125.0
1955840,1,MatmulDeviceOperation,64,144033.0
922624,,MatmulDeviceOperation,64,143805.0
1679360,1,MatmulDeviceOperation,64,143793.0
1617920,1,MatmulDeviceOperation,64,143787.0
1464320,1,MatmulDeviceOperation,64,143651.0
830464,,MatmulDeviceOperation,64,143640.0
1494016,1,MatmulDeviceOperation,64,143628.0
1954816,1,MatmulDeviceOperation,64,143597.0
1555456,1,MatmulDeviceOperation,64,143593.0
2048000,1,MatmulDeviceOperation,64,143561.0
860160,,MatmulDeviceOperation,64,143558.0
492544,,MatmulDeviceOperation,64,143522.0
1986560,1,MatmulDeviceOperation,64,143517.0
861184,,MatmulDeviceOperation,64,143514.0
1351680,,MatmulDeviceOperation,64,143497.0
1678336,1,MatmulDeviceOperation,64,143492.0
1616896,1,MatmulDeviceOperation,64,143471.0
1432576,1,MatmulDeviceOperation,64,143454.0
1106944,,MatmulDeviceOperation,64,143446.0
2262016,1,MatmulDeviceOperation,64,143419.0
1320960,,MatmulDeviceOperation,64,143415.0
1495040,1,MatmulDeviceOperation,64,143398.0
646144,,MatmulDeviceOperation,64,143396.0
2231296,1,MatmulDeviceOperation,64,143386.0
676864,,MatmulDeviceOperation,64,143365.0
1352704,,MatmulDeviceOperation,64,143343.0
2354176,1,MatmulDeviceOperation,64,143318.0
1924096,1,MatmulDeviceOperation,64,143317.0
707584,,MatmulDeviceOperation,64,143315.0
675840,,MatmulDeviceOperation,64,143294.0
1105920,,MatmulDeviceOperation,64,143291.0
890880,,MatmulDeviceOperation,64,143288.0
2170880,1,MatmulDeviceOperation,64,143258.0
461824,,MatmulDeviceOperation,64,143249.0
738304,,MatmulDeviceOperation,64,143245.0
645120,,MatmulDeviceOperation,64,143244.0
2355200,1,MatmulDeviceOperation,64,143243.0
400384,,MatmulDeviceOperation,64,143233.0
523264,,MatmulDeviceOperation,64,143225.0
769024,,MatmulDeviceOperation,64,143212.0
1198080,,MatmulDeviceOperation,64,143192.0
460800,,MatmulDeviceOperation,64,143181.0
921600,,MatmulDeviceOperation,64,143181.0
399360,,MatmulDeviceOperation,64,143180.0
1044480,,MatmulDeviceOperation,64,143154.0
1770496,1,MatmulDeviceOperation,64,143135.0
1463296,1,MatmulDeviceOperation,64,143119.0
1709056,1,MatmulDeviceOperation,64,143113.0
737280,,MatmulDeviceOperation,64,143106.0
552960,,MatmulDeviceOperation,64,143104.0
952320,,MatmulDeviceOperation,64,143104.0
2323456,1,MatmulDeviceOperation,64,143101.0
983040,,MatmulDeviceOperation,64,143091.0
2292736,1,MatmulDeviceOperation,64,143081.0
1586176,1,MatmulDeviceOperation,64,143071.0
1524736,1,MatmulDeviceOperation,64,143068.0
2169856,1,MatmulDeviceOperation,64,143064.0
1831936,1,MatmulDeviceOperation,64,143054.0
1321984,,MatmulDeviceOperation,64,143049.0
1801216,1,MatmulDeviceOperation,64,143040.0
2077696,1,MatmulDeviceOperation,64,143038.0
799744,,MatmulDeviceOperation,64,143037.0
1862656,1,MatmulDeviceOperation,64,143033.0
2016256,1,MatmulDeviceOperation,64,143021.0
984064,,MatmulDeviceOperation,64,143010.0
2108416,1,MatmulDeviceOperation,64,143004.0
1228800,,MatmulDeviceOperation,64,142993.0
1075200,,MatmulDeviceOperation,64,142979.0
583680,,MatmulDeviceOperation,64,142965.0
431104,,MatmulDeviceOperation,64,142957.0
615424,,MatmulDeviceOperation,64,142945.0
1076224,,MatmulDeviceOperation,64,142944.0
829440,,MatmulDeviceOperation,64,142933.0
584704,,MatmulDeviceOperation,64,142931.0
1229824,,MatmulDeviceOperation,64,142921.0
768000,,MatmulDeviceOperation,64,142920.0
1045504,,MatmulDeviceOperation,64,142919.0
1259520,,MatmulDeviceOperation,64,142916.0
1291264,,MatmulDeviceOperation,64,142916.0
1832960,1,MatmulDeviceOperation,64,142904.0
430080,,MatmulDeviceOperation,64,142902.0
1014784,,MatmulDeviceOperation,64,142898.0
1290240,,MatmulDeviceOperation,64,142885.0
2200576,1,MatmulDeviceOperation,64,142869.0
2384896,1,MatmulDeviceOperation,64,142847.0
614400,,MatmulDeviceOperation,64,142844.0
1647616,1,MatmulDeviceOperation,64,142834.0
1137664,,MatmulDeviceOperation,64,142827.0
553984,,MatmulDeviceOperation,64,142824.0
2109440,1,MatmulDeviceOperation,64,142818.0
522240,,MatmulDeviceOperation,64,142808.0
1167360,,MatmulDeviceOperation,64,142802.0
706560,,MatmulDeviceOperation,64,142799.0
798720,,MatmulDeviceOperation,64,142796.0
1199104,,MatmulDeviceOperation,64,142755.0
891904,,MatmulDeviceOperation,64,142724.0
2017280,1,MatmulDeviceOperation,64,142715.0
1739776,1,MatmulDeviceOperation,64,142698.0
2232320,1,MatmulDeviceOperation,64,142694.0
2201600,1,MatmulDeviceOperation,64,142664.0
1260544,,MatmulDeviceOperation,64,142623.0
1863680,1,MatmulDeviceOperation,64,142603.0
1525760,1,MatmulDeviceOperation,64,142601.0
1168384,,MatmulDeviceOperation,64,142563.0
1894400,1,MatmulDeviceOperation,64,142551.0
2263040,1,MatmulDeviceOperation,64,142529.0
1556480,1,MatmulDeviceOperation,64,142522.0
1925120,1,MatmulDeviceOperation,64,142502.0
1802240,1,MatmulDeviceOperation,64,142476.0
953344,,MatmulDeviceOperation,64,142441.0
1893376,1,MatmulDeviceOperation,64,142433.0
1648640,1,MatmulDeviceOperation,64,142419.0
2139136,1,MatmulDeviceOperation,64,142402.0
2324480,1,MatmulDeviceOperation,64,142388.0
1136640,,MatmulDeviceOperation,64,142361.0
1433600,1,MatmulDeviceOperation,64,142346.0
1740800,1,MatmulDeviceOperation,64,142331.0
2385920,1,MatmulDeviceOperation,64,142327.0
1587200,1,MatmulDeviceOperation,64,142286.0
1771520,1,MatmulDeviceOperation,64,142275.0
2140160,1,MatmulDeviceOperation,64,142187.0
2293760,1,MatmulDeviceOperation,64,142119.0
2078720,1,MatmulDeviceOperation,64,142036.0
1710080,1,MatmulDeviceOperation,64,141850.0
2362368,1,MatmulDeviceOperation,64,116217.0
2178048,1,MatmulDeviceOperation,64,116020.0
806912,,MatmulDeviceOperation,64,115847.0
2270208,1,MatmulDeviceOperation,64,115801.0
1502208,1,MatmulDeviceOperation,64,115771.0
745472,,MatmulDeviceOperation,64,115753.0
2331648,1,MatmulDeviceOperation,64,115711.0
1963008,1,MatmulDeviceOperation,64,115639.0
1778688,1,MatmulDeviceOperation,64,115632.0
1471488,1,MatmulDeviceOperation,64,115612.0
1932288,1,MatmulDeviceOperation,64,115511.0
1625088,1,MatmulDeviceOperation,64,115504.0
1655808,1,MatmulDeviceOperation,64,115450.0
1376256,1,MatmulDeviceOperation,64,115426.0
1809408,1,MatmulDeviceOperation,64,115417.0
343040,,MatmulDeviceOperation,64,115386.0
1563648,1,MatmulDeviceOperation,64,115354.0
1870848,1,MatmulDeviceOperation,64,115351.0
2085888,1,MatmulDeviceOperation,64,115338.0
1440768,1,MatmulDeviceOperation,64,115302.0
1052672,,MatmulDeviceOperation,64,115300.0
1206272,,MatmulDeviceOperation,64,115300.0
1840128,1,MatmulDeviceOperation,64,115281.0
960512,,MatmulDeviceOperation,64,115266.0
929792,,MatmulDeviceOperation,64,115251.0
1532928,1,MatmulDeviceOperation,64,115233.0
1901568,1,MatmulDeviceOperation,64,115217.0
2300928,1,MatmulDeviceOperation,64,115208.0
407552,,MatmulDeviceOperation,64,115194.0
1021952,,MatmulDeviceOperation,64,115173.0
2208768,1,MatmulDeviceOperation,64,115165.0
2147328,1,MatmulDeviceOperation,64,115150.0
1594368,1,MatmulDeviceOperation,64,115149.0
1717248,1,MatmulDeviceOperation,64,115122.0
468992,,MatmulDeviceOperation,64,115121.0
653312,,MatmulDeviceOperation,64,115120.0
2239488,1,MatmulDeviceOperation,64,115116.0
1267712,,MatmulDeviceOperation,64,115114.0
561152,,MatmulDeviceOperation,64,115110.0
1686528,1,MatmulDeviceOperation,64,115107.0
1298432,,MatmulDeviceOperation,64,115101.0
991232,,MatmulDeviceOperation,64,115085.0
1236992,,MatmulDeviceOperation,64,115082.0
499712,,MatmulDeviceOperation,64,115069.0
1329152,,MatmulDeviceOperation,64,115067.0
1144832,,MatmulDeviceOperation,64,115058.0
684032,,MatmulDeviceOperation,64,115054.0
2116608,1,MatmulDeviceOperation,64,115051.0
1993728,1,MatmulDeviceOperation,64,115035.0
1175552,,MatmulDeviceOperation,64,115034.0
1747968,1,MatmulDeviceOperation,64,115024.0
776192,,MatmulDeviceOperation,64,115006.0
1114112,,MatmulDeviceOperation,64,115004.0
591872,,MatmulDeviceOperation,64,114989.0
868352,,MatmulDeviceOperation,64,114989.0
837632,,MatmulDeviceOperation,64,114982.0
2055168,1,MatmulDeviceOperation,64,114941.0
714752,,MatmulDeviceOperation,64,114905.0
2024448,1,MatmulDeviceOperation,64,114872.0
899072,,MatmulDeviceOperation,64,114870.0
1083392,,MatmulDeviceOperation,64,114848.0
622592,,MatmulDeviceOperation,64,114825.0
438272,,MatmulDeviceOperation,64,114791.0
530432,,MatmulDeviceOperation,64,114660.0
2394112,1,UntilizeDeviceOperation,62,112574.0
1360896,,UntilizeDeviceOperation,63,111652.0
133120,,TilizeDeviceOperation,64,101223.0
90112,,TilizeDeviceOperation,64,100332.0
26624,,TilizeDeviceOperation,64,99153.0
32768,,TilizeDeviceOperation,64,98928.0
51200,,TilizeDeviceOperation,64,98571.0
161792,,TilizeDeviceOperation,64,98107.0
10240,,TilizeDeviceOperation,64,97777.0
83968,,TilizeDeviceOperation,64,97660.0
174080,,TilizeDeviceOperation,64,97578.0
163840,,TilizeDeviceOperation,64,97506.0
186368,,TilizeDeviceOperation,64,97480.0
151552,,TilizeDeviceOperation,64,97317.0
100352,,TilizeDeviceOperation,64,97276.0
69632,,TilizeDeviceOperation,64,97255.0
45056,,TilizeDeviceOperation,64,97247.0
14336,,TilizeDeviceOperation,64,97246.0
167936,,TilizeDeviceOperation,64,97245.0
137216,,TilizeDeviceOperation,64,97190.0
65536,,TilizeDeviceOperation,64,97148.0
114688,,TilizeDeviceOperation,64,97120.0
157696,,TilizeDeviceOperation,64,96989.0
63488,,TilizeDeviceOperation,64,96961.0
71680,,TilizeDeviceOperation,64,96938.0
22528,,TilizeDeviceOperation,64,96920.0
47104,,TilizeDeviceOperation,64,96873.0
108544,,TilizeDeviceOperation,64,96828.0
57344,,TilizeDeviceOperation,64,96742.0
180224,,TilizeDeviceOperation,64,96706.0
112640,,TilizeDeviceOperation,64,96667.0
75776,,TilizeDeviceOperation,64,96575.0
77824,,TilizeDeviceOperation,64,96551.0
40960,,TilizeDeviceOperation,64,96539.0
149504,,TilizeDeviceOperation,64,96510.0
192512,,TilizeDeviceOperation,64,96482.0
155648,,TilizeDeviceOperation,64,96294.0
4096,,TilizeDeviceOperation,64,96264.0
16384,,TilizeDeviceOperation,64,96251.0
94208,,TilizeDeviceOperation,64,96158.0
28672,,TilizeDeviceOperation,64,96145.0
53248,,TilizeDeviceOperation,64,96098.0
182272,,TilizeDeviceOperation,64,96077.0
118784,,TilizeDeviceOperation,64,96021.0
106496,,TilizeDeviceOperation,64,96019.0
124928,,TilizeDeviceOperation,64,95954.0
120832,,TilizeDeviceOperation,64,95933.0
169984,,TilizeDeviceOperation,64,95926.0
194560,,TilizeDeviceOperation,64,95911.0
131072,,TilizeDeviceOperation,64,95901.0
176128,,TilizeDeviceOperation,64,95854.0
34816,,TilizeDeviceOperation,64,95818.0
145408,,TilizeDeviceOperation,64,95770.0
88064,,TilizeDeviceOperation,64,95735.0
126976,,TilizeDeviceOperation,64,95714.0
139264,,TilizeDeviceOperation,64,95680.0
81920,,TilizeDeviceOperation,64,95643.0
96256,,TilizeDeviceOperation,64,95549.0
102400,,TilizeDeviceOperation,64,95533.0
2048,,TilizeDeviceOperation,64,95520.0
143360,,TilizeDeviceOperation,64,95339.0
59392,,TilizeDeviceOperation,64,95263.0
20480,,TilizeDeviceOperation,64,95225.0
188416,,TilizeDeviceOperation,64,94497.0
8192,,TilizeDeviceOperation,64,94355.0
38912,,TilizeDeviceOperation,64,93896.0
2380800,1,MatmulDeviceOperation,64,81873.0
579584,,MatmulDeviceOperation,64,81351.0
1428480,1,MatmulDeviceOperation,64,81322.0
1224704,,MatmulDeviceOperation,64,81090.0
1827840,1,MatmulDeviceOperation,64,81067.0
702464,,MatmulDeviceOperation,64,81062.0
1766400,1,MatmulDeviceOperation,64,80996.0
2319360,1,MatmulDeviceOperation,64,80922.0
1040384,,MatmulDeviceOperation,64,80897.0
2165760,1,MatmulDeviceOperation,64,80893.0
425984,,MatmulDeviceOperation,64,80861.0
1286144,,MatmulDeviceOperation,64,80856.0
948224,,MatmulDeviceOperation,64,80845.0
1643520,1,MatmulDeviceOperation,64,80791.0
2042880,1,MatmulDeviceOperation,64,80785.0
1101824,,MatmulDeviceOperation,64,80710.0
610304,,MatmulDeviceOperation,64,80692.0
2288640,1,MatmulDeviceOperation,64,80665.0
1163264,,MatmulDeviceOperation,64,80664.0
1193984,,MatmulDeviceOperation,64,80657.0
1489920,1,MatmulDeviceOperation,64,80649.0
641024,,MatmulDeviceOperation,64,80629.0
978944,,MatmulDeviceOperation,64,80613.0
1316864,,MatmulDeviceOperation,64,80595.0
1612800,1,MatmulDeviceOperation,64,80594.0
2196480,1,MatmulDeviceOperation,64,80587.0
487424,,MatmulDeviceOperation,64,80567.0
1009664,,MatmulDeviceOperation,64,80563.0
1520640,1,MatmulDeviceOperation,64,80559.0
518144,,MatmulDeviceOperation,64,80533.0
1132544,,MatmulDeviceOperation,64,80532.0
395264,,MatmulDeviceOperation,64,80511.0
886784,,MatmulDeviceOperation,64,80505.0
1920000,1,MatmulDeviceOperation,64,80505.0
1704960,1,MatmulDeviceOperation,64,80496.0
1950720,1,MatmulDeviceOperation,64,80491.0
917504,,MatmulDeviceOperation,64,80489.0
825344,,MatmulDeviceOperation,64,80478.0
1347584,,MatmulDeviceOperation,64,80470.0
733184,,MatmulDeviceOperation,64,80464.0
1255424,,MatmulDeviceOperation,64,80457.0
2350080,1,MatmulDeviceOperation,64,80449.0
548864,,MatmulDeviceOperation,64,80434.0
671744,,MatmulDeviceOperation,64,80434.0
1735680,1,MatmulDeviceOperation,64,80425.0
2012160,1,MatmulDeviceOperation,64,80380.0
456704,,MatmulDeviceOperation,64,80369.0
1459200,1,MatmulDeviceOperation,64,80366.0
763904,,MatmulDeviceOperation,64,80345.0
1797120,1,MatmulDeviceOperation,64,80342.0
2104320,1,MatmulDeviceOperation,64,80336.0
1582080,1,MatmulDeviceOperation,64,80325.0
856064,,MatmulDeviceOperation,64,80323.0
1674240,1,MatmulDeviceOperation,64,80317.0
1071104,,MatmulDeviceOperation,64,80310.0
1981440,1,MatmulDeviceOperation,64,80248.0
2257920,1,MatmulDeviceOperation,64,80228.0
1889280,1,MatmulDeviceOperation,64,80206.0
2227200,1,MatmulDeviceOperation,64,80118.0
2073600,1,MatmulDeviceOperation,64,80100.0
794624,,MatmulDeviceOperation,64,80078.0
1551360,1,MatmulDeviceOperation,64,80077.0
1858560,1,MatmulDeviceOperation,64,80004.0
2135040,1,MatmulDeviceOperation,64,79962.0
1881088,1,SdpaDecodeDeviceOperation,64,73981.0
1758208,1,SdpaDecodeDeviceOperation,64,73488.0
1942528,1,SdpaDecodeDeviceOperation,64,73282.0
1911808,1,SdpaDecodeDeviceOperation,64,73247.0
2096128,1,SdpaDecodeDeviceOperation,64,73135.0
1032192,,SdpaDecodeDeviceOperation,64,73095.0
1850368,1,SdpaDecodeDeviceOperation,64,73020.0
1635328,1,SdpaDecodeDeviceOperation,64,73013.0
1666048,1,SdpaDecodeDeviceOperation,64,73012.0
1001472,,SdpaDecodeDeviceOperation,64,72983.0
1727488,1,SdpaDecodeDeviceOperation,64,72779.0
2188288,1,SdpaDecodeDeviceOperation,64,72731.0
2311168,1,SdpaDecodeDeviceOperation,64,72540.0
417792,,SdpaDecodeDeviceOperation,64,72515.0
1604608,1,SdpaDecodeDeviceOperation,64,72417.0
1416192,1,SdpaDecodeDeviceOperation,64,72400.0
509952,,SdpaDecodeDeviceOperation,64,72296.0
2157568,1,SdpaDecodeDeviceOperation,64,72158.0
2034688,1,SdpaDecodeDeviceOperation,64,72108.0
909312,,SdpaDecodeDeviceOperation,64,72085.0
1696768,1,SdpaDecodeDeviceOperation,64,71981.0
479232,,SdpaDecodeDeviceOperation,64,71979.0
2372608,1,SdpaDecodeDeviceOperation,64,71960.0
2065408,1,SdpaDecodeDeviceOperation,64,71954.0
1062912,,SdpaDecodeDeviceOperation,64,71947.0
632832,,SdpaDecodeDeviceOperation,64,71935.0
847872,,SdpaDecodeDeviceOperation,64,71907.0
2003968,1,SdpaDecodeDeviceOperation,64,71886.0
663552,,SdpaDecodeDeviceOperation,64,71861.0
2249728,1,SdpaDecodeDeviceOperation,64,71805.0
1543168,1,SdpaDecodeDeviceOperation,64,71778.0
1512448,1,SdpaDecodeDeviceOperation,64,71760.0
970752,,SdpaDecodeDeviceOperation,64,71727.0
1573888,1,SdpaDecodeDeviceOperation,64,71691.0
602112,,SdpaDecodeDeviceOperation,64,71669.0
2280448,1,SdpaDecodeDeviceOperation,64,71596.0
1093632,,SdpaDecodeDeviceOperation,64,71585.0
540672,,SdpaDecodeDeviceOperation,64,71581.0
1451008,1,SdpaDecodeDeviceOperation,64,71569.0
382976,,SdpaDecodeDeviceOperation,64,71489.0
2341888,1,SdpaDecodeDeviceOperation,64,71475.0
571392,,SdpaDecodeDeviceOperation,64,71404.0
1819648,1,SdpaDecodeDeviceOperation,64,71372.0
1277952,,SdpaDecodeDeviceOperation,64,71293.0
940032,,SdpaDecodeDeviceOperation,64,71278.0
786432,,SdpaDecodeDeviceOperation,64,71252.0
1247232,,SdpaDecodeDeviceOperation,64,71208.0
1788928,1,SdpaDecodeDeviceOperation,64,71103.0
1481728,1,SdpaDecodeDeviceOperation,64,71078.0
1339392,,SdpaDecodeDeviceOperation,64,71076.0
448512,,SdpaDecodeDeviceOperation,64,70974.0
1973248,1,SdpaDecodeDeviceOperation,64,70943.0
54272,,TypecastDeviceOperation,64,70869.0
84992,,TypecastDeviceOperation,64,70799.0
694272,,SdpaDecodeDeviceOperation,64,70799.0
2219008,1,SdpaDecodeDeviceOperation,64,70799.0
35840,,TypecastDeviceOperation,64,70759.0
755712,,SdpaDecodeDeviceOperation,64,70757.0
1155072,,SdpaDecodeDeviceOperation,64,70726.0
2126848,1,SdpaDecodeDeviceOperation,64,70698.0
817152,,SdpaDecodeDeviceOperation,64,70677.0
724992,,SdpaDecodeDeviceOperation,64,70579.0
1124352,,SdpaDecodeDeviceOperation,64,70577.0
1185792,,SdpaDecodeDeviceOperation,64,70478.0
183296,,TypecastDeviceOperation,64,70385.0
164864,,TypecastDeviceOperation,64,70316.0
152576,,TypecastDeviceOperation,64,70291.0
1216512,,SdpaDecodeDeviceOperation,64,70269.0
175104,,TypecastDeviceOperation,64,70183.0
46080,,TypecastDeviceOperation,64,70177.0
95232,,TypecastDeviceOperation,64,70109.0
878592,,SdpaDecodeDeviceOperation,64,70048.0
134144,,TypecastDeviceOperation,64,70033.0
1308672,,SdpaDecodeDeviceOperation,64,69967.0
193536,,TypecastDeviceOperation,64,69858.0
144384,,TypecastDeviceOperation,64,69843.0
162816,,TypecastDeviceOperation,64,69787.0
64512,,TypecastDeviceOperation,64,69746.0
58368,,TypecastDeviceOperation,64,69745.0
103424,,TypecastDeviceOperation,64,69691.0
76800,,TypecastDeviceOperation,64,69614.0
115712,,TypecastDeviceOperation,64,69551.0
5120,,TypecastDeviceOperation,64,69467.0
15360,,TypecastDeviceOperation,64,69452.0
39936,,TypecastDeviceOperation,64,69438.0
17408,,TypecastDeviceOperation,64,69421.0
140288,,TypecastDeviceOperation,64,69350.0
125952,,TypecastDeviceOperation,64,69331.0
78848,,TypecastDeviceOperation,64,69296.0
113664,,TypecastDeviceOperation,64,69160.0
101376,,TypecastDeviceOperation,64,69156.0
119808,,TypecastDeviceOperation,64,69132.0
48128,,TypecastDeviceOperation,64,69071.0
41984,,TypecastDeviceOperation,64,69056.0
70656,,TypecastDeviceOperation,64,69027.0
171008,,TypecastDeviceOperation,64,68955.0
97280,,TypecastDeviceOperation,64,68938.0
128000,,TypecastDeviceOperation,64,68894.0
156672,,TypecastDeviceOperation,64,68853.0
11264,,TypecastDeviceOperation,64,68844.0
158720,,TypecastDeviceOperation,64,68844.0
121856,,TypecastDeviceOperation,64,68833.0
27648,,TypecastDeviceOperation,64,68798.0
181248,,TypecastDeviceOperation,64,68713.0
66560,,TypecastDeviceOperation,64,68590.0
132096,,TypecastDeviceOperation,64,68519.0
109568,,TypecastDeviceOperation,64,68515.0
72704,,TypecastDeviceOperation,64,68508.0
33792,,TypecastDeviceOperation,64,68492.0
3072,,TypecastDeviceOperation,64,68318.0
189440,,TypecastDeviceOperation,64,68291.0
9216,,TypecastDeviceOperation,64,68259.0
82944,,TypecastDeviceOperation,64,68230.0
146432,,TypecastDeviceOperation,64,68221.0
195584,,TypecastDeviceOperation,64,68159.0
107520,,TypecastDeviceOperation,64,68113.0
89088,,TypecastDeviceOperation,64,68039.0
187392,,TypecastDeviceOperation,64,68022.0
177152,,TypecastDeviceOperation,64,67946.0
52224,,TypecastDeviceOperation,64,67943.0
91136,,TypecastDeviceOperation,64,67894.0
21504,,TypecastDeviceOperation,64,67851.0
23552,,TypecastDeviceOperation,64,67731.0
138240,,TypecastDeviceOperation,64,67613.0
60416,,TypecastDeviceOperation,64,67575.0
150528,,TypecastDeviceOperation,64,67410.0
29696,,TypecastDeviceOperation,64,67391.0
168960,,TypecastDeviceOperation,64,67095.0
2393088,1,ShardedToInterleavedDeviceOperation,63,58662.0
1359872,,ShardedToInterleavedDeviceOperation,64,58522.0
1372160,1,EmbeddingsDeviceOperation,1,39322.0
338944,,EmbeddingsDeviceOperation,1,38767.0
1158144,,TernaryDeviceOperation,64,26996.0
543744,,TernaryDeviceOperation,64,26933.0
390144,,TernaryDeviceOperation,64,26931.0
912384,,TernaryDeviceOperation,64,26838.0
728064,,TernaryDeviceOperation,64,26825.0
605184,,TernaryDeviceOperation,64,26824.0
420864,,TernaryDeviceOperation,64,26822.0
513024,,TernaryDeviceOperation,64,26786.0
1342464,,TernaryDeviceOperation,64,26785.0
574464,,TernaryDeviceOperation,64,26773.0
820224,,TernaryDeviceOperation,64,26772.0
1281024,,TernaryDeviceOperation,64,26755.0
850944,,TernaryDeviceOperation,64,26751.0
943104,,TernaryDeviceOperation,64,26730.0
758784,,TernaryDeviceOperation,64,26709.0
1035264,,TernaryDeviceOperation,64,26708.0
1250304,,TernaryDeviceOperation,64,26696.0
1515520,1,TernaryDeviceOperation,64,26696.0
1188864,,TernaryDeviceOperation,64,26690.0
1127424,,TernaryDeviceOperation,64,26687.0
1096704,,TernaryDeviceOperation,64,26685.0
1311744,,TernaryDeviceOperation,64,26682.0
451584,,TernaryDeviceOperation,64,26670.0
666624,,TernaryDeviceOperation,64,26651.0
1219584,,TernaryDeviceOperation,64,26629.0
881664,,TernaryDeviceOperation,64,26607.0
973824,,TernaryDeviceOperation,64,26604.0
1004544,,TernaryDeviceOperation,64,26571.0
482304,,TernaryDeviceOperation,64,26568.0
1065984,,TernaryDeviceOperation,64,26555.0
635904,,TernaryDeviceOperation,64,26534.0
789504,,TernaryDeviceOperation,64,26524.0
697344,,TernaryDeviceOperation,64,26491.0
2375680,1,TernaryDeviceOperation,64,25965.0
2191360,1,TernaryDeviceOperation,64,25677.0
1914880,1,TernaryDeviceOperation,64,25537.0
2283520,1,TernaryDeviceOperation,64,25537.0
2099200,1,TernaryDeviceOperation,64,25510.0
2252800,1,TernaryDeviceOperation,64,25481.0
2344960,1,TernaryDeviceOperation,64,25461.0
1454080,1,TernaryDeviceOperation,64,25442.0
1607680,1,TernaryDeviceOperation,64,25393.0
2129920,1,TernaryDeviceOperation,64,25384.0
1699840,1,TernaryDeviceOperation,64,25345.0
1546240,1,TernaryDeviceOperation,64,25334.0
1576960,1,TernaryDeviceOperation,64,25284.0
2160640,1,TernaryDeviceOperation,64,25252.0
2068480,1,TernaryDeviceOperation,64,25222.0
2222080,1,TernaryDeviceOperation,64,25200.0
2007040,1,TernaryDeviceOperation,64,25130.0
1884160,1,TernaryDeviceOperation,64,25128.0
2037760,1,TernaryDeviceOperation,64,25103.0
1401856,1,TernaryDeviceOperation,64,25089.0
1853440,1,TernaryDeviceOperation,64,25079.0
1730560,1,TernaryDeviceOperation,64,25054.0
1761280,1,TernaryDeviceOperation,64,25032.0
1822720,1,TernaryDeviceOperation,64,25017.0
1669120,1,TernaryDeviceOperation,64,25001.0
1638400,1,TernaryDeviceOperation,64,24997.0
368640,,TernaryDeviceOperation,64,24968.0
1976320,1,TernaryDeviceOperation,64,24968.0
1423360,1,TernaryDeviceOperation,64,24960.0
1792000,1,TernaryDeviceOperation,64,24941.0
1945600,1,TernaryDeviceOperation,64,24905.0
1484800,1,TernaryDeviceOperation,64,24878.0
2314240,1,TernaryDeviceOperation,64,24750.0
2180096,1,NLPCreateQKVHeadsDecodeDeviceOperation,32,20295.0
2118656,1,NLPCreateQKVHeadsDecodeDeviceOperation,32,20287.0
2087936,1,NLPCreateQKVHeadsDecodeDeviceOperation,32,20099.0
1903616,1,NLPCreateQKVHeadsDecodeDeviceOperation,32,20010.0
2302976,1,NLPCreateQKVHeadsDecodeDeviceOperation,32,19998.0
1842176,1,NLPCreateQKVHeadsDecodeDeviceOperation,32,19986.0
2241536,1,NLPCreateQKVHeadsDecodeDeviceOperation,32,19921.0
2057216,1,NLPCreateQKVHeadsDecodeDeviceOperation,32,19918.0
1995776,1,NLPCreateQKVHeadsDecodeDeviceOperation,32,19855.0
1965056,1,NLPCreateQKVHeadsDecodeDeviceOperation,32,19833.0
1811456,1,NLPCreateQKVHeadsDecodeDeviceOperation,32,19818.0
2026496,1,NLPCreateQKVHeadsDecodeDeviceOperation,32,19804.0
778240,,NLPCreateQKVHeadsDecodeDeviceOperation,32,19729.0
962560,,NLPCreateQKVHeadsDecodeDeviceOperation,32,19728.0
1780736,1,NLPCreateQKVHeadsDecodeDeviceOperation,32,19718.0
1934336,1,NLPCreateQKVHeadsDecodeDeviceOperation,32,19717.0
440320,,NLPCreateQKVHeadsDecodeDeviceOperation,32,19713.0
747520,,NLPCreateQKVHeadsDecodeDeviceOperation,32,19669.0
563200,,NLPCreateQKVHeadsDecodeDeviceOperation,32,19665.0
993280,,NLPCreateQKVHeadsDecodeDeviceOperation,32,19663.0
1146880,,NLPCreateQKVHeadsDecodeDeviceOperation,32,19662.0
686080,,NLPCreateQKVHeadsDecodeDeviceOperation,32,19655.0
1177600,,NLPCreateQKVHeadsDecodeDeviceOperation,32,19655.0
1208320,,NLPCreateQKVHeadsDecodeDeviceOperation,32,19651.0
501760,,NLPCreateQKVHeadsDecodeDeviceOperation,32,19647.0
345088,,NLPCreateQKVHeadsDecodeDeviceOperation,32,19643.0
1116160,,NLPCreateQKVHeadsDecodeDeviceOperation,32,19637.0
532480,,NLPCreateQKVHeadsDecodeDeviceOperation,32,19635.0
808960,,NLPCreateQKVHeadsDecodeDeviceOperation,32,19621.0
870400,,NLPCreateQKVHeadsDecodeDeviceOperation,32,19616.0
655360,,NLPCreateQKVHeadsDecodeDeviceOperation,32,19614.0
1054720,,NLPCreateQKVHeadsDecodeDeviceOperation,32,19609.0
409600,,NLPCreateQKVHeadsDecodeDeviceOperation,32,19605.0
1024000,,NLPCreateQKVHeadsDecodeDeviceOperation,32,19602.0
839680,,NLPCreateQKVHeadsDecodeDeviceOperation,32,19596.0
1331200,,NLPCreateQKVHeadsDecodeDeviceOperation,32,19589.0
716800,,NLPCreateQKVHeadsDecodeDeviceOperation,32,19583.0
593920,,NLPCreateQKVHeadsDecodeDeviceOperation,32,19580.0
1085440,,NLPCreateQKVHeadsDecodeDeviceOperation,32,19576.0
1269760,,NLPCreateQKVHeadsDecodeDeviceOperation,32,19560.0
901120,,NLPCreateQKVHeadsDecodeDeviceOperation,32,19559.0
471040,,NLPCreateQKVHeadsDecodeDeviceOperation,32,19553.0
624640,,NLPCreateQKVHeadsDecodeDeviceOperation,32,19549.0
1239040,,NLPCreateQKVHeadsDecodeDeviceOperation,32,19549.0
931840,,NLPCreateQKVHeadsDecodeDeviceOperation,32,19544.0
1300480,,NLPCreateQKVHeadsDecodeDeviceOperation,32,19537.0
2233344,1,BinaryNgDeviceOperation,64,19394.0
2079744,1,BinaryNgDeviceOperation,64,19393.0
1750016,1,NLPCreateQKVHeadsDecodeDeviceOperation,32,19392.0
1557504,1,BinaryNgDeviceOperation,64,19391.0
2202624,1,BinaryNgDeviceOperation,64,19391.0
1649664,1,BinaryNgDeviceOperation,64,19388.0
2356224,1,BinaryNgDeviceOperation,64,19388.0
1526784,1,BinaryNgDeviceOperation,64,19387.0
1803264,1,BinaryNgDeviceOperation,64,19386.0
1588224,1,BinaryNgDeviceOperation,64,19384.0
2110464,1,BinaryNgDeviceOperation,64,19384.0
2386944,1,BinaryNgDeviceOperation,63,19384.0
1864704,1,BinaryNgDeviceOperation,64,19383.0
1987584,1,BinaryNgDeviceOperation,64,19383.0
1926144,1,BinaryNgDeviceOperation,64,19381.0
1496064,1,BinaryNgDeviceOperation,64,19380.0
1895424,1,BinaryNgDeviceOperation,64,19380.0
2171904,1,BinaryNgDeviceOperation,64,19378.0
1956864,1,BinaryNgDeviceOperation,64,19377.0
2049024,1,BinaryNgDeviceOperation,64,19377.0
2141184,1,BinaryNgDeviceOperation,64,19377.0
2325504,1,BinaryNgDeviceOperation,64,19375.0
1680384,1,BinaryNgDeviceOperation,64,19373.0
1772544,1,BinaryNgDeviceOperation,64,19373.0
1434624,1,BinaryNgDeviceOperation,64,19368.0
2294784,1,BinaryNgDeviceOperation,64,19365.0
1711104,1,BinaryNgDeviceOperation,64,19363.0
1741824,1,BinaryNgDeviceOperation,64,19363.0
1833984,1,BinaryNgDeviceOperation,64,19361.0
2264064,1,BinaryNgDeviceOperation,64,19361.0
2018304,1,BinaryNgDeviceOperation,64,19358.0
1465344,1,BinaryNgDeviceOperation,64,19342.0
1618944,1,BinaryNgDeviceOperation,64,19342.0
401408,,BinaryNgDeviceOperation,64,19312.0
770048,,BinaryNgDeviceOperation,64,19308.0
739328,,BinaryNgDeviceOperation,64,19301.0
1292288,,BinaryNgDeviceOperation,64,19300.0
647168,,BinaryNgDeviceOperation,64,19297.0
800768,,BinaryNgDeviceOperation,64,19291.0
1353728,,BinaryNgDeviceOperation,64,19289.0
585728,,BinaryNgDeviceOperation,64,19283.0
1442816,1,NLPCreateQKVHeadsDecodeDeviceOperation,32,19283.0
1046528,,BinaryNgDeviceOperation,64,19278.0
1138688,,BinaryNgDeviceOperation,64,19276.0
432128,,BinaryNgDeviceOperation,64,19275.0
1015808,,BinaryNgDeviceOperation,64,19275.0
2364416,1,NLPCreateQKVHeadsDecodeDeviceOperation,32,19275.0
555008,,BinaryNgDeviceOperation,64,19274.0
831488,,BinaryNgDeviceOperation,64,19274.0
1261568,,BinaryNgDeviceOperation,64,19274.0
1378304,1,NLPCreateQKVHeadsDecodeDeviceOperation,32,19274.0
1200128,,BinaryNgDeviceOperation,64,19272.0
524288,,BinaryNgDeviceOperation,64,19270.0
616448,,BinaryNgDeviceOperation,64,19270.0
1169408,,BinaryNgDeviceOperation,64,19270.0
1323008,,BinaryNgDeviceOperation,64,19270.0
1230848,,BinaryNgDeviceOperation,64,19264.0
2149376,1,NLPCreateQKVHeadsDecodeDeviceOperation,32,19264.0
862208,,BinaryNgDeviceOperation,64,19262.0
462848,,BinaryNgDeviceOperation,64,19261.0
493568,,BinaryNgDeviceOperation,64,19261.0
985088,,BinaryNgDeviceOperation,64,19261.0
708608,,BinaryNgDeviceOperation,64,19259.0
923648,,BinaryNgDeviceOperation,64,19257.0
2210816,1,NLPCreateQKVHeadsDecodeDeviceOperation,32,19256.0
1107968,,BinaryNgDeviceOperation,64,19255.0
1077248,,BinaryNgDeviceOperation,64,19252.0
2272256,1,NLPCreateQKVHeadsDecodeDeviceOperation,32,19252.0
677888,,BinaryNgDeviceOperation,64,19246.0
892928,,BinaryNgDeviceOperation,64,19242.0
954368,,BinaryNgDeviceOperation,64,19238.0
1627136,1,NLPCreateQKVHeadsDecodeDeviceOperation,32,19234.0
1473536,1,NLPCreateQKVHeadsDecodeDeviceOperation,32,19221.0
2333696,1,NLPCreateQKVHeadsDecodeDeviceOperation,32,19206.0
1504256,1,NLPCreateQKVHeadsDecodeDeviceOperation,32,19194.0
1719296,1,NLPCreateQKVHeadsDecodeDeviceOperation,32,19193.0
1688576,1,NLPCreateQKVHeadsDecodeDeviceOperation,32,19192.0
1872896,1,NLPCreateQKVHeadsDecodeDeviceOperation,32,19179.0
1534976,1,NLPCreateQKVHeadsDecodeDeviceOperation,32,19174.0
1565696,1,NLPCreateQKVHeadsDecodeDeviceOperation,32,19159.0
1657856,1,NLPCreateQKVHeadsDecodeDeviceOperation,32,19151.0
1596416,1,NLPCreateQKVHeadsDecodeDeviceOperation,32,19146.0
1431552,1,LayerNormDeviceOperation,8,16753.0
336896,,ReshapeViewDeviceOperation,64,16512.0
2063360,1,PagedUpdateCacheDeviceOperation,32,16370.0
2278400,1,PagedUpdateCacheDeviceOperation,32,16278.0
2119680,1,PagedUpdateCacheDeviceOperation,32,16164.0
1505280,1,PagedUpdateCacheDeviceOperation,32,16158.0
1370112,1,ReshapeViewDeviceOperation,64,16075.0
2150400,1,PagedUpdateCacheDeviceOperation,32,16039.0
2001920,1,PagedUpdateCacheDeviceOperation,32,15790.0
1664000,1,PagedUpdateCacheDeviceOperation,32,15770.0
2334720,1,PagedUpdateCacheDeviceOperation,32,15754.0
378880,,TilizeDeviceOperation,32,15689.0
1848320,1,PagedUpdateCacheDeviceOperation,32,15684.0
410624,,PagedUpdateCacheDeviceOperation,32,15669.0
1536000,1,PagedUpdateCacheDeviceOperation,32,15658.0
1812480,1,PagedUpdateCacheDeviceOperation,32,15644.0
472064,,PagedUpdateCacheDeviceOperation,32,15641.0
1448960,1,PagedUpdateCacheDeviceOperation,32,15634.0
779264,,PagedUpdateCacheDeviceOperation,32,15597.0
1940480,1,PagedUpdateCacheDeviceOperation,32,15587.0
2181120,1,PagedUpdateCacheDeviceOperation,32,15566.0
1633280,1,PagedUpdateCacheDeviceOperation,32,15522.0
809984,,PagedUpdateCacheDeviceOperation,32,15496.0
1301504,,PagedUpdateCacheDeviceOperation,32,15486.0
1380352,1,PagedUpdateCacheDeviceOperation,32,15483.0
1602560,1,PagedUpdateCacheDeviceOperation,32,15398.0
661504,,PagedUpdateCacheDeviceOperation,32,15394.0
2032640,1,PagedUpdateCacheDeviceOperation,32,15391.0
1566720,1,PagedUpdateCacheDeviceOperation,32,15377.0
594944,,PagedUpdateCacheDeviceOperation,32,15375.0
1117184,,PagedUpdateCacheDeviceOperation,32,15345.0
2365440,1,PagedUpdateCacheDeviceOperation,32,15336.0
2339840,1,PagedUpdateCacheDeviceOperation,32,15332.0
1720320,1,PagedUpdateCacheDeviceOperation,32,15329.0
2088960,1,PagedUpdateCacheDeviceOperation,32,15306.0
1756160,1,PagedUpdateCacheDeviceOperation,32,15251.0
2304000,1,PagedUpdateCacheDeviceOperation,32,15232.0
1694720,1,PagedUpdateCacheDeviceOperation,32,15221.0
1153024,,PagedUpdateCacheDeviceOperation,32,15217.0
1209344,,PagedUpdateCacheDeviceOperation,32,15205.0
2211840,1,PagedUpdateCacheDeviceOperation,32,15192.0
2370560,1,PagedUpdateCacheDeviceOperation,32,15184.0
784384,,PagedUpdateCacheDeviceOperation,32,15154.0
1873920,1,PagedUpdateCacheDeviceOperation,32,15149.0
1474560,1,PagedUpdateCacheDeviceOperation,32,15117.0
415744,,PagedUpdateCacheDeviceOperation,32,15114.0
907264,,PagedUpdateCacheDeviceOperation,32,15107.0
1817600,1,PagedUpdateCacheDeviceOperation,32,15088.0
398336,,LayerNormDeviceOperation,8,15074.0
1510400,1,PagedUpdateCacheDeviceOperation,32,15068.0
815104,,PagedUpdateCacheDeviceOperation,32,15066.0
364544,,PagedUpdateCacheDeviceOperation,32,15057.0
2273280,1,PagedUpdateCacheDeviceOperation,32,15040.0
441344,,PagedUpdateCacheDeviceOperation,32,15023.0
722944,,PagedUpdateCacheDeviceOperation,32,15005.0
840704,,PagedUpdateCacheDeviceOperation,32,15000.0
502784,,PagedUpdateCacheDeviceOperation,32,14996.0
1996800,1,PagedUpdateCacheDeviceOperation,32,14995.0
1306624,,PagedUpdateCacheDeviceOperation,32,14959.0
1479680,1,PagedUpdateCacheDeviceOperation,32,14952.0
2094080,1,PagedUpdateCacheDeviceOperation,32,14941.0
600064,,PagedUpdateCacheDeviceOperation,32,14923.0
1245184,,PagedUpdateCacheDeviceOperation,32,14892.0
1086464,,PagedUpdateCacheDeviceOperation,32,14884.0
2027520,1,PagedUpdateCacheDeviceOperation,32,14884.0
1214464,,PagedUpdateCacheDeviceOperation,32,14883.0
1060864,,PagedUpdateCacheDeviceOperation,32,14877.0
1786880,1,PagedUpdateCacheDeviceOperation,32,14876.0
963584,,PagedUpdateCacheDeviceOperation,32,14869.0
2247680,1,PagedUpdateCacheDeviceOperation,32,14861.0
1147904,,PagedUpdateCacheDeviceOperation,32,14856.0
1658880,1,PagedUpdateCacheDeviceOperation,32,14844.0
1025024,,PagedUpdateCacheDeviceOperation,32,14837.0
533504,,PagedUpdateCacheDeviceOperation,32,14829.0
845824,,PagedUpdateCacheDeviceOperation,32,14808.0
477184,,PagedUpdateCacheDeviceOperation,32,14791.0
1240064,,PagedUpdateCacheDeviceOperation,32,14777.0
1030144,,PagedUpdateCacheDeviceOperation,32,14770.0
625664,,PagedUpdateCacheDeviceOperation,32,14753.0
1332224,,PagedUpdateCacheDeviceOperation,32,14751.0
2309120,1,PagedUpdateCacheDeviceOperation,32,14742.0
656384,,PagedUpdateCacheDeviceOperation,32,14716.0
999424,,PagedUpdateCacheDeviceOperation,32,14712.0
876544,,PagedUpdateCacheDeviceOperation,32,14711.0
717824,,PagedUpdateCacheDeviceOperation,32,14710.0
1628160,1,PagedUpdateCacheDeviceOperation,32,14703.0
1725440,1,PagedUpdateCacheDeviceOperation,32,14688.0
1879040,1,PagedUpdateCacheDeviceOperation,32,14685.0
1397760,1,PagedUpdateCacheDeviceOperation,32,14677.0
2216960,1,PagedUpdateCacheDeviceOperation,32,14674.0
1597440,1,PagedUpdateCacheDeviceOperation,32,14667.0
902144,,PagedUpdateCacheDeviceOperation,32,14641.0
692224,,PagedUpdateCacheDeviceOperation,32,14620.0
994304,,PagedUpdateCacheDeviceOperation,32,14618.0
1904640,1,PagedUpdateCacheDeviceOperation,32,14589.0
1183744,,PagedUpdateCacheDeviceOperation,32,14581.0
347136,,PagedUpdateCacheDeviceOperation,32,14572.0
1178624,,PagedUpdateCacheDeviceOperation,32,14559.0
1275904,,PagedUpdateCacheDeviceOperation,32,14559.0
753664,,PagedUpdateCacheDeviceOperation,32,14546.0
1689600,1,PagedUpdateCacheDeviceOperation,32,14544.0
932864,,PagedUpdateCacheDeviceOperation,32,14535.0
687104,,PagedUpdateCacheDeviceOperation,32,14527.0
1055744,,PagedUpdateCacheDeviceOperation,32,14523.0
569344,,PagedUpdateCacheDeviceOperation,32,14513.0
2058240,1,PagedUpdateCacheDeviceOperation,32,14508.0
748544,,PagedUpdateCacheDeviceOperation,32,14506.0
507904,,PagedUpdateCacheDeviceOperation,32,14475.0
2186240,1,PagedUpdateCacheDeviceOperation,32,14449.0
1571840,1,PagedUpdateCacheDeviceOperation,32,14434.0
1843200,1,PagedUpdateCacheDeviceOperation,32,14424.0
538624,,PagedUpdateCacheDeviceOperation,32,14420.0
1270784,,PagedUpdateCacheDeviceOperation,32,14418.0
564224,,PagedUpdateCacheDeviceOperation,32,14414.0
446464,,PagedUpdateCacheDeviceOperation,32,14389.0
871424,,PagedUpdateCacheDeviceOperation,32,14372.0
1909760,1,PagedUpdateCacheDeviceOperation,32,14371.0
630784,,PagedUpdateCacheDeviceOperation,32,14358.0
1122304,,PagedUpdateCacheDeviceOperation,32,14287.0
1935360,1,PagedUpdateCacheDeviceOperation,32,14283.0
1541120,1,PagedUpdateCacheDeviceOperation,32,14279.0
1751040,1,PagedUpdateCacheDeviceOperation,32,14266.0
937984,,PagedUpdateCacheDeviceOperation,32,14256.0
968704,,PagedUpdateCacheDeviceOperation,32,14242.0
1781760,1,PagedUpdateCacheDeviceOperation,32,14226.0
1971200,1,PagedUpdateCacheDeviceOperation,32,14214.0
2124800,1,PagedUpdateCacheDeviceOperation,32,14197.0
1337344,,PagedUpdateCacheDeviceOperation,32,14194.0
1091584,,PagedUpdateCacheDeviceOperation,32,14150.0
1966080,1,PagedUpdateCacheDeviceOperation,32,14117.0
2155520,1,PagedUpdateCacheDeviceOperation,32,14109.0
1443840,1,PagedUpdateCacheDeviceOperation,32,13999.0
2242560,1,PagedUpdateCacheDeviceOperation,32,13995.0
371712,,TilizeWithValPaddingDeviceOperation,32,13445.0
1374208,1,LayerNormDeviceOperation,64,13443.0
754688,,RotaryEmbeddingDeviceOperation,32,13131.0
693248,,RotaryEmbeddingDeviceOperation,32,13063.0
1404928,1,TilizeWithValPaddingDeviceOperation,32,13027.0
534528,,RotaryEmbeddingDeviceOperation,32,13022.0
1307648,,RotaryEmbeddingDeviceOperation,32,13022.0
1087488,,RotaryEmbeddingDeviceOperation,32,13021.0
662528,,RotaryEmbeddingDeviceOperation,32,13005.0
841728,,RotaryEmbeddingDeviceOperation,32,12995.0
2382848,1,LayerNormDeviceOperation,64,12956.0
811008,,RotaryEmbeddingDeviceOperation,32,12949.0
2259968,1,LayerNormDeviceOperation,64,12949.0
2206720,1,LayerNormDeviceOperation,64,12943.0
2298880,1,LayerNormDeviceOperation,64,12928.0
1807360,1,LayerNormDeviceOperation,64,12922.0
565248,,RotaryEmbeddingDeviceOperation,32,12907.0
1829888,1,LayerNormDeviceOperation,64,12904.0
1592320,1,LayerNormDeviceOperation,64,12903.0
2290688,1,LayerNormDeviceOperation,64,12893.0
1614848,1,LayerNormDeviceOperation,64,12889.0
846848,,RotaryEmbeddingDeviceOperation,32,12878.0
785408,,RotaryEmbeddingDeviceOperation,32,12875.0
1179648,,RotaryEmbeddingDeviceOperation,32,12875.0
1983488,1,LayerNormDeviceOperation,64,12874.0
1522688,1,LayerNormDeviceOperation,64,12872.0
1952768,1,LayerNormDeviceOperation,64,12868.0
1645568,1,LayerNormDeviceOperation,64,12865.0
2321408,1,LayerNormDeviceOperation,64,12864.0
1707008,1,LayerNormDeviceOperation,64,12857.0
1584128,1,LayerNormDeviceOperation,64,12856.0
780288,,RotaryEmbeddingDeviceOperation,32,12854.0
374784,,RotaryEmbeddingDeviceOperation,32,12853.0
2198528,1,LayerNormDeviceOperation,64,12848.0
1737728,1,LayerNormDeviceOperation,64,12846.0
1768448,1,LayerNormDeviceOperation,64,12844.0
2114560,1,LayerNormDeviceOperation,64,12844.0
2167808,1,LayerNormDeviceOperation,64,12844.0
1553408,1,LayerNormDeviceOperation,64,12841.0
1271808,,RotaryEmbeddingDeviceOperation,32,12836.0
1333248,,RotaryEmbeddingDeviceOperation,32,12833.0
877568,,RotaryEmbeddingDeviceOperation,32,12819.0
1922048,1,LayerNormDeviceOperation,64,12803.0
2106368,1,LayerNormDeviceOperation,64,12803.0
1860608,1,LayerNormDeviceOperation,64,12801.0
723968,,RotaryEmbeddingDeviceOperation,32,12799.0
1491968,1,LayerNormDeviceOperation,64,12798.0
1930240,1,LayerNormDeviceOperation,64,12798.0
2044928,1,LayerNormDeviceOperation,64,12798.0
1799168,1,LayerNormDeviceOperation,64,12796.0
1148928,,RotaryEmbeddingDeviceOperation,32,12794.0
1461248,1,LayerNormDeviceOperation,64,12794.0
411648,,RotaryEmbeddingDeviceOperation,32,12791.0
2229248,1,LayerNormDeviceOperation,64,12787.0
2014208,1,LayerNormDeviceOperation,64,12785.0
1991680,1,LayerNormDeviceOperation,64,12782.0
447488,,RotaryEmbeddingDeviceOperation,32,12780.0
2237440,1,LayerNormDeviceOperation,64,12780.0
503808,,RotaryEmbeddingDeviceOperation,32,12779.0
2075648,1,LayerNormDeviceOperation,64,12776.0
1776640,1,LayerNormDeviceOperation,64,12772.0
1676288,1,LayerNormDeviceOperation,64,12769.0
1891328,1,LayerNormDeviceOperation,64,12763.0
2137088,1,LayerNormDeviceOperation,64,12762.0
595968,,RotaryEmbeddingDeviceOperation,32,12761.0
360448,,RotaryEmbeddingDeviceOperation,32,12757.0
1469440,1,LayerNormDeviceOperation,64,12751.0
601088,,RotaryEmbeddingDeviceOperation,32,12745.0
1302528,,RotaryEmbeddingDeviceOperation,32,12745.0
1246208,,RotaryEmbeddingDeviceOperation,32,12730.0
2352128,1,LayerNormDeviceOperation,64,12726.0
508928,,RotaryEmbeddingDeviceOperation,32,12711.0
1026048,,RotaryEmbeddingDeviceOperation,32,12711.0
939008,,RotaryEmbeddingDeviceOperation,32,12709.0
1154048,,RotaryEmbeddingDeviceOperation,32,12689.0
657408,,RotaryEmbeddingDeviceOperation,32,12686.0
995328,,RotaryEmbeddingDeviceOperation,32,12684.0
969728,,RotaryEmbeddingDeviceOperation,32,12681.0
872448,,RotaryEmbeddingDeviceOperation,32,12675.0
718848,,RotaryEmbeddingDeviceOperation,32,12673.0
1561600,1,LayerNormDeviceOperation,64,12669.0
908288,,RotaryEmbeddingDeviceOperation,32,12667.0
631808,,RotaryEmbeddingDeviceOperation,32,12663.0
1184768,,RotaryEmbeddingDeviceOperation,32,12651.0
1123328,,RotaryEmbeddingDeviceOperation,32,12650.0
749568,,RotaryEmbeddingDeviceOperation,32,12645.0
964608,,RotaryEmbeddingDeviceOperation,32,12645.0
1215488,,RotaryEmbeddingDeviceOperation,32,12645.0
1031168,,RotaryEmbeddingDeviceOperation,32,12638.0
1000448,,RotaryEmbeddingDeviceOperation,32,12635.0
816128,,RotaryEmbeddingDeviceOperation,32,12618.0
626688,,RotaryEmbeddingDeviceOperation,32,12616.0
442368,,RotaryEmbeddingDeviceOperation,32,12613.0
1276928,,RotaryEmbeddingDeviceOperation,32,12613.0
1092608,,RotaryEmbeddingDeviceOperation,32,12609.0
1241088,,RotaryEmbeddingDeviceOperation,32,12609.0
416768,,RotaryEmbeddingDeviceOperation,32,12606.0
473088,,RotaryEmbeddingDeviceOperation,32,12606.0
539648,,RotaryEmbeddingDeviceOperation,32,12599.0
1715200,1,LayerNormDeviceOperation,64,12586.0
1056768,,RotaryEmbeddingDeviceOperation,32,12585.0
1210368,,RotaryEmbeddingDeviceOperation,32,12573.0
688128,,RotaryEmbeddingDeviceOperation,32,12542.0
1338368,,RotaryEmbeddingDeviceOperation,32,12537.0
933888,,RotaryEmbeddingDeviceOperation,32,12530.0
1061888,,RotaryEmbeddingDeviceOperation,32,12529.0
2022400,1,LayerNormDeviceOperation,64,12527.0
478208,,RotaryEmbeddingDeviceOperation,32,12513.0
1868800,1,LayerNormDeviceOperation,64,12496.0
2145280,1,LayerNormDeviceOperation,64,12481.0
903168,,RotaryEmbeddingDeviceOperation,32,12478.0
570368,,RotaryEmbeddingDeviceOperation,32,12458.0
1118208,,RotaryEmbeddingDeviceOperation,32,12457.0
1960960,1,LayerNormDeviceOperation,64,12421.0
1905664,1,RotaryEmbeddingDeviceOperation,32,12310.0
1629184,1,RotaryEmbeddingDeviceOperation,32,12275.0
2329600,1,LayerNormDeviceOperation,64,12270.0
2089984,1,RotaryEmbeddingDeviceOperation,32,12253.0
2053120,1,LayerNormDeviceOperation,64,12248.0
1684480,1,LayerNormDeviceOperation,64,12231.0
1444864,1,RotaryEmbeddingDeviceOperation,32,12215.0
2120704,1,RotaryEmbeddingDeviceOperation,32,12193.0
1844224,1,RotaryEmbeddingDeviceOperation,32,12180.0
1997824,1,RotaryEmbeddingDeviceOperation,32,12173.0
1659904,1,RotaryEmbeddingDeviceOperation,32,12163.0
1500160,1,LayerNormDeviceOperation,64,12150.0
1475584,1,RotaryEmbeddingDeviceOperation,32,12145.0
2212864,1,RotaryEmbeddingDeviceOperation,32,12118.0
2217984,1,RotaryEmbeddingDeviceOperation,32,12116.0
1530880,1,LayerNormDeviceOperation,64,12112.0
2391040,1,LayerNormDeviceOperation,63,12107.0
1874944,1,RotaryEmbeddingDeviceOperation,32,12105.0
2151424,1,RotaryEmbeddingDeviceOperation,32,12080.0
1787904,1,RotaryEmbeddingDeviceOperation,32,12048.0
2268160,1,LayerNormDeviceOperation,64,12037.0
1567744,1,RotaryEmbeddingDeviceOperation,32,12034.0
1721344,1,RotaryEmbeddingDeviceOperation,32,12011.0
1438720,1,LayerNormDeviceOperation,64,11991.0
1506304,1,RotaryEmbeddingDeviceOperation,32,11981.0
1623040,1,LayerNormDeviceOperation,64,11980.0
2059264,1,RotaryEmbeddingDeviceOperation,32,11978.0
2083840,1,LayerNormDeviceOperation,64,11969.0
2176000,1,LayerNormDeviceOperation,64,11956.0
2274304,1,RotaryEmbeddingDeviceOperation,32,11952.0
2002944,1,RotaryEmbeddingDeviceOperation,32,11951.0
1838080,1,LayerNormDeviceOperation,64,11949.0
1690624,1,RotaryEmbeddingDeviceOperation,32,11943.0
1899520,1,LayerNormDeviceOperation,64,11941.0
1653760,1,LayerNormDeviceOperation,64,11939.0
1598464,1,RotaryEmbeddingDeviceOperation,32,11934.0
2360320,1,LayerNormDeviceOperation,64,11923.0
1603584,1,RotaryEmbeddingDeviceOperation,32,11918.0
2335744,1,RotaryEmbeddingDeviceOperation,32,11917.0
1936384,1,RotaryEmbeddingDeviceOperation,32,11912.0
2248704,1,RotaryEmbeddingDeviceOperation,32,11903.0
1745920,1,LayerNormDeviceOperation,64,11899.0
1813504,1,RotaryEmbeddingDeviceOperation,32,11879.0
1752064,1,RotaryEmbeddingDeviceOperation,32,11852.0
2371584,1,RotaryEmbeddingDeviceOperation,32,11849.0
1757184,1,RotaryEmbeddingDeviceOperation,32,11844.0
2033664,1,RotaryEmbeddingDeviceOperation,32,11829.0
2182144,1,RotaryEmbeddingDeviceOperation,32,11800.0
2305024,1,RotaryEmbeddingDeviceOperation,32,11789.0
1537024,1,RotaryEmbeddingDeviceOperation,32,11786.0
1393664,1,RotaryEmbeddingDeviceOperation,32,11778.0
2340864,1,RotaryEmbeddingDeviceOperation,32,11775.0
2366464,1,RotaryEmbeddingDeviceOperation,32,11775.0
2187264,1,RotaryEmbeddingDeviceOperation,32,11774.0
2279424,1,RotaryEmbeddingDeviceOperation,32,11760.0
1480704,1,RotaryEmbeddingDeviceOperation,32,11759.0
87040,,TilizeWithValPaddingDeviceOperation,43,11747.0
1408000,1,RotaryEmbeddingDeviceOperation,32,11746.0
743424,,LayerNormDeviceOperation,64,11745.0
1849344,1,RotaryEmbeddingDeviceOperation,32,11744.0
589824,,LayerNormDeviceOperation,64,11738.0
1142784,,LayerNormDeviceOperation,64,11738.0
1019904,,LayerNormDeviceOperation,64,11729.0
185344,,TilizeWithValPaddingDeviceOperation,43,11728.0
466944,,LayerNormDeviceOperation,64,11725.0
520192,,LayerNormDeviceOperation,64,11724.0
796672,,LayerNormDeviceOperation,64,11718.0
1327104,,LayerNormDeviceOperation,64,11718.0
1042432,,LayerNormDeviceOperation,64,11716.0
1318912,,LayerNormDeviceOperation,64,11715.0
1103872,,LayerNormDeviceOperation,64,11711.0
528384,,LayerNormDeviceOperation,64,11710.0
581632,,LayerNormDeviceOperation,64,11710.0
643072,,LayerNormDeviceOperation,64,11710.0
1011712,,LayerNormDeviceOperation,64,11710.0
1782784,1,RotaryEmbeddingDeviceOperation,32,11710.0
1357824,,LayerNormDeviceOperation,64,11708.0
989184,,LayerNormDeviceOperation,64,11707.0
1288192,,LayerNormDeviceOperation,64,11707.0
866304,,LayerNormDeviceOperation,64,11705.0
1226752,,LayerNormDeviceOperation,64,11704.0
704512,,LayerNormDeviceOperation,64,11700.0
1050624,,LayerNormDeviceOperation,64,11700.0
620544,,LayerNormDeviceOperation,64,11699.0
673792,,LayerNormDeviceOperation,64,11698.0
681984,,LayerNormDeviceOperation,64,11698.0
559104,,LayerNormDeviceOperation,64,11697.0
458752,,LayerNormDeviceOperation,64,11696.0
950272,,LayerNormDeviceOperation,64,11694.0
550912,,LayerNormDeviceOperation,64,11693.0
612352,,LayerNormDeviceOperation,64,11692.0
497664,,LayerNormDeviceOperation,64,11689.0
919552,,LayerNormDeviceOperation,64,11689.0
1257472,,LayerNormDeviceOperation,64,11689.0
927744,,LayerNormDeviceOperation,64,11688.0
958464,,LayerNormDeviceOperation,64,11688.0
735232,,LayerNormDeviceOperation,64,11685.0
1196032,,LayerNormDeviceOperation,64,11685.0
1296384,,LayerNormDeviceOperation,64,11684.0
1204224,,LayerNormDeviceOperation,64,11683.0
428032,,LayerNormDeviceOperation,64,11682.0
1349632,,LayerNormDeviceOperation,64,11682.0
1165312,,LayerNormDeviceOperation,64,11681.0
1073152,,LayerNormDeviceOperation,64,11679.0
980992,,LayerNormDeviceOperation,64,11678.0
1234944,,LayerNormDeviceOperation,64,11678.0
651264,,LayerNormDeviceOperation,64,11675.0
804864,,LayerNormDeviceOperation,64,11674.0
1265664,,LayerNormDeviceOperation,64,11674.0
405504,,LayerNormDeviceOperation,64,11673.0
827392,,LayerNormDeviceOperation,64,11671.0
712704,,LayerNormDeviceOperation,64,11670.0
888832,,LayerNormDeviceOperation,64,11670.0
340992,,LayerNormDeviceOperation,64,11669.0
897024,,LayerNormDeviceOperation,64,11668.0
765952,,LayerNormDeviceOperation,64,11667.0
774144,,LayerNormDeviceOperation,64,11667.0
436224,,LayerNormDeviceOperation,64,11665.0
835584,,LayerNormDeviceOperation,64,11665.0
858112,,LayerNormDeviceOperation,64,11665.0
135168,,TilizeWithValPaddingDeviceOperation,43,11664.0
1173504,,LayerNormDeviceOperation,64,11664.0
1695744,1,RotaryEmbeddingDeviceOperation,32,11660.0
489472,,LayerNormDeviceOperation,64,11659.0
13312,,TilizeWithValPaddingDeviceOperation,43,11657.0
1081344,,LayerNormDeviceOperation,64,11656.0
1134592,,LayerNormDeviceOperation,64,11653.0
1112064,,LayerNormDeviceOperation,64,11646.0
172032,,TilizeWithValPaddingDeviceOperation,43,11636.0
116736,,TilizeWithValPaddingDeviceOperation,43,11625.0
68608,,TilizeWithValPaddingDeviceOperation,43,11617.0
37888,,TilizeWithValPaddingDeviceOperation,43,11611.0
55296,,TilizeWithValPaddingDeviceOperation,43,11611.0
123904,,TilizeWithValPaddingDeviceOperation,43,11607.0
24576,,TilizeWithValPaddingDeviceOperation,43,11606.0
1449984,1,RotaryEmbeddingDeviceOperation,32,11603.0
80896,,TilizeWithValPaddingDeviceOperation,43,11596.0
2028544,1,RotaryEmbeddingDeviceOperation,32,11579.0
2243584,1,RotaryEmbeddingDeviceOperation,32,11566.0
19456,,TilizeWithValPaddingDeviceOperation,43,11550.0
1941504,1,RotaryEmbeddingDeviceOperation,32,11530.0
1967104,1,RotaryEmbeddingDeviceOperation,32,11526.0
43008,,TilizeWithValPaddingDeviceOperation,43,11516.0
44032,,TilizeWithValPaddingDeviceOperation,43,11506.0
92160,,TilizeWithValPaddingDeviceOperation,43,11500.0
129024,,TilizeWithValPaddingDeviceOperation,43,11494.0
105472,,TilizeWithValPaddingDeviceOperation,43,11488.0
148480,,TilizeWithValPaddingDeviceOperation,43,11481.0
1972224,1,RotaryEmbeddingDeviceOperation,32,11473.0
191488,,TilizeWithValPaddingDeviceOperation,43,11467.0
1818624,1,RotaryEmbeddingDeviceOperation,32,11461.0
130048,,TilizeWithValPaddingDeviceOperation,43,11458.0
98304,,TilizeWithValPaddingDeviceOperation,43,11456.0
2095104,1,RotaryEmbeddingDeviceOperation,32,11445.0
122880,,TilizeWithValPaddingDeviceOperation,43,11444.0
141312,,TilizeWithValPaddingDeviceOperation,43,11444.0
104448,,TilizeWithValPaddingDeviceOperation,43,11436.0
86016,,TilizeWithValPaddingDeviceOperation,43,11434.0
18432,,TilizeWithValPaddingDeviceOperation,43,11430.0
1024,,TilizeWithValPaddingDeviceOperation,43,11420.0
111616,,TilizeWithValPaddingDeviceOperation,43,11415.0
79872,,TilizeWithValPaddingDeviceOperation,43,11409.0
6144,,TilizeWithValPaddingDeviceOperation,43,11396.0
12288,,TilizeWithValPaddingDeviceOperation,43,11396.0
7168,,TilizeWithValPaddingDeviceOperation,43,11393.0
179200,,TilizeWithValPaddingDeviceOperation,43,11390.0
1572864,1,RotaryEmbeddingDeviceOperation,32,11389.0
56320,,TilizeWithValPaddingDeviceOperation,43,11383.0
1665024,1,RotaryEmbeddingDeviceOperation,32,11383.0
159744,,TilizeWithValPaddingDeviceOperation,43,11374.0
62464,,TilizeWithValPaddingDeviceOperation,43,11364.0
93184,,TilizeWithValPaddingDeviceOperation,43,11361.0
190464,,TilizeWithValPaddingDeviceOperation,43,11354.0
196608,,TilizeWithValPaddingDeviceOperation,43,11353.0
2064384,1,RotaryEmbeddingDeviceOperation,32,11350.0
173056,,TilizeWithValPaddingDeviceOperation,43,11349.0
1634304,1,RotaryEmbeddingDeviceOperation,32,11343.0
25600,,TilizeWithValPaddingDeviceOperation,43,11333.0
2125824,1,RotaryEmbeddingDeviceOperation,32,11333.0
117760,,TilizeWithValPaddingDeviceOperation,43,11332.0
49152,,TilizeWithValPaddingDeviceOperation,43,11326.0
160768,,TilizeWithValPaddingDeviceOperation,43,11326.0
178176,,TilizeWithValPaddingDeviceOperation,43,11323.0
154624,,TilizeWithValPaddingDeviceOperation,43,11309.0
99328,,TilizeWithValPaddingDeviceOperation,43,11296.0
147456,,TilizeWithValPaddingDeviceOperation,43,11294.0
2310144,1,RotaryEmbeddingDeviceOperation,32,11291.0
31744,,TilizeWithValPaddingDeviceOperation,43,11284.0
67584,,TilizeWithValPaddingDeviceOperation,43,11282.0
136192,,TilizeWithValPaddingDeviceOperation,43,11280.0
74752,,TilizeWithValPaddingDeviceOperation,43,11279.0
166912,,TilizeWithValPaddingDeviceOperation,43,11270.0
61440,,TilizeWithValPaddingDeviceOperation,43,11258.0
153600,,TilizeWithValPaddingDeviceOperation,43,11254.0
184320,,TilizeWithValPaddingDeviceOperation,43,11246.0
142336,,TilizeWithValPaddingDeviceOperation,43,11241.0
73728,,TilizeWithValPaddingDeviceOperation,43,11239.0
197632,,TilizeWithValPaddingDeviceOperation,43,11232.0
30720,,TilizeWithValPaddingDeviceOperation,43,11228.0
165888,,TilizeWithValPaddingDeviceOperation,43,11180.0
50176,,TilizeWithValPaddingDeviceOperation,43,11177.0
110592,,TilizeWithValPaddingDeviceOperation,43,11136.0
36864,,TilizeWithValPaddingDeviceOperation,43,11095.0
1511424,1,RotaryEmbeddingDeviceOperation,32,11080.0
1542144,1,RotaryEmbeddingDeviceOperation,32,11028.0
1910784,1,RotaryEmbeddingDeviceOperation,32,11023.0
1880064,1,RotaryEmbeddingDeviceOperation,32,10967.0
2156544,1,RotaryEmbeddingDeviceOperation,32,10943.0
1726464,1,RotaryEmbeddingDeviceOperation,32,10735.0
1419264,1,FillPadDeviceOperation,64,9700.0
386048,,FillPadDeviceOperation,64,9589.0
1412096,1,TilizeDeviceOperation,32,9152.0
388096,,BinaryNgDeviceOperation,64,8839.0
1421312,1,BinaryNgDeviceOperation,64,7721.0
1278976,,TypecastDeviceOperation,64,6944.0
971776,,TypecastDeviceOperation,64,6900.0
1190912,,NLPConcatHeadsDecodeDeviceOperation,32,6872.0
726016,,TypecastDeviceOperation,64,6838.0
883712,,NLPConcatHeadsDecodeDeviceOperation,32,6835.0
422912,,NLPConcatHeadsDecodeDeviceOperation,32,6825.0
484352,,NLPConcatHeadsDecodeDeviceOperation,32,6815.0
699392,,NLPConcatHeadsDecodeDeviceOperation,32,6807.0
1006592,,NLPConcatHeadsDecodeDeviceOperation,32,6780.0
945152,,NLPConcatHeadsDecodeDeviceOperation,32,6771.0
1068032,,NLPConcatHeadsDecodeDeviceOperation,32,6760.0
1283072,,NLPConcatHeadsDecodeDeviceOperation,32,6757.0
1221632,,NLPConcatHeadsDecodeDeviceOperation,32,6755.0
1252352,,NLPConcatHeadsDecodeDeviceOperation,32,6754.0
576512,,NLPConcatHeadsDecodeDeviceOperation,32,6751.0
453632,,NLPConcatHeadsDecodeDeviceOperation,32,6750.0
791552,,NLPConcatHeadsDecodeDeviceOperation,32,6746.0
1160192,,NLPConcatHeadsDecodeDeviceOperation,32,6745.0
730112,,NLPConcatHeadsDecodeDeviceOperation,32,6739.0
1366016,1,TilizeWithValPaddingDeviceOperation,1,6735.0
392192,,NLPConcatHeadsDecodeDeviceOperation,32,6729.0
607232,,NLPConcatHeadsDecodeDeviceOperation,32,6728.0
1344512,,NLPConcatHeadsDecodeDeviceOperation,32,6725.0
1313792,,NLPConcatHeadsDecodeDeviceOperation,32,6717.0
1129472,,NLPConcatHeadsDecodeDeviceOperation,32,6713.0
1037312,,NLPConcatHeadsDecodeDeviceOperation,32,6712.0
852992,,NLPConcatHeadsDecodeDeviceOperation,32,6691.0
545792,,NLPConcatHeadsDecodeDeviceOperation,32,6666.0
637952,,NLPConcatHeadsDecodeDeviceOperation,32,6660.0
515072,,NLPConcatHeadsDecodeDeviceOperation,32,6656.0
329728,,TilizeWithValPaddingDeviceOperation,1,6650.0
760832,,NLPConcatHeadsDecodeDeviceOperation,32,6646.0
1398784,1,TilizeWithValPaddingDeviceOperation,1,6632.0
914432,,NLPConcatHeadsDecodeDeviceOperation,32,6626.0
668672,,NLPConcatHeadsDecodeDeviceOperation,32,6624.0
1098752,,NLPConcatHeadsDecodeDeviceOperation,32,6624.0
1309696,,TypecastDeviceOperation,64,6623.0
1382400,1,TilizeWithValPaddingDeviceOperation,1,6620.0
975872,,NLPConcatHeadsDecodeDeviceOperation,32,6615.0
822272,,NLPConcatHeadsDecodeDeviceOperation,32,6610.0
2285568,1,NLPConcatHeadsDecodeDeviceOperation,32,6609.0
1362944,1,TilizeWithValPaddingDeviceOperation,1,6575.0
1701888,1,NLPConcatHeadsDecodeDeviceOperation,32,6549.0
1824768,1,NLPConcatHeadsDecodeDeviceOperation,32,6504.0
365568,,TilizeWithValPaddingDeviceOperation,1,6499.0
1794048,1,NLPConcatHeadsDecodeDeviceOperation,32,6493.0
332800,,TilizeWithValPaddingDeviceOperation,1,6484.0
1947648,1,NLPConcatHeadsDecodeDeviceOperation,32,6480.0
1640448,1,NLPConcatHeadsDecodeDeviceOperation,32,6472.0
349184,,TilizeWithValPaddingDeviceOperation,1,6471.0
2097152,1,TypecastDeviceOperation,64,6446.0
1855488,1,NLPConcatHeadsDecodeDeviceOperation,32,6411.0
1156096,,TypecastDeviceOperation,64,6409.0
1916928,1,NLPConcatHeadsDecodeDeviceOperation,32,6409.0
1732608,1,NLPConcatHeadsDecodeDeviceOperation,32,6405.0
2009088,1,NLPConcatHeadsDecodeDeviceOperation,32,6382.0
1452032,1,TypecastDeviceOperation,64,6357.0
1417216,1,TypecastDeviceOperation,64,6338.0
2127872,1,TypecastDeviceOperation,64,6292.0
1579008,1,NLPConcatHeadsDecodeDeviceOperation,32,6266.0
449536,,TypecastDeviceOperation,64,6221.0
1125376,,TypecastDeviceOperation,64,6208.0
1609728,1,NLPConcatHeadsDecodeDeviceOperation,32,6200.0
2220032,1,TypecastDeviceOperation,64,6192.0
541696,,TypecastDeviceOperation,64,6178.0
572416,,TypecastDeviceOperation,64,6171.0
1667072,1,TypecastDeviceOperation,64,6162.0
603136,,TypecastDeviceOperation,64,6160.0
2066432,1,TypecastDeviceOperation,64,6139.0
1033216,,TypecastDeviceOperation,64,6128.0
1094656,,TypecastDeviceOperation,64,6121.0
2070528,1,NLPConcatHeadsDecodeDeviceOperation,32,6109.0
2347008,1,NLPConcatHeadsDecodeDeviceOperation,32,6103.0
1217536,,TypecastDeviceOperation,64,6080.0
2373632,1,TypecastDeviceOperation,64,6066.0
1517568,1,NLPConcatHeadsDecodeDeviceOperation,32,6063.0
1544192,1,TypecastDeviceOperation,64,6054.0
2254848,1,NLPConcatHeadsDecodeDeviceOperation,32,6050.0
756736,,TypecastDeviceOperation,64,6040.0
910336,,TypecastDeviceOperation,64,6040.0
1759232,1,TypecastDeviceOperation,64,6028.0
695296,,TypecastDeviceOperation,64,6023.0
2189312,1,TypecastDeviceOperation,64,6018.0
1636352,1,TypecastDeviceOperation,64,6016.0
1728512,1,TypecastDeviceOperation,64,6016.0
633856,,TypecastDeviceOperation,64,6002.0
1248256,,TypecastDeviceOperation,64,5987.0
1574912,1,TypecastDeviceOperation,64,5984.0
1063936,,TypecastDeviceOperation,64,5964.0
1002496,,TypecastDeviceOperation,64,5946.0
1548288,1,NLPConcatHeadsDecodeDeviceOperation,32,5940.0
1882112,1,TypecastDeviceOperation,64,5932.0
2101248,1,NLPConcatHeadsDecodeDeviceOperation,32,5925.0
2158592,1,TypecastDeviceOperation,64,5909.0
1912832,1,TypecastDeviceOperation,64,5906.0
1789952,1,TypecastDeviceOperation,64,5901.0
1974272,1,TypecastDeviceOperation,64,5899.0
1820672,1,TypecastDeviceOperation,64,5898.0
480256,,TypecastDeviceOperation,64,5879.0
376832,,UntilizeWithUnpaddingDeviceOperation,32,5864.0
1456128,1,NLPConcatHeadsDecodeDeviceOperation,32,5856.0
1186816,,TypecastDeviceOperation,64,5849.0
2281472,1,TypecastDeviceOperation,64,5845.0
879616,,TypecastDeviceOperation,64,5825.0
1886208,1,NLPConcatHeadsDecodeDeviceOperation,32,5815.0
1410048,1,UntilizeWithUnpaddingDeviceOperation,32,5783.0
2162688,1,NLPConcatHeadsDecodeDeviceOperation,32,5780.0
1605632,1,TypecastDeviceOperation,64,5775.0
510976,,TypecastDeviceOperation,64,5762.0
2377728,1,NLPConcatHeadsDecodeDeviceOperation,32,5749.0
664576,,TypecastDeviceOperation,64,5748.0
1671168,1,NLPConcatHeadsDecodeDeviceOperation,32,5725.0
1486848,1,NLPConcatHeadsDecodeDeviceOperation,32,5721.0
2131968,1,NLPConcatHeadsDecodeDeviceOperation,32,5693.0
1425408,1,NLPConcatHeadsDecodeDeviceOperation,32,5691.0
384000,,TypecastDeviceOperation,64,5687.0
2250752,1,TypecastDeviceOperation,64,5683.0
1851392,1,TypecastDeviceOperation,64,5682.0
941056,,TypecastDeviceOperation,64,5661.0
1697792,1,TypecastDeviceOperation,64,5657.0
2342912,1,TypecastDeviceOperation,64,5640.0
818176,,TypecastDeviceOperation,64,5618.0
2035712,1,TypecastDeviceOperation,64,5614.0
848896,,TypecastDeviceOperation,64,5613.0
787456,,TypecastDeviceOperation,64,5599.0
1943552,1,TypecastDeviceOperation,64,5578.0
1763328,1,NLPConcatHeadsDecodeDeviceOperation,32,5559.0
418816,,TypecastDeviceOperation,64,5515.0
1700864,1,TypecastDeviceOperation,64,5500.0
2312192,1,TypecastDeviceOperation,64,5482.0
2004992,1,TypecastDeviceOperation,64,5461.0
2069504,1,TypecastDeviceOperation,64,5436.0
1340416,,TypecastDeviceOperation,64,5433.0
2316288,1,NLPConcatHeadsDecodeDeviceOperation,32,5432.0
2284544,1,TypecastDeviceOperation,64,5425.0
1513472,1,TypecastDeviceOperation,64,5416.0
1915904,1,TypecastDeviceOperation,64,5409.0
1482752,1,TypecastDeviceOperation,64,5395.0
1639424,1,TypecastDeviceOperation,64,5395.0
2224128,1,NLPConcatHeadsDecodeDeviceOperation,32,5379.0
1793024,1,TypecastDeviceOperation,64,5375.0
1608704,1,TypecastDeviceOperation,64,5359.0
1823744,1,TypecastDeviceOperation,64,5347.0
2193408,1,NLPConcatHeadsDecodeDeviceOperation,32,5336.0
1731584,1,TypecastDeviceOperation,64,5334.0
2039808,1,NLPConcatHeadsDecodeDeviceOperation,32,5332.0
1854464,1,TypecastDeviceOperation,64,5330.0
1978368,1,NLPConcatHeadsDecodeDeviceOperation,32,5328.0
2100224,1,TypecastDeviceOperation,64,5316.0
387072,,ReduceDeviceOperation,32,5303.0
2253824,1,TypecastDeviceOperation,64,5294.0
373760,,TypecastDeviceOperation,64,5279.0
821248,,TypecastDeviceOperation,64,5258.0
2345984,1,TypecastDeviceOperation,64,5255.0
1547264,1,TypecastDeviceOperation,64,5244.0
1097728,,TypecastDeviceOperation,64,5228.0
913408,,TypecastDeviceOperation,64,5221.0
1885184,1,TypecastDeviceOperation,64,5218.0
636928,,TypecastDeviceOperation,64,5216.0
380928,,TypecastDeviceOperation,64,5214.0
2161664,1,TypecastDeviceOperation,64,5214.0
2376704,1,TypecastDeviceOperation,64,5213.0
421888,,TypecastDeviceOperation,64,5198.0
1406976,1,TypecastDeviceOperation,64,5184.0
759808,,TypecastDeviceOperation,64,5164.0
1516544,1,TypecastDeviceOperation,64,5163.0
1282048,,TypecastDeviceOperation,64,5162.0
882688,,TypecastDeviceOperation,64,5160.0
1577984,1,TypecastDeviceOperation,64,5159.0
698368,,TypecastDeviceOperation,64,5158.0
1670144,1,TypecastDeviceOperation,64,5158.0
667648,,TypecastDeviceOperation,64,5157.0
391168,,TypecastDeviceOperation,64,5153.0
452608,,TypecastDeviceOperation,64,5150.0
944128,,TypecastDeviceOperation,64,5146.0
514048,,TypecastDeviceOperation,64,5139.0
1189888,,TypecastDeviceOperation,64,5139.0
1977344,1,TypecastDeviceOperation,64,5139.0
729088,,TypecastDeviceOperation,64,5137.0
1128448,,TypecastDeviceOperation,64,5137.0
1159168,,TypecastDeviceOperation,64,5137.0
1343488,,TypecastDeviceOperation,64,5134.0
1312768,,TypecastDeviceOperation,64,5126.0
606208,,TypecastDeviceOperation,64,5123.0
790528,,TypecastDeviceOperation,64,5123.0
1455104,1,TypecastDeviceOperation,64,5123.0
575488,,TypecastDeviceOperation,64,5121.0
544768,,TypecastDeviceOperation,64,5118.0
483328,,TypecastDeviceOperation,64,5116.0
974848,,TypecastDeviceOperation,64,5114.0
1220608,,TypecastDeviceOperation,64,5113.0
1251328,,TypecastDeviceOperation,64,5103.0
1036288,,TypecastDeviceOperation,64,5102.0
1067008,,TypecastDeviceOperation,64,5101.0
2130944,1,TypecastDeviceOperation,64,5100.0
851968,,TypecastDeviceOperation,64,5095.0
1005568,,TypecastDeviceOperation,64,5090.0
2192384,1,TypecastDeviceOperation,64,5057.0
1424384,1,TypecastDeviceOperation,64,5022.0
1946624,1,TypecastDeviceOperation,64,5002.0
2315264,1,TypecastDeviceOperation,64,4988.0
2008064,1,TypecastDeviceOperation,64,4978.0
1762304,1,TypecastDeviceOperation,64,4972.0
1414144,1,TypecastDeviceOperation,64,4966.0
2223104,1,TypecastDeviceOperation,64,4964.0
2038784,1,TypecastDeviceOperation,64,4962.0
1485824,1,TypecastDeviceOperation,64,4916.0
1420288,1,ReduceDeviceOperation,32,4818.0
389120,,InterleavedToShardedDeviceOperation,32,4645.0
1514496,1,InterleavedToShardedDeviceOperation,32,4524.0
727040,,InterleavedToShardedDeviceOperation,32,4377.0
911360,,InterleavedToShardedDeviceOperation,32,4353.0
1218560,,InterleavedToShardedDeviceOperation,32,4261.0
880640,,InterleavedToShardedDeviceOperation,32,4229.0
757760,,InterleavedToShardedDeviceOperation,32,4224.0
665600,,InterleavedToShardedDeviceOperation,32,4222.0
481280,,InterleavedToShardedDeviceOperation,32,4189.0
512000,,InterleavedToShardedDeviceOperation,32,4170.0
542720,,InterleavedToShardedDeviceOperation,32,4159.0
2190336,1,InterleavedToShardedDeviceOperation,32,4151.0
1944576,1,InterleavedToShardedDeviceOperation,32,4137.0
696320,,InterleavedToShardedDeviceOperation,32,4085.0
788480,,InterleavedToShardedDeviceOperation,32,4068.0
849920,,InterleavedToShardedDeviceOperation,32,4059.0
1341440,,InterleavedToShardedDeviceOperation,32,4056.0
573440,,InterleavedToShardedDeviceOperation,32,4047.0
2159616,1,InterleavedToShardedDeviceOperation,32,4046.0
1034240,,InterleavedToShardedDeviceOperation,32,4039.0
1003520,,InterleavedToShardedDeviceOperation,32,4026.0
819200,,InterleavedToShardedDeviceOperation,32,4019.0
450560,,InterleavedToShardedDeviceOperation,32,4014.0
2128896,1,InterleavedToShardedDeviceOperation,32,3993.0
419840,,InterleavedToShardedDeviceOperation,32,3936.0
1187840,,InterleavedToShardedDeviceOperation,32,3929.0
2251776,1,InterleavedToShardedDeviceOperation,32,3928.0
1545216,1,InterleavedToShardedDeviceOperation,32,3927.0
1157120,,InterleavedToShardedDeviceOperation,32,3895.0
1852416,1,InterleavedToShardedDeviceOperation,32,3882.0
1095680,,InterleavedToShardedDeviceOperation,32,3874.0
366592,,BinaryNgDeviceOperation,64,3871.0
1280000,,InterleavedToShardedDeviceOperation,32,3862.0
1064960,,InterleavedToShardedDeviceOperation,32,3861.0
1126400,,InterleavedToShardedDeviceOperation,32,3849.0
1575936,1,InterleavedToShardedDeviceOperation,32,3839.0
972800,,InterleavedToShardedDeviceOperation,32,3828.0
2313216,1,InterleavedToShardedDeviceOperation,32,3816.0
1975296,1,InterleavedToShardedDeviceOperation,32,3808.0
1606656,1,InterleavedToShardedDeviceOperation,32,3797.0
1249280,,InterleavedToShardedDeviceOperation,32,3788.0
2006016,1,InterleavedToShardedDeviceOperation,32,3786.0
375808,,ShardedToInterleavedDeviceOperation,32,3777.0
634880,,InterleavedToShardedDeviceOperation,32,3759.0
1310720,,InterleavedToShardedDeviceOperation,32,3742.0
1422336,1,InterleavedToShardedDeviceOperation,32,3741.0
1453056,1,InterleavedToShardedDeviceOperation,32,3708.0
2221056,1,InterleavedToShardedDeviceOperation,32,3687.0
942080,,InterleavedToShardedDeviceOperation,32,3675.0
1790976,1,InterleavedToShardedDeviceOperation,32,3665.0
2282496,1,InterleavedToShardedDeviceOperation,32,3653.0
604160,,InterleavedToShardedDeviceOperation,32,3651.0
1760256,1,InterleavedToShardedDeviceOperation,32,3632.0
406528,,ReshardDeviceOperation,8,3631.0
797696,,ReshardDeviceOperation,8,3616.0
529408,,ReshardDeviceOperation,8,3615.0
467968,,ReshardDeviceOperation,8,3610.0
1174528,,ReshardDeviceOperation,8,3602.0
2374656,1,InterleavedToShardedDeviceOperation,32,3600.0
1821696,1,InterleavedToShardedDeviceOperation,32,3597.0
683008,,ReshardDeviceOperation,8,3594.0
621568,,ReshardDeviceOperation,8,3586.0
1637376,1,InterleavedToShardedDeviceOperation,32,3586.0
342016,,ReshardDeviceOperation,8,3582.0
959488,,ReshardDeviceOperation,8,3582.0
1399808,1,BinaryNgDeviceOperation,64,3582.0
590848,,ReshardDeviceOperation,8,3579.0
2343936,1,InterleavedToShardedDeviceOperation,32,3575.0
377856,,RepeatDeviceOperation,64,3571.0
775168,,ReshardDeviceOperation,8,3565.0
1319936,,ReshardDeviceOperation,8,3563.0
736256,,ReshardDeviceOperation,8,3559.0
990208,,ReshardDeviceOperation,8,3554.0
828416,,ReshardDeviceOperation,8,3553.0
951296,,ReshardDeviceOperation,8,3549.0
1205248,,ReshardDeviceOperation,8,3548.0
1297408,,ReshardDeviceOperation,8,3545.0
397312,,ReshardDeviceOperation,8,3544.0
674816,,ReshardDeviceOperation,8,3536.0
898048,,ReshardDeviceOperation,8,3536.0
521216,,ReshardDeviceOperation,8,3533.0
1729536,1,InterleavedToShardedDeviceOperation,32,3532.0
1266688,,ReshardDeviceOperation,8,3531.0
766976,,ReshardDeviceOperation,8,3525.0
805888,,ReshardDeviceOperation,8,3525.0
2098176,1,InterleavedToShardedDeviceOperation,32,3522.0
1430528,1,ReshardDeviceOperation,8,3519.0
1143808,,ReshardDeviceOperation,8,3513.0
1166336,,ReshardDeviceOperation,8,3513.0
713728,,ReshardDeviceOperation,8,3507.0
459776,,ReshardDeviceOperation,8,3501.0
1020928,,ReshardDeviceOperation,8,3501.0
490496,,ReshardDeviceOperation,8,3498.0
889856,,ReshardDeviceOperation,8,3496.0
1074176,,ReshardDeviceOperation,8,3496.0
429056,,ReshardDeviceOperation,8,3495.0
1668096,1,InterleavedToShardedDeviceOperation,32,3489.0
836608,,ReshardDeviceOperation,8,3485.0
582656,,ReshardDeviceOperation,8,3483.0
1235968,,ReshardDeviceOperation,8,3483.0
560128,,ReshardDeviceOperation,8,3482.0
644096,,ReshardDeviceOperation,8,3479.0
1135616,,ReshardDeviceOperation,8,3475.0
1197056,,ReshardDeviceOperation,8,3465.0
1043456,,ReshardDeviceOperation,8,3458.0
920576,,ReshardDeviceOperation,8,3457.0
1104896,,ReshardDeviceOperation,8,3455.0
613376,,ReshardDeviceOperation,8,3452.0
1051648,,ReshardDeviceOperation,8,3452.0
867328,,ReshardDeviceOperation,8,3450.0
1611776,1,InterleavedToShardedDeviceOperation,8,3448.0
1227776,,ReshardDeviceOperation,8,3447.0
982016,,ReshardDeviceOperation,8,3443.0
1883136,1,InterleavedToShardedDeviceOperation,32,3432.0
928768,,ReshardDeviceOperation,8,3425.0
1350656,,ReshardDeviceOperation,8,3424.0
744448,,ReshardDeviceOperation,8,3416.0
498688,,ReshardDeviceOperation,8,3413.0
652288,,ReshardDeviceOperation,8,3403.0
1258496,,ReshardDeviceOperation,8,3392.0
1328128,,ReshardDeviceOperation,8,3385.0
1913856,1,InterleavedToShardedDeviceOperation,32,3379.0
1413120,1,InterleavedToShardedDeviceOperation,32,3378.0
2067456,1,InterleavedToShardedDeviceOperation,32,3378.0
1082368,,ReshardDeviceOperation,8,3345.0
1289216,,ReshardDeviceOperation,8,3345.0
1113088,,ReshardDeviceOperation,8,3344.0
379904,,InterleavedToShardedDeviceOperation,32,3342.0
551936,,ReshardDeviceOperation,8,3337.0
1550336,1,InterleavedToShardedDeviceOperation,8,3337.0
705536,,ReshardDeviceOperation,8,3331.0
1418240,1,ShardedToInterleavedDeviceOperation,32,3331.0
1012736,,ReshardDeviceOperation,8,3324.0
1519616,1,InterleavedToShardedDeviceOperation,8,3305.0
1483776,1,InterleavedToShardedDeviceOperation,32,3272.0
1409024,1,ShardedToInterleavedDeviceOperation,32,3267.0
859136,,ReshardDeviceOperation,8,3256.0
1698816,1,InterleavedToShardedDeviceOperation,32,3254.0
437248,,ReshardDeviceOperation,8,3250.0
2215936,1,InterleavedToShardedDeviceOperation,32,3241.0
385024,,ShardedToInterleavedDeviceOperation,32,3162.0
2036736,1,InterleavedToShardedDeviceOperation,32,3145.0
1624064,1,ReshardDeviceOperation,8,3131.0
1769472,1,ReshardDeviceOperation,8,3106.0
1395712,1,SliceDeviceOperation,64,3085.0
1992704,1,ReshardDeviceOperation,8,3081.0
2138112,1,ReshardDeviceOperation,8,3066.0
1804288,1,ReshardDeviceOperation,56,3065.0
1589248,1,ReshardDeviceOperation,56,3064.0
2361344,1,ReshardDeviceOperation,8,3048.0
1646592,1,ReshardDeviceOperation,8,3047.0
1501184,1,ReshardDeviceOperation,8,3044.0
1708032,1,ReshardDeviceOperation,8,3041.0
1375232,1,ReshardDeviceOperation,8,3039.0
2168832,1,ReshardDeviceOperation,8,3039.0
1923072,1,ReshardDeviceOperation,8,3029.0
2199552,1,ReshardDeviceOperation,8,3028.0
1523712,1,ReshardDeviceOperation,8,3025.0
2115584,1,ReshardDeviceOperation,8,3025.0
1900544,1,ReshardDeviceOperation,8,3020.0
2084864,1,ReshardDeviceOperation,8,3018.0
1531904,1,ReshardDeviceOperation,8,3017.0
1865728,1,ReshardDeviceOperation,56,3012.0
2330624,1,ReshardDeviceOperation,8,3000.0
2291712,1,ReshardDeviceOperation,8,2997.0
2023424,1,ReshardDeviceOperation,8,2996.0
2357248,1,ReshardDeviceOperation,56,2996.0
1712128,1,ReshardDeviceOperation,56,2994.0
1984512,1,ReshardDeviceOperation,8,2994.0
1383424,1,BinaryNgDeviceOperation,64,2993.0
1839104,1,ReshardDeviceOperation,8,2986.0
1527808,1,ReshardDeviceOperation,56,2979.0
2080768,1,ReshardDeviceOperation,56,2979.0
2265088,1,ReshardDeviceOperation,56,2979.0
2172928,1,ReshardDeviceOperation,56,2978.0
1861632,1,ReshardDeviceOperation,8,2976.0
2238464,1,ReshardDeviceOperation,8,2976.0
1777664,1,ReshardDeviceOperation,8,2974.0
2326528,1,ReshardDeviceOperation,56,2969.0
2207744,1,ReshardDeviceOperation,8,2967.0
1650688,1,ReshardDeviceOperation,56,2965.0
2050048,1,ReshardDeviceOperation,56,2963.0
2111488,1,ReshardDeviceOperation,56,2962.0
1554432,1,ReshardDeviceOperation,8,2959.0
1492992,1,ReshardDeviceOperation,8,2956.0
1869824,1,ReshardDeviceOperation,8,2955.0
2230272,1,ReshardDeviceOperation,8,2955.0
2260992,1,ReshardDeviceOperation,8,2955.0
1773568,1,ReshardDeviceOperation,56,2953.0
1462272,1,ReshardDeviceOperation,8,2945.0
1470464,1,ReshardDeviceOperation,8,2945.0
1716224,1,ReshardDeviceOperation,8,2944.0
2107392,1,ReshardDeviceOperation,8,2941.0
1497088,1,ReshardDeviceOperation,56,2939.0
1585152,1,ReshardDeviceOperation,8,2939.0
1961984,1,ReshardDeviceOperation,8,2939.0
2076672,1,ReshardDeviceOperation,8,2939.0
1988608,1,ReshardDeviceOperation,56,2938.0
2322432,1,ReshardDeviceOperation,8,2938.0
1746944,1,ReshardDeviceOperation,8,2937.0
1562624,1,ReshardDeviceOperation,8,2933.0
2383872,1,ReshardDeviceOperation,8,2933.0
1738752,1,ReshardDeviceOperation,8,2932.0
2269184,1,ReshardDeviceOperation,8,2932.0
1615872,1,ReshardDeviceOperation,8,2931.0
1685504,1,ReshardDeviceOperation,8,2929.0
1931264,1,ReshardDeviceOperation,8,2929.0
2146304,1,ReshardDeviceOperation,8,2929.0
1411072,1,RepeatDeviceOperation,64,2925.0
1558528,1,ReshardDeviceOperation,56,2921.0
1439744,1,ReshardDeviceOperation,8,2920.0
2142208,1,ReshardDeviceOperation,56,2918.0
2045952,1,ReshardDeviceOperation,8,2916.0
1477632,1,SliceDeviceOperation,64,2915.0
2054144,1,ReshardDeviceOperation,8,2910.0
2015232,1,ReshardDeviceOperation,8,2909.0
1466368,1,ReshardDeviceOperation,56,2905.0
2177024,1,ReshardDeviceOperation,8,2905.0
1654784,1,ReshardDeviceOperation,8,2897.0
1800192,1,ReshardDeviceOperation,8,2896.0
1830912,1,ReshardDeviceOperation,8,2891.0
1593344,1,ReshardDeviceOperation,8,2881.0
396288,,BinaryNgDeviceOperation,64,2876.0
2295808,1,ReshardDeviceOperation,56,2876.0
1892352,1,ReshardDeviceOperation,8,2873.0
2353152,1,ReshardDeviceOperation,8,2857.0
350208,,BinaryNgDeviceOperation,64,2855.0
2203648,1,ReshardDeviceOperation,56,2847.0
1677312,1,ReshardDeviceOperation,8,2840.0
1402880,1,UntilizeWithUnpaddingDeviceOperation,1,2813.0
2299904,1,ReshardDeviceOperation,8,2808.0
2019328,1,ReshardDeviceOperation,56,2798.0
1896448,1,ReshardDeviceOperation,56,2795.0
654336,,ShardedToInterleavedDeviceOperation,64,2788.0
1808384,1,ReshardDeviceOperation,8,2788.0
1927168,1,ReshardDeviceOperation,56,2786.0
1619968,1,ReshardDeviceOperation,56,2778.0
1754112,1,SliceDeviceOperation,64,2778.0
1742848,1,ReshardDeviceOperation,56,2772.0
408576,,ShardedToInterleavedDeviceOperation,64,2769.0
1953792,1,ReshardDeviceOperation,8,2764.0
1367040,1,BinaryNgDeviceOperation,64,2763.0
2184192,1,SliceDeviceOperation,64,2757.0
381952,,ShardedToInterleavedDeviceOperation,32,2747.0
1268736,,ShardedToInterleavedDeviceOperation,64,2744.0
1835008,1,ReshardDeviceOperation,56,2729.0
1115136,,ShardedToInterleavedDeviceOperation,64,2724.0
369664,,UntilizeWithUnpaddingDeviceOperation,1,2723.0
838656,,ShardedToInterleavedDeviceOperation,64,2716.0
1139712,,ReshardDeviceOperation,56,2714.0
1681408,1,ReshardDeviceOperation,56,2713.0
1661952,1,SliceDeviceOperation,64,2709.0
586752,,ReshardDeviceOperation,56,2695.0
1435648,1,ReshardDeviceOperation,56,2684.0
1047552,,ReshardDeviceOperation,56,2680.0
832512,,ReshardDeviceOperation,56,2671.0
525312,,ReshardDeviceOperation,56,2666.0
1201152,,ReshardDeviceOperation,56,2665.0
924672,,ReshardDeviceOperation,56,2664.0
1108992,,ReshardDeviceOperation,56,2658.0
801792,,ReshardDeviceOperation,56,2657.0
494592,,ReshardDeviceOperation,56,2655.0
863232,,ReshardDeviceOperation,56,2655.0
1363968,1,BinaryNgDeviceOperation,64,2654.0
2387968,1,ReshardDeviceOperation,55,2649.0
617472,,ReshardDeviceOperation,56,2647.0
1053696,,ShardedToInterleavedDeviceOperation,64,2645.0
1472512,1,ShardedToInterleavedDeviceOperation,64,2645.0
678912,,ReshardDeviceOperation,56,2643.0
1170432,,ReshardDeviceOperation,56,2642.0
556032,,ReshardDeviceOperation,56,2641.0
648192,,ReshardDeviceOperation,56,2641.0
2368512,1,SliceDeviceOperation,64,2640.0
1231872,,ReshardDeviceOperation,56,2639.0
592896,,ShardedToInterleavedDeviceOperation,64,2637.0
986112,,ReshardDeviceOperation,56,2632.0
1581056,1,InterleavedToShardedDeviceOperation,8,2631.0
955392,,ReshardDeviceOperation,56,2626.0
709632,,ReshardDeviceOperation,56,2625.0
1293312,,ReshardDeviceOperation,56,2625.0
740352,,ReshardDeviceOperation,56,2623.0
1078272,,ReshardDeviceOperation,56,2623.0
344064,,ShardedToInterleavedDeviceOperation,64,2622.0
771072,,ReshardDeviceOperation,56,2617.0
463872,,ReshardDeviceOperation,56,2615.0
433152,,ReshardDeviceOperation,56,2610.0
402432,,ReshardDeviceOperation,56,2609.0
1957888,1,ReshardDeviceOperation,56,2601.0
2234368,1,ReshardDeviceOperation,56,2601.0
1262592,,ReshardDeviceOperation,56,2599.0
893952,,ReshardDeviceOperation,56,2594.0
2030592,1,SliceDeviceOperation,64,2588.0
1354752,,ReshardDeviceOperation,56,2578.0
623616,,ShardedToInterleavedDeviceOperation,64,2576.0
1441792,1,ShardedToInterleavedDeviceOperation,64,2571.0
1016832,,ReshardDeviceOperation,56,2569.0
777216,,ShardedToInterleavedDeviceOperation,64,2564.0
1324032,,ReshardDeviceOperation,56,2561.0
439296,,ShardedToInterleavedDeviceOperation,64,2559.0
930816,,ShardedToInterleavedDeviceOperation,64,2552.0
2148352,1,ShardedToInterleavedDeviceOperation,64,2538.0
1429504,1,BinaryNgDeviceOperation,64,2534.0
1238016,,ShardedToInterleavedDeviceOperation,64,2532.0
1902592,1,ShardedToInterleavedDeviceOperation,64,2532.0
500736,,ShardedToInterleavedDeviceOperation,64,2526.0
1330176,,ShardedToInterleavedDeviceOperation,64,2525.0
1503232,1,ShardedToInterleavedDeviceOperation,64,2522.0
869376,,ShardedToInterleavedDeviceOperation,64,2511.0
1964032,1,ShardedToInterleavedDeviceOperation,64,2506.0
2086912,1,ShardedToInterleavedDeviceOperation,64,2506.0
715776,,ShardedToInterleavedDeviceOperation,64,2468.0
1871872,1,ShardedToInterleavedDeviceOperation,64,2457.0
2025472,1,ShardedToInterleavedDeviceOperation,64,2454.0
1022976,,ShardedToInterleavedDeviceOperation,64,2452.0
1299456,,ShardedToInterleavedDeviceOperation,64,2452.0
333824,,BinaryNgDeviceOperation,64,2451.0
330752,,BinaryNgDeviceOperation,64,2445.0
807936,,ShardedToInterleavedDeviceOperation,64,2431.0
1533952,1,ShardedToInterleavedDeviceOperation,64,2426.0
992256,,ShardedToInterleavedDeviceOperation,64,2422.0
746496,,ShardedToInterleavedDeviceOperation,64,2421.0
531456,,ShardedToInterleavedDeviceOperation,64,2419.0
2179072,1,ShardedToInterleavedDeviceOperation,64,2408.0
900096,,ShardedToInterleavedDeviceOperation,64,2405.0
685056,,ShardedToInterleavedDeviceOperation,64,2390.0
961536,,ShardedToInterleavedDeviceOperation,64,2366.0
1145856,,ShardedToInterleavedDeviceOperation,64,2348.0
1207296,,ShardedToInterleavedDeviceOperation,64,2348.0
1662976,1,InterleavedToShardedDeviceOperation,32,2323.0
1994752,1,ShardedToInterleavedDeviceOperation,64,2315.0
1810432,1,ShardedToInterleavedDeviceOperation,64,2295.0
1176576,,ShardedToInterleavedDeviceOperation,64,2292.0
2332672,1,ShardedToInterleavedDeviceOperation,64,2287.0
470016,,ShardedToInterleavedDeviceOperation,64,2284.0
1718272,1,ShardedToInterleavedDeviceOperation,64,2269.0
2056192,1,ShardedToInterleavedDeviceOperation,64,2268.0
2369536,1,InterleavedToShardedDeviceOperation,32,2248.0
2363392,1,ShardedToInterleavedDeviceOperation,64,2244.0
1084416,,ShardedToInterleavedDeviceOperation,64,2236.0
1687552,1,ShardedToInterleavedDeviceOperation,64,2227.0
1779712,1,ShardedToInterleavedDeviceOperation,64,2215.0
1841152,1,ShardedToInterleavedDeviceOperation,64,2214.0
505856,,SliceDeviceOperation,64,2203.0
1058816,,SliceDeviceOperation,64,2202.0
2240512,1,ShardedToInterleavedDeviceOperation,64,2194.0
2214912,1,SliceDeviceOperation,64,2185.0
1377280,1,ShardedToInterleavedDeviceOperation,64,2184.0
1595392,1,ShardedToInterleavedDeviceOperation,64,2182.0
562176,,ShardedToInterleavedDeviceOperation,64,2180.0
2117632,1,ShardedToInterleavedDeviceOperation,64,2176.0
1632256,1,InterleavedToShardedDeviceOperation,32,2168.0
536576,,SliceDeviceOperation,64,2163.0
690176,,SliceDeviceOperation,64,2160.0
1656832,1,ShardedToInterleavedDeviceOperation,64,2146.0
854016,,ShardedToInterleavedDeviceOperation,32,2138.0
1508352,1,SliceDeviceOperation,64,2132.0
2301952,1,ShardedToInterleavedDeviceOperation,64,2131.0
1564672,1,ShardedToInterleavedDeviceOperation,64,2130.0
2271232,1,ShardedToInterleavedDeviceOperation,64,2124.0
1626112,1,ShardedToInterleavedDeviceOperation,64,2119.0
935936,,SliceDeviceOperation,64,2117.0
1403904,1,RepeatDeviceOperation,64,2115.0
2245632,1,SliceDeviceOperation,64,2114.0
370688,,RepeatDeviceOperation,64,2114.0
843776,,SliceDeviceOperation,64,2109.0
1933312,1,ShardedToInterleavedDeviceOperation,64,2100.0
628736,,SliceDeviceOperation,64,2096.0
905216,,SliceDeviceOperation,64,2088.0
751616,,SliceDeviceOperation,64,2087.0
1539072,1,SliceDeviceOperation,64,2083.0
1692672,1,SliceDeviceOperation,64,2083.0
2209792,1,ShardedToInterleavedDeviceOperation,64,2083.0
475136,,SliceDeviceOperation,64,2075.0
1335296,,SliceDeviceOperation,64,2074.0
1938432,1,SliceDeviceOperation,64,2059.0
362496,,SliceDeviceOperation,64,2058.0
1631232,1,SliceDeviceOperation,64,2057.0
444416,,SliceDeviceOperation,64,2056.0
1212416,,SliceDeviceOperation,64,2052.0
1673216,1,InterleavedToShardedDeviceOperation,8,2050.0
813056,,SliceDeviceOperation,64,2048.0
1937408,1,ShardedToInterleavedDeviceOperation,32,2042.0
997376,,SliceDeviceOperation,64,2039.0
1150976,,SliceDeviceOperation,64,2035.0
1846272,1,SliceDeviceOperation,64,2033.0
1748992,1,ShardedToInterleavedDeviceOperation,64,2030.0
2277376,1,InterleavedToShardedDeviceOperation,32,2026.0
567296,,SliceDeviceOperation,64,2016.0
2061312,1,SliceDeviceOperation,64,2016.0
2134016,1,InterleavedToShardedDeviceOperation,8,2016.0
659456,,SliceDeviceOperation,64,2015.0
413696,,SliceDeviceOperation,64,2014.0
1815552,1,SliceDeviceOperation,64,2008.0
355328,,TypecastDeviceOperation,4,2006.0
361472,,ShardedToInterleavedDeviceOperation,32,2006.0
1826816,1,InterleavedToShardedDeviceOperation,8,2006.0
720896,,SliceDeviceOperation,64,2004.0
357376,,TypecastDeviceOperation,4,2001.0
1907712,1,SliceDeviceOperation,64,2000.0
1120256,,SliceDeviceOperation,64,1996.0
1007616,,ShardedToInterleavedDeviceOperation,32,1994.0
1181696,,SliceDeviceOperation,64,1993.0
750592,,ShardedToInterleavedDeviceOperation,32,1991.0
2164736,1,InterleavedToShardedDeviceOperation,8,1985.0
2072576,1,InterleavedToShardedDeviceOperation,8,1984.0
1273856,,SliceDeviceOperation,64,1981.0
393216,,ShardedToInterleavedDeviceOperation,32,1972.0
1784832,1,SliceDeviceOperation,64,1972.0
1180672,,ShardedToInterleavedDeviceOperation,32,1970.0
1089536,,SliceDeviceOperation,64,1969.0
1211392,,ShardedToInterleavedDeviceOperation,32,1965.0
504832,,ShardedToInterleavedDeviceOperation,32,1962.0
1999872,1,SliceDeviceOperation,64,1962.0
1303552,,ShardedToInterleavedDeviceOperation,32,1961.0
2103296,1,InterleavedToShardedDeviceOperation,8,1960.0
1755136,1,InterleavedToShardedDeviceOperation,32,1958.0
782336,,SliceDeviceOperation,64,1953.0
2226176,1,InterleavedToShardedDeviceOperation,8,1952.0
598016,,SliceDeviceOperation,64,1949.0
1569792,1,SliceDeviceOperation,64,1949.0
1028096,,SliceDeviceOperation,64,1945.0
1387520,1,UnaryDeviceOperation,64,1940.0
1304576,,SliceDeviceOperation,64,1934.0
966656,,SliceDeviceOperation,64,1931.0
2276352,1,SliceDeviceOperation,64,1931.0
1222656,,ShardedToInterleavedDeviceOperation,32,1929.0
1888256,1,InterleavedToShardedDeviceOperation,8,1929.0
2307072,1,SliceDeviceOperation,64,1925.0
658432,,ShardedToInterleavedDeviceOperation,32,1918.0
485376,,ShardedToInterleavedDeviceOperation,32,1914.0
1394688,1,ShardedToInterleavedDeviceOperation,32,1913.0
1415168,1,ShardedToInterleavedDeviceOperation,32,1910.0
1390592,1,TypecastDeviceOperation,4,1906.0
1723392,1,SliceDeviceOperation,64,1905.0
700416,,ShardedToInterleavedDeviceOperation,32,1897.0
1088512,,ShardedToInterleavedDeviceOperation,32,1896.0
1057792,,ShardedToInterleavedDeviceOperation,32,1895.0
566272,,ShardedToInterleavedDeviceOperation,32,1894.0
474112,,ShardedToInterleavedDeviceOperation,32,1889.0
781312,,ShardedToInterleavedDeviceOperation,32,1889.0
874496,,SliceDeviceOperation,64,1889.0
1980416,1,InterleavedToShardedDeviceOperation,8,1889.0
2091008,1,ShardedToInterleavedDeviceOperation,32,1887.0
1243136,,SliceDeviceOperation,64,1884.0
873472,,ShardedToInterleavedDeviceOperation,32,1876.0
1345536,,ShardedToInterleavedDeviceOperation,32,1873.0
1949696,1,InterleavedToShardedDeviceOperation,8,1871.0
1388544,1,TypecastDeviceOperation,4,1870.0
2414592,,UntilizeWithUnpaddingDeviceOperation,1,1870.0
812032,,ShardedToInterleavedDeviceOperation,32,1859.0
823296,,ShardedToInterleavedDeviceOperation,32,1858.0
915456,,ShardedToInterleavedDeviceOperation,32,1857.0
596992,,ShardedToInterleavedDeviceOperation,32,1855.0
1876992,1,SliceDeviceOperation,64,1853.0
1119232,,ShardedToInterleavedDeviceOperation,32,1851.0
1600512,1,SliceDeviceOperation,64,1845.0
354304,,UnaryDeviceOperation,64,1841.0
792576,,ShardedToInterleavedDeviceOperation,32,1841.0
1446912,1,SliceDeviceOperation,64,1840.0
1703936,1,InterleavedToShardedDeviceOperation,8,1839.0
2244608,1,ShardedToInterleavedDeviceOperation,32,1839.0
608256,,ShardedToInterleavedDeviceOperation,32,1836.0
2396160,,UntilizeWithUnpaddingDeviceOperation,1,1835.0
1641472,1,ShardedToInterleavedDeviceOperation,32,1833.0
842752,,ShardedToInterleavedDeviceOperation,32,1832.0
1642496,1,InterleavedToShardedDeviceOperation,8,1829.0
2337792,1,SliceDeviceOperation,64,1826.0
965632,,ShardedToInterleavedDeviceOperation,32,1825.0
1099776,,ShardedToInterleavedDeviceOperation,32,1823.0
412672,,ShardedToInterleavedDeviceOperation,32,1822.0
2153472,1,SliceDeviceOperation,64,1821.0
423936,,ShardedToInterleavedDeviceOperation,32,1818.0
1242112,,ShardedToInterleavedDeviceOperation,32,1815.0
719872,,ShardedToInterleavedDeviceOperation,32,1814.0
946176,,ShardedToInterleavedDeviceOperation,32,1809.0
976896,,ShardedToInterleavedDeviceOperation,32,1809.0
2092032,1,SliceDeviceOperation,64,1806.0
1389568,1,UnaryDeviceOperation,64,1803.0
1027072,,ShardedToInterleavedDeviceOperation,32,1802.0
1284096,,ShardedToInterleavedDeviceOperation,32,1802.0
535552,,ShardedToInterleavedDeviceOperation,32,1801.0
1161216,,ShardedToInterleavedDeviceOperation,32,1801.0
1334272,,ShardedToInterleavedDeviceOperation,32,1801.0
1939456,1,InterleavedToShardedDeviceOperation,32,1799.0
443392,,ShardedToInterleavedDeviceOperation,32,1794.0
934912,,ShardedToInterleavedDeviceOperation,32,1791.0
689152,,ShardedToInterleavedDeviceOperation,32,1790.0
1918976,1,InterleavedToShardedDeviceOperation,8,1786.0
1149952,,ShardedToInterleavedDeviceOperation,32,1782.0
1038336,,ShardedToInterleavedDeviceOperation,32,1777.0
454656,,ShardedToInterleavedDeviceOperation,32,1769.0
627712,,ShardedToInterleavedDeviceOperation,32,1769.0
884736,,ShardedToInterleavedDeviceOperation,32,1769.0
996352,,ShardedToInterleavedDeviceOperation,32,1766.0
1244160,,InterleavedToShardedDeviceOperation,32,1763.0
2121728,1,ShardedToInterleavedDeviceOperation,32,1763.0
577536,,ShardedToInterleavedDeviceOperation,32,1762.0
2308096,1,InterleavedToShardedDeviceOperation,32,1761.0
2122752,1,SliceDeviceOperation,64,1758.0
2379776,1,InterleavedToShardedDeviceOperation,8,1753.0
414720,,InterleavedToShardedDeviceOperation,32,1752.0
1272832,,ShardedToInterleavedDeviceOperation,32,1747.0
516096,,ShardedToInterleavedDeviceOperation,32,1745.0
761856,,ShardedToInterleavedDeviceOperation,32,1745.0
638976,,ShardedToInterleavedDeviceOperation,32,1744.0
1796096,1,InterleavedToShardedDeviceOperation,8,1740.0
599040,,InterleavedToShardedDeviceOperation,32,1739.0
2397184,,UntilizeWithUnpaddingDeviceOperation,1,1738.0
2398208,,UntilizeWithUnpaddingDeviceOperation,1,1738.0
2400256,,UntilizeWithUnpaddingDeviceOperation,1,1730.0
977920,,InterleavedToShardedDeviceOperation,8,1728.0
2416640,,UntilizeWithUnpaddingDeviceOperation,1,1724.0
1253376,,ShardedToInterleavedDeviceOperation,32,1721.0
2423808,,UntilizeWithUnpaddingDeviceOperation,1,1720.0
356352,,UnaryDeviceOperation,64,1719.0
1660928,1,ShardedToInterleavedDeviceOperation,32,1716.0
1069056,,ShardedToInterleavedDeviceOperation,32,1713.0
669696,,ShardedToInterleavedDeviceOperation,32,1711.0
1487872,1,ShardedToInterleavedDeviceOperation,32,1711.0
2408448,,UntilizeWithUnpaddingDeviceOperation,1,1709.0
916480,,InterleavedToShardedDeviceOperation,8,1707.0
2256896,1,InterleavedToShardedDeviceOperation,8,1707.0
1968128,1,ShardedToInterleavedDeviceOperation,32,1704.0
1857536,1,InterleavedToShardedDeviceOperation,8,1703.0
2402304,,UntilizeWithUnpaddingDeviceOperation,1,1703.0
2401280,,UntilizeWithUnpaddingDeviceOperation,1,1698.0
731136,,ShardedToInterleavedDeviceOperation,32,1697.0
2413568,,UntilizeWithUnpaddingDeviceOperation,1,1696.0
2425856,,UntilizeWithUnpaddingDeviceOperation,1,1696.0
346112,,RepeatDeviceOperation,64,1696.0
2399232,,UntilizeWithUnpaddingDeviceOperation,1,1695.0
1478656,1,InterleavedToShardedDeviceOperation,32,1694.0
1969152,1,SliceDeviceOperation,64,1694.0
2411520,,UntilizeWithUnpaddingDeviceOperation,1,1694.0
1979392,1,ShardedToInterleavedDeviceOperation,32,1690.0
2412544,,UntilizeWithUnpaddingDeviceOperation,1,1690.0
1191936,,ShardedToInterleavedDeviceOperation,32,1689.0
1314816,,ShardedToInterleavedDeviceOperation,32,1689.0
2406400,,UntilizeWithUnpaddingDeviceOperation,1,1686.0
2349056,1,InterleavedToShardedDeviceOperation,8,1683.0
2424832,,UntilizeWithUnpaddingDeviceOperation,1,1683.0
1130496,,ShardedToInterleavedDeviceOperation,32,1681.0
2427904,,UntilizeWithUnpaddingDeviceOperation,1,1680.0
1379328,1,RepeatDeviceOperation,64,1680.0
2419712,,UntilizeWithUnpaddingDeviceOperation,1,1677.0
2403328,,UntilizeWithUnpaddingDeviceOperation,1,1676.0
2409472,,UntilizeWithUnpaddingDeviceOperation,1,1676.0
2426880,,UntilizeWithUnpaddingDeviceOperation,1,1675.0
2183168,1,ShardedToInterleavedDeviceOperation,32,1674.0
904192,,ShardedToInterleavedDeviceOperation,32,1673.0
1029120,,InterleavedToShardedDeviceOperation,32,1673.0
2378752,1,ShardedToInterleavedDeviceOperation,32,1673.0
2415616,,UntilizeWithUnpaddingDeviceOperation,1,1673.0
2417664,,UntilizeWithUnpaddingDeviceOperation,1,1673.0
2421760,,UntilizeWithUnpaddingDeviceOperation,1,1673.0
1039360,,InterleavedToShardedDeviceOperation,8,1672.0
1908736,1,InterleavedToShardedDeviceOperation,32,1672.0
2422784,,UntilizeWithUnpaddingDeviceOperation,1,1672.0
1192960,,InterleavedToShardedDeviceOperation,8,1669.0
1285120,,InterleavedToShardedDeviceOperation,8,1669.0
2407424,,UntilizeWithUnpaddingDeviceOperation,1,1669.0
537600,,InterleavedToShardedDeviceOperation,32,1664.0
2418688,,UntilizeWithUnpaddingDeviceOperation,1,1664.0
2420736,,UntilizeWithUnpaddingDeviceOperation,1,1664.0
762880,,InterleavedToShardedDeviceOperation,8,1663.0
1223680,,InterleavedToShardedDeviceOperation,8,1662.0
1693696,1,InterleavedToShardedDeviceOperation,32,1662.0
517120,,InterleavedToShardedDeviceOperation,8,1661.0
546816,,ShardedToInterleavedDeviceOperation,32,1657.0
2405376,,UntilizeWithUnpaddingDeviceOperation,1,1655.0
2404352,,UntilizeWithUnpaddingDeviceOperation,1,1653.0
2428928,,UntilizeWithUnpaddingDeviceOperation,1,1651.0
1381376,1,TypecastDeviceOperation,1,1648.0
2410496,,UntilizeWithUnpaddingDeviceOperation,1,1645.0
578560,,InterleavedToShardedDeviceOperation,8,1644.0
947200,,InterleavedToShardedDeviceOperation,8,1644.0
2275328,1,ShardedToInterleavedDeviceOperation,32,1642.0
640000,,InterleavedToShardedDeviceOperation,8,1641.0
424960,,InterleavedToShardedDeviceOperation,8,1639.0
2225152,1,ShardedToInterleavedDeviceOperation,32,1638.0
793600,,InterleavedToShardedDeviceOperation,8,1637.0
701440,,InterleavedToShardedDeviceOperation,8,1633.0
1948672,1,ShardedToInterleavedDeviceOperation,32,1633.0
2060288,1,ShardedToInterleavedDeviceOperation,32,1633.0
486400,,InterleavedToShardedDeviceOperation,8,1628.0
885760,,InterleavedToShardedDeviceOperation,8,1628.0
1599488,1,ShardedToInterleavedDeviceOperation,32,1627.0
814080,,InterleavedToShardedDeviceOperation,32,1622.0
824320,,InterleavedToShardedDeviceOperation,8,1621.0
352256,,ConcatDeviceOperation,4,1620.0
1825792,1,ShardedToInterleavedDeviceOperation,32,1616.0
732160,,InterleavedToShardedDeviceOperation,8,1614.0
906240,,InterleavedToShardedDeviceOperation,32,1613.0
394240,,InterleavedToShardedDeviceOperation,8,1611.0
1162240,,InterleavedToShardedDeviceOperation,8,1608.0
372736,,InterleavedToShardedDeviceOperation,32,1607.0
455680,,InterleavedToShardedDeviceOperation,8,1606.0
2195456,1,InterleavedToShardedDeviceOperation,8,1605.0
2029568,1,ShardedToInterleavedDeviceOperation,32,1603.0
1254400,,InterleavedToShardedDeviceOperation,8,1601.0
670720,,InterleavedToShardedDeviceOperation,8,1599.0
1070080,,InterleavedToShardedDeviceOperation,8,1599.0
1131520,,InterleavedToShardedDeviceOperation,8,1599.0
547840,,InterleavedToShardedDeviceOperation,8,1598.0
1008640,,InterleavedToShardedDeviceOperation,8,1595.0
1346560,,InterleavedToShardedDeviceOperation,8,1595.0
1672192,1,ShardedToInterleavedDeviceOperation,32,1593.0
609280,,InterleavedToShardedDeviceOperation,8,1590.0
1100800,,InterleavedToShardedDeviceOperation,8,1588.0
2246656,1,InterleavedToShardedDeviceOperation,32,1588.0
2287616,1,InterleavedToShardedDeviceOperation,8,1588.0
1315840,,InterleavedToShardedDeviceOperation,8,1587.0
1336320,,InterleavedToShardedDeviceOperation,32,1576.0
855040,,InterleavedToShardedDeviceOperation,8,1575.0
2010112,1,ShardedToInterleavedDeviceOperation,32,1575.0
1488896,1,InterleavedToShardedDeviceOperation,8,1567.0
1385472,1,ConcatDeviceOperation,4,1566.0
2041856,1,InterleavedToShardedDeviceOperation,8,1565.0
1765376,1,InterleavedToShardedDeviceOperation,8,1562.0
1845248,1,ShardedToInterleavedDeviceOperation,32,1558.0
2255872,1,ShardedToInterleavedDeviceOperation,32,1558.0
1580032,1,ShardedToInterleavedDeviceOperation,32,1557.0
691200,,InterleavedToShardedDeviceOperation,32,1556.0
967680,,InterleavedToShardedDeviceOperation,32,1556.0
1427456,1,InterleavedToShardedDeviceOperation,8,1554.0
1691648,1,ShardedToInterleavedDeviceOperation,32,1554.0
2185216,1,InterleavedToShardedDeviceOperation,32,1552.0
2318336,1,InterleavedToShardedDeviceOperation,8,1552.0
2306048,1,ShardedToInterleavedDeviceOperation,32,1548.0
2102272,1,ShardedToInterleavedDeviceOperation,32,1545.0
1458176,1,InterleavedToShardedDeviceOperation,8,1542.0
2163712,1,ShardedToInterleavedDeviceOperation,32,1541.0
1549312,1,ShardedToInterleavedDeviceOperation,32,1539.0
2040832,1,ShardedToInterleavedDeviceOperation,32,1539.0
1538048,1,ShardedToInterleavedDeviceOperation,32,1535.0
936960,,InterleavedToShardedDeviceOperation,32,1533.0
1152000,,InterleavedToShardedDeviceOperation,32,1532.0
1734656,1,InterleavedToShardedDeviceOperation,8,1532.0
1702912,1,ShardedToInterleavedDeviceOperation,32,1529.0
1274880,,InterleavedToShardedDeviceOperation,32,1528.0
506880,,InterleavedToShardedDeviceOperation,32,1523.0
1369088,1,TypecastDeviceOperation,32,1523.0
1457152,1,ShardedToInterleavedDeviceOperation,32,1521.0
1568768,1,ShardedToInterleavedDeviceOperation,32,1521.0
1998848,1,ShardedToInterleavedDeviceOperation,32,1519.0
1426432,1,ShardedToInterleavedDeviceOperation,32,1510.0
875520,,InterleavedToShardedDeviceOperation,32,1508.0
1090560,,InterleavedToShardedDeviceOperation,32,1508.0
1856512,1,ShardedToInterleavedDeviceOperation,32,1508.0
1814528,1,ShardedToInterleavedDeviceOperation,32,1506.0
1783808,1,ShardedToInterleavedDeviceOperation,32,1505.0
1887232,1,ShardedToInterleavedDeviceOperation,32,1504.0
783360,,InterleavedToShardedDeviceOperation,32,1501.0
2011136,1,InterleavedToShardedDeviceOperation,8,1500.0
1795072,1,ShardedToInterleavedDeviceOperation,32,1497.0
629760,,InterleavedToShardedDeviceOperation,32,1496.0
1121280,,InterleavedToShardedDeviceOperation,32,1496.0
476160,,InterleavedToShardedDeviceOperation,32,1495.0
2152448,1,ShardedToInterleavedDeviceOperation,32,1491.0
660480,,InterleavedToShardedDeviceOperation,32,1488.0
348160,,TypecastDeviceOperation,1,1486.0
844800,,InterleavedToShardedDeviceOperation,32,1486.0
1445888,1,ShardedToInterleavedDeviceOperation,32,1485.0
1764352,1,ShardedToInterleavedDeviceOperation,32,1480.0
2367488,1,ShardedToInterleavedDeviceOperation,32,1475.0
2336768,1,ShardedToInterleavedDeviceOperation,32,1471.0
363520,,InterleavedToShardedDeviceOperation,32,1468.0
752640,,InterleavedToShardedDeviceOperation,32,1466.0
1213440,,InterleavedToShardedDeviceOperation,32,1466.0
445440,,InterleavedToShardedDeviceOperation,32,1463.0
721920,,InterleavedToShardedDeviceOperation,32,1463.0
2031616,1,InterleavedToShardedDeviceOperation,32,1463.0
2286592,1,ShardedToInterleavedDeviceOperation,32,1439.0
1906688,1,ShardedToInterleavedDeviceOperation,32,1437.0
1182720,,InterleavedToShardedDeviceOperation,32,1431.0
1753088,1,ShardedToInterleavedDeviceOperation,32,1426.0
2071552,1,ShardedToInterleavedDeviceOperation,32,1426.0
568320,,InterleavedToShardedDeviceOperation,32,1422.0
998400,,InterleavedToShardedDeviceOperation,32,1422.0
1373184,1,InterleavedToShardedDeviceOperation,64,1420.0
1305600,,InterleavedToShardedDeviceOperation,32,1418.0
2132992,1,ShardedToInterleavedDeviceOperation,32,1417.0
1630208,1,ShardedToInterleavedDeviceOperation,32,1416.0
335872,,TypecastDeviceOperation,32,1415.0
1875968,1,ShardedToInterleavedDeviceOperation,32,1414.0
1405952,1,InterleavedToShardedDeviceOperation,32,1412.0
1059840,,InterleavedToShardedDeviceOperation,32,1410.0
2213888,1,ShardedToInterleavedDeviceOperation,32,1406.0
2317312,1,ShardedToInterleavedDeviceOperation,32,1406.0
1917952,1,ShardedToInterleavedDeviceOperation,32,1385.0
1518592,1,ShardedToInterleavedDeviceOperation,32,1369.0
1476608,1,ShardedToInterleavedDeviceOperation,32,1354.0
2348032,1,ShardedToInterleavedDeviceOperation,32,1348.0
339968,,InterleavedToShardedDeviceOperation,64,1338.0
1722368,1,ShardedToInterleavedDeviceOperation,32,1338.0
1507328,1,ShardedToInterleavedDeviceOperation,32,1320.0
1610752,1,ShardedToInterleavedDeviceOperation,32,1313.0
1601536,1,InterleavedToShardedDeviceOperation,32,1224.0
1570816,1,InterleavedToShardedDeviceOperation,32,1212.0
2194432,1,ShardedToInterleavedDeviceOperation,32,1203.0
1847296,1,InterleavedToShardedDeviceOperation,32,1190.0
1733632,1,ShardedToInterleavedDeviceOperation,32,1172.0
1540096,1,InterleavedToShardedDeviceOperation,32,1169.0
1396736,1,InterleavedToShardedDeviceOperation,32,1165.0
1878016,1,InterleavedToShardedDeviceOperation,32,1144.0
1785856,1,InterleavedToShardedDeviceOperation,32,1137.0
1970176,1,InterleavedToShardedDeviceOperation,32,1113.0
2000896,1,InterleavedToShardedDeviceOperation,32,1112.0
1816576,1,InterleavedToShardedDeviceOperation,32,1101.0
2338816,1,InterleavedToShardedDeviceOperation,32,1092.0
2123776,1,InterleavedToShardedDeviceOperation,32,1088.0
1724416,1,InterleavedToShardedDeviceOperation,32,1068.0
1509376,1,InterleavedToShardedDeviceOperation,32,1060.0
2093056,1,InterleavedToShardedDeviceOperation,32,1059.0
2154496,1,InterleavedToShardedDeviceOperation,32,1055.0
1447936,1,InterleavedToShardedDeviceOperation,32,1046.0
2062336,1,InterleavedToShardedDeviceOperation,32,894.0
337920,,CopyDeviceOperation,1,880.0
1371136,1,CopyDeviceOperation,1,880.0
1386496,1,InterleavedToShardedDeviceOperation,4,842.0
1368064,1,ShardedToInterleavedDeviceOperation,1,815.0
353280,,InterleavedToShardedDeviceOperation,4,761.0
331776,,ShardedToInterleavedDeviceOperation,1,743.0
1364992,1,ShardedToInterleavedDeviceOperation,1,743.0
334848,,ShardedToInterleavedDeviceOperation,1,735.0
351232,,ShardedToInterleavedDeviceOperation,2,689.0
2082816,1,BinaryNgDeviceOperation,64,632.0
1529856,1,BinaryNgDeviceOperation,64,620.0
2174976,1,BinaryNgDeviceOperation,64,619.0
1683456,1,BinaryNgDeviceOperation,64,618.0
1898496,1,BinaryNgDeviceOperation,64,618.0
1837056,1,BinaryNgDeviceOperation,64,616.0
2359296,1,BinaryNgDeviceOperation,64,615.0
2267136,1,BinaryNgDeviceOperation,64,614.0
1460224,1,BinaryNgDeviceOperation,64,613.0
2328576,1,BinaryNgDeviceOperation,64,613.0
1622016,1,BinaryNgDeviceOperation,64,612.0
1437696,1,BinaryNgDeviceOperation,64,610.0
1499136,1,BinaryNgDeviceOperation,64,608.0
1613824,1,BinaryNgDeviceOperation,64,608.0
1959936,1,BinaryNgDeviceOperation,64,607.0
1990656,1,BinaryNgDeviceOperation,64,607.0
2144256,1,BinaryNgDeviceOperation,64,607.0
2236416,1,BinaryNgDeviceOperation,64,607.0
1560576,1,BinaryNgDeviceOperation,64,606.0
1929216,1,BinaryNgDeviceOperation,64,606.0
1982464,1,BinaryNgDeviceOperation,64,606.0
2021376,1,BinaryNgDeviceOperation,64,606.0
1552384,1,BinaryNgDeviceOperation,64,605.0
1521664,1,BinaryNgDeviceOperation,64,604.0
1591296,1,BinaryNgDeviceOperation,64,604.0
1744896,1,BinaryNgDeviceOperation,64,604.0
1867776,1,BinaryNgDeviceOperation,64,604.0
1921024,1,BinaryNgDeviceOperation,64,604.0
1644544,1,BinaryNgDeviceOperation,64,603.0
1714176,1,BinaryNgDeviceOperation,64,603.0
2228224,1,BinaryNgDeviceOperation,64,603.0
2052096,1,BinaryNgDeviceOperation,64,602.0
1384448,1,ShardedToInterleavedDeviceOperation,2,601.0
1583104,1,BinaryNgDeviceOperation,64,601.0
1675264,1,BinaryNgDeviceOperation,64,600.0
1775616,1,BinaryNgDeviceOperation,64,599.0
2166784,1,BinaryNgDeviceOperation,64,599.0
2205696,1,BinaryNgDeviceOperation,64,599.0
2297856,1,BinaryNgDeviceOperation,64,598.0
2390016,1,BinaryNgDeviceOperation,63,598.0
1490944,1,BinaryNgDeviceOperation,64,596.0
1652736,1,BinaryNgDeviceOperation,64,596.0
1798144,1,BinaryNgDeviceOperation,64,596.0
2136064,1,BinaryNgDeviceOperation,64,596.0
1705984,1,BinaryNgDeviceOperation,64,594.0
1736704,1,BinaryNgDeviceOperation,64,594.0
1468416,1,BinaryNgDeviceOperation,64,593.0
1767424,1,BinaryNgDeviceOperation,64,593.0
2320384,1,BinaryNgDeviceOperation,64,593.0
2289664,1,BinaryNgDeviceOperation,64,592.0
2351104,1,BinaryNgDeviceOperation,64,592.0
2381824,1,BinaryNgDeviceOperation,64,592.0
1806336,1,BinaryNgDeviceOperation,64,591.0
1859584,1,BinaryNgDeviceOperation,64,591.0
2013184,1,BinaryNgDeviceOperation,64,590.0
2105344,1,BinaryNgDeviceOperation,64,590.0
2074624,1,BinaryNgDeviceOperation,64,588.0
1951744,1,BinaryNgDeviceOperation,64,586.0
358400,,ShardedToInterleavedDeviceOperation,4,584.0
2197504,1,BinaryNgDeviceOperation,64,583.0
1890304,1,BinaryNgDeviceOperation,64,582.0
2258944,1,BinaryNgDeviceOperation,64,579.0
1828864,1,BinaryNgDeviceOperation,64,576.0
2113536,1,BinaryNgDeviceOperation,64,575.0
359424,,ShardedToInterleavedDeviceOperation,4,574.0
2043904,1,BinaryNgDeviceOperation,64,568.0
367616,,ShardedToInterleavedDeviceOperation,4,548.0
1400832,1,ShardedToInterleavedDeviceOperation,4,531.0
1391616,1,ShardedToInterleavedDeviceOperation,4,530.0
1392640,1,ShardedToInterleavedDeviceOperation,4,528.0
588800,,BinaryNgDeviceOperation,64,520.0
1133568,,BinaryNgDeviceOperation,64,508.0
1141760,,BinaryNgDeviceOperation,64,507.0
865280,,BinaryNgDeviceOperation,64,504.0
1010688,,BinaryNgDeviceOperation,64,498.0
680960,,BinaryNgDeviceOperation,64,497.0
803840,,BinaryNgDeviceOperation,64,496.0
1356800,,BinaryNgDeviceOperation,64,496.0
465920,,BinaryNgDeviceOperation,64,494.0
1233920,,BinaryNgDeviceOperation,64,494.0
857088,,BinaryNgDeviceOperation,64,492.0
404480,,BinaryNgDeviceOperation,64,491.0
549888,,BinaryNgDeviceOperation,64,491.0
1072128,,BinaryNgDeviceOperation,64,490.0
519168,,BinaryNgDeviceOperation,64,489.0
1256448,,BinaryNgDeviceOperation,64,488.0
435200,,BinaryNgDeviceOperation,64,487.0
457728,,BinaryNgDeviceOperation,64,487.0
527360,,BinaryNgDeviceOperation,64,487.0
742400,,BinaryNgDeviceOperation,64,487.0
611328,,BinaryNgDeviceOperation,64,486.0
1164288,,BinaryNgDeviceOperation,64,486.0
773120,,BinaryNgDeviceOperation,64,485.0
834560,,BinaryNgDeviceOperation,64,485.0
1203200,,BinaryNgDeviceOperation,64,485.0
1195008,,BinaryNgDeviceOperation,64,484.0
1018880,,BinaryNgDeviceOperation,64,483.0
949248,,BinaryNgDeviceOperation,64,482.0
979968,,BinaryNgDeviceOperation,64,482.0
488448,,BinaryNgDeviceOperation,64,481.0
580608,,BinaryNgDeviceOperation,64,481.0
896000,,BinaryNgDeviceOperation,64,481.0
1172480,,BinaryNgDeviceOperation,64,481.0
496640,,BinaryNgDeviceOperation,64,480.0
558080,,BinaryNgDeviceOperation,64,480.0
957440,,BinaryNgDeviceOperation,64,480.0
1041408,,BinaryNgDeviceOperation,64,480.0
1080320,,BinaryNgDeviceOperation,64,480.0
1102848,,BinaryNgDeviceOperation,64,480.0
1295360,,BinaryNgDeviceOperation,64,480.0
1225728,,BinaryNgDeviceOperation,64,479.0
1264640,,BinaryNgDeviceOperation,64,478.0
650240,,BinaryNgDeviceOperation,64,477.0
988160,,BinaryNgDeviceOperation,64,476.0
427008,,BinaryNgDeviceOperation,64,475.0
1049600,,BinaryNgDeviceOperation,64,475.0
1317888,,BinaryNgDeviceOperation,64,475.0
642048,,BinaryNgDeviceOperation,64,474.0
672768,,BinaryNgDeviceOperation,64,474.0
703488,,BinaryNgDeviceOperation,64,474.0
734208,,BinaryNgDeviceOperation,64,474.0
1287168,,BinaryNgDeviceOperation,64,474.0
926720,,BinaryNgDeviceOperation,64,473.0
711680,,BinaryNgDeviceOperation,64,472.0
1111040,,BinaryNgDeviceOperation,64,472.0
1348608,,BinaryNgDeviceOperation,64,472.0
826368,,BinaryNgDeviceOperation,64,471.0
1326080,,BinaryNgDeviceOperation,64,471.0
764928,,BinaryNgDeviceOperation,64,470.0
795648,,BinaryNgDeviceOperation,64,469.0
918528,,BinaryNgDeviceOperation,64,469.0
887808,,BinaryNgDeviceOperation,64,468.0
619520,,BinaryNgDeviceOperation,64,467.0
