op_id,replay,op_name,cores,duration_ns
1168384,,ArgMaxDeviceOperation,64,2312944.0
2221056,1,ArgMaxDeviceOperation,63,2310108.0
1165312,,MatmulDeviceOperation,64,2233792.0
2217984,1,MatmulDeviceOperation,63,2195872.0
257024,,MatmulDeviceOperation,48,140599.0
1344512,1,MatmulDeviceOperation,48,140252.0
2180096,1,MatmulDeviceOperation,48,139693.0
674816,,MatmulDeviceOperation,48,139014.0
1448960,1,MatmulDeviceOperation,48,137682.0
918528,,MatmulDeviceOperation,48,137669.0
1692672,1,MatmulDeviceOperation,48,137218.0
1831936,1,MatmulDeviceOperation,48,137050.0
1901568,1,MatmulDeviceOperation,48,136508.0
1762304,1,MatmulDeviceOperation,48,136492.0
396288,,MatmulDeviceOperation,48,136289.0
1483776,1,MatmulDeviceOperation,48,136286.0
361472,,MatmulDeviceOperation,48,136268.0
744448,,MatmulDeviceOperation,48,136263.0
465920,,MatmulDeviceOperation,48,136160.0
1657856,1,MatmulDeviceOperation,48,136061.0
779264,,MatmulDeviceOperation,48,136023.0
1727488,1,MatmulDeviceOperation,48,136010.0
1414144,1,MatmulDeviceOperation,48,135836.0
953344,,MatmulDeviceOperation,48,135819.0
2110464,1,MatmulDeviceOperation,48,135715.0
1379328,1,MatmulDeviceOperation,48,135645.0
1866752,1,MatmulDeviceOperation,48,135638.0
1971200,1,MatmulDeviceOperation,48,135585.0
1022976,,MatmulDeviceOperation,48,135508.0
1518592,1,MatmulDeviceOperation,48,135380.0
848896,,MatmulDeviceOperation,48,135234.0
500736,,MatmulDeviceOperation,48,135191.0
2006016,1,MatmulDeviceOperation,48,135186.0
988160,,MatmulDeviceOperation,48,135033.0
1797120,1,MatmulDeviceOperation,48,134974.0
1553408,1,MatmulDeviceOperation,48,134957.0
222208,,MatmulDeviceOperation,48,134918.0
1127424,,MatmulDeviceOperation,48,134753.0
2075648,1,MatmulDeviceOperation,48,134699.0
570368,,MatmulDeviceOperation,48,134361.0
2040832,1,MatmulDeviceOperation,48,134100.0
1092608,,MatmulDeviceOperation,48,134081.0
1623040,1,MatmulDeviceOperation,48,133931.0
1936384,1,MatmulDeviceOperation,48,133915.0
1057792,,MatmulDeviceOperation,48,133869.0
535552,,MatmulDeviceOperation,48,133793.0
2145280,1,MatmulDeviceOperation,48,133640.0
1274880,1,MatmulDeviceOperation,48,133470.0
1588224,1,MatmulDeviceOperation,48,133347.0
605184,,MatmulDeviceOperation,48,133082.0
2214912,1,MatmulDeviceOperation,47,133048.0
640000,,MatmulDeviceOperation,48,133047.0
291840,,MatmulDeviceOperation,48,132726.0
1162240,,MatmulDeviceOperation,48,132710.0
431104,,MatmulDeviceOperation,48,132549.0
1309696,1,MatmulDeviceOperation,48,132082.0
709632,,MatmulDeviceOperation,48,132029.0
814080,,MatmulDeviceOperation,48,132004.0
1584128,1,MatmulDeviceOperation,64,131678.0
326656,,MatmulDeviceOperation,48,131471.0
883712,,MatmulDeviceOperation,48,131380.0
1444864,1,MatmulDeviceOperation,64,131063.0
1758208,1,MatmulDeviceOperation,64,130866.0
1340416,1,MatmulDeviceOperation,64,130534.0
2106368,1,MatmulDeviceOperation,64,130527.0
2176000,1,MatmulDeviceOperation,64,130518.0
1967104,1,MatmulDeviceOperation,64,130326.0
1375232,1,MatmulDeviceOperation,64,130203.0
461824,,MatmulDeviceOperation,64,130101.0
531456,,MatmulDeviceOperation,64,129857.0
1827840,1,MatmulDeviceOperation,64,129724.0
1088512,,MatmulDeviceOperation,64,129715.0
1305600,1,MatmulDeviceOperation,64,129619.0
322560,,MatmulDeviceOperation,64,129427.0
949248,,MatmulDeviceOperation,64,129380.0
844800,,MatmulDeviceOperation,64,129335.0
1270784,1,MatmulDeviceOperation,64,129334.0
1688576,1,MatmulDeviceOperation,64,129324.0
1723392,1,MatmulDeviceOperation,64,129315.0
392192,,MatmulDeviceOperation,64,129268.0
1549312,1,MatmulDeviceOperation,64,129248.0
427008,,MatmulDeviceOperation,64,129223.0
2141184,1,MatmulDeviceOperation,64,129065.0
287744,,MatmulDeviceOperation,64,129032.0
1158144,,MatmulDeviceOperation,64,128991.0
635904,,MatmulDeviceOperation,64,128988.0
775168,,MatmulDeviceOperation,64,128926.0
1793024,1,MatmulDeviceOperation,64,128919.0
1862656,1,MatmulDeviceOperation,64,128881.0
1053696,,MatmulDeviceOperation,64,128852.0
2071552,1,MatmulDeviceOperation,64,128830.0
740352,,MatmulDeviceOperation,64,128821.0
914432,,MatmulDeviceOperation,64,128798.0
2001920,1,MatmulDeviceOperation,64,128755.0
1932288,1,MatmulDeviceOperation,64,128751.0
2210816,1,MatmulDeviceOperation,63,128681.0
809984,,MatmulDeviceOperation,64,128676.0
1479680,1,MatmulDeviceOperation,64,128675.0
1410048,1,MatmulDeviceOperation,64,128667.0
984064,,MatmulDeviceOperation,64,128658.0
1514496,1,MatmulDeviceOperation,64,128633.0
496640,,MatmulDeviceOperation,64,128608.0
357376,,MatmulDeviceOperation,64,128590.0
879616,,MatmulDeviceOperation,64,128506.0
1018880,,MatmulDeviceOperation,64,128496.0
1897472,1,MatmulDeviceOperation,64,128438.0
705536,,MatmulDeviceOperation,64,128436.0
670720,,MatmulDeviceOperation,64,128370.0
218112,,MatmulDeviceOperation,64,128360.0
252928,,MatmulDeviceOperation,64,128311.0
1123328,,MatmulDeviceOperation,64,128177.0
1618944,1,MatmulDeviceOperation,64,128081.0
2036736,1,MatmulDeviceOperation,64,128060.0
1653760,1,MatmulDeviceOperation,64,128045.0
566272,,MatmulDeviceOperation,64,127916.0
601088,,MatmulDeviceOperation,64,127735.0
2072576,1,MatmulDeviceOperation,64,124182.0
1759232,1,MatmulDeviceOperation,64,123468.0
915456,,MatmulDeviceOperation,64,123449.0
2142208,1,MatmulDeviceOperation,64,123334.0
1515520,1,MatmulDeviceOperation,64,123332.0
1411072,1,MatmulDeviceOperation,64,123252.0
1089536,,MatmulDeviceOperation,64,123112.0
1724416,1,MatmulDeviceOperation,64,123085.0
2211840,1,MatmulDeviceOperation,63,123044.0
880640,,MatmulDeviceOperation,64,123042.0
253952,,MatmulDeviceOperation,64,123032.0
1376256,1,MatmulDeviceOperation,64,122906.0
1445888,1,MatmulDeviceOperation,64,122893.0
1550336,1,MatmulDeviceOperation,64,122870.0
1341440,1,MatmulDeviceOperation,64,122856.0
323584,,MatmulDeviceOperation,64,122848.0
1933312,1,MatmulDeviceOperation,64,122822.0
1480704,1,MatmulDeviceOperation,64,122806.0
2107392,1,MatmulDeviceOperation,64,122806.0
741376,,MatmulDeviceOperation,64,122786.0
1654784,1,MatmulDeviceOperation,64,122785.0
845824,,MatmulDeviceOperation,64,122776.0
288768,,MatmulDeviceOperation,64,122769.0
1794048,1,MatmulDeviceOperation,64,122768.0
358400,,MatmulDeviceOperation,64,122755.0
811008,,MatmulDeviceOperation,64,122718.0
776192,,MatmulDeviceOperation,64,122716.0
636928,,MatmulDeviceOperation,64,122671.0
706560,,MatmulDeviceOperation,64,122657.0
1863680,1,MatmulDeviceOperation,64,122648.0
1689600,1,MatmulDeviceOperation,64,122538.0
1019904,,MatmulDeviceOperation,64,122420.0
1828864,1,MatmulDeviceOperation,64,122416.0
1306624,1,MatmulDeviceOperation,64,122401.0
497664,,MatmulDeviceOperation,64,122390.0
1619968,1,MatmulDeviceOperation,64,122367.0
428032,,MatmulDeviceOperation,64,122283.0
671744,,MatmulDeviceOperation,64,122248.0
950272,,MatmulDeviceOperation,64,122240.0
219136,,MatmulDeviceOperation,64,122159.0
1271808,1,MatmulDeviceOperation,64,122132.0
1159168,,MatmulDeviceOperation,64,122124.0
462848,,MatmulDeviceOperation,64,122107.0
1968128,1,MatmulDeviceOperation,64,122101.0
2177024,1,MatmulDeviceOperation,64,122026.0
1585152,1,MatmulDeviceOperation,64,121903.0
393216,,MatmulDeviceOperation,64,121800.0
985088,,MatmulDeviceOperation,64,121798.0
1054720,,MatmulDeviceOperation,64,121783.0
1124352,,MatmulDeviceOperation,64,121772.0
2037760,1,MatmulDeviceOperation,64,121757.0
2002944,1,MatmulDeviceOperation,64,121724.0
532480,,MatmulDeviceOperation,64,121695.0
1898496,1,MatmulDeviceOperation,64,121411.0
2061312,1,SdpaDecodeDeviceOperation,64,121169.0
567296,,MatmulDeviceOperation,64,121148.0
602112,,MatmulDeviceOperation,64,121138.0
1608704,1,SdpaDecodeDeviceOperation,64,119779.0
2096128,1,SdpaDecodeDeviceOperation,64,118616.0
2165760,1,SdpaDecodeDeviceOperation,64,117856.0
1434624,1,SdpaDecodeDeviceOperation,64,117692.0
1573888,1,SdpaDecodeDeviceOperation,64,117645.0
2200576,1,SdpaDecodeDeviceOperation,63,117497.0
1713152,1,SdpaDecodeDeviceOperation,64,117080.0
1147904,,SdpaDecodeDeviceOperation,64,116691.0
1991680,1,SdpaDecodeDeviceOperation,64,116444.0
1817600,1,SdpaDecodeDeviceOperation,64,116188.0
1956864,1,SdpaDecodeDeviceOperation,64,116050.0
1747968,1,SdpaDecodeDeviceOperation,64,115803.0
1539072,1,SdpaDecodeDeviceOperation,64,115667.0
2220032,1,UntilizeDeviceOperation,62,115526.0
1782784,1,SdpaDecodeDeviceOperation,64,115520.0
869376,,SdpaDecodeDeviceOperation,64,115322.0
1852416,1,SdpaDecodeDeviceOperation,64,115045.0
2026496,1,SdpaDecodeDeviceOperation,64,114967.0
1113088,,SdpaDecodeDeviceOperation,64,114923.0
1256448,1,SdpaDecodeDeviceOperation,64,114783.0
590848,,SdpaDecodeDeviceOperation,64,114769.0
1330176,1,SdpaDecodeDeviceOperation,64,114733.0
416768,,SdpaDecodeDeviceOperation,64,114650.0
1167360,,UntilizeDeviceOperation,63,114640.0
1078272,,SdpaDecodeDeviceOperation,64,114590.0
1504256,1,SdpaDecodeDeviceOperation,64,114583.0
764928,,SdpaDecodeDeviceOperation,64,114516.0
1399808,1,SdpaDecodeDeviceOperation,64,114260.0
1678336,1,SdpaDecodeDeviceOperation,64,114196.0
277504,,SdpaDecodeDeviceOperation,64,114079.0
1469440,1,SdpaDecodeDeviceOperation,64,114000.0
203776,,SdpaDecodeDeviceOperation,64,113945.0
556032,,SdpaDecodeDeviceOperation,64,113906.0
1043456,,SdpaDecodeDeviceOperation,64,113892.0
2130944,1,SdpaDecodeDeviceOperation,64,113827.0
1922048,1,SdpaDecodeDeviceOperation,64,113788.0
1643520,1,SdpaDecodeDeviceOperation,64,113768.0
1887232,1,SdpaDecodeDeviceOperation,64,113316.0
939008,,SdpaDecodeDeviceOperation,64,113183.0
486400,,SdpaDecodeDeviceOperation,64,113158.0
347136,,SdpaDecodeDeviceOperation,64,113112.0
2302976,,UntilizeDeviceOperation,64,112954.0
1364992,1,SdpaDecodeDeviceOperation,64,112941.0
521216,,SdpaDecodeDeviceOperation,64,112874.0
1295360,1,SdpaDecodeDeviceOperation,64,112860.0
2279424,,UntilizeDeviceOperation,64,112770.0
381952,,SdpaDecodeDeviceOperation,64,112716.0
312320,,SdpaDecodeDeviceOperation,64,112615.0
799744,,SdpaDecodeDeviceOperation,64,112584.0
660480,,SdpaDecodeDeviceOperation,64,112419.0
242688,,SdpaDecodeDeviceOperation,64,112294.0
973824,,SdpaDecodeDeviceOperation,64,112180.0
451584,,SdpaDecodeDeviceOperation,64,112155.0
730112,,SdpaDecodeDeviceOperation,64,111955.0
904192,,SdpaDecodeDeviceOperation,64,111933.0
834560,,SdpaDecodeDeviceOperation,64,111431.0
2295808,,UntilizeDeviceOperation,64,111374.0
695296,,SdpaDecodeDeviceOperation,64,111253.0
1008640,,SdpaDecodeDeviceOperation,64,111253.0
625664,,SdpaDecodeDeviceOperation,64,110944.0
2256896,,UntilizeDeviceOperation,64,110774.0
2296832,,UntilizeDeviceOperation,64,110385.0
2305024,,UntilizeDeviceOperation,64,110363.0
2263040,,UntilizeDeviceOperation,64,109928.0
2262016,,UntilizeDeviceOperation,64,109858.0
2287616,,UntilizeDeviceOperation,64,109812.0
2290688,,UntilizeDeviceOperation,64,109789.0
2253824,,UntilizeDeviceOperation,64,109667.0
2272256,,UntilizeDeviceOperation,64,109599.0
2271232,,UntilizeDeviceOperation,64,109154.0
2278400,,UntilizeDeviceOperation,64,109146.0
2294784,,UntilizeDeviceOperation,64,109057.0
2254848,,UntilizeDeviceOperation,64,109051.0
2264064,,UntilizeDeviceOperation,64,109050.0
2265088,,UntilizeDeviceOperation,64,109014.0
2273280,,UntilizeDeviceOperation,64,108979.0
2289664,,UntilizeDeviceOperation,64,108845.0
2297856,,UntilizeDeviceOperation,64,108778.0
2286592,,UntilizeDeviceOperation,64,108757.0
2288640,,UntilizeDeviceOperation,64,108481.0
2292736,,UntilizeDeviceOperation,64,108466.0
2255872,,UntilizeDeviceOperation,64,108254.0
2280448,,UntilizeDeviceOperation,64,108216.0
2298880,,UntilizeDeviceOperation,64,108191.0
2306048,,UntilizeDeviceOperation,64,107898.0
2304000,,UntilizeDeviceOperation,64,107693.0
2281472,,UntilizeDeviceOperation,64,107660.0
2301952,,UntilizeDeviceOperation,64,107572.0
2274304,,UntilizeDeviceOperation,64,107543.0
2270208,,UntilizeDeviceOperation,64,107522.0
2258944,,UntilizeDeviceOperation,64,107399.0
2308096,,UntilizeDeviceOperation,64,107115.0
2283520,,UntilizeDeviceOperation,64,107038.0
2252800,,UntilizeDeviceOperation,64,107023.0
2260992,,UntilizeDeviceOperation,64,106864.0
2257920,,UntilizeDeviceOperation,64,106797.0
2282496,,UntilizeDeviceOperation,64,106784.0
2293760,,UntilizeDeviceOperation,64,106769.0
2275328,,UntilizeDeviceOperation,64,106699.0
2299904,,UntilizeDeviceOperation,64,106684.0
2300928,,UntilizeDeviceOperation,64,106633.0
2269184,,UntilizeDeviceOperation,64,106388.0
2285568,,UntilizeDeviceOperation,64,106349.0
2268160,,UntilizeDeviceOperation,64,106056.0
2266112,,UntilizeDeviceOperation,64,105841.0
2284544,,UntilizeDeviceOperation,64,105517.0
2307072,,UntilizeDeviceOperation,64,105383.0
2291712,,UntilizeDeviceOperation,64,105138.0
2277376,,UntilizeDeviceOperation,64,105104.0
2267136,,UntilizeDeviceOperation,64,104975.0
2251776,,UntilizeDeviceOperation,64,104914.0
2259968,,UntilizeDeviceOperation,64,104249.0
2276352,,UntilizeDeviceOperation,64,104057.0
93184,,TilizeDeviceOperation,64,98954.0
89088,,TilizeDeviceOperation,64,98583.0
96256,,TilizeDeviceOperation,64,98314.0
39936,,TilizeDeviceOperation,64,97885.0
100352,,TilizeDeviceOperation,64,97724.0
108544,,TilizeDeviceOperation,64,97526.0
56320,,TilizeDeviceOperation,64,97391.0
104448,,TilizeDeviceOperation,64,97311.0
68608,,TilizeDeviceOperation,64,97242.0
105472,,TilizeDeviceOperation,64,97061.0
88064,,TilizeDeviceOperation,64,97047.0
71680,,TilizeDeviceOperation,64,96835.0
43008,,TilizeDeviceOperation,64,96787.0
10240,,TilizeDeviceOperation,64,96752.0
55296,,TilizeDeviceOperation,64,96738.0
22528,,TilizeDeviceOperation,64,96610.0
79872,,TilizeDeviceOperation,64,96431.0
72704,,TilizeDeviceOperation,64,96343.0
76800,,TilizeDeviceOperation,64,96305.0
109568,,TilizeDeviceOperation,64,96267.0
59392,,TilizeDeviceOperation,64,96224.0
101376,,TilizeDeviceOperation,64,96116.0
83968,,TilizeDeviceOperation,64,95976.0
6144,,TilizeDeviceOperation,64,95967.0
63488,,TilizeDeviceOperation,64,95832.0
7168,,TilizeDeviceOperation,64,95725.0
92160,,TilizeDeviceOperation,64,95699.0
23552,,TilizeDeviceOperation,64,95616.0
60416,,TilizeDeviceOperation,64,95610.0
18432,,TilizeDeviceOperation,64,95604.0
48128,,TilizeDeviceOperation,64,95546.0
75776,,TilizeDeviceOperation,64,95510.0
113664,,TilizeDeviceOperation,64,95509.0
80896,,TilizeDeviceOperation,64,95493.0
35840,,TilizeDeviceOperation,64,95467.0
19456,,TilizeDeviceOperation,64,95211.0
64512,,TilizeDeviceOperation,64,95126.0
112640,,TilizeDeviceOperation,64,95094.0
31744,,TilizeDeviceOperation,64,95037.0
3072,,TilizeDeviceOperation,64,94993.0
34816,,TilizeDeviceOperation,64,94956.0
38912,,TilizeDeviceOperation,64,94893.0
11264,,TilizeDeviceOperation,64,94795.0
67584,,TilizeDeviceOperation,64,94743.0
14336,,TilizeDeviceOperation,64,94716.0
52224,,TilizeDeviceOperation,64,94664.0
47104,,TilizeDeviceOperation,64,94545.0
97280,,TilizeDeviceOperation,64,94532.0
51200,,TilizeDeviceOperation,64,94474.0
2048,,TilizeDeviceOperation,64,94426.0
26624,,TilizeDeviceOperation,64,94401.0
30720,,TilizeDeviceOperation,64,93860.0
27648,,TilizeDeviceOperation,64,93856.0
84992,,TilizeDeviceOperation,64,93432.0
15360,,TilizeDeviceOperation,64,93317.0
44032,,TilizeDeviceOperation,64,92849.0
2043904,1,MatmulDeviceOperation,54,84448.0
1277952,1,MatmulDeviceOperation,54,82137.0
1730560,1,MatmulDeviceOperation,54,81652.0
1556480,1,MatmulDeviceOperation,54,81651.0
2078720,1,MatmulDeviceOperation,54,81529.0
1347584,1,MatmulDeviceOperation,54,81524.0
1591296,1,MatmulDeviceOperation,54,81328.0
1486848,1,MatmulDeviceOperation,54,81323.0
1209344,1,MatmulDeviceOperation,54,81055.0
2183168,1,MatmulDeviceOperation,54,80950.0
2009088,1,MatmulDeviceOperation,54,80854.0
1660928,1,MatmulDeviceOperation,54,80853.0
1452032,1,MatmulDeviceOperation,54,80802.0
1869824,1,MatmulDeviceOperation,54,80751.0
1939456,1,MatmulDeviceOperation,54,80705.0
1695744,1,MatmulDeviceOperation,54,80408.0
1026048,,MatmulDeviceOperation,54,80342.0
1095680,,MatmulDeviceOperation,54,80294.0
1312768,1,MatmulDeviceOperation,54,80267.0
1417216,1,MatmulDeviceOperation,54,80159.0
573440,,MatmulDeviceOperation,54,80107.0
156672,,MatmulDeviceOperation,54,79999.0
1626112,1,MatmulDeviceOperation,54,79994.0
921600,,MatmulDeviceOperation,54,79953.0
1765376,1,MatmulDeviceOperation,54,79933.0
468992,,MatmulDeviceOperation,54,79926.0
1130496,,MatmulDeviceOperation,54,79907.0
1521664,1,MatmulDeviceOperation,54,79888.0
260096,,MatmulDeviceOperation,54,79780.0
1904640,1,MatmulDeviceOperation,54,79685.0
2148352,1,MatmulDeviceOperation,54,79623.0
1382400,1,MatmulDeviceOperation,54,79547.0
1835008,1,MatmulDeviceOperation,54,79505.0
364544,,MatmulDeviceOperation,54,79479.0
1800192,1,MatmulDeviceOperation,54,79461.0
2113536,1,MatmulDeviceOperation,54,79389.0
1974272,1,MatmulDeviceOperation,54,79362.0
677888,,MatmulDeviceOperation,54,79290.0
434176,,MatmulDeviceOperation,54,79194.0
225280,,MatmulDeviceOperation,54,79148.0
712704,,MatmulDeviceOperation,54,79060.0
294912,,MatmulDeviceOperation,54,79053.0
851968,,MatmulDeviceOperation,54,79000.0
782336,,MatmulDeviceOperation,54,78985.0
329728,,MatmulDeviceOperation,54,78980.0
538624,,MatmulDeviceOperation,54,78978.0
1060864,,MatmulDeviceOperation,54,78952.0
608256,,MatmulDeviceOperation,54,78942.0
991232,,MatmulDeviceOperation,54,78938.0
956416,,MatmulDeviceOperation,54,78824.0
503808,,MatmulDeviceOperation,54,78814.0
747520,,MatmulDeviceOperation,54,78770.0
886784,,MatmulDeviceOperation,54,78719.0
399360,,MatmulDeviceOperation,54,78387.0
817152,,MatmulDeviceOperation,54,78314.0
643072,,MatmulDeviceOperation,54,77979.0
2219008,1,ShardedToInterleavedDeviceOperation,63,58014.0
1166336,,ShardedToInterleavedDeviceOperation,64,56704.0
1615872,1,MatmulDeviceOperation,48,56312.0
1964032,1,MatmulDeviceOperation,48,55557.0
1155072,,MatmulDeviceOperation,48,55436.0
980992,,MatmulDeviceOperation,48,55322.0
1546240,1,MatmulDeviceOperation,48,55279.0
215040,,MatmulDeviceOperation,48,55099.0
458752,,MatmulDeviceOperation,48,54899.0
1511424,1,MatmulDeviceOperation,48,54461.0
1372160,1,MatmulDeviceOperation,48,54294.0
1406976,1,MatmulDeviceOperation,48,54285.0
1441792,1,MatmulDeviceOperation,48,54249.0
1476608,1,MatmulDeviceOperation,48,54240.0
1337344,1,MatmulDeviceOperation,48,54215.0
2103296,1,MatmulDeviceOperation,48,54211.0
1050624,,MatmulDeviceOperation,48,53998.0
2172928,1,MatmulDeviceOperation,48,53994.0
563200,,MatmulDeviceOperation,48,53921.0
1302528,1,MatmulDeviceOperation,48,53895.0
876544,,MatmulDeviceOperation,48,53718.0
2033664,1,MatmulDeviceOperation,48,53608.0
702464,,MatmulDeviceOperation,48,53558.0
1824768,1,MatmulDeviceOperation,48,53475.0
772096,,MatmulDeviceOperation,48,53314.0
1120256,,MatmulDeviceOperation,48,53284.0
946176,,MatmulDeviceOperation,48,53223.0
1685504,1,MatmulDeviceOperation,48,53220.0
737280,,MatmulDeviceOperation,48,53174.0
1720320,1,MatmulDeviceOperation,48,53137.0
423936,,MatmulDeviceOperation,48,53086.0
1650688,1,MatmulDeviceOperation,48,53057.0
249856,,MatmulDeviceOperation,48,53001.0
2207744,1,MatmulDeviceOperation,47,52961.0
1894400,1,MatmulDeviceOperation,48,52932.0
2068480,1,MatmulDeviceOperation,48,52894.0
911360,,MatmulDeviceOperation,48,52888.0
1267712,1,MatmulDeviceOperation,48,52871.0
1998848,1,MatmulDeviceOperation,48,52856.0
389120,,MatmulDeviceOperation,48,52803.0
1085440,,MatmulDeviceOperation,48,52794.0
354304,,MatmulDeviceOperation,48,52755.0
1755136,1,MatmulDeviceOperation,48,52753.0
319488,,MatmulDeviceOperation,48,52731.0
2138112,1,MatmulDeviceOperation,48,52716.0
493568,,MatmulDeviceOperation,48,52663.0
1015808,,MatmulDeviceOperation,48,52647.0
667648,,MatmulDeviceOperation,48,52617.0
632832,,MatmulDeviceOperation,48,52423.0
1789952,1,MatmulDeviceOperation,48,52323.0
806912,,MatmulDeviceOperation,48,52046.0
1859584,1,MatmulDeviceOperation,48,52026.0
528384,,MatmulDeviceOperation,48,51920.0
598016,,MatmulDeviceOperation,48,51761.0
284672,,MatmulDeviceOperation,48,51713.0
841728,,MatmulDeviceOperation,48,51667.0
1929216,1,MatmulDeviceOperation,48,51650.0
1581056,1,MatmulDeviceOperation,48,51323.0
332800,,PagedUpdateCacheDeviceOperation,32,31160.0
889856,,PagedUpdateCacheDeviceOperation,32,30236.0
1036288,,PagedUpdateCacheDeviceOperation,32,30217.0
1206272,1,EmbeddingsDeviceOperation,1,29778.0
153600,,EmbeddingsDeviceOperation,1,29707.0
994304,,PagedUpdateCacheDeviceOperation,32,29478.0
2193408,1,PagedUpdateCacheDeviceOperation,31,29477.0
374784,,PagedUpdateCacheDeviceOperation,32,29445.0
611328,,PagedUpdateCacheDeviceOperation,32,29425.0
959488,,PagedUpdateCacheDeviceOperation,32,29405.0
1566720,1,PagedUpdateCacheDeviceOperation,32,29319.0
2151424,1,PagedUpdateCacheDeviceOperation,32,29055.0
924672,,PagedUpdateCacheDeviceOperation,32,28889.0
2054144,1,PagedUpdateCacheDeviceOperation,32,28849.0
1984512,1,PagedUpdateCacheDeviceOperation,32,28793.0
1664000,1,PagedUpdateCacheDeviceOperation,32,28774.0
1629184,1,PagedUpdateCacheDeviceOperation,32,28699.0
1497088,1,PagedUpdateCacheDeviceOperation,32,28683.0
409600,,PagedUpdateCacheDeviceOperation,32,28635.0
1392640,1,PagedUpdateCacheDeviceOperation,32,28619.0
820224,,PagedUpdateCacheDeviceOperation,32,28614.0
270336,,PagedUpdateCacheDeviceOperation,32,28559.0
931840,,PagedUpdateCacheDeviceOperation,32,28557.0
785408,,PagedUpdateCacheDeviceOperation,32,28519.0
1845248,1,PagedUpdateCacheDeviceOperation,32,28472.0
1636352,1,PagedUpdateCacheDeviceOperation,32,28431.0
2081792,1,PagedUpdateCacheDeviceOperation,32,28284.0
792576,,PagedUpdateCacheDeviceOperation,32,28275.0
1705984,1,PagedUpdateCacheDeviceOperation,32,28245.0
402432,,PagedUpdateCacheDeviceOperation,32,28239.0
576512,,PagedUpdateCacheDeviceOperation,32,28234.0
1213440,1,PagedUpdateCacheDeviceOperation,32,28229.0
1029120,,PagedUpdateCacheDeviceOperation,32,28218.0
583680,,PagedUpdateCacheDeviceOperation,32,28200.0
1315840,1,PagedUpdateCacheDeviceOperation,32,28199.0
297984,,PagedUpdateCacheDeviceOperation,32,28193.0
1323008,1,PagedUpdateCacheDeviceOperation,32,28145.0
1524736,1,PagedUpdateCacheDeviceOperation,32,28100.0
653312,,PagedUpdateCacheDeviceOperation,32,28069.0
862208,,PagedUpdateCacheDeviceOperation,32,28068.0
2012160,1,PagedUpdateCacheDeviceOperation,32,28045.0
180224,,PagedUpdateCacheDeviceOperation,32,28039.0
1733632,1,PagedUpdateCacheDeviceOperation,32,27988.0
1740800,1,PagedUpdateCacheDeviceOperation,32,27941.0
235520,,PagedUpdateCacheDeviceOperation,32,27902.0
263168,,PagedUpdateCacheDeviceOperation,32,27899.0
1838080,1,PagedUpdateCacheDeviceOperation,32,27888.0
1133568,,PagedUpdateCacheDeviceOperation,32,27869.0
646144,,PagedUpdateCacheDeviceOperation,32,27868.0
1775616,1,PagedUpdateCacheDeviceOperation,32,27778.0
1489920,1,PagedUpdateCacheDeviceOperation,32,27771.0
1281024,1,PagedUpdateCacheDeviceOperation,32,27755.0
722944,,PagedUpdateCacheDeviceOperation,32,27749.0
1768448,1,PagedUpdateCacheDeviceOperation,32,27726.0
514048,,PagedUpdateCacheDeviceOperation,32,27713.0
1531904,1,PagedUpdateCacheDeviceOperation,32,27706.0
855040,,PagedUpdateCacheDeviceOperation,32,27690.0
506880,,PagedUpdateCacheDeviceOperation,32,27650.0
1357824,1,PagedUpdateCacheDeviceOperation,32,27583.0
688128,,PagedUpdateCacheDeviceOperation,32,27572.0
1098752,,PagedUpdateCacheDeviceOperation,32,27536.0
750592,,PagedUpdateCacheDeviceOperation,32,27451.0
1105920,,PagedUpdateCacheDeviceOperation,32,27437.0
2019328,1,PagedUpdateCacheDeviceOperation,32,27422.0
1810432,1,PagedUpdateCacheDeviceOperation,32,27420.0
897024,,PagedUpdateCacheDeviceOperation,32,27409.0
1455104,1,PagedUpdateCacheDeviceOperation,32,27401.0
1671168,1,PagedUpdateCacheDeviceOperation,32,27351.0
757760,,PagedUpdateCacheDeviceOperation,32,27302.0
1872896,1,PagedUpdateCacheDeviceOperation,32,27130.0
160768,,PagedUpdateCacheDeviceOperation,32,27126.0
385024,,TernaryDeviceOperation,64,27124.0
1942528,1,PagedUpdateCacheDeviceOperation,32,27093.0
1803264,1,PagedUpdateCacheDeviceOperation,32,27089.0
1232896,1,PagedUpdateCacheDeviceOperation,32,27036.0
872448,,TernaryDeviceOperation,64,26963.0
444416,,PagedUpdateCacheDeviceOperation,32,26955.0
1559552,1,PagedUpdateCacheDeviceOperation,32,26950.0
305152,,PagedUpdateCacheDeviceOperation,32,26899.0
837632,,TernaryDeviceOperation,64,26880.0
680960,,PagedUpdateCacheDeviceOperation,32,26852.0
2158592,1,PagedUpdateCacheDeviceOperation,32,26851.0
419840,,TernaryDeviceOperation,64,26846.0
1880064,1,PagedUpdateCacheDeviceOperation,32,26841.0
489472,,TernaryDeviceOperation,64,26826.0
942080,,TernaryDeviceOperation,64,26824.0
2123776,1,PagedUpdateCacheDeviceOperation,32,26824.0
350208,,TernaryDeviceOperation,64,26811.0
454656,,TernaryDeviceOperation,64,26800.0
210944,,TernaryDeviceOperation,64,26786.0
698368,,TernaryDeviceOperation,64,26779.0
280576,,TernaryDeviceOperation,64,26774.0
802816,,TernaryDeviceOperation,64,26762.0
907264,,TernaryDeviceOperation,64,26715.0
733184,,TernaryDeviceOperation,64,26708.0
315392,,TernaryDeviceOperation,64,26707.0
559104,,TernaryDeviceOperation,64,26691.0
663552,,TernaryDeviceOperation,64,26691.0
1001472,,PagedUpdateCacheDeviceOperation,32,26688.0
618496,,PagedUpdateCacheDeviceOperation,32,26684.0
1150976,,TernaryDeviceOperation,64,26681.0
245760,,TernaryDeviceOperation,64,26678.0
524288,,TernaryDeviceOperation,64,26670.0
437248,,PagedUpdateCacheDeviceOperation,32,26655.0
1081344,,TernaryDeviceOperation,64,26623.0
976896,,TernaryDeviceOperation,64,26603.0
1063936,,PagedUpdateCacheDeviceOperation,32,26579.0
1116160,,TernaryDeviceOperation,64,26561.0
1046528,,TernaryDeviceOperation,64,26547.0
628736,,TernaryDeviceOperation,64,26545.0
541696,,PagedUpdateCacheDeviceOperation,32,26535.0
2046976,1,PagedUpdateCacheDeviceOperation,32,26535.0
1011712,,TernaryDeviceOperation,64,26527.0
472064,,PagedUpdateCacheDeviceOperation,32,26520.0
768000,,TernaryDeviceOperation,64,26520.0
1914880,1,PagedUpdateCacheDeviceOperation,32,26501.0
1977344,1,PagedUpdateCacheDeviceOperation,32,26498.0
593920,,TernaryDeviceOperation,64,26459.0
1907712,1,PagedUpdateCacheDeviceOperation,32,26445.0
339968,,PagedUpdateCacheDeviceOperation,32,26415.0
479232,,PagedUpdateCacheDeviceOperation,32,26386.0
228352,,PagedUpdateCacheDeviceOperation,32,26378.0
1594368,1,PagedUpdateCacheDeviceOperation,32,26360.0
1140736,,PagedUpdateCacheDeviceOperation,32,26333.0
367616,,PagedUpdateCacheDeviceOperation,32,26332.0
1462272,1,PagedUpdateCacheDeviceOperation,32,26299.0
2168832,1,TernaryDeviceOperation,64,26227.0
548864,,PagedUpdateCacheDeviceOperation,32,26218.0
1288192,1,PagedUpdateCacheDeviceOperation,32,26214.0
1437696,1,TernaryDeviceOperation,64,26098.0
2029568,1,TernaryDeviceOperation,64,26091.0
1890304,1,TernaryDeviceOperation,64,26040.0
1576960,1,TernaryDeviceOperation,64,25962.0
1350656,1,PagedUpdateCacheDeviceOperation,32,25956.0
1785856,1,TernaryDeviceOperation,64,25882.0
715776,,PagedUpdateCacheDeviceOperation,32,25871.0
827392,,PagedUpdateCacheDeviceOperation,32,25868.0
966656,,PagedUpdateCacheDeviceOperation,32,25726.0
1542144,1,TernaryDeviceOperation,64,25721.0
1646592,1,TernaryDeviceOperation,64,25701.0
1427456,1,PagedUpdateCacheDeviceOperation,32,25687.0
1071104,,PagedUpdateCacheDeviceOperation,32,25650.0
1994752,1,TernaryDeviceOperation,64,25591.0
1698816,1,PagedUpdateCacheDeviceOperation,32,25542.0
2088960,1,PagedUpdateCacheDeviceOperation,32,25541.0
2099200,1,TernaryDeviceOperation,64,25531.0
1611776,1,TernaryDeviceOperation,64,25514.0
1601536,1,PagedUpdateCacheDeviceOperation,32,25482.0
2134016,1,TernaryDeviceOperation,64,25421.0
1507328,1,TernaryDeviceOperation,64,25420.0
1402880,1,TernaryDeviceOperation,64,25409.0
1716224,1,TernaryDeviceOperation,64,25408.0
2116608,1,PagedUpdateCacheDeviceOperation,32,25395.0
1681408,1,TernaryDeviceOperation,64,25386.0
1333248,1,TernaryDeviceOperation,64,25366.0
2203648,1,TernaryDeviceOperation,63,25359.0
2186240,1,PagedUpdateCacheDeviceOperation,32,25327.0
1385472,1,PagedUpdateCacheDeviceOperation,32,25315.0
1820672,1,TernaryDeviceOperation,64,25267.0
1855488,1,TernaryDeviceOperation,64,25251.0
1298432,1,TernaryDeviceOperation,64,25227.0
1959936,1,TernaryDeviceOperation,64,25196.0
1751040,1,TernaryDeviceOperation,64,25189.0
1368064,1,TernaryDeviceOperation,64,25151.0
1925120,1,TernaryDeviceOperation,64,25128.0
1472512,1,TernaryDeviceOperation,64,25058.0
1263616,1,TernaryDeviceOperation,64,25020.0
2064384,1,TernaryDeviceOperation,64,24935.0
1236992,1,TernaryDeviceOperation,64,24797.0
1420288,1,PagedUpdateCacheDeviceOperation,32,24780.0
184320,,TernaryDeviceOperation,64,24659.0
1949696,1,PagedUpdateCacheDeviceOperation,32,24341.0
1523712,1,NLPCreateQKVHeadsDecodeDeviceOperation,32,16815.0
540672,,NLPCreateQKVHeadsDecodeDeviceOperation,32,16532.0
151552,,ReshapeViewDeviceOperation,64,16530.0
262144,,NLPCreateQKVHeadsDecodeDeviceOperation,32,16507.0
854016,,NLPCreateQKVHeadsDecodeDeviceOperation,32,16505.0
1097728,,NLPCreateQKVHeadsDecodeDeviceOperation,32,16503.0
819200,,NLPCreateQKVHeadsDecodeDeviceOperation,32,16501.0
436224,,NLPCreateQKVHeadsDecodeDeviceOperation,32,16488.0
923648,,NLPCreateQKVHeadsDecodeDeviceOperation,32,16488.0
575488,,NLPCreateQKVHeadsDecodeDeviceOperation,32,16480.0
401408,,NLPCreateQKVHeadsDecodeDeviceOperation,32,16478.0
958464,,NLPCreateQKVHeadsDecodeDeviceOperation,32,16475.0
784384,,NLPCreateQKVHeadsDecodeDeviceOperation,32,16467.0
714752,,NLPCreateQKVHeadsDecodeDeviceOperation,32,16466.0
158720,,NLPCreateQKVHeadsDecodeDeviceOperation,32,16461.0
471040,,NLPCreateQKVHeadsDecodeDeviceOperation,32,16460.0
296960,,NLPCreateQKVHeadsDecodeDeviceOperation,32,16449.0
366592,,NLPCreateQKVHeadsDecodeDeviceOperation,32,16448.0
1028096,,NLPCreateQKVHeadsDecodeDeviceOperation,32,16445.0
227328,,NLPCreateQKVHeadsDecodeDeviceOperation,32,16444.0
331776,,NLPCreateQKVHeadsDecodeDeviceOperation,32,16443.0
679936,,NLPCreateQKVHeadsDecodeDeviceOperation,32,16441.0
1062912,,NLPCreateQKVHeadsDecodeDeviceOperation,32,16426.0
993280,,NLPCreateQKVHeadsDecodeDeviceOperation,32,16424.0
645120,,NLPCreateQKVHeadsDecodeDeviceOperation,32,16406.0
610304,,NLPCreateQKVHeadsDecodeDeviceOperation,32,16401.0
749568,,NLPCreateQKVHeadsDecodeDeviceOperation,32,16399.0
888832,,NLPCreateQKVHeadsDecodeDeviceOperation,32,16385.0
1132544,,NLPCreateQKVHeadsDecodeDeviceOperation,32,16381.0
505856,,NLPCreateQKVHeadsDecodeDeviceOperation,32,16349.0
1204224,1,ReshapeViewDeviceOperation,64,16214.0
1941504,1,NLPCreateQKVHeadsDecodeDeviceOperation,32,16126.0
2115584,1,NLPCreateQKVHeadsDecodeDeviceOperation,32,16112.0
1280000,1,NLPCreateQKVHeadsDecodeDeviceOperation,32,16097.0
1767424,1,NLPCreateQKVHeadsDecodeDeviceOperation,32,16094.0
1871872,1,NLPCreateQKVHeadsDecodeDeviceOperation,32,16081.0
2080768,1,NLPCreateQKVHeadsDecodeDeviceOperation,32,16079.0
1488896,1,NLPCreateQKVHeadsDecodeDeviceOperation,32,16076.0
1211392,1,NLPCreateQKVHeadsDecodeDeviceOperation,32,16072.0
2045952,1,NLPCreateQKVHeadsDecodeDeviceOperation,32,16071.0
1558528,1,NLPCreateQKVHeadsDecodeDeviceOperation,32,16067.0
1837056,1,NLPCreateQKVHeadsDecodeDeviceOperation,32,16064.0
2011136,1,NLPCreateQKVHeadsDecodeDeviceOperation,32,16055.0
1384448,1,NLPCreateQKVHeadsDecodeDeviceOperation,32,16042.0
2150400,1,NLPCreateQKVHeadsDecodeDeviceOperation,32,16040.0
1349632,1,NLPCreateQKVHeadsDecodeDeviceOperation,32,16035.0
1662976,1,NLPCreateQKVHeadsDecodeDeviceOperation,32,16035.0
1732608,1,NLPCreateQKVHeadsDecodeDeviceOperation,32,16033.0
1454080,1,NLPCreateQKVHeadsDecodeDeviceOperation,32,16027.0
1802240,1,NLPCreateQKVHeadsDecodeDeviceOperation,32,16016.0
1419264,1,NLPCreateQKVHeadsDecodeDeviceOperation,32,16007.0
1697792,1,NLPCreateQKVHeadsDecodeDeviceOperation,32,16000.0
1976320,1,NLPCreateQKVHeadsDecodeDeviceOperation,32,16000.0
2185216,1,NLPCreateQKVHeadsDecodeDeviceOperation,32,15993.0
1628160,1,NLPCreateQKVHeadsDecodeDeviceOperation,32,15982.0
1906688,1,NLPCreateQKVHeadsDecodeDeviceOperation,32,15973.0
1314816,1,NLPCreateQKVHeadsDecodeDeviceOperation,32,15965.0
1593344,1,NLPCreateQKVHeadsDecodeDeviceOperation,32,15962.0
187392,,TilizeWithValPaddingDeviceOperation,32,13470.0
301056,,RotaryEmbeddingDeviceOperation,32,13185.0
1240064,1,TilizeWithValPaddingDeviceOperation,32,13166.0
684032,,RotaryEmbeddingDeviceOperation,32,13159.0
370688,,RotaryEmbeddingDeviceOperation,32,13146.0
927744,,RotaryEmbeddingDeviceOperation,32,13130.0
621568,,RotaryEmbeddingDeviceOperation,32,13117.0
335872,,RotaryEmbeddingDeviceOperation,32,13113.0
1074176,,RotaryEmbeddingDeviceOperation,32,13026.0
440320,,RotaryEmbeddingDeviceOperation,32,12970.0
649216,,RotaryEmbeddingDeviceOperation,32,12962.0
1101824,,RotaryEmbeddingDeviceOperation,32,12956.0
753664,,RotaryEmbeddingDeviceOperation,32,12951.0
1771520,1,RotaryEmbeddingDeviceOperation,32,12951.0
830464,,RotaryEmbeddingDeviceOperation,32,12934.0
1136640,,RotaryEmbeddingDeviceOperation,32,12933.0
900096,,RotaryEmbeddingDeviceOperation,32,12932.0
823296,,RotaryEmbeddingDeviceOperation,32,12931.0
1067008,,RotaryEmbeddingDeviceOperation,32,12927.0
969728,,RotaryEmbeddingDeviceOperation,32,12921.0
377856,,RotaryEmbeddingDeviceOperation,32,12917.0
517120,,RotaryEmbeddingDeviceOperation,32,12911.0
405504,,RotaryEmbeddingDeviceOperation,32,12905.0
579584,,RotaryEmbeddingDeviceOperation,32,12897.0
544768,,RotaryEmbeddingDeviceOperation,32,12887.0
997376,,RotaryEmbeddingDeviceOperation,32,12881.0
308224,,RotaryEmbeddingDeviceOperation,32,12878.0
475136,,RotaryEmbeddingDeviceOperation,32,12854.0
192512,,RotaryEmbeddingDeviceOperation,32,12826.0
726016,,RotaryEmbeddingDeviceOperation,32,12808.0
865280,,RotaryEmbeddingDeviceOperation,32,12806.0
691200,,RotaryEmbeddingDeviceOperation,32,12803.0
238592,,RotaryEmbeddingDeviceOperation,32,12765.0
231424,,RotaryEmbeddingDeviceOperation,32,12736.0
1032192,,RotaryEmbeddingDeviceOperation,32,12730.0
795648,,RotaryEmbeddingDeviceOperation,32,12729.0
343040,,RotaryEmbeddingDeviceOperation,32,12727.0
447488,,RotaryEmbeddingDeviceOperation,32,12713.0
788480,,RotaryEmbeddingDeviceOperation,32,12712.0
176128,,RotaryEmbeddingDeviceOperation,32,12706.0
892928,,RotaryEmbeddingDeviceOperation,32,12695.0
509952,,RotaryEmbeddingDeviceOperation,32,12687.0
1004544,,RotaryEmbeddingDeviceOperation,32,12670.0
1143808,,RotaryEmbeddingDeviceOperation,32,12665.0
934912,,RotaryEmbeddingDeviceOperation,32,12643.0
412672,,RotaryEmbeddingDeviceOperation,32,12631.0
614400,,RotaryEmbeddingDeviceOperation,32,12630.0
1039360,,RotaryEmbeddingDeviceOperation,32,12626.0
586752,,RotaryEmbeddingDeviceOperation,32,12623.0
551936,,RotaryEmbeddingDeviceOperation,32,12614.0
858112,,RotaryEmbeddingDeviceOperation,32,12604.0
273408,,RotaryEmbeddingDeviceOperation,32,12591.0
1108992,,RotaryEmbeddingDeviceOperation,32,12545.0
656384,,RotaryEmbeddingDeviceOperation,32,12530.0
760832,,RotaryEmbeddingDeviceOperation,32,12530.0
718848,,RotaryEmbeddingDeviceOperation,32,12505.0
1478656,1,LayerNormDeviceOperation,48,12479.0
482304,,RotaryEmbeddingDeviceOperation,32,12452.0
962560,,RotaryEmbeddingDeviceOperation,32,12451.0
1208320,1,LayerNormDeviceOperation,48,12428.0
266240,,RotaryEmbeddingDeviceOperation,32,12427.0
1339392,1,LayerNormDeviceOperation,48,12399.0
198656,,TilizeWithValPaddingDeviceOperation,32,12344.0
2000896,1,LayerNormDeviceOperation,48,12322.0
1757184,1,LayerNormDeviceOperation,48,12296.0
2140160,1,LayerNormDeviceOperation,48,12291.0
1652736,1,LayerNormDeviceOperation,48,12283.0
1251328,1,TilizeWithValPaddingDeviceOperation,32,12266.0
1694720,1,LayerNormDeviceOperation,48,12187.0
1583104,1,LayerNormDeviceOperation,48,12149.0
1269760,1,LayerNormDeviceOperation,48,12117.0
1513472,1,LayerNormDeviceOperation,48,12057.0
1228800,1,RotaryEmbeddingDeviceOperation,32,12050.0
1966080,1,LayerNormDeviceOperation,48,12022.0
1826816,1,LayerNormDeviceOperation,48,11964.0
1617920,1,LayerNormDeviceOperation,48,11938.0
1687552,1,LayerNormDeviceOperation,48,11932.0
1409024,1,LayerNormDeviceOperation,48,11915.0
1492992,1,RotaryEmbeddingDeviceOperation,32,11910.0
1674240,1,RotaryEmbeddingDeviceOperation,32,11910.0
1945600,1,RotaryEmbeddingDeviceOperation,32,11901.0
2035712,1,LayerNormDeviceOperation,48,11899.0
1458176,1,RotaryEmbeddingDeviceOperation,32,11849.0
2209792,1,LayerNormDeviceOperation,47,11849.0
1548288,1,LayerNormDeviceOperation,48,11821.0
1284096,1,RotaryEmbeddingDeviceOperation,32,11808.0
1443840,1,LayerNormDeviceOperation,48,11807.0
1701888,1,RotaryEmbeddingDeviceOperation,32,11801.0
1430528,1,RotaryEmbeddingDeviceOperation,32,11800.0
1896448,1,LayerNormDeviceOperation,48,11798.0
1465344,1,RotaryEmbeddingDeviceOperation,32,11792.0
1952768,1,RotaryEmbeddingDeviceOperation,32,11770.0
1848320,1,RotaryEmbeddingDeviceOperation,32,11767.0
1291264,1,RotaryEmbeddingDeviceOperation,32,11743.0
1883136,1,RotaryEmbeddingDeviceOperation,32,11742.0
1639424,1,RotaryEmbeddingDeviceOperation,32,11739.0
2105344,1,LayerNormDeviceOperation,48,11739.0
2174976,1,LayerNormDeviceOperation,48,11739.0
1374208,1,LayerNormDeviceOperation,48,11725.0
1792000,1,LayerNormDeviceOperation,48,11711.0
2070528,1,LayerNormDeviceOperation,48,11711.0
1722368,1,LayerNormDeviceOperation,48,11701.0
2057216,1,RotaryEmbeddingDeviceOperation,32,11696.0
2050048,1,RotaryEmbeddingDeviceOperation,32,11692.0
1806336,1,RotaryEmbeddingDeviceOperation,32,11685.0
2022400,1,RotaryEmbeddingDeviceOperation,32,11681.0
1395712,1,RotaryEmbeddingDeviceOperation,32,11680.0
2015232,1,RotaryEmbeddingDeviceOperation,32,11675.0
2189312,1,RotaryEmbeddingDeviceOperation,32,11675.0
1534976,1,RotaryEmbeddingDeviceOperation,32,11670.0
1667072,1,RotaryEmbeddingDeviceOperation,32,11668.0
1597440,1,RotaryEmbeddingDeviceOperation,32,11660.0
1388544,1,RotaryEmbeddingDeviceOperation,32,11646.0
1709056,1,RotaryEmbeddingDeviceOperation,32,11646.0
1987584,1,RotaryEmbeddingDeviceOperation,32,11644.0
1910784,1,RotaryEmbeddingDeviceOperation,32,11640.0
2092032,1,RotaryEmbeddingDeviceOperation,32,11629.0
1931264,1,LayerNormDeviceOperation,48,11614.0
1875968,1,RotaryEmbeddingDeviceOperation,32,11611.0
1841152,1,RotaryEmbeddingDeviceOperation,32,11605.0
1813504,1,RotaryEmbeddingDeviceOperation,32,11601.0
2119680,1,RotaryEmbeddingDeviceOperation,32,11599.0
1778688,1,RotaryEmbeddingDeviceOperation,32,11597.0
1527808,1,RotaryEmbeddingDeviceOperation,32,11594.0
1326080,1,RotaryEmbeddingDeviceOperation,32,11585.0
1318912,1,RotaryEmbeddingDeviceOperation,32,11580.0
1500160,1,RotaryEmbeddingDeviceOperation,32,11580.0
1736704,1,RotaryEmbeddingDeviceOperation,32,11580.0
1562624,1,RotaryEmbeddingDeviceOperation,32,11566.0
1304576,1,LayerNormDeviceOperation,48,11559.0
1980416,1,RotaryEmbeddingDeviceOperation,32,11547.0
1632256,1,RotaryEmbeddingDeviceOperation,32,11543.0
1604608,1,RotaryEmbeddingDeviceOperation,32,11542.0
1743872,1,RotaryEmbeddingDeviceOperation,32,11541.0
1569792,1,RotaryEmbeddingDeviceOperation,32,11534.0
1861632,1,LayerNormDeviceOperation,48,11529.0
1520640,1,LayerNormDeviceOperation,48,11521.0
1360896,1,RotaryEmbeddingDeviceOperation,32,11497.0
2126848,1,RotaryEmbeddingDeviceOperation,32,11489.0
2161664,1,RotaryEmbeddingDeviceOperation,32,11469.0
2216960,1,LayerNormDeviceOperation,47,11467.0
1353728,1,RotaryEmbeddingDeviceOperation,32,11462.0
1485824,1,LayerNormDeviceOperation,48,11456.0
2196480,1,RotaryEmbeddingDeviceOperation,31,11455.0
2084864,1,RotaryEmbeddingDeviceOperation,32,11454.0
1917952,1,RotaryEmbeddingDeviceOperation,32,11431.0
1625088,1,LayerNormDeviceOperation,48,11420.0
2154496,1,RotaryEmbeddingDeviceOperation,32,11402.0
1245184,1,RotaryEmbeddingDeviceOperation,32,11386.0
1423360,1,RotaryEmbeddingDeviceOperation,32,11345.0
1764352,1,LayerNormDeviceOperation,48,11329.0
1973248,1,LayerNormDeviceOperation,48,11263.0
1729536,1,LayerNormDeviceOperation,48,11260.0
1903616,1,LayerNormDeviceOperation,48,11252.0
1590272,1,LayerNormDeviceOperation,48,11247.0
2008064,1,LayerNormDeviceOperation,48,11239.0
1416192,1,LayerNormDeviceOperation,48,11211.0
2147328,1,LayerNormDeviceOperation,48,11172.0
1659904,1,LayerNormDeviceOperation,48,11171.0
1555456,1,LayerNormDeviceOperation,48,11164.0
2112512,1,LayerNormDeviceOperation,48,11135.0
1311744,1,LayerNormDeviceOperation,48,11128.0
1276928,1,LayerNormDeviceOperation,48,11121.0
1833984,1,LayerNormDeviceOperation,48,11117.0
2182144,1,LayerNormDeviceOperation,48,11115.0
1346560,1,LayerNormDeviceOperation,48,11114.0
2042880,1,LayerNormDeviceOperation,48,11110.0
1938432,1,LayerNormDeviceOperation,48,11105.0
1451008,1,LayerNormDeviceOperation,48,11103.0
1799168,1,LayerNormDeviceOperation,48,11093.0
1381376,1,LayerNormDeviceOperation,48,11082.0
2077696,1,LayerNormDeviceOperation,48,11076.0
1868800,1,LayerNormDeviceOperation,48,11063.0
711680,,LayerNormDeviceOperation,48,10945.0
293888,,LayerNormDeviceOperation,48,10942.0
850944,,LayerNormDeviceOperation,48,10927.0
398336,,LayerNormDeviceOperation,48,10925.0
467968,,LayerNormDeviceOperation,48,10921.0
251904,,LayerNormDeviceOperation,48,10913.0
1129472,,LayerNormDeviceOperation,48,10907.0
259072,,LayerNormDeviceOperation,48,10901.0
676864,,LayerNormDeviceOperation,48,10901.0
391168,,LayerNormDeviceOperation,48,10900.0
530432,,LayerNormDeviceOperation,48,10900.0
600064,,LayerNormDeviceOperation,48,10900.0
1122304,,LayerNormDeviceOperation,48,10899.0
816128,,LayerNormDeviceOperation,48,10897.0
990208,,LayerNormDeviceOperation,48,10896.0
1025024,,LayerNormDeviceOperation,48,10896.0
572416,,LayerNormDeviceOperation,48,10895.0
746496,,LayerNormDeviceOperation,48,10892.0
955392,,LayerNormDeviceOperation,48,10892.0
948224,,LayerNormDeviceOperation,48,10887.0
328704,,LayerNormDeviceOperation,48,10884.0
607232,,LayerNormDeviceOperation,48,10883.0
502784,,LayerNormDeviceOperation,48,10882.0
878592,,LayerNormDeviceOperation,48,10882.0
920576,,LayerNormDeviceOperation,48,10882.0
885760,,LayerNormDeviceOperation,48,10881.0
363520,,LayerNormDeviceOperation,48,10879.0
565248,,LayerNormDeviceOperation,48,10877.0
1094656,,LayerNormDeviceOperation,48,10876.0
913408,,LayerNormDeviceOperation,48,10875.0
1017856,,LayerNormDeviceOperation,48,10873.0
433152,,LayerNormDeviceOperation,48,10872.0
217088,,LayerNormDeviceOperation,48,10871.0
1164288,,LayerNormDeviceOperation,48,10871.0
1059840,,LayerNormDeviceOperation,48,10869.0
356352,,LayerNormDeviceOperation,48,10868.0
460800,,LayerNormDeviceOperation,48,10868.0
634880,,LayerNormDeviceOperation,48,10867.0
495616,,LayerNormDeviceOperation,48,10865.0
321536,,LayerNormDeviceOperation,48,10864.0
1087488,,LayerNormDeviceOperation,48,10864.0
1157120,,LayerNormDeviceOperation,48,10862.0
642048,,LayerNormDeviceOperation,48,10860.0
781312,,LayerNormDeviceOperation,48,10860.0
1052672,,LayerNormDeviceOperation,48,10860.0
155648,,LayerNormDeviceOperation,48,10859.0
669696,,LayerNormDeviceOperation,48,10858.0
704512,,LayerNormDeviceOperation,48,10858.0
983040,,LayerNormDeviceOperation,48,10855.0
808960,,LayerNormDeviceOperation,48,10854.0
286720,,LayerNormDeviceOperation,48,10853.0
774144,,LayerNormDeviceOperation,48,10851.0
224256,,LayerNormDeviceOperation,48,10850.0
739328,,LayerNormDeviceOperation,48,10849.0
425984,,LayerNormDeviceOperation,48,10845.0
537600,,LayerNormDeviceOperation,48,10839.0
843776,,LayerNormDeviceOperation,48,10820.0
206848,,FillPadDeviceOperation,64,9642.0
1259520,1,FillPadDeviceOperation,64,9070.0
37888,,TilizeWithValPaddingDeviceOperation,48,8803.0
53248,,TilizeWithValPaddingDeviceOperation,48,8784.0
12288,,TilizeWithValPaddingDeviceOperation,48,8778.0
208896,,BinaryNgDeviceOperation,64,8748.0
70656,,TilizeWithValPaddingDeviceOperation,48,8645.0
17408,,TilizeWithValPaddingDeviceOperation,48,8584.0
115712,,TilizeWithValPaddingDeviceOperation,48,8581.0
69632,,TilizeWithValPaddingDeviceOperation,48,8568.0
20480,,TilizeWithValPaddingDeviceOperation,48,8545.0
41984,,TilizeWithValPaddingDeviceOperation,48,8541.0
1024,,TilizeWithValPaddingDeviceOperation,48,8530.0
87040,,TilizeWithValPaddingDeviceOperation,48,8512.0
54272,,TilizeWithValPaddingDeviceOperation,48,8480.0
4096,,TilizeWithValPaddingDeviceOperation,48,8476.0
94208,,TilizeWithValPaddingDeviceOperation,48,8475.0
102400,,TilizeWithValPaddingDeviceOperation,48,8469.0
36864,,TilizeWithValPaddingDeviceOperation,48,8447.0
99328,,TilizeWithValPaddingDeviceOperation,48,8443.0
58368,,TilizeWithValPaddingDeviceOperation,48,8436.0
110592,,TilizeWithValPaddingDeviceOperation,48,8424.0
91136,,TilizeWithValPaddingDeviceOperation,48,8407.0
114688,,TilizeWithValPaddingDeviceOperation,48,8403.0
73728,,TilizeWithValPaddingDeviceOperation,48,8402.0
106496,,TilizeWithValPaddingDeviceOperation,48,8401.0
24576,,TilizeWithValPaddingDeviceOperation,48,8396.0
61440,,TilizeWithValPaddingDeviceOperation,48,8393.0
74752,,TilizeWithValPaddingDeviceOperation,48,8383.0
16384,,TilizeWithValPaddingDeviceOperation,48,8382.0
25600,,TilizeWithValPaddingDeviceOperation,48,8378.0
103424,,TilizeWithValPaddingDeviceOperation,48,8374.0
90112,,TilizeWithValPaddingDeviceOperation,48,8369.0
49152,,TilizeWithValPaddingDeviceOperation,48,8348.0
50176,,TilizeWithValPaddingDeviceOperation,48,8347.0
66560,,TilizeWithValPaddingDeviceOperation,48,8341.0
77824,,TilizeWithValPaddingDeviceOperation,48,8326.0
33792,,TilizeWithValPaddingDeviceOperation,48,8313.0
107520,,TilizeWithValPaddingDeviceOperation,48,8306.0
9216,,TilizeWithValPaddingDeviceOperation,48,8303.0
78848,,TilizeWithValPaddingDeviceOperation,48,8276.0
8192,,TilizeWithValPaddingDeviceOperation,48,8270.0
13312,,TilizeWithValPaddingDeviceOperation,48,8258.0
28672,,TilizeWithValPaddingDeviceOperation,48,8257.0
65536,,TilizeWithValPaddingDeviceOperation,48,8257.0
57344,,TilizeWithValPaddingDeviceOperation,48,8239.0
86016,,TilizeWithValPaddingDeviceOperation,48,8222.0
5120,,TilizeWithValPaddingDeviceOperation,48,8208.0
45056,,TilizeWithValPaddingDeviceOperation,48,8193.0
40960,,TilizeWithValPaddingDeviceOperation,48,8157.0
98304,,TilizeWithValPaddingDeviceOperation,48,8157.0
111616,,TilizeWithValPaddingDeviceOperation,48,8149.0
32768,,TilizeWithValPaddingDeviceOperation,48,8125.0
95232,,TilizeWithValPaddingDeviceOperation,48,8125.0
29696,,TilizeWithValPaddingDeviceOperation,48,8117.0
21504,,TilizeWithValPaddingDeviceOperation,48,8110.0
81920,,TilizeWithValPaddingDeviceOperation,48,8098.0
46080,,TilizeWithValPaddingDeviceOperation,48,8073.0
82944,,TilizeWithValPaddingDeviceOperation,48,8070.0
62464,,TilizeWithValPaddingDeviceOperation,48,8045.0
1261568,1,BinaryNgDeviceOperation,64,7568.0
313344,,TypecastDeviceOperation,64,6862.0
181248,,TilizeWithValPaddingDeviceOperation,1,6669.0
1215488,1,TilizeWithValPaddingDeviceOperation,1,6658.0
1200128,1,TilizeWithValPaddingDeviceOperation,1,6653.0
1853440,1,TypecastDeviceOperation,64,6627.0
1169408,1,TilizeWithValPaddingDeviceOperation,1,6620.0
116736,,TilizeWithValPaddingDeviceOperation,1,6616.0
626688,,TypecastDeviceOperation,64,6586.0
204800,,TypecastDeviceOperation,64,6574.0
147456,,TilizeWithValPaddingDeviceOperation,1,6533.0
591872,,TypecastDeviceOperation,64,6530.0
1233920,1,TilizeWithValPaddingDeviceOperation,1,6509.0
731136,,TypecastDeviceOperation,64,6459.0
162816,,TilizeWithValPaddingDeviceOperation,1,6449.0
1748992,1,TypecastDeviceOperation,64,6423.0
1009664,,TypecastDeviceOperation,64,6407.0
1505280,1,TypecastDeviceOperation,64,6406.0
2205696,1,NLPConcatHeadsDecodeDeviceOperation,23,6404.0
661504,,TypecastDeviceOperation,64,6394.0
1992704,1,TypecastDeviceOperation,64,6389.0
1114112,,TypecastDeviceOperation,64,6381.0
870400,,TypecastDeviceOperation,64,6344.0
940032,,TypecastDeviceOperation,64,6343.0
352256,,NLPConcatHeadsDecodeDeviceOperation,24,6300.0
1079296,,TypecastDeviceOperation,64,6295.0
317440,,NLPConcatHeadsDecodeDeviceOperation,24,6294.0
417792,,TypecastDeviceOperation,64,6290.0
1923072,1,TypecastDeviceOperation,64,6263.0
212992,,NLPConcatHeadsDecodeDeviceOperation,24,6257.0
839680,,NLPConcatHeadsDecodeDeviceOperation,24,6239.0
1048576,,NLPConcatHeadsDecodeDeviceOperation,24,6233.0
909312,,NLPConcatHeadsDecodeDeviceOperation,24,6225.0
1153024,,NLPConcatHeadsDecodeDeviceOperation,24,6224.0
700416,,NLPConcatHeadsDecodeDeviceOperation,24,6218.0
561152,,NLPConcatHeadsDecodeDeviceOperation,24,6217.0
978944,,NLPConcatHeadsDecodeDeviceOperation,24,6215.0
456704,,NLPConcatHeadsDecodeDeviceOperation,24,6200.0
387072,,NLPConcatHeadsDecodeDeviceOperation,24,6190.0
2062336,1,TypecastDeviceOperation,64,6188.0
735232,,NLPConcatHeadsDecodeDeviceOperation,24,6184.0
800768,,TypecastDeviceOperation,64,6184.0
804864,,NLPConcatHeadsDecodeDeviceOperation,24,6177.0
1822720,1,NLPConcatHeadsDecodeDeviceOperation,24,6177.0
1118208,,NLPConcatHeadsDecodeDeviceOperation,24,6169.0
944128,,NLPConcatHeadsDecodeDeviceOperation,24,6168.0
1013760,,NLPConcatHeadsDecodeDeviceOperation,24,6168.0
770048,,NLPConcatHeadsDecodeDeviceOperation,24,6162.0
874496,,NLPConcatHeadsDecodeDeviceOperation,24,6162.0
526336,,NLPConcatHeadsDecodeDeviceOperation,24,6148.0
1083392,,NLPConcatHeadsDecodeDeviceOperation,24,6148.0
665600,,NLPConcatHeadsDecodeDeviceOperation,24,6144.0
2027520,1,TypecastDeviceOperation,64,6138.0
282624,,NLPConcatHeadsDecodeDeviceOperation,24,6137.0
1679360,1,TypecastDeviceOperation,64,6130.0
595968,,NLPConcatHeadsDecodeDeviceOperation,24,6128.0
630784,,NLPConcatHeadsDecodeDeviceOperation,24,6126.0
1609728,1,TypecastDeviceOperation,64,6125.0
491520,,NLPConcatHeadsDecodeDeviceOperation,24,6109.0
247808,,NLPConcatHeadsDecodeDeviceOperation,24,6107.0
1574912,1,TypecastDeviceOperation,64,6094.0
1644544,1,TypecastDeviceOperation,64,6081.0
1540096,1,TypecastDeviceOperation,64,6076.0
421888,,NLPConcatHeadsDecodeDeviceOperation,24,6057.0
1331200,1,TypecastDeviceOperation,64,6030.0
974848,,TypecastDeviceOperation,64,6025.0
348160,,TypecastDeviceOperation,64,6023.0
905216,,TypecastDeviceOperation,64,6000.0
1857536,1,NLPConcatHeadsDecodeDeviceOperation,24,5991.0
487424,,TypecastDeviceOperation,64,5988.0
278528,,TypecastDeviceOperation,64,5972.0
765952,,TypecastDeviceOperation,64,5971.0
1888256,1,TypecastDeviceOperation,64,5959.0
452608,,TypecastDeviceOperation,64,5951.0
382976,,TypecastDeviceOperation,64,5928.0
1714176,1,TypecastDeviceOperation,64,5914.0
2097152,1,TypecastDeviceOperation,64,5914.0
1818624,1,TypecastDeviceOperation,64,5899.0
835584,,TypecastDeviceOperation,64,5889.0
2101248,1,NLPConcatHeadsDecodeDeviceOperation,24,5882.0
1148928,,TypecastDeviceOperation,64,5867.0
557056,,TypecastDeviceOperation,64,5861.0
1257472,1,TypecastDeviceOperation,64,5856.0
1366016,1,TypecastDeviceOperation,64,5845.0
1470464,1,TypecastDeviceOperation,64,5844.0
1296384,1,TypecastDeviceOperation,64,5842.0
2166784,1,TypecastDeviceOperation,64,5821.0
1400832,1,TypecastDeviceOperation,64,5819.0
1335296,1,NLPConcatHeadsDecodeDeviceOperation,24,5784.0
1613824,1,NLPConcatHeadsDecodeDeviceOperation,24,5762.0
1957888,1,TypecastDeviceOperation,64,5762.0
1718272,1,NLPConcatHeadsDecodeDeviceOperation,24,5737.0
243712,,TypecastDeviceOperation,64,5728.0
1439744,1,NLPConcatHeadsDecodeDeviceOperation,24,5727.0
1648640,1,NLPConcatHeadsDecodeDeviceOperation,24,5724.0
1996800,1,NLPConcatHeadsDecodeDeviceOperation,24,5720.0
1892352,1,NLPConcatHeadsDecodeDeviceOperation,24,5711.0
1265664,1,NLPConcatHeadsDecodeDeviceOperation,24,5709.0
2201600,1,TypecastDeviceOperation,63,5708.0
2136064,1,NLPConcatHeadsDecodeDeviceOperation,24,5662.0
1787904,1,NLPConcatHeadsDecodeDeviceOperation,24,5658.0
696320,,TypecastDeviceOperation,64,5635.0
1435648,1,TypecastDeviceOperation,64,5631.0
1783808,1,TypecastDeviceOperation,64,5601.0
2131968,1,TypecastDeviceOperation,64,5597.0
1044480,,TypecastDeviceOperation,64,5591.0
1683456,1,NLPConcatHeadsDecodeDeviceOperation,24,5572.0
1753088,1,NLPConcatHeadsDecodeDeviceOperation,24,5510.0
1927168,1,NLPConcatHeadsDecodeDeviceOperation,24,5477.0
1438720,1,TypecastDeviceOperation,64,5457.0
1404928,1,NLPConcatHeadsDecodeDeviceOperation,24,5438.0
207872,,ReduceDeviceOperation,32,5422.0
522240,,TypecastDeviceOperation,64,5418.0
196608,,UntilizeWithUnpaddingDeviceOperation,32,5404.0
2031616,1,NLPConcatHeadsDecodeDeviceOperation,24,5396.0
1544192,1,NLPConcatHeadsDecodeDeviceOperation,24,5392.0
2170880,1,NLPConcatHeadsDecodeDeviceOperation,24,5385.0
2204672,1,TypecastDeviceOperation,63,5384.0
1300480,1,NLPConcatHeadsDecodeDeviceOperation,24,5375.0
2135040,1,TypecastDeviceOperation,64,5375.0
1249280,1,UntilizeWithUnpaddingDeviceOperation,32,5373.0
1961984,1,NLPConcatHeadsDecodeDeviceOperation,24,5364.0
1509376,1,NLPConcatHeadsDecodeDeviceOperation,24,5359.0
1369088,1,TypecastDeviceOperation,64,5357.0
1579008,1,NLPConcatHeadsDecodeDeviceOperation,24,5345.0
2066432,1,NLPConcatHeadsDecodeDeviceOperation,24,5333.0
1926144,1,TypecastDeviceOperation,64,5314.0
1370112,1,NLPConcatHeadsDecodeDeviceOperation,24,5290.0
1647616,1,TypecastDeviceOperation,64,5273.0
1260544,1,ReduceDeviceOperation,32,5263.0
2065408,1,TypecastDeviceOperation,64,5241.0
1474560,1,NLPConcatHeadsDecodeDeviceOperation,24,5239.0
246784,,TypecastDeviceOperation,64,5229.0
200704,,TypecastDeviceOperation,64,5228.0
386048,,TypecastDeviceOperation,64,5217.0
699392,,TypecastDeviceOperation,64,5217.0
1082368,,TypecastDeviceOperation,64,5216.0
281600,,TypecastDeviceOperation,64,5199.0
1117184,,TypecastDeviceOperation,64,5193.0
525312,,TypecastDeviceOperation,64,5192.0
629760,,TypecastDeviceOperation,64,5192.0
1242112,1,TypecastDeviceOperation,64,5182.0
211968,,TypecastDeviceOperation,64,5170.0
420864,,TypecastDeviceOperation,64,5169.0
734208,,TypecastDeviceOperation,64,5165.0
351232,,TypecastDeviceOperation,64,5163.0
490496,,TypecastDeviceOperation,64,5159.0
189440,,TypecastDeviceOperation,64,5158.0
838656,,TypecastDeviceOperation,64,5158.0
873472,,TypecastDeviceOperation,64,5157.0
977920,,TypecastDeviceOperation,64,5154.0
594944,,TypecastDeviceOperation,64,5152.0
803840,,TypecastDeviceOperation,64,5151.0
316416,,TypecastDeviceOperation,64,5142.0
664576,,TypecastDeviceOperation,64,5142.0
1012736,,TypecastDeviceOperation,64,5142.0
943104,,TypecastDeviceOperation,64,5139.0
1264640,1,TypecastDeviceOperation,64,5133.0
560128,,TypecastDeviceOperation,64,5131.0
769024,,TypecastDeviceOperation,64,5130.0
1152000,,TypecastDeviceOperation,64,5129.0
1047552,,TypecastDeviceOperation,64,5126.0
1717248,1,TypecastDeviceOperation,64,5123.0
908288,,TypecastDeviceOperation,64,5109.0
455680,,TypecastDeviceOperation,64,5101.0
1995776,1,TypecastDeviceOperation,64,5101.0
1577984,1,TypecastDeviceOperation,64,5076.0
1508352,1,TypecastDeviceOperation,64,5070.0
1299456,1,TypecastDeviceOperation,64,5032.0
1960960,1,TypecastDeviceOperation,64,5022.0
1786880,1,TypecastDeviceOperation,64,5019.0
1821696,1,TypecastDeviceOperation,64,4996.0
2030592,1,TypecastDeviceOperation,64,4996.0
2100224,1,TypecastDeviceOperation,64,4996.0
1473536,1,TypecastDeviceOperation,64,4989.0
1543168,1,TypecastDeviceOperation,64,4984.0
2169856,1,TypecastDeviceOperation,64,4981.0
1856512,1,TypecastDeviceOperation,64,4972.0
1334272,1,TypecastDeviceOperation,64,4971.0
1612800,1,TypecastDeviceOperation,64,4966.0
1645568,1,InterleavedToShardedDeviceOperation,32,4966.0
1403904,1,TypecastDeviceOperation,64,4962.0
1297408,1,InterleavedToShardedDeviceOperation,32,4952.0
1752064,1,TypecastDeviceOperation,64,4950.0
1682432,1,TypecastDeviceOperation,64,4926.0
1891328,1,TypecastDeviceOperation,64,4921.0
1253376,1,TypecastDeviceOperation,64,4741.0
1541120,1,InterleavedToShardedDeviceOperation,32,4737.0
244736,,InterleavedToShardedDeviceOperation,32,4520.0
1575936,1,InterleavedToShardedDeviceOperation,32,4503.0
1750016,1,InterleavedToShardedDeviceOperation,32,4458.0
1010688,,InterleavedToShardedDeviceOperation,32,4435.0
766976,,InterleavedToShardedDeviceOperation,32,4400.0
2098176,1,InterleavedToShardedDeviceOperation,32,4378.0
627712,,InterleavedToShardedDeviceOperation,32,4368.0
488448,,InterleavedToShardedDeviceOperation,32,4366.0
279552,,InterleavedToShardedDeviceOperation,32,4345.0
604160,,ReshardDeviceOperation,32,4274.0
732160,,InterleavedToShardedDeviceOperation,32,4263.0
384000,,InterleavedToShardedDeviceOperation,32,4235.0
1715200,1,InterleavedToShardedDeviceOperation,32,4184.0
697344,,InterleavedToShardedDeviceOperation,32,4166.0
523264,,InterleavedToShardedDeviceOperation,32,4126.0
1272832,1,BinaryNgDeviceOperation,64,4120.0
1551360,1,BinaryNgDeviceOperation,64,4117.0
2178048,1,BinaryNgDeviceOperation,64,4109.0
1620992,1,BinaryNgDeviceOperation,64,4104.0
1115136,,InterleavedToShardedDeviceOperation,32,4102.0
2063360,1,InterleavedToShardedDeviceOperation,32,4101.0
1516544,1,BinaryNgDeviceOperation,64,4100.0
1377280,1,BinaryNgDeviceOperation,64,4099.0
1446912,1,BinaryNgDeviceOperation,64,4098.0
1412096,1,BinaryNgDeviceOperation,64,4094.0
1969152,1,BinaryNgDeviceOperation,64,4094.0
2108416,1,BinaryNgDeviceOperation,64,4094.0
1080320,,InterleavedToShardedDeviceOperation,32,4093.0
1307648,1,BinaryNgDeviceOperation,64,4093.0
1795072,1,BinaryNgDeviceOperation,64,4091.0
2003968,1,BinaryNgDeviceOperation,64,4090.0
2073600,1,BinaryNgDeviceOperation,64,4090.0
2143232,1,BinaryNgDeviceOperation,64,4090.0
1481728,1,BinaryNgDeviceOperation,64,4089.0
1725440,1,BinaryNgDeviceOperation,64,4089.0
1760256,1,BinaryNgDeviceOperation,64,4089.0
1342464,1,BinaryNgDeviceOperation,64,4087.0
1864704,1,BinaryNgDeviceOperation,64,4086.0
1934336,1,BinaryNgDeviceOperation,64,4086.0
1586176,1,BinaryNgDeviceOperation,64,4084.0
1401856,1,InterleavedToShardedDeviceOperation,32,4083.0
1655808,1,BinaryNgDeviceOperation,64,4083.0
1899520,1,BinaryNgDeviceOperation,64,4082.0
2038784,1,BinaryNgDeviceOperation,64,4082.0
1690624,1,BinaryNgDeviceOperation,64,4081.0
1829888,1,BinaryNgDeviceOperation,64,4081.0
2212864,1,BinaryNgDeviceOperation,63,4079.0
801792,,InterleavedToShardedDeviceOperation,32,4046.0
314368,,InterleavedToShardedDeviceOperation,32,4037.0
592896,,InterleavedToShardedDeviceOperation,32,4034.0
916480,,BinaryNgDeviceOperation,64,4000.0
1160192,,BinaryNgDeviceOperation,64,3999.0
777216,,BinaryNgDeviceOperation,64,3997.0
951296,,BinaryNgDeviceOperation,64,3997.0
394240,,BinaryNgDeviceOperation,64,3994.0
881664,,BinaryNgDeviceOperation,64,3990.0
429056,,BinaryNgDeviceOperation,64,3989.0
463872,,BinaryNgDeviceOperation,64,3986.0
1471488,1,InterleavedToShardedDeviceOperation,32,3985.0
742400,,BinaryNgDeviceOperation,64,3984.0
603136,,BinaryNgDeviceOperation,64,3983.0
1090560,,BinaryNgDeviceOperation,64,3983.0
1367040,1,InterleavedToShardedDeviceOperation,32,3983.0
254976,,BinaryNgDeviceOperation,64,3982.0
568320,,BinaryNgDeviceOperation,64,3982.0
986112,,BinaryNgDeviceOperation,64,3982.0
1125376,,BinaryNgDeviceOperation,64,3981.0
1784832,1,InterleavedToShardedDeviceOperation,32,3981.0
1958912,1,InterleavedToShardedDeviceOperation,32,3981.0
220160,,BinaryNgDeviceOperation,64,3979.0
359424,,BinaryNgDeviceOperation,64,3979.0
637952,,BinaryNgDeviceOperation,64,3979.0
707584,,BinaryNgDeviceOperation,64,3979.0
324608,,BinaryNgDeviceOperation,64,3978.0
498688,,BinaryNgDeviceOperation,64,3976.0
533504,,BinaryNgDeviceOperation,64,3975.0
289792,,BinaryNgDeviceOperation,64,3974.0
672768,,BinaryNgDeviceOperation,64,3974.0
846848,,BinaryNgDeviceOperation,64,3973.0
1020928,,BinaryNgDeviceOperation,64,3973.0
1055744,,BinaryNgDeviceOperation,64,3973.0
812032,,BinaryNgDeviceOperation,64,3967.0
453632,,InterleavedToShardedDeviceOperation,32,3965.0
836608,,InterleavedToShardedDeviceOperation,32,3924.0
1149952,,InterleavedToShardedDeviceOperation,32,3920.0
1332224,1,InterleavedToShardedDeviceOperation,32,3885.0
871424,,InterleavedToShardedDeviceOperation,32,3877.0
209920,,InterleavedToShardedDeviceOperation,32,3861.0
418816,,InterleavedToShardedDeviceOperation,32,3861.0
941056,,InterleavedToShardedDeviceOperation,32,3859.0
1506304,1,InterleavedToShardedDeviceOperation,32,3840.0
349184,,InterleavedToShardedDeviceOperation,32,3830.0
1045504,,InterleavedToShardedDeviceOperation,32,3819.0
1854464,1,InterleavedToShardedDeviceOperation,32,3811.0
1258496,1,ShardedToInterleavedDeviceOperation,32,3802.0
558080,,InterleavedToShardedDeviceOperation,32,3801.0
662528,,InterleavedToShardedDeviceOperation,32,3801.0
182272,,BinaryNgDeviceOperation,64,3778.0
1436672,1,InterleavedToShardedDeviceOperation,32,3774.0
1993728,1,InterleavedToShardedDeviceOperation,32,3774.0
906240,,InterleavedToShardedDeviceOperation,32,3665.0
1889280,1,InterleavedToShardedDeviceOperation,32,3663.0
975872,,InterleavedToShardedDeviceOperation,32,3661.0
1268736,1,BinaryNgDeviceOperation,64,3654.0
2167808,1,InterleavedToShardedDeviceOperation,32,3639.0
2028544,1,InterleavedToShardedDeviceOperation,32,3555.0
1680384,1,InterleavedToShardedDeviceOperation,32,3499.0
1234944,1,BinaryNgDeviceOperation,64,3454.0
199680,,InterleavedToShardedDeviceOperation,32,3433.0
589824,,CopyDeviceOperation,64,3412.0
216064,,BinaryNgDeviceOperation,64,3409.0
1262592,1,InterleavedToShardedDeviceOperation,32,3393.0
708608,,ReshardDeviceOperation,32,3365.0
1924096,1,InterleavedToShardedDeviceOperation,32,3345.0
2132992,1,InterleavedToShardedDeviceOperation,32,3342.0
195584,,ShardedToInterleavedDeviceOperation,32,3314.0
163840,,BinaryNgDeviceOperation,64,3308.0
205824,,ShardedToInterleavedDeviceOperation,32,3260.0
1610752,1,InterleavedToShardedDeviceOperation,32,3236.0
1343488,1,ReshardDeviceOperation,32,3235.0
325632,,ReshardDeviceOperation,32,3218.0
1007616,,CopyDeviceOperation,64,3195.0
937984,,CopyDeviceOperation,64,3174.0
1056768,,ReshardDeviceOperation,32,3171.0
1248256,1,ShardedToInterleavedDeviceOperation,32,3165.0
1819648,1,InterleavedToShardedDeviceOperation,32,3162.0
1252352,1,InterleavedToShardedDeviceOperation,32,3157.0
311296,,CopyDeviceOperation,64,3147.0
1146880,,CopyDeviceOperation,64,3146.0
395264,,ReshardDeviceOperation,32,3127.0
2144256,1,ReshardDeviceOperation,32,3118.0
882688,,ReshardDeviceOperation,32,3115.0
763904,,CopyDeviceOperation,64,3108.0
555008,,CopyDeviceOperation,64,3083.0
290816,,ReshardDeviceOperation,32,3077.0
868352,,CopyDeviceOperation,64,3059.0
1447936,1,ReshardDeviceOperation,32,3034.0
2179072,1,ReshardDeviceOperation,32,3029.0
1482752,1,ReshardDeviceOperation,32,3028.0
346112,,CopyDeviceOperation,64,3018.0
485376,,CopyDeviceOperation,64,3000.0
276480,,CopyDeviceOperation,64,2997.0
798720,,CopyDeviceOperation,64,2994.0
1216512,1,BinaryNgDeviceOperation,64,2994.0
903168,,CopyDeviceOperation,64,2993.0
2202624,1,InterleavedToShardedDeviceOperation,31,2991.0
729088,,CopyDeviceOperation,64,2986.0
534528,,ReshardDeviceOperation,32,2983.0
2199552,1,CopyDeviceOperation,63,2973.0
520192,,CopyDeviceOperation,64,2967.0
694272,,CopyDeviceOperation,64,2964.0
256000,,ReshardDeviceOperation,32,2958.0
1294336,1,CopyDeviceOperation,64,2957.0
778240,,ReshardDeviceOperation,32,2954.0
1273856,1,ReshardDeviceOperation,32,2954.0
221184,,ReshardDeviceOperation,32,2947.0
659456,,CopyDeviceOperation,64,2943.0
415744,,CopyDeviceOperation,64,2927.0
1042432,,CopyDeviceOperation,64,2923.0
972800,,CopyDeviceOperation,64,2910.0
813056,,ReshardDeviceOperation,32,2907.0
624640,,CopyDeviceOperation,64,2904.0
202752,,CopyDeviceOperation,64,2899.0
1021952,,ReshardDeviceOperation,32,2899.0
360448,,ReshardDeviceOperation,32,2895.0
380928,,CopyDeviceOperation,64,2895.0
1077248,,CopyDeviceOperation,64,2894.0
638976,,ReshardDeviceOperation,32,2891.0
833536,,CopyDeviceOperation,64,2891.0
1161216,,ReshardDeviceOperation,32,2890.0
430080,,ReshardDeviceOperation,32,2878.0
1112064,,CopyDeviceOperation,64,2877.0
450560,,CopyDeviceOperation,64,2865.0
464896,,ReshardDeviceOperation,32,2851.0
2109440,1,ReshardDeviceOperation,32,2851.0
1238016,1,UntilizeWithUnpaddingDeviceOperation,1,2849.0
917504,,ReshardDeviceOperation,32,2819.0
2213888,1,ReshardDeviceOperation,31,2810.0
569344,,ReshardDeviceOperation,32,2805.0
673792,,ReshardDeviceOperation,32,2794.0
241664,,CopyDeviceOperation,64,2790.0
1126400,,ReshardDeviceOperation,32,2787.0
2164736,1,CopyDeviceOperation,64,2783.0
1851392,1,CopyDeviceOperation,64,2775.0
1935360,1,ReshardDeviceOperation,32,2770.0
952320,,ReshardDeviceOperation,32,2766.0
1970176,1,ReshardDeviceOperation,32,2751.0
1656832,1,ReshardDeviceOperation,32,2746.0
1308672,1,ReshardDeviceOperation,32,2740.0
1796096,1,ReshardDeviceOperation,32,2725.0
185344,,UntilizeWithUnpaddingDeviceOperation,1,2713.0
1781760,1,CopyDeviceOperation,64,2713.0
1201152,1,BinaryNgDeviceOperation,64,2693.0
1091584,,ReshardDeviceOperation,32,2686.0
1691648,1,ReshardDeviceOperation,32,2683.0
1170432,1,BinaryNgDeviceOperation,64,2667.0
1552384,1,ReshardDeviceOperation,32,2662.0
1865728,1,ReshardDeviceOperation,32,2661.0
2129920,1,CopyDeviceOperation,64,2649.0
1955840,1,CopyDeviceOperation,64,2648.0
2060288,1,CopyDeviceOperation,64,2644.0
201728,,ShardedToInterleavedDeviceOperation,32,2643.0
1816576,1,CopyDeviceOperation,64,2641.0
847872,,ReshardDeviceOperation,32,2635.0
987136,,ReshardDeviceOperation,32,2618.0
2095104,1,CopyDeviceOperation,64,2617.0
499712,,ReshardDeviceOperation,32,2610.0
2004992,1,ReshardDeviceOperation,32,2605.0
2074624,1,ReshardDeviceOperation,32,2586.0
1761280,1,ReshardDeviceOperation,32,2583.0
1461248,1,InterleavedToShardedDeviceOperation,32,2565.0
1413120,1,ReshardDeviceOperation,32,2550.0
1607680,1,CopyDeviceOperation,64,2547.0
197632,,RepeatDeviceOperation,64,2546.0
1726464,1,ReshardDeviceOperation,32,2542.0
1886208,1,CopyDeviceOperation,64,2541.0
1830912,1,ReshardDeviceOperation,32,2527.0
1746944,1,CopyDeviceOperation,64,2523.0
1572864,1,CopyDeviceOperation,64,2506.0
1642496,1,CopyDeviceOperation,64,2505.0
1255424,1,CopyDeviceOperation,64,2500.0
832512,,SliceDeviceOperation,64,2495.0
2039808,1,ReshardDeviceOperation,32,2495.0
1433600,1,CopyDeviceOperation,64,2491.0
1468416,1,CopyDeviceOperation,64,2486.0
1670144,1,InterleavedToShardedDeviceOperation,32,2486.0
1503232,1,CopyDeviceOperation,64,2477.0
117760,,BinaryNgDeviceOperation,64,2474.0
1900544,1,ReshardDeviceOperation,32,2468.0
1948672,1,InterleavedToShardedDeviceOperation,32,2462.0
743424,,ReshardDeviceOperation,32,2461.0
148480,,BinaryNgDeviceOperation,64,2458.0
1517568,1,ReshardDeviceOperation,32,2440.0
1587200,1,ReshardDeviceOperation,32,2437.0
435200,,ShardedToInterleavedDeviceOperation,54,2391.0
623616,,SliceDeviceOperation,64,2389.0
157696,,ShardedToInterleavedDeviceOperation,54,2388.0
1329152,1,CopyDeviceOperation,64,2387.0
1250304,1,RepeatDeviceOperation,64,2387.0
240640,,SliceDeviceOperation,64,2373.0
1522688,1,ShardedToInterleavedDeviceOperation,54,2364.0
1677312,1,CopyDeviceOperation,64,2362.0
964608,,SliceDeviceOperation,64,2349.0
1921024,1,CopyDeviceOperation,64,2343.0
1363968,1,CopyDeviceOperation,64,2341.0
783360,,ShardedToInterleavedDeviceOperation,54,2320.0
1712128,1,CopyDeviceOperation,64,2312.0
818176,,ShardedToInterleavedDeviceOperation,54,2293.0
1398784,1,CopyDeviceOperation,64,2290.0
957440,,ShardedToInterleavedDeviceOperation,54,2286.0
1622016,1,ReshardDeviceOperation,32,2286.0
1990656,1,CopyDeviceOperation,64,2269.0
852992,,ShardedToInterleavedDeviceOperation,54,2252.0
922624,,ShardedToInterleavedDeviceOperation,54,2249.0
2025472,1,CopyDeviceOperation,64,2248.0
504832,,ShardedToInterleavedDeviceOperation,54,2242.0
1801216,1,ShardedToInterleavedDeviceOperation,54,2241.0
748544,,ShardedToInterleavedDeviceOperation,54,2240.0
470016,,ShardedToInterleavedDeviceOperation,54,2232.0
1538048,1,CopyDeviceOperation,64,2227.0
1061888,,ShardedToInterleavedDeviceOperation,54,2226.0
261120,,ShardedToInterleavedDeviceOperation,54,2215.0
1348608,1,ShardedToInterleavedDeviceOperation,54,2208.0
1592320,1,ShardedToInterleavedDeviceOperation,54,2205.0
1487872,1,ShardedToInterleavedDeviceOperation,54,2197.0
330752,,ShardedToInterleavedDeviceOperation,54,2187.0
1418240,1,ShardedToInterleavedDeviceOperation,54,2184.0
1378304,1,ReshardDeviceOperation,32,2179.0
1905664,1,ShardedToInterleavedDeviceOperation,54,2173.0
658432,,SliceDeviceOperation,64,2171.0
574464,,ShardedToInterleavedDeviceOperation,54,2170.0
894976,,SliceDeviceOperation,64,2169.0
477184,,SliceDeviceOperation,64,2168.0
902144,,SliceDeviceOperation,64,2159.0
678912,,ShardedToInterleavedDeviceOperation,54,2146.0
1731584,1,ShardedToInterleavedDeviceOperation,54,2146.0
1096704,,ShardedToInterleavedDeviceOperation,54,2142.0
2010112,1,ShardedToInterleavedDeviceOperation,54,2140.0
1103872,,SliceDeviceOperation,64,2136.0
860160,,SliceDeviceOperation,64,2135.0
295936,,ShardedToInterleavedDeviceOperation,54,2134.0
2184192,1,ShardedToInterleavedDeviceOperation,54,2134.0
2079744,1,ShardedToInterleavedDeviceOperation,54,2132.0
609280,,ShardedToInterleavedDeviceOperation,54,2124.0
929792,,SliceDeviceOperation,64,2124.0
1975296,1,ShardedToInterleavedDeviceOperation,54,2124.0
713728,,ShardedToInterleavedDeviceOperation,54,2121.0
310272,,SliceDeviceOperation,64,2120.0
2149376,1,ShardedToInterleavedDeviceOperation,54,2116.0
186368,,RepeatDeviceOperation,64,2116.0
1239040,1,RepeatDeviceOperation,64,2114.0
1696768,1,ShardedToInterleavedDeviceOperation,54,2112.0
1940480,1,ShardedToInterleavedDeviceOperation,54,2109.0
1254400,1,ShardedToInterleavedDeviceOperation,32,2100.0
755712,,SliceDeviceOperation,64,2099.0
365568,,ShardedToInterleavedDeviceOperation,54,2093.0
1661952,1,ShardedToInterleavedDeviceOperation,54,2092.0
1313792,1,ShardedToInterleavedDeviceOperation,54,2088.0
1779712,1,ShardedToInterleavedDeviceOperation,32,2085.0
1627136,1,ShardedToInterleavedDeviceOperation,54,2084.0
1870848,1,ShardedToInterleavedDeviceOperation,54,2076.0
275456,,SliceDeviceOperation,64,2075.0
519168,,SliceDeviceOperation,64,2072.0
441344,,ShardedToInterleavedDeviceOperation,32,2068.0
992256,,ShardedToInterleavedDeviceOperation,54,2068.0
400384,,ShardedToInterleavedDeviceOperation,54,2066.0
1138688,,SliceDeviceOperation,64,2064.0
1034240,,SliceDeviceOperation,64,2060.0
1069056,,SliceDeviceOperation,64,2059.0
2044928,1,ShardedToInterleavedDeviceOperation,54,2056.0
887808,,ShardedToInterleavedDeviceOperation,54,2053.0
1102848,,ShardedToInterleavedDeviceOperation,32,2050.0
1814528,1,ShardedToInterleavedDeviceOperation,32,2049.0
268288,,SliceDeviceOperation,64,2048.0
1006592,,SliceDeviceOperation,64,2045.0
1383424,1,ShardedToInterleavedDeviceOperation,54,2044.0
1076224,,SliceDeviceOperation,64,2041.0
226304,,ShardedToInterleavedDeviceOperation,54,2040.0
1131520,,ShardedToInterleavedDeviceOperation,54,2040.0
407552,,SliceDeviceOperation,64,2036.0
173056,,TypecastDeviceOperation,4,2035.0
345088,,SliceDeviceOperation,64,2034.0
651264,,SliceDeviceOperation,64,2032.0
790528,,SliceDeviceOperation,64,2032.0
414720,,SliceDeviceOperation,64,2030.0
194560,,SliceDeviceOperation,64,2029.0
693248,,SliceDeviceOperation,64,2028.0
720896,,SliceDeviceOperation,64,2028.0
588800,,SliceDeviceOperation,64,2027.0
1145856,,SliceDeviceOperation,64,2026.0
512000,,SliceDeviceOperation,64,2023.0
484352,,SliceDeviceOperation,64,2021.0
1766400,1,ShardedToInterleavedDeviceOperation,54,2016.0
1453056,1,ShardedToInterleavedDeviceOperation,54,2013.0
2093056,1,ShardedToInterleavedDeviceOperation,32,2013.0
546816,,SliceDeviceOperation,64,2011.0
337920,,SliceDeviceOperation,64,2009.0
169984,,TypecastDeviceOperation,4,2006.0
581632,,SliceDeviceOperation,64,2000.0
1362944,1,SliceDeviceOperation,64,1998.0
1075200,,ShardedToInterleavedDeviceOperation,32,1997.0
449536,,SliceDeviceOperation,64,1996.0
545792,,ShardedToInterleavedDeviceOperation,32,1995.0
336896,,ShardedToInterleavedDeviceOperation,32,1994.0
762880,,SliceDeviceOperation,64,1993.0
553984,,SliceDeviceOperation,64,1991.0
644096,,ShardedToInterleavedDeviceOperation,54,1990.0
303104,,SliceDeviceOperation,64,1986.0
178176,,SliceDeviceOperation,64,1984.0
1041408,,SliceDeviceOperation,64,1981.0
1989632,1,SliceDeviceOperation,64,1981.0
379904,,SliceDeviceOperation,64,1977.0
1033216,,ShardedToInterleavedDeviceOperation,32,1977.0
616448,,SliceDeviceOperation,64,1972.0
1320960,1,SliceDeviceOperation,64,1972.0
1947648,1,SliceDeviceOperation,64,1971.0
1327104,1,ShardedToInterleavedDeviceOperation,32,1969.0
442368,,SliceDeviceOperation,64,1964.0
901120,,ShardedToInterleavedDeviceOperation,32,1961.0
1467392,1,SliceDeviceOperation,64,1961.0
1885184,1,SliceDeviceOperation,64,1954.0
686080,,SliceDeviceOperation,64,1951.0
1570816,1,ShardedToInterleavedDeviceOperation,32,1951.0
1641472,1,SliceDeviceOperation,64,1951.0
1676288,1,SliceDeviceOperation,64,1951.0
1920000,1,SliceDeviceOperation,64,1951.0
1221632,1,UnaryDeviceOperation,64,1948.0
1605632,1,ShardedToInterleavedDeviceOperation,32,1947.0
1702912,1,ShardedToInterleavedDeviceOperation,32,1947.0
539648,,ShardedToInterleavedDeviceOperation,54,1946.0
867328,,SliceDeviceOperation,64,1945.0
936960,,SliceDeviceOperation,64,1943.0
1111040,,SliceDeviceOperation,64,1943.0
728064,,SliceDeviceOperation,64,1941.0
1027072,,ShardedToInterleavedDeviceOperation,54,1941.0
971776,,SliceDeviceOperation,64,1940.0
2094080,1,SliceDeviceOperation,64,1938.0
1836032,1,ShardedToInterleavedDeviceOperation,54,1937.0
2121728,1,SliceDeviceOperation,64,1936.0
2114560,1,ShardedToInterleavedDeviceOperation,54,1934.0
999424,,SliceDeviceOperation,64,1932.0
2024448,1,SliceDeviceOperation,64,1932.0
2085888,1,ShardedToInterleavedDeviceOperation,32,1931.0
372736,,SliceDeviceOperation,64,1928.0
1557504,1,ShardedToInterleavedDeviceOperation,54,1928.0
1431552,1,ShardedToInterleavedDeviceOperation,32,1927.0
789504,,ShardedToInterleavedDeviceOperation,32,1926.0
2086912,1,SliceDeviceOperation,64,1922.0
825344,,SliceDeviceOperation,64,1919.0
1354752,1,ShardedToInterleavedDeviceOperation,32,1917.0
371712,,ShardedToInterleavedDeviceOperation,32,1913.0
1773568,1,SliceDeviceOperation,64,1912.0
1144832,,ShardedToInterleavedDeviceOperation,32,1911.0
1210368,1,ShardedToInterleavedDeviceOperation,54,1908.0
1278976,1,ShardedToInterleavedDeviceOperation,54,1908.0
970752,,ShardedToInterleavedDeviceOperation,32,1905.0
1495040,1,SliceDeviceOperation,64,1905.0
2052096,1,SliceDeviceOperation,64,1903.0
1537024,1,SliceDeviceOperation,64,1899.0
2051072,1,ShardedToInterleavedDeviceOperation,32,1899.0
998400,,ShardedToInterleavedDeviceOperation,32,1897.0
1229824,1,ShardedToInterleavedDeviceOperation,32,1897.0
797696,,SliceDeviceOperation,64,1895.0
233472,,SliceDeviceOperation,64,1894.0
1918976,1,ShardedToInterleavedDeviceOperation,32,1891.0
831488,,ShardedToInterleavedDeviceOperation,32,1890.0
859136,,ShardedToInterleavedDeviceOperation,32,1889.0
1599488,1,SliceDeviceOperation,64,1889.0
1225728,1,TypecastDeviceOperation,4,1887.0
267264,,ShardedToInterleavedDeviceOperation,32,1886.0
302080,,ShardedToInterleavedDeviceOperation,32,1886.0
1878016,1,SliceDeviceOperation,64,1882.0
483328,,ShardedToInterleavedDeviceOperation,32,1881.0
587776,,ShardedToInterleavedDeviceOperation,32,1881.0
1222656,1,TypecastDeviceOperation,4,1879.0
1396736,1,ShardedToInterleavedDeviceOperation,32,1877.0
1536000,1,ShardedToInterleavedDeviceOperation,32,1877.0
1710080,1,ShardedToInterleavedDeviceOperation,32,1876.0
893952,,ShardedToInterleavedDeviceOperation,32,1872.0
963584,,ShardedToInterleavedDeviceOperation,32,1871.0
1528832,1,ShardedToInterleavedDeviceOperation,32,1871.0
1564672,1,SliceDeviceOperation,64,1870.0
2120704,1,ShardedToInterleavedDeviceOperation,32,1869.0
2250752,,UntilizeWithUnpaddingDeviceOperation,1,1867.0
274432,,ShardedToInterleavedDeviceOperation,32,1866.0
727040,,ShardedToInterleavedDeviceOperation,32,1866.0
1815552,1,SliceDeviceOperation,64,1866.0
193536,,ShardedToInterleavedDeviceOperation,32,1865.0
552960,,ShardedToInterleavedDeviceOperation,32,1865.0
761856,,ShardedToInterleavedDeviceOperation,32,1865.0
935936,,ShardedToInterleavedDeviceOperation,32,1865.0
239616,,ShardedToInterleavedDeviceOperation,32,1863.0
1293312,1,SliceDeviceOperation,64,1863.0
1703936,1,SliceDeviceOperation,64,1863.0
1850368,1,SliceDeviceOperation,64,1863.0
1954816,1,SliceDeviceOperation,64,1856.0
1068032,,ShardedToInterleavedDeviceOperation,32,1855.0
168960,,UnaryDeviceOperation,64,1849.0
824320,,ShardedToInterleavedDeviceOperation,32,1848.0
1982464,1,SliceDeviceOperation,64,1848.0
2222080,,UntilizeWithUnpaddingDeviceOperation,1,1847.0
2198528,1,SliceDeviceOperation,63,1846.0
615424,,ShardedToInterleavedDeviceOperation,32,1842.0
650240,,ShardedToInterleavedDeviceOperation,32,1842.0
866304,,ShardedToInterleavedDeviceOperation,32,1841.0
657408,,ShardedToInterleavedDeviceOperation,32,1839.0
2156544,1,SliceDeviceOperation,64,1839.0
1137664,,ShardedToInterleavedDeviceOperation,32,1838.0
2227200,,UntilizeWithUnpaddingDeviceOperation,1,1837.0
1286144,1,SliceDeviceOperation,64,1836.0
2191360,1,SliceDeviceOperation,64,1836.0
1285120,1,ShardedToInterleavedDeviceOperation,32,1831.0
1361920,1,ShardedToInterleavedDeviceOperation,32,1827.0
622592,,ShardedToInterleavedDeviceOperation,32,1826.0
2023424,1,ShardedToInterleavedDeviceOperation,32,1826.0
2163712,1,SliceDeviceOperation,64,1824.0
754688,,ShardedToInterleavedDeviceOperation,32,1818.0
1110016,,ShardedToInterleavedDeviceOperation,32,1818.0
344064,,ShardedToInterleavedDeviceOperation,32,1817.0
1397760,1,SliceDeviceOperation,64,1817.0
928768,,ShardedToInterleavedDeviceOperation,32,1816.0
1876992,1,ShardedToInterleavedDeviceOperation,32,1812.0
1432576,1,SliceDeviceOperation,64,1811.0
2058240,1,ShardedToInterleavedDeviceOperation,32,1810.0
2247680,,UntilizeWithUnpaddingDeviceOperation,1,1809.0
1328128,1,SliceDeviceOperation,64,1808.0
1780736,1,SliceDeviceOperation,64,1808.0
1772544,1,ShardedToInterleavedDeviceOperation,32,1807.0
1247232,1,SliceDeviceOperation,64,1802.0
1571840,1,SliceDeviceOperation,64,1802.0
1040384,,ShardedToInterleavedDeviceOperation,32,1801.0
1389568,1,ShardedToInterleavedDeviceOperation,32,1800.0
1598464,1,ShardedToInterleavedDeviceOperation,32,1799.0
1946624,1,ShardedToInterleavedDeviceOperation,32,1799.0
1953792,1,ShardedToInterleavedDeviceOperation,32,1799.0
2016256,1,ShardedToInterleavedDeviceOperation,32,1797.0
1246208,1,ShardedToInterleavedDeviceOperation,32,1794.0
406528,,ShardedToInterleavedDeviceOperation,32,1787.0
1224704,1,UnaryDeviceOperation,64,1786.0
685056,,ShardedToInterleavedDeviceOperation,32,1785.0
1711104,1,SliceDeviceOperation,64,1783.0
1981440,1,ShardedToInterleavedDeviceOperation,32,1781.0
1744896,1,ShardedToInterleavedDeviceOperation,32,1779.0
1005568,,ShardedToInterleavedDeviceOperation,32,1778.0
413696,,ShardedToInterleavedDeviceOperation,32,1777.0
1808384,1,SliceDeviceOperation,64,1776.0
1912832,1,SliceDeviceOperation,64,1776.0
1745920,1,SliceDeviceOperation,64,1775.0
2128896,1,SliceDeviceOperation,64,1774.0
177152,,ShardedToInterleavedDeviceOperation,32,1764.0
2127872,1,ShardedToInterleavedDeviceOperation,32,1763.0
476160,,ShardedToInterleavedDeviceOperation,32,1762.0
1849344,1,ShardedToInterleavedDeviceOperation,32,1762.0
1843200,1,SliceDeviceOperation,64,1761.0
2059264,1,SliceDeviceOperation,64,1761.0
2245632,,UntilizeWithUnpaddingDeviceOperation,1,1760.0
979968,,ShardedToInterleavedDeviceOperation,24,1758.0
1460224,1,SliceDeviceOperation,64,1755.0
580608,,ShardedToInterleavedDeviceOperation,32,1753.0
1230848,1,SliceDeviceOperation,64,1753.0
1355776,1,SliceDeviceOperation,64,1752.0
1668096,1,ShardedToInterleavedDeviceOperation,32,1752.0
2240512,,UntilizeWithUnpaddingDeviceOperation,1,1749.0
1640448,1,ShardedToInterleavedDeviceOperation,32,1748.0
1669120,1,SliceDeviceOperation,64,1748.0
232448,,ShardedToInterleavedDeviceOperation,32,1746.0
1634304,1,SliceDeviceOperation,64,1742.0
1884160,1,ShardedToInterleavedDeviceOperation,32,1739.0
2226176,,UntilizeWithUnpaddingDeviceOperation,1,1738.0
796672,,ShardedToInterleavedDeviceOperation,32,1734.0
1494016,1,ShardedToInterleavedDeviceOperation,32,1733.0
1738752,1,SliceDeviceOperation,64,1733.0
1390592,1,SliceDeviceOperation,64,1731.0
2155520,1,ShardedToInterleavedDeviceOperation,32,1731.0
388096,,ShardedToInterleavedDeviceOperation,24,1729.0
448512,,ShardedToInterleavedDeviceOperation,32,1729.0
510976,,ShardedToInterleavedDeviceOperation,32,1728.0
518144,,ShardedToInterleavedDeviceOperation,32,1721.0
2229248,,UntilizeWithUnpaddingDeviceOperation,1,1720.0
2190336,1,ShardedToInterleavedDeviceOperation,32,1719.0
1425408,1,SliceDeviceOperation,64,1717.0
1502208,1,SliceDeviceOperation,64,1714.0
945152,,ShardedToInterleavedDeviceOperation,24,1712.0
1675264,1,ShardedToInterleavedDeviceOperation,32,1712.0
172032,,UnaryDeviceOperation,64,1710.0
2244608,,UntilizeWithUnpaddingDeviceOperation,1,1707.0
2243584,,UntilizeWithUnpaddingDeviceOperation,1,1703.0
2246656,,UntilizeWithUnpaddingDeviceOperation,1,1701.0
2231296,,UntilizeWithUnpaddingDeviceOperation,1,1700.0
719872,,ShardedToInterleavedDeviceOperation,32,1699.0
2224128,,UntilizeWithUnpaddingDeviceOperation,1,1698.0
756736,,InterleavedToShardedDeviceOperation,32,1696.0
1807360,1,ShardedToInterleavedDeviceOperation,32,1695.0
2234368,,UntilizeWithUnpaddingDeviceOperation,1,1692.0
1563648,1,ShardedToInterleavedDeviceOperation,32,1689.0
1606656,1,SliceDeviceOperation,64,1687.0
378880,,ShardedToInterleavedDeviceOperation,32,1686.0
2242560,,UntilizeWithUnpaddingDeviceOperation,1,1682.0
1119232,,ShardedToInterleavedDeviceOperation,24,1681.0
2017280,1,SliceDeviceOperation,64,1680.0
1459200,1,ShardedToInterleavedDeviceOperation,32,1679.0
1633280,1,ShardedToInterleavedDeviceOperation,32,1679.0
1988608,1,ShardedToInterleavedDeviceOperation,32,1679.0
2235392,,UntilizeWithUnpaddingDeviceOperation,1,1678.0
2238464,,UntilizeWithUnpaddingDeviceOperation,1,1678.0
1529856,1,SliceDeviceOperation,64,1675.0
2248704,,UntilizeWithUnpaddingDeviceOperation,1,1675.0
2162688,1,ShardedToInterleavedDeviceOperation,32,1674.0
617472,,InterleavedToShardedDeviceOperation,32,1673.0
1319936,1,ShardedToInterleavedDeviceOperation,32,1672.0
1911808,1,ShardedToInterleavedDeviceOperation,32,1667.0
2241536,,UntilizeWithUnpaddingDeviceOperation,1,1666.0
596992,,ShardedToInterleavedDeviceOperation,24,1665.0
1014784,,ShardedToInterleavedDeviceOperation,24,1665.0
1154048,,ShardedToInterleavedDeviceOperation,24,1665.0
2232320,,UntilizeWithUnpaddingDeviceOperation,1,1665.0
2236416,,UntilizeWithUnpaddingDeviceOperation,1,1663.0
2249728,,UntilizeWithUnpaddingDeviceOperation,1,1663.0
2230272,,UntilizeWithUnpaddingDeviceOperation,1,1659.0
2237440,,UntilizeWithUnpaddingDeviceOperation,1,1659.0
805888,,ShardedToInterleavedDeviceOperation,24,1658.0
2223104,,UntilizeWithUnpaddingDeviceOperation,1,1658.0
2197504,1,ShardedToInterleavedDeviceOperation,31,1658.0
2228224,,UntilizeWithUnpaddingDeviceOperation,1,1656.0
2225152,,UntilizeWithUnpaddingDeviceOperation,1,1655.0
2233344,,UntilizeWithUnpaddingDeviceOperation,1,1651.0
2239488,,UntilizeWithUnpaddingDeviceOperation,1,1651.0
701440,,ShardedToInterleavedDeviceOperation,24,1646.0
248832,,ShardedToInterleavedDeviceOperation,24,1642.0
309248,,ShardedToInterleavedDeviceOperation,32,1642.0
547840,,InterleavedToShardedDeviceOperation,32,1641.0
214016,,ShardedToInterleavedDeviceOperation,24,1639.0
166912,,ConcatDeviceOperation,4,1637.0
318464,,ShardedToInterleavedDeviceOperation,24,1633.0
373760,,InterleavedToShardedDeviceOperation,32,1630.0
1501184,1,ShardedToInterleavedDeviceOperation,32,1628.0
457728,,ShardedToInterleavedDeviceOperation,24,1626.0
692224,,ShardedToInterleavedDeviceOperation,32,1617.0
283648,,ShardedToInterleavedDeviceOperation,24,1609.0
666624,,ShardedToInterleavedDeviceOperation,24,1609.0
875520,,ShardedToInterleavedDeviceOperation,24,1605.0
736256,,ShardedToInterleavedDeviceOperation,24,1601.0
513024,,InterleavedToShardedDeviceOperation,32,1596.0
1104896,,InterleavedToShardedDeviceOperation,32,1587.0
1212416,1,RepeatDeviceOperation,64,1586.0
1049600,,ShardedToInterleavedDeviceOperation,24,1577.0
1737728,1,ShardedToInterleavedDeviceOperation,32,1577.0
1219584,1,ConcatDeviceOperation,4,1576.0
338944,,InterleavedToShardedDeviceOperation,32,1572.0
159744,,RepeatDeviceOperation,64,1572.0
1466368,1,ShardedToInterleavedDeviceOperation,32,1568.0
304128,,InterleavedToShardedDeviceOperation,32,1567.0
422912,,ShardedToInterleavedDeviceOperation,24,1561.0
492544,,ShardedToInterleavedDeviceOperation,24,1561.0
840704,,ShardedToInterleavedDeviceOperation,24,1561.0
631808,,ShardedToInterleavedDeviceOperation,24,1545.0
1424384,1,ShardedToInterleavedDeviceOperation,32,1545.0
771072,,ShardedToInterleavedDeviceOperation,24,1544.0
1842176,1,ShardedToInterleavedDeviceOperation,32,1541.0
910336,,ShardedToInterleavedDeviceOperation,24,1534.0
965632,,InterleavedToShardedDeviceOperation,32,1530.0
562176,,ShardedToInterleavedDeviceOperation,24,1529.0
527360,,ShardedToInterleavedDeviceOperation,24,1526.0
408576,,InterleavedToShardedDeviceOperation,32,1523.0
861184,,InterleavedToShardedDeviceOperation,32,1523.0
1203200,1,TypecastDeviceOperation,32,1522.0
1266688,1,ShardedToInterleavedDeviceOperation,24,1522.0
353280,,ShardedToInterleavedDeviceOperation,24,1521.0
1084416,,ShardedToInterleavedDeviceOperation,24,1521.0
1893376,1,ShardedToInterleavedDeviceOperation,24,1513.0
1292288,1,ShardedToInterleavedDeviceOperation,32,1506.0
179200,,InterleavedToShardedDeviceOperation,32,1505.0
188416,,InterleavedToShardedDeviceOperation,32,1499.0
234496,,InterleavedToShardedDeviceOperation,32,1498.0
478208,,InterleavedToShardedDeviceOperation,32,1488.0
443392,,InterleavedToShardedDeviceOperation,32,1471.0
1530880,1,InterleavedToShardedDeviceOperation,32,1468.0
896000,,InterleavedToShardedDeviceOperation,32,1467.0
1139712,,InterleavedToShardedDeviceOperation,32,1466.0
721920,,InterleavedToShardedDeviceOperation,32,1463.0
161792,,TypecastDeviceOperation,1,1459.0
582656,,InterleavedToShardedDeviceOperation,32,1455.0
791552,,InterleavedToShardedDeviceOperation,32,1442.0
652288,,InterleavedToShardedDeviceOperation,32,1439.0
269312,,InterleavedToShardedDeviceOperation,32,1433.0
687104,,InterleavedToShardedDeviceOperation,32,1431.0
1214464,1,TypecastDeviceOperation,1,1430.0
1035264,,InterleavedToShardedDeviceOperation,32,1423.0
1000448,,InterleavedToShardedDeviceOperation,32,1422.0
1241088,1,InterleavedToShardedDeviceOperation,32,1421.0
826368,,InterleavedToShardedDeviceOperation,32,1409.0
2206720,1,ShardedToInterleavedDeviceOperation,23,1399.0
930816,,InterleavedToShardedDeviceOperation,32,1398.0
1070080,,InterleavedToShardedDeviceOperation,32,1398.0
150528,,TypecastDeviceOperation,32,1390.0
1788928,1,ShardedToInterleavedDeviceOperation,24,1356.0
1858560,1,ShardedToInterleavedDeviceOperation,24,1321.0
1928192,1,ShardedToInterleavedDeviceOperation,24,1321.0
1754112,1,ShardedToInterleavedDeviceOperation,24,1306.0
1649664,1,ShardedToInterleavedDeviceOperation,24,1281.0
1231872,1,InterleavedToShardedDeviceOperation,32,1237.0
1997824,1,ShardedToInterleavedDeviceOperation,24,1233.0
1684480,1,ShardedToInterleavedDeviceOperation,24,1231.0
1405952,1,ShardedToInterleavedDeviceOperation,24,1218.0
2102272,1,ShardedToInterleavedDeviceOperation,24,1217.0
1440768,1,ShardedToInterleavedDeviceOperation,24,1210.0
2137088,1,ShardedToInterleavedDeviceOperation,24,1209.0
1336320,1,ShardedToInterleavedDeviceOperation,24,1202.0
2171904,1,ShardedToInterleavedDeviceOperation,24,1202.0
2067456,1,ShardedToInterleavedDeviceOperation,24,1201.0
2018304,1,InterleavedToShardedDeviceOperation,32,1200.0
1963008,1,ShardedToInterleavedDeviceOperation,24,1194.0
1823744,1,ShardedToInterleavedDeviceOperation,24,1184.0
1391616,1,InterleavedToShardedDeviceOperation,32,1169.0
1614848,1,ShardedToInterleavedDeviceOperation,24,1161.0
1719296,1,ShardedToInterleavedDeviceOperation,24,1145.0
1371136,1,ShardedToInterleavedDeviceOperation,24,1137.0
1207296,1,InterleavedToShardedDeviceOperation,48,1134.0
1844224,1,InterleavedToShardedDeviceOperation,32,1133.0
2032640,1,ShardedToInterleavedDeviceOperation,24,1121.0
1983488,1,InterleavedToShardedDeviceOperation,32,1113.0
154624,,InterleavedToShardedDeviceOperation,48,1104.0
2157568,1,InterleavedToShardedDeviceOperation,32,1101.0
1356800,1,InterleavedToShardedDeviceOperation,32,1091.0
2192384,1,InterleavedToShardedDeviceOperation,32,1091.0
1301504,1,ShardedToInterleavedDeviceOperation,24,1090.0
1580032,1,ShardedToInterleavedDeviceOperation,24,1073.0
1774592,1,InterleavedToShardedDeviceOperation,32,1072.0
1739776,1,InterleavedToShardedDeviceOperation,32,1071.0
1635328,1,InterleavedToShardedDeviceOperation,32,1069.0
1809408,1,InterleavedToShardedDeviceOperation,32,1060.0
1879040,1,InterleavedToShardedDeviceOperation,32,1046.0
1600512,1,InterleavedToShardedDeviceOperation,32,1037.0
1510400,1,ShardedToInterleavedDeviceOperation,24,1018.0
1704960,1,InterleavedToShardedDeviceOperation,32,1013.0
152576,,CopyDeviceOperation,1,994.0
1913856,1,InterleavedToShardedDeviceOperation,32,994.0
1545216,1,ShardedToInterleavedDeviceOperation,24,993.0
1565696,1,InterleavedToShardedDeviceOperation,32,981.0
2053120,1,InterleavedToShardedDeviceOperation,32,979.0
2122752,1,InterleavedToShardedDeviceOperation,32,977.0
1287168,1,InterleavedToShardedDeviceOperation,32,973.0
1321984,1,InterleavedToShardedDeviceOperation,32,960.0
1475584,1,ShardedToInterleavedDeviceOperation,24,935.0
139264,,ShardedToInterleavedDeviceOperation,1,929.0
133120,,ShardedToInterleavedDeviceOperation,1,928.0
2087936,1,InterleavedToShardedDeviceOperation,32,927.0
134144,,ShardedToInterleavedDeviceOperation,1,911.0
129024,,ShardedToInterleavedDeviceOperation,1,910.0
138240,,ShardedToInterleavedDeviceOperation,1,910.0
124928,,ShardedToInterleavedDeviceOperation,1,907.0
1199104,1,ShardedToInterleavedDeviceOperation,1,899.0
1496064,1,InterleavedToShardedDeviceOperation,32,882.0
1205248,1,CopyDeviceOperation,1,879.0
1202176,1,ShardedToInterleavedDeviceOperation,1,850.0
167936,,InterleavedToShardedDeviceOperation,4,847.0
145408,,ShardedToInterleavedDeviceOperation,1,846.0
1189888,1,ShardedToInterleavedDeviceOperation,1,846.0
1426432,1,InterleavedToShardedDeviceOperation,32,842.0
1177600,1,ShardedToInterleavedDeviceOperation,1,838.0
1186816,1,ShardedToInterleavedDeviceOperation,1,833.0
1180672,1,ShardedToInterleavedDeviceOperation,1,832.0
1183744,1,ShardedToInterleavedDeviceOperation,1,832.0
1196032,1,ShardedToInterleavedDeviceOperation,1,832.0
119808,,ShardedToInterleavedDeviceOperation,1,825.0
1192960,1,ShardedToInterleavedDeviceOperation,1,792.0
1220608,1,InterleavedToShardedDeviceOperation,4,781.0
1197056,1,ShardedToInterleavedDeviceOperation,1,755.0
1174528,1,ShardedToInterleavedDeviceOperation,1,750.0
1188864,1,ShardedToInterleavedDeviceOperation,1,748.0
144384,,ShardedToInterleavedDeviceOperation,1,747.0
1171456,1,ShardedToInterleavedDeviceOperation,1,747.0
1175552,1,ShardedToInterleavedDeviceOperation,1,747.0
1190912,1,ShardedToInterleavedDeviceOperation,1,747.0
1193984,1,ShardedToInterleavedDeviceOperation,1,747.0
1195008,1,ShardedToInterleavedDeviceOperation,1,747.0
1173504,1,ShardedToInterleavedDeviceOperation,1,746.0
1179648,1,ShardedToInterleavedDeviceOperation,1,746.0
1181696,1,ShardedToInterleavedDeviceOperation,1,746.0
1184768,1,ShardedToInterleavedDeviceOperation,1,746.0
135168,,ShardedToInterleavedDeviceOperation,1,745.0
125952,,ShardedToInterleavedDeviceOperation,1,744.0
137216,,ShardedToInterleavedDeviceOperation,1,744.0
149504,,ShardedToInterleavedDeviceOperation,1,744.0
1187840,1,ShardedToInterleavedDeviceOperation,1,744.0
132096,,ShardedToInterleavedDeviceOperation,1,743.0
143360,,ShardedToInterleavedDeviceOperation,1,743.0
1172480,1,ShardedToInterleavedDeviceOperation,1,742.0
1176576,1,ShardedToInterleavedDeviceOperation,1,742.0
1191936,1,ShardedToInterleavedDeviceOperation,1,742.0
126976,,ShardedToInterleavedDeviceOperation,1,741.0
118784,,ShardedToInterleavedDeviceOperation,1,739.0
140288,,ShardedToInterleavedDeviceOperation,1,737.0
120832,,ShardedToInterleavedDeviceOperation,1,736.0
128000,,ShardedToInterleavedDeviceOperation,1,736.0
141312,,ShardedToInterleavedDeviceOperation,1,736.0
1198080,1,ShardedToInterleavedDeviceOperation,1,736.0
131072,,ShardedToInterleavedDeviceOperation,1,735.0
136192,,ShardedToInterleavedDeviceOperation,1,735.0
146432,,ShardedToInterleavedDeviceOperation,1,735.0
1182720,1,ShardedToInterleavedDeviceOperation,1,735.0
121856,,ShardedToInterleavedDeviceOperation,1,734.0
122880,,ShardedToInterleavedDeviceOperation,1,734.0
130048,,ShardedToInterleavedDeviceOperation,1,734.0
142336,,ShardedToInterleavedDeviceOperation,1,734.0
1178624,1,ShardedToInterleavedDeviceOperation,1,734.0
1185792,1,ShardedToInterleavedDeviceOperation,1,734.0
123904,,ShardedToInterleavedDeviceOperation,1,729.0
171008,,InterleavedToShardedDeviceOperation,4,728.0
164864,,ShardedToInterleavedDeviceOperation,2,711.0
165888,,ShardedToInterleavedDeviceOperation,2,703.0
1223680,1,InterleavedToShardedDeviceOperation,4,696.0
1860608,1,BinaryNgDeviceOperation,64,634.0
2069504,1,BinaryNgDeviceOperation,64,623.0
1380352,1,BinaryNgDeviceOperation,64,620.0
1519616,1,BinaryNgDeviceOperation,64,620.0
1658880,1,BinaryNgDeviceOperation,64,620.0
1798144,1,BinaryNgDeviceOperation,64,620.0
1937408,1,BinaryNgDeviceOperation,64,620.0
2076672,1,BinaryNgDeviceOperation,64,620.0
1345536,1,BinaryNgDeviceOperation,64,618.0
1484800,1,BinaryNgDeviceOperation,64,618.0
2041856,1,BinaryNgDeviceOperation,64,618.0
2173952,1,BinaryNgDeviceOperation,64,617.0
1373184,1,BinaryNgDeviceOperation,64,616.0
1303552,1,BinaryNgDeviceOperation,64,614.0
1930240,1,BinaryNgDeviceOperation,64,614.0
1310720,1,BinaryNgDeviceOperation,64,613.0
1408000,1,BinaryNgDeviceOperation,64,613.0
1624064,1,BinaryNgDeviceOperation,64,613.0
1965056,1,BinaryNgDeviceOperation,64,613.0
1589248,1,BinaryNgDeviceOperation,64,612.0
1867776,1,BinaryNgDeviceOperation,64,612.0
2007040,1,BinaryNgDeviceOperation,64,612.0
2034688,1,BinaryNgDeviceOperation,64,612.0
2111488,1,BinaryNgDeviceOperation,64,612.0
2146304,1,BinaryNgDeviceOperation,64,612.0
1686528,1,BinaryNgDeviceOperation,64,611.0
1721344,1,BinaryNgDeviceOperation,64,611.0
1972224,1,BinaryNgDeviceOperation,64,611.0
2215936,1,BinaryNgDeviceOperation,63,611.0
1442816,1,BinaryNgDeviceOperation,64,610.0
1790976,1,BinaryNgDeviceOperation,64,610.0
1693696,1,BinaryNgDeviceOperation,64,609.0
1825792,1,BinaryNgDeviceOperation,64,609.0
1895424,1,BinaryNgDeviceOperation,64,609.0
1415168,1,BinaryNgDeviceOperation,64,608.0
1832960,1,BinaryNgDeviceOperation,64,608.0
2208768,1,BinaryNgDeviceOperation,63,607.0
1616896,1,BinaryNgDeviceOperation,64,606.0
2104320,1,BinaryNgDeviceOperation,64,606.0
1554432,1,BinaryNgDeviceOperation,64,605.0
1449984,1,BinaryNgDeviceOperation,64,604.0
1547264,1,BinaryNgDeviceOperation,64,604.0
1999872,1,BinaryNgDeviceOperation,64,604.0
1338368,1,BinaryNgDeviceOperation,64,603.0
1477632,1,BinaryNgDeviceOperation,64,601.0
1728512,1,BinaryNgDeviceOperation,64,601.0
1756160,1,BinaryNgDeviceOperation,64,601.0
1763328,1,BinaryNgDeviceOperation,64,600.0
2181120,1,BinaryNgDeviceOperation,64,600.0
1275904,1,BinaryNgDeviceOperation,64,599.0
1582080,1,BinaryNgDeviceOperation,64,599.0
1217536,1,ShardedToInterleavedDeviceOperation,2,595.0
1902592,1,BinaryNgDeviceOperation,64,594.0
1218560,1,ShardedToInterleavedDeviceOperation,2,593.0
654336,,ShardedToInterleavedDeviceOperation,4,591.0
717824,,ShardedToInterleavedDeviceOperation,4,591.0
758784,,ShardedToInterleavedDeviceOperation,4,591.0
794624,,ShardedToInterleavedDeviceOperation,4,591.0
613376,,ShardedToInterleavedDeviceOperation,4,590.0
926720,,ShardedToInterleavedDeviceOperation,4,590.0
265216,,ShardedToInterleavedDeviceOperation,4,589.0
403456,,ShardedToInterleavedDeviceOperation,4,589.0
1065984,,ShardedToInterleavedDeviceOperation,4,589.0
1512448,1,BinaryNgDeviceOperation,64,589.0
342016,,ShardedToInterleavedDeviceOperation,4,588.0
515072,,ShardedToInterleavedDeviceOperation,4,588.0
542720,,ShardedToInterleavedDeviceOperation,4,588.0
967680,,ShardedToInterleavedDeviceOperation,4,587.0
2139136,1,BinaryNgDeviceOperation,64,587.0
1651712,1,BinaryNgDeviceOperation,64,584.0
175104,,ShardedToInterleavedDeviceOperation,4,583.0
191488,,ShardedToInterleavedDeviceOperation,4,583.0
272384,,ShardedToInterleavedDeviceOperation,4,583.0
334848,,ShardedToInterleavedDeviceOperation,4,583.0
368640,,ShardedToInterleavedDeviceOperation,4,583.0
481280,,ShardedToInterleavedDeviceOperation,4,583.0
543744,,ShardedToInterleavedDeviceOperation,4,583.0
620544,,ShardedToInterleavedDeviceOperation,4,583.0
689152,,ShardedToInterleavedDeviceOperation,4,583.0
829440,,ShardedToInterleavedDeviceOperation,4,583.0
857088,,ShardedToInterleavedDeviceOperation,4,583.0
863232,,ShardedToInterleavedDeviceOperation,4,583.0
968704,,ShardedToInterleavedDeviceOperation,4,583.0
1099776,,ShardedToInterleavedDeviceOperation,4,583.0
1107968,,ShardedToInterleavedDeviceOperation,4,583.0
787456,,ShardedToInterleavedDeviceOperation,4,582.0
230400,,ShardedToInterleavedDeviceOperation,4,581.0
716800,,ShardedToInterleavedDeviceOperation,4,581.0
174080,,ShardedToInterleavedDeviceOperation,4,580.0
333824,,ShardedToInterleavedDeviceOperation,4,580.0
933888,,ShardedToInterleavedDeviceOperation,4,580.0
1038336,,ShardedToInterleavedDeviceOperation,4,580.0
183296,,ShardedToInterleavedDeviceOperation,4,578.0
681984,,ShardedToInterleavedDeviceOperation,4,576.0
856064,,ShardedToInterleavedDeviceOperation,4,576.0
1560576,1,ShardedToInterleavedDeviceOperation,4,576.0
271360,,ShardedToInterleavedDeviceOperation,4,575.0
369664,,ShardedToInterleavedDeviceOperation,4,575.0
375808,,ShardedToInterleavedDeviceOperation,4,575.0
411648,,ShardedToInterleavedDeviceOperation,4,575.0
445440,,ShardedToInterleavedDeviceOperation,4,575.0
550912,,ShardedToInterleavedDeviceOperation,4,575.0
724992,,ShardedToInterleavedDeviceOperation,4,575.0
759808,,ShardedToInterleavedDeviceOperation,4,575.0
1073152,,ShardedToInterleavedDeviceOperation,4,575.0
1630208,1,ShardedToInterleavedDeviceOperation,4,575.0
229376,,ShardedToInterleavedDeviceOperation,4,574.0
549888,,ShardedToInterleavedDeviceOperation,4,574.0
648192,,ShardedToInterleavedDeviceOperation,4,574.0
300032,,ShardedToInterleavedDeviceOperation,4,573.0
404480,,ShardedToInterleavedDeviceOperation,4,573.0
474112,,ShardedToInterleavedDeviceOperation,4,573.0
507904,,ShardedToInterleavedDeviceOperation,4,573.0
821248,,ShardedToInterleavedDeviceOperation,4,573.0
822272,,ShardedToInterleavedDeviceOperation,4,573.0
1002496,,ShardedToInterleavedDeviceOperation,4,573.0
1141760,,ShardedToInterleavedDeviceOperation,4,573.0
751616,,ShardedToInterleavedDeviceOperation,4,572.0
996352,,ShardedToInterleavedDeviceOperation,4,571.0
1351680,1,ShardedToInterleavedDeviceOperation,4,570.0
1568768,1,ShardedToInterleavedDeviceOperation,4,569.0
473088,,ShardedToInterleavedDeviceOperation,4,567.0
612352,,ShardedToInterleavedDeviceOperation,4,567.0
752640,,ShardedToInterleavedDeviceOperation,4,567.0
786432,,ShardedToInterleavedDeviceOperation,4,567.0
828416,,ShardedToInterleavedDeviceOperation,4,567.0
864256,,ShardedToInterleavedDeviceOperation,4,567.0
961536,,ShardedToInterleavedDeviceOperation,4,567.0
1003520,,ShardedToInterleavedDeviceOperation,4,567.0
1030144,,ShardedToInterleavedDeviceOperation,4,567.0
1106944,,ShardedToInterleavedDeviceOperation,4,567.0
340992,,ShardedToInterleavedDeviceOperation,4,566.0
1387520,1,ShardedToInterleavedDeviceOperation,4,566.0
1561600,1,ShardedToInterleavedDeviceOperation,4,566.0
1986560,1,ShardedToInterleavedDeviceOperation,4,566.0
577536,,ShardedToInterleavedDeviceOperation,4,565.0
1665024,1,ShardedToInterleavedDeviceOperation,4,564.0
438272,,ShardedToInterleavedDeviceOperation,4,563.0
1064960,,ShardedToInterleavedDeviceOperation,4,563.0
2089984,1,ShardedToInterleavedDeviceOperation,4,563.0
1499136,1,ShardedToInterleavedDeviceOperation,4,561.0
1637376,1,ShardedToInterleavedDeviceOperation,4,560.0
1915904,1,ShardedToInterleavedDeviceOperation,4,560.0
299008,,ShardedToInterleavedDeviceOperation,4,559.0
307200,,ShardedToInterleavedDeviceOperation,4,559.0
508928,,ShardedToInterleavedDeviceOperation,4,559.0
584704,,ShardedToInterleavedDeviceOperation,4,559.0
647168,,ShardedToInterleavedDeviceOperation,4,559.0
655360,,ShardedToInterleavedDeviceOperation,4,559.0
1100800,,ShardedToInterleavedDeviceOperation,4,559.0
1134592,,ShardedToInterleavedDeviceOperation,4,559.0
1142784,,ShardedToInterleavedDeviceOperation,4,559.0
1421312,1,ShardedToInterleavedDeviceOperation,4,559.0
1567744,1,ShardedToInterleavedDeviceOperation,4,559.0
1734656,1,ShardedToInterleavedDeviceOperation,4,559.0
1741824,1,ShardedToInterleavedDeviceOperation,4,559.0
306176,,ShardedToInterleavedDeviceOperation,4,558.0
1316864,1,ShardedToInterleavedDeviceOperation,4,558.0
1359872,1,ShardedToInterleavedDeviceOperation,4,558.0
1428480,1,ShardedToInterleavedDeviceOperation,4,558.0
1463296,1,ShardedToInterleavedDeviceOperation,4,558.0
1526784,1,ShardedToInterleavedDeviceOperation,4,558.0
1699840,1,ShardedToInterleavedDeviceOperation,4,557.0
1874944,1,ShardedToInterleavedDeviceOperation,4,557.0
2152448,1,ShardedToInterleavedDeviceOperation,4,557.0
446464,,ShardedToInterleavedDeviceOperation,4,556.0
1289216,1,ShardedToInterleavedDeviceOperation,4,556.0
1533952,1,ShardedToInterleavedDeviceOperation,4,556.0
1776640,1,ShardedToInterleavedDeviceOperation,4,556.0
1908736,1,ShardedToInterleavedDeviceOperation,4,556.0
1243136,1,ShardedToInterleavedDeviceOperation,4,555.0
1708032,1,ShardedToInterleavedDeviceOperation,4,555.0
1847296,1,ShardedToInterleavedDeviceOperation,4,555.0
1943552,1,ShardedToInterleavedDeviceOperation,4,555.0
2194432,1,ShardedToInterleavedDeviceOperation,3,555.0
1386496,1,ShardedToInterleavedDeviceOperation,4,554.0
2048000,1,ShardedToInterleavedDeviceOperation,4,554.0
1839104,1,ShardedToInterleavedDeviceOperation,4,553.0
1909760,1,ShardedToInterleavedDeviceOperation,4,553.0
2049024,1,ShardedToInterleavedDeviceOperation,4,553.0
2056192,1,ShardedToInterleavedDeviceOperation,4,553.0
2159616,1,ShardedToInterleavedDeviceOperation,4,553.0
1700864,1,ShardedToInterleavedDeviceOperation,4,552.0
1804288,1,ShardedToInterleavedDeviceOperation,4,552.0
2013184,1,ShardedToInterleavedDeviceOperation,4,552.0
2055168,1,ShardedToInterleavedDeviceOperation,4,552.0
376832,,ShardedToInterleavedDeviceOperation,4,551.0
793600,,ShardedToInterleavedDeviceOperation,4,551.0
890880,,ShardedToInterleavedDeviceOperation,4,551.0
891904,,ShardedToInterleavedDeviceOperation,4,551.0
899072,,ShardedToInterleavedDeviceOperation,4,551.0
1324032,1,ShardedToInterleavedDeviceOperation,4,551.0
1358848,1,ShardedToInterleavedDeviceOperation,4,551.0
1490944,1,ShardedToInterleavedDeviceOperation,4,551.0
1672192,1,ShardedToInterleavedDeviceOperation,4,551.0
1805312,1,ShardedToInterleavedDeviceOperation,4,551.0
1811456,1,ShardedToInterleavedDeviceOperation,4,551.0
1950720,1,ShardedToInterleavedDeviceOperation,4,551.0
1978368,1,ShardedToInterleavedDeviceOperation,4,551.0
1985536,1,ShardedToInterleavedDeviceOperation,4,551.0
2020352,1,ShardedToInterleavedDeviceOperation,4,551.0
2082816,1,ShardedToInterleavedDeviceOperation,4,551.0
1282048,1,ShardedToInterleavedDeviceOperation,4,550.0
1595392,1,ShardedToInterleavedDeviceOperation,4,550.0
1602560,1,ShardedToInterleavedDeviceOperation,4,550.0
1707008,1,ShardedToInterleavedDeviceOperation,4,550.0
1873920,1,ShardedToInterleavedDeviceOperation,4,550.0
480256,,ShardedToInterleavedDeviceOperation,4,549.0
898048,,ShardedToInterleavedDeviceOperation,4,549.0
1037312,,ShardedToInterleavedDeviceOperation,4,549.0
1532928,1,ShardedToInterleavedDeviceOperation,4,549.0
1596416,1,ShardedToInterleavedDeviceOperation,4,549.0
1135616,,ShardedToInterleavedDeviceOperation,4,548.0
1769472,1,ShardedToInterleavedDeviceOperation,4,548.0
2117632,1,ShardedToInterleavedDeviceOperation,4,548.0
2160640,1,ShardedToInterleavedDeviceOperation,4,548.0
1429504,1,ShardedToInterleavedDeviceOperation,4,547.0
1456128,1,ShardedToInterleavedDeviceOperation,4,547.0
1525760,1,ShardedToInterleavedDeviceOperation,4,547.0
1846272,1,ShardedToInterleavedDeviceOperation,4,547.0
2124800,1,ShardedToInterleavedDeviceOperation,4,547.0
2187264,1,ShardedToInterleavedDeviceOperation,4,547.0
1393664,1,ShardedToInterleavedDeviceOperation,4,546.0
1881088,1,ShardedToInterleavedDeviceOperation,4,546.0
1979392,1,ShardedToInterleavedDeviceOperation,4,546.0
236544,,ShardedToInterleavedDeviceOperation,4,545.0
1352704,1,ShardedToInterleavedDeviceOperation,4,545.0
1491968,1,ShardedToInterleavedDeviceOperation,4,545.0
1498112,1,ShardedToInterleavedDeviceOperation,4,545.0
1631232,1,ShardedToInterleavedDeviceOperation,4,545.0
1742848,1,ShardedToInterleavedDeviceOperation,4,545.0
1840128,1,ShardedToInterleavedDeviceOperation,4,545.0
410624,,ShardedToInterleavedDeviceOperation,4,543.0
619520,,ShardedToInterleavedDeviceOperation,4,543.0
690176,,ShardedToInterleavedDeviceOperation,4,543.0
1244160,1,ShardedToInterleavedDeviceOperation,4,543.0
1603584,1,ShardedToInterleavedDeviceOperation,4,542.0
1735680,1,ShardedToInterleavedDeviceOperation,4,542.0
1812480,1,ShardedToInterleavedDeviceOperation,4,542.0
439296,,ShardedToInterleavedDeviceOperation,4,541.0
1325056,1,ShardedToInterleavedDeviceOperation,4,541.0
1464320,1,ShardedToInterleavedDeviceOperation,4,541.0
2153472,1,ShardedToInterleavedDeviceOperation,4,541.0
2188288,1,ShardedToInterleavedDeviceOperation,4,541.0
2118656,1,ShardedToInterleavedDeviceOperation,4,540.0
1290240,1,ShardedToInterleavedDeviceOperation,4,539.0
1422336,1,ShardedToInterleavedDeviceOperation,4,539.0
1770496,1,ShardedToInterleavedDeviceOperation,4,539.0
1882112,1,ShardedToInterleavedDeviceOperation,4,539.0
1944576,1,ShardedToInterleavedDeviceOperation,4,539.0
2021376,1,ShardedToInterleavedDeviceOperation,4,539.0
2083840,1,ShardedToInterleavedDeviceOperation,4,539.0
2091008,1,ShardedToInterleavedDeviceOperation,4,539.0
1394688,1,ShardedToInterleavedDeviceOperation,4,538.0
1638400,1,ShardedToInterleavedDeviceOperation,4,537.0
1777664,1,ShardedToInterleavedDeviceOperation,4,537.0
1951744,1,ShardedToInterleavedDeviceOperation,4,537.0
2014208,1,ShardedToInterleavedDeviceOperation,4,537.0
529408,,BinaryNgDeviceOperation,64,536.0
578560,,ShardedToInterleavedDeviceOperation,4,536.0
585728,,ShardedToInterleavedDeviceOperation,4,536.0
932864,,ShardedToInterleavedDeviceOperation,4,536.0
264192,,ShardedToInterleavedDeviceOperation,4,535.0
1673216,1,ShardedToInterleavedDeviceOperation,4,535.0
1283072,1,ShardedToInterleavedDeviceOperation,4,534.0
1666048,1,ShardedToInterleavedDeviceOperation,4,534.0
2125824,1,ShardedToInterleavedDeviceOperation,4,534.0
2195456,1,ShardedToInterleavedDeviceOperation,3,534.0
190464,,ShardedToInterleavedDeviceOperation,4,533.0
683008,,ShardedToInterleavedDeviceOperation,4,533.0
1317888,1,ShardedToInterleavedDeviceOperation,4,533.0
237568,,ShardedToInterleavedDeviceOperation,4,532.0
1457152,1,ShardedToInterleavedDeviceOperation,4,532.0
1916928,1,ShardedToInterleavedDeviceOperation,4,532.0
1227776,1,ShardedToInterleavedDeviceOperation,4,531.0
1235968,1,ShardedToInterleavedDeviceOperation,4,530.0
723968,,ShardedToInterleavedDeviceOperation,4,527.0
925696,,ShardedToInterleavedDeviceOperation,4,527.0
960512,,ShardedToInterleavedDeviceOperation,4,527.0
995328,,ShardedToInterleavedDeviceOperation,4,527.0
1031168,,ShardedToInterleavedDeviceOperation,4,527.0
1072128,,ShardedToInterleavedDeviceOperation,4,527.0
516096,,ShardedToInterleavedDeviceOperation,4,525.0
1163264,,BinaryNgDeviceOperation,64,525.0
1226752,1,ShardedToInterleavedDeviceOperation,4,520.0
606208,,BinaryNgDeviceOperation,64,519.0
745472,,BinaryNgDeviceOperation,64,506.0
397312,,BinaryNgDeviceOperation,64,503.0
355328,,BinaryNgDeviceOperation,64,502.0
710656,,BinaryNgDeviceOperation,64,501.0
773120,,BinaryNgDeviceOperation,64,498.0
954368,,BinaryNgDeviceOperation,64,498.0
466944,,BinaryNgDeviceOperation,64,496.0
599040,,BinaryNgDeviceOperation,64,496.0
1016832,,BinaryNgDeviceOperation,64,496.0
292864,,BinaryNgDeviceOperation,64,494.0
564224,,BinaryNgDeviceOperation,64,494.0
982016,,BinaryNgDeviceOperation,64,494.0
989184,,BinaryNgDeviceOperation,64,493.0
327680,,BinaryNgDeviceOperation,64,490.0
432128,,BinaryNgDeviceOperation,64,487.0
738304,,BinaryNgDeviceOperation,64,487.0
675840,,BinaryNgDeviceOperation,64,486.0
362496,,BinaryNgDeviceOperation,64,485.0
1093632,,BinaryNgDeviceOperation,64,485.0
223232,,BinaryNgDeviceOperation,64,484.0
258048,,BinaryNgDeviceOperation,64,484.0
320512,,BinaryNgDeviceOperation,64,483.0
884736,,BinaryNgDeviceOperation,64,483.0
912384,,BinaryNgDeviceOperation,64,483.0
390144,,BinaryNgDeviceOperation,64,482.0
815104,,BinaryNgDeviceOperation,64,482.0
1121280,,BinaryNgDeviceOperation,64,481.0
1156096,,BinaryNgDeviceOperation,64,481.0
459776,,BinaryNgDeviceOperation,64,480.0
842752,,BinaryNgDeviceOperation,64,480.0
494592,,BinaryNgDeviceOperation,64,478.0
849920,,BinaryNgDeviceOperation,64,478.0
536576,,BinaryNgDeviceOperation,64,477.0
1051648,,BinaryNgDeviceOperation,64,477.0
703488,,BinaryNgDeviceOperation,64,476.0
250880,,BinaryNgDeviceOperation,64,475.0
633856,,BinaryNgDeviceOperation,64,475.0
1128448,,BinaryNgDeviceOperation,64,475.0
571392,,BinaryNgDeviceOperation,64,474.0
668672,,BinaryNgDeviceOperation,64,474.0
780288,,BinaryNgDeviceOperation,64,474.0
947200,,BinaryNgDeviceOperation,64,474.0
807936,,BinaryNgDeviceOperation,64,473.0
285696,,BinaryNgDeviceOperation,64,472.0
424960,,BinaryNgDeviceOperation,64,472.0
1058816,,BinaryNgDeviceOperation,64,472.0
1086464,,BinaryNgDeviceOperation,64,472.0
877568,,BinaryNgDeviceOperation,64,468.0
919552,,BinaryNgDeviceOperation,64,468.0
641024,,BinaryNgDeviceOperation,64,465.0
1024000,,BinaryNgDeviceOperation,64,464.0
501760,,BinaryNgDeviceOperation,64,463.0
