op_id,replay,op_name,cores,duration_ns
1295360,,ArgMaxDeviceOperation,64,710404.0
2393088,1,ArgMaxDeviceOperation,60,708296.0
1292288,,MatmulDeviceOperation,64,686006.0
2390016,1,MatmulDeviceOperation,60,685248.0
2386944,1,MatmulDeviceOperation,60,305653.0
1126400,,MatmulDeviceOperation,64,305642.0
1398784,1,MatmulDeviceOperation,64,305601.0
876544,,MatmulDeviceOperation,64,305133.0
1652736,1,MatmulDeviceOperation,64,305080.0
1498112,1,MatmulDeviceOperation,64,304881.0
840704,,MatmulDeviceOperation,64,304561.0
1402880,1,MatmulDeviceOperation,64,304355.0
971776,,MatmulDeviceOperation,64,304242.0
1158144,,MatmulDeviceOperation,64,303835.0
2097152,1,MatmulDeviceOperation,64,303713.0
654336,,MatmulDeviceOperation,64,303608.0
813056,,MatmulDeviceOperation,64,303573.0
1094656,,MatmulDeviceOperation,64,303467.0
2196480,1,MatmulDeviceOperation,64,303426.0
2001920,1,MatmulDeviceOperation,64,303403.0
463872,,MatmulDeviceOperation,64,303323.0
745472,,MatmulDeviceOperation,64,303274.0
2287616,1,MatmulDeviceOperation,64,303222.0
681984,,MatmulDeviceOperation,64,303096.0
1462272,1,MatmulDeviceOperation,64,303093.0
1589248,1,MatmulDeviceOperation,64,303085.0
1494016,1,MatmulDeviceOperation,64,303006.0
1974272,1,MatmulDeviceOperation,64,302981.0
1938432,1,MatmulDeviceOperation,64,302944.0
1525760,1,MatmulDeviceOperation,64,302927.0
459776,,MatmulDeviceOperation,64,302921.0
1253376,,MatmulDeviceOperation,64,302896.0
396288,,MatmulDeviceOperation,64,302894.0
1434624,1,MatmulDeviceOperation,64,302883.0
1747968,1,MatmulDeviceOperation,64,302864.0
301056,,MatmulDeviceOperation,64,302860.0
781312,,MatmulDeviceOperation,64,302738.0
1779712,1,MatmulDeviceOperation,64,302704.0
2192384,1,MatmulDeviceOperation,64,302693.0
908288,,MatmulDeviceOperation,64,302648.0
1716224,1,MatmulDeviceOperation,64,302639.0
2224128,1,MatmulDeviceOperation,64,302508.0
808960,,MatmulDeviceOperation,64,302499.0
1942528,1,MatmulDeviceOperation,64,302467.0
555008,,MatmulDeviceOperation,64,302398.0
1289216,,MatmulDeviceOperation,64,302359.0
1811456,1,MatmulDeviceOperation,64,302319.0
2259968,1,MatmulDeviceOperation,64,302300.0
777216,,MatmulDeviceOperation,64,302290.0
1625088,1,MatmulDeviceOperation,64,302270.0
2382848,1,MatmulDeviceOperation,60,302228.0
1561600,1,MatmulDeviceOperation,64,302216.0
432128,,MatmulDeviceOperation,64,302171.0
1130496,,MatmulDeviceOperation,64,302167.0
713728,,MatmulDeviceOperation,64,302141.0
1783808,1,MatmulDeviceOperation,64,302135.0
1843200,1,MatmulDeviceOperation,64,302117.0
935936,,MatmulDeviceOperation,64,302083.0
1688576,1,MatmulDeviceOperation,64,302067.0
428032,,MatmulDeviceOperation,64,302065.0
1970176,1,MatmulDeviceOperation,64,302052.0
1684480,1,MatmulDeviceOperation,64,302003.0
1067008,,MatmulDeviceOperation,64,301980.0
523264,,MatmulDeviceOperation,64,301978.0
332800,,MatmulDeviceOperation,64,301976.0
1752064,1,MatmulDeviceOperation,64,301899.0
495616,,MatmulDeviceOperation,64,301876.0
967680,,MatmulDeviceOperation,64,301864.0
586752,,MatmulDeviceOperation,64,301848.0
2319360,1,MatmulDeviceOperation,64,301847.0
1221632,,MatmulDeviceOperation,64,301843.0
1620992,1,MatmulDeviceOperation,64,301811.0
2291712,1,MatmulDeviceOperation,64,301811.0
2164736,1,MatmulDeviceOperation,64,301784.0
650240,,MatmulDeviceOperation,64,301768.0
364544,,MatmulDeviceOperation,64,301694.0
2065408,1,MatmulDeviceOperation,64,301633.0
1874944,1,MatmulDeviceOperation,64,301621.0
2355200,1,MatmulDeviceOperation,63,301599.0
1193984,,MatmulDeviceOperation,64,301563.0
2255872,1,MatmulDeviceOperation,64,301527.0
1430528,1,MatmulDeviceOperation,64,301429.0
622592,,MatmulDeviceOperation,64,301405.0
368640,,MatmulDeviceOperation,64,301400.0
1062912,,MatmulDeviceOperation,64,301380.0
2033664,1,MatmulDeviceOperation,64,301370.0
590848,,MatmulDeviceOperation,64,301366.0
527360,,MatmulDeviceOperation,64,301340.0
491520,,MatmulDeviceOperation,64,301293.0
1285120,,MatmulDeviceOperation,64,301290.0
904192,,MatmulDeviceOperation,64,301273.0
2128896,1,MatmulDeviceOperation,64,301258.0
999424,,MatmulDeviceOperation,64,301189.0
1189888,,MatmulDeviceOperation,64,300994.0
2351104,1,MatmulDeviceOperation,63,300981.0
1162240,,MatmulDeviceOperation,64,300978.0
336896,,MatmulDeviceOperation,64,300977.0
618496,,MatmulDeviceOperation,64,300934.0
1656832,1,MatmulDeviceOperation,64,300898.0
844800,,MatmulDeviceOperation,64,300834.0
2069504,1,MatmulDeviceOperation,64,300830.0
1031168,,MatmulDeviceOperation,64,300768.0
1593344,1,MatmulDeviceOperation,64,300726.0
1529856,1,MatmulDeviceOperation,64,300714.0
1557504,1,MatmulDeviceOperation,64,300693.0
686080,,MatmulDeviceOperation,64,300557.0
2037760,1,MatmulDeviceOperation,64,300516.0
2101248,1,MatmulDeviceOperation,64,300500.0
1035264,,MatmulDeviceOperation,64,300451.0
2160640,1,MatmulDeviceOperation,64,300446.0
1257472,,MatmulDeviceOperation,64,300403.0
1720320,1,MatmulDeviceOperation,64,300387.0
872448,,MatmulDeviceOperation,64,300334.0
1003520,,MatmulDeviceOperation,64,300298.0
2228224,1,MatmulDeviceOperation,64,300274.0
1847296,1,MatmulDeviceOperation,64,300133.0
940032,,MatmulDeviceOperation,64,300005.0
400384,,MatmulDeviceOperation,64,299980.0
1879040,1,MatmulDeviceOperation,64,299743.0
1466368,1,MatmulDeviceOperation,64,299727.0
559104,,MatmulDeviceOperation,64,299705.0
1906688,1,MatmulDeviceOperation,64,299600.0
2006016,1,MatmulDeviceOperation,64,299568.0
305152,,MatmulDeviceOperation,64,299371.0
749568,,MatmulDeviceOperation,64,299159.0
2132992,1,MatmulDeviceOperation,64,299157.0
1910784,1,MatmulDeviceOperation,64,299051.0
1815552,1,MatmulDeviceOperation,64,299039.0
1225728,,MatmulDeviceOperation,64,299010.0
1098752,,MatmulDeviceOperation,64,298819.0
2323456,1,MatmulDeviceOperation,63,298784.0
717824,,MatmulDeviceOperation,64,298420.0
841728,,MatmulDeviceOperation,64,295223.0
714752,,MatmulDeviceOperation,64,294986.0
1063936,,MatmulDeviceOperation,64,294106.0
587776,,MatmulDeviceOperation,64,293719.0
2161664,1,MatmulDeviceOperation,64,293442.0
2034688,1,MatmulDeviceOperation,64,293310.0
2256896,1,MatmulDeviceOperation,64,293308.0
1748992,1,MatmulDeviceOperation,64,293253.0
1495040,1,MatmulDeviceOperation,64,293212.0
2225152,1,MatmulDeviceOperation,64,293091.0
492544,,MatmulDeviceOperation,64,292983.0
2288640,1,MatmulDeviceOperation,64,292643.0
1286144,,MatmulDeviceOperation,64,292528.0
1190912,,MatmulDeviceOperation,64,292421.0
1622016,1,MatmulDeviceOperation,64,292413.0
556032,,MatmulDeviceOperation,64,292341.0
905216,,MatmulDeviceOperation,64,292274.0
460800,,MatmulDeviceOperation,64,292220.0
1032192,,MatmulDeviceOperation,64,292083.0
1526784,1,MatmulDeviceOperation,64,292022.0
333824,,MatmulDeviceOperation,64,291982.0
683008,,MatmulDeviceOperation,64,291836.0
778240,,MatmulDeviceOperation,64,291748.0
2193408,1,MatmulDeviceOperation,64,291705.0
1159168,,MatmulDeviceOperation,64,291683.0
1780736,1,MatmulDeviceOperation,64,291680.0
1590272,1,MatmulDeviceOperation,64,291463.0
746496,,MatmulDeviceOperation,64,291442.0
524288,,MatmulDeviceOperation,64,291382.0
1000448,,MatmulDeviceOperation,64,291354.0
1971200,1,MatmulDeviceOperation,64,291194.0
1653760,1,MatmulDeviceOperation,64,291193.0
365568,,MatmulDeviceOperation,64,291049.0
2066432,1,MatmulDeviceOperation,64,291037.0
651264,,MatmulDeviceOperation,64,291016.0
2002944,1,MatmulDeviceOperation,64,291000.0
1463296,1,MatmulDeviceOperation,64,290985.0
936960,,MatmulDeviceOperation,64,290820.0
1875968,1,MatmulDeviceOperation,64,290740.0
1222656,,MatmulDeviceOperation,64,290685.0
809984,,MatmulDeviceOperation,64,290652.0
873472,,MatmulDeviceOperation,64,290478.0
1685504,1,MatmulDeviceOperation,64,290403.0
2098176,1,MatmulDeviceOperation,64,290393.0
619520,,MatmulDeviceOperation,64,290373.0
2352128,1,MatmulDeviceOperation,63,290355.0
1844224,1,MatmulDeviceOperation,64,290285.0
2383872,1,MatmulDeviceOperation,60,290254.0
1127424,,MatmulDeviceOperation,64,290212.0
1717248,1,MatmulDeviceOperation,64,290172.0
1254400,,MatmulDeviceOperation,64,290155.0
1939456,1,MatmulDeviceOperation,64,290103.0
1558528,1,MatmulDeviceOperation,64,290094.0
1907712,1,MatmulDeviceOperation,64,290071.0
429056,,MatmulDeviceOperation,64,290028.0
1812480,1,MatmulDeviceOperation,64,289935.0
1095680,,MatmulDeviceOperation,64,289922.0
302080,,MatmulDeviceOperation,64,289851.0
397312,,MatmulDeviceOperation,64,289778.0
968704,,MatmulDeviceOperation,64,289668.0
1431552,1,MatmulDeviceOperation,64,289626.0
2320384,1,MatmulDeviceOperation,63,289381.0
1399808,1,MatmulDeviceOperation,64,289274.0
2129920,1,MatmulDeviceOperation,64,288674.0
1723392,1,MatmulDeviceOperation,64,129990.0
562176,,MatmulDeviceOperation,64,129867.0
2009088,1,MatmulDeviceOperation,64,129735.0
1850368,1,MatmulDeviceOperation,64,129433.0
2167808,1,MatmulDeviceOperation,64,128782.0
784384,,MatmulDeviceOperation,64,128588.0
1501184,1,MatmulDeviceOperation,64,128487.0
625664,,MatmulDeviceOperation,64,128380.0
2231296,1,MatmulDeviceOperation,64,128245.0
339968,,MatmulDeviceOperation,64,128150.0
435200,,MatmulDeviceOperation,64,128149.0
2263040,1,MatmulDeviceOperation,64,128127.0
1437696,1,MatmulDeviceOperation,64,127906.0
1977344,1,MatmulDeviceOperation,64,127838.0
1228800,,MatmulDeviceOperation,64,127821.0
1070080,,MatmulDeviceOperation,64,127507.0
689152,,MatmulDeviceOperation,64,127356.0
2136064,1,MatmulDeviceOperation,64,127286.0
1038336,,MatmulDeviceOperation,64,127138.0
974848,,MatmulDeviceOperation,64,127046.0
943104,,MatmulDeviceOperation,64,126877.0
2326528,1,MatmulDeviceOperation,63,126144.0
1659904,1,MatmulDeviceOperation,64,124901.0
1101824,,MatmulDeviceOperation,64,124630.0
1596416,1,MatmulDeviceOperation,64,124501.0
371712,,MatmulDeviceOperation,64,124355.0
2358272,1,MatmulDeviceOperation,63,124047.0
1818624,1,MatmulDeviceOperation,64,123836.0
1691648,1,MatmulDeviceOperation,64,123799.0
2199552,1,MatmulDeviceOperation,64,123770.0
1165312,,MatmulDeviceOperation,64,123643.0
2294784,1,MatmulDeviceOperation,64,123544.0
1340416,1,MatmulDeviceOperation,64,123533.0
2072576,1,MatmulDeviceOperation,64,123425.0
242688,,MatmulDeviceOperation,64,123154.0
1786880,1,MatmulDeviceOperation,64,123152.0
1913856,1,MatmulDeviceOperation,64,123142.0
657408,,MatmulDeviceOperation,64,123101.0
1755136,1,MatmulDeviceOperation,64,122890.0
1469440,1,MatmulDeviceOperation,64,122884.0
1628160,1,MatmulDeviceOperation,64,122873.0
1564672,1,MatmulDeviceOperation,64,122826.0
530432,,MatmulDeviceOperation,64,122818.0
1532928,1,MatmulDeviceOperation,64,122776.0
847872,,MatmulDeviceOperation,64,122775.0
1006592,,MatmulDeviceOperation,64,122764.0
1945600,1,MatmulDeviceOperation,64,122763.0
752640,,MatmulDeviceOperation,64,122724.0
2104320,1,MatmulDeviceOperation,64,122723.0
2040832,1,MatmulDeviceOperation,64,122662.0
466944,,MatmulDeviceOperation,64,122649.0
1260544,,MatmulDeviceOperation,64,122580.0
1882112,1,MatmulDeviceOperation,64,122448.0
308224,,MatmulDeviceOperation,64,122441.0
911360,,MatmulDeviceOperation,64,122435.0
1405952,1,MatmulDeviceOperation,64,122435.0
593920,,MatmulDeviceOperation,64,122376.0
1133568,,MatmulDeviceOperation,64,122158.0
403456,,MatmulDeviceOperation,64,122036.0
879616,,MatmulDeviceOperation,64,122011.0
498688,,MatmulDeviceOperation,64,121877.0
720896,,MatmulDeviceOperation,64,121804.0
1197056,,MatmulDeviceOperation,64,121523.0
816128,,MatmulDeviceOperation,64,121291.0
26624,,TilizeDeviceOperation,64,101573.0
182272,,TilizeDeviceOperation,64,99676.0
100352,,TilizeDeviceOperation,64,99392.0
22528,,TilizeDeviceOperation,64,98869.0
188416,,TilizeDeviceOperation,64,98685.0
4096,,TilizeDeviceOperation,64,98572.0
192512,,TilizeDeviceOperation,64,98395.0
51200,,TilizeDeviceOperation,64,98260.0
118784,,TilizeDeviceOperation,64,98193.0
16384,,TilizeDeviceOperation,64,98190.0
94208,,TilizeDeviceOperation,64,98150.0
77824,,TilizeDeviceOperation,64,98098.0
34816,,TilizeDeviceOperation,64,98091.0
90112,,TilizeDeviceOperation,64,97958.0
143360,,TilizeDeviceOperation,64,97929.0
63488,,TilizeDeviceOperation,64,97902.0
57344,,TilizeDeviceOperation,64,97887.0
145408,,TilizeDeviceOperation,64,97876.0
124928,,TilizeDeviceOperation,64,97848.0
176128,,TilizeDeviceOperation,64,97814.0
102400,,TilizeDeviceOperation,64,97758.0
174080,,TilizeDeviceOperation,64,97383.0
47104,,TilizeDeviceOperation,64,97359.0
169984,,TilizeDeviceOperation,64,97344.0
131072,,TilizeDeviceOperation,64,97332.0
96256,,TilizeDeviceOperation,64,97292.0
161792,,TilizeDeviceOperation,64,97246.0
38912,,TilizeDeviceOperation,64,97242.0
75776,,TilizeDeviceOperation,64,97229.0
151552,,TilizeDeviceOperation,64,97141.0
108544,,TilizeDeviceOperation,64,97044.0
194560,,TilizeDeviceOperation,64,97030.0
186368,,TilizeDeviceOperation,64,97018.0
65536,,TilizeDeviceOperation,64,97009.0
45056,,TilizeDeviceOperation,64,96993.0
149504,,TilizeDeviceOperation,64,96939.0
32768,,TilizeDeviceOperation,64,96832.0
20480,,TilizeDeviceOperation,64,96752.0
112640,,TilizeDeviceOperation,64,96736.0
133120,,TilizeDeviceOperation,64,96681.0
120832,,TilizeDeviceOperation,64,96588.0
8192,,TilizeDeviceOperation,64,96453.0
163840,,TilizeDeviceOperation,64,96447.0
180224,,TilizeDeviceOperation,64,96169.0
114688,,TilizeDeviceOperation,64,96133.0
155648,,TilizeDeviceOperation,64,96124.0
167936,,TilizeDeviceOperation,64,96056.0
106496,,TilizeDeviceOperation,64,96053.0
14336,,TilizeDeviceOperation,64,95966.0
83968,,TilizeDeviceOperation,64,95790.0
10240,,TilizeDeviceOperation,64,95773.0
53248,,TilizeDeviceOperation,64,95643.0
88064,,TilizeDeviceOperation,64,95600.0
69632,,TilizeDeviceOperation,64,95376.0
81920,,TilizeDeviceOperation,64,95368.0
28672,,TilizeDeviceOperation,64,95239.0
157696,,TilizeDeviceOperation,64,95158.0
40960,,TilizeDeviceOperation,64,95047.0
137216,,TilizeDeviceOperation,64,94942.0
139264,,TilizeDeviceOperation,64,94884.0
71680,,TilizeDeviceOperation,64,94880.0
126976,,TilizeDeviceOperation,64,94497.0
59392,,TilizeDeviceOperation,64,93779.0
2048,,TilizeDeviceOperation,64,93739.0
2284544,1,MatmulDeviceOperation,64,90838.0
1935360,1,MatmulDeviceOperation,64,90215.0
1522688,1,MatmulDeviceOperation,64,90127.0
2316288,1,MatmulDeviceOperation,64,89995.0
1903616,1,MatmulDeviceOperation,64,89978.0
1681408,1,MatmulDeviceOperation,64,89563.0
1395712,1,MatmulDeviceOperation,64,89431.0
2125824,1,MatmulDeviceOperation,64,89370.0
1554432,1,MatmulDeviceOperation,64,89123.0
2094080,1,MatmulDeviceOperation,64,89056.0
456704,,MatmulDeviceOperation,64,88880.0
1617920,1,MatmulDeviceOperation,64,88859.0
1427456,1,MatmulDeviceOperation,64,88653.0
2252800,1,MatmulDeviceOperation,64,88648.0
1490944,1,MatmulDeviceOperation,64,88492.0
1871872,1,MatmulDeviceOperation,64,88453.0
2062336,1,MatmulDeviceOperation,64,88435.0
1776640,1,MatmulDeviceOperation,64,88429.0
1713152,1,MatmulDeviceOperation,64,88335.0
2221056,1,MatmulDeviceOperation,64,88325.0
1649664,1,MatmulDeviceOperation,64,88313.0
1967104,1,MatmulDeviceOperation,64,88272.0
1840128,1,MatmulDeviceOperation,64,88218.0
2348032,1,MatmulDeviceOperation,63,88109.0
837632,,MatmulDeviceOperation,64,88075.0
678912,,MatmulDeviceOperation,64,87995.0
932864,,MatmulDeviceOperation,64,87985.0
742400,,MatmulDeviceOperation,64,87975.0
1744896,1,MatmulDeviceOperation,64,87916.0
361472,,MatmulDeviceOperation,64,87886.0
2030592,1,MatmulDeviceOperation,64,87750.0
901120,,MatmulDeviceOperation,64,87688.0
2189312,1,MatmulDeviceOperation,64,87673.0
1123328,,MatmulDeviceOperation,64,87619.0
2157568,1,MatmulDeviceOperation,64,87600.0
583680,,MatmulDeviceOperation,64,87596.0
1998848,1,MatmulDeviceOperation,64,87556.0
1459200,1,MatmulDeviceOperation,64,87552.0
647168,,MatmulDeviceOperation,64,87538.0
615424,,MatmulDeviceOperation,64,87494.0
710656,,MatmulDeviceOperation,64,87484.0
1186816,,MatmulDeviceOperation,64,87425.0
520192,,MatmulDeviceOperation,64,87340.0
297984,,MatmulDeviceOperation,64,87253.0
424960,,MatmulDeviceOperation,64,87222.0
1808384,1,MatmulDeviceOperation,64,87217.0
1059840,,MatmulDeviceOperation,64,87198.0
329728,,MatmulDeviceOperation,64,87105.0
1218560,,MatmulDeviceOperation,64,87102.0
774144,,MatmulDeviceOperation,64,87075.0
393216,,MatmulDeviceOperation,64,87067.0
996352,,MatmulDeviceOperation,64,86939.0
551936,,MatmulDeviceOperation,64,86938.0
1586176,1,MatmulDeviceOperation,64,86913.0
1155072,,MatmulDeviceOperation,64,86839.0
1028096,,MatmulDeviceOperation,64,86812.0
488448,,MatmulDeviceOperation,64,86794.0
2379776,1,MatmulDeviceOperation,60,86781.0
964608,,MatmulDeviceOperation,64,86707.0
1250304,,MatmulDeviceOperation,64,86610.0
1091584,,MatmulDeviceOperation,64,86338.0
1282048,,MatmulDeviceOperation,64,86303.0
805888,,MatmulDeviceOperation,64,86217.0
869376,,MatmulDeviceOperation,64,85665.0
2150400,1,SdpaDecodeDeviceOperation,64,73437.0
449536,,SdpaDecodeDeviceOperation,64,73432.0
1832960,1,SdpaDecodeDeviceOperation,64,73171.0
1452032,1,SdpaDecodeDeviceOperation,64,72944.0
2372608,1,SdpaDecodeDeviceOperation,60,72926.0
1610752,1,SdpaDecodeDeviceOperation,64,72650.0
1179648,,SdpaDecodeDeviceOperation,64,72554.0
1579008,1,SdpaDecodeDeviceOperation,64,72520.0
417792,,SdpaDecodeDeviceOperation,64,72514.0
2086912,1,SdpaDecodeDeviceOperation,64,72383.0
989184,,SdpaDecodeDeviceOperation,64,72347.0
671744,,SdpaDecodeDeviceOperation,64,72334.0
1737728,1,SdpaDecodeDeviceOperation,64,72237.0
1769472,1,SdpaDecodeDeviceOperation,64,72146.0
1896448,1,SdpaDecodeDeviceOperation,64,72129.0
1420288,1,SdpaDecodeDeviceOperation,64,72116.0
2245632,1,SdpaDecodeDeviceOperation,64,72116.0
386048,,SdpaDecodeDeviceOperation,64,72074.0
862208,,SdpaDecodeDeviceOperation,64,72049.0
735232,,SdpaDecodeDeviceOperation,64,72031.0
1384448,1,SdpaDecodeDeviceOperation,64,72026.0
957440,,SdpaDecodeDeviceOperation,64,71993.0
1547264,1,SdpaDecodeDeviceOperation,64,71966.0
2023424,1,SdpaDecodeDeviceOperation,64,71932.0
640000,,SdpaDecodeDeviceOperation,64,71807.0
322560,,SdpaDecodeDeviceOperation,64,71753.0
1116160,,SdpaDecodeDeviceOperation,64,71723.0
1147904,,SdpaDecodeDeviceOperation,64,71706.0
798720,,SdpaDecodeDeviceOperation,64,71494.0
1991680,1,SdpaDecodeDeviceOperation,64,71469.0
703488,,SdpaDecodeDeviceOperation,64,71457.0
2213888,1,SdpaDecodeDeviceOperation,64,71454.0
1864704,1,SdpaDecodeDeviceOperation,64,71416.0
1515520,1,SdpaDecodeDeviceOperation,64,71368.0
1052672,,SdpaDecodeDeviceOperation,64,71352.0
2182144,1,SdpaDecodeDeviceOperation,64,71331.0
1642496,1,SdpaDecodeDeviceOperation,64,71322.0
1959936,1,SdpaDecodeDeviceOperation,64,71310.0
2340864,1,SdpaDecodeDeviceOperation,63,71305.0
608256,,SdpaDecodeDeviceOperation,64,71288.0
1705984,1,SdpaDecodeDeviceOperation,64,71271.0
1243136,,SdpaDecodeDeviceOperation,64,71213.0
893952,,SdpaDecodeDeviceOperation,64,71186.0
925696,,SdpaDecodeDeviceOperation,64,71158.0
2055168,1,SdpaDecodeDeviceOperation,64,71155.0
766976,,SdpaDecodeDeviceOperation,64,71108.0
286720,,SdpaDecodeDeviceOperation,64,71100.0
2118656,1,SdpaDecodeDeviceOperation,64,71055.0
1211392,,SdpaDecodeDeviceOperation,64,71006.0
1483776,1,SdpaDecodeDeviceOperation,64,71002.0
2309120,1,SdpaDecodeDeviceOperation,64,70957.0
2277376,1,SdpaDecodeDeviceOperation,64,70927.0
481280,,SdpaDecodeDeviceOperation,64,70849.0
1801216,1,SdpaDecodeDeviceOperation,64,70833.0
513024,,SdpaDecodeDeviceOperation,64,70760.0
1274880,,SdpaDecodeDeviceOperation,64,70699.0
1928192,1,SdpaDecodeDeviceOperation,64,70663.0
830464,,SdpaDecodeDeviceOperation,64,70655.0
1674240,1,SdpaDecodeDeviceOperation,64,70632.0
84992,,TypecastDeviceOperation,64,70594.0
354304,,SdpaDecodeDeviceOperation,64,70506.0
1020928,,SdpaDecodeDeviceOperation,64,70502.0
162816,,TypecastDeviceOperation,64,70469.0
1084416,,SdpaDecodeDeviceOperation,64,70454.0
46080,,TypecastDeviceOperation,64,70418.0
144384,,TypecastDeviceOperation,64,70370.0
576512,,SdpaDecodeDeviceOperation,64,70343.0
82944,,TypecastDeviceOperation,64,70272.0
193536,,TypecastDeviceOperation,64,70156.0
544768,,SdpaDecodeDeviceOperation,64,69938.0
132096,,TypecastDeviceOperation,64,69882.0
152576,,TypecastDeviceOperation,64,69762.0
103424,,TypecastDeviceOperation,64,69747.0
76800,,TypecastDeviceOperation,64,69740.0
171008,,TypecastDeviceOperation,64,69698.0
66560,,TypecastDeviceOperation,64,69637.0
113664,,TypecastDeviceOperation,64,69546.0
134144,,TypecastDeviceOperation,64,69546.0
95232,,TypecastDeviceOperation,64,69536.0
54272,,TypecastDeviceOperation,64,69506.0
125952,,TypecastDeviceOperation,64,69465.0
64512,,TypecastDeviceOperation,64,69386.0
128000,,TypecastDeviceOperation,64,69355.0
39936,,TypecastDeviceOperation,64,69353.0
5120,,TypecastDeviceOperation,64,69302.0
183296,,TypecastDeviceOperation,64,69241.0
35840,,TypecastDeviceOperation,64,69132.0
164864,,TypecastDeviceOperation,64,69129.0
91136,,TypecastDeviceOperation,64,69092.0
58368,,TypecastDeviceOperation,64,69068.0
21504,,TypecastDeviceOperation,64,69037.0
89088,,TypecastDeviceOperation,64,69018.0
17408,,TypecastDeviceOperation,64,69016.0
107520,,TypecastDeviceOperation,64,68972.0
138240,,TypecastDeviceOperation,64,68945.0
195584,,TypecastDeviceOperation,64,68892.0
78848,,TypecastDeviceOperation,64,68764.0
41984,,TypecastDeviceOperation,64,68715.0
175104,,TypecastDeviceOperation,64,68606.0
15360,,TypecastDeviceOperation,64,68573.0
115712,,TypecastDeviceOperation,64,68542.0
140288,,TypecastDeviceOperation,64,68509.0
156672,,TypecastDeviceOperation,64,68503.0
48128,,TypecastDeviceOperation,64,68446.0
60416,,TypecastDeviceOperation,64,68442.0
9216,,TypecastDeviceOperation,64,68412.0
150528,,TypecastDeviceOperation,64,68409.0
177152,,TypecastDeviceOperation,64,68405.0
23552,,TypecastDeviceOperation,64,68386.0
181248,,TypecastDeviceOperation,64,68360.0
33792,,TypecastDeviceOperation,64,68337.0
109568,,TypecastDeviceOperation,64,68318.0
52224,,TypecastDeviceOperation,64,68268.0
27648,,TypecastDeviceOperation,64,68184.0
189440,,TypecastDeviceOperation,64,68140.0
97280,,TypecastDeviceOperation,64,68035.0
3072,,TypecastDeviceOperation,64,68031.0
158720,,TypecastDeviceOperation,64,67999.0
187392,,TypecastDeviceOperation,64,67979.0
121856,,TypecastDeviceOperation,64,67953.0
72704,,TypecastDeviceOperation,64,67887.0
101376,,TypecastDeviceOperation,64,67871.0
29696,,TypecastDeviceOperation,64,67828.0
70656,,TypecastDeviceOperation,64,67794.0
168960,,TypecastDeviceOperation,64,67764.0
146432,,TypecastDeviceOperation,64,67715.0
119808,,TypecastDeviceOperation,64,67529.0
11264,,TypecastDeviceOperation,64,67306.0
1337344,1,EmbeddingsDeviceOperation,1,39610.0
239616,,EmbeddingsDeviceOperation,1,38587.0
2392064,1,UntilizeDeviceOperation,57,31812.0
1294336,,UntilizeDeviceOperation,61,31498.0
770048,,TernaryDeviceOperation,64,26958.0
452608,,TernaryDeviceOperation,64,26906.0
611328,,TernaryDeviceOperation,64,26884.0
1055744,,TernaryDeviceOperation,64,26884.0
325632,,TernaryDeviceOperation,64,26864.0
1277952,,TernaryDeviceOperation,64,26856.0
865280,,TernaryDeviceOperation,64,26821.0
928768,,TernaryDeviceOperation,64,26818.0
674816,,TernaryDeviceOperation,64,26806.0
1214464,,TernaryDeviceOperation,64,26779.0
960512,,TernaryDeviceOperation,64,26775.0
1119232,,TernaryDeviceOperation,64,26775.0
897024,,TernaryDeviceOperation,64,26772.0
547840,,TernaryDeviceOperation,64,26770.0
706560,,TernaryDeviceOperation,64,26761.0
516096,,TernaryDeviceOperation,64,26745.0
420864,,TernaryDeviceOperation,64,26737.0
1024000,,TernaryDeviceOperation,64,26685.0
738304,,TernaryDeviceOperation,64,26681.0
1246208,,TernaryDeviceOperation,64,26679.0
579584,,TernaryDeviceOperation,64,26657.0
357376,,TernaryDeviceOperation,64,26652.0
833536,,TernaryDeviceOperation,64,26647.0
801792,,TernaryDeviceOperation,64,26646.0
484352,,TernaryDeviceOperation,64,26641.0
389120,,TernaryDeviceOperation,64,26590.0
1087488,,TernaryDeviceOperation,64,26567.0
992256,,TernaryDeviceOperation,64,26559.0
1182720,,TernaryDeviceOperation,64,26545.0
643072,,TernaryDeviceOperation,64,26541.0
293888,,TernaryDeviceOperation,64,26538.0
1150976,,TernaryDeviceOperation,64,26459.0
2280448,1,TernaryDeviceOperation,64,26310.0
1804288,1,TernaryDeviceOperation,64,26177.0
2121728,1,TernaryDeviceOperation,64,26168.0
2343936,1,TernaryDeviceOperation,63,26127.0
1677312,1,TernaryDeviceOperation,64,26010.0
1518592,1,TernaryDeviceOperation,64,25990.0
1899520,1,TernaryDeviceOperation,64,25676.0
1836032,1,TernaryDeviceOperation,64,25577.0
1867776,1,TernaryDeviceOperation,64,25559.0
1455104,1,TernaryDeviceOperation,64,25543.0
1550336,1,TernaryDeviceOperation,64,25534.0
2058240,1,TernaryDeviceOperation,64,25472.0
1613824,1,TernaryDeviceOperation,64,25463.0
2216960,1,TernaryDeviceOperation,64,25459.0
2153472,1,TernaryDeviceOperation,64,25327.0
1486848,1,TernaryDeviceOperation,64,25295.0
1423360,1,TernaryDeviceOperation,64,25250.0
2185216,1,TernaryDeviceOperation,64,25204.0
1963008,1,TernaryDeviceOperation,64,25148.0
2089984,1,TernaryDeviceOperation,64,25126.0
1772544,1,TernaryDeviceOperation,64,25092.0
1645568,1,TernaryDeviceOperation,64,25069.0
2312192,1,TernaryDeviceOperation,64,25044.0
2026496,1,TernaryDeviceOperation,64,25039.0
2248704,1,TernaryDeviceOperation,64,25023.0
1740800,1,TernaryDeviceOperation,64,25021.0
270336,,TernaryDeviceOperation,64,24995.0
1582080,1,TernaryDeviceOperation,64,24981.0
1994752,1,TernaryDeviceOperation,64,24932.0
1931264,1,TernaryDeviceOperation,64,24909.0
2375680,1,TernaryDeviceOperation,60,24865.0
1709056,1,TernaryDeviceOperation,64,24853.0
1368064,1,TernaryDeviceOperation,64,24814.0
1391616,1,TernaryDeviceOperation,64,24753.0
1471488,1,NLPCreateQKVHeadsDecodeDeviceOperation,32,20070.0
849920,,NLPCreateQKVHeadsDecodeDeviceOperation,32,19663.0
1103872,,NLPCreateQKVHeadsDecodeDeviceOperation,32,19649.0
976896,,NLPCreateQKVHeadsDecodeDeviceOperation,32,19644.0
1262592,,NLPCreateQKVHeadsDecodeDeviceOperation,32,19643.0
1040384,,NLPCreateQKVHeadsDecodeDeviceOperation,32,19640.0
1230848,,NLPCreateQKVHeadsDecodeDeviceOperation,32,19639.0
659456,,NLPCreateQKVHeadsDecodeDeviceOperation,32,19632.0
1008640,,NLPCreateQKVHeadsDecodeDeviceOperation,32,19632.0
532480,,NLPCreateQKVHeadsDecodeDeviceOperation,32,19624.0
722944,,NLPCreateQKVHeadsDecodeDeviceOperation,32,19623.0
945152,,NLPCreateQKVHeadsDecodeDeviceOperation,32,19623.0
881664,,NLPCreateQKVHeadsDecodeDeviceOperation,32,19619.0
595968,,NLPCreateQKVHeadsDecodeDeviceOperation,32,19617.0
691200,,NLPCreateQKVHeadsDecodeDeviceOperation,32,19612.0
913408,,NLPCreateQKVHeadsDecodeDeviceOperation,32,19607.0
1199104,,NLPCreateQKVHeadsDecodeDeviceOperation,32,19607.0
754688,,NLPCreateQKVHeadsDecodeDeviceOperation,32,19606.0
564224,,NLPCreateQKVHeadsDecodeDeviceOperation,32,19604.0
244736,,NLPCreateQKVHeadsDecodeDeviceOperation,32,19602.0
627712,,NLPCreateQKVHeadsDecodeDeviceOperation,32,19599.0
1135616,,NLPCreateQKVHeadsDecodeDeviceOperation,32,19598.0
500736,,NLPCreateQKVHeadsDecodeDeviceOperation,32,19595.0
818176,,NLPCreateQKVHeadsDecodeDeviceOperation,32,19593.0
786432,,NLPCreateQKVHeadsDecodeDeviceOperation,32,19591.0
405504,,NLPCreateQKVHeadsDecodeDeviceOperation,32,19585.0
1167360,,NLPCreateQKVHeadsDecodeDeviceOperation,32,19581.0
373760,,NLPCreateQKVHeadsDecodeDeviceOperation,32,19577.0
437248,,NLPCreateQKVHeadsDecodeDeviceOperation,32,19560.0
468992,,NLPCreateQKVHeadsDecodeDeviceOperation,32,19554.0
310272,,NLPCreateQKVHeadsDecodeDeviceOperation,32,19544.0
342016,,NLPCreateQKVHeadsDecodeDeviceOperation,32,19531.0
1072128,,NLPCreateQKVHeadsDecodeDeviceOperation,32,19523.0
1884160,1,NLPCreateQKVHeadsDecodeDeviceOperation,32,19493.0
1915904,1,NLPCreateQKVHeadsDecodeDeviceOperation,32,19366.0
1788928,1,NLPCreateQKVHeadsDecodeDeviceOperation,32,19339.0
2011136,1,NLPCreateQKVHeadsDecodeDeviceOperation,32,19312.0
1693696,1,NLPCreateQKVHeadsDecodeDeviceOperation,32,19288.0
1630208,1,NLPCreateQKVHeadsDecodeDeviceOperation,32,19282.0
2360320,1,NLPCreateQKVHeadsDecodeDeviceOperation,31,19278.0
1757184,1,NLPCreateQKVHeadsDecodeDeviceOperation,32,19277.0
1820672,1,NLPCreateQKVHeadsDecodeDeviceOperation,32,19269.0
1852416,1,NLPCreateQKVHeadsDecodeDeviceOperation,32,19254.0
2233344,1,NLPCreateQKVHeadsDecodeDeviceOperation,32,19251.0
1439744,1,NLPCreateQKVHeadsDecodeDeviceOperation,32,19245.0
2042880,1,NLPCreateQKVHeadsDecodeDeviceOperation,32,19240.0
2074624,1,NLPCreateQKVHeadsDecodeDeviceOperation,32,19237.0
1503232,1,NLPCreateQKVHeadsDecodeDeviceOperation,32,19232.0
2296832,1,NLPCreateQKVHeadsDecodeDeviceOperation,32,19229.0
2265088,1,NLPCreateQKVHeadsDecodeDeviceOperation,32,19226.0
1598464,1,NLPCreateQKVHeadsDecodeDeviceOperation,32,19224.0
2201600,1,NLPCreateQKVHeadsDecodeDeviceOperation,32,19223.0
1947648,1,NLPCreateQKVHeadsDecodeDeviceOperation,32,19220.0
1408000,1,NLPCreateQKVHeadsDecodeDeviceOperation,32,19218.0
2106368,1,NLPCreateQKVHeadsDecodeDeviceOperation,32,19218.0
2328576,1,NLPCreateQKVHeadsDecodeDeviceOperation,31,19216.0
1534976,1,NLPCreateQKVHeadsDecodeDeviceOperation,32,19213.0
1725440,1,NLPCreateQKVHeadsDecodeDeviceOperation,32,19213.0
1342464,1,NLPCreateQKVHeadsDecodeDeviceOperation,32,19208.0
1566720,1,NLPCreateQKVHeadsDecodeDeviceOperation,32,19204.0
2169856,1,NLPCreateQKVHeadsDecodeDeviceOperation,32,19203.0
2138112,1,NLPCreateQKVHeadsDecodeDeviceOperation,32,19195.0
1979392,1,NLPCreateQKVHeadsDecodeDeviceOperation,32,19191.0
1661952,1,NLPCreateQKVHeadsDecodeDeviceOperation,32,19175.0
1409024,1,PagedUpdateCacheDeviceOperation,32,17108.0
2391040,1,ShardedToInterleavedDeviceOperation,60,16506.0
2329600,1,PagedUpdateCacheDeviceOperation,31,16444.0
1892352,1,PagedUpdateCacheDeviceOperation,32,16348.0
2107392,1,PagedUpdateCacheDeviceOperation,32,16296.0
237568,,ReshapeViewDeviceOperation,64,16227.0
1733632,1,PagedUpdateCacheDeviceOperation,32,16201.0
1536000,1,PagedUpdateCacheDeviceOperation,32,16195.0
1293312,,ShardedToInterleavedDeviceOperation,64,16193.0
1335296,1,ReshapeViewDeviceOperation,64,16161.0
2178048,1,PagedUpdateCacheDeviceOperation,32,16128.0
1048576,,PagedUpdateCacheDeviceOperation,32,16104.0
1344512,1,PagedUpdateCacheDeviceOperation,32,16090.0
1112064,,PagedUpdateCacheDeviceOperation,32,16073.0
762880,,PagedUpdateCacheDeviceOperation,32,15950.0
1574912,1,PagedUpdateCacheDeviceOperation,32,15813.0
1765376,1,PagedUpdateCacheDeviceOperation,32,15796.0
2266112,1,PagedUpdateCacheDeviceOperation,32,15790.0
699392,,PagedUpdateCacheDeviceOperation,32,15782.0
501760,,PagedUpdateCacheDeviceOperation,32,15722.0
533504,,PagedUpdateCacheDeviceOperation,32,15707.0
882688,,PagedUpdateCacheDeviceOperation,32,15707.0
1041408,,PagedUpdateCacheDeviceOperation,32,15671.0
1948672,1,PagedUpdateCacheDeviceOperation,32,15648.0
2361344,1,PagedUpdateCacheDeviceOperation,31,15591.0
914432,,PagedUpdateCacheDeviceOperation,32,15563.0
413696,,PagedUpdateCacheDeviceOperation,32,15511.0
889856,,PagedUpdateCacheDeviceOperation,32,15511.0
977920,,PagedUpdateCacheDeviceOperation,32,15508.0
1009664,,PagedUpdateCacheDeviceOperation,32,15489.0
1543168,1,PagedUpdateCacheDeviceOperation,32,15477.0
438272,,PagedUpdateCacheDeviceOperation,32,15458.0
2297856,1,PagedUpdateCacheDeviceOperation,32,15458.0
1916928,1,PagedUpdateCacheDeviceOperation,32,15445.0
1231872,,PagedUpdateCacheDeviceOperation,32,15437.0
2082816,1,PagedUpdateCacheDeviceOperation,32,15401.0
1638400,1,PagedUpdateCacheDeviceOperation,32,15343.0
787456,,PagedUpdateCacheDeviceOperation,32,15328.0
794624,,PagedUpdateCacheDeviceOperation,32,15326.0
1631232,1,PagedUpdateCacheDeviceOperation,32,15281.0
1853440,1,PagedUpdateCacheDeviceOperation,32,15277.0
635904,,PagedUpdateCacheDeviceOperation,32,15233.0
565248,,PagedUpdateCacheDeviceOperation,32,15225.0
1789952,1,PagedUpdateCacheDeviceOperation,32,15208.0
1136640,,PagedUpdateCacheDeviceOperation,32,15198.0
1479680,1,PagedUpdateCacheDeviceOperation,32,15166.0
660480,,PagedUpdateCacheDeviceOperation,32,15160.0
1701888,1,PagedUpdateCacheDeviceOperation,32,15156.0
723968,,PagedUpdateCacheDeviceOperation,32,15084.0
2170880,1,PagedUpdateCacheDeviceOperation,32,15077.0
596992,,PagedUpdateCacheDeviceOperation,32,15053.0
1175552,,PagedUpdateCacheDeviceOperation,32,15041.0
1080320,,PagedUpdateCacheDeviceOperation,32,15007.0
1472512,1,PagedUpdateCacheDeviceOperation,32,15002.0
2209792,1,PagedUpdateCacheDeviceOperation,32,14985.0
350208,,PagedUpdateCacheDeviceOperation,32,14980.0
2139136,1,PagedUpdateCacheDeviceOperation,32,14977.0
1016832,,PagedUpdateCacheDeviceOperation,32,14975.0
1670144,1,PagedUpdateCacheDeviceOperation,32,14968.0
1447936,1,PagedUpdateCacheDeviceOperation,32,14963.0
1104896,,PagedUpdateCacheDeviceOperation,32,14945.0
667648,,PagedUpdateCacheDeviceOperation,32,14934.0
1662976,1,PagedUpdateCacheDeviceOperation,32,14913.0
2305024,1,PagedUpdateCacheDeviceOperation,32,14871.0
374784,,PagedUpdateCacheDeviceOperation,32,14856.0
819200,,PagedUpdateCacheDeviceOperation,32,14853.0
1758208,1,PagedUpdateCacheDeviceOperation,32,14849.0
1828864,1,PagedUpdateCacheDeviceOperation,32,14839.0
1821696,1,PagedUpdateCacheDeviceOperation,32,14828.0
2114560,1,PagedUpdateCacheDeviceOperation,32,14780.0
1200128,,PagedUpdateCacheDeviceOperation,32,14772.0
1726464,1,PagedUpdateCacheDeviceOperation,32,14739.0
2202624,1,PagedUpdateCacheDeviceOperation,32,14734.0
826368,,PagedUpdateCacheDeviceOperation,32,14726.0
2273280,1,PagedUpdateCacheDeviceOperation,32,14713.0
1270784,,PagedUpdateCacheDeviceOperation,32,14711.0
946176,,PagedUpdateCacheDeviceOperation,32,14707.0
1440768,1,PagedUpdateCacheDeviceOperation,32,14706.0
1980416,1,PagedUpdateCacheDeviceOperation,32,14680.0
850944,,PagedUpdateCacheDeviceOperation,32,14677.0
572416,,PagedUpdateCacheDeviceOperation,32,14667.0
1504256,1,PagedUpdateCacheDeviceOperation,32,14659.0
2012160,1,PagedUpdateCacheDeviceOperation,32,14651.0
343040,,PagedUpdateCacheDeviceOperation,32,14650.0
921600,,PagedUpdateCacheDeviceOperation,32,14630.0
1263616,,PagedUpdateCacheDeviceOperation,32,14623.0
1073152,,PagedUpdateCacheDeviceOperation,32,14598.0
1885184,1,PagedUpdateCacheDeviceOperation,32,14587.0
2019328,1,PagedUpdateCacheDeviceOperation,32,14542.0
266240,,PagedUpdateCacheDeviceOperation,32,14534.0
1606656,1,PagedUpdateCacheDeviceOperation,32,14521.0
406528,,PagedUpdateCacheDeviceOperation,32,14516.0
2043904,1,PagedUpdateCacheDeviceOperation,32,14515.0
1143808,,PagedUpdateCacheDeviceOperation,32,14509.0
1168384,,PagedUpdateCacheDeviceOperation,32,14508.0
755712,,PagedUpdateCacheDeviceOperation,32,14506.0
2075648,1,PagedUpdateCacheDeviceOperation,32,14501.0
953344,,PagedUpdateCacheDeviceOperation,32,14491.0
311296,,PagedUpdateCacheDeviceOperation,32,14477.0
508928,,PagedUpdateCacheDeviceOperation,32,14475.0
1207296,,PagedUpdateCacheDeviceOperation,32,14473.0
1567744,1,PagedUpdateCacheDeviceOperation,32,14468.0
2234368,1,PagedUpdateCacheDeviceOperation,32,14457.0
692224,,PagedUpdateCacheDeviceOperation,32,14441.0
445440,,PagedUpdateCacheDeviceOperation,32,14432.0
2241536,1,PagedUpdateCacheDeviceOperation,32,14429.0
318464,,PagedUpdateCacheDeviceOperation,32,14415.0
1363968,1,PagedUpdateCacheDeviceOperation,32,14405.0
2336768,1,PagedUpdateCacheDeviceOperation,31,14404.0
1416192,1,PagedUpdateCacheDeviceOperation,32,14389.0
470016,,PagedUpdateCacheDeviceOperation,32,14385.0
1987584,1,PagedUpdateCacheDeviceOperation,32,14381.0
381952,,PagedUpdateCacheDeviceOperation,32,14379.0
246784,,PagedUpdateCacheDeviceOperation,32,14377.0
477184,,PagedUpdateCacheDeviceOperation,32,14349.0
1955840,1,PagedUpdateCacheDeviceOperation,32,14317.0
628736,,PagedUpdateCacheDeviceOperation,32,14297.0
985088,,PagedUpdateCacheDeviceOperation,32,14290.0
731136,,PagedUpdateCacheDeviceOperation,32,14276.0
1860608,1,PagedUpdateCacheDeviceOperation,32,14274.0
1239040,,PagedUpdateCacheDeviceOperation,32,14261.0
2146304,1,PagedUpdateCacheDeviceOperation,32,14248.0
540672,,PagedUpdateCacheDeviceOperation,32,14175.0
1924096,1,PagedUpdateCacheDeviceOperation,32,14161.0
604160,,PagedUpdateCacheDeviceOperation,32,14136.0
1797120,1,PagedUpdateCacheDeviceOperation,32,14114.0
1599488,1,PagedUpdateCacheDeviceOperation,32,14105.0
2368512,1,PagedUpdateCacheDeviceOperation,28,14088.0
858112,,PagedUpdateCacheDeviceOperation,32,14087.0
1694720,1,PagedUpdateCacheDeviceOperation,32,14028.0
2051072,1,PagedUpdateCacheDeviceOperation,32,14014.0
1511424,1,PagedUpdateCacheDeviceOperation,32,13718.0
1359872,1,RotaryEmbeddingDeviceOperation,32,13598.0
273408,,TilizeWithValPaddingDeviceOperation,32,13441.0
1339392,1,LayerNormDeviceOperation,64,13398.0
861184,,RotaryEmbeddingDeviceOperation,32,13292.0
543744,,RotaryEmbeddingDeviceOperation,32,13244.0
321536,,RotaryEmbeddingDeviceOperation,32,13154.0
670720,,RotaryEmbeddingDeviceOperation,32,13065.0
1371136,1,TilizeWithValPaddingDeviceOperation,32,13065.0
2332672,1,RotaryEmbeddingDeviceOperation,31,13041.0
278528,,RotaryEmbeddingDeviceOperation,32,13033.0
924672,,RotaryEmbeddingDeviceOperation,32,13030.0
758784,,RotaryEmbeddingDeviceOperation,32,13015.0
988160,,RotaryEmbeddingDeviceOperation,32,13002.0
607232,,RotaryEmbeddingDeviceOperation,32,12980.0
1849344,1,LayerNormDeviceOperation,64,12975.0
2262016,1,LayerNormDeviceOperation,64,12953.0
346112,,RotaryEmbeddingDeviceOperation,32,12949.0
1266688,,RotaryEmbeddingDeviceOperation,32,12938.0
631808,,RotaryEmbeddingDeviceOperation,32,12936.0
2198528,1,LayerNormDeviceOperation,64,12932.0
1429504,1,LayerNormDeviceOperation,64,12930.0
1588224,1,LayerNormDeviceOperation,64,12918.0
1115136,,RotaryEmbeddingDeviceOperation,32,12916.0
385024,,RotaryEmbeddingDeviceOperation,32,12904.0
2381824,1,LayerNormDeviceOperation,60,12896.0
1563648,1,LayerNormDeviceOperation,64,12895.0
2159616,1,LayerNormDeviceOperation,64,12876.0
600064,,RotaryEmbeddingDeviceOperation,32,12870.0
2357248,1,LayerNormDeviceOperation,63,12859.0
1778688,1,LayerNormDeviceOperation,64,12838.0
2223104,1,LayerNormDeviceOperation,64,12838.0
956416,,RotaryEmbeddingDeviceOperation,32,12836.0
1715200,1,LayerNormDeviceOperation,64,12833.0
2000896,1,LayerNormDeviceOperation,64,12831.0
2166784,1,LayerNormDeviceOperation,64,12830.0
638976,,RotaryEmbeddingDeviceOperation,32,12814.0
568320,,RotaryEmbeddingDeviceOperation,32,12811.0
1683456,1,LayerNormDeviceOperation,64,12803.0
1507328,1,RotaryEmbeddingDeviceOperation,32,12800.0
892928,,RotaryEmbeddingDeviceOperation,32,12798.0
949248,,RotaryEmbeddingDeviceOperation,32,12796.0
790528,,RotaryEmbeddingDeviceOperation,32,12795.0
1234944,,RotaryEmbeddingDeviceOperation,32,12790.0
829440,,RotaryEmbeddingDeviceOperation,32,12779.0
1273856,,RotaryEmbeddingDeviceOperation,32,12779.0
2039808,1,LayerNormDeviceOperation,64,12779.0
1051648,,RotaryEmbeddingDeviceOperation,32,12778.0
441344,,RotaryEmbeddingDeviceOperation,32,12772.0
822272,,RotaryEmbeddingDeviceOperation,32,12770.0
1171456,,RotaryEmbeddingDeviceOperation,32,12763.0
1627136,1,LayerNormDeviceOperation,64,12759.0
797696,,RotaryEmbeddingDeviceOperation,32,12758.0
473088,,RotaryEmbeddingDeviceOperation,32,12755.0
262144,,RotaryEmbeddingDeviceOperation,32,12754.0
1729536,1,RotaryEmbeddingDeviceOperation,32,12754.0
1083392,,RotaryEmbeddingDeviceOperation,32,12749.0
1019904,,RotaryEmbeddingDeviceOperation,32,12747.0
734208,,RotaryEmbeddingDeviceOperation,32,12733.0
1976320,1,LayerNormDeviceOperation,64,12733.0
409600,,RotaryEmbeddingDeviceOperation,32,12732.0
663552,,RotaryEmbeddingDeviceOperation,32,12730.0
1076224,,RotaryEmbeddingDeviceOperation,32,12724.0
1210368,,RotaryEmbeddingDeviceOperation,32,12723.0
314368,,RotaryEmbeddingDeviceOperation,32,12696.0
416768,,RotaryEmbeddingDeviceOperation,32,12693.0
1817600,1,LayerNormDeviceOperation,64,12691.0
2173952,1,RotaryEmbeddingDeviceOperation,32,12690.0
854016,,RotaryEmbeddingDeviceOperation,32,12688.0
1951744,1,RotaryEmbeddingDeviceOperation,32,12664.0
917504,,RotaryEmbeddingDeviceOperation,32,12663.0
1012736,,RotaryEmbeddingDeviceOperation,32,12657.0
448512,,RotaryEmbeddingDeviceOperation,32,12643.0
1842176,1,LayerNormDeviceOperation,64,12643.0
536576,,RotaryEmbeddingDeviceOperation,32,12637.0
480256,,RotaryEmbeddingDeviceOperation,32,12634.0
575488,,RotaryEmbeddingDeviceOperation,32,12633.0
1761280,1,RotaryEmbeddingDeviceOperation,32,12626.0
1203200,,RotaryEmbeddingDeviceOperation,32,12624.0
1146880,,RotaryEmbeddingDeviceOperation,32,12622.0
1178624,,RotaryEmbeddingDeviceOperation,32,12620.0
695296,,RotaryEmbeddingDeviceOperation,32,12615.0
1107968,,RotaryEmbeddingDeviceOperation,32,12615.0
504832,,RotaryEmbeddingDeviceOperation,32,12609.0
1920000,1,RotaryEmbeddingDeviceOperation,32,12607.0
1242112,,RotaryEmbeddingDeviceOperation,32,12603.0
1044480,,RotaryEmbeddingDeviceOperation,32,12593.0
1500160,1,LayerNormDeviceOperation,64,12592.0
2286592,1,LayerNormDeviceOperation,64,12592.0
727040,,RotaryEmbeddingDeviceOperation,32,12588.0
353280,,RotaryEmbeddingDeviceOperation,32,12587.0
2230272,1,LayerNormDeviceOperation,64,12574.0
2364416,1,RotaryEmbeddingDeviceOperation,31,12553.0
2103296,1,LayerNormDeviceOperation,64,12552.0
702464,,RotaryEmbeddingDeviceOperation,32,12536.0
885760,,RotaryEmbeddingDeviceOperation,32,12536.0
1139712,,RotaryEmbeddingDeviceOperation,32,12527.0
765952,,RotaryEmbeddingDeviceOperation,32,12513.0
377856,,RotaryEmbeddingDeviceOperation,32,12510.0
512000,,RotaryEmbeddingDeviceOperation,32,12510.0
2008064,1,LayerNormDeviceOperation,64,12481.0
1531904,1,LayerNormDeviceOperation,64,12463.0
1436672,1,LayerNormDeviceOperation,64,12446.0
1969152,1,LayerNormDeviceOperation,64,12429.0
980992,,RotaryEmbeddingDeviceOperation,32,12376.0
2350080,1,LayerNormDeviceOperation,63,12365.0
1556480,1,LayerNormDeviceOperation,64,12364.0
1397760,1,LayerNormDeviceOperation,64,12357.0
1492992,1,LayerNormDeviceOperation,64,12349.0
1810432,1,LayerNormDeviceOperation,64,12345.0
2293760,1,LayerNormDeviceOperation,64,12341.0
1983488,1,RotaryEmbeddingDeviceOperation,32,12328.0
2127872,1,LayerNormDeviceOperation,64,12327.0
2191360,1,LayerNormDeviceOperation,64,12324.0
1937408,1,LayerNormDeviceOperation,64,12297.0
1873920,1,LayerNormDeviceOperation,64,12279.0
2064384,1,LayerNormDeviceOperation,64,12275.0
1570816,1,RotaryEmbeddingDeviceOperation,32,12273.0
2142208,1,RotaryEmbeddingDeviceOperation,32,12267.0
2032640,1,LayerNormDeviceOperation,64,12263.0
2071552,1,LayerNormDeviceOperation,64,12260.0
1905664,1,LayerNormDeviceOperation,64,12253.0
2254848,1,LayerNormDeviceOperation,64,12230.0
2096128,1,LayerNormDeviceOperation,64,12220.0
1404928,1,LayerNormDeviceOperation,64,12210.0
1793024,1,RotaryEmbeddingDeviceOperation,32,12206.0
1524736,1,LayerNormDeviceOperation,64,12179.0
1746944,1,LayerNormDeviceOperation,64,12179.0
2135040,1,LayerNormDeviceOperation,64,12161.0
1651712,1,LayerNormDeviceOperation,64,12152.0
2318336,1,LayerNormDeviceOperation,64,12137.0
1690624,1,LayerNormDeviceOperation,64,12121.0
2388992,1,LayerNormDeviceOperation,60,12094.0
1619968,1,LayerNormDeviceOperation,64,12052.0
1468416,1,LayerNormDeviceOperation,64,12040.0
1881088,1,LayerNormDeviceOperation,64,12033.0
2325504,1,LayerNormDeviceOperation,63,12025.0
1461248,1,LayerNormDeviceOperation,64,12013.0
1754112,1,LayerNormDeviceOperation,64,11997.0
1595392,1,LayerNormDeviceOperation,64,11993.0
1785856,1,LayerNormDeviceOperation,64,11991.0
1912832,1,LayerNormDeviceOperation,64,11974.0
1658880,1,LayerNormDeviceOperation,64,11970.0
1944576,1,LayerNormDeviceOperation,64,11959.0
2371584,1,RotaryEmbeddingDeviceOperation,28,11904.0
1722368,1,LayerNormDeviceOperation,64,11902.0
18432,,TilizeWithValPaddingDeviceOperation,43,11879.0
1376256,1,RotaryEmbeddingDeviceOperation,32,11797.0
1475584,1,RotaryEmbeddingDeviceOperation,32,11785.0
815104,,LayerNormDeviceOperation,64,11757.0
1100800,,LayerNormDeviceOperation,64,11753.0
129024,,TilizeWithValPaddingDeviceOperation,43,11749.0
942080,,LayerNormDeviceOperation,64,11745.0
1958912,1,RotaryEmbeddingDeviceOperation,32,11744.0
592896,,LayerNormDeviceOperation,64,11743.0
1125376,,LayerNormDeviceOperation,64,11741.0
783360,,LayerNormDeviceOperation,64,11739.0
973824,,LayerNormDeviceOperation,64,11736.0
1188864,,LayerNormDeviceOperation,64,11735.0
490496,,LayerNormDeviceOperation,64,11733.0
241664,,LayerNormDeviceOperation,64,11732.0
712704,,LayerNormDeviceOperation,64,11731.0
1259520,,LayerNormDeviceOperation,64,11729.0
338944,,LayerNormDeviceOperation,64,11728.0
465920,,LayerNormDeviceOperation,64,11727.0
688128,,LayerNormDeviceOperation,64,11726.0
561152,,LayerNormDeviceOperation,64,11724.0
839680,,LayerNormDeviceOperation,64,11723.0
878592,,LayerNormDeviceOperation,64,11722.0
719872,,LayerNormDeviceOperation,64,11720.0
1061888,,LayerNormDeviceOperation,64,11720.0
434176,,LayerNormDeviceOperation,64,11719.0
1157120,,LayerNormDeviceOperation,64,11719.0
363520,,LayerNormDeviceOperation,64,11718.0
998400,,LayerNormDeviceOperation,64,11717.0
585728,,LayerNormDeviceOperation,64,11716.0
402432,,LayerNormDeviceOperation,64,11714.0
529408,,LayerNormDeviceOperation,64,11714.0
807936,,LayerNormDeviceOperation,64,11712.0
1132544,,LayerNormDeviceOperation,64,11712.0
395264,,LayerNormDeviceOperation,64,11711.0
331776,,LayerNormDeviceOperation,64,11709.0
871424,,LayerNormDeviceOperation,64,11708.0
934912,,LayerNormDeviceOperation,64,11708.0
903168,,LayerNormDeviceOperation,64,11706.0
910336,,LayerNormDeviceOperation,64,11706.0
624640,,LayerNormDeviceOperation,64,11705.0
1005568,,LayerNormDeviceOperation,64,11702.0
1196032,,LayerNormDeviceOperation,64,11702.0
1227776,,LayerNormDeviceOperation,64,11700.0
497664,,LayerNormDeviceOperation,64,11698.0
846848,,LayerNormDeviceOperation,64,11698.0
966656,,LayerNormDeviceOperation,64,11698.0
300032,,LayerNormDeviceOperation,64,11697.0
1291264,,LayerNormDeviceOperation,64,11697.0
656384,,LayerNormDeviceOperation,64,11695.0
553984,,LayerNormDeviceOperation,64,11694.0
370688,,LayerNormDeviceOperation,64,11687.0
458752,,LayerNormDeviceOperation,64,11687.0
1164288,,LayerNormDeviceOperation,64,11686.0
1069056,,LayerNormDeviceOperation,64,11682.0
307200,,LayerNormDeviceOperation,64,11680.0
1030144,,LayerNormDeviceOperation,64,11680.0
1037312,,LayerNormDeviceOperation,64,11679.0
751616,,LayerNormDeviceOperation,64,11678.0
1093632,,LayerNormDeviceOperation,64,11678.0
522240,,LayerNormDeviceOperation,64,11677.0
649216,,LayerNormDeviceOperation,64,11677.0
1252352,,LayerNormDeviceOperation,64,11676.0
427008,,LayerNormDeviceOperation,64,11675.0
154624,,TilizeWithValPaddingDeviceOperation,43,11671.0
1666048,1,RotaryEmbeddingDeviceOperation,32,11670.0
744448,,LayerNormDeviceOperation,64,11668.0
680960,,LayerNormDeviceOperation,64,11662.0
173056,,TilizeWithValPaddingDeviceOperation,43,11658.0
1284096,,LayerNormDeviceOperation,64,11658.0
74752,,TilizeWithValPaddingDeviceOperation,43,11657.0
776192,,LayerNormDeviceOperation,64,11655.0
2212864,1,RotaryEmbeddingDeviceOperation,32,11652.0
617472,,LayerNormDeviceOperation,64,11646.0
1220608,,LayerNormDeviceOperation,64,11636.0
1895424,1,RotaryEmbeddingDeviceOperation,32,11634.0
2015232,1,RotaryEmbeddingDeviceOperation,32,11622.0
2237440,1,RotaryEmbeddingDeviceOperation,32,11620.0
197632,,TilizeWithValPaddingDeviceOperation,43,11617.0
2085888,1,RotaryEmbeddingDeviceOperation,32,11603.0
1412096,1,RotaryEmbeddingDeviceOperation,32,11593.0
2022400,1,RotaryEmbeddingDeviceOperation,32,11592.0
1514496,1,RotaryEmbeddingDeviceOperation,32,11591.0
159744,,TilizeWithValPaddingDeviceOperation,43,11580.0
1824768,1,RotaryEmbeddingDeviceOperation,32,11569.0
36864,,TilizeWithValPaddingDeviceOperation,43,11566.0
61440,,TilizeWithValPaddingDeviceOperation,43,11547.0
12288,,TilizeWithValPaddingDeviceOperation,43,11542.0
148480,,TilizeWithValPaddingDeviceOperation,43,11531.0
99328,,TilizeWithValPaddingDeviceOperation,43,11523.0
2110464,1,RotaryEmbeddingDeviceOperation,32,11515.0
2300928,1,RotaryEmbeddingDeviceOperation,32,11513.0
55296,,TilizeWithValPaddingDeviceOperation,43,11508.0
1704960,1,RotaryEmbeddingDeviceOperation,32,11507.0
135168,,TilizeWithValPaddingDeviceOperation,43,11484.0
165888,,TilizeWithValPaddingDeviceOperation,43,11478.0
80896,,TilizeWithValPaddingDeviceOperation,43,11468.0
1443840,1,RotaryEmbeddingDeviceOperation,32,11455.0
1736704,1,RotaryEmbeddingDeviceOperation,32,11453.0
2078720,1,RotaryEmbeddingDeviceOperation,32,11452.0
172032,,TilizeWithValPaddingDeviceOperation,43,11448.0
25600,,TilizeWithValPaddingDeviceOperation,43,11447.0
2308096,1,RotaryEmbeddingDeviceOperation,32,11447.0
104448,,TilizeWithValPaddingDeviceOperation,43,11446.0
56320,,TilizeWithValPaddingDeviceOperation,43,11444.0
2339840,1,RotaryEmbeddingDeviceOperation,31,11441.0
117760,,TilizeWithValPaddingDeviceOperation,43,11440.0
142336,,TilizeWithValPaddingDeviceOperation,43,11429.0
37888,,TilizeWithValPaddingDeviceOperation,43,11428.0
2205696,1,RotaryEmbeddingDeviceOperation,32,11426.0
2054144,1,RotaryEmbeddingDeviceOperation,32,11422.0
1482752,1,RotaryEmbeddingDeviceOperation,32,11418.0
1641472,1,RotaryEmbeddingDeviceOperation,32,11412.0
1697792,1,RotaryEmbeddingDeviceOperation,32,11407.0
1888256,1,RotaryEmbeddingDeviceOperation,32,11407.0
19456,,TilizeWithValPaddingDeviceOperation,43,11405.0
1419264,1,RotaryEmbeddingDeviceOperation,32,11403.0
185344,,TilizeWithValPaddingDeviceOperation,43,11397.0
1451008,1,RotaryEmbeddingDeviceOperation,32,11397.0
2181120,1,RotaryEmbeddingDeviceOperation,32,11397.0
73728,,TilizeWithValPaddingDeviceOperation,43,11394.0
1577984,1,RotaryEmbeddingDeviceOperation,32,11393.0
24576,,TilizeWithValPaddingDeviceOperation,43,11391.0
98304,,TilizeWithValPaddingDeviceOperation,43,11391.0
166912,,TilizeWithValPaddingDeviceOperation,43,11391.0
1539072,1,RotaryEmbeddingDeviceOperation,32,11390.0
1546240,1,RotaryEmbeddingDeviceOperation,32,11389.0
190464,,TilizeWithValPaddingDeviceOperation,43,11385.0
160768,,TilizeWithValPaddingDeviceOperation,43,11382.0
184320,,TilizeWithValPaddingDeviceOperation,43,11382.0
1856512,1,RotaryEmbeddingDeviceOperation,32,11380.0
92160,,TilizeWithValPaddingDeviceOperation,43,11379.0
1768448,1,RotaryEmbeddingDeviceOperation,32,11374.0
147456,,TilizeWithValPaddingDeviceOperation,43,11372.0
1863680,1,RotaryEmbeddingDeviceOperation,32,11364.0
191488,,TilizeWithValPaddingDeviceOperation,43,11363.0
43008,,TilizeWithValPaddingDeviceOperation,43,11360.0
31744,,TilizeWithValPaddingDeviceOperation,43,11357.0
2117632,1,RotaryEmbeddingDeviceOperation,32,11357.0
111616,,TilizeWithValPaddingDeviceOperation,43,11348.0
2046976,1,RotaryEmbeddingDeviceOperation,32,11336.0
130048,,TilizeWithValPaddingDeviceOperation,43,11331.0
1990656,1,RotaryEmbeddingDeviceOperation,32,11331.0
1602560,1,RotaryEmbeddingDeviceOperation,32,11328.0
1673216,1,RotaryEmbeddingDeviceOperation,32,11322.0
2244608,1,RotaryEmbeddingDeviceOperation,32,11321.0
7168,,TilizeWithValPaddingDeviceOperation,43,11315.0
2276352,1,RotaryEmbeddingDeviceOperation,32,11312.0
44032,,TilizeWithValPaddingDeviceOperation,43,11309.0
68608,,TilizeWithValPaddingDeviceOperation,43,11309.0
86016,,TilizeWithValPaddingDeviceOperation,43,11299.0
153600,,TilizeWithValPaddingDeviceOperation,43,11290.0
1609728,1,RotaryEmbeddingDeviceOperation,32,11283.0
30720,,TilizeWithValPaddingDeviceOperation,43,11282.0
2269184,1,RotaryEmbeddingDeviceOperation,32,11281.0
1831936,1,RotaryEmbeddingDeviceOperation,32,11277.0
13312,,TilizeWithValPaddingDeviceOperation,43,11275.0
105472,,TilizeWithValPaddingDeviceOperation,43,11267.0
67584,,TilizeWithValPaddingDeviceOperation,43,11264.0
1634304,1,RotaryEmbeddingDeviceOperation,32,11264.0
123904,,TilizeWithValPaddingDeviceOperation,43,11262.0
2149376,1,RotaryEmbeddingDeviceOperation,32,11259.0
1927168,1,RotaryEmbeddingDeviceOperation,32,11257.0
79872,,TilizeWithValPaddingDeviceOperation,43,11249.0
1800192,1,RotaryEmbeddingDeviceOperation,32,11247.0
62464,,TilizeWithValPaddingDeviceOperation,43,11242.0
196608,,TilizeWithValPaddingDeviceOperation,43,11237.0
6144,,TilizeWithValPaddingDeviceOperation,43,11228.0
122880,,TilizeWithValPaddingDeviceOperation,43,11227.0
1024,,TilizeWithValPaddingDeviceOperation,43,11226.0
178176,,TilizeWithValPaddingDeviceOperation,43,11225.0
179200,,TilizeWithValPaddingDeviceOperation,43,11218.0
141312,,TilizeWithValPaddingDeviceOperation,43,11207.0
93184,,TilizeWithValPaddingDeviceOperation,43,11206.0
110592,,TilizeWithValPaddingDeviceOperation,43,11195.0
49152,,TilizeWithValPaddingDeviceOperation,43,11189.0
116736,,TilizeWithValPaddingDeviceOperation,43,11177.0
50176,,TilizeWithValPaddingDeviceOperation,43,11175.0
136192,,TilizeWithValPaddingDeviceOperation,43,11135.0
87040,,TilizeWithValPaddingDeviceOperation,43,11059.0
289792,,FillPadDeviceOperation,64,9856.0
1387520,1,FillPadDeviceOperation,64,9285.0
282624,,TilizeDeviceOperation,32,9113.0
291840,,BinaryNgDeviceOperation,64,8742.0
1380352,1,TilizeDeviceOperation,32,8694.0
1389568,1,BinaryNgDeviceOperation,64,7063.0
454656,,NLPConcatHeadsDecodeDeviceOperation,32,7006.0
867328,,NLPConcatHeadsDecodeDeviceOperation,32,6938.0
486400,,NLPConcatHeadsDecodeDeviceOperation,32,6908.0
676864,,NLPConcatHeadsDecodeDeviceOperation,32,6903.0
740352,,NLPConcatHeadsDecodeDeviceOperation,32,6899.0
645120,,NLPConcatHeadsDecodeDeviceOperation,32,6897.0
994304,,NLPConcatHeadsDecodeDeviceOperation,32,6879.0
772096,,NLPConcatHeadsDecodeDeviceOperation,32,6871.0
708608,,NLPConcatHeadsDecodeDeviceOperation,32,6850.0
327680,,NLPConcatHeadsDecodeDeviceOperation,32,6840.0
613376,,NLPConcatHeadsDecodeDeviceOperation,32,6840.0
295936,,NLPConcatHeadsDecodeDeviceOperation,32,6837.0
422912,,NLPConcatHeadsDecodeDeviceOperation,32,6834.0
899072,,NLPConcatHeadsDecodeDeviceOperation,32,6830.0
1089536,,NLPConcatHeadsDecodeDeviceOperation,32,6827.0
1184768,,NLPConcatHeadsDecodeDeviceOperation,32,6827.0
518144,,NLPConcatHeadsDecodeDeviceOperation,32,6823.0
962560,,NLPConcatHeadsDecodeDeviceOperation,32,6817.0
1331200,1,TilizeWithValPaddingDeviceOperation,1,6817.0
1057792,,NLPConcatHeadsDecodeDeviceOperation,32,6812.0
1216512,,NLPConcatHeadsDecodeDeviceOperation,32,6811.0
581632,,NLPConcatHeadsDecodeDeviceOperation,32,6808.0
391168,,NLPConcatHeadsDecodeDeviceOperation,32,6793.0
803840,,NLPConcatHeadsDecodeDeviceOperation,32,6790.0
549888,,NLPConcatHeadsDecodeDeviceOperation,32,6781.0
835584,,NLPConcatHeadsDecodeDeviceOperation,32,6780.0
1280000,,NLPConcatHeadsDecodeDeviceOperation,32,6772.0
930816,,NLPConcatHeadsDecodeDeviceOperation,32,6758.0
1121280,,NLPConcatHeadsDecodeDeviceOperation,32,6758.0
359424,,NLPConcatHeadsDecodeDeviceOperation,32,6737.0
1972224,1,BinaryNgDeviceOperation,64,6720.0
2226176,1,BinaryNgDeviceOperation,64,6720.0
2353152,1,BinaryNgDeviceOperation,63,6720.0
1153024,,NLPConcatHeadsDecodeDeviceOperation,32,6719.0
1400832,1,BinaryNgDeviceOperation,64,6719.0
2162688,1,BinaryNgDeviceOperation,64,6718.0
1654784,1,BinaryNgDeviceOperation,64,6717.0
1845248,1,BinaryNgDeviceOperation,64,6717.0
1813504,1,BinaryNgDeviceOperation,64,6715.0
2194432,1,BinaryNgDeviceOperation,64,6715.0
1908736,1,BinaryNgDeviceOperation,64,6714.0
2321408,1,BinaryNgDeviceOperation,63,6714.0
2067456,1,BinaryNgDeviceOperation,64,6713.0
1527808,1,BinaryNgDeviceOperation,64,6711.0
1559552,1,BinaryNgDeviceOperation,64,6711.0
1686528,1,BinaryNgDeviceOperation,64,6710.0
1781760,1,BinaryNgDeviceOperation,64,6710.0
2003968,1,BinaryNgDeviceOperation,64,6709.0
1718272,1,BinaryNgDeviceOperation,64,6708.0
2289664,1,BinaryNgDeviceOperation,64,6708.0
2099200,1,BinaryNgDeviceOperation,64,6707.0
1940480,1,BinaryNgDeviceOperation,64,6706.0
1623040,1,BinaryNgDeviceOperation,64,6704.0
1464320,1,BinaryNgDeviceOperation,64,6703.0
1876992,1,BinaryNgDeviceOperation,64,6703.0
2257920,1,BinaryNgDeviceOperation,64,6703.0
2035712,1,BinaryNgDeviceOperation,64,6702.0
1496064,1,BinaryNgDeviceOperation,64,6701.0
1591296,1,BinaryNgDeviceOperation,64,6701.0
2384896,1,BinaryNgDeviceOperation,60,6697.0
1432576,1,BinaryNgDeviceOperation,64,6696.0
1750016,1,BinaryNgDeviceOperation,64,6696.0
2130944,1,BinaryNgDeviceOperation,64,6696.0
2187264,1,NLPConcatHeadsDecodeDeviceOperation,32,6674.0
1026048,,NLPConcatHeadsDecodeDeviceOperation,32,6669.0
736256,,TypecastDeviceOperation,64,6667.0
1346560,1,TilizeWithValPaddingDeviceOperation,1,6666.0
1248256,,NLPConcatHeadsDecodeDeviceOperation,32,6643.0
198656,,TilizeWithValPaddingDeviceOperation,1,6636.0
1364992,1,TilizeWithValPaddingDeviceOperation,1,6635.0
937984,,BinaryNgDeviceOperation,64,6629.0
1148928,,TypecastDeviceOperation,64,6627.0
969728,,BinaryNgDeviceOperation,64,6622.0
1001472,,BinaryNgDeviceOperation,64,6619.0
461824,,BinaryNgDeviceOperation,64,6616.0
811008,,BinaryNgDeviceOperation,64,6612.0
303104,,BinaryNgDeviceOperation,64,6609.0
1255424,,BinaryNgDeviceOperation,64,6605.0
430080,,BinaryNgDeviceOperation,64,6597.0
493568,,BinaryNgDeviceOperation,64,6597.0
1191936,,BinaryNgDeviceOperation,64,6596.0
525312,,BinaryNgDeviceOperation,64,6593.0
1160192,,BinaryNgDeviceOperation,64,6593.0
1287168,,BinaryNgDeviceOperation,64,6593.0
620544,,BinaryNgDeviceOperation,64,6592.0
366592,,BinaryNgDeviceOperation,64,6591.0
588800,,BinaryNgDeviceOperation,64,6591.0
1128448,,BinaryNgDeviceOperation,64,6590.0
874496,,BinaryNgDeviceOperation,64,6589.0
557056,,BinaryNgDeviceOperation,64,6588.0
684032,,BinaryNgDeviceOperation,64,6588.0
398336,,BinaryNgDeviceOperation,64,6587.0
334848,,BinaryNgDeviceOperation,64,6586.0
1096704,,BinaryNgDeviceOperation,64,6586.0
1064960,,BinaryNgDeviceOperation,64,6584.0
1223680,,BinaryNgDeviceOperation,64,6584.0
652288,,BinaryNgDeviceOperation,64,6582.0
779264,,BinaryNgDeviceOperation,64,6582.0
842752,,BinaryNgDeviceOperation,64,6582.0
906240,,BinaryNgDeviceOperation,64,6581.0
1033216,,BinaryNgDeviceOperation,64,6581.0
747520,,BinaryNgDeviceOperation,64,6578.0
1580032,1,TypecastDeviceOperation,64,6577.0
715776,,BinaryNgDeviceOperation,64,6576.0
248832,,TilizeWithValPaddingDeviceOperation,1,6558.0
1584128,1,NLPConcatHeadsDecodeDeviceOperation,32,6554.0
1996800,1,NLPConcatHeadsDecodeDeviceOperation,32,6554.0
1992704,1,TypecastDeviceOperation,64,6547.0
1296384,1,TilizeWithValPaddingDeviceOperation,1,6515.0
267264,,TilizeWithValPaddingDeviceOperation,1,6495.0
233472,,TilizeWithValPaddingDeviceOperation,1,6481.0
926720,,TypecastDeviceOperation,64,6444.0
2246656,1,TypecastDeviceOperation,64,6443.0
1707008,1,TypecastDeviceOperation,64,6428.0
1679360,1,NLPConcatHeadsDecodeDeviceOperation,32,6420.0
1085440,,TypecastDeviceOperation,64,6405.0
768000,,TypecastDeviceOperation,64,6400.0
1516544,1,TypecastDeviceOperation,64,6389.0
799744,,TypecastDeviceOperation,64,6376.0
1488896,1,NLPConcatHeadsDecodeDeviceOperation,32,6348.0
1453056,1,TypecastDeviceOperation,64,6292.0
1933312,1,NLPConcatHeadsDecodeDeviceOperation,32,6289.0
1244160,,TypecastDeviceOperation,64,6252.0
1615872,1,NLPConcatHeadsDecodeDeviceOperation,32,6246.0
1520640,1,NLPConcatHeadsDecodeDeviceOperation,32,6215.0
2092032,1,NLPConcatHeadsDecodeDeviceOperation,32,6202.0
482304,,TypecastDeviceOperation,64,6192.0
287744,,TypecastDeviceOperation,64,6181.0
2183168,1,TypecastDeviceOperation,64,6150.0
863232,,TypecastDeviceOperation,64,6136.0
323584,,TypecastDeviceOperation,64,6135.0
1180672,,TypecastDeviceOperation,64,6125.0
2341888,1,TypecastDeviceOperation,63,6118.0
2377728,1,NLPConcatHeadsDecodeDeviceOperation,28,6105.0
1865728,1,TypecastDeviceOperation,64,6096.0
1742848,1,NLPConcatHeadsDecodeDeviceOperation,32,6094.0
1929216,1,TypecastDeviceOperation,64,6094.0
1393664,1,NLPConcatHeadsDecodeDeviceOperation,32,6078.0
2151424,1,TypecastDeviceOperation,64,6043.0
831488,,TypecastDeviceOperation,64,6042.0
1611776,1,TypecastDeviceOperation,64,6042.0
1897472,1,TypecastDeviceOperation,64,6036.0
2155520,1,NLPConcatHeadsDecodeDeviceOperation,32,6028.0
2278400,1,TypecastDeviceOperation,64,6017.0
1738752,1,TypecastDeviceOperation,64,6012.0
2060288,1,NLPConcatHeadsDecodeDeviceOperation,32,6006.0
545792,,TypecastDeviceOperation,64,5998.0
1960960,1,TypecastDeviceOperation,64,5982.0
609280,,TypecastDeviceOperation,64,5980.0
2024448,1,TypecastDeviceOperation,64,5966.0
1385472,1,TypecastDeviceOperation,64,5965.0
387072,,TypecastDeviceOperation,64,5963.0
1643520,1,TypecastDeviceOperation,64,5952.0
355328,,TypecastDeviceOperation,64,5951.0
2186240,1,TypecastDeviceOperation,64,5951.0
1117184,,TypecastDeviceOperation,64,5945.0
280576,,UntilizeWithUnpaddingDeviceOperation,32,5942.0
2345984,1,NLPConcatHeadsDecodeDeviceOperation,31,5940.0
2028544,1,NLPConcatHeadsDecodeDeviceOperation,32,5938.0
1421312,1,TypecastDeviceOperation,64,5927.0
577536,,TypecastDeviceOperation,64,5922.0
2310144,1,TypecastDeviceOperation,64,5917.0
2373632,1,TypecastDeviceOperation,60,5915.0
2219008,1,NLPConcatHeadsDecodeDeviceOperation,32,5900.0
990208,,TypecastDeviceOperation,64,5899.0
1552384,1,NLPConcatHeadsDecodeDeviceOperation,32,5898.0
514048,,TypecastDeviceOperation,64,5883.0
2056192,1,TypecastDeviceOperation,64,5868.0
418816,,TypecastDeviceOperation,64,5862.0
1212416,,TypecastDeviceOperation,64,5861.0
1425408,1,NLPConcatHeadsDecodeDeviceOperation,32,5841.0
1802240,1,TypecastDeviceOperation,64,5833.0
2123776,1,NLPConcatHeadsDecodeDeviceOperation,32,5828.0
704512,,TypecastDeviceOperation,64,5827.0
1675264,1,TypecastDeviceOperation,64,5813.0
1275904,,TypecastDeviceOperation,64,5803.0
2119680,1,TypecastDeviceOperation,64,5791.0
1484800,1,TypecastDeviceOperation,64,5785.0
1647616,1,NLPConcatHeadsDecodeDeviceOperation,32,5779.0
1965056,1,NLPConcatHeadsDecodeDeviceOperation,32,5754.0
641024,,TypecastDeviceOperation,64,5744.0
1770496,1,TypecastDeviceOperation,64,5727.0
958464,,TypecastDeviceOperation,64,5715.0
1457152,1,NLPConcatHeadsDecodeDeviceOperation,32,5714.0
2250752,1,NLPConcatHeadsDecodeDeviceOperation,32,5710.0
1866752,1,InterleavedToShardedDeviceOperation,32,5670.0
672768,,TypecastDeviceOperation,64,5643.0
1487872,1,TypecastDeviceOperation,64,5631.0
1548288,1,TypecastDeviceOperation,64,5620.0
450560,,TypecastDeviceOperation,64,5618.0
1932288,1,TypecastDeviceOperation,64,5610.0
1711104,1,NLPConcatHeadsDecodeDeviceOperation,32,5608.0
1021952,,TypecastDeviceOperation,64,5603.0
1838080,1,NLPConcatHeadsDecodeDeviceOperation,32,5598.0
2376704,1,TypecastDeviceOperation,60,5595.0
1833984,1,TypecastDeviceOperation,64,5586.0
1901568,1,NLPConcatHeadsDecodeDeviceOperation,32,5586.0
1678336,1,TypecastDeviceOperation,64,5579.0
1806336,1,NLPConcatHeadsDecodeDeviceOperation,32,5578.0
2314240,1,NLPConcatHeadsDecodeDeviceOperation,32,5569.0
2087936,1,TypecastDeviceOperation,64,5560.0
2282496,1,NLPConcatHeadsDecodeDeviceOperation,32,5548.0
1869824,1,NLPConcatHeadsDecodeDeviceOperation,32,5544.0
1995776,1,TypecastDeviceOperation,64,5542.0
1774592,1,NLPConcatHeadsDecodeDeviceOperation,32,5532.0
2122752,1,TypecastDeviceOperation,64,5524.0
2214912,1,TypecastDeviceOperation,64,5490.0
1741824,1,TypecastDeviceOperation,64,5486.0
1614848,1,TypecastDeviceOperation,64,5475.0
1519616,1,TypecastDeviceOperation,64,5466.0
1710080,1,TypecastDeviceOperation,64,5453.0
1773568,1,TypecastDeviceOperation,64,5449.0
2027520,1,TypecastDeviceOperation,64,5428.0
1551360,1,TypecastDeviceOperation,64,5419.0
1964032,1,TypecastDeviceOperation,64,5413.0
1424384,1,TypecastDeviceOperation,64,5408.0
2313216,1,TypecastDeviceOperation,64,5378.0
2154496,1,TypecastDeviceOperation,64,5376.0
894976,,TypecastDeviceOperation,64,5373.0
2059264,1,TypecastDeviceOperation,64,5337.0
1900544,1,TypecastDeviceOperation,64,5315.0
2091008,1,TypecastDeviceOperation,64,5302.0
1053696,,TypecastDeviceOperation,64,5292.0
1868800,1,TypecastDeviceOperation,64,5290.0
275456,,TypecastDeviceOperation,64,5287.0
1382400,1,TypecastDeviceOperation,64,5254.0
2217984,1,TypecastDeviceOperation,64,5247.0
2249728,1,TypecastDeviceOperation,64,5235.0
866304,,TypecastDeviceOperation,64,5231.0
284672,,TypecastDeviceOperation,64,5216.0
1646592,1,TypecastDeviceOperation,64,5206.0
644096,,TypecastDeviceOperation,64,5203.0
1388544,1,ReduceDeviceOperation,32,5199.0
2344960,1,TypecastDeviceOperation,63,5179.0
517120,,TypecastDeviceOperation,64,5176.0
1583104,1,TypecastDeviceOperation,64,5175.0
421888,,TypecastDeviceOperation,64,5171.0
290816,,ReduceDeviceOperation,32,5168.0
1215488,,TypecastDeviceOperation,64,5162.0
548864,,TypecastDeviceOperation,64,5157.0
1456128,1,TypecastDeviceOperation,64,5154.0
453632,,TypecastDeviceOperation,64,5151.0
802816,,TypecastDeviceOperation,64,5151.0
358400,,TypecastDeviceOperation,64,5146.0
2279424,1,InterleavedToShardedDeviceOperation,32,5145.0
1373184,1,TypecastDeviceOperation,64,5142.0
739328,,TypecastDeviceOperation,64,5140.0
1056768,,TypecastDeviceOperation,64,5139.0
1120256,,TypecastDeviceOperation,64,5139.0
612352,,TypecastDeviceOperation,64,5136.0
675840,,TypecastDeviceOperation,64,5134.0
898048,,TypecastDeviceOperation,64,5134.0
1152000,,TypecastDeviceOperation,64,5130.0
961536,,TypecastDeviceOperation,64,5128.0
707584,,TypecastDeviceOperation,64,5123.0
993280,,TypecastDeviceOperation,64,5123.0
294912,,TypecastDeviceOperation,64,5121.0
1247232,,TypecastDeviceOperation,64,5121.0
771072,,TypecastDeviceOperation,64,5115.0
1088512,,TypecastDeviceOperation,64,5113.0
580608,,TypecastDeviceOperation,64,5111.0
2281472,1,TypecastDeviceOperation,64,5104.0
390144,,TypecastDeviceOperation,64,5102.0
929792,,TypecastDeviceOperation,64,5102.0
1025024,,TypecastDeviceOperation,64,5102.0
1837056,1,TypecastDeviceOperation,64,5100.0
1278976,,TypecastDeviceOperation,64,5092.0
1183744,,TypecastDeviceOperation,64,5087.0
834560,,TypecastDeviceOperation,64,5086.0
485376,,TypecastDeviceOperation,64,5084.0
326656,,TypecastDeviceOperation,64,5083.0
1378304,1,UntilizeWithUnpaddingDeviceOperation,32,5067.0
1805312,1,TypecastDeviceOperation,64,5000.0
1392640,1,TypecastDeviceOperation,64,4931.0
388096,,InterleavedToShardedDeviceOperation,32,4749.0
1149952,,InterleavedToShardedDeviceOperation,32,4601.0
800768,,InterleavedToShardedDeviceOperation,32,4596.0
546816,,InterleavedToShardedDeviceOperation,32,4588.0
959488,,InterleavedToShardedDeviceOperation,32,4541.0
1676288,1,InterleavedToShardedDeviceOperation,32,4500.0
1771520,1,InterleavedToShardedDeviceOperation,32,4424.0
515072,,InterleavedToShardedDeviceOperation,32,4353.0
292864,,InterleavedToShardedDeviceOperation,32,4336.0
1549312,1,InterleavedToShardedDeviceOperation,32,4324.0
769024,,InterleavedToShardedDeviceOperation,32,4300.0
1454080,1,InterleavedToShardedDeviceOperation,32,4269.0
1644544,1,InterleavedToShardedDeviceOperation,32,4269.0
1930240,1,InterleavedToShardedDeviceOperation,32,4238.0
1708032,1,InterleavedToShardedDeviceOperation,32,4227.0
1993728,1,InterleavedToShardedDeviceOperation,32,4224.0
451584,,InterleavedToShardedDeviceOperation,32,4218.0
927744,,InterleavedToShardedDeviceOperation,32,4179.0
610304,,InterleavedToShardedDeviceOperation,32,4170.0
1581056,1,InterleavedToShardedDeviceOperation,32,4163.0
356352,,InterleavedToShardedDeviceOperation,32,4158.0
2120704,1,InterleavedToShardedDeviceOperation,32,4124.0
578560,,InterleavedToShardedDeviceOperation,32,4084.0
2374656,1,InterleavedToShardedDeviceOperation,28,4083.0
1022976,,InterleavedToShardedDeviceOperation,32,4079.0
705536,,InterleavedToShardedDeviceOperation,32,4071.0
1181696,,InterleavedToShardedDeviceOperation,32,4067.0
673792,,InterleavedToShardedDeviceOperation,32,4038.0
2025472,1,InterleavedToShardedDeviceOperation,32,4016.0
2152448,1,InterleavedToShardedDeviceOperation,32,4012.0
1086464,,InterleavedToShardedDeviceOperation,32,4006.0
737280,,InterleavedToShardedDeviceOperation,32,4001.0
2057216,1,InterleavedToShardedDeviceOperation,32,3999.0
2088960,1,InterleavedToShardedDeviceOperation,32,3998.0
324608,,InterleavedToShardedDeviceOperation,32,3995.0
2311168,1,InterleavedToShardedDeviceOperation,32,3990.0
1485824,1,InterleavedToShardedDeviceOperation,32,3972.0
1276928,,InterleavedToShardedDeviceOperation,32,3965.0
896000,,InterleavedToShardedDeviceOperation,32,3964.0
1054720,,InterleavedToShardedDeviceOperation,32,3939.0
1739776,1,InterleavedToShardedDeviceOperation,32,3939.0
864256,,InterleavedToShardedDeviceOperation,32,3937.0
483328,,InterleavedToShardedDeviceOperation,32,3929.0
2215936,1,InterleavedToShardedDeviceOperation,32,3929.0
419840,,InterleavedToShardedDeviceOperation,32,3928.0
991232,,InterleavedToShardedDeviceOperation,32,3908.0
1803264,1,InterleavedToShardedDeviceOperation,32,3896.0
2342912,1,InterleavedToShardedDeviceOperation,31,3894.0
1245184,,InterleavedToShardedDeviceOperation,32,3882.0
832512,,InterleavedToShardedDeviceOperation,32,3863.0
1961984,1,InterleavedToShardedDeviceOperation,32,3842.0
2184192,1,InterleavedToShardedDeviceOperation,32,3820.0
1118208,,InterleavedToShardedDeviceOperation,32,3731.0
1517568,1,InterleavedToShardedDeviceOperation,32,3721.0
1213440,,InterleavedToShardedDeviceOperation,32,3717.0
2247680,1,InterleavedToShardedDeviceOperation,32,3709.0
1390592,1,InterleavedToShardedDeviceOperation,32,3631.0
642048,,InterleavedToShardedDeviceOperation,32,3609.0
1366016,1,BinaryNgDeviceOperation,64,3576.0
268288,,BinaryNgDeviceOperation,64,3551.0
288768,,ShardedToInterleavedDeviceOperation,32,3540.0
1422336,1,InterleavedToShardedDeviceOperation,32,3522.0
279552,,ShardedToInterleavedDeviceOperation,32,3514.0
281600,,RepeatDeviceOperation,64,3491.0
1612800,1,InterleavedToShardedDeviceOperation,32,3468.0
1381376,1,InterleavedToShardedDeviceOperation,32,3412.0
1835008,1,InterleavedToShardedDeviceOperation,32,3312.0
1898496,1,InterleavedToShardedDeviceOperation,32,3272.0
1386496,1,ShardedToInterleavedDeviceOperation,32,3190.0
1377280,1,ShardedToInterleavedDeviceOperation,32,3187.0
249856,,BinaryNgDeviceOperation,64,3152.0
1347584,1,BinaryNgDeviceOperation,64,3125.0
1379328,1,RepeatDeviceOperation,64,3084.0
1396736,1,BinaryNgDeviceOperation,64,3028.0
1414144,1,SliceDeviceOperation,64,2909.0
299008,,BinaryNgDeviceOperation,64,2906.0
1433600,1,ReshardDeviceOperation,56,2876.0
1261568,,ShardedToInterleavedDeviceOperation,64,2874.0
283648,,InterleavedToShardedDeviceOperation,32,2847.0
1438720,1,ShardedToInterleavedDeviceOperation,64,2845.0
1369088,1,UntilizeWithUnpaddingDeviceOperation,1,2818.0
285696,,ShardedToInterleavedDeviceOperation,32,2763.0
2041856,1,ShardedToInterleavedDeviceOperation,64,2749.0
1954816,1,InterleavedToShardedDeviceOperation,32,2742.0
1533952,1,ShardedToInterleavedDeviceOperation,64,2716.0
1192960,,ReshardDeviceOperation,56,2715.0
1541120,1,SliceDeviceOperation,64,2715.0
1687552,1,ReshardDeviceOperation,56,2712.0
975872,,ShardedToInterleavedDeviceOperation,64,2708.0
1401856,1,ReshardDeviceOperation,56,2697.0
1660928,1,ShardedToInterleavedDeviceOperation,64,2693.0
944128,,ShardedToInterleavedDeviceOperation,64,2692.0
748544,,ReshardDeviceOperation,56,2690.0
780288,,ReshardDeviceOperation,56,2689.0
1655808,1,ReshardDeviceOperation,56,2687.0
2232320,1,ShardedToInterleavedDeviceOperation,64,2684.0
589824,,ReshardDeviceOperation,56,2681.0
1332224,1,BinaryNgDeviceOperation,64,2679.0
912384,,ShardedToInterleavedDeviceOperation,64,2676.0
1297408,1,BinaryNgDeviceOperation,64,2671.0
431104,,ReshardDeviceOperation,56,2666.0
526336,,ReshardDeviceOperation,56,2666.0
1161216,,ReshardDeviceOperation,56,2666.0
2036736,1,ReshardDeviceOperation,56,2665.0
970752,,ReshardDeviceOperation,56,2664.0
939008,,ReshardDeviceOperation,56,2663.0
1288192,,ReshardDeviceOperation,56,2663.0
721920,,ShardedToInterleavedDeviceOperation,64,2659.0
271360,,UntilizeWithUnpaddingDeviceOperation,1,2656.0
1909760,1,ReshardDeviceOperation,56,2655.0
1946624,1,ShardedToInterleavedDeviceOperation,64,2653.0
1002496,,ReshardDeviceOperation,56,2650.0
1065984,,ReshardDeviceOperation,56,2649.0
2227200,1,ReshardDeviceOperation,56,2649.0
2354176,1,ReshardDeviceOperation,55,2644.0
304128,,ReshardDeviceOperation,56,2642.0
716800,,ReshardDeviceOperation,56,2642.0
1973248,1,ReshardDeviceOperation,56,2642.0
907264,,ReshardDeviceOperation,56,2641.0
1465344,1,ReshardDeviceOperation,56,2641.0
2004992,1,ReshardDeviceOperation,56,2641.0
1502208,1,ShardedToInterleavedDeviceOperation,64,2636.0
1814528,1,ReshardDeviceOperation,56,2634.0
1846272,1,ReshardDeviceOperation,56,2634.0
843776,,ReshardDeviceOperation,56,2633.0
335872,,ReshardDeviceOperation,56,2632.0
1097728,,ReshardDeviceOperation,56,2631.0
1497088,1,ReshardDeviceOperation,56,2630.0
2385920,1,ReshardDeviceOperation,52,2627.0
367616,,ReshardDeviceOperation,56,2625.0
2302976,1,SliceDeviceOperation,64,2622.0
1256448,,ReshardDeviceOperation,56,2620.0
2195456,1,ReshardDeviceOperation,56,2620.0
1751040,1,ReshardDeviceOperation,56,2618.0
1878016,1,ReshardDeviceOperation,56,2618.0
621568,,ReshardDeviceOperation,56,2617.0
653312,,ReshardDeviceOperation,56,2617.0
785408,,ShardedToInterleavedDeviceOperation,64,2616.0
1034240,,ReshardDeviceOperation,56,2615.0
1782784,1,ReshardDeviceOperation,56,2615.0
1560576,1,ReshardDeviceOperation,56,2613.0
875520,,ReshardDeviceOperation,56,2609.0
2168832,1,ShardedToInterleavedDeviceOperation,64,2609.0
462848,,ReshardDeviceOperation,56,2608.0
494592,,ReshardDeviceOperation,56,2602.0
1592320,1,ReshardDeviceOperation,56,2601.0
1341440,1,ShardedToInterleavedDeviceOperation,64,2599.0
1528832,1,ReshardDeviceOperation,56,2594.0
2068480,1,ReshardDeviceOperation,56,2594.0
2290688,1,ReshardDeviceOperation,56,2594.0
1224704,,ReshardDeviceOperation,56,2593.0
2258944,1,ReshardDeviceOperation,56,2593.0
1129472,,ReshardDeviceOperation,56,2591.0
2322432,1,ReshardDeviceOperation,55,2591.0
2327552,1,ShardedToInterleavedDeviceOperation,63,2588.0
812032,,ReshardDeviceOperation,56,2586.0
1624064,1,ReshardDeviceOperation,56,2578.0
2131968,1,ReshardDeviceOperation,56,2578.0
2163712,1,ReshardDeviceOperation,56,2575.0
1719296,1,ReshardDeviceOperation,56,2570.0
399360,,ReshardDeviceOperation,56,2569.0
685056,,ReshardDeviceOperation,56,2564.0
1007616,,ShardedToInterleavedDeviceOperation,64,2564.0
2200576,1,ShardedToInterleavedDeviceOperation,64,2558.0
2080768,1,SliceDeviceOperation,64,2557.0
199680,,BinaryNgDeviceOperation,64,2556.0
2137088,1,ShardedToInterleavedDeviceOperation,64,2556.0
1941504,1,ReshardDeviceOperation,56,2553.0
1198080,,ShardedToInterleavedDeviceOperation,64,2548.0
2100224,1,ReshardDeviceOperation,56,2546.0
1166336,,ShardedToInterleavedDeviceOperation,64,2540.0
558080,,ReshardDeviceOperation,56,2537.0
499712,,ShardedToInterleavedDeviceOperation,64,2532.0
1071104,,ShardedToInterleavedDeviceOperation,64,2532.0
1819648,1,ShardedToInterleavedDeviceOperation,64,2532.0
1890304,1,SliceDeviceOperation,64,2529.0
2105344,1,ShardedToInterleavedDeviceOperation,64,2508.0
1629184,1,ShardedToInterleavedDeviceOperation,64,2503.0
2264064,1,ShardedToInterleavedDeviceOperation,64,2500.0
2112512,1,SliceDeviceOperation,64,2487.0
243712,,ShardedToInterleavedDeviceOperation,64,2484.0
626688,,ShardedToInterleavedDeviceOperation,64,2484.0
1756160,1,ShardedToInterleavedDeviceOperation,64,2477.0
1731584,1,SliceDeviceOperation,64,2469.0
1914880,1,ShardedToInterleavedDeviceOperation,64,2469.0
234496,,BinaryNgDeviceOperation,64,2468.0
2359296,1,ShardedToInterleavedDeviceOperation,63,2452.0
1470464,1,ShardedToInterleavedDeviceOperation,64,2436.0
1565696,1,ShardedToInterleavedDeviceOperation,64,2436.0
2271232,1,SliceDeviceOperation,64,2436.0
1827840,1,InterleavedToShardedDeviceOperation,32,2433.0
1597440,1,ShardedToInterleavedDeviceOperation,64,2428.0
340992,,ShardedToInterleavedDeviceOperation,64,2420.0
753664,,ShardedToInterleavedDeviceOperation,64,2420.0
848896,,ShardedToInterleavedDeviceOperation,64,2420.0
531456,,ShardedToInterleavedDeviceOperation,64,2413.0
1851392,1,ShardedToInterleavedDeviceOperation,64,2413.0
1724416,1,ShardedToInterleavedDeviceOperation,64,2409.0
1764352,1,InterleavedToShardedDeviceOperation,32,2400.0
404480,,ShardedToInterleavedDeviceOperation,64,2393.0
1102848,,ShardedToInterleavedDeviceOperation,64,2388.0
1787904,1,ShardedToInterleavedDeviceOperation,64,2381.0
2073600,1,ShardedToInterleavedDeviceOperation,64,2380.0
1668096,1,SliceDeviceOperation,64,2374.0
880640,,ShardedToInterleavedDeviceOperation,64,2372.0
690176,,ShardedToInterleavedDeviceOperation,64,2365.0
2295808,1,ShardedToInterleavedDeviceOperation,64,2364.0
1046528,,SliceDeviceOperation,64,2362.0
467968,,ShardedToInterleavedDeviceOperation,64,2357.0
817152,,ShardedToInterleavedDeviceOperation,64,2356.0
563200,,ShardedToInterleavedDeviceOperation,64,2333.0
594944,,ShardedToInterleavedDeviceOperation,64,2324.0
2010112,1,ShardedToInterleavedDeviceOperation,64,2324.0
1229824,,ShardedToInterleavedDeviceOperation,64,2316.0
1978368,1,ShardedToInterleavedDeviceOperation,64,2316.0
1134592,,ShardedToInterleavedDeviceOperation,64,2309.0
309248,,ShardedToInterleavedDeviceOperation,64,2308.0
1406976,1,ShardedToInterleavedDeviceOperation,64,2303.0
1039360,,ShardedToInterleavedDeviceOperation,64,2292.0
436224,,ShardedToInterleavedDeviceOperation,64,2290.0
1883136,1,ShardedToInterleavedDeviceOperation,64,2284.0
372736,,ShardedToInterleavedDeviceOperation,64,2276.0
1268736,,SliceDeviceOperation,64,2276.0
1078272,,SliceDeviceOperation,64,2273.0
658432,,ShardedToInterleavedDeviceOperation,64,2253.0
348160,,SliceDeviceOperation,64,2243.0
1692672,1,ShardedToInterleavedDeviceOperation,64,2242.0
1205248,,SliceDeviceOperation,64,2241.0
2177024,1,InterleavedToShardedDeviceOperation,32,2234.0
538624,,SliceDeviceOperation,64,2233.0
1826816,1,SliceDeviceOperation,64,2224.0
379904,,SliceDeviceOperation,64,2220.0
1573888,1,InterleavedToShardedDeviceOperation,32,2161.0
792576,,SliceDeviceOperation,64,2155.0
475136,,SliceDeviceOperation,64,2133.0
602112,,SliceDeviceOperation,64,2129.0
1370112,1,RepeatDeviceOperation,64,2122.0
506880,,SliceDeviceOperation,64,2119.0
729088,,SliceDeviceOperation,64,2116.0
272384,,RepeatDeviceOperation,64,2115.0
2238464,1,ShardedToInterleavedDeviceOperation,32,2110.0
1923072,1,InterleavedToShardedDeviceOperation,32,2103.0
2145280,1,InterleavedToShardedDeviceOperation,32,2102.0
760832,,SliceDeviceOperation,64,2096.0
697344,,SliceDeviceOperation,64,2087.0
443392,,SliceDeviceOperation,64,2084.0
1700864,1,InterleavedToShardedDeviceOperation,32,2079.0
1794048,1,ShardedToInterleavedDeviceOperation,32,2077.0
2176000,1,SliceDeviceOperation,64,2059.0
963584,,ShardedToInterleavedDeviceOperation,32,2057.0
887808,,SliceDeviceOperation,64,2052.0
256000,,TypecastDeviceOperation,4,2051.0
263168,,ShardedToInterleavedDeviceOperation,32,2049.0
931840,,ShardedToInterleavedDeviceOperation,32,2049.0
1185792,,ShardedToInterleavedDeviceOperation,32,2049.0
951296,,SliceDeviceOperation,64,2046.0
983040,,SliceDeviceOperation,64,2045.0
1236992,,SliceDeviceOperation,64,2043.0
316416,,SliceDeviceOperation,64,2039.0
824320,,SliceDeviceOperation,64,2039.0
1636352,1,SliceDeviceOperation,64,2039.0
856064,,SliceDeviceOperation,64,2036.0
1141760,,SliceDeviceOperation,64,2030.0
259072,,TypecastDeviceOperation,4,2013.0
411648,,SliceDeviceOperation,64,2002.0
1360896,1,ShardedToInterleavedDeviceOperation,32,1996.0
1510400,1,InterleavedToShardedDeviceOperation,32,1996.0
1637376,1,InterleavedToShardedDeviceOperation,32,1996.0
1383424,1,ShardedToInterleavedDeviceOperation,32,1994.0
665600,,SliceDeviceOperation,64,1988.0
570368,,SliceDeviceOperation,64,1984.0
264192,,SliceDeviceOperation,64,1982.0
2113536,1,InterleavedToShardedDeviceOperation,32,1980.0
2394112,,UntilizeWithUnpaddingDeviceOperation,1,1980.0
1444864,1,ShardedToInterleavedDeviceOperation,32,1973.0
2365440,1,ShardedToInterleavedDeviceOperation,30,1973.0
664576,,ShardedToInterleavedDeviceOperation,32,1968.0
1172480,,ShardedToInterleavedDeviceOperation,32,1965.0
1521664,1,ShardedToInterleavedDeviceOperation,32,1964.0
919552,,SliceDeviceOperation,64,1955.0
328704,,ShardedToInterleavedDeviceOperation,32,1954.0
1110016,,SliceDeviceOperation,64,1954.0
1985536,1,SliceDeviceOperation,64,1954.0
1014784,,SliceDeviceOperation,64,1944.0
677888,,ShardedToInterleavedDeviceOperation,32,1937.0
773120,,ShardedToInterleavedDeviceOperation,32,1937.0
2333696,1,ShardedToInterleavedDeviceOperation,31,1936.0
1352704,1,UnaryDeviceOperation,64,1935.0
1603584,1,ShardedToInterleavedDeviceOperation,32,1935.0
633856,,SliceDeviceOperation,64,1932.0
1353728,1,TypecastDeviceOperation,4,1928.0
1235968,,ShardedToInterleavedDeviceOperation,32,1927.0
2079744,1,ShardedToInterleavedDeviceOperation,32,1925.0
982016,,ShardedToInterleavedDeviceOperation,32,1921.0
995328,,ShardedToInterleavedDeviceOperation,32,1921.0
1027072,,ShardedToInterleavedDeviceOperation,32,1921.0
1413120,1,ShardedToInterleavedDeviceOperation,32,1917.0
378880,,ShardedToInterleavedDeviceOperation,32,1915.0
505856,,ShardedToInterleavedDeviceOperation,32,1912.0
728064,,ShardedToInterleavedDeviceOperation,32,1911.0
1889280,1,ShardedToInterleavedDeviceOperation,32,1911.0
1013760,,ShardedToInterleavedDeviceOperation,32,1907.0
601088,,ShardedToInterleavedDeviceOperation,32,1905.0
646144,,ShardedToInterleavedDeviceOperation,32,1905.0
1825792,1,ShardedToInterleavedDeviceOperation,32,1903.0
1952768,1,ShardedToInterleavedDeviceOperation,32,1900.0
1667072,1,ShardedToInterleavedDeviceOperation,32,1897.0
2111488,1,ShardedToInterleavedDeviceOperation,32,1892.0
918528,,ShardedToInterleavedDeviceOperation,32,1890.0
1249280,,ShardedToInterleavedDeviceOperation,32,1889.0
2270208,1,ShardedToInterleavedDeviceOperation,32,1889.0
1356800,1,TypecastDeviceOperation,4,1885.0
1730560,1,ShardedToInterleavedDeviceOperation,32,1885.0
2048000,1,ShardedToInterleavedDeviceOperation,32,1885.0
886784,,ShardedToInterleavedDeviceOperation,32,1881.0
550912,,ShardedToInterleavedDeviceOperation,32,1878.0
1445888,1,SliceDeviceOperation,64,1878.0
1173504,,SliceDeviceOperation,64,1874.0
1090560,,ShardedToInterleavedDeviceOperation,32,1871.0
2335744,1,InterleavedToShardedDeviceOperation,31,1871.0
2143232,1,ShardedToInterleavedDeviceOperation,32,1869.0
455680,,ShardedToInterleavedDeviceOperation,32,1865.0
1858560,1,SliceDeviceOperation,64,1863.0
2301952,1,ShardedToInterleavedDeviceOperation,32,1860.0
823296,,ShardedToInterleavedDeviceOperation,32,1859.0
1508352,1,ShardedToInterleavedDeviceOperation,32,1855.0
632832,,ShardedToInterleavedDeviceOperation,32,1853.0
410624,,ShardedToInterleavedDeviceOperation,32,1852.0
2419712,,UntilizeWithUnpaddingDeviceOperation,1,1851.0
614400,,ShardedToInterleavedDeviceOperation,32,1849.0
1509376,1,SliceDeviceOperation,64,1845.0
696320,,ShardedToInterleavedDeviceOperation,32,1843.0
1762304,1,ShardedToInterleavedDeviceOperation,32,1843.0
1058816,,ShardedToInterleavedDeviceOperation,32,1841.0
1699840,1,SliceDeviceOperation,64,1840.0
254976,,UnaryDeviceOperation,64,1839.0
1267712,,ShardedToInterleavedDeviceOperation,32,1838.0
2049024,1,SliceDeviceOperation,64,1836.0
2144256,1,SliceDeviceOperation,64,1836.0
474112,,ShardedToInterleavedDeviceOperation,32,1835.0
423936,,ShardedToInterleavedDeviceOperation,32,1833.0
855040,,ShardedToInterleavedDeviceOperation,32,1823.0
2397184,,UntilizeWithUnpaddingDeviceOperation,1,1822.0
2017280,1,SliceDeviceOperation,64,1821.0
1204224,,ShardedToInterleavedDeviceOperation,32,1819.0
296960,,ShardedToInterleavedDeviceOperation,32,1818.0
569344,,ShardedToInterleavedDeviceOperation,32,1818.0
709632,,ShardedToInterleavedDeviceOperation,32,1818.0
1154048,,ShardedToInterleavedDeviceOperation,32,1817.0
2422784,,UntilizeWithUnpaddingDeviceOperation,1,1816.0
2207744,1,SliceDeviceOperation,64,1814.0
1355776,1,UnaryDeviceOperation,64,1809.0
1953792,1,SliceDeviceOperation,64,1809.0
1217536,,ShardedToInterleavedDeviceOperation,32,1808.0
950272,,ShardedToInterleavedDeviceOperation,32,1805.0
1572864,1,SliceDeviceOperation,64,1804.0
1281024,,ShardedToInterleavedDeviceOperation,32,1799.0
2016256,1,ShardedToInterleavedDeviceOperation,32,1799.0
2206720,1,ShardedToInterleavedDeviceOperation,32,1799.0
1361920,1,SliceDeviceOperation,64,1797.0
487424,,ShardedToInterleavedDeviceOperation,32,1793.0
1604608,1,SliceDeviceOperation,64,1793.0
2402304,,UntilizeWithUnpaddingDeviceOperation,1,1790.0
2366464,1,SliceDeviceOperation,62,1787.0
741376,,ShardedToInterleavedDeviceOperation,32,1786.0
2239488,1,SliceDeviceOperation,64,1785.0
1571840,1,ShardedToInterleavedDeviceOperation,32,1783.0
2174976,1,ShardedToInterleavedDeviceOperation,32,1783.0
315392,,ShardedToInterleavedDeviceOperation,32,1782.0
1540096,1,ShardedToInterleavedDeviceOperation,32,1782.0
1857536,1,ShardedToInterleavedDeviceOperation,32,1781.0
1795072,1,SliceDeviceOperation,64,1778.0
804864,,ShardedToInterleavedDeviceOperation,32,1777.0
791552,,ShardedToInterleavedDeviceOperation,32,1776.0
2410496,,UntilizeWithUnpaddingDeviceOperation,1,1773.0
347136,,ShardedToInterleavedDeviceOperation,32,1772.0
1477632,1,SliceDeviceOperation,64,1772.0
1111040,,InterleavedToShardedDeviceOperation,32,1771.0
582656,,ShardedToInterleavedDeviceOperation,32,1769.0
1122304,,ShardedToInterleavedDeviceOperation,32,1769.0
2334720,1,SliceDeviceOperation,63,1769.0
1045504,,ShardedToInterleavedDeviceOperation,32,1762.0
519168,,ShardedToInterleavedDeviceOperation,32,1761.0
759808,,ShardedToInterleavedDeviceOperation,32,1761.0
836608,,ShardedToInterleavedDeviceOperation,32,1761.0
900096,,ShardedToInterleavedDeviceOperation,32,1761.0
537600,,ShardedToInterleavedDeviceOperation,32,1759.0
1984512,1,ShardedToInterleavedDeviceOperation,32,1759.0
1077248,,ShardedToInterleavedDeviceOperation,32,1755.0
392192,,ShardedToInterleavedDeviceOperation,32,1745.0
1763328,1,SliceDeviceOperation,64,1744.0
2272256,1,InterleavedToShardedDeviceOperation,32,1740.0
1108992,,ShardedToInterleavedDeviceOperation,32,1734.0
442368,,ShardedToInterleavedDeviceOperation,32,1723.0
2424832,,UntilizeWithUnpaddingDeviceOperation,1,1722.0
258048,,UnaryDeviceOperation,64,1720.0
360448,,ShardedToInterleavedDeviceOperation,32,1713.0
1140736,,ShardedToInterleavedDeviceOperation,32,1712.0
2423808,,UntilizeWithUnpaddingDeviceOperation,1,1706.0
1476608,1,ShardedToInterleavedDeviceOperation,32,1704.0
1698816,1,ShardedToInterleavedDeviceOperation,32,1703.0
1635328,1,ShardedToInterleavedDeviceOperation,32,1701.0
2408448,,UntilizeWithUnpaddingDeviceOperation,1,1701.0
1922048,1,SliceDeviceOperation,64,1697.0
2416640,,UntilizeWithUnpaddingDeviceOperation,1,1691.0
2420736,,UntilizeWithUnpaddingDeviceOperation,1,1688.0
2395136,,UntilizeWithUnpaddingDeviceOperation,1,1687.0
2398208,,UntilizeWithUnpaddingDeviceOperation,1,1687.0
2400256,,UntilizeWithUnpaddingDeviceOperation,1,1687.0
2407424,,UntilizeWithUnpaddingDeviceOperation,1,1687.0
2401280,,UntilizeWithUnpaddingDeviceOperation,1,1686.0
2405376,,UntilizeWithUnpaddingDeviceOperation,1,1684.0
2418688,,UntilizeWithUnpaddingDeviceOperation,1,1681.0
1415168,1,InterleavedToShardedDeviceOperation,32,1678.0
2399232,,UntilizeWithUnpaddingDeviceOperation,1,1678.0
2411520,,UntilizeWithUnpaddingDeviceOperation,1,1678.0
2404352,,UntilizeWithUnpaddingDeviceOperation,1,1674.0
2413568,,UntilizeWithUnpaddingDeviceOperation,1,1674.0
2426880,,UntilizeWithUnpaddingDeviceOperation,1,1674.0
2403328,,UntilizeWithUnpaddingDeviceOperation,1,1671.0
2417664,,UntilizeWithUnpaddingDeviceOperation,1,1671.0
2421760,,UntilizeWithUnpaddingDeviceOperation,1,1665.0
1345536,1,TypecastDeviceOperation,1,1662.0
1585152,1,ShardedToInterleavedDeviceOperation,32,1662.0
2412544,,UntilizeWithUnpaddingDeviceOperation,1,1662.0
2425856,,UntilizeWithUnpaddingDeviceOperation,1,1662.0
2406400,,UntilizeWithUnpaddingDeviceOperation,1,1659.0
2396160,,UntilizeWithUnpaddingDeviceOperation,1,1658.0
2409472,,UntilizeWithUnpaddingDeviceOperation,1,1654.0
2414592,,UntilizeWithUnpaddingDeviceOperation,1,1649.0
2415616,,UntilizeWithUnpaddingDeviceOperation,1,1648.0
1426432,1,ShardedToInterleavedDeviceOperation,32,1643.0
1047552,,InterleavedToShardedDeviceOperation,32,1639.0
868352,,ShardedToInterleavedDeviceOperation,32,1638.0
1206272,,InterleavedToShardedDeviceOperation,32,1619.0
1142784,,InterleavedToShardedDeviceOperation,32,1616.0
1921024,1,ShardedToInterleavedDeviceOperation,32,1616.0
666624,,InterleavedToShardedDeviceOperation,32,1607.0
888832,,InterleavedToShardedDeviceOperation,32,1607.0
412672,,InterleavedToShardedDeviceOperation,32,1598.0
1902592,1,ShardedToInterleavedDeviceOperation,32,1593.0
2378752,1,ShardedToInterleavedDeviceOperation,28,1592.0
245760,,RepeatDeviceOperation,64,1591.0
1343488,1,RepeatDeviceOperation,64,1578.0
730112,,InterleavedToShardedDeviceOperation,32,1574.0
1350656,1,ConcatDeviceOperation,4,1571.0
2093056,1,ShardedToInterleavedDeviceOperation,32,1569.0
571392,,InterleavedToShardedDeviceOperation,32,1567.0
349184,,InterleavedToShardedDeviceOperation,32,1566.0
252928,,ConcatDeviceOperation,4,1564.0
1839104,1,ShardedToInterleavedDeviceOperation,32,1546.0
920576,,InterleavedToShardedDeviceOperation,32,1542.0
1553408,1,ShardedToInterleavedDeviceOperation,32,1537.0
1743872,1,ShardedToInterleavedDeviceOperation,32,1530.0
2061312,1,ShardedToInterleavedDeviceOperation,32,1526.0
380928,,InterleavedToShardedDeviceOperation,32,1521.0
2347008,1,ShardedToInterleavedDeviceOperation,31,1521.0
603136,,InterleavedToShardedDeviceOperation,32,1510.0
1334272,1,TypecastDeviceOperation,32,1509.0
1015808,,InterleavedToShardedDeviceOperation,32,1508.0
698368,,InterleavedToShardedDeviceOperation,32,1501.0
1648640,1,ShardedToInterleavedDeviceOperation,32,1501.0
1238016,,InterleavedToShardedDeviceOperation,32,1500.0
2050048,1,InterleavedToShardedDeviceOperation,32,1498.0
2188288,1,ShardedToInterleavedDeviceOperation,32,1498.0
1174528,,InterleavedToShardedDeviceOperation,32,1497.0
1079296,,InterleavedToShardedDeviceOperation,32,1496.0
2220032,1,ShardedToInterleavedDeviceOperation,32,1490.0
247808,,TypecastDeviceOperation,1,1478.0
539648,,InterleavedToShardedDeviceOperation,32,1472.0
1891328,1,InterleavedToShardedDeviceOperation,32,1467.0
274432,,InterleavedToShardedDeviceOperation,32,1466.0
317440,,InterleavedToShardedDeviceOperation,32,1466.0
761856,,InterleavedToShardedDeviceOperation,32,1465.0
1489920,1,ShardedToInterleavedDeviceOperation,32,1465.0
265216,,InterleavedToShardedDeviceOperation,32,1464.0
1338368,1,InterleavedToShardedDeviceOperation,64,1464.0
857088,,InterleavedToShardedDeviceOperation,32,1463.0
2315264,1,ShardedToInterleavedDeviceOperation,32,1463.0
952320,,InterleavedToShardedDeviceOperation,32,1462.0
793600,,InterleavedToShardedDeviceOperation,32,1457.0
1269760,,InterleavedToShardedDeviceOperation,32,1457.0
1542144,1,InterleavedToShardedDeviceOperation,32,1455.0
1458176,1,ShardedToInterleavedDeviceOperation,32,1450.0
825344,,InterleavedToShardedDeviceOperation,32,1444.0
444416,,InterleavedToShardedDeviceOperation,32,1442.0
476160,,InterleavedToShardedDeviceOperation,32,1442.0
1372160,1,InterleavedToShardedDeviceOperation,32,1442.0
1934336,1,ShardedToInterleavedDeviceOperation,32,1436.0
507904,,InterleavedToShardedDeviceOperation,32,1432.0
634880,,InterleavedToShardedDeviceOperation,32,1431.0
984064,,InterleavedToShardedDeviceOperation,32,1431.0
2304000,1,InterleavedToShardedDeviceOperation,32,1402.0
2124800,1,ShardedToInterleavedDeviceOperation,32,1401.0
1775616,1,ShardedToInterleavedDeviceOperation,32,1393.0
1859584,1,InterleavedToShardedDeviceOperation,32,1389.0
1669120,1,InterleavedToShardedDeviceOperation,32,1381.0
236544,,TypecastDeviceOperation,32,1380.0
1966080,1,ShardedToInterleavedDeviceOperation,32,1377.0
2251776,1,ShardedToInterleavedDeviceOperation,32,1377.0
240640,,InterleavedToShardedDeviceOperation,64,1358.0
2029568,1,ShardedToInterleavedDeviceOperation,32,1353.0
2018304,1,InterleavedToShardedDeviceOperation,32,1342.0
1680384,1,ShardedToInterleavedDeviceOperation,32,1338.0
1394688,1,ShardedToInterleavedDeviceOperation,32,1314.0
1870848,1,ShardedToInterleavedDeviceOperation,32,1314.0
1997824,1,ShardedToInterleavedDeviceOperation,32,1314.0
2156544,1,ShardedToInterleavedDeviceOperation,32,1311.0
2081792,1,InterleavedToShardedDeviceOperation,32,1301.0
1616896,1,ShardedToInterleavedDeviceOperation,32,1297.0
1807360,1,ShardedToInterleavedDeviceOperation,32,1290.0
1712128,1,ShardedToInterleavedDeviceOperation,32,1285.0
2283520,1,ShardedToInterleavedDeviceOperation,32,1244.0
1446912,1,InterleavedToShardedDeviceOperation,32,1232.0
1605632,1,InterleavedToShardedDeviceOperation,32,1179.0
1732608,1,InterleavedToShardedDeviceOperation,32,1159.0
1986560,1,InterleavedToShardedDeviceOperation,32,1134.0
2240512,1,InterleavedToShardedDeviceOperation,32,1120.0
1478656,1,InterleavedToShardedDeviceOperation,32,1066.0
2208768,1,InterleavedToShardedDeviceOperation,32,1047.0
1796096,1,InterleavedToShardedDeviceOperation,32,1014.0
1362944,1,InterleavedToShardedDeviceOperation,32,967.0
2367488,1,InterleavedToShardedDeviceOperation,28,946.0
219136,,ShardedToInterleavedDeviceOperation,1,919.0
210944,,ShardedToInterleavedDeviceOperation,1,912.0
207872,,ShardedToInterleavedDeviceOperation,1,911.0
212992,,ShardedToInterleavedDeviceOperation,1,910.0
1309696,1,ShardedToInterleavedDeviceOperation,1,905.0
216064,,ShardedToInterleavedDeviceOperation,1,895.0
1336320,1,CopyDeviceOperation,1,881.0
238592,,CopyDeviceOperation,1,880.0
1315840,1,ShardedToInterleavedDeviceOperation,1,849.0
223232,,ShardedToInterleavedDeviceOperation,1,847.0
1351680,1,InterleavedToShardedDeviceOperation,4,839.0
1300480,1,ShardedToInterleavedDeviceOperation,1,836.0
232448,,ShardedToInterleavedDeviceOperation,1,825.0
1303552,1,ShardedToInterleavedDeviceOperation,1,812.0
1306624,1,ShardedToInterleavedDeviceOperation,1,809.0
1328128,1,ShardedToInterleavedDeviceOperation,1,809.0
1325056,1,ShardedToInterleavedDeviceOperation,1,807.0
1312768,1,ShardedToInterleavedDeviceOperation,1,806.0
1318912,1,ShardedToInterleavedDeviceOperation,1,791.0
1321984,1,ShardedToInterleavedDeviceOperation,1,774.0
1299456,1,ShardedToInterleavedDeviceOperation,1,747.0
1308672,1,ShardedToInterleavedDeviceOperation,1,747.0
1330176,1,ShardedToInterleavedDeviceOperation,1,747.0
228352,,ShardedToInterleavedDeviceOperation,1,746.0
230400,,ShardedToInterleavedDeviceOperation,1,746.0
1320960,1,ShardedToInterleavedDeviceOperation,1,746.0
1324032,1,ShardedToInterleavedDeviceOperation,1,746.0
1310720,1,ShardedToInterleavedDeviceOperation,1,745.0
202752,,ShardedToInterleavedDeviceOperation,1,744.0
1298432,1,ShardedToInterleavedDeviceOperation,1,744.0
1329152,1,ShardedToInterleavedDeviceOperation,1,744.0
1333248,1,ShardedToInterleavedDeviceOperation,1,744.0
203776,,ShardedToInterleavedDeviceOperation,1,743.0
204800,,ShardedToInterleavedDeviceOperation,1,743.0
214016,,ShardedToInterleavedDeviceOperation,1,743.0
220160,,ShardedToInterleavedDeviceOperation,1,743.0
221184,,ShardedToInterleavedDeviceOperation,1,743.0
229376,,ShardedToInterleavedDeviceOperation,1,743.0
231424,,ShardedToInterleavedDeviceOperation,1,743.0
1313792,1,ShardedToInterleavedDeviceOperation,1,743.0
1319936,1,ShardedToInterleavedDeviceOperation,1,743.0
1326080,1,ShardedToInterleavedDeviceOperation,1,743.0
218112,,ShardedToInterleavedDeviceOperation,1,742.0
235520,,ShardedToInterleavedDeviceOperation,1,742.0
1302528,1,ShardedToInterleavedDeviceOperation,1,742.0
1317888,1,ShardedToInterleavedDeviceOperation,1,742.0
209920,,ShardedToInterleavedDeviceOperation,1,737.0
206848,,ShardedToInterleavedDeviceOperation,1,736.0
215040,,ShardedToInterleavedDeviceOperation,1,736.0
227328,,ShardedToInterleavedDeviceOperation,1,736.0
211968,,ShardedToInterleavedDeviceOperation,1,735.0
200704,,ShardedToInterleavedDeviceOperation,1,734.0
205824,,ShardedToInterleavedDeviceOperation,1,734.0
208896,,ShardedToInterleavedDeviceOperation,1,734.0
217088,,ShardedToInterleavedDeviceOperation,1,734.0
222208,,ShardedToInterleavedDeviceOperation,1,734.0
224256,,ShardedToInterleavedDeviceOperation,1,734.0
226304,,ShardedToInterleavedDeviceOperation,1,734.0
1301504,1,ShardedToInterleavedDeviceOperation,1,734.0
1304576,1,ShardedToInterleavedDeviceOperation,1,734.0
1305600,1,ShardedToInterleavedDeviceOperation,1,734.0
1311744,1,ShardedToInterleavedDeviceOperation,1,734.0
1316864,1,ShardedToInterleavedDeviceOperation,1,734.0
1323008,1,ShardedToInterleavedDeviceOperation,1,734.0
1327104,1,ShardedToInterleavedDeviceOperation,1,734.0
201728,,ShardedToInterleavedDeviceOperation,1,733.0
225280,,ShardedToInterleavedDeviceOperation,1,733.0
1307648,1,ShardedToInterleavedDeviceOperation,1,733.0
1354752,1,InterleavedToShardedDeviceOperation,4,730.0
251904,,ShardedToInterleavedDeviceOperation,2,711.0
1314816,1,ShardedToInterleavedDeviceOperation,1,710.0
257024,,InterleavedToShardedDeviceOperation,4,695.0
253952,,InterleavedToShardedDeviceOperation,4,694.0
250880,,ShardedToInterleavedDeviceOperation,2,690.0
1626112,1,BinaryNgDeviceOperation,64,632.0
1499136,1,BinaryNgDeviceOperation,64,628.0
1936384,1,BinaryNgDeviceOperation,64,627.0
1714176,1,BinaryNgDeviceOperation,64,625.0
1999872,1,BinaryNgDeviceOperation,64,625.0
2095104,1,BinaryNgDeviceOperation,64,625.0
2031616,1,BinaryNgDeviceOperation,64,621.0
2387968,1,BinaryNgDeviceOperation,60,621.0
1555456,1,BinaryNgDeviceOperation,64,620.0
1594368,1,BinaryNgDeviceOperation,64,619.0
2190336,1,BinaryNgDeviceOperation,64,618.0
1689600,1,BinaryNgDeviceOperation,64,617.0
1968128,1,BinaryNgDeviceOperation,64,617.0
1753088,1,BinaryNgDeviceOperation,64,616.0
2007040,1,BinaryNgDeviceOperation,64,616.0
2126848,1,BinaryNgDeviceOperation,64,616.0
1460224,1,BinaryNgDeviceOperation,64,615.0
2063360,1,BinaryNgDeviceOperation,64,615.0
2285568,1,BinaryNgDeviceOperation,64,614.0
1904640,1,BinaryNgDeviceOperation,64,612.0
1745920,1,BinaryNgDeviceOperation,64,611.0
2229248,1,BinaryNgDeviceOperation,64,611.0
1657856,1,BinaryNgDeviceOperation,64,610.0
1880064,1,BinaryNgDeviceOperation,64,610.0
1467392,1,BinaryNgDeviceOperation,64,608.0
1523712,1,BinaryNgDeviceOperation,64,608.0
1650688,1,BinaryNgDeviceOperation,64,608.0
1943552,1,BinaryNgDeviceOperation,64,608.0
2197504,1,BinaryNgDeviceOperation,64,608.0
2317312,1,BinaryNgDeviceOperation,64,608.0
2349056,1,BinaryNgDeviceOperation,63,608.0
1435648,1,BinaryNgDeviceOperation,64,607.0
1809408,1,BinaryNgDeviceOperation,64,607.0
2038784,1,BinaryNgDeviceOperation,64,607.0
1428480,1,BinaryNgDeviceOperation,64,606.0
1777664,1,BinaryNgDeviceOperation,64,606.0
2102272,1,BinaryNgDeviceOperation,64,606.0
2292736,1,BinaryNgDeviceOperation,64,606.0
1562624,1,BinaryNgDeviceOperation,64,604.0
1841152,1,BinaryNgDeviceOperation,64,604.0
2070528,1,BinaryNgDeviceOperation,64,604.0
2253824,1,BinaryNgDeviceOperation,64,604.0
2260992,1,BinaryNgDeviceOperation,64,604.0
1403904,1,BinaryNgDeviceOperation,64,603.0
1491968,1,BinaryNgDeviceOperation,64,603.0
1530880,1,BinaryNgDeviceOperation,64,603.0
1784832,1,BinaryNgDeviceOperation,64,603.0
1816576,1,BinaryNgDeviceOperation,64,603.0
1975296,1,BinaryNgDeviceOperation,64,603.0
2165760,1,BinaryNgDeviceOperation,64,603.0
1587200,1,BinaryNgDeviceOperation,64,602.0
1848320,1,BinaryNgDeviceOperation,64,602.0
2158592,1,BinaryNgDeviceOperation,64,602.0
1348608,1,ShardedToInterleavedDeviceOperation,2,600.0
1682432,1,BinaryNgDeviceOperation,64,600.0
1721344,1,BinaryNgDeviceOperation,64,600.0
2134016,1,BinaryNgDeviceOperation,64,600.0
1349632,1,ShardedToInterleavedDeviceOperation,2,599.0
1872896,1,BinaryNgDeviceOperation,64,599.0
1911808,1,BinaryNgDeviceOperation,64,599.0
1618944,1,BinaryNgDeviceOperation,64,598.0
2324480,1,BinaryNgDeviceOperation,63,597.0
2380800,1,BinaryNgDeviceOperation,60,597.0
541696,,ShardedToInterleavedDeviceOperation,4,595.0
2222080,1,BinaryNgDeviceOperation,64,595.0
277504,,ShardedToInterleavedDeviceOperation,4,594.0
1144832,,ShardedToInterleavedDeviceOperation,4,592.0
376832,,ShardedToInterleavedDeviceOperation,4,591.0
440320,,ShardedToInterleavedDeviceOperation,4,591.0
637952,,ShardedToInterleavedDeviceOperation,4,591.0
828416,,ShardedToInterleavedDeviceOperation,4,591.0
1209344,,ShardedToInterleavedDeviceOperation,4,591.0
2356224,1,BinaryNgDeviceOperation,63,591.0
1113088,,ShardedToInterleavedDeviceOperation,4,590.0
566272,,ShardedToInterleavedDeviceOperation,4,589.0
636928,,ShardedToInterleavedDeviceOperation,4,589.0
1105920,,ShardedToInterleavedDeviceOperation,4,589.0
447488,,ShardedToInterleavedDeviceOperation,4,588.0
1925120,1,ShardedToInterleavedDeviceOperation,4,587.0
987136,,ShardedToInterleavedDeviceOperation,4,586.0
1271808,,ShardedToInterleavedDeviceOperation,4,586.0
851968,,ShardedToInterleavedDeviceOperation,4,585.0
732160,,ShardedToInterleavedDeviceOperation,4,584.0
820224,,ShardedToInterleavedDeviceOperation,4,584.0
471040,,ShardedToInterleavedDeviceOperation,4,583.0
598016,,ShardedToInterleavedDeviceOperation,4,583.0
662528,,ShardedToInterleavedDeviceOperation,4,583.0
669696,,ShardedToInterleavedDeviceOperation,4,583.0
789504,,ShardedToInterleavedDeviceOperation,4,583.0
955392,,ShardedToInterleavedDeviceOperation,4,583.0
1043456,,ShardedToInterleavedDeviceOperation,4,583.0
1233920,,ShardedToInterleavedDeviceOperation,4,583.0
1265664,,ShardedToInterleavedDeviceOperation,4,583.0
1272832,,ShardedToInterleavedDeviceOperation,4,583.0
260096,,ShardedToInterleavedDeviceOperation,4,582.0
1081344,,ShardedToInterleavedDeviceOperation,4,582.0
415744,,ShardedToInterleavedDeviceOperation,4,581.0
1106944,,ShardedToInterleavedDeviceOperation,4,581.0
510976,,ShardedToInterleavedDeviceOperation,4,580.0
701440,,ShardedToInterleavedDeviceOperation,4,580.0
726016,,ShardedToInterleavedDeviceOperation,4,579.0
1201152,,ShardedToInterleavedDeviceOperation,4,579.0
922624,,ShardedToInterleavedDeviceOperation,4,578.0
1208320,,ShardedToInterleavedDeviceOperation,4,578.0
534528,,ShardedToInterleavedDeviceOperation,4,577.0
629760,,ShardedToInterleavedDeviceOperation,4,577.0
693248,,ShardedToInterleavedDeviceOperation,4,577.0
890880,,ShardedToInterleavedDeviceOperation,4,577.0
915456,,ShardedToInterleavedDeviceOperation,4,577.0
1042432,,ShardedToInterleavedDeviceOperation,4,577.0
1232896,,ShardedToInterleavedDeviceOperation,4,577.0
2109440,1,ShardedToInterleavedDeviceOperation,4,577.0
313344,,ShardedToInterleavedDeviceOperation,4,576.0
567296,,ShardedToInterleavedDeviceOperation,4,576.0
573440,,ShardedToInterleavedDeviceOperation,4,576.0
757760,,ShardedToInterleavedDeviceOperation,4,576.0
947200,,ShardedToInterleavedDeviceOperation,4,576.0
1011712,,ShardedToInterleavedDeviceOperation,4,576.0
1264640,,ShardedToInterleavedDeviceOperation,4,576.0
319488,,ShardedToInterleavedDeviceOperation,4,575.0
852992,,ShardedToInterleavedDeviceOperation,4,575.0
891904,,ShardedToInterleavedDeviceOperation,4,575.0
948224,,ShardedToInterleavedDeviceOperation,4,575.0
694272,,ShardedToInterleavedDeviceOperation,4,574.0
700416,,ShardedToInterleavedDeviceOperation,4,574.0
954368,,ShardedToInterleavedDeviceOperation,4,574.0
1017856,,ShardedToInterleavedDeviceOperation,4,574.0
276480,,ShardedToInterleavedDeviceOperation,4,573.0
1010688,,ShardedToInterleavedDeviceOperation,4,573.0
763904,,ShardedToInterleavedDeviceOperation,4,572.0
1082368,,ShardedToInterleavedDeviceOperation,4,572.0
1145856,,ShardedToInterleavedDeviceOperation,4,572.0
827392,,ShardedToInterleavedDeviceOperation,4,571.0
446464,,ShardedToInterleavedDeviceOperation,4,570.0
478208,,ShardedToInterleavedDeviceOperation,4,570.0
502784,,ShardedToInterleavedDeviceOperation,4,570.0
859136,,ShardedToInterleavedDeviceOperation,4,570.0
986112,,ShardedToInterleavedDeviceOperation,4,570.0
1049600,,ShardedToInterleavedDeviceOperation,4,570.0
1982464,1,ShardedToInterleavedDeviceOperation,4,570.0
978944,,ShardedToInterleavedDeviceOperation,4,569.0
407552,,ShardedToInterleavedDeviceOperation,4,568.0
414720,,ShardedToInterleavedDeviceOperation,4,568.0
479232,,ShardedToInterleavedDeviceOperation,4,567.0
733184,,ShardedToInterleavedDeviceOperation,4,567.0
1240064,,ShardedToInterleavedDeviceOperation,4,566.0
269312,,ShardedToInterleavedDeviceOperation,4,565.0
542720,,ShardedToInterleavedDeviceOperation,4,564.0
788480,,ShardedToInterleavedDeviceOperation,4,564.0
1672192,1,ShardedToInterleavedDeviceOperation,4,564.0
1138688,,ShardedToInterleavedDeviceOperation,4,563.0
795648,,ShardedToInterleavedDeviceOperation,4,561.0
1169408,,ShardedToInterleavedDeviceOperation,4,561.0
1664000,1,ShardedToInterleavedDeviceOperation,4,561.0
1822720,1,ShardedToInterleavedDeviceOperation,4,561.0
2140160,1,ShardedToInterleavedDeviceOperation,4,561.0
2235392,1,ShardedToInterleavedDeviceOperation,4,561.0
351232,,ShardedToInterleavedDeviceOperation,4,560.0
2076672,1,ShardedToInterleavedDeviceOperation,4,560.0
320512,,ShardedToInterleavedDeviceOperation,4,559.0
345088,,ShardedToInterleavedDeviceOperation,4,559.0
352256,,ShardedToInterleavedDeviceOperation,4,559.0
606208,,ShardedToInterleavedDeviceOperation,4,559.0
724992,,ShardedToInterleavedDeviceOperation,4,559.0
979968,,ShardedToInterleavedDeviceOperation,4,559.0
1075200,,ShardedToInterleavedDeviceOperation,4,559.0
1170432,,ShardedToInterleavedDeviceOperation,4,559.0
1759232,1,ShardedToInterleavedDeviceOperation,4,559.0
1176576,,ShardedToInterleavedDeviceOperation,4,558.0
1410048,1,ShardedToInterleavedDeviceOperation,4,558.0
1600512,1,ShardedToInterleavedDeviceOperation,4,558.0
1854464,1,ShardedToInterleavedDeviceOperation,4,558.0
1926144,1,ShardedToInterleavedDeviceOperation,4,558.0
2171904,1,ShardedToInterleavedDeviceOperation,4,558.0
2236416,1,ShardedToInterleavedDeviceOperation,4,558.0
408576,,ShardedToInterleavedDeviceOperation,4,556.0
756736,,ShardedToInterleavedDeviceOperation,4,556.0
1441792,1,ShardedToInterleavedDeviceOperation,4,556.0
1632256,1,ShardedToInterleavedDeviceOperation,4,556.0
2306048,1,ShardedToInterleavedDeviceOperation,4,556.0
1568768,1,ShardedToInterleavedDeviceOperation,4,555.0
1949696,1,ShardedToInterleavedDeviceOperation,4,555.0
2083840,1,ShardedToInterleavedDeviceOperation,4,555.0
2203648,1,ShardedToInterleavedDeviceOperation,4,555.0
1727488,1,ShardedToInterleavedDeviceOperation,4,554.0
375808,,ShardedToInterleavedDeviceOperation,4,553.0
382976,,ShardedToInterleavedDeviceOperation,4,553.0
439296,,ShardedToInterleavedDeviceOperation,4,553.0
1137664,,ShardedToInterleavedDeviceOperation,4,553.0
1473536,1,ShardedToInterleavedDeviceOperation,4,553.0
1702912,1,ShardedToInterleavedDeviceOperation,4,553.0
1735680,1,ShardedToInterleavedDeviceOperation,4,553.0
1855488,1,ShardedToInterleavedDeviceOperation,4,553.0
1917952,1,ShardedToInterleavedDeviceOperation,4,553.0
2299904,1,ShardedToInterleavedDeviceOperation,4,553.0
1417216,1,ShardedToInterleavedDeviceOperation,4,552.0
1981440,1,ShardedToInterleavedDeviceOperation,4,552.0
261120,,ShardedToInterleavedDeviceOperation,4,551.0
472064,,ShardedToInterleavedDeviceOperation,4,551.0
574464,,ShardedToInterleavedDeviceOperation,4,551.0
821248,,ShardedToInterleavedDeviceOperation,4,551.0
1177600,,ShardedToInterleavedDeviceOperation,4,551.0
1411072,1,ShardedToInterleavedDeviceOperation,4,551.0
1505280,1,ShardedToInterleavedDeviceOperation,4,551.0
1671168,1,ShardedToInterleavedDeviceOperation,4,551.0
1893376,1,ShardedToInterleavedDeviceOperation,4,551.0
1956864,1,ShardedToInterleavedDeviceOperation,4,551.0
2267136,1,ShardedToInterleavedDeviceOperation,4,551.0
2298880,1,ShardedToInterleavedDeviceOperation,4,551.0
1734656,1,ShardedToInterleavedDeviceOperation,4,550.0
1790976,1,ShardedToInterleavedDeviceOperation,4,550.0
2044928,1,ShardedToInterleavedDeviceOperation,4,550.0
2180096,1,ShardedToInterleavedDeviceOperation,4,550.0
312320,,ShardedToInterleavedDeviceOperation,4,549.0
1374208,1,ShardedToInterleavedDeviceOperation,4,549.0
1894400,1,ShardedToInterleavedDeviceOperation,4,549.0
2013184,1,ShardedToInterleavedDeviceOperation,4,549.0
883712,,ShardedToInterleavedDeviceOperation,4,548.0
1114112,,ShardedToInterleavedDeviceOperation,4,548.0
1537024,1,ShardedToInterleavedDeviceOperation,4,548.0
1575936,1,ShardedToInterleavedDeviceOperation,4,548.0
1950720,1,ShardedToInterleavedDeviceOperation,4,548.0
2108416,1,ShardedToInterleavedDeviceOperation,4,547.0
2179072,1,ShardedToInterleavedDeviceOperation,4,547.0
1474560,1,ShardedToInterleavedDeviceOperation,4,546.0
1695744,1,ShardedToInterleavedDeviceOperation,4,546.0
2362368,1,ShardedToInterleavedDeviceOperation,3,546.0
884736,,ShardedToInterleavedDeviceOperation,4,543.0
1538048,1,ShardedToInterleavedDeviceOperation,4,542.0
2045952,1,ShardedToInterleavedDeviceOperation,4,542.0
2077696,1,ShardedToInterleavedDeviceOperation,4,542.0
860160,,ShardedToInterleavedDeviceOperation,4,540.0
1823744,1,ShardedToInterleavedDeviceOperation,4,540.0
1640448,1,ShardedToInterleavedDeviceOperation,4,539.0
1665024,1,ShardedToInterleavedDeviceOperation,4,539.0
2084864,1,ShardedToInterleavedDeviceOperation,4,539.0
2338816,1,ShardedToInterleavedDeviceOperation,3,539.0
1418240,1,ShardedToInterleavedDeviceOperation,4,538.0
1544192,1,ShardedToInterleavedDeviceOperation,4,538.0
2116608,1,ShardedToInterleavedDeviceOperation,4,538.0
661504,,ShardedToInterleavedDeviceOperation,4,537.0
668672,,ShardedToInterleavedDeviceOperation,4,537.0
796672,,ShardedToInterleavedDeviceOperation,4,537.0
1074176,,ShardedToInterleavedDeviceOperation,4,537.0
1601536,1,ShardedToInterleavedDeviceOperation,4,537.0
1792000,1,ShardedToInterleavedDeviceOperation,4,537.0
1799168,1,ShardedToInterleavedDeviceOperation,4,537.0
2053120,1,ShardedToInterleavedDeviceOperation,4,537.0
2172928,1,ShardedToInterleavedDeviceOperation,4,537.0
1545216,1,ShardedToInterleavedDeviceOperation,4,536.0
1576960,1,ShardedToInterleavedDeviceOperation,4,536.0
1633280,1,ShardedToInterleavedDeviceOperation,4,536.0
1696768,1,ShardedToInterleavedDeviceOperation,4,536.0
1728512,1,ShardedToInterleavedDeviceOperation,4,536.0
1989632,1,ShardedToInterleavedDeviceOperation,4,536.0
2331648,1,ShardedToInterleavedDeviceOperation,3,536.0
344064,,ShardedToInterleavedDeviceOperation,4,535.0
535552,,ShardedToInterleavedDeviceOperation,4,535.0
599040,,ShardedToInterleavedDeviceOperation,4,535.0
630784,,ShardedToInterleavedDeviceOperation,4,535.0
1018880,,ShardedToInterleavedDeviceOperation,4,535.0
1202176,,ShardedToInterleavedDeviceOperation,4,535.0
1442816,1,ShardedToInterleavedDeviceOperation,4,535.0
1703936,1,ShardedToInterleavedDeviceOperation,4,535.0
2014208,1,ShardedToInterleavedDeviceOperation,4,535.0
2204672,1,ShardedToInterleavedDeviceOperation,4,535.0
764928,,ShardedToInterleavedDeviceOperation,4,534.0
1375232,1,ShardedToInterleavedDeviceOperation,4,534.0
1760256,1,ShardedToInterleavedDeviceOperation,4,534.0
1767424,1,ShardedToInterleavedDeviceOperation,4,534.0
1957888,1,ShardedToInterleavedDeviceOperation,4,534.0
2141184,1,ShardedToInterleavedDeviceOperation,4,534.0
2268160,1,ShardedToInterleavedDeviceOperation,4,534.0
2307072,1,ShardedToInterleavedDeviceOperation,4,533.0
509952,,ShardedToInterleavedDeviceOperation,4,532.0
1358848,1,ShardedToInterleavedDeviceOperation,4,532.0
1480704,1,ShardedToInterleavedDeviceOperation,4,532.0
1830912,1,ShardedToInterleavedDeviceOperation,4,532.0
1887232,1,ShardedToInterleavedDeviceOperation,4,532.0
2021376,1,ShardedToInterleavedDeviceOperation,4,532.0
2148352,1,ShardedToInterleavedDeviceOperation,4,532.0
2275328,1,ShardedToInterleavedDeviceOperation,4,532.0
2363392,1,ShardedToInterleavedDeviceOperation,3,532.0
1449984,1,ShardedToInterleavedDeviceOperation,4,531.0
1357824,1,ShardedToInterleavedDeviceOperation,4,530.0
1367040,1,ShardedToInterleavedDeviceOperation,4,530.0
1569792,1,ShardedToInterleavedDeviceOperation,4,530.0
1798144,1,ShardedToInterleavedDeviceOperation,4,530.0
2052096,1,ShardedToInterleavedDeviceOperation,4,530.0
503808,,ShardedToInterleavedDeviceOperation,4,529.0
605184,,ShardedToInterleavedDeviceOperation,4,529.0
1608704,1,ShardedToInterleavedDeviceOperation,4,529.0
1918976,1,ShardedToInterleavedDeviceOperation,4,529.0
2211840,1,ShardedToInterleavedDeviceOperation,4,529.0
2242560,1,ShardedToInterleavedDeviceOperation,4,529.0
2243584,1,ShardedToInterleavedDeviceOperation,4,529.0
1766400,1,ShardedToInterleavedDeviceOperation,4,528.0
1862656,1,ShardedToInterleavedDeviceOperation,4,528.0
2274304,1,ShardedToInterleavedDeviceOperation,4,528.0
384000,,ShardedToInterleavedDeviceOperation,4,527.0
916480,,ShardedToInterleavedDeviceOperation,4,527.0
923648,,ShardedToInterleavedDeviceOperation,4,527.0
1241088,,ShardedToInterleavedDeviceOperation,4,527.0
1481728,1,ShardedToInterleavedDeviceOperation,4,527.0
1506304,1,ShardedToInterleavedDeviceOperation,4,527.0
1513472,1,ShardedToInterleavedDeviceOperation,4,527.0
1886208,1,ShardedToInterleavedDeviceOperation,4,527.0
1050624,,ShardedToInterleavedDeviceOperation,4,526.0
1512448,1,ShardedToInterleavedDeviceOperation,4,525.0
1607680,1,ShardedToInterleavedDeviceOperation,4,525.0
1639424,1,ShardedToInterleavedDeviceOperation,4,525.0
1988608,1,ShardedToInterleavedDeviceOperation,4,525.0
2147328,1,ShardedToInterleavedDeviceOperation,4,525.0
2210816,1,ShardedToInterleavedDeviceOperation,4,525.0
782336,,BinaryNgDeviceOperation,64,524.0
1861632,1,ShardedToInterleavedDeviceOperation,4,524.0
2337792,1,ShardedToInterleavedDeviceOperation,3,524.0
1448960,1,ShardedToInterleavedDeviceOperation,4,523.0
2020352,1,ShardedToInterleavedDeviceOperation,4,523.0
2115584,1,ShardedToInterleavedDeviceOperation,4,521.0
1829888,1,ShardedToInterleavedDeviceOperation,4,520.0
616448,,BinaryNgDeviceOperation,64,514.0
433152,,BinaryNgDeviceOperation,64,511.0
972800,,BinaryNgDeviceOperation,64,510.0
591872,,BinaryNgDeviceOperation,64,508.0
464896,,BinaryNgDeviceOperation,64,501.0
521216,,BinaryNgDeviceOperation,64,501.0
902144,,BinaryNgDeviceOperation,64,501.0
1092608,,BinaryNgDeviceOperation,64,499.0
1219584,,BinaryNgDeviceOperation,64,498.0
369664,,BinaryNgDeviceOperation,64,496.0
965632,,BinaryNgDeviceOperation,64,496.0
679936,,BinaryNgDeviceOperation,64,495.0
1156096,,BinaryNgDeviceOperation,64,495.0
1187840,,BinaryNgDeviceOperation,64,495.0
457728,,BinaryNgDeviceOperation,64,494.0
687104,,BinaryNgDeviceOperation,64,494.0
401408,,BinaryNgDeviceOperation,64,492.0
1290240,,BinaryNgDeviceOperation,64,491.0
330752,,BinaryNgDeviceOperation,64,490.0
743424,,BinaryNgDeviceOperation,64,490.0
2330624,1,ShardedToInterleavedDeviceOperation,3,490.0
306176,,BinaryNgDeviceOperation,64,487.0
877568,,BinaryNgDeviceOperation,64,486.0
1131520,,BinaryNgDeviceOperation,64,485.0
560128,,BinaryNgDeviceOperation,64,484.0
718848,,BinaryNgDeviceOperation,64,482.0
1004544,,BinaryNgDeviceOperation,64,482.0
496640,,BinaryNgDeviceOperation,64,481.0
711680,,BinaryNgDeviceOperation,64,481.0
814080,,BinaryNgDeviceOperation,64,481.0
750592,,BinaryNgDeviceOperation,64,480.0
623616,,BinaryNgDeviceOperation,64,479.0
870400,,BinaryNgDeviceOperation,64,479.0
1029120,,BinaryNgDeviceOperation,64,479.0
425984,,BinaryNgDeviceOperation,64,478.0
845824,,BinaryNgDeviceOperation,64,478.0
941056,,BinaryNgDeviceOperation,64,478.0
1068032,,BinaryNgDeviceOperation,64,478.0
1226752,,BinaryNgDeviceOperation,64,478.0
1283072,,BinaryNgDeviceOperation,64,478.0
648192,,BinaryNgDeviceOperation,64,477.0
655360,,BinaryNgDeviceOperation,64,477.0
775168,,BinaryNgDeviceOperation,64,477.0
1258496,,BinaryNgDeviceOperation,64,477.0
394240,,BinaryNgDeviceOperation,64,476.0
584704,,BinaryNgDeviceOperation,64,476.0
838656,,BinaryNgDeviceOperation,64,476.0
337920,,BinaryNgDeviceOperation,64,475.0
806912,,BinaryNgDeviceOperation,64,475.0
933888,,BinaryNgDeviceOperation,64,475.0
1036288,,BinaryNgDeviceOperation,64,475.0
1060864,,BinaryNgDeviceOperation,64,475.0
1124352,,BinaryNgDeviceOperation,64,475.0
1163264,,BinaryNgDeviceOperation,64,475.0
1195008,,BinaryNgDeviceOperation,64,475.0
1251328,,BinaryNgDeviceOperation,64,475.0
552960,,BinaryNgDeviceOperation,64,474.0
489472,,BinaryNgDeviceOperation,64,473.0
1099776,,BinaryNgDeviceOperation,64,471.0
362496,,BinaryNgDeviceOperation,64,468.0
909312,,BinaryNgDeviceOperation,64,468.0
528384,,BinaryNgDeviceOperation,64,467.0
997376,,BinaryNgDeviceOperation,64,465.0
