op_id,replay,op_name,cores,duration_ns
295936,,CopyDeviceOperation,64,2125419.0
1393664,,MatmulDeviceOperation,64,1301708.0
2427904,1,MatmulDeviceOperation,63,1299775.0
217088,,CopyDeviceOperation,64,1000924.0
361472,,CopyDeviceOperation,64,990478.0
243712,,CopyDeviceOperation,64,949406.0
241664,,CopyDeviceOperation,64,939333.0
290816,,CopyDeviceOperation,64,938565.0
253952,,CopyDeviceOperation,64,936652.0
233472,,CopyDeviceOperation,64,934608.0
309248,,CopyDeviceOperation,64,934095.0
214016,,CopyDeviceOperation,64,933878.0
246784,,CopyDeviceOperation,64,933751.0
207872,,CopyDeviceOperation,64,932244.0
198656,,CopyDeviceOperation,64,930144.0
289792,,CopyDeviceOperation,64,929916.0
288768,,CopyDeviceOperation,64,929586.0
252928,,CopyDeviceOperation,64,929543.0
201728,,CopyDeviceOperation,64,929419.0
236544,,CopyDeviceOperation,64,929311.0
291840,,CopyDeviceOperation,64,929046.0
228352,,CopyDeviceOperation,64,928695.0
336896,,CopyDeviceOperation,64,928421.0
285696,,CopyDeviceOperation,64,927160.0
313344,,CopyDeviceOperation,64,926993.0
315392,,CopyDeviceOperation,64,926186.0
212992,,CopyDeviceOperation,64,925896.0
226304,,CopyDeviceOperation,64,925735.0
250880,,CopyDeviceOperation,64,925556.0
300032,,CopyDeviceOperation,64,925305.0
234496,,CopyDeviceOperation,64,925065.0
223232,,CopyDeviceOperation,64,924687.0
274432,,CopyDeviceOperation,64,924439.0
317440,,CopyDeviceOperation,64,923770.0
362496,,CopyDeviceOperation,64,920853.0
312320,,CopyDeviceOperation,64,920688.0
203776,,CopyDeviceOperation,64,920110.0
273408,,CopyDeviceOperation,64,919215.0
356352,,CopyDeviceOperation,64,918898.0
230400,,CopyDeviceOperation,64,918810.0
202752,,CopyDeviceOperation,64,918718.0
314368,,CopyDeviceOperation,64,916793.0
344064,,CopyDeviceOperation,64,915834.0
353280,,CopyDeviceOperation,64,914437.0
206848,,CopyDeviceOperation,64,913769.0
271360,,CopyDeviceOperation,64,912849.0
270336,,CopyDeviceOperation,64,912821.0
277504,,CopyDeviceOperation,64,912459.0
272384,,CopyDeviceOperation,64,912092.0
225280,,CopyDeviceOperation,64,909419.0
249856,,CopyDeviceOperation,64,908481.0
302080,,CopyDeviceOperation,64,908059.0
239616,,CopyDeviceOperation,64,907616.0
294912,,CopyDeviceOperation,64,906881.0
319488,,CopyDeviceOperation,64,906782.0
305152,,CopyDeviceOperation,64,906510.0
262144,,CopyDeviceOperation,64,905845.0
316416,,CopyDeviceOperation,64,905181.0
337920,,CopyDeviceOperation,64,903758.0
275456,,CopyDeviceOperation,64,900865.0
327680,,CopyDeviceOperation,64,900779.0
229376,,CopyDeviceOperation,64,899770.0
348160,,CopyDeviceOperation,64,898798.0
215040,,CopyDeviceOperation,64,896053.0
343040,,CopyDeviceOperation,64,894164.0
339968,,CopyDeviceOperation,64,893311.0
208896,,CopyDeviceOperation,64,891008.0
303104,,CopyDeviceOperation,64,840208.0
329728,,CopyDeviceOperation,64,826680.0
284672,,CopyDeviceOperation,64,825474.0
311296,,CopyDeviceOperation,64,820281.0
323584,,CopyDeviceOperation,64,817731.0
310272,,CopyDeviceOperation,64,813755.0
346112,,CopyDeviceOperation,64,811330.0
357376,,CopyDeviceOperation,64,808157.0
244736,,CopyDeviceOperation,64,807790.0
222208,,CopyDeviceOperation,64,806912.0
269312,,CopyDeviceOperation,64,803905.0
320512,,CopyDeviceOperation,64,803288.0
286720,,CopyDeviceOperation,64,801069.0
299008,,CopyDeviceOperation,64,799555.0
245760,,CopyDeviceOperation,64,799526.0
237568,,CopyDeviceOperation,64,798290.0
211968,,CopyDeviceOperation,64,797774.0
308224,,CopyDeviceOperation,64,796431.0
232448,,CopyDeviceOperation,64,796089.0
330752,,CopyDeviceOperation,64,795486.0
224256,,CopyDeviceOperation,64,795039.0
338944,,CopyDeviceOperation,64,790465.0
231424,,CopyDeviceOperation,64,790228.0
342016,,CopyDeviceOperation,64,789837.0
351232,,CopyDeviceOperation,64,788524.0
282624,,CopyDeviceOperation,64,788388.0
235520,,CopyDeviceOperation,64,787354.0
358400,,CopyDeviceOperation,64,782855.0
268288,,CopyDeviceOperation,64,781613.0
220160,,CopyDeviceOperation,64,780149.0
352256,,CopyDeviceOperation,64,776972.0
263168,,CopyDeviceOperation,64,768267.0
1396736,,ArgMaxDeviceOperation,64,710109.0
2430976,1,ArgMaxDeviceOperation,63,707676.0
326656,,CopyDeviceOperation,64,421164.0
238592,,CopyDeviceOperation,64,411468.0
287744,,CopyDeviceOperation,64,405021.0
199680,,CopyDeviceOperation,64,403925.0
297984,,CopyDeviceOperation,64,403789.0
204800,,CopyDeviceOperation,64,403706.0
280576,,CopyDeviceOperation,64,403198.0
322560,,CopyDeviceOperation,64,403181.0
292864,,CopyDeviceOperation,64,402443.0
334848,,CopyDeviceOperation,64,402391.0
258048,,CopyDeviceOperation,64,401824.0
345088,,CopyDeviceOperation,64,398009.0
200704,,CopyDeviceOperation,64,397118.0
227328,,CopyDeviceOperation,64,396605.0
257024,,CopyDeviceOperation,64,396492.0
333824,,CopyDeviceOperation,64,395592.0
209920,,CopyDeviceOperation,64,394960.0
266240,,CopyDeviceOperation,64,394112.0
301056,,CopyDeviceOperation,64,392405.0
242688,,CopyDeviceOperation,64,392071.0
360448,,CopyDeviceOperation,64,392061.0
247808,,CopyDeviceOperation,64,391102.0
349184,,CopyDeviceOperation,64,390206.0
318464,,CopyDeviceOperation,64,388060.0
325632,,CopyDeviceOperation,64,387882.0
218112,,CopyDeviceOperation,64,387088.0
283648,,CopyDeviceOperation,64,385835.0
248832,,CopyDeviceOperation,64,385471.0
293888,,CopyDeviceOperation,64,384815.0
328704,,CopyDeviceOperation,64,383171.0
251904,,CopyDeviceOperation,64,382782.0
354304,,CopyDeviceOperation,64,381516.0
240640,,CopyDeviceOperation,64,273897.0
265216,,CopyDeviceOperation,64,266733.0
279552,,CopyDeviceOperation,64,264380.0
340992,,CopyDeviceOperation,64,264290.0
347136,,CopyDeviceOperation,64,263396.0
264192,,CopyDeviceOperation,64,263256.0
219136,,CopyDeviceOperation,64,263017.0
278528,,CopyDeviceOperation,64,262761.0
332800,,CopyDeviceOperation,64,261136.0
350208,,CopyDeviceOperation,64,261098.0
205824,,CopyDeviceOperation,64,260947.0
1652736,1,MatmulDeviceOperation,64,260389.0
709632,,MatmulDeviceOperation,64,260232.0
1263616,,MatmulDeviceOperation,64,260146.0
2174976,1,MatmulDeviceOperation,64,260080.0
1990656,1,MatmulDeviceOperation,64,260033.0
1468416,1,MatmulDeviceOperation,64,259987.0
1355776,,MatmulDeviceOperation,64,259918.0
1170432,,MatmulDeviceOperation,64,259822.0
526336,,MatmulDeviceOperation,64,259657.0
2359296,1,MatmulDeviceOperation,64,259622.0
1744896,1,MatmulDeviceOperation,64,259585.0
2113536,1,MatmulDeviceOperation,64,259584.0
2204672,1,MatmulDeviceOperation,64,259554.0
1775616,1,MatmulDeviceOperation,64,259547.0
1262592,,MatmulDeviceOperation,64,259474.0
2296832,1,MatmulDeviceOperation,64,259470.0
434176,,MatmulDeviceOperation,64,259425.0
2328576,1,MatmulDeviceOperation,64,259423.0
924672,,MatmulDeviceOperation,64,259413.0
2420736,1,MatmulDeviceOperation,64,259395.0
2021376,1,MatmulDeviceOperation,64,259354.0
1683456,1,MatmulDeviceOperation,64,259345.0
1866752,1,MatmulDeviceOperation,64,259340.0
1560576,1,MatmulDeviceOperation,64,259318.0
2051072,1,MatmulDeviceOperation,64,259304.0
1590272,1,MatmulDeviceOperation,64,259296.0
1499136,1,MatmulDeviceOperation,64,259290.0
2205696,1,MatmulDeviceOperation,64,259234.0
1836032,1,MatmulDeviceOperation,64,259227.0
1898496,1,MatmulDeviceOperation,64,259217.0
740352,,MatmulDeviceOperation,64,259215.0
679936,,MatmulDeviceOperation,64,259214.0
1806336,1,MatmulDeviceOperation,64,259207.0
741376,,MatmulDeviceOperation,64,259204.0
221184,,CopyDeviceOperation,64,259178.0
1714176,1,MatmulDeviceOperation,64,259167.0
1929216,1,MatmulDeviceOperation,64,259158.0
494592,,MatmulDeviceOperation,64,259155.0
1232896,,MatmulDeviceOperation,64,259153.0
2390016,1,MatmulDeviceOperation,64,259153.0
1017856,,MatmulDeviceOperation,64,259147.0
557056,,MatmulDeviceOperation,64,259141.0
2419712,1,MatmulDeviceOperation,64,259128.0
1529856,1,MatmulDeviceOperation,64,259124.0
2081792,1,MatmulDeviceOperation,64,259119.0
1079296,,MatmulDeviceOperation,64,259108.0
1651712,1,MatmulDeviceOperation,64,259106.0
2144256,1,MatmulDeviceOperation,64,259094.0
495616,,MatmulDeviceOperation,64,259081.0
1897472,1,MatmulDeviceOperation,64,259065.0
1867776,1,MatmulDeviceOperation,64,259018.0
355328,,CopyDeviceOperation,64,258971.0
1959936,1,MatmulDeviceOperation,64,258950.0
2297856,1,MatmulDeviceOperation,64,258914.0
1591296,1,MatmulDeviceOperation,64,258895.0
925696,,MatmulDeviceOperation,64,258880.0
956416,,MatmulDeviceOperation,64,258872.0
2052096,1,MatmulDeviceOperation,64,258870.0
1774592,1,MatmulDeviceOperation,64,258868.0
2266112,1,MatmulDeviceOperation,64,258847.0
463872,,MatmulDeviceOperation,64,258761.0
464896,,MatmulDeviceOperation,64,258744.0
2082816,1,MatmulDeviceOperation,64,258744.0
802816,,MatmulDeviceOperation,64,258735.0
1805312,1,MatmulDeviceOperation,64,258720.0
987136,,MatmulDeviceOperation,64,258719.0
1294336,,MatmulDeviceOperation,64,258717.0
2358272,1,MatmulDeviceOperation,64,258712.0
1385472,,MatmulDeviceOperation,64,258668.0
617472,,MatmulDeviceOperation,64,258662.0
710656,,MatmulDeviceOperation,64,258650.0
1528832,1,MatmulDeviceOperation,64,258644.0
1325056,,MatmulDeviceOperation,64,258636.0
1108992,,MatmulDeviceOperation,64,258622.0
2020352,1,MatmulDeviceOperation,64,258615.0
1958912,1,MatmulDeviceOperation,64,258613.0
771072,,MatmulDeviceOperation,64,258602.0
1202176,,MatmulDeviceOperation,64,258600.0
864256,,MatmulDeviceOperation,64,258551.0
955392,,MatmulDeviceOperation,64,258548.0
1048576,,MatmulDeviceOperation,64,258541.0
1078272,,MatmulDeviceOperation,64,258539.0
678912,,MatmulDeviceOperation,64,258528.0
1386496,,MatmulDeviceOperation,64,258500.0
1016832,,MatmulDeviceOperation,64,258492.0
833536,,MatmulDeviceOperation,64,258484.0
267264,,CopyDeviceOperation,64,258483.0
1047552,,MatmulDeviceOperation,64,258466.0
1837056,1,MatmulDeviceOperation,64,258463.0
210944,,CopyDeviceOperation,64,258456.0
2267136,1,MatmulDeviceOperation,64,258454.0
2236416,1,MatmulDeviceOperation,64,258451.0
1139712,,MatmulDeviceOperation,64,258445.0
1498112,1,MatmulDeviceOperation,64,258398.0
1620992,1,MatmulDeviceOperation,64,258394.0
1231872,,MatmulDeviceOperation,64,258344.0
863232,,MatmulDeviceOperation,64,258338.0
1293312,,MatmulDeviceOperation,64,258337.0
307200,,CopyDeviceOperation,64,258324.0
1622016,1,MatmulDeviceOperation,64,258323.0
1354752,,MatmulDeviceOperation,64,258303.0
648192,,MatmulDeviceOperation,64,258297.0
433152,,MatmulDeviceOperation,64,258284.0
1201152,,MatmulDeviceOperation,64,258262.0
2388992,1,MatmulDeviceOperation,64,258260.0
1140736,,MatmulDeviceOperation,64,258253.0
986112,,MatmulDeviceOperation,64,258170.0
618496,,MatmulDeviceOperation,64,258168.0
1559552,1,MatmulDeviceOperation,64,258167.0
801792,,MatmulDeviceOperation,64,258103.0
2112512,1,MatmulDeviceOperation,64,258088.0
2235392,1,MatmulDeviceOperation,64,258067.0
1324032,,MatmulDeviceOperation,64,258037.0
259072,,CopyDeviceOperation,64,258033.0
1743872,1,MatmulDeviceOperation,64,258027.0
2143232,1,MatmulDeviceOperation,64,258013.0
1110016,,MatmulDeviceOperation,64,257993.0
893952,,MatmulDeviceOperation,64,257960.0
832512,,MatmulDeviceOperation,64,257951.0
556032,,MatmulDeviceOperation,64,257947.0
525312,,MatmulDeviceOperation,64,257933.0
772096,,MatmulDeviceOperation,64,257906.0
1171456,,MatmulDeviceOperation,64,257887.0
1713152,1,MatmulDeviceOperation,64,257872.0
1989632,1,MatmulDeviceOperation,64,257866.0
587776,,MatmulDeviceOperation,64,257840.0
649216,,MatmulDeviceOperation,64,257801.0
1467392,1,MatmulDeviceOperation,64,257791.0
894976,,MatmulDeviceOperation,64,257770.0
321536,,CopyDeviceOperation,64,257757.0
586752,,MatmulDeviceOperation,64,257740.0
2327552,1,MatmulDeviceOperation,64,257718.0
1682432,1,MatmulDeviceOperation,64,257717.0
1928192,1,MatmulDeviceOperation,64,257697.0
2173952,1,MatmulDeviceOperation,64,257674.0
296960,,CopyDeviceOperation,64,257465.0
324608,,CopyDeviceOperation,64,257145.0
256000,,CopyDeviceOperation,64,256726.0
261120,,CopyDeviceOperation,64,256430.0
306176,,CopyDeviceOperation,64,255918.0
216064,,CopyDeviceOperation,64,254912.0
281600,,CopyDeviceOperation,64,254669.0
335872,,CopyDeviceOperation,64,254522.0
2085888,1,MatmulDeviceOperation,64,253677.0
2208768,1,MatmulDeviceOperation,64,253400.0
1655808,1,MatmulDeviceOperation,64,253370.0
1625088,1,MatmulDeviceOperation,64,253364.0
359424,,CopyDeviceOperation,64,253360.0
1717248,1,MatmulDeviceOperation,64,253222.0
2024448,1,MatmulDeviceOperation,64,253204.0
1471488,1,MatmulDeviceOperation,64,253177.0
260096,,CopyDeviceOperation,64,253150.0
1932288,1,MatmulDeviceOperation,64,253114.0
836608,,MatmulDeviceOperation,64,253091.0
1051648,,MatmulDeviceOperation,64,253049.0
437248,,MatmulDeviceOperation,64,252932.0
590848,,MatmulDeviceOperation,64,252880.0
867328,,MatmulDeviceOperation,64,252871.0
2362368,1,MatmulDeviceOperation,64,252850.0
1532928,1,MatmulDeviceOperation,64,252846.0
898048,,MatmulDeviceOperation,64,252822.0
2178048,1,MatmulDeviceOperation,64,252799.0
2393088,1,MatmulDeviceOperation,64,252785.0
683008,,MatmulDeviceOperation,64,252783.0
928768,,MatmulDeviceOperation,64,252780.0
744448,,MatmulDeviceOperation,64,252775.0
2300928,1,MatmulDeviceOperation,64,252762.0
1563648,1,MatmulDeviceOperation,64,252667.0
621568,,MatmulDeviceOperation,64,252621.0
1594368,1,MatmulDeviceOperation,64,252577.0
1502208,1,MatmulDeviceOperation,64,252532.0
1901568,1,MatmulDeviceOperation,64,252522.0
2055168,1,MatmulDeviceOperation,64,252502.0
990208,,MatmulDeviceOperation,64,252489.0
1266688,,MatmulDeviceOperation,64,252447.0
1020928,,MatmulDeviceOperation,64,252445.0
2270208,1,MatmulDeviceOperation,64,252421.0
498688,,MatmulDeviceOperation,64,252414.0
1963008,1,MatmulDeviceOperation,64,252404.0
1174528,,MatmulDeviceOperation,64,252398.0
1082368,,MatmulDeviceOperation,64,252393.0
2331648,1,MatmulDeviceOperation,64,252372.0
1993728,1,MatmulDeviceOperation,64,252360.0
959488,,MatmulDeviceOperation,64,252353.0
1778688,1,MatmulDeviceOperation,64,252345.0
1686528,1,MatmulDeviceOperation,64,252331.0
1328128,,MatmulDeviceOperation,64,252325.0
1113088,,MatmulDeviceOperation,64,252287.0
2147328,1,MatmulDeviceOperation,64,252274.0
1235968,,MatmulDeviceOperation,64,252262.0
529408,,MatmulDeviceOperation,64,252259.0
1840128,1,MatmulDeviceOperation,64,252258.0
1143808,,MatmulDeviceOperation,64,252236.0
1809408,1,MatmulDeviceOperation,64,252230.0
2423808,1,MatmulDeviceOperation,63,252206.0
2239488,1,MatmulDeviceOperation,64,252161.0
467968,,MatmulDeviceOperation,64,252154.0
1870848,1,MatmulDeviceOperation,64,252140.0
775168,,MatmulDeviceOperation,64,252045.0
276480,,CopyDeviceOperation,64,252033.0
713728,,MatmulDeviceOperation,64,252007.0
1297408,,MatmulDeviceOperation,64,251999.0
652288,,MatmulDeviceOperation,64,251977.0
1389568,,MatmulDeviceOperation,64,251947.0
805888,,MatmulDeviceOperation,64,251926.0
1747968,1,MatmulDeviceOperation,64,251923.0
2116608,1,MatmulDeviceOperation,64,251858.0
1358848,,MatmulDeviceOperation,64,251835.0
331776,,CopyDeviceOperation,64,251820.0
1205248,,MatmulDeviceOperation,64,251742.0
560128,,MatmulDeviceOperation,64,251582.0
304128,,CopyDeviceOperation,64,250649.0
254976,,CopyDeviceOperation,64,249958.0
1844224,1,MatmulDeviceOperation,64,115937.0
1567744,1,MatmulDeviceOperation,64,115935.0
1782784,1,MatmulDeviceOperation,64,115853.0
1629184,1,MatmulDeviceOperation,64,115689.0
2182144,1,MatmulDeviceOperation,64,115667.0
2243584,1,MatmulDeviceOperation,64,115662.0
1506304,1,MatmulDeviceOperation,64,115510.0
1117184,,MatmulDeviceOperation,64,115461.0
1537024,1,MatmulDeviceOperation,64,115433.0
2059264,1,MatmulDeviceOperation,64,115423.0
2366464,1,MatmulDeviceOperation,64,115414.0
2151424,1,MatmulDeviceOperation,64,115394.0
2397184,1,MatmulDeviceOperation,64,115372.0
2120704,1,MatmulDeviceOperation,64,115350.0
502784,,MatmulDeviceOperation,64,115328.0
441344,,MatmulDeviceOperation,64,115294.0
1690624,1,MatmulDeviceOperation,64,115225.0
376832,,MatmulDeviceOperation,64,115211.0
1721344,1,MatmulDeviceOperation,64,115210.0
1475584,1,MatmulDeviceOperation,64,115203.0
1086464,,MatmulDeviceOperation,64,115187.0
2305024,1,MatmulDeviceOperation,64,115177.0
809984,,MatmulDeviceOperation,64,115167.0
656384,,MatmulDeviceOperation,64,115149.0
1178624,,MatmulDeviceOperation,64,115144.0
1209344,,MatmulDeviceOperation,64,115137.0
2274304,1,MatmulDeviceOperation,64,115136.0
963584,,MatmulDeviceOperation,64,115131.0
717824,,MatmulDeviceOperation,64,115130.0
1752064,1,MatmulDeviceOperation,64,115130.0
2212864,1,MatmulDeviceOperation,64,115127.0
1997824,1,MatmulDeviceOperation,64,115126.0
1411072,1,MatmulDeviceOperation,64,115122.0
1967104,1,MatmulDeviceOperation,64,115119.0
1362944,,MatmulDeviceOperation,64,115102.0
687104,,MatmulDeviceOperation,64,115096.0
472064,,MatmulDeviceOperation,64,115094.0
1301504,,MatmulDeviceOperation,64,115091.0
779264,,MatmulDeviceOperation,64,115082.0
748544,,MatmulDeviceOperation,64,115071.0
2335744,1,MatmulDeviceOperation,64,115070.0
2028544,1,MatmulDeviceOperation,64,115048.0
625664,,MatmulDeviceOperation,64,115047.0
1659904,1,MatmulDeviceOperation,64,115043.0
594944,,MatmulDeviceOperation,64,115023.0
1270784,,MatmulDeviceOperation,64,115015.0
1874944,1,MatmulDeviceOperation,64,115012.0
1598464,1,MatmulDeviceOperation,64,114990.0
994304,,MatmulDeviceOperation,64,114989.0
2089984,1,MatmulDeviceOperation,64,114962.0
1936384,1,MatmulDeviceOperation,64,114954.0
533504,,MatmulDeviceOperation,64,114940.0
1905664,1,MatmulDeviceOperation,64,114931.0
1025024,,MatmulDeviceOperation,64,114925.0
840704,,MatmulDeviceOperation,64,114904.0
1147904,,MatmulDeviceOperation,64,114897.0
871424,,MatmulDeviceOperation,64,114896.0
564224,,MatmulDeviceOperation,64,114882.0
932864,,MatmulDeviceOperation,64,114879.0
902144,,MatmulDeviceOperation,64,114874.0
1055744,,MatmulDeviceOperation,64,114823.0
1813504,1,MatmulDeviceOperation,64,114821.0
1332224,,MatmulDeviceOperation,64,114767.0
1240064,,MatmulDeviceOperation,64,114648.0
34816,,TilizeDeviceOperation,64,100075.0
124928,,TilizeDeviceOperation,64,99428.0
157696,,TilizeDeviceOperation,64,99407.0
47104,,TilizeDeviceOperation,64,99024.0
75776,,TilizeDeviceOperation,64,99007.0
112640,,TilizeDeviceOperation,64,98803.0
10240,,TilizeDeviceOperation,64,98411.0
14336,,TilizeDeviceOperation,64,97954.0
71680,,TilizeDeviceOperation,64,97865.0
28672,,TilizeDeviceOperation,64,97841.0
2048,,TilizeDeviceOperation,64,97708.0
106496,,TilizeDeviceOperation,64,97682.0
192512,,TilizeDeviceOperation,64,97424.0
8192,,TilizeDeviceOperation,64,97324.0
143360,,TilizeDeviceOperation,64,97307.0
145408,,TilizeDeviceOperation,64,97290.0
4096,,TilizeDeviceOperation,64,97244.0
32768,,TilizeDeviceOperation,64,97133.0
20480,,TilizeDeviceOperation,64,97112.0
45056,,TilizeDeviceOperation,64,97089.0
51200,,TilizeDeviceOperation,64,97054.0
118784,,TilizeDeviceOperation,64,97039.0
59392,,TilizeDeviceOperation,64,97016.0
57344,,TilizeDeviceOperation,64,96982.0
63488,,TilizeDeviceOperation,64,96966.0
188416,,TilizeDeviceOperation,64,96871.0
26624,,TilizeDeviceOperation,64,96833.0
169984,,TilizeDeviceOperation,64,96815.0
155648,,TilizeDeviceOperation,64,96727.0
94208,,TilizeDeviceOperation,64,96659.0
137216,,TilizeDeviceOperation,64,96619.0
163840,,TilizeDeviceOperation,64,96619.0
114688,,TilizeDeviceOperation,64,96617.0
102400,,TilizeDeviceOperation,64,96589.0
81920,,TilizeDeviceOperation,64,96516.0
182272,,TilizeDeviceOperation,64,96446.0
96256,,TilizeDeviceOperation,64,96342.0
53248,,TilizeDeviceOperation,64,96290.0
83968,,TilizeDeviceOperation,64,96273.0
126976,,TilizeDeviceOperation,64,96239.0
186368,,TilizeDeviceOperation,64,96233.0
40960,,TilizeDeviceOperation,64,96227.0
180224,,TilizeDeviceOperation,64,96212.0
100352,,TilizeDeviceOperation,64,96181.0
88064,,TilizeDeviceOperation,64,96093.0
120832,,TilizeDeviceOperation,64,96080.0
194560,,TilizeDeviceOperation,64,96001.0
161792,,TilizeDeviceOperation,64,95987.0
139264,,TilizeDeviceOperation,64,95771.0
131072,,TilizeDeviceOperation,64,95683.0
77824,,TilizeDeviceOperation,64,95670.0
151552,,TilizeDeviceOperation,64,95650.0
133120,,TilizeDeviceOperation,64,95594.0
65536,,TilizeDeviceOperation,64,95532.0
167936,,TilizeDeviceOperation,64,95493.0
149504,,TilizeDeviceOperation,64,95424.0
174080,,TilizeDeviceOperation,64,95359.0
90112,,TilizeDeviceOperation,64,95241.0
69632,,TilizeDeviceOperation,64,95223.0
22528,,TilizeDeviceOperation,64,94908.0
176128,,TilizeDeviceOperation,64,94890.0
16384,,TilizeDeviceOperation,64,94769.0
108544,,TilizeDeviceOperation,64,94369.0
38912,,TilizeDeviceOperation,64,93923.0
1524736,1,MatmulDeviceOperation,64,81561.0
2231296,1,MatmulDeviceOperation,64,81283.0
1709056,1,MatmulDeviceOperation,64,81233.0
1739776,1,MatmulDeviceOperation,64,81189.0
1862656,1,MatmulDeviceOperation,64,81096.0
2323456,1,MatmulDeviceOperation,64,81077.0
1770496,1,MatmulDeviceOperation,64,81047.0
1463296,1,MatmulDeviceOperation,64,81011.0
1801216,1,MatmulDeviceOperation,64,80974.0
2200576,1,MatmulDeviceOperation,64,80895.0
1616896,1,MatmulDeviceOperation,64,80878.0
1319936,,MatmulDeviceOperation,64,80847.0
2108416,1,MatmulDeviceOperation,64,80847.0
2169856,1,MatmulDeviceOperation,64,80846.0
1831936,1,MatmulDeviceOperation,64,80827.0
1985536,1,MatmulDeviceOperation,64,80815.0
1227776,,MatmulDeviceOperation,64,80717.0
1166336,,MatmulDeviceOperation,64,80716.0
889856,,MatmulDeviceOperation,64,80705.0
1954816,1,MatmulDeviceOperation,64,80675.0
459776,,MatmulDeviceOperation,64,80666.0
797696,,MatmulDeviceOperation,64,80662.0
951296,,MatmulDeviceOperation,64,80658.0
1135616,,MatmulDeviceOperation,64,80637.0
2046976,1,MatmulDeviceOperation,64,80636.0
982016,,MatmulDeviceOperation,64,80634.0
644096,,MatmulDeviceOperation,64,80616.0
1197056,,MatmulDeviceOperation,64,80594.0
2016256,1,MatmulDeviceOperation,64,80594.0
1104896,,MatmulDeviceOperation,64,80579.0
521216,,MatmulDeviceOperation,64,80569.0
2077696,1,MatmulDeviceOperation,64,80569.0
2354176,1,MatmulDeviceOperation,64,80569.0
1381376,,MatmulDeviceOperation,64,80553.0
920576,,MatmulDeviceOperation,64,80551.0
2384896,1,MatmulDeviceOperation,64,80548.0
1258496,,MatmulDeviceOperation,64,80531.0
1924096,1,MatmulDeviceOperation,64,80529.0
1074176,,MatmulDeviceOperation,64,80508.0
613376,,MatmulDeviceOperation,64,80501.0
1647616,1,MatmulDeviceOperation,64,80499.0
828416,,MatmulDeviceOperation,64,80493.0
1012736,,MatmulDeviceOperation,64,80487.0
2139136,1,MatmulDeviceOperation,64,80473.0
429056,,MatmulDeviceOperation,64,80459.0
1893376,1,MatmulDeviceOperation,64,80453.0
736256,,MatmulDeviceOperation,64,80452.0
859136,,MatmulDeviceOperation,64,80408.0
1043456,,MatmulDeviceOperation,64,80405.0
705536,,MatmulDeviceOperation,64,80403.0
551936,,MatmulDeviceOperation,64,80399.0
766976,,MatmulDeviceOperation,64,80375.0
2415616,1,MatmulDeviceOperation,64,80363.0
490496,,MatmulDeviceOperation,64,80342.0
1350656,,MatmulDeviceOperation,64,80339.0
674816,,MatmulDeviceOperation,64,80322.0
1494016,1,MatmulDeviceOperation,64,80322.0
2292736,1,MatmulDeviceOperation,64,80243.0
582656,,MatmulDeviceOperation,64,80216.0
2262016,1,MatmulDeviceOperation,64,80200.0
1586176,1,MatmulDeviceOperation,64,80195.0
1678336,1,MatmulDeviceOperation,64,80155.0
1289216,,MatmulDeviceOperation,64,79985.0
1555456,1,MatmulDeviceOperation,64,79933.0
1762304,1,SdpaDecodeDeviceOperation,64,74161.0
1035264,,SdpaDecodeDeviceOperation,64,73474.0
1700864,1,SdpaDecodeDeviceOperation,64,73281.0
2069504,1,SdpaDecodeDeviceOperation,64,73169.0
1793024,1,SdpaDecodeDeviceOperation,64,73138.0
1670144,1,SdpaDecodeDeviceOperation,64,73100.0
1608704,1,SdpaDecodeDeviceOperation,64,72961.0
2407424,1,SdpaDecodeDeviceOperation,64,72938.0
1451008,1,SdpaDecodeDeviceOperation,64,72925.0
1485824,1,SdpaDecodeDeviceOperation,64,72918.0
1219584,,SdpaDecodeDeviceOperation,64,72806.0
2253824,1,SdpaDecodeDeviceOperation,64,72732.0
666624,,SdpaDecodeDeviceOperation,64,72661.0
2038784,1,SdpaDecodeDeviceOperation,64,72516.0
605184,,SdpaDecodeDeviceOperation,64,72434.0
2284544,1,SdpaDecodeDeviceOperation,64,72407.0
1127424,,SdpaDecodeDeviceOperation,64,72387.0
1096704,,SdpaDecodeDeviceOperation,64,72372.0
2192384,1,SdpaDecodeDeviceOperation,64,72354.0
1731584,1,SdpaDecodeDeviceOperation,64,72311.0
1547264,1,SdpaDecodeDeviceOperation,64,72232.0
973824,,SdpaDecodeDeviceOperation,64,72161.0
728064,,SdpaDecodeDeviceOperation,64,72140.0
1915904,1,SdpaDecodeDeviceOperation,64,72114.0
1577984,1,SdpaDecodeDeviceOperation,64,72096.0
2100224,1,SdpaDecodeDeviceOperation,64,72085.0
543744,,SdpaDecodeDeviceOperation,64,72030.0
2130944,1,SdpaDecodeDeviceOperation,64,72026.0
850944,,SdpaDecodeDeviceOperation,64,71987.0
943104,,SdpaDecodeDeviceOperation,64,71969.0
2345984,1,SdpaDecodeDeviceOperation,64,71934.0
758784,,SdpaDecodeDeviceOperation,64,71914.0
881664,,SdpaDecodeDeviceOperation,64,71815.0
1946624,1,SdpaDecodeDeviceOperation,64,71774.0
1823744,1,SdpaDecodeDeviceOperation,64,71711.0
451584,,SdpaDecodeDeviceOperation,64,71673.0
820224,,SdpaDecodeDeviceOperation,64,71541.0
416768,,SdpaDecodeDeviceOperation,64,71495.0
84992,,TypecastDeviceOperation,64,71458.0
1065984,,SdpaDecodeDeviceOperation,64,71425.0
1977344,1,SdpaDecodeDeviceOperation,64,71395.0
1373184,,SdpaDecodeDeviceOperation,64,71378.0
482304,,SdpaDecodeDeviceOperation,64,71369.0
1281024,,SdpaDecodeDeviceOperation,64,71360.0
1516544,1,SdpaDecodeDeviceOperation,64,71340.0
635904,,SdpaDecodeDeviceOperation,64,71304.0
2161664,1,SdpaDecodeDeviceOperation,64,71301.0
1158144,,SdpaDecodeDeviceOperation,64,71283.0
1854464,1,SdpaDecodeDeviceOperation,64,71136.0
574464,,SdpaDecodeDeviceOperation,64,71134.0
2223104,1,SdpaDecodeDeviceOperation,64,71127.0
1250304,,SdpaDecodeDeviceOperation,64,71007.0
789504,,SdpaDecodeDeviceOperation,64,70987.0
1639424,1,SdpaDecodeDeviceOperation,64,70979.0
144384,,TypecastDeviceOperation,64,70961.0
1188864,,SdpaDecodeDeviceOperation,64,70936.0
1004544,,SdpaDecodeDeviceOperation,64,70925.0
1342464,,SdpaDecodeDeviceOperation,64,70825.0
2315264,1,SdpaDecodeDeviceOperation,64,70824.0
513024,,SdpaDecodeDeviceOperation,64,70788.0
2008064,1,SdpaDecodeDeviceOperation,64,70769.0
1311744,,SdpaDecodeDeviceOperation,64,70768.0
697344,,SdpaDecodeDeviceOperation,64,70624.0
912384,,SdpaDecodeDeviceOperation,64,70594.0
1885184,1,SdpaDecodeDeviceOperation,64,70463.0
2376704,1,SdpaDecodeDeviceOperation,64,70416.0
95232,,TypecastDeviceOperation,64,70328.0
152576,,TypecastDeviceOperation,64,70228.0
175104,,TypecastDeviceOperation,64,70113.0
183296,,TypecastDeviceOperation,64,70025.0
58368,,TypecastDeviceOperation,64,70023.0
101376,,TypecastDeviceOperation,64,69961.0
9216,,TypecastDeviceOperation,64,69797.0
17408,,TypecastDeviceOperation,64,69789.0
27648,,TypecastDeviceOperation,64,69786.0
15360,,TypecastDeviceOperation,64,69723.0
46080,,TypecastDeviceOperation,64,69632.0
193536,,TypecastDeviceOperation,64,69590.0
115712,,TypecastDeviceOperation,64,69525.0
162816,,TypecastDeviceOperation,64,69507.0
171008,,TypecastDeviceOperation,64,69499.0
35840,,TypecastDeviceOperation,64,69418.0
76800,,TypecastDeviceOperation,64,69377.0
125952,,TypecastDeviceOperation,64,69372.0
66560,,TypecastDeviceOperation,64,69342.0
5120,,TypecastDeviceOperation,64,69294.0
113664,,TypecastDeviceOperation,64,69238.0
134144,,TypecastDeviceOperation,64,69188.0
23552,,TypecastDeviceOperation,64,69106.0
48128,,TypecastDeviceOperation,64,69096.0
103424,,TypecastDeviceOperation,64,69094.0
158720,,TypecastDeviceOperation,64,69084.0
121856,,TypecastDeviceOperation,64,69078.0
54272,,TypecastDeviceOperation,64,69007.0
78848,,TypecastDeviceOperation,64,68987.0
97280,,TypecastDeviceOperation,64,68958.0
64512,,TypecastDeviceOperation,64,68911.0
60416,,TypecastDeviceOperation,64,68761.0
119808,,TypecastDeviceOperation,64,68718.0
21504,,TypecastDeviceOperation,64,68626.0
195584,,TypecastDeviceOperation,64,68623.0
138240,,TypecastDeviceOperation,64,68490.0
164864,,TypecastDeviceOperation,64,68490.0
107520,,TypecastDeviceOperation,64,68466.0
181248,,TypecastDeviceOperation,64,68461.0
128000,,TypecastDeviceOperation,64,68460.0
132096,,TypecastDeviceOperation,64,68428.0
187392,,TypecastDeviceOperation,64,68426.0
140288,,TypecastDeviceOperation,64,68366.0
156672,,TypecastDeviceOperation,64,68352.0
82944,,TypecastDeviceOperation,64,68329.0
41984,,TypecastDeviceOperation,64,68316.0
11264,,TypecastDeviceOperation,64,68264.0
72704,,TypecastDeviceOperation,64,68264.0
177152,,TypecastDeviceOperation,64,68153.0
146432,,TypecastDeviceOperation,64,68146.0
3072,,TypecastDeviceOperation,64,68046.0
33792,,TypecastDeviceOperation,64,67854.0
189440,,TypecastDeviceOperation,64,67839.0
52224,,TypecastDeviceOperation,64,67794.0
109568,,TypecastDeviceOperation,64,67721.0
150528,,TypecastDeviceOperation,64,67718.0
70656,,TypecastDeviceOperation,64,67703.0
89088,,TypecastDeviceOperation,64,67681.0
29696,,TypecastDeviceOperation,64,67605.0
91136,,TypecastDeviceOperation,64,67486.0
39936,,TypecastDeviceOperation,64,66836.0
168960,,TypecastDeviceOperation,64,66730.0
372736,,EmbeddingsDeviceOperation,1,38962.0
1406976,1,EmbeddingsDeviceOperation,1,38933.0
1395712,,UntilizeDeviceOperation,61,31962.0
2429952,1,UntilizeDeviceOperation,60,31224.0
884736,,TernaryDeviceOperation,64,26912.0
1099776,,TernaryDeviceOperation,64,26907.0
608256,,TernaryDeviceOperation,64,26874.0
1222656,,TernaryDeviceOperation,64,26873.0
638976,,TernaryDeviceOperation,64,26862.0
700416,,TernaryDeviceOperation,64,26843.0
1130496,,TernaryDeviceOperation,64,26825.0
1007616,,TernaryDeviceOperation,64,26802.0
1069056,,TernaryDeviceOperation,64,26797.0
1253376,,TernaryDeviceOperation,64,26792.0
1191936,,TernaryDeviceOperation,64,26786.0
1161216,,TernaryDeviceOperation,64,26775.0
546816,,TernaryDeviceOperation,64,26763.0
731136,,TernaryDeviceOperation,64,26760.0
485376,,TernaryDeviceOperation,64,26758.0
516096,,TernaryDeviceOperation,64,26753.0
915456,,TernaryDeviceOperation,64,26717.0
1345536,,TernaryDeviceOperation,64,26705.0
1038336,,TernaryDeviceOperation,64,26695.0
669696,,TernaryDeviceOperation,64,26681.0
423936,,TernaryDeviceOperation,64,26659.0
792576,,TernaryDeviceOperation,64,26655.0
823296,,TernaryDeviceOperation,64,26634.0
1376256,,TernaryDeviceOperation,64,26633.0
761856,,TernaryDeviceOperation,64,26618.0
454656,,TernaryDeviceOperation,64,26610.0
577536,,TernaryDeviceOperation,64,26610.0
854016,,TernaryDeviceOperation,64,26604.0
976896,,TernaryDeviceOperation,64,26578.0
1314816,,TernaryDeviceOperation,64,26529.0
1284096,,TernaryDeviceOperation,64,26517.0
946176,,TernaryDeviceOperation,64,26499.0
1918976,1,TernaryDeviceOperation,64,26156.0
2195456,1,TernaryDeviceOperation,64,25847.0
2256896,1,TernaryDeviceOperation,64,25594.0
1826816,1,TernaryDeviceOperation,64,25556.0
2318336,1,TernaryDeviceOperation,64,25546.0
1488896,1,TernaryDeviceOperation,64,25535.0
1980416,1,TernaryDeviceOperation,64,25524.0
2379776,1,TernaryDeviceOperation,64,25508.0
1673216,1,TernaryDeviceOperation,64,25507.0
1642496,1,TernaryDeviceOperation,64,25433.0
1519616,1,TernaryDeviceOperation,64,25427.0
1550336,1,TernaryDeviceOperation,64,25425.0
1857536,1,TernaryDeviceOperation,64,25359.0
1734656,1,TernaryDeviceOperation,64,25302.0
2226176,1,TernaryDeviceOperation,64,25287.0
2041856,1,TernaryDeviceOperation,64,25281.0
1765376,1,TernaryDeviceOperation,64,25273.0
2011136,1,TernaryDeviceOperation,64,25217.0
2349056,1,TernaryDeviceOperation,64,25211.0
1888256,1,TernaryDeviceOperation,64,25195.0
2103296,1,TernaryDeviceOperation,64,25183.0
2072576,1,TernaryDeviceOperation,64,25178.0
1796096,1,TernaryDeviceOperation,64,25176.0
2287616,1,TernaryDeviceOperation,64,25165.0
1581056,1,TernaryDeviceOperation,64,25086.0
1703936,1,TernaryDeviceOperation,64,25084.0
1611776,1,TernaryDeviceOperation,64,25065.0
2134016,1,TernaryDeviceOperation,64,25041.0
2164736,1,TernaryDeviceOperation,64,25022.0
2410496,1,TernaryDeviceOperation,64,24995.0
1458176,1,TernaryDeviceOperation,64,24931.0
1949696,1,TernaryDeviceOperation,64,24910.0
1436672,1,TernaryDeviceOperation,64,24755.0
402432,,TernaryDeviceOperation,64,24662.0
2061312,1,NLPCreateQKVHeadsDecodeDeviceOperation,32,20392.0
1907712,1,NLPCreateQKVHeadsDecodeDeviceOperation,32,20301.0
2337792,1,NLPCreateQKVHeadsDecodeDeviceOperation,32,20245.0
1600512,1,NLPCreateQKVHeadsDecodeDeviceOperation,32,20021.0
1969152,1,NLPCreateQKVHeadsDecodeDeviceOperation,32,20014.0
1692672,1,NLPCreateQKVHeadsDecodeDeviceOperation,32,19965.0
1938432,1,NLPCreateQKVHeadsDecodeDeviceOperation,32,19948.0
1569792,1,NLPCreateQKVHeadsDecodeDeviceOperation,32,19927.0
2368512,1,NLPCreateQKVHeadsDecodeDeviceOperation,32,19908.0
2307072,1,NLPCreateQKVHeadsDecodeDeviceOperation,32,19907.0
1631232,1,NLPCreateQKVHeadsDecodeDeviceOperation,32,19884.0
535552,,NLPCreateQKVHeadsDecodeDeviceOperation,32,19781.0
996352,,NLPCreateQKVHeadsDecodeDeviceOperation,32,19707.0
904192,,NLPCreateQKVHeadsDecodeDeviceOperation,32,19665.0
719872,,NLPCreateQKVHeadsDecodeDeviceOperation,32,19662.0
566272,,NLPCreateQKVHeadsDecodeDeviceOperation,32,19658.0
1088512,,NLPCreateQKVHeadsDecodeDeviceOperation,32,19658.0
378880,,NLPCreateQKVHeadsDecodeDeviceOperation,32,19656.0
812032,,NLPCreateQKVHeadsDecodeDeviceOperation,32,19655.0
2030592,1,NLPCreateQKVHeadsDecodeDeviceOperation,32,19653.0
781312,,NLPCreateQKVHeadsDecodeDeviceOperation,32,19643.0
1027072,,NLPCreateQKVHeadsDecodeDeviceOperation,32,19641.0
1057792,,NLPCreateQKVHeadsDecodeDeviceOperation,32,19638.0
1242112,,NLPCreateQKVHeadsDecodeDeviceOperation,32,19638.0
965632,,NLPCreateQKVHeadsDecodeDeviceOperation,32,19635.0
1119232,,NLPCreateQKVHeadsDecodeDeviceOperation,32,19634.0
934912,,NLPCreateQKVHeadsDecodeDeviceOperation,32,19626.0
1303552,,NLPCreateQKVHeadsDecodeDeviceOperation,32,19623.0
842752,,NLPCreateQKVHeadsDecodeDeviceOperation,32,19621.0
474112,,NLPCreateQKVHeadsDecodeDeviceOperation,32,19607.0
1364992,,NLPCreateQKVHeadsDecodeDeviceOperation,32,19604.0
750592,,NLPCreateQKVHeadsDecodeDeviceOperation,32,19600.0
1272832,,NLPCreateQKVHeadsDecodeDeviceOperation,32,19600.0
504832,,NLPCreateQKVHeadsDecodeDeviceOperation,32,19595.0
1334272,,NLPCreateQKVHeadsDecodeDeviceOperation,32,19587.0
443392,,NLPCreateQKVHeadsDecodeDeviceOperation,32,19580.0
689152,,NLPCreateQKVHeadsDecodeDeviceOperation,32,19580.0
627712,,NLPCreateQKVHeadsDecodeDeviceOperation,32,19578.0
873472,,NLPCreateQKVHeadsDecodeDeviceOperation,32,19578.0
1180672,,NLPCreateQKVHeadsDecodeDeviceOperation,32,19578.0
596992,,NLPCreateQKVHeadsDecodeDeviceOperation,32,19566.0
658432,,NLPCreateQKVHeadsDecodeDeviceOperation,32,19563.0
1211392,,NLPCreateQKVHeadsDecodeDeviceOperation,32,19556.0
1149952,,NLPCreateQKVHeadsDecodeDeviceOperation,32,19553.0
1592320,1,BinaryNgDeviceOperation,64,19412.0
2329600,1,BinaryNgDeviceOperation,64,19400.0
2145280,1,BinaryNgDeviceOperation,64,19396.0
1776640,1,BinaryNgDeviceOperation,64,19395.0
1868800,1,BinaryNgDeviceOperation,64,19391.0
2206720,1,BinaryNgDeviceOperation,64,19388.0
2053120,1,BinaryNgDeviceOperation,64,19387.0
1960960,1,BinaryNgDeviceOperation,64,19386.0
1561600,1,BinaryNgDeviceOperation,64,19385.0
2391040,1,BinaryNgDeviceOperation,64,19384.0
1500160,1,BinaryNgDeviceOperation,64,19377.0
1623040,1,BinaryNgDeviceOperation,64,19374.0
1715200,1,BinaryNgDeviceOperation,64,19371.0
1807360,1,BinaryNgDeviceOperation,64,19371.0
2176000,1,BinaryNgDeviceOperation,64,19371.0
1469440,1,BinaryNgDeviceOperation,64,19370.0
1684480,1,BinaryNgDeviceOperation,64,19370.0
2022400,1,BinaryNgDeviceOperation,64,19368.0
1999872,1,NLPCreateQKVHeadsDecodeDeviceOperation,32,19367.0
2268160,1,BinaryNgDeviceOperation,64,19367.0
1530880,1,BinaryNgDeviceOperation,64,19366.0
2114560,1,BinaryNgDeviceOperation,64,19364.0
2083840,1,BinaryNgDeviceOperation,64,19363.0
1930240,1,BinaryNgDeviceOperation,64,19362.0
1991680,1,BinaryNgDeviceOperation,64,19362.0
2399232,1,NLPCreateQKVHeadsDecodeDeviceOperation,32,19361.0
1745920,1,BinaryNgDeviceOperation,64,19359.0
2237440,1,BinaryNgDeviceOperation,64,19357.0
2360320,1,BinaryNgDeviceOperation,64,19356.0
2298880,1,BinaryNgDeviceOperation,64,19355.0
1838080,1,BinaryNgDeviceOperation,64,19348.0
1899520,1,BinaryNgDeviceOperation,64,19347.0
1653760,1,BinaryNgDeviceOperation,64,19345.0
2421760,1,BinaryNgDeviceOperation,63,19345.0
1815552,1,NLPCreateQKVHeadsDecodeDeviceOperation,32,19340.0
650240,,BinaryNgDeviceOperation,64,19333.0
680960,,BinaryNgDeviceOperation,64,19328.0
1172480,,BinaryNgDeviceOperation,64,19328.0
1111040,,BinaryNgDeviceOperation,64,19327.0
588800,,BinaryNgDeviceOperation,64,19322.0
496640,,BinaryNgDeviceOperation,64,19320.0
926720,,BinaryNgDeviceOperation,64,19315.0
1233920,,BinaryNgDeviceOperation,64,19315.0
2245632,1,NLPCreateQKVHeadsDecodeDeviceOperation,32,19315.0
1141760,,BinaryNgDeviceOperation,64,19314.0
896000,,BinaryNgDeviceOperation,64,19311.0
957440,,BinaryNgDeviceOperation,64,19309.0
527360,,BinaryNgDeviceOperation,64,19308.0
803840,,BinaryNgDeviceOperation,64,19306.0
773120,,BinaryNgDeviceOperation,64,19300.0
435200,,BinaryNgDeviceOperation,64,19298.0
1387520,,BinaryNgDeviceOperation,64,19298.0
465920,,BinaryNgDeviceOperation,64,19296.0
988160,,BinaryNgDeviceOperation,64,19295.0
1295360,,BinaryNgDeviceOperation,64,19293.0
1477632,1,NLPCreateQKVHeadsDecodeDeviceOperation,32,19288.0
865280,,BinaryNgDeviceOperation,64,19287.0
711680,,BinaryNgDeviceOperation,64,19285.0
834560,,BinaryNgDeviceOperation,64,19283.0
1018880,,BinaryNgDeviceOperation,64,19283.0
1049600,,BinaryNgDeviceOperation,64,19282.0
1264640,,BinaryNgDeviceOperation,64,19281.0
1326080,,BinaryNgDeviceOperation,64,19280.0
742400,,BinaryNgDeviceOperation,64,19278.0
1356800,,BinaryNgDeviceOperation,64,19277.0
1661952,1,NLPCreateQKVHeadsDecodeDeviceOperation,32,19275.0
558080,,BinaryNgDeviceOperation,64,19270.0
1203200,,BinaryNgDeviceOperation,64,19269.0
619520,,BinaryNgDeviceOperation,64,19261.0
1080320,,BinaryNgDeviceOperation,64,19261.0
1723392,1,NLPCreateQKVHeadsDecodeDeviceOperation,32,19250.0
2276352,1,NLPCreateQKVHeadsDecodeDeviceOperation,32,19242.0
1508352,1,NLPCreateQKVHeadsDecodeDeviceOperation,32,19232.0
2153472,1,NLPCreateQKVHeadsDecodeDeviceOperation,32,19212.0
1846272,1,NLPCreateQKVHeadsDecodeDeviceOperation,32,19211.0
2184192,1,NLPCreateQKVHeadsDecodeDeviceOperation,32,19208.0
1539072,1,NLPCreateQKVHeadsDecodeDeviceOperation,32,19196.0
2122752,1,NLPCreateQKVHeadsDecodeDeviceOperation,32,19183.0
2092032,1,NLPCreateQKVHeadsDecodeDeviceOperation,32,19182.0
1413120,1,NLPCreateQKVHeadsDecodeDeviceOperation,32,19178.0
1876992,1,NLPCreateQKVHeadsDecodeDeviceOperation,32,19161.0
2214912,1,NLPCreateQKVHeadsDecodeDeviceOperation,32,19156.0
1784832,1,NLPCreateQKVHeadsDecodeDeviceOperation,32,19148.0
1754112,1,NLPCreateQKVHeadsDecodeDeviceOperation,32,19142.0
1466368,1,LayerNormDeviceOperation,8,16801.0
2128896,1,PagedUpdateCacheDeviceOperation,32,16657.0
370688,,ReshapeViewDeviceOperation,64,16618.0
2190336,1,PagedUpdateCacheDeviceOperation,32,16514.0
2154496,1,PagedUpdateCacheDeviceOperation,32,16502.0
1944576,1,PagedUpdateCacheDeviceOperation,32,16470.0
1540096,1,PagedUpdateCacheDeviceOperation,32,16414.0
1432576,1,PagedUpdateCacheDeviceOperation,32,16275.0
1514496,1,PagedUpdateCacheDeviceOperation,32,16154.0
843776,,PagedUpdateCacheDeviceOperation,32,16090.0
1243136,,PagedUpdateCacheDeviceOperation,32,16072.0
1404928,1,ReshapeViewDeviceOperation,64,16037.0
2006016,1,PagedUpdateCacheDeviceOperation,32,16030.0
664576,,PagedUpdateCacheDeviceOperation,32,16018.0
2374656,1,PagedUpdateCacheDeviceOperation,32,16018.0
720896,,PagedUpdateCacheDeviceOperation,32,16010.0
2221056,1,PagedUpdateCacheDeviceOperation,32,16004.0
1273856,,PagedUpdateCacheDeviceOperation,32,15988.0
1729536,1,PagedUpdateCacheDeviceOperation,32,15974.0
1632256,1,PagedUpdateCacheDeviceOperation,32,15964.0
2251776,1,PagedUpdateCacheDeviceOperation,32,15961.0
1785856,1,PagedUpdateCacheDeviceOperation,32,15952.0
1248256,,PagedUpdateCacheDeviceOperation,32,15923.0
2215936,1,PagedUpdateCacheDeviceOperation,32,15915.0
2428928,1,ShardedToInterleavedDeviceOperation,63,15909.0
1790976,1,PagedUpdateCacheDeviceOperation,32,15908.0
997376,,PagedUpdateCacheDeviceOperation,32,15787.0
633856,,PagedUpdateCacheDeviceOperation,32,15770.0
1821696,1,PagedUpdateCacheDeviceOperation,32,15742.0
1394688,,ShardedToInterleavedDeviceOperation,64,15707.0
1335296,,PagedUpdateCacheDeviceOperation,32,15701.0
2067456,1,PagedUpdateCacheDeviceOperation,32,15696.0
756736,,PagedUpdateCacheDeviceOperation,32,15665.0
1002496,,PagedUpdateCacheDeviceOperation,32,15637.0
1366016,,PagedUpdateCacheDeviceOperation,32,15515.0
1970176,1,PagedUpdateCacheDeviceOperation,32,15508.0
1120256,,PagedUpdateCacheDeviceOperation,32,15485.0
1975296,1,PagedUpdateCacheDeviceOperation,32,15479.0
2159616,1,PagedUpdateCacheDeviceOperation,32,15439.0
1878016,1,PagedUpdateCacheDeviceOperation,32,15430.0
1309696,,PagedUpdateCacheDeviceOperation,32,15405.0
1693696,1,PagedUpdateCacheDeviceOperation,32,15399.0
1371136,,PagedUpdateCacheDeviceOperation,32,15392.0
2036736,1,PagedUpdateCacheDeviceOperation,32,15321.0
1570816,1,PagedUpdateCacheDeviceOperation,32,15320.0
541696,,PagedUpdateCacheDeviceOperation,32,15228.0
818176,,PagedUpdateCacheDeviceOperation,32,15228.0
567296,,PagedUpdateCacheDeviceOperation,32,15214.0
1662976,1,PagedUpdateCacheDeviceOperation,32,15214.0
905216,,PagedUpdateCacheDeviceOperation,32,15209.0
603136,,PagedUpdateCacheDeviceOperation,32,15176.0
1304576,,PagedUpdateCacheDeviceOperation,32,15165.0
1939456,1,PagedUpdateCacheDeviceOperation,32,15095.0
1698816,1,PagedUpdateCacheDeviceOperation,32,15092.0
628736,,PagedUpdateCacheDeviceOperation,32,15063.0
971776,,PagedUpdateCacheDeviceOperation,32,15023.0
1575936,1,PagedUpdateCacheDeviceOperation,32,15002.0
966656,,PagedUpdateCacheDeviceOperation,32,14997.0
1478656,1,PagedUpdateCacheDeviceOperation,32,14996.0
1755136,1,PagedUpdateCacheDeviceOperation,32,14995.0
1724416,1,PagedUpdateCacheDeviceOperation,32,14994.0
813056,,PagedUpdateCacheDeviceOperation,32,14983.0
1509376,1,PagedUpdateCacheDeviceOperation,32,14983.0
432128,,LayerNormDeviceOperation,8,14981.0
1028096,,PagedUpdateCacheDeviceOperation,32,14954.0
2093056,1,PagedUpdateCacheDeviceOperation,32,14946.0
1760256,1,PagedUpdateCacheDeviceOperation,32,14933.0
1033216,,PagedUpdateCacheDeviceOperation,32,14926.0
935936,,PagedUpdateCacheDeviceOperation,32,14912.0
572416,,PagedUpdateCacheDeviceOperation,32,14907.0
879616,,PagedUpdateCacheDeviceOperation,32,14899.0
848896,,PagedUpdateCacheDeviceOperation,32,14894.0
1186816,,PagedUpdateCacheDeviceOperation,32,14893.0
2031616,1,PagedUpdateCacheDeviceOperation,32,14885.0
1058816,,PagedUpdateCacheDeviceOperation,32,14876.0
2062336,1,PagedUpdateCacheDeviceOperation,32,14853.0
1181696,,PagedUpdateCacheDeviceOperation,32,14848.0
1606656,1,PagedUpdateCacheDeviceOperation,32,14839.0
690176,,PagedUpdateCacheDeviceOperation,32,14820.0
1278976,,PagedUpdateCacheDeviceOperation,32,14817.0
1483776,1,PagedUpdateCacheDeviceOperation,32,14817.0
1089536,,PagedUpdateCacheDeviceOperation,32,14814.0
1601536,1,PagedUpdateCacheDeviceOperation,32,14810.0
782336,,PagedUpdateCacheDeviceOperation,32,14809.0
726016,,PagedUpdateCacheDeviceOperation,32,14803.0
2246656,1,PagedUpdateCacheDeviceOperation,32,14798.0
1094656,,PagedUpdateCacheDeviceOperation,32,14789.0
598016,,PagedUpdateCacheDeviceOperation,32,14785.0
480256,,PagedUpdateCacheDeviceOperation,32,14773.0
1125376,,PagedUpdateCacheDeviceOperation,32,14754.0
1637376,1,PagedUpdateCacheDeviceOperation,32,14752.0
941056,,PagedUpdateCacheDeviceOperation,32,14739.0
659456,,PagedUpdateCacheDeviceOperation,32,14711.0
444416,,PagedUpdateCacheDeviceOperation,32,14709.0
1545216,1,PagedUpdateCacheDeviceOperation,32,14701.0
2123776,1,PagedUpdateCacheDeviceOperation,32,14689.0
1415168,1,PagedUpdateCacheDeviceOperation,32,14684.0
398336,,PagedUpdateCacheDeviceOperation,32,14666.0
1852416,1,PagedUpdateCacheDeviceOperation,32,14647.0
536576,,PagedUpdateCacheDeviceOperation,32,14640.0
2313216,1,PagedUpdateCacheDeviceOperation,32,14623.0
412672,,TilizeDeviceOperation,32,14594.0
1212416,,PagedUpdateCacheDeviceOperation,32,14581.0
510976,,PagedUpdateCacheDeviceOperation,32,14576.0
1156096,,PagedUpdateCacheDeviceOperation,32,14571.0
1217536,,PagedUpdateCacheDeviceOperation,32,14560.0
1063936,,PagedUpdateCacheDeviceOperation,32,14556.0
695296,,PagedUpdateCacheDeviceOperation,32,14523.0
1847296,1,PagedUpdateCacheDeviceOperation,32,14523.0
1883136,1,PagedUpdateCacheDeviceOperation,32,14510.0
1340416,,PagedUpdateCacheDeviceOperation,32,14499.0
1913856,1,PagedUpdateCacheDeviceOperation,32,14471.0
1150976,,PagedUpdateCacheDeviceOperation,32,14465.0
2338816,1,PagedUpdateCacheDeviceOperation,32,14451.0
874496,,PagedUpdateCacheDeviceOperation,32,14443.0
2282496,1,PagedUpdateCacheDeviceOperation,32,14415.0
2343936,1,PagedUpdateCacheDeviceOperation,32,14402.0
2308096,1,PagedUpdateCacheDeviceOperation,32,14385.0
449536,,PagedUpdateCacheDeviceOperation,32,14381.0
1816576,1,PagedUpdateCacheDeviceOperation,32,14380.0
751616,,PagedUpdateCacheDeviceOperation,32,14365.0
787456,,PagedUpdateCacheDeviceOperation,32,14356.0
2277376,1,PagedUpdateCacheDeviceOperation,32,14344.0
475136,,PagedUpdateCacheDeviceOperation,32,14334.0
505856,,PagedUpdateCacheDeviceOperation,32,14284.0
380928,,PagedUpdateCacheDeviceOperation,32,14225.0
2098176,1,PagedUpdateCacheDeviceOperation,32,14193.0
1668096,1,PagedUpdateCacheDeviceOperation,32,14186.0
2185216,1,PagedUpdateCacheDeviceOperation,32,14179.0
910336,,PagedUpdateCacheDeviceOperation,32,14166.0
2369536,1,PagedUpdateCacheDeviceOperation,32,14132.0
2400256,1,PagedUpdateCacheDeviceOperation,32,14091.0
1908736,1,PagedUpdateCacheDeviceOperation,32,14075.0
2405376,1,PagedUpdateCacheDeviceOperation,32,13995.0
2000896,1,PagedUpdateCacheDeviceOperation,32,13899.0
1409024,1,LayerNormDeviceOperation,64,13406.0
405504,,TilizeWithValPaddingDeviceOperation,32,13337.0
1305600,,RotaryEmbeddingDeviceOperation,32,13217.0
1249280,,RotaryEmbeddingDeviceOperation,32,13062.0
506880,,RotaryEmbeddingDeviceOperation,32,13039.0
1439744,1,TilizeWithValPaddingDeviceOperation,32,13035.0
814080,,RotaryEmbeddingDeviceOperation,32,13000.0
721920,,RotaryEmbeddingDeviceOperation,32,12996.0
599040,,RotaryEmbeddingDeviceOperation,32,12986.0
1182720,,RotaryEmbeddingDeviceOperation,32,12966.0
394240,,RotaryEmbeddingDeviceOperation,32,12965.0
450560,,RotaryEmbeddingDeviceOperation,32,12964.0
537600,,RotaryEmbeddingDeviceOperation,32,12959.0
634880,,RotaryEmbeddingDeviceOperation,32,12953.0
1213440,,RotaryEmbeddingDeviceOperation,32,12933.0
967680,,RotaryEmbeddingDeviceOperation,32,12915.0
1864704,1,LayerNormDeviceOperation,64,12913.0
1218560,,RotaryEmbeddingDeviceOperation,32,12907.0
1926144,1,LayerNormDeviceOperation,64,12900.0
2272256,1,LayerNormDeviceOperation,64,12899.0
936960,,RotaryEmbeddingDeviceOperation,32,12896.0
1121280,,RotaryEmbeddingDeviceOperation,32,12896.0
2049024,1,LayerNormDeviceOperation,64,12885.0
2294784,1,LayerNormDeviceOperation,64,12883.0
2325504,1,LayerNormDeviceOperation,64,12880.0
1627136,1,LayerNormDeviceOperation,64,12877.0
1095680,,RotaryEmbeddingDeviceOperation,32,12876.0
1995776,1,LayerNormDeviceOperation,64,12876.0
2233344,1,LayerNormDeviceOperation,64,12872.0
2202624,1,LayerNormDeviceOperation,64,12870.0
2302976,1,LayerNormDeviceOperation,64,12868.0
849920,,RotaryEmbeddingDeviceOperation,32,12866.0
1965056,1,LayerNormDeviceOperation,64,12866.0
1244160,,RotaryEmbeddingDeviceOperation,32,12865.0
1657856,1,LayerNormDeviceOperation,64,12864.0
2395136,1,LayerNormDeviceOperation,64,12861.0
2417664,1,LayerNormDeviceOperation,64,12859.0
2333696,1,LayerNormDeviceOperation,64,12857.0
1504256,1,LayerNormDeviceOperation,64,12855.0
1526784,1,LayerNormDeviceOperation,64,12855.0
445440,,RotaryEmbeddingDeviceOperation,32,12854.0
1534976,1,LayerNormDeviceOperation,64,12852.0
1772544,1,LayerNormDeviceOperation,64,12852.0
1987584,1,LayerNormDeviceOperation,64,12850.0
1565696,1,LayerNormDeviceOperation,64,12849.0
2386944,1,LayerNormDeviceOperation,64,12849.0
1649664,1,LayerNormDeviceOperation,64,12847.0
2149376,1,LayerNormDeviceOperation,64,12847.0
783360,,RotaryEmbeddingDeviceOperation,32,12844.0
1811456,1,LayerNormDeviceOperation,64,12844.0
1187840,,RotaryEmbeddingDeviceOperation,32,12843.0
1934336,1,LayerNormDeviceOperation,64,12843.0
1596416,1,LayerNormDeviceOperation,64,12842.0
2087936,1,LayerNormDeviceOperation,64,12842.0
1903616,1,LayerNormDeviceOperation,64,12839.0
696320,,RotaryEmbeddingDeviceOperation,32,12837.0
875520,,RotaryEmbeddingDeviceOperation,32,12835.0
1473536,1,LayerNormDeviceOperation,64,12835.0
2241536,1,LayerNormDeviceOperation,64,12834.0
2425856,1,LayerNormDeviceOperation,63,12834.0
2180096,1,LayerNormDeviceOperation,64,12831.0
1711104,1,LayerNormDeviceOperation,64,12830.0
1833984,1,LayerNormDeviceOperation,64,12830.0
1741824,1,LayerNormDeviceOperation,64,12829.0
2171904,1,LayerNormDeviceOperation,64,12829.0
1618944,1,LayerNormDeviceOperation,64,12828.0
1956864,1,LayerNormDeviceOperation,64,12828.0
2057216,1,LayerNormDeviceOperation,64,12827.0
2118656,1,LayerNormDeviceOperation,64,12827.0
2210816,1,LayerNormDeviceOperation,64,12827.0
1872896,1,LayerNormDeviceOperation,64,12826.0
2026496,1,LayerNormDeviceOperation,64,12825.0
2110464,1,LayerNormDeviceOperation,64,12824.0
1842176,1,LayerNormDeviceOperation,64,12823.0
1680384,1,LayerNormDeviceOperation,64,12822.0
1780736,1,LayerNormDeviceOperation,64,12821.0
2364416,1,LayerNormDeviceOperation,64,12821.0
1688576,1,LayerNormDeviceOperation,64,12816.0
1750016,1,LayerNormDeviceOperation,64,12816.0
972800,,RotaryEmbeddingDeviceOperation,32,12814.0
1496064,1,LayerNormDeviceOperation,64,12813.0
1895424,1,LayerNormDeviceOperation,64,12812.0
2018304,1,LayerNormDeviceOperation,64,12810.0
1336320,,RotaryEmbeddingDeviceOperation,32,12801.0
1719296,1,LayerNormDeviceOperation,64,12797.0
1803264,1,LayerNormDeviceOperation,64,12789.0
1274880,,RotaryEmbeddingDeviceOperation,32,12788.0
2141184,1,LayerNormDeviceOperation,64,12788.0
727040,,RotaryEmbeddingDeviceOperation,32,12786.0
660480,,RotaryEmbeddingDeviceOperation,32,12785.0
1588224,1,LayerNormDeviceOperation,64,12783.0
2264064,1,LayerNormDeviceOperation,64,12783.0
911360,,RotaryEmbeddingDeviceOperation,32,12781.0
1034240,,RotaryEmbeddingDeviceOperation,32,12778.0
2079744,1,LayerNormDeviceOperation,64,12776.0
408576,,RotaryEmbeddingDeviceOperation,32,12775.0
512000,,RotaryEmbeddingDeviceOperation,32,12765.0
2356224,1,LayerNormDeviceOperation,64,12765.0
542720,,RotaryEmbeddingDeviceOperation,32,12758.0
1557504,1,LayerNormDeviceOperation,64,12756.0
568320,,RotaryEmbeddingDeviceOperation,32,12747.0
665600,,RotaryEmbeddingDeviceOperation,32,12735.0
629760,,RotaryEmbeddingDeviceOperation,32,12711.0
788480,,RotaryEmbeddingDeviceOperation,32,12710.0
1152000,,RotaryEmbeddingDeviceOperation,32,12700.0
1372160,,RotaryEmbeddingDeviceOperation,32,12700.0
819200,,RotaryEmbeddingDeviceOperation,32,12673.0
844800,,RotaryEmbeddingDeviceOperation,32,12673.0
1029120,,RotaryEmbeddingDeviceOperation,32,12672.0
1310720,,RotaryEmbeddingDeviceOperation,32,12658.0
1341440,,RotaryEmbeddingDeviceOperation,32,12651.0
1064960,,RotaryEmbeddingDeviceOperation,32,12646.0
476160,,RotaryEmbeddingDeviceOperation,32,12637.0
906240,,RotaryEmbeddingDeviceOperation,32,12631.0
481280,,RotaryEmbeddingDeviceOperation,32,12626.0
757760,,RotaryEmbeddingDeviceOperation,32,12619.0
998400,,RotaryEmbeddingDeviceOperation,32,12605.0
880640,,RotaryEmbeddingDeviceOperation,32,12593.0
752640,,RotaryEmbeddingDeviceOperation,32,12592.0
1126400,,RotaryEmbeddingDeviceOperation,32,12591.0
1059840,,RotaryEmbeddingDeviceOperation,32,12587.0
604160,,RotaryEmbeddingDeviceOperation,32,12550.0
1003520,,RotaryEmbeddingDeviceOperation,32,12537.0
1280000,,RotaryEmbeddingDeviceOperation,32,12521.0
1157120,,RotaryEmbeddingDeviceOperation,32,12499.0
691200,,RotaryEmbeddingDeviceOperation,32,12491.0
942080,,RotaryEmbeddingDeviceOperation,32,12491.0
1367040,,RotaryEmbeddingDeviceOperation,32,12459.0
573440,,RotaryEmbeddingDeviceOperation,32,12415.0
1090560,,RotaryEmbeddingDeviceOperation,32,12411.0
2124800,1,RotaryEmbeddingDeviceOperation,32,12229.0
1725440,1,RotaryEmbeddingDeviceOperation,32,12203.0
1940480,1,RotaryEmbeddingDeviceOperation,32,12200.0
2094080,1,RotaryEmbeddingDeviceOperation,32,12145.0
1541120,1,RotaryEmbeddingDeviceOperation,32,12132.0
1479680,1,RotaryEmbeddingDeviceOperation,32,12096.0
2032640,1,RotaryEmbeddingDeviceOperation,32,12086.0
1971200,1,RotaryEmbeddingDeviceOperation,32,12075.0
1786880,1,RotaryEmbeddingDeviceOperation,32,12070.0
1817600,1,RotaryEmbeddingDeviceOperation,32,12067.0
1756160,1,RotaryEmbeddingDeviceOperation,32,12063.0
1515520,1,RotaryEmbeddingDeviceOperation,32,12041.0
1945600,1,RotaryEmbeddingDeviceOperation,32,12028.0
1664000,1,RotaryEmbeddingDeviceOperation,32,12022.0
1510400,1,RotaryEmbeddingDeviceOperation,32,12006.0
2129920,1,RotaryEmbeddingDeviceOperation,32,11947.0
2247680,1,RotaryEmbeddingDeviceOperation,32,11945.0
2278400,1,RotaryEmbeddingDeviceOperation,32,11926.0
2401280,1,RotaryEmbeddingDeviceOperation,32,11924.0
2068480,1,RotaryEmbeddingDeviceOperation,32,11909.0
2339840,1,RotaryEmbeddingDeviceOperation,32,11862.0
2186240,1,RotaryEmbeddingDeviceOperation,32,11826.0
1428480,1,RotaryEmbeddingDeviceOperation,32,11824.0
1730560,1,RotaryEmbeddingDeviceOperation,32,11822.0
1879040,1,RotaryEmbeddingDeviceOperation,32,11818.0
2007040,1,RotaryEmbeddingDeviceOperation,32,11817.0
1694720,1,RotaryEmbeddingDeviceOperation,32,11815.0
1576960,1,RotaryEmbeddingDeviceOperation,32,11806.0
2099200,1,RotaryEmbeddingDeviceOperation,32,11804.0
1484800,1,RotaryEmbeddingDeviceOperation,32,11798.0
1669120,1,RotaryEmbeddingDeviceOperation,32,11792.0
2191360,1,RotaryEmbeddingDeviceOperation,32,11792.0
2216960,1,RotaryEmbeddingDeviceOperation,32,11788.0
2309120,1,RotaryEmbeddingDeviceOperation,32,11786.0
1909760,1,RotaryEmbeddingDeviceOperation,32,11783.0
2252800,1,RotaryEmbeddingDeviceOperation,32,11778.0
1014784,,LayerNormDeviceOperation,64,11774.0
2222080,1,RotaryEmbeddingDeviceOperation,32,11774.0
807936,,LayerNormDeviceOperation,64,11739.0
1176576,,LayerNormDeviceOperation,64,11734.0
654336,,LayerNormDeviceOperation,64,11730.0
1229824,,LayerNormDeviceOperation,64,11729.0
1260544,,LayerNormDeviceOperation,64,11729.0
67584,,TilizeWithValPaddingDeviceOperation,43,11728.0
961536,,LayerNormDeviceOperation,64,11725.0
1848320,1,RotaryEmbeddingDeviceOperation,32,11725.0
1145856,,LayerNormDeviceOperation,64,11722.0
830464,,LayerNormDeviceOperation,64,11720.0
584704,,LayerNormDeviceOperation,64,11718.0
930816,,LayerNormDeviceOperation,64,11717.0
799744,,LayerNormDeviceOperation,64,11714.0
1268736,,LayerNormDeviceOperation,64,11712.0
2370560,1,RotaryEmbeddingDeviceOperation,32,11709.0
1383424,,LayerNormDeviceOperation,64,11708.0
1045504,,LayerNormDeviceOperation,64,11707.0
922624,,LayerNormDeviceOperation,64,11706.0
984064,,LayerNormDeviceOperation,64,11705.0
1638400,1,RotaryEmbeddingDeviceOperation,32,11705.0
992256,,LayerNormDeviceOperation,64,11702.0
1053696,,LayerNormDeviceOperation,64,11699.0
470016,,LayerNormDeviceOperation,64,11698.0
562176,,LayerNormDeviceOperation,64,11697.0
2037760,1,RotaryEmbeddingDeviceOperation,32,11697.0
1360896,,LayerNormDeviceOperation,64,11696.0
1168384,,LayerNormDeviceOperation,64,11695.0
1207296,,LayerNormDeviceOperation,64,11695.0
715776,,LayerNormDeviceOperation,64,11694.0
500736,,LayerNormDeviceOperation,64,11693.0
553984,,LayerNormDeviceOperation,64,11693.0
615424,,LayerNormDeviceOperation,64,11693.0
1330176,,LayerNormDeviceOperation,64,11693.0
531456,,LayerNormDeviceOperation,64,11692.0
777216,,LayerNormDeviceOperation,64,11691.0
861184,,LayerNormDeviceOperation,64,11691.0
439296,,LayerNormDeviceOperation,64,11690.0
466944,,ReshardDeviceOperation,8,11690.0
746496,,LayerNormDeviceOperation,64,11689.0
1321984,,LayerNormDeviceOperation,64,11687.0
2155520,1,RotaryEmbeddingDeviceOperation,32,11687.0
1391616,,LayerNormDeviceOperation,64,11686.0
738304,,LayerNormDeviceOperation,64,11685.0
646144,,LayerNormDeviceOperation,64,11680.0
676864,,LayerNormDeviceOperation,64,11680.0
685056,,LayerNormDeviceOperation,64,11680.0
953344,,LayerNormDeviceOperation,64,11679.0
623616,,LayerNormDeviceOperation,64,11678.0
838656,,LayerNormDeviceOperation,64,11678.0
1442816,1,RotaryEmbeddingDeviceOperation,32,11677.0
1352704,,LayerNormDeviceOperation,64,11676.0
891904,,LayerNormDeviceOperation,64,11674.0
769024,,LayerNormDeviceOperation,64,11673.0
1115136,,LayerNormDeviceOperation,64,11673.0
1291264,,LayerNormDeviceOperation,64,11672.0
461824,,LayerNormDeviceOperation,64,11671.0
900096,,LayerNormDeviceOperation,64,11671.0
1022976,,LayerNormDeviceOperation,64,11671.0
707584,,LayerNormDeviceOperation,64,11670.0
1633280,1,RotaryEmbeddingDeviceOperation,32,11669.0
2375680,1,RotaryEmbeddingDeviceOperation,32,11669.0
1084416,,LayerNormDeviceOperation,64,11667.0
1199104,,LayerNormDeviceOperation,64,11667.0
492544,,LayerNormDeviceOperation,64,11666.0
1238016,,LayerNormDeviceOperation,64,11665.0
1076224,,LayerNormDeviceOperation,64,11661.0
592896,,LayerNormDeviceOperation,64,11659.0
1106944,,LayerNormDeviceOperation,64,11657.0
523264,,LayerNormDeviceOperation,64,11653.0
1299456,,LayerNormDeviceOperation,64,11651.0
1137664,,LayerNormDeviceOperation,64,11650.0
869376,,LayerNormDeviceOperation,64,11649.0
178176,,TilizeWithValPaddingDeviceOperation,43,11640.0
374784,,LayerNormDeviceOperation,64,11632.0
1234944,,ReshardDeviceOperation,8,11630.0
804864,,ReshardDeviceOperation,8,11624.0
559104,,ReshardDeviceOperation,8,11619.0
197632,,TilizeWithValPaddingDeviceOperation,43,11618.0
1607680,1,RotaryEmbeddingDeviceOperation,32,11589.0
191488,,TilizeWithValPaddingDeviceOperation,43,11588.0
1531904,1,ReshardDeviceOperation,8,11588.0
1173504,,ReshardDeviceOperation,8,11584.0
123904,,TilizeWithValPaddingDeviceOperation,43,11579.0
1112064,,ReshardDeviceOperation,8,11578.0
1501184,1,ReshardDeviceOperation,8,11564.0
166912,,TilizeWithValPaddingDeviceOperation,43,11562.0
98304,,TilizeWithValPaddingDeviceOperation,43,11557.0
1976320,1,RotaryEmbeddingDeviceOperation,32,11556.0
6144,,TilizeWithValPaddingDeviceOperation,43,11554.0
117760,,TilizeWithValPaddingDeviceOperation,43,11542.0
30720,,TilizeWithValPaddingDeviceOperation,43,11540.0
2063360,1,RotaryEmbeddingDeviceOperation,32,11522.0
50176,,TilizeWithValPaddingDeviceOperation,43,11519.0
1602560,1,RotaryEmbeddingDeviceOperation,32,11511.0
141312,,TilizeWithValPaddingDeviceOperation,43,11507.0
774144,,ReshardDeviceOperation,8,11504.0
1777664,1,ReshardDeviceOperation,8,11502.0
80896,,TilizeWithValPaddingDeviceOperation,43,11488.0
1571840,1,RotaryEmbeddingDeviceOperation,32,11486.0
36864,,TilizeWithValPaddingDeviceOperation,43,11479.0
122880,,TilizeWithValPaddingDeviceOperation,43,11475.0
147456,,TilizeWithValPaddingDeviceOperation,43,11469.0
99328,,TilizeWithValPaddingDeviceOperation,43,11468.0
528384,,ReshardDeviceOperation,8,11465.0
148480,,TilizeWithValPaddingDeviceOperation,43,11457.0
1822720,1,RotaryEmbeddingDeviceOperation,32,11452.0
111616,,TilizeWithValPaddingDeviceOperation,43,11448.0
173056,,TilizeWithValPaddingDeviceOperation,43,11440.0
190464,,TilizeWithValPaddingDeviceOperation,43,11440.0
185344,,TilizeWithValPaddingDeviceOperation,43,11436.0
92160,,TilizeWithValPaddingDeviceOperation,43,11432.0
1914880,1,RotaryEmbeddingDeviceOperation,32,11428.0
7168,,TilizeWithValPaddingDeviceOperation,43,11427.0
1296384,,ReshardDeviceOperation,8,11427.0
105472,,TilizeWithValPaddingDeviceOperation,43,11423.0
2406400,1,RotaryEmbeddingDeviceOperation,32,11419.0
154624,,TilizeWithValPaddingDeviceOperation,43,11418.0
74752,,TilizeWithValPaddingDeviceOperation,43,11417.0
681984,,ReshardDeviceOperation,8,11416.0
18432,,TilizeWithValPaddingDeviceOperation,43,11413.0
24576,,TilizeWithValPaddingDeviceOperation,43,11409.0
55296,,TilizeWithValPaddingDeviceOperation,43,11407.0
12288,,TilizeWithValPaddingDeviceOperation,43,11397.0
1792000,1,RotaryEmbeddingDeviceOperation,32,11392.0
2283520,1,RotaryEmbeddingDeviceOperation,32,11391.0
2146304,1,ReshardDeviceOperation,8,11387.0
835584,,ReshardDeviceOperation,8,11384.0
1204224,,ReshardDeviceOperation,8,11382.0
172032,,TilizeWithValPaddingDeviceOperation,43,11375.0
62464,,TilizeWithValPaddingDeviceOperation,43,11374.0
620544,,ReshardDeviceOperation,8,11371.0
2023424,1,ReshardDeviceOperation,8,11371.0
927744,,ReshardDeviceOperation,8,11369.0
31744,,TilizeWithValPaddingDeviceOperation,43,11366.0
68608,,TilizeWithValPaddingDeviceOperation,43,11365.0
44032,,TilizeWithValPaddingDeviceOperation,43,11358.0
1992704,1,ReshardDeviceOperation,8,11348.0
19456,,TilizeWithValPaddingDeviceOperation,43,11344.0
61440,,TilizeWithValPaddingDeviceOperation,43,11339.0
2160640,1,RotaryEmbeddingDeviceOperation,32,11339.0
1900544,1,ReshardDeviceOperation,8,11337.0
93184,,TilizeWithValPaddingDeviceOperation,43,11332.0
56320,,TilizeWithValPaddingDeviceOperation,43,11331.0
2314240,1,RotaryEmbeddingDeviceOperation,32,11331.0
196608,,TilizeWithValPaddingDeviceOperation,43,11327.0
86016,,TilizeWithValPaddingDeviceOperation,43,11324.0
2344960,1,RotaryEmbeddingDeviceOperation,32,11324.0
136192,,TilizeWithValPaddingDeviceOperation,43,11321.0
159744,,TilizeWithValPaddingDeviceOperation,43,11312.0
79872,,TilizeWithValPaddingDeviceOperation,43,11311.0
1808384,1,ReshardDeviceOperation,8,11308.0
1024,,TilizeWithValPaddingDeviceOperation,43,11306.0
43008,,TilizeWithValPaddingDeviceOperation,43,11298.0
1081344,,ReshardDeviceOperation,8,11297.0
1624064,1,ReshardDeviceOperation,8,11296.0
1716224,1,ReshardDeviceOperation,8,11294.0
160768,,TilizeWithValPaddingDeviceOperation,43,11288.0
1470464,1,ReshardDeviceOperation,8,11281.0
49152,,TilizeWithValPaddingDeviceOperation,43,11280.0
37888,,TilizeWithValPaddingDeviceOperation,43,11279.0
651264,,ReshardDeviceOperation,8,11279.0
2001920,1,RotaryEmbeddingDeviceOperation,32,11276.0
743424,,ReshardDeviceOperation,8,11272.0
2115584,1,ReshardDeviceOperation,8,11269.0
436224,,ReshardDeviceOperation,8,11266.0
2422784,1,ReshardDeviceOperation,7,11263.0
179200,,TilizeWithValPaddingDeviceOperation,43,11261.0
2238464,1,ReshardDeviceOperation,8,11261.0
13312,,TilizeWithValPaddingDeviceOperation,43,11258.0
589824,,ReshardDeviceOperation,8,11254.0
989184,,ReshardDeviceOperation,8,11246.0
2330624,1,ReshardDeviceOperation,8,11246.0
25600,,TilizeWithValPaddingDeviceOperation,43,11241.0
1388544,,ReshardDeviceOperation,8,11241.0
87040,,TilizeWithValPaddingDeviceOperation,43,11240.0
116736,,TilizeWithValPaddingDeviceOperation,43,11235.0
866304,,ReshardDeviceOperation,8,11230.0
1746944,1,ReshardDeviceOperation,8,11223.0
2361344,1,ReshardDeviceOperation,8,11215.0
130048,,TilizeWithValPaddingDeviceOperation,43,11213.0
165888,,TilizeWithValPaddingDeviceOperation,43,11211.0
73728,,TilizeWithValPaddingDeviceOperation,43,11208.0
1357824,,ReshardDeviceOperation,8,11205.0
1546240,1,RotaryEmbeddingDeviceOperation,32,11201.0
1685504,1,ReshardDeviceOperation,8,11200.0
1593344,1,ReshardDeviceOperation,8,11193.0
135168,,TilizeWithValPaddingDeviceOperation,43,11192.0
104448,,TilizeWithValPaddingDeviceOperation,43,11191.0
1142784,,ReshardDeviceOperation,8,11185.0
2299904,1,ReshardDeviceOperation,8,11179.0
2207744,1,ReshardDeviceOperation,8,11169.0
1265664,,ReshardDeviceOperation,8,11167.0
129024,,TilizeWithValPaddingDeviceOperation,43,11165.0
1869824,1,ReshardDeviceOperation,8,11154.0
1961984,1,ReshardDeviceOperation,8,11151.0
153600,,TilizeWithValPaddingDeviceOperation,43,11149.0
110592,,TilizeWithValPaddingDeviceOperation,43,11143.0
2084864,1,ReshardDeviceOperation,8,11134.0
712704,,ReshardDeviceOperation,8,11133.0
142336,,TilizeWithValPaddingDeviceOperation,43,11129.0
1019904,,ReshardDeviceOperation,8,11125.0
1931264,1,ReshardDeviceOperation,8,11107.0
184320,,TilizeWithValPaddingDeviceOperation,43,11104.0
497664,,ReshardDeviceOperation,8,11098.0
1562624,1,ReshardDeviceOperation,8,11094.0
1761280,1,RotaryEmbeddingDeviceOperation,32,11094.0
2269184,1,ReshardDeviceOperation,8,11089.0
1050624,,ReshardDeviceOperation,8,11058.0
1884160,1,RotaryEmbeddingDeviceOperation,32,11039.0
1327104,,ReshardDeviceOperation,8,11016.0
897024,,ReshardDeviceOperation,8,11007.0
2054144,1,ReshardDeviceOperation,8,10983.0
1699840,1,RotaryEmbeddingDeviceOperation,32,10959.0
2392064,1,ReshardDeviceOperation,8,10952.0
1853440,1,RotaryEmbeddingDeviceOperation,32,10905.0
2177024,1,ReshardDeviceOperation,8,10861.0
1839104,1,ReshardDeviceOperation,8,10845.0
958464,,ReshardDeviceOperation,8,10825.0
1654784,1,ReshardDeviceOperation,8,10764.0
419840,,FillPadDeviceOperation,64,9948.0
1454080,1,FillPadDeviceOperation,64,9925.0
1446912,1,TilizeDeviceOperation,32,9640.0
421888,,BinaryNgDeviceOperation,64,8783.0
1456128,1,BinaryNgDeviceOperation,64,7192.0
944128,,TypecastDeviceOperation,64,6854.0
917504,,NLPConcatHeadsDecodeDeviceOperation,32,6841.0
702464,,NLPConcatHeadsDecodeDeviceOperation,32,6829.0
978944,,NLPConcatHeadsDecodeDeviceOperation,32,6829.0
1378304,,NLPConcatHeadsDecodeDeviceOperation,32,6828.0
425984,,NLPConcatHeadsDecodeDeviceOperation,32,6824.0
886784,,NLPConcatHeadsDecodeDeviceOperation,32,6819.0
1316864,,NLPConcatHeadsDecodeDeviceOperation,32,6808.0
1009664,,NLPConcatHeadsDecodeDeviceOperation,32,6793.0
641024,,NLPConcatHeadsDecodeDeviceOperation,32,6788.0
1193984,,NLPConcatHeadsDecodeDeviceOperation,32,6765.0
1347584,,NLPConcatHeadsDecodeDeviceOperation,32,6754.0
1040384,,NLPConcatHeadsDecodeDeviceOperation,32,6748.0
1163264,,NLPConcatHeadsDecodeDeviceOperation,32,6746.0
1286144,,NLPConcatHeadsDecodeDeviceOperation,32,6742.0
1613824,1,NLPConcatHeadsDecodeDeviceOperation,32,6742.0
1071104,,NLPConcatHeadsDecodeDeviceOperation,32,6736.0
856064,,NLPConcatHeadsDecodeDeviceOperation,32,6730.0
1132544,,NLPConcatHeadsDecodeDeviceOperation,32,6726.0
825344,,NLPConcatHeadsDecodeDeviceOperation,32,6721.0
1400832,1,TilizeWithValPaddingDeviceOperation,1,6720.0
610304,,NLPConcatHeadsDecodeDeviceOperation,32,6711.0
487424,,NLPConcatHeadsDecodeDeviceOperation,32,6705.0
518144,,NLPConcatHeadsDecodeDeviceOperation,32,6695.0
1255424,,NLPConcatHeadsDecodeDeviceOperation,32,6694.0
456704,,NLPConcatHeadsDecodeDeviceOperation,32,6693.0
1224704,,NLPConcatHeadsDecodeDeviceOperation,32,6688.0
671744,,NLPConcatHeadsDecodeDeviceOperation,32,6685.0
1947648,1,TypecastDeviceOperation,64,6685.0
763904,,NLPConcatHeadsDecodeDeviceOperation,32,6665.0
733184,,NLPConcatHeadsDecodeDeviceOperation,32,6655.0
548864,,NLPConcatHeadsDecodeDeviceOperation,32,6647.0
363520,,TilizeWithValPaddingDeviceOperation,1,6640.0
1736704,1,NLPConcatHeadsDecodeDeviceOperation,32,6635.0
948224,,NLPConcatHeadsDecodeDeviceOperation,32,6625.0
1417216,1,TilizeWithValPaddingDeviceOperation,1,6622.0
1433600,1,TilizeWithValPaddingDeviceOperation,1,6622.0
2131968,1,TypecastDeviceOperation,64,6618.0
579584,,NLPConcatHeadsDecodeDeviceOperation,32,6610.0
483328,,TypecastDeviceOperation,64,6596.0
1101824,,NLPConcatHeadsDecodeDeviceOperation,32,6593.0
794624,,NLPConcatHeadsDecodeDeviceOperation,32,6584.0
1609728,1,TypecastDeviceOperation,64,6557.0
2074624,1,NLPConcatHeadsDecodeDeviceOperation,32,6523.0
913408,,TypecastDeviceOperation,64,6519.0
382976,,TilizeWithValPaddingDeviceOperation,1,6486.0
366592,,TilizeWithValPaddingDeviceOperation,1,6484.0
1397760,1,TilizeWithValPaddingDeviceOperation,1,6479.0
417792,,TypecastDeviceOperation,64,6476.0
2009088,1,TypecastDeviceOperation,64,6458.0
2105344,1,NLPConcatHeadsDecodeDeviceOperation,32,6452.0
399360,,TilizeWithValPaddingDeviceOperation,1,6444.0
1705984,1,NLPConcatHeadsDecodeDeviceOperation,32,6398.0
1374208,,TypecastDeviceOperation,64,6325.0
1220608,,TypecastDeviceOperation,64,6311.0
636928,,TypecastDeviceOperation,64,6270.0
452608,,TypecastDeviceOperation,64,6263.0
2258944,1,NLPConcatHeadsDecodeDeviceOperation,32,6249.0
2043904,1,NLPConcatHeadsDecodeDeviceOperation,32,6227.0
2381824,1,NLPConcatHeadsDecodeDeviceOperation,32,6212.0
974848,,TypecastDeviceOperation,64,6200.0
1005568,,TypecastDeviceOperation,64,6193.0
514048,,TypecastDeviceOperation,64,6180.0
2408448,1,TypecastDeviceOperation,64,6156.0
1921024,1,NLPConcatHeadsDecodeDeviceOperation,32,6143.0
1916928,1,TypecastDeviceOperation,64,6139.0
1548288,1,TypecastDeviceOperation,64,6137.0
2320384,1,NLPConcatHeadsDecodeDeviceOperation,32,6118.0
2224128,1,TypecastDeviceOperation,64,6106.0
821248,,TypecastDeviceOperation,64,6087.0
1583104,1,NLPConcatHeadsDecodeDeviceOperation,32,6081.0
1343488,,TypecastDeviceOperation,64,6068.0
544768,,TypecastDeviceOperation,64,6065.0
606208,,TypecastDeviceOperation,64,6063.0
1490944,1,NLPConcatHeadsDecodeDeviceOperation,32,6059.0
1282048,,TypecastDeviceOperation,64,6058.0
2101248,1,TypecastDeviceOperation,64,6058.0
667648,,TypecastDeviceOperation,64,6045.0
729088,,TypecastDeviceOperation,64,6042.0
1640448,1,TypecastDeviceOperation,64,6036.0
2013184,1,NLPConcatHeadsDecodeDeviceOperation,32,6028.0
2162688,1,TypecastDeviceOperation,64,6022.0
1767424,1,NLPConcatHeadsDecodeDeviceOperation,32,6021.0
1794048,1,TypecastDeviceOperation,64,6020.0
2412544,1,NLPConcatHeadsDecodeDeviceOperation,32,6020.0
882688,,TypecastDeviceOperation,64,6005.0
1675264,1,NLPConcatHeadsDecodeDeviceOperation,32,6001.0
1859584,1,NLPConcatHeadsDecodeDeviceOperation,32,5997.0
1763328,1,TypecastDeviceOperation,64,5994.0
1251328,,TypecastDeviceOperation,64,5986.0
1579008,1,TypecastDeviceOperation,64,5985.0
1828864,1,NLPConcatHeadsDecodeDeviceOperation,32,5978.0
1951744,1,NLPConcatHeadsDecodeDeviceOperation,32,5978.0
1886208,1,TypecastDeviceOperation,64,5963.0
2254848,1,TypecastDeviceOperation,64,5954.0
1159168,,TypecastDeviceOperation,64,5953.0
1732608,1,TypecastDeviceOperation,64,5949.0
759808,,TypecastDeviceOperation,64,5946.0
2289664,1,NLPConcatHeadsDecodeDeviceOperation,32,5944.0
1982464,1,NLPConcatHeadsDecodeDeviceOperation,32,5936.0
698368,,TypecastDeviceOperation,64,5920.0
1067008,,TypecastDeviceOperation,64,5897.0
2070528,1,TypecastDeviceOperation,64,5887.0
851968,,TypecastDeviceOperation,64,5874.0
1517568,1,TypecastDeviceOperation,64,5873.0
1644544,1,NLPConcatHeadsDecodeDeviceOperation,32,5865.0
1890304,1,NLPConcatHeadsDecodeDeviceOperation,32,5860.0
1036288,,TypecastDeviceOperation,64,5843.0
1460224,1,NLPConcatHeadsDecodeDeviceOperation,32,5841.0
2197504,1,NLPConcatHeadsDecodeDeviceOperation,32,5828.0
1824768,1,TypecastDeviceOperation,64,5818.0
2351104,1,NLPConcatHeadsDecodeDeviceOperation,32,5778.0
1798144,1,NLPConcatHeadsDecodeDeviceOperation,32,5774.0
2377728,1,TypecastDeviceOperation,64,5770.0
2347008,1,TypecastDeviceOperation,64,5760.0
1312768,,TypecastDeviceOperation,64,5742.0
1486848,1,TypecastDeviceOperation,64,5734.0
575488,,TypecastDeviceOperation,64,5730.0
1521664,1,NLPConcatHeadsDecodeDeviceOperation,32,5728.0
2136064,1,NLPConcatHeadsDecodeDeviceOperation,32,5718.0
1552384,1,NLPConcatHeadsDecodeDeviceOperation,32,5717.0
790528,,TypecastDeviceOperation,64,5703.0
2166784,1,NLPConcatHeadsDecodeDeviceOperation,32,5703.0
2285568,1,TypecastDeviceOperation,64,5687.0
1097728,,TypecastDeviceOperation,64,5686.0
2039808,1,TypecastDeviceOperation,64,5677.0
1701888,1,TypecastDeviceOperation,64,5671.0
2193408,1,TypecastDeviceOperation,64,5643.0
1452032,1,TypecastDeviceOperation,64,5637.0
410624,,UntilizeWithUnpaddingDeviceOperation,32,5635.0
2228224,1,NLPConcatHeadsDecodeDeviceOperation,32,5600.0
1978368,1,TypecastDeviceOperation,64,5587.0
2316288,1,TypecastDeviceOperation,64,5579.0
1444864,1,UntilizeWithUnpaddingDeviceOperation,32,5563.0
1612800,1,TypecastDeviceOperation,64,5562.0
1189888,,TypecastDeviceOperation,64,5540.0
1855488,1,TypecastDeviceOperation,64,5539.0
1128448,,TypecastDeviceOperation,64,5534.0
1671168,1,TypecastDeviceOperation,64,5517.0
1582080,1,TypecastDeviceOperation,64,5465.0
1920000,1,TypecastDeviceOperation,64,5431.0
2257920,1,TypecastDeviceOperation,64,5400.0
2042880,1,TypecastDeviceOperation,64,5389.0
2380800,1,TypecastDeviceOperation,64,5349.0
1797120,1,TypecastDeviceOperation,64,5343.0
2319360,1,TypecastDeviceOperation,64,5325.0
1674240,1,TypecastDeviceOperation,64,5319.0
2411520,1,TypecastDeviceOperation,64,5314.0
2196480,1,TypecastDeviceOperation,64,5312.0
1858560,1,TypecastDeviceOperation,64,5309.0
1551360,1,TypecastDeviceOperation,64,5289.0
1981440,1,TypecastDeviceOperation,64,5288.0
1735680,1,TypecastDeviceOperation,64,5285.0
2227200,1,TypecastDeviceOperation,64,5277.0
2350080,1,TypecastDeviceOperation,64,5275.0
855040,,TypecastDeviceOperation,64,5258.0
1827840,1,TypecastDeviceOperation,64,5245.0
2135040,1,TypecastDeviceOperation,64,5236.0
947200,,TypecastDeviceOperation,64,5234.0
2165760,1,TypecastDeviceOperation,64,5229.0
2288640,1,TypecastDeviceOperation,64,5221.0
420864,,ReduceDeviceOperation,32,5209.0
1192960,,TypecastDeviceOperation,64,5207.0
732160,,TypecastDeviceOperation,64,5204.0
1455104,1,ReduceDeviceOperation,32,5202.0
2104320,1,TypecastDeviceOperation,64,5202.0
670720,,TypecastDeviceOperation,64,5201.0
1766400,1,TypecastDeviceOperation,64,5193.0
517120,,TypecastDeviceOperation,64,5190.0
1254400,,TypecastDeviceOperation,64,5180.0
1520640,1,TypecastDeviceOperation,64,5180.0
1346560,,TypecastDeviceOperation,64,5179.0
1100800,,TypecastDeviceOperation,64,5177.0
414720,,TypecastDeviceOperation,64,5175.0
2012160,1,TypecastDeviceOperation,64,5175.0
424960,,TypecastDeviceOperation,64,5173.0
486400,,TypecastDeviceOperation,64,5172.0
609280,,TypecastDeviceOperation,64,5172.0
578560,,TypecastDeviceOperation,64,5169.0
407552,,TypecastDeviceOperation,64,5163.0
1889280,1,TypecastDeviceOperation,64,5161.0
1315840,,TypecastDeviceOperation,64,5156.0
455680,,TypecastDeviceOperation,64,5154.0
762880,,TypecastDeviceOperation,64,5152.0
1223680,,TypecastDeviceOperation,64,5152.0
1131520,,TypecastDeviceOperation,64,5151.0
1285120,,TypecastDeviceOperation,64,5149.0
1377280,,TypecastDeviceOperation,64,5145.0
2073600,1,TypecastDeviceOperation,64,5139.0
640000,,TypecastDeviceOperation,64,5132.0
1162240,,TypecastDeviceOperation,64,5129.0
977920,,TypecastDeviceOperation,64,5127.0
1070080,,TypecastDeviceOperation,64,5126.0
701440,,TypecastDeviceOperation,64,5123.0
824320,,TypecastDeviceOperation,64,5122.0
1039360,,TypecastDeviceOperation,64,5122.0
793600,,TypecastDeviceOperation,64,5114.0
1704960,1,TypecastDeviceOperation,64,5091.0
547840,,TypecastDeviceOperation,64,5089.0
1459200,1,TypecastDeviceOperation,64,5089.0
1008640,,TypecastDeviceOperation,64,5083.0
916480,,TypecastDeviceOperation,64,5081.0
1643520,1,TypecastDeviceOperation,64,5076.0
885760,,TypecastDeviceOperation,64,5059.0
1950720,1,TypecastDeviceOperation,64,5032.0
1489920,1,TypecastDeviceOperation,64,5003.0
1441792,1,TypecastDeviceOperation,64,4947.0
1448960,1,TypecastDeviceOperation,64,4915.0
1252352,,InterleavedToShardedDeviceOperation,32,4435.0
1283072,,InterleavedToShardedDeviceOperation,32,4335.0
1190912,,InterleavedToShardedDeviceOperation,32,4277.0
791552,,InterleavedToShardedDeviceOperation,32,4270.0
914432,,InterleavedToShardedDeviceOperation,32,4225.0
576512,,InterleavedToShardedDeviceOperation,32,4201.0
668672,,InterleavedToShardedDeviceOperation,32,4192.0
1160192,,InterleavedToShardedDeviceOperation,32,4168.0
1006592,,InterleavedToShardedDeviceOperation,32,4163.0
607232,,InterleavedToShardedDeviceOperation,32,4150.0
422912,,InterleavedToShardedDeviceOperation,32,4134.0
1221632,,InterleavedToShardedDeviceOperation,32,4127.0
1068032,,InterleavedToShardedDeviceOperation,32,4105.0
822272,,InterleavedToShardedDeviceOperation,32,4101.0
1457152,1,InterleavedToShardedDeviceOperation,32,4079.0
1487872,1,InterleavedToShardedDeviceOperation,32,4077.0
852992,,InterleavedToShardedDeviceOperation,32,4060.0
2132992,1,InterleavedToShardedDeviceOperation,32,4057.0
1129472,,InterleavedToShardedDeviceOperation,32,4038.0
1098752,,InterleavedToShardedDeviceOperation,32,4024.0
453632,,InterleavedToShardedDeviceOperation,32,4013.0
1375232,,InterleavedToShardedDeviceOperation,32,4007.0
945152,,InterleavedToShardedDeviceOperation,32,4002.0
760832,,InterleavedToShardedDeviceOperation,32,3997.0
2255872,1,InterleavedToShardedDeviceOperation,32,3980.0
730112,,InterleavedToShardedDeviceOperation,32,3960.0
1825792,1,InterleavedToShardedDeviceOperation,32,3938.0
975872,,InterleavedToShardedDeviceOperation,32,3929.0
1887232,1,InterleavedToShardedDeviceOperation,32,3928.0
515072,,InterleavedToShardedDeviceOperation,32,3927.0
1610752,1,InterleavedToShardedDeviceOperation,32,3900.0
2286592,1,InterleavedToShardedDeviceOperation,32,3895.0
1549312,1,InterleavedToShardedDeviceOperation,32,3885.0
1917952,1,InterleavedToShardedDeviceOperation,32,3884.0
883712,,InterleavedToShardedDeviceOperation,32,3881.0
484352,,InterleavedToShardedDeviceOperation,32,3873.0
1344512,,InterleavedToShardedDeviceOperation,32,3864.0
1979392,1,InterleavedToShardedDeviceOperation,32,3849.0
637952,,InterleavedToShardedDeviceOperation,32,3839.0
2348032,1,InterleavedToShardedDeviceOperation,32,3829.0
400384,,BinaryNgDeviceOperation,64,3828.0
1313792,,InterleavedToShardedDeviceOperation,32,3767.0
545792,,InterleavedToShardedDeviceOperation,32,3763.0
699392,,InterleavedToShardedDeviceOperation,32,3731.0
1580032,1,InterleavedToShardedDeviceOperation,32,3705.0
2225152,1,InterleavedToShardedDeviceOperation,32,3700.0
2102272,1,InterleavedToShardedDeviceOperation,32,3690.0
2010112,1,InterleavedToShardedDeviceOperation,32,3687.0
2163712,1,InterleavedToShardedDeviceOperation,32,3673.0
1518592,1,InterleavedToShardedDeviceOperation,32,3671.0
1434624,1,BinaryNgDeviceOperation,64,3662.0
739328,,ReshardDeviceOperation,8,3656.0
1795072,1,InterleavedToShardedDeviceOperation,32,3654.0
2409472,1,InterleavedToShardedDeviceOperation,32,3642.0
1447936,1,InterleavedToShardedDeviceOperation,32,3630.0
1037312,,InterleavedToShardedDeviceOperation,32,3617.0
563200,,ReshardDeviceOperation,8,3614.0
431104,,ReshardDeviceOperation,8,3608.0
1116160,,ReshardDeviceOperation,8,3605.0
1331200,,ReshardDeviceOperation,8,3604.0
862208,,ReshardDeviceOperation,8,3600.0
647168,,ReshardDeviceOperation,8,3595.0
1261568,,ReshardDeviceOperation,8,3592.0
1392640,,ReshardDeviceOperation,8,3585.0
1085440,,ReshardDeviceOperation,8,3581.0
892928,,ReshardDeviceOperation,8,3565.0
1764352,1,InterleavedToShardedDeviceOperation,32,3565.0
462848,,ReshardDeviceOperation,8,3564.0
831488,,ReshardDeviceOperation,8,3560.0
409600,,ShardedToInterleavedDeviceOperation,32,3559.0
375808,,ReshardDeviceOperation,8,3557.0
708608,,ReshardDeviceOperation,8,3548.0
870400,,ReshardDeviceOperation,8,3548.0
962560,,ReshardDeviceOperation,8,3548.0
1015808,,ReshardDeviceOperation,8,3545.0
1169408,,ReshardDeviceOperation,8,3544.0
677888,,ReshardDeviceOperation,8,3543.0
2317312,1,InterleavedToShardedDeviceOperation,32,3543.0
2194432,1,InterleavedToShardedDeviceOperation,32,3541.0
1177600,,ReshardDeviceOperation,8,3538.0
1353728,,ReshardDeviceOperation,8,3534.0
923648,,ReshardDeviceOperation,8,3533.0
1361920,,ReshardDeviceOperation,8,3531.0
1948672,1,InterleavedToShardedDeviceOperation,32,3531.0
2071552,1,InterleavedToShardedDeviceOperation,32,3531.0
1672192,1,InterleavedToShardedDeviceOperation,32,3529.0
493568,,ReshardDeviceOperation,8,3528.0
1465344,1,ReshardDeviceOperation,8,3525.0
624640,,ReshardDeviceOperation,8,3524.0
1024000,,ReshardDeviceOperation,8,3523.0
593920,,ReshardDeviceOperation,8,3521.0
411648,,RepeatDeviceOperation,64,3517.0
1077248,,ReshardDeviceOperation,8,3513.0
655360,,ReshardDeviceOperation,8,3505.0
1200128,,ReshardDeviceOperation,8,3503.0
985088,,ReshardDeviceOperation,8,3502.0
1138688,,ReshardDeviceOperation,8,3496.0
808960,,ReshardDeviceOperation,8,3490.0
1323008,,ReshardDeviceOperation,8,3485.0
770048,,ReshardDeviceOperation,8,3484.0
954368,,ReshardDeviceOperation,8,3481.0
1702912,1,InterleavedToShardedDeviceOperation,32,3478.0
1208320,,ReshardDeviceOperation,8,3476.0
1300480,,ReshardDeviceOperation,8,3474.0
1239040,,ReshardDeviceOperation,8,3468.0
471040,,ReshardDeviceOperation,8,3466.0
931840,,ReshardDeviceOperation,8,3466.0
1146880,,ReshardDeviceOperation,8,3466.0
2040832,1,InterleavedToShardedDeviceOperation,32,3465.0
1107968,,ReshardDeviceOperation,8,3460.0
747520,,ReshardDeviceOperation,8,3453.0
1230848,,ReshardDeviceOperation,8,3449.0
418816,,ShardedToInterleavedDeviceOperation,32,3444.0
524288,,ReshardDeviceOperation,8,3443.0
1054720,,ReshardDeviceOperation,8,3443.0
616448,,ReshardDeviceOperation,8,3438.0
839680,,ReshardDeviceOperation,8,3437.0
1384448,,ReshardDeviceOperation,8,3433.0
1292288,,ReshardDeviceOperation,8,3431.0
1856512,1,InterleavedToShardedDeviceOperation,32,3430.0
532480,,ReshardDeviceOperation,8,3426.0
800768,,ReshardDeviceOperation,8,3421.0
440320,,ReshardDeviceOperation,8,3420.0
686080,,ReshardDeviceOperation,8,3406.0
585728,,ReshardDeviceOperation,8,3403.0
1046528,,ReshardDeviceOperation,8,3403.0
555008,,ReshardDeviceOperation,8,3396.0
901120,,ReshardDeviceOperation,8,3379.0
1269760,,ReshardDeviceOperation,8,3369.0
993280,,ReshardDeviceOperation,8,3367.0
1733632,1,InterleavedToShardedDeviceOperation,32,3364.0
716800,,ReshardDeviceOperation,8,3331.0
501760,,ReshardDeviceOperation,8,3316.0
778240,,ReshardDeviceOperation,8,3281.0
2378752,1,InterleavedToShardedDeviceOperation,32,3245.0
1641472,1,InterleavedToShardedDeviceOperation,32,3242.0
1443840,1,ShardedToInterleavedDeviceOperation,32,3183.0
1453056,1,ShardedToInterleavedDeviceOperation,32,3142.0
384000,,BinaryNgDeviceOperation,64,3136.0
1720320,1,ReshardDeviceOperation,8,3091.0
1873920,1,ReshardDeviceOperation,8,3069.0
2211840,1,ReshardDeviceOperation,8,3066.0
1619968,1,ReshardDeviceOperation,8,3054.0
1474560,1,ReshardDeviceOperation,8,3051.0
1957888,1,ReshardDeviceOperation,8,3049.0
1904640,1,ReshardDeviceOperation,8,3045.0
1804288,1,ReshardDeviceOperation,8,3044.0
2234368,1,ReshardDeviceOperation,8,3032.0
1819648,1,SliceDeviceOperation,64,3027.0
2326528,1,ReshardDeviceOperation,8,3024.0
2119680,1,ReshardDeviceOperation,8,3019.0
1681408,1,ReshardDeviceOperation,8,3018.0
2265088,1,ReshardDeviceOperation,8,3011.0
1418240,1,BinaryNgDeviceOperation,64,3004.0
1497088,1,ReshardDeviceOperation,8,2997.0
2334720,1,ReshardDeviceOperation,8,2995.0
1742848,1,ReshardDeviceOperation,8,2986.0
1658880,1,ReshardDeviceOperation,8,2983.0
2050048,1,ReshardDeviceOperation,8,2977.0
2365440,1,ReshardDeviceOperation,8,2976.0
1628160,1,ReshardDeviceOperation,8,2972.0
1689600,1,ReshardDeviceOperation,8,2972.0
2058240,1,ReshardDeviceOperation,8,2971.0
2150400,1,ReshardDeviceOperation,8,2968.0
1650688,1,ReshardDeviceOperation,8,2964.0
2088960,1,ReshardDeviceOperation,8,2961.0
2418688,1,ReshardDeviceOperation,8,2961.0
1781760,1,ReshardDeviceOperation,8,2954.0
1812480,1,ReshardDeviceOperation,8,2952.0
1988608,1,ReshardDeviceOperation,8,2952.0
1527808,1,ReshardDeviceOperation,8,2947.0
2181120,1,ReshardDeviceOperation,8,2946.0
2396160,1,ReshardDeviceOperation,8,2946.0
1865728,1,ReshardDeviceOperation,8,2945.0
2203648,1,ReshardDeviceOperation,8,2940.0
1712128,1,ReshardDeviceOperation,8,2937.0
430080,,BinaryNgDeviceOperation,64,2936.0
1996800,1,ReshardDeviceOperation,8,2935.0
1558528,1,ReshardDeviceOperation,8,2931.0
1566720,1,ReshardDeviceOperation,8,2929.0
1966080,1,ReshardDeviceOperation,8,2929.0
2357248,1,ReshardDeviceOperation,8,2926.0
2426880,1,ReshardDeviceOperation,7,2925.0
1843200,1,ReshardDeviceOperation,8,2924.0
1751040,1,ReshardDeviceOperation,8,2914.0
2027520,1,ReshardDeviceOperation,8,2914.0
1835008,1,ReshardDeviceOperation,8,2912.0
2273280,1,ReshardDeviceOperation,8,2911.0
1536000,1,ReshardDeviceOperation,8,2896.0
2295808,1,ReshardDeviceOperation,8,2896.0
1505280,1,ReshardDeviceOperation,8,2892.0
2111488,1,ReshardDeviceOperation,8,2877.0
1773568,1,ReshardDeviceOperation,8,2875.0
1927168,1,ReshardDeviceOperation,8,2875.0
2142208,1,ReshardDeviceOperation,8,2856.0
1597440,1,ReshardDeviceOperation,8,2852.0
2387968,1,ReshardDeviceOperation,8,2850.0
1896448,1,ReshardDeviceOperation,8,2843.0
1935360,1,ReshardDeviceOperation,8,2832.0
1666048,1,SliceDeviceOperation,64,2831.0
1410048,1,ReshardDeviceOperation,8,2825.0
2019328,1,ReshardDeviceOperation,8,2825.0
2304000,1,ReshardDeviceOperation,8,2825.0
2172928,1,ReshardDeviceOperation,8,2821.0
1437696,1,UntilizeWithUnpaddingDeviceOperation,1,2804.0
2242560,1,ReshardDeviceOperation,8,2802.0
415744,,ShardedToInterleavedDeviceOperation,32,2781.0
413696,,InterleavedToShardedDeviceOperation,32,2749.0
1589248,1,ReshardDeviceOperation,8,2736.0
903168,,ShardedToInterleavedDeviceOperation,64,2732.0
2080768,1,ReshardDeviceOperation,8,2730.0
1401856,1,BinaryNgDeviceOperation,64,2719.0
367616,,BinaryNgDeviceOperation,64,2703.0
1911808,1,SliceDeviceOperation,64,2692.0
403456,,UntilizeWithUnpaddingDeviceOperation,1,2672.0
1937408,1,ShardedToInterleavedDeviceOperation,64,2658.0
1800192,1,InterleavedToShardedDeviceOperation,8,2654.0
780288,,ShardedToInterleavedDeviceOperation,64,2644.0
1445888,1,RepeatDeviceOperation,64,2636.0
1398784,1,BinaryNgDeviceOperation,64,2632.0
841728,,ShardedToInterleavedDeviceOperation,64,2614.0
1481728,1,SliceDeviceOperation,64,2604.0
1271808,,ShardedToInterleavedDeviceOperation,64,2588.0
1210368,,ShardedToInterleavedDeviceOperation,64,2582.0
1464320,1,BinaryNgDeviceOperation,64,2574.0
1430528,1,SliceDeviceOperation,64,2573.0
1118208,,ShardedToInterleavedDeviceOperation,64,2564.0
534528,,ShardedToInterleavedDeviceOperation,64,2561.0
1758208,1,SliceDeviceOperation,64,2555.0
657408,,ShardedToInterleavedDeviceOperation,64,2540.0
2121728,1,ShardedToInterleavedDeviceOperation,64,2490.0
933888,,ShardedToInterleavedDeviceOperation,64,2484.0
718848,,ShardedToInterleavedDeviceOperation,64,2482.0
964608,,ShardedToInterleavedDeviceOperation,64,2477.0
811008,,ShardedToInterleavedDeviceOperation,64,2460.0
1179648,,ShardedToInterleavedDeviceOperation,64,2460.0
473088,,ShardedToInterleavedDeviceOperation,64,2458.0
364544,,BinaryNgDeviceOperation,64,2452.0
1998848,1,ShardedToInterleavedDeviceOperation,64,2451.0
1660928,1,ShardedToInterleavedDeviceOperation,64,2444.0
1056768,,ShardedToInterleavedDeviceOperation,64,2435.0
626688,,ShardedToInterleavedDeviceOperation,64,2432.0
2152448,1,ShardedToInterleavedDeviceOperation,64,2404.0
1333248,,ShardedToInterleavedDeviceOperation,64,2389.0
503808,,ShardedToInterleavedDeviceOperation,64,2380.0
565248,,ShardedToInterleavedDeviceOperation,64,2380.0
1302528,,ShardedToInterleavedDeviceOperation,64,2373.0
1845248,1,ShardedToInterleavedDeviceOperation,64,2368.0
1026048,,ShardedToInterleavedDeviceOperation,64,2360.0
1875968,1,ShardedToInterleavedDeviceOperation,64,2354.0
570368,,SliceDeviceOperation,64,2345.0
1363968,,ShardedToInterleavedDeviceOperation,64,2332.0
1148928,,ShardedToInterleavedDeviceOperation,64,2325.0
1507328,1,ShardedToInterleavedDeviceOperation,64,2325.0
749568,,ShardedToInterleavedDeviceOperation,64,2324.0
995328,,ShardedToInterleavedDeviceOperation,64,2311.0
693248,,SliceDeviceOperation,64,2308.0
377856,,ShardedToInterleavedDeviceOperation,64,2301.0
1568768,1,ShardedToInterleavedDeviceOperation,64,2300.0
1543168,1,SliceDeviceOperation,64,2299.0
601088,,SliceDeviceOperation,64,2294.0
1691648,1,ShardedToInterleavedDeviceOperation,64,2294.0
872448,,ShardedToInterleavedDeviceOperation,64,2292.0
2188288,1,SliceDeviceOperation,64,2287.0
1538048,1,ShardedToInterleavedDeviceOperation,64,2283.0
877568,,SliceDeviceOperation,64,2278.0
688128,,ShardedToInterleavedDeviceOperation,64,2276.0
2306048,1,ShardedToInterleavedDeviceOperation,64,2274.0
631808,,SliceDeviceOperation,64,2270.0
1727488,1,SliceDeviceOperation,64,2267.0
1814528,1,ShardedToInterleavedDeviceOperation,64,2266.0
1667072,1,InterleavedToShardedDeviceOperation,32,2258.0
1000448,,SliceDeviceOperation,64,2250.0
1753088,1,ShardedToInterleavedDeviceOperation,64,2250.0
1968128,1,ShardedToInterleavedDeviceOperation,64,2245.0
595968,,ShardedToInterleavedDeviceOperation,64,2244.0
2091008,1,ShardedToInterleavedDeviceOperation,64,2242.0
939008,,SliceDeviceOperation,64,2240.0
1906688,1,ShardedToInterleavedDeviceOperation,64,2232.0
2280448,1,SliceDeviceOperation,64,2229.0
1241088,,ShardedToInterleavedDeviceOperation,64,2210.0
969728,,SliceDeviceOperation,64,2195.0
1087488,,ShardedToInterleavedDeviceOperation,64,2193.0
1412096,1,ShardedToInterleavedDeviceOperation,64,2186.0
1630208,1,ShardedToInterleavedDeviceOperation,64,2186.0
2336768,1,ShardedToInterleavedDeviceOperation,64,2186.0
2060288,1,ShardedToInterleavedDeviceOperation,64,2181.0
442368,,ShardedToInterleavedDeviceOperation,64,2180.0
908288,,SliceDeviceOperation,64,2176.0
1783808,1,ShardedToInterleavedDeviceOperation,64,2174.0
2213888,1,ShardedToInterleavedDeviceOperation,64,2154.0
1154048,,SliceDeviceOperation,64,2152.0
1599488,1,ShardedToInterleavedDeviceOperation,64,2150.0
2367488,1,ShardedToInterleavedDeviceOperation,64,2150.0
1215488,,SliceDeviceOperation,64,2149.0
2029568,1,ShardedToInterleavedDeviceOperation,64,2146.0
2372608,1,SliceDeviceOperation,64,2145.0
396288,,SliceDeviceOperation,64,2130.0
2183168,1,ShardedToInterleavedDeviceOperation,64,2130.0
478208,,SliceDeviceOperation,64,2126.0
1476608,1,ShardedToInterleavedDeviceOperation,64,2117.0
404480,,RepeatDeviceOperation,64,2115.0
2398208,1,ShardedToInterleavedDeviceOperation,64,2114.0
1438720,1,RepeatDeviceOperation,64,2114.0
2244608,1,ShardedToInterleavedDeviceOperation,64,2109.0
1722368,1,ShardedToInterleavedDeviceOperation,64,2102.0
1523712,1,InterleavedToShardedDeviceOperation,8,2090.0
1984512,1,InterleavedToShardedDeviceOperation,8,2090.0
1061888,,SliceDeviceOperation,64,2080.0
2219008,1,SliceDeviceOperation,64,2069.0
1287168,,ShardedToInterleavedDeviceOperation,32,2065.0
764928,,ShardedToInterleavedDeviceOperation,32,2061.0
1092608,,SliceDeviceOperation,64,2061.0
1369088,,SliceDeviceOperation,64,2051.0
1449984,1,ShardedToInterleavedDeviceOperation,32,2051.0
519168,,ShardedToInterleavedDeviceOperation,32,2049.0
2275328,1,ShardedToInterleavedDeviceOperation,64,2047.0
1184768,,SliceDeviceOperation,64,2045.0
785408,,SliceDeviceOperation,64,2041.0
1031168,,SliceDeviceOperation,64,2035.0
2260992,1,InterleavedToShardedDeviceOperation,8,2034.0
1923072,1,InterleavedToShardedDeviceOperation,8,2032.0
2065408,1,SliceDeviceOperation,64,2024.0
846848,,SliceDeviceOperation,64,2019.0
1123328,,SliceDeviceOperation,64,2019.0
457728,,ShardedToInterleavedDeviceOperation,32,2017.0
1338368,,SliceDeviceOperation,64,2017.0
723968,,SliceDeviceOperation,64,2015.0
2340864,1,ShardedToInterleavedDeviceOperation,32,2012.0
2403328,1,SliceDeviceOperation,64,2011.0
2310144,1,ShardedToInterleavedDeviceOperation,32,2005.0
2383872,1,InterleavedToShardedDeviceOperation,8,2005.0
389120,,TypecastDeviceOperation,4,2002.0
391168,,TypecastDeviceOperation,4,2001.0
2034688,1,SliceDeviceOperation,64,2001.0
1072128,,ShardedToInterleavedDeviceOperation,32,1994.0
999424,,ShardedToInterleavedDeviceOperation,32,1991.0
508928,,SliceDeviceOperation,64,1990.0
447488,,SliceDeviceOperation,64,1984.0
2107392,1,InterleavedToShardedDeviceOperation,8,1974.0
662528,,SliceDeviceOperation,64,1964.0
1646592,1,InterleavedToShardedDeviceOperation,8,1963.0
395264,,ShardedToInterleavedDeviceOperation,32,1961.0
1246208,,SliceDeviceOperation,64,1958.0
1307648,,SliceDeviceOperation,64,1958.0
2096128,1,SliceDeviceOperation,64,1953.0
1554432,1,InterleavedToShardedDeviceOperation,8,1952.0
692224,,ShardedToInterleavedDeviceOperation,32,1950.0
2168832,1,InterleavedToShardedDeviceOperation,8,1950.0
2015232,1,InterleavedToShardedDeviceOperation,8,1948.0
2033664,1,ShardedToInterleavedDeviceOperation,32,1948.0
549888,,ShardedToInterleavedDeviceOperation,32,1945.0
918528,,ShardedToInterleavedDeviceOperation,32,1945.0
1850368,1,SliceDeviceOperation,64,1944.0
816128,,SliceDeviceOperation,64,1941.0
2414592,1,InterleavedToShardedDeviceOperation,8,1939.0
1422336,1,UnaryDeviceOperation,64,1937.0
1573888,1,SliceDeviceOperation,64,1935.0
1788928,1,SliceDeviceOperation,64,1934.0
734208,,ShardedToInterleavedDeviceOperation,32,1929.0
1276928,,SliceDeviceOperation,64,1929.0
876544,,ShardedToInterleavedDeviceOperation,32,1928.0
539648,,SliceDeviceOperation,64,1927.0
2341888,1,SliceDeviceOperation,64,1925.0
1512448,1,SliceDeviceOperation,64,1923.0
630784,,ShardedToInterleavedDeviceOperation,32,1921.0
703488,,ShardedToInterleavedDeviceOperation,32,1921.0
1728512,1,InterleavedToShardedDeviceOperation,32,1921.0
795648,,ShardedToInterleavedDeviceOperation,32,1918.0
1604608,1,SliceDeviceOperation,64,1918.0
753664,,ShardedToInterleavedDeviceOperation,32,1917.0
600064,,ShardedToInterleavedDeviceOperation,32,1913.0
1041408,,ShardedToInterleavedDeviceOperation,32,1913.0
1275904,,ShardedToInterleavedDeviceOperation,32,1913.0
979968,,ShardedToInterleavedDeviceOperation,32,1909.0
488448,,ShardedToInterleavedDeviceOperation,32,1908.0
507904,,ShardedToInterleavedDeviceOperation,32,1908.0
1425408,1,TypecastDeviceOperation,4,1904.0
857088,,ShardedToInterleavedDeviceOperation,32,1889.0
1102848,,ShardedToInterleavedDeviceOperation,32,1889.0
1091584,,ShardedToInterleavedDeviceOperation,32,1887.0
1942528,1,SliceDeviceOperation,64,1886.0
845824,,ShardedToInterleavedDeviceOperation,32,1884.0
1060864,,ShardedToInterleavedDeviceOperation,32,1883.0
784384,,ShardedToInterleavedDeviceOperation,32,1876.0
477184,,ShardedToInterleavedDeviceOperation,32,1873.0
1379328,,ShardedToInterleavedDeviceOperation,32,1873.0
1614848,1,ShardedToInterleavedDeviceOperation,32,1873.0
754688,,SliceDeviceOperation,64,1871.0
1635328,1,SliceDeviceOperation,64,1865.0
1423360,1,TypecastDeviceOperation,4,1864.0
1973248,1,SliceDeviceOperation,64,1861.0
887808,,ShardedToInterleavedDeviceOperation,32,1857.0
1256448,,ShardedToInterleavedDeviceOperation,32,1851.0
388096,,UnaryDeviceOperation,64,1850.0
937984,,ShardedToInterleavedDeviceOperation,32,1846.0
907264,,ShardedToInterleavedDeviceOperation,32,1843.0
569344,,ShardedToInterleavedDeviceOperation,32,1841.0
968704,,ShardedToInterleavedDeviceOperation,32,1841.0
1195008,,ShardedToInterleavedDeviceOperation,32,1841.0
1695744,1,ShardedToInterleavedDeviceOperation,32,1841.0
1030144,,ShardedToInterleavedDeviceOperation,32,1840.0
1830912,1,InterleavedToShardedDeviceOperation,8,1839.0
1306624,,ShardedToInterleavedDeviceOperation,32,1837.0
1880064,1,ShardedToInterleavedDeviceOperation,32,1837.0
1153024,,ShardedToInterleavedDeviceOperation,32,1836.0
1225728,,ShardedToInterleavedDeviceOperation,32,1836.0
2437120,,UntilizeWithUnpaddingDeviceOperation,1,1834.0
1317888,,ShardedToInterleavedDeviceOperation,32,1833.0
815104,,ShardedToInterleavedDeviceOperation,32,1831.0
2432000,,UntilizeWithUnpaddingDeviceOperation,1,1831.0
1424384,1,UnaryDeviceOperation,64,1828.0
2187264,1,ShardedToInterleavedDeviceOperation,32,1827.0
2450432,,UntilizeWithUnpaddingDeviceOperation,1,1826.0
722944,,ShardedToInterleavedDeviceOperation,32,1825.0
2249728,1,SliceDeviceOperation,64,1823.0
2126848,1,SliceDeviceOperation,64,1821.0
427008,,ShardedToInterleavedDeviceOperation,32,1817.0
611328,,ShardedToInterleavedDeviceOperation,32,1816.0
642048,,ShardedToInterleavedDeviceOperation,32,1806.0
1849344,1,ShardedToInterleavedDeviceOperation,32,1803.0
1348608,,ShardedToInterleavedDeviceOperation,32,1802.0
1851392,1,InterleavedToShardedDeviceOperation,32,1795.0
1615872,1,InterleavedToShardedDeviceOperation,8,1794.0
1164288,,ShardedToInterleavedDeviceOperation,32,1793.0
2454528,,UntilizeWithUnpaddingDeviceOperation,1,1791.0
2461696,,UntilizeWithUnpaddingDeviceOperation,1,1788.0
2003968,1,SliceDeviceOperation,64,1786.0
2442240,,UntilizeWithUnpaddingDeviceOperation,1,1781.0
1337344,,ShardedToInterleavedDeviceOperation,32,1777.0
1738752,1,InterleavedToShardedDeviceOperation,8,1773.0
2217984,1,ShardedToInterleavedDeviceOperation,32,1767.0
1308672,,InterleavedToShardedDeviceOperation,32,1760.0
1245184,,ShardedToInterleavedDeviceOperation,32,1758.0
2157568,1,SliceDeviceOperation,64,1754.0
2311168,1,SliceDeviceOperation,64,1754.0
2449408,,UntilizeWithUnpaddingDeviceOperation,1,1750.0
538624,,ShardedToInterleavedDeviceOperation,32,1747.0
1634304,1,ShardedToInterleavedDeviceOperation,32,1746.0
446464,,ShardedToInterleavedDeviceOperation,32,1745.0
2462720,,UntilizeWithUnpaddingDeviceOperation,1,1736.0
379904,,RepeatDeviceOperation,64,1735.0
571392,,InterleavedToShardedDeviceOperation,32,1730.0
2353152,1,InterleavedToShardedDeviceOperation,8,1730.0
1122304,,ShardedToInterleavedDeviceOperation,32,1729.0
1429504,1,ShardedToInterleavedDeviceOperation,32,1729.0
1983488,1,ShardedToInterleavedDeviceOperation,32,1729.0
704512,,InterleavedToShardedDeviceOperation,8,1728.0
1010688,,ShardedToInterleavedDeviceOperation,32,1722.0
390144,,UnaryDeviceOperation,64,1721.0
672768,,ShardedToInterleavedDeviceOperation,32,1721.0
1214464,,ShardedToInterleavedDeviceOperation,32,1721.0
1277952,,InterleavedToShardedDeviceOperation,32,1719.0
2453504,,UntilizeWithUnpaddingDeviceOperation,1,1718.0
2199552,1,InterleavedToShardedDeviceOperation,8,1716.0
1603584,1,ShardedToInterleavedDeviceOperation,32,1714.0
1696768,1,SliceDeviceOperation,64,1713.0
661504,,ShardedToInterleavedDeviceOperation,32,1710.0
1368064,,ShardedToInterleavedDeviceOperation,32,1710.0
1511424,1,ShardedToInterleavedDeviceOperation,32,1707.0
2448384,,UntilizeWithUnpaddingDeviceOperation,1,1707.0
1133568,,ShardedToInterleavedDeviceOperation,32,1706.0
2439168,,UntilizeWithUnpaddingDeviceOperation,1,1705.0
2458624,,UntilizeWithUnpaddingDeviceOperation,1,1704.0
2459648,,UntilizeWithUnpaddingDeviceOperation,1,1704.0
950272,,InterleavedToShardedDeviceOperation,8,1701.0
1183744,,ShardedToInterleavedDeviceOperation,32,1697.0
2440192,,UntilizeWithUnpaddingDeviceOperation,1,1697.0
1818624,1,ShardedToInterleavedDeviceOperation,32,1696.0
2441216,,UntilizeWithUnpaddingDeviceOperation,1,1696.0
858112,,InterleavedToShardedDeviceOperation,8,1695.0
2460672,,UntilizeWithUnpaddingDeviceOperation,1,1695.0
2452480,,UntilizeWithUnpaddingDeviceOperation,1,1694.0
2435072,,UntilizeWithUnpaddingDeviceOperation,1,1691.0
1881088,1,SliceDeviceOperation,64,1690.0
580608,,ShardedToInterleavedDeviceOperation,32,1689.0
919552,,InterleavedToShardedDeviceOperation,8,1688.0
550912,,InterleavedToShardedDeviceOperation,8,1687.0
2438144,,UntilizeWithUnpaddingDeviceOperation,1,1684.0
2445312,,UntilizeWithUnpaddingDeviceOperation,1,1683.0
2433024,,UntilizeWithUnpaddingDeviceOperation,1,1681.0
2456576,,UntilizeWithUnpaddingDeviceOperation,1,1680.0
2436096,,UntilizeWithUnpaddingDeviceOperation,1,1678.0
2446336,,UntilizeWithUnpaddingDeviceOperation,1,1678.0
1544192,1,InterleavedToShardedDeviceOperation,32,1673.0
2229248,1,ShardedToInterleavedDeviceOperation,32,1673.0
2444288,,UntilizeWithUnpaddingDeviceOperation,1,1672.0
2371584,1,ShardedToInterleavedDeviceOperation,32,1671.0
2464768,,UntilizeWithUnpaddingDeviceOperation,1,1671.0
1414144,1,RepeatDeviceOperation,64,1668.0
581632,,InterleavedToShardedDeviceOperation,8,1665.0
1912832,1,InterleavedToShardedDeviceOperation,32,1663.0
980992,,InterleavedToShardedDeviceOperation,8,1662.0
1288192,,InterleavedToShardedDeviceOperation,8,1662.0
2457600,,UntilizeWithUnpaddingDeviceOperation,1,1662.0
1226752,,InterleavedToShardedDeviceOperation,8,1661.0
2455552,,UntilizeWithUnpaddingDeviceOperation,1,1660.0
2463744,,UntilizeWithUnpaddingDeviceOperation,1,1659.0
826368,,ShardedToInterleavedDeviceOperation,32,1657.0
2281472,1,InterleavedToShardedDeviceOperation,32,1655.0
1380352,,InterleavedToShardedDeviceOperation,8,1654.0
2451456,,UntilizeWithUnpaddingDeviceOperation,1,1654.0
2443264,,UntilizeWithUnpaddingDeviceOperation,1,1652.0
2259968,1,ShardedToInterleavedDeviceOperation,32,1649.0
1416192,1,TypecastDeviceOperation,1,1647.0
888832,,InterleavedToShardedDeviceOperation,8,1644.0
2279424,1,ShardedToInterleavedDeviceOperation,32,1644.0
2291712,1,InterleavedToShardedDeviceOperation,8,1642.0
489472,,InterleavedToShardedDeviceOperation,8,1641.0
520192,,InterleavedToShardedDeviceOperation,8,1641.0
1165312,,InterleavedToShardedDeviceOperation,8,1641.0
2095104,1,ShardedToInterleavedDeviceOperation,32,1641.0
940032,,InterleavedToShardedDeviceOperation,32,1640.0
1196032,,InterleavedToShardedDeviceOperation,8,1640.0
2434048,,UntilizeWithUnpaddingDeviceOperation,1,1640.0
612352,,InterleavedToShardedDeviceOperation,8,1639.0
1972224,1,ShardedToInterleavedDeviceOperation,32,1639.0
509952,,InterleavedToShardedDeviceOperation,32,1637.0
949248,,ShardedToInterleavedDeviceOperation,32,1637.0
2402304,1,ShardedToInterleavedDeviceOperation,32,1636.0
2447360,,UntilizeWithUnpaddingDeviceOperation,1,1636.0
632832,,InterleavedToShardedDeviceOperation,32,1634.0
1318912,,InterleavedToShardedDeviceOperation,8,1632.0
827392,,InterleavedToShardedDeviceOperation,8,1631.0
1185792,,InterleavedToShardedDeviceOperation,32,1631.0
1257472,,InterleavedToShardedDeviceOperation,8,1629.0
2404352,1,InterleavedToShardedDeviceOperation,32,1629.0
2382848,1,ShardedToInterleavedDeviceOperation,32,1626.0
1952768,1,ShardedToInterleavedDeviceOperation,32,1625.0
735232,,InterleavedToShardedDeviceOperation,8,1621.0
765952,,InterleavedToShardedDeviceOperation,8,1617.0
2137088,1,ShardedToInterleavedDeviceOperation,32,1617.0
673792,,InterleavedToShardedDeviceOperation,8,1616.0
1892352,1,InterleavedToShardedDeviceOperation,8,1612.0
643072,,InterleavedToShardedDeviceOperation,8,1608.0
1011712,,InterleavedToShardedDeviceOperation,8,1608.0
1042432,,InterleavedToShardedDeviceOperation,8,1608.0
1103872,,InterleavedToShardedDeviceOperation,8,1608.0
1134592,,InterleavedToShardedDeviceOperation,8,1608.0
796672,,InterleavedToShardedDeviceOperation,8,1606.0
1073152,,InterleavedToShardedDeviceOperation,8,1604.0
1787904,1,ShardedToInterleavedDeviceOperation,32,1603.0
1585152,1,InterleavedToShardedDeviceOperation,8,1599.0
1349632,,InterleavedToShardedDeviceOperation,8,1598.0
1769472,1,InterleavedToShardedDeviceOperation,8,1596.0
1861632,1,InterleavedToShardedDeviceOperation,8,1596.0
479232,,InterleavedToShardedDeviceOperation,32,1594.0
458752,,InterleavedToShardedDeviceOperation,8,1587.0
2064384,1,ShardedToInterleavedDeviceOperation,32,1586.0
970752,,InterleavedToShardedDeviceOperation,32,1580.0
1032192,,InterleavedToShardedDeviceOperation,32,1580.0
1829888,1,ShardedToInterleavedDeviceOperation,32,1577.0
1645568,1,ShardedToInterleavedDeviceOperation,32,1573.0
1953792,1,InterleavedToShardedDeviceOperation,8,1570.0
1922048,1,ShardedToInterleavedDeviceOperation,32,1569.0
1420288,1,ConcatDeviceOperation,4,1567.0
1462272,1,InterleavedToShardedDeviceOperation,8,1567.0
428032,,InterleavedToShardedDeviceOperation,8,1566.0
1677312,1,InterleavedToShardedDeviceOperation,8,1564.0
2248704,1,ShardedToInterleavedDeviceOperation,32,1564.0
1216512,,InterleavedToShardedDeviceOperation,32,1563.0
2322432,1,InterleavedToShardedDeviceOperation,8,1563.0
1124352,,InterleavedToShardedDeviceOperation,32,1562.0
1891328,1,ShardedToInterleavedDeviceOperation,32,1561.0
369664,,TypecastDeviceOperation,32,1559.0
386048,,ConcatDeviceOperation,4,1555.0
1708032,1,InterleavedToShardedDeviceOperation,8,1555.0
1093632,,InterleavedToShardedDeviceOperation,32,1554.0
1492992,1,InterleavedToShardedDeviceOperation,8,1554.0
2230272,1,InterleavedToShardedDeviceOperation,8,1554.0
1491968,1,ShardedToInterleavedDeviceOperation,32,1549.0
1001472,,InterleavedToShardedDeviceOperation,32,1547.0
2045952,1,InterleavedToShardedDeviceOperation,8,1540.0
2138112,1,InterleavedToShardedDeviceOperation,8,1540.0
2002944,1,ShardedToInterleavedDeviceOperation,32,1536.0
1757184,1,ShardedToInterleavedDeviceOperation,32,1532.0
2125824,1,ShardedToInterleavedDeviceOperation,32,1531.0
1676288,1,ShardedToInterleavedDeviceOperation,32,1525.0
2076672,1,InterleavedToShardedDeviceOperation,8,1522.0
2014208,1,ShardedToInterleavedDeviceOperation,32,1521.0
2167808,1,ShardedToInterleavedDeviceOperation,32,1521.0
1910784,1,ShardedToInterleavedDeviceOperation,32,1520.0
1480704,1,ShardedToInterleavedDeviceOperation,32,1514.0
1799168,1,ShardedToInterleavedDeviceOperation,32,1510.0
1860608,1,ShardedToInterleavedDeviceOperation,32,1510.0
663552,,InterleavedToShardedDeviceOperation,32,1503.0
540672,,InterleavedToShardedDeviceOperation,32,1500.0
909312,,InterleavedToShardedDeviceOperation,32,1496.0
1403904,1,TypecastDeviceOperation,32,1494.0
1553408,1,ShardedToInterleavedDeviceOperation,32,1494.0
1062912,,InterleavedToShardedDeviceOperation,32,1490.0
1542144,1,ShardedToInterleavedDeviceOperation,32,1490.0
2106368,1,ShardedToInterleavedDeviceOperation,32,1490.0
2198528,1,ShardedToInterleavedDeviceOperation,32,1489.0
381952,,TypecastDeviceOperation,1,1482.0
2075648,1,ShardedToInterleavedDeviceOperation,32,1482.0
878592,,InterleavedToShardedDeviceOperation,32,1475.0
1408000,1,InterleavedToShardedDeviceOperation,64,1467.0
1941504,1,ShardedToInterleavedDeviceOperation,32,1467.0
694272,,InterleavedToShardedDeviceOperation,32,1466.0
2352128,1,ShardedToInterleavedDeviceOperation,32,1466.0
724992,,InterleavedToShardedDeviceOperation,32,1465.0
397312,,InterleavedToShardedDeviceOperation,32,1463.0
755712,,InterleavedToShardedDeviceOperation,32,1462.0
786432,,InterleavedToShardedDeviceOperation,32,1455.0
602112,,InterleavedToShardedDeviceOperation,32,1452.0
1247232,,InterleavedToShardedDeviceOperation,32,1452.0
1820672,1,InterleavedToShardedDeviceOperation,32,1441.0
1339392,,InterleavedToShardedDeviceOperation,32,1435.0
448512,,InterleavedToShardedDeviceOperation,32,1433.0
817152,,InterleavedToShardedDeviceOperation,32,1433.0
847872,,InterleavedToShardedDeviceOperation,32,1433.0
406528,,InterleavedToShardedDeviceOperation,32,1430.0
1370112,,InterleavedToShardedDeviceOperation,32,1429.0
2290688,1,ShardedToInterleavedDeviceOperation,32,1417.0
2321408,1,ShardedToInterleavedDeviceOperation,32,1409.0
1440768,1,InterleavedToShardedDeviceOperation,32,1407.0
1726464,1,ShardedToInterleavedDeviceOperation,32,1405.0
1155072,,InterleavedToShardedDeviceOperation,32,1403.0
1737728,1,ShardedToInterleavedDeviceOperation,32,1393.0
1665024,1,ShardedToInterleavedDeviceOperation,32,1390.0
1572864,1,ShardedToInterleavedDeviceOperation,32,1377.0
2413568,1,ShardedToInterleavedDeviceOperation,32,1377.0
1584128,1,ShardedToInterleavedDeviceOperation,32,1376.0
2156544,1,ShardedToInterleavedDeviceOperation,32,1372.0
1707008,1,ShardedToInterleavedDeviceOperation,32,1369.0
1636352,1,InterleavedToShardedDeviceOperation,32,1368.0
2044928,1,ShardedToInterleavedDeviceOperation,32,1316.0
1768448,1,ShardedToInterleavedDeviceOperation,32,1310.0
1461248,1,ShardedToInterleavedDeviceOperation,32,1305.0
1574912,1,InterleavedToShardedDeviceOperation,32,1277.0
1882112,1,InterleavedToShardedDeviceOperation,32,1267.0
373760,,InterleavedToShardedDeviceOperation,64,1265.0
1513472,1,InterleavedToShardedDeviceOperation,32,1246.0
1974272,1,InterleavedToShardedDeviceOperation,32,1206.0
2189312,1,InterleavedToShardedDeviceOperation,32,1181.0
1522688,1,ShardedToInterleavedDeviceOperation,32,1177.0
2220032,1,InterleavedToShardedDeviceOperation,32,1167.0
2127872,1,InterleavedToShardedDeviceOperation,32,1158.0
1943552,1,InterleavedToShardedDeviceOperation,32,1135.0
2342912,1,InterleavedToShardedDeviceOperation,32,1091.0
1605632,1,InterleavedToShardedDeviceOperation,32,1086.0
2035712,1,InterleavedToShardedDeviceOperation,32,1082.0
2097152,1,InterleavedToShardedDeviceOperation,32,1082.0
2004992,1,InterleavedToShardedDeviceOperation,32,1079.0
2312192,1,InterleavedToShardedDeviceOperation,32,1066.0
1482752,1,InterleavedToShardedDeviceOperation,32,1059.0
1789952,1,InterleavedToShardedDeviceOperation,32,1059.0
2066432,1,InterleavedToShardedDeviceOperation,32,1058.0
2373632,1,InterleavedToShardedDeviceOperation,32,1049.0
1759232,1,InterleavedToShardedDeviceOperation,32,995.0
2250752,1,InterleavedToShardedDeviceOperation,32,995.0
1697792,1,InterleavedToShardedDeviceOperation,32,993.0
1402880,1,ShardedToInterleavedDeviceOperation,1,942.0
2158592,1,InterleavedToShardedDeviceOperation,32,941.0
1431552,1,InterleavedToShardedDeviceOperation,32,894.0
371712,,CopyDeviceOperation,1,880.0
1405952,1,CopyDeviceOperation,1,877.0
1399808,1,ShardedToInterleavedDeviceOperation,1,769.0
365568,,ShardedToInterleavedDeviceOperation,1,746.0
368640,,ShardedToInterleavedDeviceOperation,1,735.0
387072,,InterleavedToShardedDeviceOperation,4,695.0
1421312,1,InterleavedToShardedDeviceOperation,4,695.0
385024,,ShardedToInterleavedDeviceOperation,2,665.0
2232320,1,BinaryNgDeviceOperation,64,612.0
1503232,1,BinaryNgDeviceOperation,64,611.0
2017280,1,BinaryNgDeviceOperation,64,606.0
2117632,1,BinaryNgDeviceOperation,64,605.0
1748992,1,BinaryNgDeviceOperation,64,603.0
2385920,1,BinaryNgDeviceOperation,64,603.0
2416640,1,BinaryNgDeviceOperation,64,603.0
1556480,1,BinaryNgDeviceOperation,64,602.0
2293760,1,BinaryNgDeviceOperation,64,602.0
1587200,1,BinaryNgDeviceOperation,64,601.0
1802240,1,BinaryNgDeviceOperation,64,600.0
2078720,1,BinaryNgDeviceOperation,64,600.0
1894400,1,BinaryNgDeviceOperation,64,599.0
1986560,1,BinaryNgDeviceOperation,64,599.0
1964032,1,BinaryNgDeviceOperation,64,595.0
1810432,1,BinaryNgDeviceOperation,64,593.0
2355200,1,BinaryNgDeviceOperation,64,593.0
1495040,1,BinaryNgDeviceOperation,64,592.0
1740800,1,BinaryNgDeviceOperation,64,592.0
1994752,1,BinaryNgDeviceOperation,64,591.0
2324480,1,BinaryNgDeviceOperation,64,591.0
1832960,1,BinaryNgDeviceOperation,64,590.0
2140160,1,BinaryNgDeviceOperation,64,590.0
1648640,1,BinaryNgDeviceOperation,64,589.0
1710080,1,BinaryNgDeviceOperation,64,588.0
2025472,1,BinaryNgDeviceOperation,64,588.0
2179072,1,BinaryNgDeviceOperation,64,587.0
2424832,1,BinaryNgDeviceOperation,63,587.0
1779712,1,BinaryNgDeviceOperation,64,586.0
1419264,1,ShardedToInterleavedDeviceOperation,2,584.0
2201600,1,BinaryNgDeviceOperation,64,584.0
1871872,1,BinaryNgDeviceOperation,64,582.0
1687552,1,BinaryNgDeviceOperation,64,581.0
1617920,1,BinaryNgDeviceOperation,64,580.0
1626112,1,BinaryNgDeviceOperation,64,580.0
392192,,ShardedToInterleavedDeviceOperation,4,579.0
1679360,1,BinaryNgDeviceOperation,64,579.0
2048000,1,BinaryNgDeviceOperation,64,579.0
1718272,1,BinaryNgDeviceOperation,64,577.0
1925120,1,BinaryNgDeviceOperation,64,576.0
1533952,1,BinaryNgDeviceOperation,64,575.0
1863680,1,BinaryNgDeviceOperation,64,575.0
2086912,1,BinaryNgDeviceOperation,64,575.0
2109440,1,BinaryNgDeviceOperation,64,575.0
2271232,1,BinaryNgDeviceOperation,64,575.0
2332672,1,BinaryNgDeviceOperation,64,575.0
1564672,1,BinaryNgDeviceOperation,64,574.0
1933312,1,BinaryNgDeviceOperation,64,573.0
1771520,1,BinaryNgDeviceOperation,64,572.0
1595392,1,BinaryNgDeviceOperation,64,569.0
2170880,1,BinaryNgDeviceOperation,64,569.0
1902592,1,BinaryNgDeviceOperation,64,568.0
2263040,1,BinaryNgDeviceOperation,64,568.0
1656832,1,BinaryNgDeviceOperation,64,567.0
1841152,1,BinaryNgDeviceOperation,64,567.0
1955840,1,BinaryNgDeviceOperation,64,567.0
2394112,1,BinaryNgDeviceOperation,64,567.0
401408,,ShardedToInterleavedDeviceOperation,4,566.0
2148352,1,BinaryNgDeviceOperation,64,566.0
2240512,1,BinaryNgDeviceOperation,64,566.0
1472512,1,BinaryNgDeviceOperation,64,565.0
2209792,1,BinaryNgDeviceOperation,64,564.0
1525760,1,BinaryNgDeviceOperation,64,563.0
2056192,1,BinaryNgDeviceOperation,64,561.0
393216,,ShardedToInterleavedDeviceOperation,4,559.0
2363392,1,BinaryNgDeviceOperation,64,559.0
2301952,1,BinaryNgDeviceOperation,64,557.0
1427456,1,ShardedToInterleavedDeviceOperation,4,538.0
1435648,1,ShardedToInterleavedDeviceOperation,4,528.0
1426432,1,ShardedToInterleavedDeviceOperation,4,520.0
1320960,,BinaryNgDeviceOperation,64,512.0
460800,,BinaryNgDeviceOperation,64,509.0
675840,,BinaryNgDeviceOperation,64,508.0
561152,,BinaryNgDeviceOperation,64,507.0
591872,,BinaryNgDeviceOperation,64,506.0
438272,,BinaryNgDeviceOperation,64,505.0
1052672,,BinaryNgDeviceOperation,64,505.0
468992,,BinaryNgDeviceOperation,64,500.0
1105920,,BinaryNgDeviceOperation,64,500.0
1114112,,BinaryNgDeviceOperation,64,499.0
714752,,BinaryNgDeviceOperation,64,496.0
499712,,BinaryNgDeviceOperation,64,493.0
1351680,,BinaryNgDeviceOperation,64,493.0
1198080,,BinaryNgDeviceOperation,64,492.0
1298432,,BinaryNgDeviceOperation,64,491.0
929792,,BinaryNgDeviceOperation,64,490.0
952320,,BinaryNgDeviceOperation,64,489.0
983040,,BinaryNgDeviceOperation,64,489.0
776192,,BinaryNgDeviceOperation,64,488.0
1382400,,BinaryNgDeviceOperation,64,488.0
614400,,BinaryNgDeviceOperation,64,487.0
798720,,BinaryNgDeviceOperation,64,487.0
899072,,BinaryNgDeviceOperation,64,486.0
768000,,BinaryNgDeviceOperation,64,484.0
890880,,BinaryNgDeviceOperation,64,484.0
1083392,,BinaryNgDeviceOperation,64,484.0
1144832,,BinaryNgDeviceOperation,64,484.0
1290240,,BinaryNgDeviceOperation,64,484.0
991232,,BinaryNgDeviceOperation,64,483.0
1167360,,BinaryNgDeviceOperation,64,483.0
1175552,,BinaryNgDeviceOperation,64,483.0
552960,,BinaryNgDeviceOperation,64,482.0
1136640,,BinaryNgDeviceOperation,64,482.0
1206272,,BinaryNgDeviceOperation,64,482.0
491520,,BinaryNgDeviceOperation,64,481.0
684032,,BinaryNgDeviceOperation,64,481.0
860160,,BinaryNgDeviceOperation,64,481.0
1359872,,BinaryNgDeviceOperation,64,481.0
1075200,,BinaryNgDeviceOperation,64,480.0
1228800,,BinaryNgDeviceOperation,64,480.0
1390592,,BinaryNgDeviceOperation,64,479.0
522240,,BinaryNgDeviceOperation,64,477.0
653312,,BinaryNgDeviceOperation,64,477.0
706560,,BinaryNgDeviceOperation,64,477.0
737280,,BinaryNgDeviceOperation,64,477.0
829440,,BinaryNgDeviceOperation,64,477.0
530432,,BinaryNgDeviceOperation,64,476.0
745472,,BinaryNgDeviceOperation,64,476.0
837632,,BinaryNgDeviceOperation,64,476.0
960512,,BinaryNgDeviceOperation,64,476.0
1236992,,BinaryNgDeviceOperation,64,476.0
1021952,,BinaryNgDeviceOperation,64,475.0
1044480,,BinaryNgDeviceOperation,64,475.0
1259520,,BinaryNgDeviceOperation,64,475.0
806912,,BinaryNgDeviceOperation,64,474.0
622592,,BinaryNgDeviceOperation,64,473.0
868352,,BinaryNgDeviceOperation,64,473.0
1329152,,BinaryNgDeviceOperation,64,473.0
921600,,BinaryNgDeviceOperation,64,471.0
1013760,,BinaryNgDeviceOperation,64,471.0
1267712,,BinaryNgDeviceOperation,64,469.0
583680,,BinaryNgDeviceOperation,64,468.0
645120,,BinaryNgDeviceOperation,64,467.0
