op_id,replay,op_name,cores,duration_ns
2264064,1,ArgMaxDeviceOperation,64,713066.0
1263616,,ArgMaxDeviceOperation,64,712394.0
1260544,,MatmulDeviceOperation,64,686422.0
2260992,1,MatmulDeviceOperation,64,683530.0
230400,,CopyDeviceOperation,64,439156.0
248832,,CopyDeviceOperation,64,420093.0
263168,,CopyDeviceOperation,64,418208.0
214016,,CopyDeviceOperation,64,412963.0
244736,,CopyDeviceOperation,64,404094.0
237568,,CopyDeviceOperation,64,402917.0
247808,,CopyDeviceOperation,64,400850.0
219136,,CopyDeviceOperation,64,400428.0
235520,,CopyDeviceOperation,64,399818.0
198656,,CopyDeviceOperation,64,399816.0
199680,,CopyDeviceOperation,64,399393.0
218112,,CopyDeviceOperation,64,398201.0
260096,,CopyDeviceOperation,64,397300.0
200704,,CopyDeviceOperation,64,397026.0
252928,,CopyDeviceOperation,64,396582.0
209920,,CopyDeviceOperation,64,395751.0
246784,,CopyDeviceOperation,64,395127.0
202752,,CopyDeviceOperation,64,395009.0
242688,,CopyDeviceOperation,64,394643.0
212992,,CopyDeviceOperation,64,393779.0
256000,,CopyDeviceOperation,64,393296.0
205824,,CopyDeviceOperation,64,392323.0
211968,,CopyDeviceOperation,64,392239.0
225280,,CopyDeviceOperation,64,389750.0
234496,,CopyDeviceOperation,64,388614.0
208896,,CopyDeviceOperation,64,388003.0
233472,,CopyDeviceOperation,64,385692.0
251904,,CopyDeviceOperation,64,385251.0
215040,,CopyDeviceOperation,64,385192.0
238592,,CopyDeviceOperation,64,384595.0
258048,,CopyDeviceOperation,64,383517.0
232448,,CopyDeviceOperation,64,378729.0
2164736,1,MatmulDeviceOperation,64,305977.0
2253824,1,MatmulDeviceOperation,64,305873.0
1986560,1,MatmulDeviceOperation,64,305678.0
629760,,MatmulDeviceOperation,64,305396.0
1104896,,MatmulDeviceOperation,64,305229.0
421888,,MatmulDeviceOperation,64,305086.0
1719296,1,MatmulDeviceOperation,64,304736.0
336896,,MatmulDeviceOperation,64,304489.0
396288,,MatmulDeviceOperation,64,304415.0
659456,,MatmulDeviceOperation,64,304357.0
1333248,1,MatmulDeviceOperation,64,304338.0
718848,,MatmulDeviceOperation,64,304282.0
1574912,1,MatmulDeviceOperation,64,304209.0
901120,,MatmulDeviceOperation,64,304163.0
2075648,1,MatmulDeviceOperation,64,304054.0
1748992,1,MatmulDeviceOperation,64,303956.0
1362944,1,MatmulDeviceOperation,64,303901.0
1541120,1,MatmulDeviceOperation,64,303849.0
1511424,1,MatmulDeviceOperation,64,303826.0
1901568,1,MatmulDeviceOperation,64,303687.0
807936,,MatmulDeviceOperation,64,303658.0
1778688,1,MatmulDeviceOperation,64,303623.0
2105344,1,MatmulDeviceOperation,64,303553.0
1456128,1,MatmulDeviceOperation,64,303531.0
1634304,1,MatmulDeviceOperation,64,303509.0
1897472,1,MatmulDeviceOperation,64,303479.0
1808384,1,MatmulDeviceOperation,64,303442.0
1253376,,MatmulDeviceOperation,64,303425.0
956416,,MatmulDeviceOperation,64,303395.0
1570816,1,MatmulDeviceOperation,64,303386.0
1659904,1,MatmulDeviceOperation,64,303358.0
1392640,1,MatmulDeviceOperation,64,303283.0
1452032,1,MatmulDeviceOperation,64,303276.0
1337344,1,MatmulDeviceOperation,64,303256.0
1689600,1,MatmulDeviceOperation,64,303114.0
1164288,,MatmulDeviceOperation,64,303080.0
1838080,1,MatmulDeviceOperation,64,303034.0
510976,,MatmulDeviceOperation,64,302943.0
633856,,MatmulDeviceOperation,64,302906.0
2079744,1,MatmulDeviceOperation,64,302906.0
2224128,1,MatmulDeviceOperation,64,302859.0
1134592,,MatmulDeviceOperation,64,302790.0
867328,,MatmulDeviceOperation,64,302726.0
1927168,1,MatmulDeviceOperation,64,302692.0
1045504,,MatmulDeviceOperation,64,302635.0
451584,,MatmulDeviceOperation,64,302624.0
332800,,MatmulDeviceOperation,64,302620.0
1956864,1,MatmulDeviceOperation,64,302560.0
748544,,MatmulDeviceOperation,64,302530.0
362496,,MatmulDeviceOperation,64,302527.0
1227776,,MatmulDeviceOperation,64,302458.0
1867776,1,MatmulDeviceOperation,64,302458.0
1871872,1,MatmulDeviceOperation,64,302452.0
837632,,MatmulDeviceOperation,64,302447.0
1426432,1,MatmulDeviceOperation,64,302447.0
926720,,MatmulDeviceOperation,64,302423.0
544768,,MatmulDeviceOperation,64,302318.0
2139136,1,MatmulDeviceOperation,64,302302.0
1019904,,MatmulDeviceOperation,64,302282.0
485376,,MatmulDeviceOperation,64,302236.0
930816,,MatmulDeviceOperation,64,302178.0
986112,,MatmulDeviceOperation,64,302153.0
2109440,1,MatmulDeviceOperation,64,302149.0
570368,,MatmulDeviceOperation,64,302044.0
1960960,1,MatmulDeviceOperation,64,302030.0
2168832,1,MatmulDeviceOperation,64,301998.0
1049600,,MatmulDeviceOperation,64,301994.0
1108992,,MatmulDeviceOperation,64,301953.0
1481728,1,MatmulDeviceOperation,64,301939.0
1223680,,MatmulDeviceOperation,64,301913.0
1812480,1,MatmulDeviceOperation,64,301906.0
1075200,,MatmulDeviceOperation,64,301738.0
1193984,,MatmulDeviceOperation,64,301727.0
2257920,1,MatmulDeviceOperation,64,301704.0
2194432,1,MatmulDeviceOperation,64,301683.0
1723392,1,MatmulDeviceOperation,64,301665.0
1257472,,MatmulDeviceOperation,64,301659.0
1931264,1,MatmulDeviceOperation,64,301658.0
1600512,1,MatmulDeviceOperation,64,301638.0
897024,,MatmulDeviceOperation,64,301635.0
990208,,MatmulDeviceOperation,64,301627.0
600064,,MatmulDeviceOperation,64,301604.0
2135040,1,MatmulDeviceOperation,64,301589.0
1664000,1,MatmulDeviceOperation,64,301571.0
752640,,MatmulDeviceOperation,64,301544.0
1515520,1,MatmulDeviceOperation,64,301487.0
778240,,MatmulDeviceOperation,64,301473.0
841728,,MatmulDeviceOperation,64,301449.0
2020352,1,MatmulDeviceOperation,64,301444.0
1422336,1,MatmulDeviceOperation,64,301396.0
689152,,MatmulDeviceOperation,64,301311.0
2045952,1,MatmulDeviceOperation,64,301267.0
1015808,,MatmulDeviceOperation,64,301247.0
1079296,,MatmulDeviceOperation,64,301231.0
2050048,1,MatmulDeviceOperation,64,301171.0
392192,,MatmulDeviceOperation,64,301069.0
1782784,1,MatmulDeviceOperation,64,301032.0
1693696,1,MatmulDeviceOperation,64,300862.0
2228224,1,MatmulDeviceOperation,64,300849.0
812032,,MatmulDeviceOperation,64,300815.0
481280,,MatmulDeviceOperation,64,300712.0
1604608,1,MatmulDeviceOperation,64,300672.0
1138688,,MatmulDeviceOperation,64,300600.0
425984,,MatmulDeviceOperation,64,300573.0
1630208,1,MatmulDeviceOperation,64,300510.0
515072,,MatmulDeviceOperation,64,300438.0
1545216,1,MatmulDeviceOperation,64,300438.0
2016256,1,MatmulDeviceOperation,64,300346.0
1990656,1,MatmulDeviceOperation,64,300316.0
1753088,1,MatmulDeviceOperation,64,300244.0
2198528,1,MatmulDeviceOperation,64,300138.0
1485824,1,MatmulDeviceOperation,64,300043.0
693248,,MatmulDeviceOperation,64,299897.0
663552,,MatmulDeviceOperation,64,299893.0
366592,,MatmulDeviceOperation,64,299803.0
782336,,MatmulDeviceOperation,64,299679.0
871424,,MatmulDeviceOperation,64,299626.0
1842176,1,MatmulDeviceOperation,64,299352.0
455680,,MatmulDeviceOperation,64,299309.0
1367040,1,MatmulDeviceOperation,64,299295.0
960512,,MatmulDeviceOperation,64,299278.0
540672,,MatmulDeviceOperation,64,299185.0
1396736,1,MatmulDeviceOperation,64,298872.0
722944,,MatmulDeviceOperation,64,298793.0
604160,,MatmulDeviceOperation,64,298715.0
1168384,,MatmulDeviceOperation,64,298668.0
574464,,MatmulDeviceOperation,64,298581.0
1198080,,MatmulDeviceOperation,64,297575.0
690176,,MatmulDeviceOperation,64,294555.0
630784,,MatmulDeviceOperation,64,294247.0
1987584,1,MatmulDeviceOperation,64,294199.0
1720320,1,MatmulDeviceOperation,64,294170.0
1957888,1,MatmulDeviceOperation,64,293871.0
1363968,1,MatmulDeviceOperation,64,293849.0
838656,,MatmulDeviceOperation,64,293840.0
1046528,,MatmulDeviceOperation,64,293548.0
2225152,1,MatmulDeviceOperation,64,293417.0
1898496,1,MatmulDeviceOperation,64,293394.0
868352,,MatmulDeviceOperation,64,293368.0
2076672,1,MatmulDeviceOperation,64,293343.0
660480,,MatmulDeviceOperation,64,293174.0
2195456,1,MatmulDeviceOperation,64,293038.0
1076224,,MatmulDeviceOperation,64,292826.0
898048,,MatmulDeviceOperation,64,292698.0
1453056,1,MatmulDeviceOperation,64,292694.0
2254848,1,MatmulDeviceOperation,64,292397.0
927744,,MatmulDeviceOperation,64,292388.0
2046976,1,MatmulDeviceOperation,64,292372.0
363520,,MatmulDeviceOperation,64,292240.0
1165312,,MatmulDeviceOperation,64,292238.0
601088,,MatmulDeviceOperation,64,292161.0
749568,,MatmulDeviceOperation,64,292156.0
1512448,1,MatmulDeviceOperation,64,291931.0
393216,,MatmulDeviceOperation,64,291924.0
541696,,MatmulDeviceOperation,64,291792.0
987136,,MatmulDeviceOperation,64,291780.0
422912,,MatmulDeviceOperation,64,291701.0
1839104,1,MatmulDeviceOperation,64,291635.0
333824,,MatmulDeviceOperation,64,291602.0
719872,,MatmulDeviceOperation,64,291506.0
1750016,1,MatmulDeviceOperation,64,291466.0
2136064,1,MatmulDeviceOperation,64,291456.0
1542144,1,MatmulDeviceOperation,64,291364.0
512000,,MatmulDeviceOperation,64,291356.0
779264,,MatmulDeviceOperation,64,291353.0
1660928,1,MatmulDeviceOperation,64,291313.0
1105920,,MatmulDeviceOperation,64,291279.0
482304,,MatmulDeviceOperation,64,291218.0
957440,,MatmulDeviceOperation,64,291127.0
1423360,1,MatmulDeviceOperation,64,291024.0
1224704,,MatmulDeviceOperation,64,291006.0
2017280,1,MatmulDeviceOperation,64,291001.0
1482752,1,MatmulDeviceOperation,64,290964.0
1690624,1,MatmulDeviceOperation,64,290940.0
452608,,MatmulDeviceOperation,64,290925.0
1601536,1,MatmulDeviceOperation,64,290815.0
1393664,1,MatmulDeviceOperation,64,290780.0
1254400,,MatmulDeviceOperation,64,290770.0
2165760,1,MatmulDeviceOperation,64,290747.0
1809408,1,MatmulDeviceOperation,64,290628.0
1571840,1,MatmulDeviceOperation,64,290614.0
571392,,MatmulDeviceOperation,64,290336.0
1135616,,MatmulDeviceOperation,64,290210.0
1631232,1,MatmulDeviceOperation,64,290133.0
808960,,MatmulDeviceOperation,64,290132.0
1779712,1,MatmulDeviceOperation,64,290127.0
1334272,1,MatmulDeviceOperation,64,289971.0
1928192,1,MatmulDeviceOperation,64,289439.0
1016832,,MatmulDeviceOperation,64,289372.0
1868800,1,MatmulDeviceOperation,64,289330.0
1195008,,MatmulDeviceOperation,64,289153.0
2106368,1,MatmulDeviceOperation,64,288158.0
221184,,CopyDeviceOperation,64,267424.0
224256,,CopyDeviceOperation,64,266616.0
204800,,CopyDeviceOperation,64,264543.0
223232,,CopyDeviceOperation,64,263189.0
239616,,CopyDeviceOperation,64,263140.0
226304,,CopyDeviceOperation,64,260723.0
261120,,CopyDeviceOperation,64,260266.0
206848,,CopyDeviceOperation,64,259615.0
241664,,CopyDeviceOperation,64,258826.0
240640,,CopyDeviceOperation,64,258598.0
227328,,CopyDeviceOperation,64,258527.0
217088,,CopyDeviceOperation,64,258043.0
250880,,CopyDeviceOperation,64,258043.0
245760,,CopyDeviceOperation,64,257740.0
207872,,CopyDeviceOperation,64,257000.0
257024,,CopyDeviceOperation,64,256902.0
229376,,CopyDeviceOperation,64,256540.0
222208,,CopyDeviceOperation,64,256528.0
262144,,CopyDeviceOperation,64,256465.0
243712,,CopyDeviceOperation,64,256396.0
220160,,CopyDeviceOperation,64,255975.0
216064,,CopyDeviceOperation,64,255833.0
254976,,CopyDeviceOperation,64,255833.0
231424,,CopyDeviceOperation,64,254543.0
253952,,CopyDeviceOperation,64,254368.0
249856,,CopyDeviceOperation,64,252460.0
201728,,CopyDeviceOperation,64,251112.0
236544,,CopyDeviceOperation,64,251080.0
259072,,CopyDeviceOperation,64,250962.0
203776,,CopyDeviceOperation,64,250529.0
228352,,CopyDeviceOperation,64,250337.0
210944,,CopyDeviceOperation,64,250229.0
875520,,MatmulDeviceOperation,64,115917.0
1172480,,MatmulDeviceOperation,64,115857.0
2143232,1,MatmulDeviceOperation,64,115707.0
1460224,1,MatmulDeviceOperation,64,115688.0
697344,,MatmulDeviceOperation,64,115653.0
1786880,1,MatmulDeviceOperation,64,115603.0
459776,,MatmulDeviceOperation,64,115588.0
2054144,1,MatmulDeviceOperation,64,115565.0
1519616,1,MatmulDeviceOperation,64,115564.0
400384,,MatmulDeviceOperation,64,115465.0
1994752,1,MatmulDeviceOperation,64,115449.0
905216,,MatmulDeviceOperation,64,115423.0
1697792,1,MatmulDeviceOperation,64,115408.0
845824,,MatmulDeviceOperation,64,115406.0
1935360,1,MatmulDeviceOperation,64,115384.0
2202624,1,MatmulDeviceOperation,64,115375.0
1608704,1,MatmulDeviceOperation,64,115373.0
1727488,1,MatmulDeviceOperation,64,115364.0
1965056,1,MatmulDeviceOperation,64,115331.0
727040,,MatmulDeviceOperation,64,115305.0
430080,,MatmulDeviceOperation,64,115292.0
994304,,MatmulDeviceOperation,64,115275.0
1875968,1,MatmulDeviceOperation,64,115272.0
1083392,,MatmulDeviceOperation,64,115265.0
667648,,MatmulDeviceOperation,64,115263.0
1231872,,MatmulDeviceOperation,64,115251.0
1430528,1,MatmulDeviceOperation,64,115247.0
548864,,MatmulDeviceOperation,64,115243.0
489472,,MatmulDeviceOperation,64,115240.0
1142784,,MatmulDeviceOperation,64,115225.0
277504,,MatmulDeviceOperation,64,115207.0
786432,,MatmulDeviceOperation,64,115202.0
370688,,MatmulDeviceOperation,64,115198.0
608256,,MatmulDeviceOperation,64,115198.0
964608,,MatmulDeviceOperation,64,115193.0
637952,,MatmulDeviceOperation,64,115181.0
2113536,1,MatmulDeviceOperation,64,115178.0
934912,,MatmulDeviceOperation,64,115171.0
578560,,MatmulDeviceOperation,64,115166.0
816128,,MatmulDeviceOperation,64,115158.0
1053696,,MatmulDeviceOperation,64,115157.0
2083840,1,MatmulDeviceOperation,64,115141.0
1489920,1,MatmulDeviceOperation,64,115136.0
1549312,1,MatmulDeviceOperation,64,115133.0
340992,,MatmulDeviceOperation,64,115112.0
1202176,,MatmulDeviceOperation,64,115111.0
1341440,1,MatmulDeviceOperation,64,115101.0
1638400,1,MatmulDeviceOperation,64,115089.0
1400832,1,MatmulDeviceOperation,64,115088.0
1579008,1,MatmulDeviceOperation,64,115070.0
756736,,MatmulDeviceOperation,64,115069.0
1113088,,MatmulDeviceOperation,64,115059.0
2232320,1,MatmulDeviceOperation,64,115054.0
519168,,MatmulDeviceOperation,64,115051.0
2024448,1,MatmulDeviceOperation,64,115046.0
1905664,1,MatmulDeviceOperation,64,115012.0
1024000,,MatmulDeviceOperation,64,114997.0
1668096,1,MatmulDeviceOperation,64,114997.0
1277952,1,MatmulDeviceOperation,64,114964.0
1816576,1,MatmulDeviceOperation,64,114953.0
2172928,1,MatmulDeviceOperation,64,114910.0
1846272,1,MatmulDeviceOperation,64,114896.0
1371136,1,MatmulDeviceOperation,64,114764.0
1757184,1,MatmulDeviceOperation,64,114600.0
157696,,TilizeDeviceOperation,64,103342.0
94208,,TilizeDeviceOperation,64,99788.0
133120,,TilizeDeviceOperation,64,99461.0
16384,,TilizeDeviceOperation,64,99137.0
45056,,TilizeDeviceOperation,64,98586.0
20480,,TilizeDeviceOperation,64,98120.0
174080,,TilizeDeviceOperation,64,98032.0
51200,,TilizeDeviceOperation,64,98019.0
118784,,TilizeDeviceOperation,64,97825.0
57344,,TilizeDeviceOperation,64,97580.0
192512,,TilizeDeviceOperation,64,97540.0
186368,,TilizeDeviceOperation,64,97538.0
71680,,TilizeDeviceOperation,64,97483.0
169984,,TilizeDeviceOperation,64,97415.0
108544,,TilizeDeviceOperation,64,97335.0
63488,,TilizeDeviceOperation,64,97311.0
112640,,TilizeDeviceOperation,64,97271.0
139264,,TilizeDeviceOperation,64,97257.0
4096,,TilizeDeviceOperation,64,97239.0
163840,,TilizeDeviceOperation,64,97205.0
53248,,TilizeDeviceOperation,64,97201.0
81920,,TilizeDeviceOperation,64,97192.0
180224,,TilizeDeviceOperation,64,97164.0
75776,,TilizeDeviceOperation,64,97018.0
83968,,TilizeDeviceOperation,64,96954.0
143360,,TilizeDeviceOperation,64,96892.0
188416,,TilizeDeviceOperation,64,96793.0
106496,,TilizeDeviceOperation,64,96783.0
124928,,TilizeDeviceOperation,64,96759.0
77824,,TilizeDeviceOperation,64,96751.0
137216,,TilizeDeviceOperation,64,96719.0
120832,,TilizeDeviceOperation,64,96703.0
161792,,TilizeDeviceOperation,64,96636.0
145408,,TilizeDeviceOperation,64,96614.0
14336,,TilizeDeviceOperation,64,96612.0
34816,,TilizeDeviceOperation,64,96536.0
96256,,TilizeDeviceOperation,64,96471.0
90112,,TilizeDeviceOperation,64,96402.0
47104,,TilizeDeviceOperation,64,96373.0
88064,,TilizeDeviceOperation,64,96267.0
69632,,TilizeDeviceOperation,64,96195.0
26624,,TilizeDeviceOperation,64,96177.0
102400,,TilizeDeviceOperation,64,96173.0
194560,,TilizeDeviceOperation,64,96171.0
182272,,TilizeDeviceOperation,64,96054.0
151552,,TilizeDeviceOperation,64,95931.0
8192,,TilizeDeviceOperation,64,95926.0
65536,,TilizeDeviceOperation,64,95653.0
32768,,TilizeDeviceOperation,64,95604.0
40960,,TilizeDeviceOperation,64,95590.0
100352,,TilizeDeviceOperation,64,95577.0
176128,,TilizeDeviceOperation,64,95550.0
155648,,TilizeDeviceOperation,64,95441.0
131072,,TilizeDeviceOperation,64,95397.0
38912,,TilizeDeviceOperation,64,95330.0
126976,,TilizeDeviceOperation,64,95286.0
59392,,TilizeDeviceOperation,64,95249.0
22528,,TilizeDeviceOperation,64,95225.0
167936,,TilizeDeviceOperation,64,94991.0
149504,,TilizeDeviceOperation,64,94832.0
28672,,TilizeDeviceOperation,64,94825.0
10240,,TilizeDeviceOperation,64,94819.0
114688,,TilizeDeviceOperation,64,94667.0
2048,,TilizeDeviceOperation,64,94326.0
1330176,1,MatmulDeviceOperation,64,81833.0
1508352,1,MatmulDeviceOperation,64,81705.0
2250752,1,MatmulDeviceOperation,64,81551.0
537600,,MatmulDeviceOperation,64,81306.0
1745920,1,MatmulDeviceOperation,64,81252.0
329728,,MatmulDeviceOperation,64,81234.0
1478656,1,MatmulDeviceOperation,64,81089.0
686080,,MatmulDeviceOperation,64,81026.0
1567744,1,MatmulDeviceOperation,64,81022.0
1656832,1,MatmulDeviceOperation,64,81019.0
953344,,MatmulDeviceOperation,64,80989.0
1419264,1,MatmulDeviceOperation,64,80970.0
1924096,1,MatmulDeviceOperation,64,80927.0
1775616,1,MatmulDeviceOperation,64,80911.0
923648,,MatmulDeviceOperation,64,80901.0
418816,,MatmulDeviceOperation,64,80862.0
389120,,MatmulDeviceOperation,64,80840.0
567296,,MatmulDeviceOperation,64,80840.0
2131968,1,MatmulDeviceOperation,64,80836.0
359424,,MatmulDeviceOperation,64,80795.0
983040,,MatmulDeviceOperation,64,80777.0
2042880,1,MatmulDeviceOperation,64,80766.0
804864,,MatmulDeviceOperation,64,80763.0
1072128,,MatmulDeviceOperation,64,80754.0
1190912,,MatmulDeviceOperation,64,80753.0
1389568,1,MatmulDeviceOperation,64,80749.0
1250304,,MatmulDeviceOperation,64,80743.0
864256,,MatmulDeviceOperation,64,80728.0
2013184,1,MatmulDeviceOperation,64,80711.0
1597440,1,MatmulDeviceOperation,64,80610.0
1627136,1,MatmulDeviceOperation,64,80579.0
507904,,MatmulDeviceOperation,64,80562.0
775168,,MatmulDeviceOperation,64,80556.0
715776,,MatmulDeviceOperation,64,80554.0
1131520,,MatmulDeviceOperation,64,80528.0
478208,,MatmulDeviceOperation,64,80525.0
1864704,1,MatmulDeviceOperation,64,80524.0
1012736,,MatmulDeviceOperation,64,80490.0
1805312,1,MatmulDeviceOperation,64,80483.0
1042432,,MatmulDeviceOperation,64,80479.0
2191360,1,MatmulDeviceOperation,64,80479.0
1161216,,MatmulDeviceOperation,64,80461.0
2102272,1,MatmulDeviceOperation,64,80449.0
1686528,1,MatmulDeviceOperation,64,80416.0
1894400,1,MatmulDeviceOperation,64,80403.0
1448960,1,MatmulDeviceOperation,64,80401.0
1220608,,MatmulDeviceOperation,64,80395.0
1716224,1,MatmulDeviceOperation,64,80393.0
1953792,1,MatmulDeviceOperation,64,80392.0
1835008,1,MatmulDeviceOperation,64,80332.0
1101824,,MatmulDeviceOperation,64,80326.0
626688,,MatmulDeviceOperation,64,80299.0
834560,,MatmulDeviceOperation,64,80283.0
745472,,MatmulDeviceOperation,64,80279.0
893952,,MatmulDeviceOperation,64,80267.0
596992,,MatmulDeviceOperation,64,80264.0
656384,,MatmulDeviceOperation,64,80244.0
2221056,1,MatmulDeviceOperation,64,80173.0
448512,,MatmulDeviceOperation,64,80129.0
1538048,1,MatmulDeviceOperation,64,80106.0
2072576,1,MatmulDeviceOperation,64,80105.0
1359872,1,MatmulDeviceOperation,64,80079.0
2161664,1,MatmulDeviceOperation,64,80045.0
1983488,1,MatmulDeviceOperation,64,79995.0
1737728,1,SdpaDecodeDeviceOperation,64,74279.0
2183168,1,SdpaDecodeDeviceOperation,64,73954.0
2004992,1,SdpaDecodeDeviceOperation,64,73455.0
1708032,1,SdpaDecodeDeviceOperation,64,73183.0
1440768,1,SdpaDecodeDeviceOperation,64,73163.0
1856512,1,SdpaDecodeDeviceOperation,64,73137.0
1317888,1,SdpaDecodeDeviceOperation,64,73053.0
2034688,1,SdpaDecodeDeviceOperation,64,72991.0
559104,,SdpaDecodeDeviceOperation,64,72972.0
974848,,SdpaDecodeDeviceOperation,64,72881.0
1182720,,SdpaDecodeDeviceOperation,64,72839.0
1648640,1,SdpaDecodeDeviceOperation,64,72796.0
440320,,SdpaDecodeDeviceOperation,64,72685.0
945152,,SdpaDecodeDeviceOperation,64,72400.0
1351680,1,SdpaDecodeDeviceOperation,64,72283.0
1886208,1,SdpaDecodeDeviceOperation,64,72205.0
1589248,1,SdpaDecodeDeviceOperation,64,72202.0
2064384,1,SdpaDecodeDeviceOperation,64,72182.0
885760,,SdpaDecodeDeviceOperation,64,72074.0
1123328,,SdpaDecodeDeviceOperation,64,72070.0
410624,,SdpaDecodeDeviceOperation,64,71994.0
380928,,SdpaDecodeDeviceOperation,64,71981.0
1529856,1,SdpaDecodeDeviceOperation,64,71958.0
2123776,1,SdpaDecodeDeviceOperation,64,71903.0
1500160,1,SdpaDecodeDeviceOperation,64,71884.0
1826816,1,SdpaDecodeDeviceOperation,64,71880.0
2153472,1,SdpaDecodeDeviceOperation,64,71858.0
1212416,,SdpaDecodeDeviceOperation,64,71818.0
648192,,SdpaDecodeDeviceOperation,64,71706.0
2212864,1,SdpaDecodeDeviceOperation,64,71680.0
2242560,1,SdpaDecodeDeviceOperation,64,71674.0
1381376,1,SdpaDecodeDeviceOperation,64,71660.0
1797120,1,SdpaDecodeDeviceOperation,64,71605.0
1153024,,SdpaDecodeDeviceOperation,64,71567.0
588800,,SdpaDecodeDeviceOperation,64,71521.0
317440,,SdpaDecodeDeviceOperation,64,71480.0
1063936,,SdpaDecodeDeviceOperation,64,71477.0
1618944,1,SdpaDecodeDeviceOperation,64,71474.0
1975296,1,SdpaDecodeDeviceOperation,64,71467.0
766976,,SdpaDecodeDeviceOperation,64,71457.0
826368,,SdpaDecodeDeviceOperation,64,71454.0
856064,,SdpaDecodeDeviceOperation,64,71395.0
529408,,SdpaDecodeDeviceOperation,64,71335.0
2094080,1,SdpaDecodeDeviceOperation,64,71264.0
351232,,SdpaDecodeDeviceOperation,64,71211.0
677888,,SdpaDecodeDeviceOperation,64,71203.0
1767424,1,SdpaDecodeDeviceOperation,64,71157.0
1559552,1,SdpaDecodeDeviceOperation,64,71152.0
1242112,,SdpaDecodeDeviceOperation,64,71127.0
1470464,1,SdpaDecodeDeviceOperation,64,71053.0
707584,,SdpaDecodeDeviceOperation,64,71040.0
1678336,1,SdpaDecodeDeviceOperation,64,71026.0
1411072,1,SdpaDecodeDeviceOperation,64,70989.0
9216,,TypecastDeviceOperation,64,70885.0
796672,,SdpaDecodeDeviceOperation,64,70879.0
1093632,,SdpaDecodeDeviceOperation,64,70873.0
1915904,1,SdpaDecodeDeviceOperation,64,70658.0
1945600,1,SdpaDecodeDeviceOperation,64,70558.0
618496,,SdpaDecodeDeviceOperation,64,70514.0
737280,,SdpaDecodeDeviceOperation,64,70507.0
1004544,,SdpaDecodeDeviceOperation,64,70478.0
35840,,TypecastDeviceOperation,64,70460.0
470016,,SdpaDecodeDeviceOperation,64,70211.0
499712,,SdpaDecodeDeviceOperation,64,70190.0
58368,,TypecastDeviceOperation,64,70183.0
915456,,SdpaDecodeDeviceOperation,64,70073.0
1034240,,SdpaDecodeDeviceOperation,64,70037.0
103424,,TypecastDeviceOperation,64,70006.0
95232,,TypecastDeviceOperation,64,70004.0
134144,,TypecastDeviceOperation,64,69930.0
46080,,TypecastDeviceOperation,64,69824.0
17408,,TypecastDeviceOperation,64,69820.0
23552,,TypecastDeviceOperation,64,69738.0
5120,,TypecastDeviceOperation,64,69732.0
84992,,TypecastDeviceOperation,64,69705.0
54272,,TypecastDeviceOperation,64,69695.0
144384,,TypecastDeviceOperation,64,69689.0
27648,,TypecastDeviceOperation,64,69669.0
175104,,TypecastDeviceOperation,64,69649.0
181248,,TypecastDeviceOperation,64,69644.0
193536,,TypecastDeviceOperation,64,69513.0
82944,,TypecastDeviceOperation,64,69473.0
125952,,TypecastDeviceOperation,64,69395.0
152576,,TypecastDeviceOperation,64,69381.0
146432,,TypecastDeviceOperation,64,69354.0
183296,,TypecastDeviceOperation,64,69332.0
89088,,TypecastDeviceOperation,64,69246.0
64512,,TypecastDeviceOperation,64,69213.0
168960,,TypecastDeviceOperation,64,69109.0
66560,,TypecastDeviceOperation,64,69087.0
187392,,TypecastDeviceOperation,64,69017.0
121856,,TypecastDeviceOperation,64,68972.0
48128,,TypecastDeviceOperation,64,68945.0
76800,,TypecastDeviceOperation,64,68870.0
52224,,TypecastDeviceOperation,64,68867.0
15360,,TypecastDeviceOperation,64,68845.0
107520,,TypecastDeviceOperation,64,68815.0
164864,,TypecastDeviceOperation,64,68794.0
140288,,TypecastDeviceOperation,64,68761.0
113664,,TypecastDeviceOperation,64,68740.0
177152,,TypecastDeviceOperation,64,68711.0
138240,,TypecastDeviceOperation,64,68707.0
115712,,TypecastDeviceOperation,64,68682.0
41984,,TypecastDeviceOperation,64,68623.0
171008,,TypecastDeviceOperation,64,68606.0
162816,,TypecastDeviceOperation,64,68589.0
29696,,TypecastDeviceOperation,64,68586.0
97280,,TypecastDeviceOperation,64,68556.0
3072,,TypecastDeviceOperation,64,68546.0
78848,,TypecastDeviceOperation,64,68454.0
156672,,TypecastDeviceOperation,64,68363.0
150528,,TypecastDeviceOperation,64,68337.0
72704,,TypecastDeviceOperation,64,68273.0
132096,,TypecastDeviceOperation,64,68256.0
101376,,TypecastDeviceOperation,64,68226.0
119808,,TypecastDeviceOperation,64,68144.0
11264,,TypecastDeviceOperation,64,68129.0
21504,,TypecastDeviceOperation,64,68092.0
60416,,TypecastDeviceOperation,64,68043.0
109568,,TypecastDeviceOperation,64,68001.0
70656,,TypecastDeviceOperation,64,67952.0
189440,,TypecastDeviceOperation,64,67911.0
158720,,TypecastDeviceOperation,64,67789.0
128000,,TypecastDeviceOperation,64,67711.0
195584,,TypecastDeviceOperation,64,67688.0
39936,,TypecastDeviceOperation,64,67672.0
33792,,TypecastDeviceOperation,64,67346.0
91136,,TypecastDeviceOperation,64,67263.0
1273856,1,EmbeddingsDeviceOperation,1,39483.0
273408,,EmbeddingsDeviceOperation,1,38709.0
1262592,,UntilizeDeviceOperation,61,31877.0
2263040,1,UntilizeDeviceOperation,61,31671.0
562176,,TernaryDeviceOperation,64,26974.0
1007616,,TernaryDeviceOperation,64,26947.0
591872,,TernaryDeviceOperation,64,26899.0
1067008,,TernaryDeviceOperation,64,26873.0
621568,,TernaryDeviceOperation,64,26846.0
1037312,,TernaryDeviceOperation,64,26846.0
324608,,TernaryDeviceOperation,64,26823.0
770048,,TernaryDeviceOperation,64,26782.0
829440,,TernaryDeviceOperation,64,26773.0
502784,,TernaryDeviceOperation,64,26764.0
354304,,TernaryDeviceOperation,64,26755.0
473088,,TernaryDeviceOperation,64,26750.0
888832,,TernaryDeviceOperation,64,26741.0
2245632,1,TernaryDeviceOperation,64,26736.0
384000,,TernaryDeviceOperation,64,26732.0
1156096,,TernaryDeviceOperation,64,26717.0
532480,,TernaryDeviceOperation,64,26696.0
1473536,1,TernaryDeviceOperation,64,26655.0
740352,,TernaryDeviceOperation,64,26651.0
413696,,TernaryDeviceOperation,64,26645.0
948224,,TernaryDeviceOperation,64,26641.0
651264,,TernaryDeviceOperation,64,26633.0
799744,,TernaryDeviceOperation,64,26625.0
1245184,,TernaryDeviceOperation,64,26623.0
680960,,TernaryDeviceOperation,64,26620.0
859136,,TernaryDeviceOperation,64,26601.0
710656,,TernaryDeviceOperation,64,26589.0
1126400,,TernaryDeviceOperation,64,26586.0
977920,,TernaryDeviceOperation,64,26563.0
1185792,,TernaryDeviceOperation,64,26549.0
443392,,TernaryDeviceOperation,64,26529.0
1096704,,TernaryDeviceOperation,64,26526.0
918528,,TernaryDeviceOperation,64,26512.0
1215488,,TernaryDeviceOperation,64,26399.0
1562624,1,TernaryDeviceOperation,64,26001.0
2156544,1,TernaryDeviceOperation,64,25949.0
1651712,1,TernaryDeviceOperation,64,25847.0
1978368,1,TernaryDeviceOperation,64,25774.0
1859584,1,TernaryDeviceOperation,64,25773.0
2008064,1,TernaryDeviceOperation,64,25672.0
1532928,1,TernaryDeviceOperation,64,25607.0
1414144,1,TernaryDeviceOperation,64,25549.0
1354752,1,TernaryDeviceOperation,64,25520.0
1889280,1,TernaryDeviceOperation,64,25402.0
2097152,1,TernaryDeviceOperation,64,25343.0
1740800,1,TernaryDeviceOperation,64,25335.0
1503232,1,TernaryDeviceOperation,64,25331.0
1770496,1,TernaryDeviceOperation,64,25280.0
2067456,1,TernaryDeviceOperation,64,25280.0
1800192,1,TernaryDeviceOperation,64,25269.0
1711104,1,TernaryDeviceOperation,64,25251.0
1384448,1,TernaryDeviceOperation,64,25247.0
1443840,1,TernaryDeviceOperation,64,25188.0
2037760,1,TernaryDeviceOperation,64,25184.0
1622016,1,TernaryDeviceOperation,64,25153.0
1681408,1,TernaryDeviceOperation,64,25144.0
2186240,1,TernaryDeviceOperation,64,25142.0
1829888,1,TernaryDeviceOperation,64,25115.0
2215936,1,TernaryDeviceOperation,64,25073.0
1303552,1,TernaryDeviceOperation,64,25039.0
1948672,1,TernaryDeviceOperation,64,25036.0
1592320,1,TernaryDeviceOperation,64,25003.0
2126848,1,TernaryDeviceOperation,64,24989.0
1918976,1,TernaryDeviceOperation,64,24950.0
1325056,1,TernaryDeviceOperation,64,24802.0
303104,,TernaryDeviceOperation,64,24679.0
1670144,1,NLPCreateQKVHeadsDecodeDeviceOperation,32,20447.0
1640448,1,NLPCreateQKVHeadsDecodeDeviceOperation,32,20263.0
1699840,1,NLPCreateQKVHeadsDecodeDeviceOperation,32,20229.0
1848320,1,NLPCreateQKVHeadsDecodeDeviceOperation,32,20017.0
1551360,1,NLPCreateQKVHeadsDecodeDeviceOperation,32,19979.0
1610752,1,NLPCreateQKVHeadsDecodeDeviceOperation,32,19971.0
1759232,1,NLPCreateQKVHeadsDecodeDeviceOperation,32,19948.0
1788928,1,NLPCreateQKVHeadsDecodeDeviceOperation,32,19911.0
1204224,,NLPCreateQKVHeadsDecodeDeviceOperation,32,19757.0
343040,,NLPCreateQKVHeadsDecodeDeviceOperation,32,19732.0
1878016,1,NLPCreateQKVHeadsDecodeDeviceOperation,32,19693.0
847872,,NLPCreateQKVHeadsDecodeDeviceOperation,32,19675.0
610304,,NLPCreateQKVHeadsDecodeDeviceOperation,32,19672.0
966656,,NLPCreateQKVHeadsDecodeDeviceOperation,32,19668.0
461824,,NLPCreateQKVHeadsDecodeDeviceOperation,32,19659.0
402432,,NLPCreateQKVHeadsDecodeDeviceOperation,32,19649.0
1055744,,NLPCreateQKVHeadsDecodeDeviceOperation,32,19641.0
1144832,,NLPCreateQKVHeadsDecodeDeviceOperation,32,19641.0
550912,,NLPCreateQKVHeadsDecodeDeviceOperation,32,19628.0
699392,,NLPCreateQKVHeadsDecodeDeviceOperation,32,19628.0
1115136,,NLPCreateQKVHeadsDecodeDeviceOperation,32,19622.0
491520,,NLPCreateQKVHeadsDecodeDeviceOperation,32,19621.0
729088,,NLPCreateQKVHeadsDecodeDeviceOperation,32,19613.0
1174528,,NLPCreateQKVHeadsDecodeDeviceOperation,32,19607.0
818176,,NLPCreateQKVHeadsDecodeDeviceOperation,32,19606.0
669696,,NLPCreateQKVHeadsDecodeDeviceOperation,32,19604.0
1907712,1,NLPCreateQKVHeadsDecodeDeviceOperation,32,19604.0
1026048,,NLPCreateQKVHeadsDecodeDeviceOperation,32,19593.0
996352,,NLPCreateQKVHeadsDecodeDeviceOperation,32,19591.0
1233920,,NLPCreateQKVHeadsDecodeDeviceOperation,32,19591.0
372736,,NLPCreateQKVHeadsDecodeDeviceOperation,32,19586.0
279552,,NLPCreateQKVHeadsDecodeDeviceOperation,32,19585.0
432128,,NLPCreateQKVHeadsDecodeDeviceOperation,32,19584.0
1085440,,NLPCreateQKVHeadsDecodeDeviceOperation,32,19582.0
877568,,NLPCreateQKVHeadsDecodeDeviceOperation,32,19576.0
580608,,NLPCreateQKVHeadsDecodeDeviceOperation,32,19575.0
521216,,NLPCreateQKVHeadsDecodeDeviceOperation,32,19569.0
936960,,NLPCreateQKVHeadsDecodeDeviceOperation,32,19569.0
907264,,NLPCreateQKVHeadsDecodeDeviceOperation,32,19568.0
640000,,NLPCreateQKVHeadsDecodeDeviceOperation,32,19566.0
788480,,NLPCreateQKVHeadsDecodeDeviceOperation,32,19554.0
758784,,NLPCreateQKVHeadsDecodeDeviceOperation,32,19505.0
2145280,1,NLPCreateQKVHeadsDecodeDeviceOperation,32,19410.0
2234368,1,NLPCreateQKVHeadsDecodeDeviceOperation,32,19291.0
1937408,1,NLPCreateQKVHeadsDecodeDeviceOperation,32,19265.0
2115584,1,NLPCreateQKVHeadsDecodeDeviceOperation,32,19265.0
2204672,1,NLPCreateQKVHeadsDecodeDeviceOperation,32,19261.0
1402880,1,NLPCreateQKVHeadsDecodeDeviceOperation,32,19255.0
2085888,1,NLPCreateQKVHeadsDecodeDeviceOperation,32,19251.0
1373184,1,NLPCreateQKVHeadsDecodeDeviceOperation,32,19235.0
2174976,1,NLPCreateQKVHeadsDecodeDeviceOperation,32,19230.0
1491968,1,NLPCreateQKVHeadsDecodeDeviceOperation,32,19216.0
2056192,1,NLPCreateQKVHeadsDecodeDeviceOperation,32,19209.0
1967104,1,NLPCreateQKVHeadsDecodeDeviceOperation,32,19205.0
1432576,1,NLPCreateQKVHeadsDecodeDeviceOperation,32,19200.0
1343488,1,NLPCreateQKVHeadsDecodeDeviceOperation,32,19184.0
1729536,1,NLPCreateQKVHeadsDecodeDeviceOperation,32,19166.0
2026496,1,NLPCreateQKVHeadsDecodeDeviceOperation,32,19165.0
1280000,1,NLPCreateQKVHeadsDecodeDeviceOperation,32,19164.0
1581056,1,NLPCreateQKVHeadsDecodeDeviceOperation,32,19152.0
1818624,1,NLPCreateQKVHeadsDecodeDeviceOperation,32,19148.0
1521664,1,NLPCreateQKVHeadsDecodeDeviceOperation,32,19143.0
1996800,1,NLPCreateQKVHeadsDecodeDeviceOperation,32,19120.0
1462272,1,NLPCreateQKVHeadsDecodeDeviceOperation,32,19110.0
1730560,1,PagedUpdateCacheDeviceOperation,32,16837.0
1884160,1,PagedUpdateCacheDeviceOperation,32,16689.0
271360,,ReshapeViewDeviceOperation,64,16482.0
641024,,PagedUpdateCacheDeviceOperation,32,16396.0
1271808,1,ReshapeViewDeviceOperation,64,16376.0
1234944,,PagedUpdateCacheDeviceOperation,32,16268.0
1819648,1,PagedUpdateCacheDeviceOperation,32,16263.0
735232,,PagedUpdateCacheDeviceOperation,32,16205.0
2205696,1,PagedUpdateCacheDeviceOperation,32,16080.0
1908736,1,PagedUpdateCacheDeviceOperation,32,16066.0
1968128,1,PagedUpdateCacheDeviceOperation,32,15981.0
1705984,1,PagedUpdateCacheDeviceOperation,32,15950.0
1116160,,PagedUpdateCacheDeviceOperation,32,15914.0
1175552,,PagedUpdateCacheDeviceOperation,32,15903.0
1587200,1,PagedUpdateCacheDeviceOperation,32,15844.0
2062336,1,PagedUpdateCacheDeviceOperation,32,15749.0
1299456,1,PagedUpdateCacheDeviceOperation,32,15742.0
2262016,1,ShardedToInterleavedDeviceOperation,64,15688.0
1438720,1,PagedUpdateCacheDeviceOperation,32,15655.0
1765376,1,PagedUpdateCacheDeviceOperation,32,15644.0
675840,,PagedUpdateCacheDeviceOperation,32,15603.0
824320,,PagedUpdateCacheDeviceOperation,32,15562.0
1121280,,PagedUpdateCacheDeviceOperation,32,15556.0
1261568,,ShardedToInterleavedDeviceOperation,64,15509.0
972800,,PagedUpdateCacheDeviceOperation,32,15493.0
1997824,1,PagedUpdateCacheDeviceOperation,32,15467.0
646144,,PagedUpdateCacheDeviceOperation,32,15464.0
1086464,,PagedUpdateCacheDeviceOperation,32,15447.0
1824768,1,PagedUpdateCacheDeviceOperation,32,15444.0
408576,,PagedUpdateCacheDeviceOperation,32,15423.0
1344512,1,PagedUpdateCacheDeviceOperation,32,15415.0
1492992,1,PagedUpdateCacheDeviceOperation,32,15402.0
1282048,1,PagedUpdateCacheDeviceOperation,32,15350.0
1210368,,PagedUpdateCacheDeviceOperation,32,15344.0
299008,,PagedUpdateCacheDeviceOperation,32,15335.0
2146304,1,PagedUpdateCacheDeviceOperation,32,15326.0
1973248,1,PagedUpdateCacheDeviceOperation,32,15321.0
2092032,1,PagedUpdateCacheDeviceOperation,32,15300.0
438272,,PagedUpdateCacheDeviceOperation,32,15285.0
1854464,1,PagedUpdateCacheDeviceOperation,32,15280.0
1205248,,PagedUpdateCacheDeviceOperation,32,15273.0
281600,,PagedUpdateCacheDeviceOperation,32,15268.0
2027520,1,PagedUpdateCacheDeviceOperation,32,15244.0
1913856,1,PagedUpdateCacheDeviceOperation,32,15220.0
700416,,PagedUpdateCacheDeviceOperation,32,15214.0
344064,,PagedUpdateCacheDeviceOperation,32,15199.0
2057216,1,PagedUpdateCacheDeviceOperation,32,15194.0
1463296,1,PagedUpdateCacheDeviceOperation,32,15179.0
1240064,,PagedUpdateCacheDeviceOperation,32,15146.0
1943552,1,PagedUpdateCacheDeviceOperation,32,15112.0
586752,,PagedUpdateCacheDeviceOperation,32,15110.0
403456,,PagedUpdateCacheDeviceOperation,32,15061.0
1527808,1,PagedUpdateCacheDeviceOperation,32,15045.0
492544,,PagedUpdateCacheDeviceOperation,32,15036.0
1582080,1,PagedUpdateCacheDeviceOperation,32,15005.0
997376,,PagedUpdateCacheDeviceOperation,32,15004.0
1061888,,PagedUpdateCacheDeviceOperation,32,14987.0
1611776,1,PagedUpdateCacheDeviceOperation,32,14986.0
967680,,PagedUpdateCacheDeviceOperation,32,14983.0
759808,,PagedUpdateCacheDeviceOperation,32,14972.0
1150976,,PagedUpdateCacheDeviceOperation,32,14972.0
705536,,PagedUpdateCacheDeviceOperation,32,14964.0
1849344,1,PagedUpdateCacheDeviceOperation,32,14961.0
2181120,1,PagedUpdateCacheDeviceOperation,32,14956.0
462848,,PagedUpdateCacheDeviceOperation,32,14942.0
1091584,,PagedUpdateCacheDeviceOperation,32,14932.0
1498112,1,PagedUpdateCacheDeviceOperation,32,14924.0
1374208,1,PagedUpdateCacheDeviceOperation,32,14914.0
1735680,1,PagedUpdateCacheDeviceOperation,32,14889.0
378880,,PagedUpdateCacheDeviceOperation,32,14853.0
1760256,1,PagedUpdateCacheDeviceOperation,32,14849.0
1789952,1,PagedUpdateCacheDeviceOperation,32,14842.0
551936,,PagedUpdateCacheDeviceOperation,32,14823.0
854016,,PagedUpdateCacheDeviceOperation,32,14819.0
2210816,1,PagedUpdateCacheDeviceOperation,32,14806.0
2116608,1,PagedUpdateCacheDeviceOperation,32,14794.0
1700864,1,PagedUpdateCacheDeviceOperation,32,14784.0
1145856,,PagedUpdateCacheDeviceOperation,32,14777.0
557056,,PagedUpdateCacheDeviceOperation,32,14776.0
1032192,,PagedUpdateCacheDeviceOperation,32,14755.0
1616896,1,PagedUpdateCacheDeviceOperation,32,14732.0
1676288,1,PagedUpdateCacheDeviceOperation,32,14720.0
2086912,1,PagedUpdateCacheDeviceOperation,32,14704.0
1641472,1,PagedUpdateCacheDeviceOperation,32,14702.0
349184,,PagedUpdateCacheDeviceOperation,32,14686.0
1409024,1,PagedUpdateCacheDeviceOperation,32,14683.0
2235392,1,PagedUpdateCacheDeviceOperation,32,14680.0
1403904,1,PagedUpdateCacheDeviceOperation,32,14679.0
497664,,PagedUpdateCacheDeviceOperation,32,14678.0
730112,,PagedUpdateCacheDeviceOperation,32,14677.0
522240,,PagedUpdateCacheDeviceOperation,32,14676.0
819200,,PagedUpdateCacheDeviceOperation,32,14666.0
1027072,,PagedUpdateCacheDeviceOperation,32,14656.0
467968,,PagedUpdateCacheDeviceOperation,32,14642.0
764928,,PagedUpdateCacheDeviceOperation,32,14629.0
670720,,PagedUpdateCacheDeviceOperation,32,14627.0
1879040,1,PagedUpdateCacheDeviceOperation,32,14624.0
1056768,,PagedUpdateCacheDeviceOperation,32,14609.0
878592,,PagedUpdateCacheDeviceOperation,32,14574.0
527360,,PagedUpdateCacheDeviceOperation,32,14567.0
1002496,,PagedUpdateCacheDeviceOperation,32,14555.0
1552384,1,PagedUpdateCacheDeviceOperation,32,14551.0
1433600,1,PagedUpdateCacheDeviceOperation,32,14532.0
848896,,PagedUpdateCacheDeviceOperation,32,14515.0
789504,,PagedUpdateCacheDeviceOperation,32,14502.0
937984,,PagedUpdateCacheDeviceOperation,32,14489.0
943104,,PagedUpdateCacheDeviceOperation,32,14481.0
616448,,PagedUpdateCacheDeviceOperation,32,14460.0
2240512,1,PagedUpdateCacheDeviceOperation,32,14455.0
1379328,1,PagedUpdateCacheDeviceOperation,32,14451.0
1522688,1,PagedUpdateCacheDeviceOperation,32,14450.0
794624,,PagedUpdateCacheDeviceOperation,32,14430.0
1180672,,PagedUpdateCacheDeviceOperation,32,14421.0
581632,,PagedUpdateCacheDeviceOperation,32,14407.0
2002944,1,PagedUpdateCacheDeviceOperation,32,14388.0
611328,,PagedUpdateCacheDeviceOperation,32,14363.0
1938432,1,PagedUpdateCacheDeviceOperation,32,14356.0
1646592,1,PagedUpdateCacheDeviceOperation,32,14347.0
1671168,1,PagedUpdateCacheDeviceOperation,32,14343.0
908288,,PagedUpdateCacheDeviceOperation,32,14312.0
2176000,1,PagedUpdateCacheDeviceOperation,32,14301.0
2151424,1,PagedUpdateCacheDeviceOperation,32,14290.0
2121728,1,PagedUpdateCacheDeviceOperation,32,14267.0
433152,,PagedUpdateCacheDeviceOperation,32,14259.0
1557504,1,PagedUpdateCacheDeviceOperation,32,14218.0
883712,,PagedUpdateCacheDeviceOperation,32,14202.0
913408,,PagedUpdateCacheDeviceOperation,32,14176.0
373760,,PagedUpdateCacheDeviceOperation,32,14139.0
1468416,1,PagedUpdateCacheDeviceOperation,32,14109.0
1349632,1,PagedUpdateCacheDeviceOperation,32,14100.0
2032640,1,PagedUpdateCacheDeviceOperation,32,14049.0
1795072,1,PagedUpdateCacheDeviceOperation,32,14029.0
1275904,1,LayerNormDeviceOperation,64,13371.0
374784,,RotaryEmbeddingDeviceOperation,32,13307.0
306176,,TilizeWithValPaddingDeviceOperation,32,13273.0
1306624,1,TilizeWithValPaddingDeviceOperation,32,13225.0
1003520,,RotaryEmbeddingDeviceOperation,32,13186.0
1369088,1,LayerNormDeviceOperation,64,13079.0
582656,,RotaryEmbeddingDeviceOperation,32,13065.0
1688576,1,LayerNormDeviceOperation,64,13054.0
1599488,1,LayerNormDeviceOperation,64,13050.0
1903616,1,LayerNormDeviceOperation,64,13043.0
671744,,RotaryEmbeddingDeviceOperation,32,13037.0
795648,,RotaryEmbeddingDeviceOperation,32,13002.0
1629184,1,LayerNormDeviceOperation,64,12993.0
1866752,1,LayerNormDeviceOperation,64,12981.0
944128,,RotaryEmbeddingDeviceOperation,32,12934.0
879616,,RotaryEmbeddingDeviceOperation,32,12932.0
2223104,1,LayerNormDeviceOperation,64,12911.0
1896448,1,LayerNormDeviceOperation,64,12903.0
1926144,1,LayerNormDeviceOperation,64,12902.0
523264,,RotaryEmbeddingDeviceOperation,32,12898.0
1391616,1,LayerNormDeviceOperation,64,12897.0
760832,,RotaryEmbeddingDeviceOperation,32,12895.0
1837056,1,LayerNormDeviceOperation,64,12892.0
998400,,RotaryEmbeddingDeviceOperation,32,12888.0
973824,,RotaryEmbeddingDeviceOperation,32,12887.0
2044928,1,LayerNormDeviceOperation,64,12887.0
1480704,1,LayerNormDeviceOperation,64,12885.0
1510400,1,LayerNormDeviceOperation,64,12884.0
1421312,1,LayerNormDeviceOperation,64,12881.0
1398784,1,LayerNormDeviceOperation,64,12879.0
1451008,1,LayerNormDeviceOperation,64,12879.0
1747968,1,LayerNormDeviceOperation,64,12877.0
1814528,1,LayerNormDeviceOperation,64,12877.0
1955840,1,LayerNormDeviceOperation,64,12876.0
1777664,1,LayerNormDeviceOperation,64,12874.0
1332224,1,LayerNormDeviceOperation,64,12870.0
1569792,1,LayerNormDeviceOperation,64,12868.0
1206272,,RotaryEmbeddingDeviceOperation,32,12860.0
2134016,1,LayerNormDeviceOperation,64,12859.0
2252800,1,LayerNormDeviceOperation,64,12856.0
1718272,1,LayerNormDeviceOperation,64,12853.0
2104320,1,LayerNormDeviceOperation,64,12845.0
855040,,RotaryEmbeddingDeviceOperation,32,12844.0
1540096,1,LayerNormDeviceOperation,64,12836.0
2193408,1,LayerNormDeviceOperation,64,12835.0
1985536,1,LayerNormDeviceOperation,64,12831.0
1658880,1,LayerNormDeviceOperation,64,12830.0
1092608,,RotaryEmbeddingDeviceOperation,32,12826.0
2015232,1,LayerNormDeviceOperation,64,12825.0
2163712,1,LayerNormDeviceOperation,64,12823.0
1784832,1,LayerNormDeviceOperation,64,12821.0
1033216,,RotaryEmbeddingDeviceOperation,32,12820.0
1152000,,RotaryEmbeddingDeviceOperation,32,12820.0
820224,,RotaryEmbeddingDeviceOperation,32,12812.0
939008,,RotaryEmbeddingDeviceOperation,32,12810.0
2074624,1,LayerNormDeviceOperation,64,12803.0
552960,,RotaryEmbeddingDeviceOperation,32,12801.0
1807360,1,LayerNormDeviceOperation,64,12798.0
1963008,1,LayerNormDeviceOperation,64,12790.0
790528,,RotaryEmbeddingDeviceOperation,32,12784.0
1122304,,RotaryEmbeddingDeviceOperation,32,12779.0
849920,,RotaryEmbeddingDeviceOperation,32,12765.0
1517568,1,LayerNormDeviceOperation,64,12764.0
1361920,1,LayerNormDeviceOperation,64,12755.0
345088,,RotaryEmbeddingDeviceOperation,32,12744.0
294912,,RotaryEmbeddingDeviceOperation,32,12727.0
647168,,RotaryEmbeddingDeviceOperation,32,12727.0
528384,,RotaryEmbeddingDeviceOperation,32,12726.0
379904,,RotaryEmbeddingDeviceOperation,32,12710.0
1181696,,RotaryEmbeddingDeviceOperation,32,12701.0
731136,,RotaryEmbeddingDeviceOperation,32,12686.0
587776,,RotaryEmbeddingDeviceOperation,32,12683.0
825344,,RotaryEmbeddingDeviceOperation,32,12675.0
706560,,RotaryEmbeddingDeviceOperation,32,12674.0
439296,,RotaryEmbeddingDeviceOperation,32,12669.0
463872,,RotaryEmbeddingDeviceOperation,32,12664.0
914432,,RotaryEmbeddingDeviceOperation,32,12663.0
1117184,,RotaryEmbeddingDeviceOperation,32,12659.0
309248,,RotaryEmbeddingDeviceOperation,32,12656.0
1028096,,RotaryEmbeddingDeviceOperation,32,12646.0
736256,,RotaryEmbeddingDeviceOperation,32,12616.0
884736,,RotaryEmbeddingDeviceOperation,32,12614.0
1666048,1,LayerNormDeviceOperation,64,12613.0
1211392,,RotaryEmbeddingDeviceOperation,32,12608.0
1087488,,RotaryEmbeddingDeviceOperation,32,12606.0
350208,,RotaryEmbeddingDeviceOperation,32,12588.0
468992,,RotaryEmbeddingDeviceOperation,32,12588.0
558080,,RotaryEmbeddingDeviceOperation,32,12587.0
642048,,RotaryEmbeddingDeviceOperation,32,12579.0
1523712,1,RotaryEmbeddingDeviceOperation,32,12564.0
1235968,,RotaryEmbeddingDeviceOperation,32,12555.0
676864,,RotaryEmbeddingDeviceOperation,32,12554.0
1241088,,RotaryEmbeddingDeviceOperation,32,12543.0
493568,,RotaryEmbeddingDeviceOperation,32,12538.0
1057792,,RotaryEmbeddingDeviceOperation,32,12538.0
968704,,RotaryEmbeddingDeviceOperation,32,12536.0
1062912,,RotaryEmbeddingDeviceOperation,32,12535.0
1146880,,RotaryEmbeddingDeviceOperation,32,12534.0
498688,,RotaryEmbeddingDeviceOperation,32,12496.0
765952,,RotaryEmbeddingDeviceOperation,32,12480.0
434176,,RotaryEmbeddingDeviceOperation,32,12476.0
617472,,RotaryEmbeddingDeviceOperation,32,12473.0
1176576,,RotaryEmbeddingDeviceOperation,32,12472.0
409600,,RotaryEmbeddingDeviceOperation,32,12468.0
404480,,RotaryEmbeddingDeviceOperation,32,12465.0
909312,,RotaryEmbeddingDeviceOperation,32,12464.0
612352,,RotaryEmbeddingDeviceOperation,32,12459.0
2028544,1,RotaryEmbeddingDeviceOperation,32,12411.0
701440,,RotaryEmbeddingDeviceOperation,32,12394.0
1636352,1,LayerNormDeviceOperation,64,12387.0
2022400,1,LayerNormDeviceOperation,64,12380.0
2052096,1,LayerNormDeviceOperation,64,12367.0
1873920,1,LayerNormDeviceOperation,64,12358.0
1933312,1,LayerNormDeviceOperation,64,12318.0
2111488,1,LayerNormDeviceOperation,64,12292.0
1944576,1,RotaryEmbeddingDeviceOperation,32,12227.0
1672192,1,RotaryEmbeddingDeviceOperation,32,12223.0
1606656,1,LayerNormDeviceOperation,64,12211.0
1725440,1,LayerNormDeviceOperation,64,12199.0
2177024,1,RotaryEmbeddingDeviceOperation,32,12156.0
1553408,1,RotaryEmbeddingDeviceOperation,32,12147.0
2236416,1,RotaryEmbeddingDeviceOperation,32,12106.0
1880064,1,RotaryEmbeddingDeviceOperation,32,12095.0
1434624,1,RotaryEmbeddingDeviceOperation,32,12094.0
1790976,1,RotaryEmbeddingDeviceOperation,32,12092.0
2147328,1,RotaryEmbeddingDeviceOperation,32,12090.0
1345536,1,RotaryEmbeddingDeviceOperation,32,12083.0
1410048,1,RotaryEmbeddingDeviceOperation,32,12081.0
1844224,1,LayerNormDeviceOperation,64,12077.0
1583104,1,RotaryEmbeddingDeviceOperation,32,12076.0
1850368,1,RotaryEmbeddingDeviceOperation,32,12075.0
1428480,1,LayerNormDeviceOperation,64,12070.0
2259968,1,LayerNormDeviceOperation,64,12063.0
1939456,1,RotaryEmbeddingDeviceOperation,32,12058.0
2058240,1,RotaryEmbeddingDeviceOperation,32,12051.0
1707008,1,RotaryEmbeddingDeviceOperation,32,12039.0
2211840,1,RotaryEmbeddingDeviceOperation,32,12034.0
2206720,1,RotaryEmbeddingDeviceOperation,32,12030.0
1494016,1,RotaryEmbeddingDeviceOperation,32,12026.0
1909760,1,RotaryEmbeddingDeviceOperation,32,12025.0
2141184,1,LayerNormDeviceOperation,64,12025.0
2230272,1,LayerNormDeviceOperation,64,12008.0
2200576,1,LayerNormDeviceOperation,64,12006.0
2033664,1,RotaryEmbeddingDeviceOperation,32,12004.0
1404928,1,RotaryEmbeddingDeviceOperation,32,12000.0
1588224,1,RotaryEmbeddingDeviceOperation,32,11998.0
2087936,1,RotaryEmbeddingDeviceOperation,32,11986.0
1576960,1,LayerNormDeviceOperation,64,11984.0
1487872,1,LayerNormDeviceOperation,64,11982.0
1992704,1,LayerNormDeviceOperation,64,11975.0
1547264,1,LayerNormDeviceOperation,64,11969.0
1695744,1,LayerNormDeviceOperation,64,11959.0
1755136,1,LayerNormDeviceOperation,64,11953.0
2063360,1,RotaryEmbeddingDeviceOperation,32,11947.0
2081792,1,LayerNormDeviceOperation,64,11944.0
1458176,1,LayerNormDeviceOperation,64,11938.0
1339392,1,LayerNormDeviceOperation,64,11936.0
1969152,1,RotaryEmbeddingDeviceOperation,32,11930.0
1998848,1,RotaryEmbeddingDeviceOperation,32,11928.0
1375232,1,RotaryEmbeddingDeviceOperation,32,11919.0
2170880,1,LayerNormDeviceOperation,64,11910.0
1736704,1,RotaryEmbeddingDeviceOperation,32,11882.0
1820672,1,RotaryEmbeddingDeviceOperation,32,11871.0
1309696,1,RotaryEmbeddingDeviceOperation,32,11859.0
1731584,1,RotaryEmbeddingDeviceOperation,32,11817.0
1766400,1,RotaryEmbeddingDeviceOperation,32,11787.0
1295360,1,RotaryEmbeddingDeviceOperation,32,11785.0
754688,,LayerNormDeviceOperation,64,11781.0
172032,,TilizeWithValPaddingDeviceOperation,43,11754.0
2117632,1,RotaryEmbeddingDeviceOperation,32,11754.0
866304,,LayerNormDeviceOperation,64,11752.0
1252352,,LayerNormDeviceOperation,64,11748.0
836608,,LayerNormDeviceOperation,64,11746.0
1014784,,LayerNormDeviceOperation,64,11745.0
635904,,LayerNormDeviceOperation,64,11744.0
717824,,LayerNormDeviceOperation,64,11744.0
688128,,LayerNormDeviceOperation,64,11743.0
1617920,1,RotaryEmbeddingDeviceOperation,32,11740.0
896000,,LayerNormDeviceOperation,64,11739.0
1192960,,LayerNormDeviceOperation,64,11739.0
628736,,LayerNormDeviceOperation,64,11737.0
1081344,,LayerNormDeviceOperation,64,11737.0
599040,,LayerNormDeviceOperation,64,11736.0
932864,,LayerNormDeviceOperation,64,11736.0
1229824,,LayerNormDeviceOperation,64,11734.0
903168,,LayerNormDeviceOperation,64,11733.0
658432,,LayerNormDeviceOperation,64,11732.0
487424,,LayerNormDeviceOperation,64,11729.0
1111040,,LayerNormDeviceOperation,64,11729.0
1464320,1,RotaryEmbeddingDeviceOperation,32,11729.0
457728,,LayerNormDeviceOperation,64,11726.0
1133568,,LayerNormDeviceOperation,64,11722.0
368640,,LayerNormDeviceOperation,64,11719.0
992256,,LayerNormDeviceOperation,64,11718.0
398336,,LayerNormDeviceOperation,64,11717.0
695296,,LayerNormDeviceOperation,64,11717.0
1074176,,LayerNormDeviceOperation,64,11717.0
1163264,,LayerNormDeviceOperation,64,11717.0
420864,,LayerNormDeviceOperation,64,11716.0
1170432,,LayerNormDeviceOperation,64,11716.0
606208,,LayerNormDeviceOperation,64,11715.0
1051648,,LayerNormDeviceOperation,64,11713.0
724992,,LayerNormDeviceOperation,64,11712.0
777216,,LayerNormDeviceOperation,64,11711.0
814080,,LayerNormDeviceOperation,64,11710.0
1103872,,LayerNormDeviceOperation,64,11710.0
480256,,LayerNormDeviceOperation,64,11708.0
873472,,LayerNormDeviceOperation,64,11706.0
925696,,LayerNormDeviceOperation,64,11705.0
1200128,,LayerNormDeviceOperation,64,11705.0
450560,,LayerNormDeviceOperation,64,11704.0
962560,,LayerNormDeviceOperation,64,11701.0
361472,,LayerNormDeviceOperation,64,11700.0
338944,,LayerNormDeviceOperation,64,11699.0
517120,,LayerNormDeviceOperation,64,11697.0
665600,,LayerNormDeviceOperation,64,11697.0
806912,,LayerNormDeviceOperation,64,11697.0
1259520,,LayerNormDeviceOperation,64,11697.0
539648,,LayerNormDeviceOperation,64,11695.0
391168,,LayerNormDeviceOperation,64,11694.0
190464,,TilizeWithValPaddingDeviceOperation,43,11693.0
576512,,LayerNormDeviceOperation,64,11693.0
747520,,LayerNormDeviceOperation,64,11691.0
1140736,,LayerNormDeviceOperation,64,11691.0
428032,,LayerNormDeviceOperation,64,11689.0
546816,,LayerNormDeviceOperation,64,11689.0
955392,,LayerNormDeviceOperation,64,11689.0
1021952,,LayerNormDeviceOperation,64,11688.0
1044480,,LayerNormDeviceOperation,64,11684.0
569344,,LayerNormDeviceOperation,64,11683.0
784384,,LayerNormDeviceOperation,64,11683.0
843776,,LayerNormDeviceOperation,64,11683.0
509952,,LayerNormDeviceOperation,64,11682.0
985088,,LayerNormDeviceOperation,64,11680.0
1974272,1,RotaryEmbeddingDeviceOperation,32,11677.0
1222656,,LayerNormDeviceOperation,64,11673.0
275456,,LayerNormDeviceOperation,64,11664.0
331776,,LayerNormDeviceOperation,64,11661.0
1647616,1,RotaryEmbeddingDeviceOperation,32,11659.0
2152448,1,RotaryEmbeddingDeviceOperation,32,11653.0
2182144,1,RotaryEmbeddingDeviceOperation,32,11645.0
185344,,TilizeWithValPaddingDeviceOperation,43,11642.0
1914880,1,RotaryEmbeddingDeviceOperation,32,11642.0
1439744,1,RotaryEmbeddingDeviceOperation,32,11635.0
1612800,1,RotaryEmbeddingDeviceOperation,32,11630.0
7168,,TilizeWithValPaddingDeviceOperation,43,11629.0
36864,,TilizeWithValPaddingDeviceOperation,43,11627.0
30720,,TilizeWithValPaddingDeviceOperation,43,11619.0
1642496,1,RotaryEmbeddingDeviceOperation,32,11602.0
105472,,TilizeWithValPaddingDeviceOperation,43,11591.0
31744,,TilizeWithValPaddingDeviceOperation,43,11588.0
1701888,1,RotaryEmbeddingDeviceOperation,32,11587.0
110592,,TilizeWithValPaddingDeviceOperation,43,11584.0
1825792,1,RotaryEmbeddingDeviceOperation,32,11582.0
2122752,1,RotaryEmbeddingDeviceOperation,32,11569.0
1761280,1,RotaryEmbeddingDeviceOperation,32,11564.0
86016,,TilizeWithValPaddingDeviceOperation,43,11562.0
6144,,TilizeWithValPaddingDeviceOperation,43,11536.0
56320,,TilizeWithValPaddingDeviceOperation,43,11533.0
104448,,TilizeWithValPaddingDeviceOperation,43,11532.0
2093056,1,RotaryEmbeddingDeviceOperation,32,11514.0
1350656,1,RotaryEmbeddingDeviceOperation,32,11509.0
141312,,TilizeWithValPaddingDeviceOperation,43,11507.0
197632,,TilizeWithValPaddingDeviceOperation,43,11504.0
142336,,TilizeWithValPaddingDeviceOperation,43,11500.0
92160,,TilizeWithValPaddingDeviceOperation,43,11499.0
1024,,TilizeWithValPaddingDeviceOperation,43,11498.0
67584,,TilizeWithValPaddingDeviceOperation,43,11490.0
55296,,TilizeWithValPaddingDeviceOperation,43,11489.0
111616,,TilizeWithValPaddingDeviceOperation,43,11486.0
196608,,TilizeWithValPaddingDeviceOperation,43,11457.0
37888,,TilizeWithValPaddingDeviceOperation,43,11454.0
44032,,TilizeWithValPaddingDeviceOperation,43,11445.0
165888,,TilizeWithValPaddingDeviceOperation,43,11441.0
68608,,TilizeWithValPaddingDeviceOperation,43,11435.0
18432,,TilizeWithValPaddingDeviceOperation,43,11434.0
80896,,TilizeWithValPaddingDeviceOperation,43,11431.0
123904,,TilizeWithValPaddingDeviceOperation,43,11428.0
74752,,TilizeWithValPaddingDeviceOperation,43,11420.0
25600,,TilizeWithValPaddingDeviceOperation,43,11419.0
159744,,TilizeWithValPaddingDeviceOperation,43,11416.0
13312,,TilizeWithValPaddingDeviceOperation,43,11415.0
1499136,1,RotaryEmbeddingDeviceOperation,32,11412.0
166912,,TilizeWithValPaddingDeviceOperation,43,11411.0
93184,,TilizeWithValPaddingDeviceOperation,43,11400.0
130048,,TilizeWithValPaddingDeviceOperation,43,11396.0
12288,,TilizeWithValPaddingDeviceOperation,43,11393.0
1380352,1,RotaryEmbeddingDeviceOperation,32,11389.0
153600,,TilizeWithValPaddingDeviceOperation,43,11388.0
24576,,TilizeWithValPaddingDeviceOperation,43,11366.0
148480,,TilizeWithValPaddingDeviceOperation,43,11359.0
2003968,1,RotaryEmbeddingDeviceOperation,32,11357.0
1558528,1,RotaryEmbeddingDeviceOperation,32,11351.0
73728,,TilizeWithValPaddingDeviceOperation,43,11342.0
62464,,TilizeWithValPaddingDeviceOperation,43,11323.0
191488,,TilizeWithValPaddingDeviceOperation,43,11309.0
116736,,TilizeWithValPaddingDeviceOperation,43,11281.0
19456,,TilizeWithValPaddingDeviceOperation,43,11273.0
184320,,TilizeWithValPaddingDeviceOperation,43,11271.0
136192,,TilizeWithValPaddingDeviceOperation,43,11267.0
43008,,TilizeWithValPaddingDeviceOperation,43,11260.0
1469440,1,RotaryEmbeddingDeviceOperation,32,11245.0
1528832,1,RotaryEmbeddingDeviceOperation,32,11242.0
129024,,TilizeWithValPaddingDeviceOperation,43,11239.0
147456,,TilizeWithValPaddingDeviceOperation,43,11222.0
178176,,TilizeWithValPaddingDeviceOperation,43,11222.0
49152,,TilizeWithValPaddingDeviceOperation,43,11219.0
160768,,TilizeWithValPaddingDeviceOperation,43,11219.0
99328,,TilizeWithValPaddingDeviceOperation,43,11211.0
122880,,TilizeWithValPaddingDeviceOperation,43,11210.0
2241536,1,RotaryEmbeddingDeviceOperation,32,11210.0
50176,,TilizeWithValPaddingDeviceOperation,43,11209.0
61440,,TilizeWithValPaddingDeviceOperation,43,11203.0
117760,,TilizeWithValPaddingDeviceOperation,43,11192.0
98304,,TilizeWithValPaddingDeviceOperation,43,11189.0
154624,,TilizeWithValPaddingDeviceOperation,43,11178.0
135168,,TilizeWithValPaddingDeviceOperation,43,11167.0
179200,,TilizeWithValPaddingDeviceOperation,43,11160.0
79872,,TilizeWithValPaddingDeviceOperation,43,11152.0
173056,,TilizeWithValPaddingDeviceOperation,43,11120.0
87040,,TilizeWithValPaddingDeviceOperation,43,11115.0
1677312,1,RotaryEmbeddingDeviceOperation,32,11085.0
1855488,1,RotaryEmbeddingDeviceOperation,32,11024.0
1885184,1,RotaryEmbeddingDeviceOperation,32,10967.0
313344,,TilizeDeviceOperation,32,10694.0
1313792,1,TilizeDeviceOperation,32,10688.0
1796096,1,RotaryEmbeddingDeviceOperation,32,10594.0
320512,,FillPadDeviceOperation,64,9536.0
1320960,1,FillPadDeviceOperation,64,9349.0
322560,,BinaryNgDeviceOperation,64,8673.0
1323008,1,BinaryNgDeviceOperation,64,7649.0
1891328,1,NLPConcatHeadsDecodeDeviceOperation,32,7104.0
861184,,NLPConcatHeadsDecodeDeviceOperation,32,6955.0
1980416,1,NLPConcatHeadsDecodeDeviceOperation,32,6945.0
1009664,,NLPConcatHeadsDecodeDeviceOperation,32,6913.0
831488,,NLPConcatHeadsDecodeDeviceOperation,32,6904.0
504832,,NLPConcatHeadsDecodeDeviceOperation,32,6895.0
890880,,NLPConcatHeadsDecodeDeviceOperation,32,6881.0
475136,,NLPConcatHeadsDecodeDeviceOperation,32,6875.0
1098752,,NLPConcatHeadsDecodeDeviceOperation,32,6874.0
683008,,NLPConcatHeadsDecodeDeviceOperation,32,6865.0
534528,,NLPConcatHeadsDecodeDeviceOperation,32,6860.0
920576,,NLPConcatHeadsDecodeDeviceOperation,32,6857.0
979968,,NLPConcatHeadsDecodeDeviceOperation,32,6854.0
564224,,NLPConcatHeadsDecodeDeviceOperation,32,6848.0
593920,,NLPConcatHeadsDecodeDeviceOperation,32,6846.0
742400,,NLPConcatHeadsDecodeDeviceOperation,32,6843.0
1158144,,NLPConcatHeadsDecodeDeviceOperation,32,6837.0
772096,,NLPConcatHeadsDecodeDeviceOperation,32,6836.0
386048,,NLPConcatHeadsDecodeDeviceOperation,32,6831.0
445440,,NLPConcatHeadsDecodeDeviceOperation,32,6830.0
415744,,NLPConcatHeadsDecodeDeviceOperation,32,6824.0
653312,,NLPConcatHeadsDecodeDeviceOperation,32,6820.0
1217536,,NLPConcatHeadsDecodeDeviceOperation,32,6802.0
1128448,,NLPConcatHeadsDecodeDeviceOperation,32,6801.0
1187840,,NLPConcatHeadsDecodeDeviceOperation,32,6799.0
801792,,NLPConcatHeadsDecodeDeviceOperation,32,6797.0
1267712,1,TilizeWithValPaddingDeviceOperation,1,6785.0
712704,,NLPConcatHeadsDecodeDeviceOperation,32,6767.0
623616,,NLPConcatHeadsDecodeDeviceOperation,32,6758.0
1069056,,NLPConcatHeadsDecodeDeviceOperation,32,6752.0
950272,,NLPConcatHeadsDecodeDeviceOperation,32,6745.0
1691648,1,BinaryNgDeviceOperation,64,6742.0
356352,,NLPConcatHeadsDecodeDeviceOperation,32,6740.0
1213440,,TypecastDeviceOperation,64,6737.0
1513472,1,BinaryNgDeviceOperation,64,6733.0
2018304,1,BinaryNgDeviceOperation,64,6729.0
1039360,,NLPConcatHeadsDecodeDeviceOperation,32,6722.0
1780736,1,BinaryNgDeviceOperation,64,6721.0
1929216,1,BinaryNgDeviceOperation,64,6721.0
1958912,1,BinaryNgDeviceOperation,64,6721.0
1721344,1,BinaryNgDeviceOperation,64,6719.0
1869824,1,BinaryNgDeviceOperation,64,6718.0
1454080,1,BinaryNgDeviceOperation,64,6716.0
1483776,1,BinaryNgDeviceOperation,64,6716.0
2048000,1,BinaryNgDeviceOperation,64,6716.0
2166784,1,BinaryNgDeviceOperation,64,6716.0
2196480,1,BinaryNgDeviceOperation,64,6716.0
2077696,1,BinaryNgDeviceOperation,64,6713.0
2255872,1,BinaryNgDeviceOperation,64,6713.0
1572864,1,BinaryNgDeviceOperation,64,6712.0
1602560,1,BinaryNgDeviceOperation,64,6712.0
2137088,1,BinaryNgDeviceOperation,64,6711.0
1424384,1,BinaryNgDeviceOperation,64,6709.0
1543168,1,BinaryNgDeviceOperation,64,6709.0
1661952,1,BinaryNgDeviceOperation,64,6708.0
1840128,1,BinaryNgDeviceOperation,64,6708.0
1394688,1,BinaryNgDeviceOperation,64,6707.0
1632256,1,BinaryNgDeviceOperation,64,6707.0
2107392,1,BinaryNgDeviceOperation,64,6707.0
2226176,1,BinaryNgDeviceOperation,64,6707.0
1810432,1,BinaryNgDeviceOperation,64,6706.0
1988608,1,BinaryNgDeviceOperation,64,6705.0
1899520,1,BinaryNgDeviceOperation,64,6701.0
1751040,1,BinaryNgDeviceOperation,64,6698.0
1335296,1,BinaryNgDeviceOperation,64,6696.0
1364992,1,BinaryNgDeviceOperation,64,6696.0
1094656,,TypecastDeviceOperation,64,6688.0
326656,,NLPConcatHeadsDecodeDeviceOperation,32,6681.0
1284096,1,TilizeWithValPaddingDeviceOperation,1,6637.0
1106944,,BinaryNgDeviceOperation,64,6629.0
264192,,TilizeWithValPaddingDeviceOperation,1,6621.0
780288,,BinaryNgDeviceOperation,64,6615.0
1300480,1,TilizeWithValPaddingDeviceOperation,1,6614.0
988160,,BinaryNgDeviceOperation,64,6612.0
720896,,BinaryNgDeviceOperation,64,6607.0
631808,,BinaryNgDeviceOperation,64,6605.0
513024,,BinaryNgDeviceOperation,64,6604.0
928768,,BinaryNgDeviceOperation,64,6604.0
1064960,,TypecastDeviceOperation,64,6603.0
809984,,BinaryNgDeviceOperation,64,6602.0
1255424,,BinaryNgDeviceOperation,64,6599.0
394240,,BinaryNgDeviceOperation,64,6597.0
483328,,BinaryNgDeviceOperation,64,6596.0
542720,,BinaryNgDeviceOperation,64,6596.0
1225728,,BinaryNgDeviceOperation,64,6595.0
691200,,BinaryNgDeviceOperation,64,6593.0
1017856,,BinaryNgDeviceOperation,64,6593.0
1247232,,NLPConcatHeadsDecodeDeviceOperation,32,6593.0
423936,,BinaryNgDeviceOperation,64,6592.0
1136640,,BinaryNgDeviceOperation,64,6592.0
661504,,BinaryNgDeviceOperation,64,6591.0
1166336,,BinaryNgDeviceOperation,64,6591.0
958464,,BinaryNgDeviceOperation,64,6590.0
453632,,BinaryNgDeviceOperation,64,6589.0
899072,,BinaryNgDeviceOperation,64,6589.0
1077248,,BinaryNgDeviceOperation,64,6588.0
572416,,BinaryNgDeviceOperation,64,6586.0
750592,,BinaryNgDeviceOperation,64,6585.0
869376,,BinaryNgDeviceOperation,64,6585.0
1594368,1,NLPConcatHeadsDecodeDeviceOperation,32,6585.0
839680,,BinaryNgDeviceOperation,64,6584.0
364544,,BinaryNgDeviceOperation,64,6582.0
1196032,,BinaryNgDeviceOperation,64,6581.0
602112,,BinaryNgDeviceOperation,64,6580.0
1047552,,BinaryNgDeviceOperation,64,6579.0
334848,,BinaryNgDeviceOperation,64,6578.0
318464,,TypecastDeviceOperation,64,6563.0
1264640,1,TilizeWithValPaddingDeviceOperation,1,6555.0
2099200,1,NLPConcatHeadsDecodeDeviceOperation,32,6550.0
1505280,1,NLPConcatHeadsDecodeDeviceOperation,32,6499.0
2217984,1,NLPConcatHeadsDecodeDeviceOperation,32,6495.0
589824,,TypecastDeviceOperation,64,6488.0
267264,,TilizeWithValPaddingDeviceOperation,1,6481.0
300032,,TilizeWithValPaddingDeviceOperation,1,6467.0
678912,,TypecastDeviceOperation,64,6454.0
283648,,TilizeWithValPaddingDeviceOperation,1,6440.0
1950720,1,NLPConcatHeadsDecodeDeviceOperation,32,6351.0
886784,,TypecastDeviceOperation,64,6350.0
500736,,TypecastDeviceOperation,64,6345.0
916480,,TypecastDeviceOperation,64,6340.0
1471488,1,TypecastDeviceOperation,64,6282.0
1445888,1,NLPConcatHeadsDecodeDeviceOperation,32,6279.0
1327104,1,NLPConcatHeadsDecodeDeviceOperation,32,6260.0
1318912,1,TypecastDeviceOperation,64,6255.0
1887232,1,TypecastDeviceOperation,64,6250.0
1352704,1,TypecastDeviceOperation,64,6226.0
441344,,TypecastDeviceOperation,64,6200.0
381952,,TypecastDeviceOperation,64,6178.0
1683456,1,NLPConcatHeadsDecodeDeviceOperation,32,6150.0
1742848,1,NLPConcatHeadsDecodeDeviceOperation,32,6137.0
1356800,1,NLPConcatHeadsDecodeDeviceOperation,32,6121.0
1802240,1,NLPConcatHeadsDecodeDeviceOperation,32,6121.0
530432,,TypecastDeviceOperation,64,6114.0
411648,,TypecastDeviceOperation,64,6108.0
738304,,TypecastDeviceOperation,64,6108.0
708608,,TypecastDeviceOperation,64,6103.0
2124800,1,TypecastDeviceOperation,64,6095.0
1416192,1,NLPConcatHeadsDecodeDeviceOperation,32,6090.0
1831936,1,NLPConcatHeadsDecodeDeviceOperation,32,6083.0
1243136,,TypecastDeviceOperation,64,6082.0
1501184,1,TypecastDeviceOperation,64,6068.0
2095104,1,TypecastDeviceOperation,64,6059.0
1005568,,TypecastDeviceOperation,64,6058.0
2154496,1,TypecastDeviceOperation,64,6054.0
560128,,TypecastDeviceOperation,64,6041.0
1441792,1,TypecastDeviceOperation,64,6020.0
1921024,1,NLPConcatHeadsDecodeDeviceOperation,32,5993.0
1183744,,TypecastDeviceOperation,64,5982.0
2243584,1,TypecastDeviceOperation,64,5955.0
1976320,1,TypecastDeviceOperation,64,5949.0
2035712,1,TypecastDeviceOperation,64,5940.0
1946624,1,TypecastDeviceOperation,64,5937.0
1619968,1,TypecastDeviceOperation,64,5925.0
1772544,1,NLPConcatHeadsDecodeDeviceOperation,32,5925.0
1560576,1,TypecastDeviceOperation,64,5915.0
975872,,TypecastDeviceOperation,64,5891.0
1798144,1,TypecastDeviceOperation,64,5891.0
1154048,,TypecastDeviceOperation,64,5882.0
2158592,1,NLPConcatHeadsDecodeDeviceOperation,32,5872.0
2010112,1,NLPConcatHeadsDecodeDeviceOperation,32,5861.0
768000,,TypecastDeviceOperation,64,5850.0
471040,,TypecastDeviceOperation,64,5845.0
1590272,1,TypecastDeviceOperation,64,5836.0
1857536,1,TypecastDeviceOperation,64,5832.0
2128896,1,NLPConcatHeadsDecodeDeviceOperation,32,5832.0
1124352,,TypecastDeviceOperation,64,5829.0
797696,,TypecastDeviceOperation,64,5826.0
1738752,1,TypecastDeviceOperation,64,5810.0
1653760,1,NLPConcatHeadsDecodeDeviceOperation,32,5809.0
2069504,1,NLPConcatHeadsDecodeDeviceOperation,32,5806.0
2188288,1,NLPConcatHeadsDecodeDeviceOperation,32,5806.0
352256,,TypecastDeviceOperation,64,5762.0
946176,,TypecastDeviceOperation,64,5751.0
1382400,1,TypecastDeviceOperation,64,5744.0
1624064,1,NLPConcatHeadsDecodeDeviceOperation,32,5741.0
619520,,TypecastDeviceOperation,64,5737.0
2213888,1,TypecastDeviceOperation,64,5737.0
1649664,1,TypecastDeviceOperation,64,5721.0
2065408,1,TypecastDeviceOperation,64,5721.0
1768448,1,TypecastDeviceOperation,64,5717.0
1916928,1,TypecastDeviceOperation,64,5706.0
1530880,1,TypecastDeviceOperation,64,5705.0
857088,,TypecastDeviceOperation,64,5698.0
1311744,1,UntilizeWithUnpaddingDeviceOperation,32,5686.0
827392,,TypecastDeviceOperation,64,5681.0
2247680,1,NLPConcatHeadsDecodeDeviceOperation,32,5680.0
1475584,1,NLPConcatHeadsDecodeDeviceOperation,32,5662.0
1534976,1,NLPConcatHeadsDecodeDeviceOperation,32,5661.0
1713152,1,NLPConcatHeadsDecodeDeviceOperation,32,5656.0
1861632,1,NLPConcatHeadsDecodeDeviceOperation,32,5644.0
1679360,1,TypecastDeviceOperation,64,5635.0
1386496,1,NLPConcatHeadsDecodeDeviceOperation,32,5630.0
2039808,1,NLPConcatHeadsDecodeDeviceOperation,32,5627.0
1564672,1,NLPConcatHeadsDecodeDeviceOperation,32,5607.0
1827840,1,TypecastDeviceOperation,64,5576.0
649216,,TypecastDeviceOperation,64,5551.0
2184192,1,TypecastDeviceOperation,64,5544.0
1593344,1,TypecastDeviceOperation,64,5538.0
2006016,1,TypecastDeviceOperation,64,5528.0
1412096,1,TypecastDeviceOperation,64,5471.0
1035264,,TypecastDeviceOperation,64,5461.0
1741824,1,TypecastDeviceOperation,64,5447.0
1504256,1,TypecastDeviceOperation,64,5442.0
311296,,UntilizeWithUnpaddingDeviceOperation,32,5415.0
1444864,1,TypecastDeviceOperation,64,5402.0
2068480,1,TypecastDeviceOperation,64,5397.0
1415168,1,TypecastDeviceOperation,64,5393.0
1830912,1,TypecastDeviceOperation,64,5356.0
1709056,1,TypecastDeviceOperation,64,5349.0
2038784,1,TypecastDeviceOperation,64,5346.0
2157568,1,TypecastDeviceOperation,64,5337.0
1682432,1,TypecastDeviceOperation,64,5319.0
2009088,1,TypecastDeviceOperation,64,5310.0
1979392,1,TypecastDeviceOperation,64,5305.0
1890304,1,TypecastDeviceOperation,64,5303.0
2187264,1,TypecastDeviceOperation,64,5295.0
1563648,1,TypecastDeviceOperation,64,5287.0
1920000,1,TypecastDeviceOperation,64,5287.0
2098176,1,TypecastDeviceOperation,64,5281.0
1533952,1,TypecastDeviceOperation,64,5272.0
1949696,1,TypecastDeviceOperation,64,5269.0
1355776,1,TypecastDeviceOperation,64,5261.0
1474560,1,TypecastDeviceOperation,64,5259.0
1652736,1,TypecastDeviceOperation,64,5259.0
2127872,1,TypecastDeviceOperation,64,5257.0
1623040,1,TypecastDeviceOperation,64,5249.0
321536,,ReduceDeviceOperation,32,5232.0
1216512,,TypecastDeviceOperation,64,5229.0
1771520,1,TypecastDeviceOperation,64,5227.0
308224,,TypecastDeviceOperation,64,5205.0
1038336,,TypecastDeviceOperation,64,5194.0
1801216,1,TypecastDeviceOperation,64,5192.0
860160,,TypecastDeviceOperation,64,5183.0
563200,,TypecastDeviceOperation,64,5180.0
1186816,,TypecastDeviceOperation,64,5180.0
1097728,,TypecastDeviceOperation,64,5168.0
2216960,1,TypecastDeviceOperation,64,5167.0
1068032,,TypecastDeviceOperation,64,5166.0
414720,,TypecastDeviceOperation,64,5164.0
652288,,TypecastDeviceOperation,64,5157.0
444416,,TypecastDeviceOperation,64,5154.0
919552,,TypecastDeviceOperation,64,5154.0
978944,,TypecastDeviceOperation,64,5148.0
355328,,TypecastDeviceOperation,64,5147.0
830464,,TypecastDeviceOperation,64,5147.0
1385472,1,TypecastDeviceOperation,64,5146.0
533504,,TypecastDeviceOperation,64,5144.0
1246208,,TypecastDeviceOperation,64,5142.0
771072,,TypecastDeviceOperation,64,5141.0
325632,,TypecastDeviceOperation,64,5140.0
503808,,TypecastDeviceOperation,64,5139.0
1127424,,TypecastDeviceOperation,64,5137.0
741376,,TypecastDeviceOperation,64,5135.0
800768,,TypecastDeviceOperation,64,5132.0
592896,,TypecastDeviceOperation,64,5127.0
1321984,1,ReduceDeviceOperation,32,5125.0
385024,,TypecastDeviceOperation,64,5118.0
315392,,TypecastDeviceOperation,64,5116.0
1008640,,TypecastDeviceOperation,64,5112.0
622592,,TypecastDeviceOperation,64,5100.0
1157120,,TypecastDeviceOperation,64,5097.0
681984,,TypecastDeviceOperation,64,5094.0
474112,,TypecastDeviceOperation,64,5092.0
949248,,TypecastDeviceOperation,64,5092.0
1712128,1,TypecastDeviceOperation,64,5087.0
711680,,TypecastDeviceOperation,64,5072.0
889856,,TypecastDeviceOperation,64,5068.0
1326080,1,TypecastDeviceOperation,64,5059.0
2246656,1,TypecastDeviceOperation,64,5057.0
1308672,1,TypecastDeviceOperation,64,5056.0
1860608,1,TypecastDeviceOperation,64,5055.0
1315840,1,TypecastDeviceOperation,64,4717.0
1155072,,InterleavedToShardedDeviceOperation,32,4558.0
798720,,InterleavedToShardedDeviceOperation,32,4518.0
1006592,,InterleavedToShardedDeviceOperation,32,4467.0
917504,,InterleavedToShardedDeviceOperation,32,4455.0
976896,,InterleavedToShardedDeviceOperation,32,4387.0
858112,,InterleavedToShardedDeviceOperation,32,4357.0
1125376,,InterleavedToShardedDeviceOperation,32,4333.0
1244160,,InterleavedToShardedDeviceOperation,32,4296.0
1383424,1,InterleavedToShardedDeviceOperation,32,4243.0
2185216,1,InterleavedToShardedDeviceOperation,32,4243.0
650240,,InterleavedToShardedDeviceOperation,32,4236.0
769024,,InterleavedToShardedDeviceOperation,32,4222.0
1858560,1,InterleavedToShardedDeviceOperation,32,4150.0
382976,,InterleavedToShardedDeviceOperation,32,4104.0
1977344,1,InterleavedToShardedDeviceOperation,32,4082.0
828416,,InterleavedToShardedDeviceOperation,32,4065.0
561152,,InterleavedToShardedDeviceOperation,32,4045.0
412672,,InterleavedToShardedDeviceOperation,32,4027.0
887808,,InterleavedToShardedDeviceOperation,32,3991.0
1531904,1,InterleavedToShardedDeviceOperation,32,3983.0
353280,,InterleavedToShardedDeviceOperation,32,3973.0
1214464,,InterleavedToShardedDeviceOperation,32,3965.0
1472512,1,InterleavedToShardedDeviceOperation,32,3955.0
472064,,InterleavedToShardedDeviceOperation,32,3939.0
590848,,InterleavedToShardedDeviceOperation,32,3939.0
1413120,1,InterleavedToShardedDeviceOperation,32,3915.0
323584,,InterleavedToShardedDeviceOperation,32,3896.0
2125824,1,InterleavedToShardedDeviceOperation,32,3894.0
501760,,InterleavedToShardedDeviceOperation,32,3891.0
1353728,1,InterleavedToShardedDeviceOperation,32,3887.0
1799168,1,InterleavedToShardedDeviceOperation,32,3885.0
620544,,InterleavedToShardedDeviceOperation,32,3870.0
1184768,,InterleavedToShardedDeviceOperation,32,3864.0
1739776,1,InterleavedToShardedDeviceOperation,32,3856.0
531456,,InterleavedToShardedDeviceOperation,32,3851.0
1502208,1,InterleavedToShardedDeviceOperation,32,3849.0
2036736,1,InterleavedToShardedDeviceOperation,32,3837.0
2096128,1,InterleavedToShardedDeviceOperation,32,3827.0
1324032,1,InterleavedToShardedDeviceOperation,32,3820.0
1947648,1,InterleavedToShardedDeviceOperation,32,3820.0
739328,,InterleavedToShardedDeviceOperation,32,3815.0
709632,,InterleavedToShardedDeviceOperation,32,3807.0
1095680,,InterleavedToShardedDeviceOperation,32,3807.0
2066432,1,InterleavedToShardedDeviceOperation,32,3798.0
1036288,,InterleavedToShardedDeviceOperation,32,3795.0
442368,,InterleavedToShardedDeviceOperation,32,3793.0
1561600,1,InterleavedToShardedDeviceOperation,32,3760.0
1828864,1,InterleavedToShardedDeviceOperation,32,3754.0
679936,,InterleavedToShardedDeviceOperation,32,3731.0
1319936,1,ShardedToInterleavedDeviceOperation,32,3731.0
314368,,InterleavedToShardedDeviceOperation,32,3727.0
1065984,,InterleavedToShardedDeviceOperation,32,3708.0
947200,,InterleavedToShardedDeviceOperation,32,3675.0
2214912,1,InterleavedToShardedDeviceOperation,32,3640.0
301056,,BinaryNgDeviceOperation,64,3634.0
1052672,,ReshardDeviceOperation,8,3626.0
1769472,1,InterleavedToShardedDeviceOperation,32,3616.0
1591296,1,InterleavedToShardedDeviceOperation,32,3606.0
369664,,ReshardDeviceOperation,8,3589.0
1917952,1,InterleavedToShardedDeviceOperation,32,3588.0
2155520,1,InterleavedToShardedDeviceOperation,32,3573.0
1620992,1,InterleavedToShardedDeviceOperation,32,3565.0
1082368,,ReshardDeviceOperation,8,3555.0
1442816,1,InterleavedToShardedDeviceOperation,32,3555.0
1680384,1,InterleavedToShardedDeviceOperation,32,3555.0
2244608,1,InterleavedToShardedDeviceOperation,32,3554.0
696320,,ReshardDeviceOperation,8,3546.0
963584,,ReshardDeviceOperation,8,3543.0
874496,,ReshardDeviceOperation,8,3540.0
993280,,ReshardDeviceOperation,8,3537.0
1650688,1,InterleavedToShardedDeviceOperation,32,3531.0
1230848,,ReshardDeviceOperation,8,3524.0
458752,,ReshardDeviceOperation,8,3517.0
666624,,ReshardDeviceOperation,8,3517.0
339968,,ReshardDeviceOperation,8,3513.0
815104,,ReshardDeviceOperation,8,3513.0
785408,,ReshardDeviceOperation,8,3512.0
399360,,ReshardDeviceOperation,8,3506.0
577536,,ReshardDeviceOperation,8,3505.0
276480,,ReshardDeviceOperation,8,3504.0
488448,,ReshardDeviceOperation,8,3497.0
1171456,,ReshardDeviceOperation,8,3492.0
1022976,,ReshardDeviceOperation,8,3486.0
2007040,1,InterleavedToShardedDeviceOperation,32,3485.0
755712,,ReshardDeviceOperation,8,3483.0
1141760,,ReshardDeviceOperation,8,3480.0
1201152,,ReshardDeviceOperation,8,3476.0
933888,,ReshardDeviceOperation,8,3475.0
636928,,ReshardDeviceOperation,8,3469.0
904192,,ReshardDeviceOperation,8,3465.0
547840,,ReshardDeviceOperation,8,3452.0
429056,,ReshardDeviceOperation,8,3447.0
607232,,ReshardDeviceOperation,8,3435.0
1710080,1,InterleavedToShardedDeviceOperation,32,3432.0
726016,,ReshardDeviceOperation,8,3415.0
1301504,1,BinaryNgDeviceOperation,64,3411.0
1888256,1,InterleavedToShardedDeviceOperation,32,3403.0
319488,,ShardedToInterleavedDeviceOperation,32,3394.0
1112064,,ReshardDeviceOperation,8,3353.0
518144,,ReshardDeviceOperation,8,3307.0
312320,,RepeatDeviceOperation,64,3288.0
310272,,ShardedToInterleavedDeviceOperation,32,3242.0
284672,,BinaryNgDeviceOperation,64,3225.0
844800,,ReshardDeviceOperation,8,3213.0
1586176,1,InterleavedToShardedDeviceOperation,32,3151.0
1340416,1,ReshardDeviceOperation,8,3108.0
2053120,1,ReshardDeviceOperation,8,3082.0
2171904,1,ReshardDeviceOperation,8,3055.0
1312768,1,RepeatDeviceOperation,64,3028.0
2023424,1,ReshardDeviceOperation,8,3025.0
1310720,1,ShardedToInterleavedDeviceOperation,32,3023.0
1488896,1,ReshardDeviceOperation,8,3014.0
1285120,1,BinaryNgDeviceOperation,64,3009.0
1459200,1,ReshardDeviceOperation,8,3004.0
1637376,1,ReshardDeviceOperation,8,3003.0
1696768,1,ReshardDeviceOperation,8,2998.0
1726464,1,ReshardDeviceOperation,8,2979.0
1314816,1,InterleavedToShardedDeviceOperation,32,2959.0
1756160,1,ReshardDeviceOperation,8,2957.0
2201600,1,ReshardDeviceOperation,8,2957.0
1577984,1,ReshardDeviceOperation,8,2956.0
1815552,1,ReshardDeviceOperation,8,2955.0
1399808,1,ReshardDeviceOperation,8,2948.0
2231296,1,ReshardDeviceOperation,8,2938.0
1874944,1,ReshardDeviceOperation,8,2931.0
1370112,1,ReshardDeviceOperation,8,2930.0
330752,,BinaryNgDeviceOperation,64,2923.0
1904640,1,ReshardDeviceOperation,8,2922.0
1276928,1,ReshardDeviceOperation,8,2920.0
1667072,1,ReshardDeviceOperation,8,2920.0
2112512,1,ReshardDeviceOperation,8,2920.0
1785856,1,ReshardDeviceOperation,8,2918.0
1964032,1,ReshardDeviceOperation,8,2914.0
1518592,1,ReshardDeviceOperation,8,2913.0
1993728,1,ReshardDeviceOperation,8,2912.0
1845248,1,ReshardDeviceOperation,8,2911.0
1331200,1,BinaryNgDeviceOperation,64,2900.0
1297408,1,SliceDeviceOperation,64,2888.0
1429504,1,ReshardDeviceOperation,8,2866.0
1548288,1,ReshardDeviceOperation,8,2857.0
1143808,,ShardedToInterleavedDeviceOperation,64,2837.0
1607680,1,ReshardDeviceOperation,8,2824.0
1304576,1,UntilizeWithUnpaddingDeviceOperation,1,2811.0
2142208,1,ReshardDeviceOperation,8,2807.0
1934336,1,ReshardDeviceOperation,8,2776.0
1870848,1,ReshardDeviceOperation,56,2772.0
1268736,1,BinaryNgDeviceOperation,64,2764.0
2082816,1,ReshardDeviceOperation,8,2755.0
2197504,1,ReshardDeviceOperation,56,2747.0
1941504,1,SliceDeviceOperation,64,2718.0
1900544,1,ReshardDeviceOperation,56,2714.0
1752064,1,ReshardDeviceOperation,56,2699.0
2019328,1,ReshardDeviceOperation,56,2695.0
371712,,ShardedToInterleavedDeviceOperation,64,2692.0
514048,,ReshardDeviceOperation,56,2687.0
1514496,1,ReshardDeviceOperation,56,2682.0
2049024,1,ReshardDeviceOperation,56,2682.0
935936,,ShardedToInterleavedDeviceOperation,64,2676.0
1603584,1,ReshardDeviceOperation,56,2674.0
1841152,1,ReshardDeviceOperation,56,2671.0
304128,,UntilizeWithUnpaddingDeviceOperation,1,2669.0
401408,,ShardedToInterleavedDeviceOperation,64,2665.0
454656,,ReshardDeviceOperation,56,2665.0
1265664,1,BinaryNgDeviceOperation,64,2663.0
1018880,,ReshardDeviceOperation,56,2662.0
840704,,ReshardDeviceOperation,56,2660.0
781312,,ReshardDeviceOperation,56,2659.0
484352,,ReshardDeviceOperation,56,2657.0
1226752,,ReshardDeviceOperation,56,2657.0
1692672,1,ReshardDeviceOperation,56,2652.0
929792,,ReshardDeviceOperation,56,2651.0
1366016,1,ReshardDeviceOperation,56,2651.0
573440,,ReshardDeviceOperation,56,2650.0
1197056,,ReshardDeviceOperation,56,2650.0
989184,,ReshardDeviceOperation,56,2649.0
1048576,,ReshardDeviceOperation,56,2649.0
1256448,,ReshardDeviceOperation,56,2649.0
692224,,ReshardDeviceOperation,56,2643.0
728064,,ShardedToInterleavedDeviceOperation,64,2642.0
1425408,1,ReshardDeviceOperation,56,2641.0
1662976,1,ReshardDeviceOperation,56,2639.0
1930240,1,ReshardDeviceOperation,56,2639.0
603136,,ReshardDeviceOperation,56,2636.0
1078272,,ReshardDeviceOperation,56,2635.0
662528,,ReshardDeviceOperation,56,2633.0
721920,,ReshardDeviceOperation,56,2633.0
2078720,1,ReshardDeviceOperation,56,2633.0
1722368,1,ReshardDeviceOperation,56,2631.0
2030592,1,SliceDeviceOperation,64,2628.0
543744,,ReshardDeviceOperation,56,2626.0
335872,,ReshardDeviceOperation,56,2625.0
900096,,ReshardDeviceOperation,56,2625.0
632832,,ReshardDeviceOperation,56,2623.0
2256896,1,ReshardDeviceOperation,56,2623.0
1781760,1,ReshardDeviceOperation,56,2617.0
424960,,ReshardDeviceOperation,56,2615.0
1107968,,ReshardDeviceOperation,56,2611.0
2220032,1,InterleavedToShardedDeviceOperation,8,2611.0
1959936,1,ReshardDeviceOperation,56,2610.0
1573888,1,ReshardDeviceOperation,56,2604.0
811008,,ReshardDeviceOperation,56,2602.0
1395712,1,ReshardDeviceOperation,56,2602.0
365568,,ReshardDeviceOperation,56,2601.0
787456,,ShardedToInterleavedDeviceOperation,64,2596.0
1167360,,ReshardDeviceOperation,56,2594.0
2138112,1,ReshardDeviceOperation,56,2594.0
751616,,ReshardDeviceOperation,56,2593.0
1989632,1,ReshardDeviceOperation,56,2586.0
959488,,ReshardDeviceOperation,56,2585.0
1544192,1,ReshardDeviceOperation,56,2584.0
1811456,1,ReshardDeviceOperation,56,2581.0
2227200,1,ReshardDeviceOperation,56,2580.0
395264,,ReshardDeviceOperation,56,2578.0
1336320,1,ReshardDeviceOperation,56,2578.0
1484800,1,ReshardDeviceOperation,56,2572.0
1633280,1,ReshardDeviceOperation,56,2570.0
1137664,,ReshardDeviceOperation,56,2569.0
1455104,1,ReshardDeviceOperation,56,2567.0
2108416,1,ReshardDeviceOperation,56,2562.0
1203200,,ShardedToInterleavedDeviceOperation,64,2556.0
316416,,ShardedToInterleavedDeviceOperation,32,2554.0
995328,,ShardedToInterleavedDeviceOperation,64,2554.0
2167808,1,ReshardDeviceOperation,56,2537.0
549888,,ShardedToInterleavedDeviceOperation,64,2532.0
1609728,1,ShardedToInterleavedDeviceOperation,64,2517.0
870400,,ReshardDeviceOperation,56,2514.0
698368,,ShardedToInterleavedDeviceOperation,64,2508.0
2233344,1,ShardedToInterleavedDeviceOperation,64,2507.0
846848,,ShardedToInterleavedDeviceOperation,64,2493.0
668672,,ShardedToInterleavedDeviceOperation,64,2476.0
876544,,ShardedToInterleavedDeviceOperation,64,2474.0
490496,,ShardedToInterleavedDeviceOperation,64,2469.0
1520640,1,ShardedToInterleavedDeviceOperation,64,2458.0
965632,,ShardedToInterleavedDeviceOperation,64,2449.0
265216,,BinaryNgDeviceOperation,64,2443.0
1232896,,ShardedToInterleavedDeviceOperation,64,2436.0
268288,,BinaryNgDeviceOperation,64,2429.0
460800,,ShardedToInterleavedDeviceOperation,64,2428.0
1114112,,ShardedToInterleavedDeviceOperation,64,2428.0
609280,,ShardedToInterleavedDeviceOperation,64,2426.0
1278976,1,ShardedToInterleavedDeviceOperation,64,2426.0
1669120,1,ShardedToInterleavedDeviceOperation,64,2426.0
1173504,,ShardedToInterleavedDeviceOperation,64,2421.0
906240,,ShardedToInterleavedDeviceOperation,64,2418.0
1401856,1,ShardedToInterleavedDeviceOperation,64,2403.0
1876992,1,ShardedToInterleavedDeviceOperation,64,2395.0
2144256,1,ShardedToInterleavedDeviceOperation,64,2390.0
342016,,ShardedToInterleavedDeviceOperation,64,2380.0
817152,,ShardedToInterleavedDeviceOperation,64,2372.0
1817600,1,ShardedToInterleavedDeviceOperation,64,2370.0
1995776,1,ShardedToInterleavedDeviceOperation,64,2362.0
2055168,1,ShardedToInterleavedDeviceOperation,64,2362.0
1084416,,ShardedToInterleavedDeviceOperation,64,2357.0
1675264,1,InterleavedToShardedDeviceOperation,32,2355.0
1698816,1,ShardedToInterleavedDeviceOperation,64,2348.0
638976,,ShardedToInterleavedDeviceOperation,64,2333.0
1490944,1,ShardedToInterleavedDeviceOperation,64,2323.0
1025024,,ShardedToInterleavedDeviceOperation,64,2321.0
1461248,1,ShardedToInterleavedDeviceOperation,64,2321.0
1054720,,ShardedToInterleavedDeviceOperation,64,2314.0
1966080,1,ShardedToInterleavedDeviceOperation,64,2303.0
278528,,ShardedToInterleavedDeviceOperation,64,2295.0
1758208,1,ShardedToInterleavedDeviceOperation,64,2295.0
1847296,1,ShardedToInterleavedDeviceOperation,64,2285.0
520192,,ShardedToInterleavedDeviceOperation,64,2284.0
1372160,1,ShardedToInterleavedDeviceOperation,64,2282.0
1853440,1,InterleavedToShardedDeviceOperation,32,2269.0
1377280,1,SliceDeviceOperation,64,2267.0
1580032,1,ShardedToInterleavedDeviceOperation,64,2267.0
579584,,ShardedToInterleavedDeviceOperation,64,2266.0
2084864,1,ShardedToInterleavedDeviceOperation,64,2258.0
2114560,1,ShardedToInterleavedDeviceOperation,64,2256.0
431104,,ShardedToInterleavedDeviceOperation,64,2255.0
1639424,1,ShardedToInterleavedDeviceOperation,64,2243.0
1342464,1,ShardedToInterleavedDeviceOperation,64,2242.0
1431552,1,ShardedToInterleavedDeviceOperation,64,2237.0
1787904,1,ShardedToInterleavedDeviceOperation,64,2234.0
1550336,1,ShardedToInterleavedDeviceOperation,64,2228.0
757760,,ShardedToInterleavedDeviceOperation,64,2223.0
2173952,1,ShardedToInterleavedDeviceOperation,64,2218.0
2203648,1,ShardedToInterleavedDeviceOperation,64,2214.0
584704,,SliceDeviceOperation,64,2211.0
1585152,1,SliceDeviceOperation,64,2203.0
1936384,1,ShardedToInterleavedDeviceOperation,64,2203.0
1347584,1,SliceDeviceOperation,64,2199.0
911360,,SliceDeviceOperation,64,2178.0
1728512,1,ShardedToInterleavedDeviceOperation,64,2160.0
2119680,1,SliceDeviceOperation,64,2156.0
2089984,1,SliceDeviceOperation,64,2149.0
1906688,1,ShardedToInterleavedDeviceOperation,64,2142.0
1059840,,SliceDeviceOperation,64,2129.0
305152,,RepeatDeviceOperation,64,2114.0
1305600,1,RepeatDeviceOperation,64,2114.0
1763328,1,SliceDeviceOperation,64,2107.0
555008,,SliceDeviceOperation,64,2106.0
2025472,1,ShardedToInterleavedDeviceOperation,64,2096.0
296960,,SliceDeviceOperation,64,2078.0
941056,,SliceDeviceOperation,64,2069.0
347136,,SliceDeviceOperation,64,2066.0
1644544,1,SliceDeviceOperation,64,2060.0
1208320,,SliceDeviceOperation,64,2059.0
1852416,1,SliceDeviceOperation,64,2059.0
1000448,,SliceDeviceOperation,64,2050.0
762880,,SliceDeviceOperation,64,2042.0
2060288,1,SliceDeviceOperation,64,2030.0
822272,,SliceDeviceOperation,64,2027.0
525312,,SliceDeviceOperation,64,2021.0
1148928,,SliceDeviceOperation,64,2018.0
850944,,ShardedToInterleavedDeviceOperation,32,2016.0
644096,,SliceDeviceOperation,64,2013.0
289792,,TypecastDeviceOperation,4,2010.0
1129472,,ShardedToInterleavedDeviceOperation,32,2009.0
583680,,ShardedToInterleavedDeviceOperation,32,2005.0
495616,,SliceDeviceOperation,64,2004.0
436224,,SliceDeviceOperation,64,2003.0
1614848,1,SliceDeviceOperation,64,2002.0
295936,,ShardedToInterleavedDeviceOperation,32,1993.0
881664,,SliceDeviceOperation,64,1993.0
1793024,1,SliceDeviceOperation,64,1991.0
291840,,TypecastDeviceOperation,4,1988.0
2238464,1,SliceDeviceOperation,64,1987.0
1674240,1,SliceDeviceOperation,64,1986.0
1703936,1,SliceDeviceOperation,64,1985.0
733184,,SliceDeviceOperation,64,1982.0
703488,,SliceDeviceOperation,64,1975.0
851968,,SliceDeviceOperation,64,1972.0
1089536,,SliceDeviceOperation,64,1972.0
1555456,1,SliceDeviceOperation,64,1971.0
713728,,ShardedToInterleavedDeviceOperation,32,1969.0
970752,,SliceDeviceOperation,64,1969.0
940032,,ShardedToInterleavedDeviceOperation,32,1968.0
1088512,,ShardedToInterleavedDeviceOperation,32,1966.0
1119232,,SliceDeviceOperation,64,1966.0
1466368,1,SliceDeviceOperation,64,1963.0
1911808,1,SliceDeviceOperation,64,1963.0
969728,,ShardedToInterleavedDeviceOperation,32,1959.0
1525760,1,SliceDeviceOperation,64,1958.0
2179072,1,SliceDeviceOperation,64,1956.0
1238016,,SliceDeviceOperation,64,1955.0
673792,,SliceDeviceOperation,64,1949.0
1289216,1,UnaryDeviceOperation,64,1943.0
1882112,1,SliceDeviceOperation,64,1941.0
880640,,ShardedToInterleavedDeviceOperation,32,1940.0
1207296,,ShardedToInterleavedDeviceOperation,32,1937.0
1099776,,ShardedToInterleavedDeviceOperation,32,1936.0
346112,,ShardedToInterleavedDeviceOperation,32,1929.0
792576,,SliceDeviceOperation,64,1929.0
406528,,SliceDeviceOperation,64,1926.0
1406976,1,SliceDeviceOperation,64,1922.0
1188864,,ShardedToInterleavedDeviceOperation,32,1921.0
1030144,,SliceDeviceOperation,64,1920.0
1971200,1,SliceDeviceOperation,64,1917.0
1952768,1,InterleavedToShardedDeviceOperation,8,1915.0
465920,,SliceDeviceOperation,64,1911.0
614400,,SliceDeviceOperation,64,1907.0
1292288,1,TypecastDeviceOperation,4,1907.0
862208,,ShardedToInterleavedDeviceOperation,32,1906.0
1070080,,ShardedToInterleavedDeviceOperation,32,1905.0
416768,,ShardedToInterleavedDeviceOperation,32,1904.0
832512,,ShardedToInterleavedDeviceOperation,32,1903.0
375808,,ShardedToInterleavedDeviceOperation,32,1902.0
1178624,,SliceDeviceOperation,64,1900.0
594944,,ShardedToInterleavedDeviceOperation,32,1899.0
2208768,1,SliceDeviceOperation,64,1899.0
387072,,ShardedToInterleavedDeviceOperation,32,1897.0
732160,,ShardedToInterleavedDeviceOperation,32,1895.0
702464,,ShardedToInterleavedDeviceOperation,32,1894.0
376832,,SliceDeviceOperation,64,1892.0
565248,,ShardedToInterleavedDeviceOperation,32,1889.0
1436672,1,SliceDeviceOperation,64,1886.0
1863680,1,InterleavedToShardedDeviceOperation,8,1884.0
327680,,ShardedToInterleavedDeviceOperation,32,1882.0
743424,,ShardedToInterleavedDeviceOperation,32,1879.0
802816,,ShardedToInterleavedDeviceOperation,32,1875.0
613376,,ShardedToInterleavedDeviceOperation,32,1874.0
505856,,ShardedToInterleavedDeviceOperation,32,1873.0
654336,,ShardedToInterleavedDeviceOperation,32,1873.0
761856,,ShardedToInterleavedDeviceOperation,32,1873.0
1040384,,ShardedToInterleavedDeviceOperation,32,1873.0
1159168,,ShardedToInterleavedDeviceOperation,32,1873.0
1496064,1,SliceDeviceOperation,64,1872.0
1733632,1,SliceDeviceOperation,64,1871.0
1290240,1,TypecastDeviceOperation,4,1870.0
910336,,ShardedToInterleavedDeviceOperation,32,1867.0
476160,,ShardedToInterleavedDeviceOperation,32,1866.0
357376,,ShardedToInterleavedDeviceOperation,32,1857.0
1118208,,ShardedToInterleavedDeviceOperation,32,1855.0
2287616,,UntilizeWithUnpaddingDeviceOperation,1,1855.0
288768,,UnaryDeviceOperation,64,1854.0
821248,,ShardedToInterleavedDeviceOperation,32,1854.0
1596416,1,InterleavedToShardedDeviceOperation,8,1852.0
2278400,,UntilizeWithUnpaddingDeviceOperation,1,1844.0
494592,,ShardedToInterleavedDeviceOperation,32,1843.0
2149376,1,SliceDeviceOperation,64,1843.0
951296,,ShardedToInterleavedDeviceOperation,32,1842.0
464896,,ShardedToInterleavedDeviceOperation,32,1839.0
2270208,,UntilizeWithUnpaddingDeviceOperation,1,1838.0
553984,,ShardedToInterleavedDeviceOperation,32,1837.0
1495040,1,ShardedToInterleavedDeviceOperation,32,1836.0
2265088,,UntilizeWithUnpaddingDeviceOperation,1,1834.0
643072,,ShardedToInterleavedDeviceOperation,32,1831.0
1296384,1,ShardedToInterleavedDeviceOperation,32,1827.0
1291264,1,UnaryDeviceOperation,64,1826.0
773120,,ShardedToInterleavedDeviceOperation,32,1825.0
980992,,ShardedToInterleavedDeviceOperation,32,1823.0
1822720,1,SliceDeviceOperation,64,1822.0
2275328,,UntilizeWithUnpaddingDeviceOperation,1,1814.0
1218560,,ShardedToInterleavedDeviceOperation,32,1802.0
535552,,ShardedToInterleavedDeviceOperation,32,1801.0
1892352,1,ShardedToInterleavedDeviceOperation,32,1801.0
1147904,,ShardedToInterleavedDeviceOperation,32,1800.0
2294784,,UntilizeWithUnpaddingDeviceOperation,1,1799.0
999424,,ShardedToInterleavedDeviceOperation,32,1798.0
1177600,,ShardedToInterleavedDeviceOperation,32,1796.0
1418240,1,InterleavedToShardedDeviceOperation,8,1794.0
921600,,ShardedToInterleavedDeviceOperation,32,1785.0
672768,,ShardedToInterleavedDeviceOperation,32,1782.0
1058816,,ShardedToInterleavedDeviceOperation,32,1780.0
405504,,ShardedToInterleavedDeviceOperation,32,1779.0
1613824,1,ShardedToInterleavedDeviceOperation,32,1775.0
1281024,1,RepeatDeviceOperation,64,1775.0
1507328,1,InterleavedToShardedDeviceOperation,8,1773.0
1764352,1,InterleavedToShardedDeviceOperation,32,1773.0
624640,,ShardedToInterleavedDeviceOperation,32,1769.0
2000896,1,SliceDeviceOperation,64,1760.0
2267136,,UntilizeWithUnpaddingDeviceOperation,1,1759.0
2291712,,UntilizeWithUnpaddingDeviceOperation,1,1758.0
1248256,,ShardedToInterleavedDeviceOperation,32,1753.0
1774592,1,InterleavedToShardedDeviceOperation,8,1753.0
1951744,1,ShardedToInterleavedDeviceOperation,32,1753.0
446464,,ShardedToInterleavedDeviceOperation,32,1745.0
1554432,1,ShardedToInterleavedDeviceOperation,32,1738.0
2276352,,UntilizeWithUnpaddingDeviceOperation,1,1736.0
922624,,InterleavedToShardedDeviceOperation,8,1730.0
556032,,InterleavedToShardedDeviceOperation,32,1727.0
1236992,,ShardedToInterleavedDeviceOperation,32,1724.0
2041856,1,InterleavedToShardedDeviceOperation,8,1722.0
2272256,,UntilizeWithUnpaddingDeviceOperation,1,1721.0
524288,,ShardedToInterleavedDeviceOperation,32,1716.0
2277376,,UntilizeWithUnpaddingDeviceOperation,1,1715.0
891904,,ShardedToInterleavedDeviceOperation,32,1713.0
1010688,,ShardedToInterleavedDeviceOperation,32,1713.0
1011712,,InterleavedToShardedDeviceOperation,8,1712.0
290816,,UnaryDeviceOperation,64,1708.0
684032,,ShardedToInterleavedDeviceOperation,32,1706.0
435200,,ShardedToInterleavedDeviceOperation,32,1704.0
2285568,,UntilizeWithUnpaddingDeviceOperation,1,1704.0
1029120,,ShardedToInterleavedDeviceOperation,32,1702.0
2279424,,UntilizeWithUnpaddingDeviceOperation,1,1698.0
2293760,,UntilizeWithUnpaddingDeviceOperation,1,1698.0
2289664,,UntilizeWithUnpaddingDeviceOperation,1,1693.0
2290688,,UntilizeWithUnpaddingDeviceOperation,1,1693.0
280576,,RepeatDeviceOperation,64,1689.0
2273280,,UntilizeWithUnpaddingDeviceOperation,1,1686.0
2271232,,UntilizeWithUnpaddingDeviceOperation,1,1685.0
2266112,,UntilizeWithUnpaddingDeviceOperation,1,1683.0
2178048,1,ShardedToInterleavedDeviceOperation,32,1681.0
1743872,1,ShardedToInterleavedDeviceOperation,32,1680.0
2295808,,UntilizeWithUnpaddingDeviceOperation,1,1680.0
2274304,,UntilizeWithUnpaddingDeviceOperation,1,1679.0
2282496,,UntilizeWithUnpaddingDeviceOperation,1,1679.0
2292736,,UntilizeWithUnpaddingDeviceOperation,1,1677.0
952320,,InterleavedToShardedDeviceOperation,8,1674.0
1732608,1,ShardedToInterleavedDeviceOperation,32,1673.0
2269184,,UntilizeWithUnpaddingDeviceOperation,1,1673.0
1685504,1,InterleavedToShardedDeviceOperation,8,1669.0
2288640,,UntilizeWithUnpaddingDeviceOperation,1,1668.0
1071104,,InterleavedToShardedDeviceOperation,8,1667.0
2268160,,UntilizeWithUnpaddingDeviceOperation,1,1666.0
595968,,InterleavedToShardedDeviceOperation,8,1665.0
2219008,1,ShardedToInterleavedDeviceOperation,32,1665.0
447488,,InterleavedToShardedDeviceOperation,8,1662.0
466944,,InterleavedToShardedDeviceOperation,32,1661.0
1851392,1,ShardedToInterleavedDeviceOperation,32,1661.0
1239040,,InterleavedToShardedDeviceOperation,32,1660.0
2283520,,UntilizeWithUnpaddingDeviceOperation,1,1660.0
1999872,1,ShardedToInterleavedDeviceOperation,32,1657.0
2280448,,UntilizeWithUnpaddingDeviceOperation,1,1657.0
774144,,InterleavedToShardedDeviceOperation,8,1654.0
566272,,InterleavedToShardedDeviceOperation,8,1651.0
685056,,InterleavedToShardedDeviceOperation,8,1651.0
2281472,,UntilizeWithUnpaddingDeviceOperation,1,1651.0
1283072,1,TypecastDeviceOperation,1,1648.0
1316864,1,ShardedToInterleavedDeviceOperation,32,1646.0
2286592,,UntilizeWithUnpaddingDeviceOperation,1,1645.0
2297856,,UntilizeWithUnpaddingDeviceOperation,1,1644.0
791552,,ShardedToInterleavedDeviceOperation,32,1642.0
2284544,,UntilizeWithUnpaddingDeviceOperation,1,1642.0
358400,,InterleavedToShardedDeviceOperation,8,1641.0
2296832,,UntilizeWithUnpaddingDeviceOperation,1,1640.0
417792,,InterleavedToShardedDeviceOperation,8,1634.0
506880,,InterleavedToShardedDeviceOperation,8,1634.0
477184,,InterleavedToShardedDeviceOperation,8,1632.0
526336,,InterleavedToShardedDeviceOperation,32,1632.0
1219584,,InterleavedToShardedDeviceOperation,8,1632.0
1249280,,InterleavedToShardedDeviceOperation,8,1632.0
1130496,,InterleavedToShardedDeviceOperation,8,1630.0
863232,,InterleavedToShardedDeviceOperation,8,1629.0
892928,,InterleavedToShardedDeviceOperation,8,1628.0
1881088,1,ShardedToInterleavedDeviceOperation,32,1627.0
2130944,1,InterleavedToShardedDeviceOperation,8,1626.0
1673216,1,ShardedToInterleavedDeviceOperation,32,1623.0
388096,,InterleavedToShardedDeviceOperation,8,1621.0
655360,,InterleavedToShardedDeviceOperation,8,1621.0
714752,,InterleavedToShardedDeviceOperation,8,1621.0
1160192,,InterleavedToShardedDeviceOperation,8,1621.0
763904,,InterleavedToShardedDeviceOperation,32,1620.0
536576,,InterleavedToShardedDeviceOperation,8,1618.0
1100800,,InterleavedToShardedDeviceOperation,8,1617.0
803840,,InterleavedToShardedDeviceOperation,8,1609.0
833536,,InterleavedToShardedDeviceOperation,8,1609.0
744448,,InterleavedToShardedDeviceOperation,8,1608.0
1524736,1,ShardedToInterleavedDeviceOperation,32,1608.0
1792000,1,ShardedToInterleavedDeviceOperation,32,1608.0
1702912,1,ShardedToInterleavedDeviceOperation,32,1605.0
2118656,1,ShardedToInterleavedDeviceOperation,32,1605.0
286720,,ConcatDeviceOperation,4,1601.0
1041408,,InterleavedToShardedDeviceOperation,8,1599.0
1189888,,InterleavedToShardedDeviceOperation,8,1599.0
982016,,InterleavedToShardedDeviceOperation,8,1597.0
1329152,1,InterleavedToShardedDeviceOperation,8,1597.0
2059264,1,ShardedToInterleavedDeviceOperation,32,1594.0
1405952,1,ShardedToInterleavedDeviceOperation,32,1591.0
328704,,InterleavedToShardedDeviceOperation,8,1588.0
625664,,InterleavedToShardedDeviceOperation,8,1588.0
2249728,1,InterleavedToShardedDeviceOperation,8,1576.0
823296,,InterleavedToShardedDeviceOperation,32,1575.0
1970176,1,ShardedToInterleavedDeviceOperation,32,1575.0
377856,,InterleavedToShardedDeviceOperation,32,1574.0
2148352,1,ShardedToInterleavedDeviceOperation,32,1572.0
1287168,1,ConcatDeviceOperation,4,1570.0
1643520,1,ShardedToInterleavedDeviceOperation,32,1564.0
1821696,1,ShardedToInterleavedDeviceOperation,32,1561.0
1270784,1,TypecastDeviceOperation,32,1554.0
1625088,1,ShardedToInterleavedDeviceOperation,32,1553.0
1626112,1,InterleavedToShardedDeviceOperation,8,1552.0
297984,,InterleavedToShardedDeviceOperation,32,1551.0
1358848,1,InterleavedToShardedDeviceOperation,8,1542.0
1982464,1,InterleavedToShardedDeviceOperation,8,1542.0
1910784,1,ShardedToInterleavedDeviceOperation,32,1541.0
2029568,1,ShardedToInterleavedDeviceOperation,32,1536.0
1465344,1,ShardedToInterleavedDeviceOperation,32,1535.0
1833984,1,InterleavedToShardedDeviceOperation,8,1535.0
2011136,1,ShardedToInterleavedDeviceOperation,32,1535.0
2159616,1,ShardedToInterleavedDeviceOperation,32,1533.0
348160,,InterleavedToShardedDeviceOperation,32,1532.0
585728,,InterleavedToShardedDeviceOperation,32,1532.0
645120,,InterleavedToShardedDeviceOperation,32,1532.0
1060864,,InterleavedToShardedDeviceOperation,32,1532.0
1435648,1,ShardedToInterleavedDeviceOperation,32,1532.0
1447936,1,InterleavedToShardedDeviceOperation,8,1532.0
1684480,1,ShardedToInterleavedDeviceOperation,32,1531.0
1893376,1,InterleavedToShardedDeviceOperation,8,1531.0
734208,,InterleavedToShardedDeviceOperation,32,1530.0
1120256,,InterleavedToShardedDeviceOperation,32,1530.0
1595392,1,ShardedToInterleavedDeviceOperation,32,1529.0
615424,,InterleavedToShardedDeviceOperation,32,1524.0
1715200,1,InterleavedToShardedDeviceOperation,8,1523.0
1477632,1,InterleavedToShardedDeviceOperation,8,1522.0
1655808,1,InterleavedToShardedDeviceOperation,8,1522.0
307200,,InterleavedToShardedDeviceOperation,32,1521.0
2101248,1,InterleavedToShardedDeviceOperation,8,1521.0
2012160,1,InterleavedToShardedDeviceOperation,8,1519.0
2190336,1,InterleavedToShardedDeviceOperation,8,1514.0
2070528,1,ShardedToInterleavedDeviceOperation,32,1513.0
1388544,1,InterleavedToShardedDeviceOperation,8,1512.0
674816,,InterleavedToShardedDeviceOperation,32,1511.0
407552,,InterleavedToShardedDeviceOperation,32,1510.0
1744896,1,InterleavedToShardedDeviceOperation,8,1510.0
1537024,1,InterleavedToShardedDeviceOperation,8,1509.0
2071552,1,InterleavedToShardedDeviceOperation,8,1509.0
2160640,1,InterleavedToShardedDeviceOperation,8,1509.0
1923072,1,InterleavedToShardedDeviceOperation,8,1508.0
1762304,1,ShardedToInterleavedDeviceOperation,32,1507.0
882688,,InterleavedToShardedDeviceOperation,32,1502.0
1804288,1,InterleavedToShardedDeviceOperation,8,1501.0
942080,,InterleavedToShardedDeviceOperation,32,1497.0
1566720,1,InterleavedToShardedDeviceOperation,8,1496.0
1179648,,InterleavedToShardedDeviceOperation,32,1490.0
1714176,1,ShardedToInterleavedDeviceOperation,32,1489.0
496640,,InterleavedToShardedDeviceOperation,32,1486.0
912384,,InterleavedToShardedDeviceOperation,32,1483.0
1832960,1,ShardedToInterleavedDeviceOperation,32,1481.0
1940480,1,ShardedToInterleavedDeviceOperation,32,1477.0
437248,,InterleavedToShardedDeviceOperation,32,1476.0
282624,,TypecastDeviceOperation,1,1474.0
852992,,InterleavedToShardedDeviceOperation,32,1474.0
1803264,1,ShardedToInterleavedDeviceOperation,32,1473.0
1862656,1,ShardedToInterleavedDeviceOperation,32,1473.0
1922048,1,ShardedToInterleavedDeviceOperation,32,1473.0
1346560,1,ShardedToInterleavedDeviceOperation,32,1471.0
1446912,1,ShardedToInterleavedDeviceOperation,32,1449.0
793600,,InterleavedToShardedDeviceOperation,32,1441.0
704512,,InterleavedToShardedDeviceOperation,32,1433.0
1090560,,InterleavedToShardedDeviceOperation,32,1432.0
1149952,,InterleavedToShardedDeviceOperation,32,1431.0
2248704,1,ShardedToInterleavedDeviceOperation,32,1424.0
1307648,1,InterleavedToShardedDeviceOperation,32,1423.0
1001472,,InterleavedToShardedDeviceOperation,32,1422.0
270336,,TypecastDeviceOperation,32,1421.0
1584128,1,ShardedToInterleavedDeviceOperation,32,1407.0
2129920,1,ShardedToInterleavedDeviceOperation,32,1401.0
971776,,InterleavedToShardedDeviceOperation,32,1399.0
1209344,,InterleavedToShardedDeviceOperation,32,1397.0
1031168,,InterleavedToShardedDeviceOperation,32,1396.0
2040832,1,ShardedToInterleavedDeviceOperation,32,1385.0
2088960,1,ShardedToInterleavedDeviceOperation,32,1385.0
1387520,1,ShardedToInterleavedDeviceOperation,32,1377.0
1357824,1,ShardedToInterleavedDeviceOperation,32,1373.0
1298432,1,InterleavedToShardedDeviceOperation,32,1366.0
2237440,1,ShardedToInterleavedDeviceOperation,32,1362.0
1274880,1,InterleavedToShardedDeviceOperation,64,1354.0
1565696,1,ShardedToInterleavedDeviceOperation,32,1345.0
1536000,1,ShardedToInterleavedDeviceOperation,32,1338.0
1654784,1,ShardedToInterleavedDeviceOperation,32,1338.0
1506304,1,ShardedToInterleavedDeviceOperation,32,1337.0
2100224,1,ShardedToInterleavedDeviceOperation,32,1335.0
1773568,1,ShardedToInterleavedDeviceOperation,32,1327.0
1376256,1,ShardedToInterleavedDeviceOperation,32,1321.0
2189312,1,ShardedToInterleavedDeviceOperation,32,1320.0
1476608,1,ShardedToInterleavedDeviceOperation,32,1319.0
1417216,1,ShardedToInterleavedDeviceOperation,32,1289.0
274432,,InterleavedToShardedDeviceOperation,64,1287.0
1328128,1,ShardedToInterleavedDeviceOperation,32,1282.0
1942528,1,InterleavedToShardedDeviceOperation,32,1277.0
2239488,1,InterleavedToShardedDeviceOperation,32,1220.0
2207744,1,ShardedToInterleavedDeviceOperation,32,1219.0
2120704,1,InterleavedToShardedDeviceOperation,32,1203.0
1883136,1,InterleavedToShardedDeviceOperation,32,1180.0
2209792,1,InterleavedToShardedDeviceOperation,32,1171.0
1497088,1,InterleavedToShardedDeviceOperation,32,1170.0
1981440,1,ShardedToInterleavedDeviceOperation,32,1167.0
1704960,1,InterleavedToShardedDeviceOperation,32,1136.0
1437696,1,InterleavedToShardedDeviceOperation,32,1101.0
1556480,1,InterleavedToShardedDeviceOperation,32,1099.0
1526784,1,InterleavedToShardedDeviceOperation,32,1095.0
1408000,1,InterleavedToShardedDeviceOperation,32,1091.0
1794048,1,InterleavedToShardedDeviceOperation,32,1079.0
1615872,1,InterleavedToShardedDeviceOperation,32,1069.0
1378304,1,InterleavedToShardedDeviceOperation,32,1060.0
1823744,1,InterleavedToShardedDeviceOperation,32,1054.0
1348608,1,InterleavedToShardedDeviceOperation,32,1046.0
2001920,1,InterleavedToShardedDeviceOperation,32,1045.0
1912832,1,InterleavedToShardedDeviceOperation,32,1039.0
1972224,1,InterleavedToShardedDeviceOperation,32,1037.0
1734656,1,InterleavedToShardedDeviceOperation,32,1036.0
1467392,1,InterleavedToShardedDeviceOperation,32,1025.0
2031616,1,InterleavedToShardedDeviceOperation,32,1014.0
2180096,1,InterleavedToShardedDeviceOperation,32,1001.0
2061312,1,InterleavedToShardedDeviceOperation,32,1000.0
1645568,1,InterleavedToShardedDeviceOperation,32,982.0
2150400,1,InterleavedToShardedDeviceOperation,32,968.0
2091008,1,InterleavedToShardedDeviceOperation,32,908.0
1272832,1,CopyDeviceOperation,1,881.0
272384,,CopyDeviceOperation,1,878.0
1269760,1,ShardedToInterleavedDeviceOperation,1,862.0
269312,,ShardedToInterleavedDeviceOperation,1,743.0
266240,,ShardedToInterleavedDeviceOperation,1,736.0
1266688,1,ShardedToInterleavedDeviceOperation,1,735.0
287744,,InterleavedToShardedDeviceOperation,4,695.0
1288192,1,InterleavedToShardedDeviceOperation,4,694.0
285696,,ShardedToInterleavedDeviceOperation,2,687.0
1843200,1,BinaryNgDeviceOperation,64,626.0
1932288,1,BinaryNgDeviceOperation,64,623.0
1836032,1,BinaryNgDeviceOperation,64,621.0
1479680,1,BinaryNgDeviceOperation,64,620.0
2110464,1,BinaryNgDeviceOperation,64,620.0
1575936,1,BinaryNgDeviceOperation,64,619.0
1754112,1,BinaryNgDeviceOperation,64,618.0
1397760,1,BinaryNgDeviceOperation,64,615.0
1427456,1,BinaryNgDeviceOperation,64,614.0
2043904,1,BinaryNgDeviceOperation,64,614.0
2132992,1,BinaryNgDeviceOperation,64,613.0
2229248,1,BinaryNgDeviceOperation,64,613.0
1338368,1,BinaryNgDeviceOperation,64,612.0
2021376,1,BinaryNgDeviceOperation,64,610.0
1486848,1,BinaryNgDeviceOperation,64,607.0
1516544,1,BinaryNgDeviceOperation,64,607.0
1628160,1,BinaryNgDeviceOperation,64,607.0
1961984,1,BinaryNgDeviceOperation,64,607.0
1546240,1,BinaryNgDeviceOperation,64,606.0
2051072,1,BinaryNgDeviceOperation,64,605.0
1872896,1,BinaryNgDeviceOperation,64,604.0
1991680,1,BinaryNgDeviceOperation,64,604.0
2140160,1,BinaryNgDeviceOperation,64,604.0
2199552,1,BinaryNgDeviceOperation,64,604.0
2258944,1,BinaryNgDeviceOperation,64,604.0
1598464,1,BinaryNgDeviceOperation,64,603.0
1605632,1,BinaryNgDeviceOperation,64,603.0
1694720,1,BinaryNgDeviceOperation,64,603.0
1813504,1,BinaryNgDeviceOperation,64,603.0
2192384,1,BinaryNgDeviceOperation,64,603.0
2222080,1,BinaryNgDeviceOperation,64,603.0
1665024,1,BinaryNgDeviceOperation,64,602.0
2103296,1,BinaryNgDeviceOperation,64,602.0
1724416,1,BinaryNgDeviceOperation,64,601.0
2080768,1,BinaryNgDeviceOperation,64,601.0
1368064,1,BinaryNgDeviceOperation,64,600.0
1865728,1,BinaryNgDeviceOperation,64,600.0
2169856,1,BinaryNgDeviceOperation,64,600.0
1539072,1,BinaryNgDeviceOperation,64,599.0
1954816,1,BinaryNgDeviceOperation,64,599.0
1806336,1,BinaryNgDeviceOperation,64,598.0
1895424,1,BinaryNgDeviceOperation,64,598.0
1902592,1,BinaryNgDeviceOperation,64,598.0
1925120,1,BinaryNgDeviceOperation,64,598.0
1457152,1,BinaryNgDeviceOperation,64,597.0
1568768,1,BinaryNgDeviceOperation,64,597.0
1635328,1,BinaryNgDeviceOperation,64,597.0
2162688,1,BinaryNgDeviceOperation,64,597.0
1657856,1,BinaryNgDeviceOperation,64,596.0
1746944,1,BinaryNgDeviceOperation,64,596.0
1783808,1,BinaryNgDeviceOperation,64,595.0
1360896,1,BinaryNgDeviceOperation,64,594.0
1286144,1,ShardedToInterleavedDeviceOperation,2,593.0
1717248,1,BinaryNgDeviceOperation,64,593.0
1984512,1,BinaryNgDeviceOperation,64,592.0
1420288,1,BinaryNgDeviceOperation,64,590.0
1687552,1,BinaryNgDeviceOperation,64,587.0
1390592,1,BinaryNgDeviceOperation,64,585.0
2073600,1,BinaryNgDeviceOperation,64,585.0
1776640,1,BinaryNgDeviceOperation,64,584.0
1509376,1,BinaryNgDeviceOperation,64,583.0
292864,,ShardedToInterleavedDeviceOperation,4,582.0
2014208,1,BinaryNgDeviceOperation,64,581.0
302080,,ShardedToInterleavedDeviceOperation,4,577.0
1449984,1,BinaryNgDeviceOperation,64,574.0
2251776,1,BinaryNgDeviceOperation,64,569.0
293888,,ShardedToInterleavedDeviceOperation,4,543.0
1294336,1,ShardedToInterleavedDeviceOperation,4,540.0
1302528,1,ShardedToInterleavedDeviceOperation,4,525.0
1293312,1,ShardedToInterleavedDeviceOperation,4,518.0
1191936,,BinaryNgDeviceOperation,64,517.0
1080320,,BinaryNgDeviceOperation,64,511.0
776192,,BinaryNgDeviceOperation,64,510.0
1162240,,BinaryNgDeviceOperation,64,509.0
627712,,BinaryNgDeviceOperation,64,505.0
664576,,BinaryNgDeviceOperation,64,505.0
538624,,BinaryNgDeviceOperation,64,504.0
390144,,BinaryNgDeviceOperation,64,502.0
397312,,BinaryNgDeviceOperation,64,502.0
419840,,BinaryNgDeviceOperation,64,501.0
545792,,BinaryNgDeviceOperation,64,500.0
716800,,BinaryNgDeviceOperation,64,500.0
1110016,,BinaryNgDeviceOperation,64,500.0
1228800,,BinaryNgDeviceOperation,64,499.0
1020928,,BinaryNgDeviceOperation,64,495.0
449536,,BinaryNgDeviceOperation,64,492.0
723968,,BinaryNgDeviceOperation,64,492.0
753664,,BinaryNgDeviceOperation,64,492.0
835584,,BinaryNgDeviceOperation,64,492.0
902144,,BinaryNgDeviceOperation,64,492.0
337920,,BinaryNgDeviceOperation,64,491.0
1043456,,BinaryNgDeviceOperation,64,487.0
575488,,BinaryNgDeviceOperation,64,486.0
894976,,BinaryNgDeviceOperation,64,486.0
746496,,BinaryNgDeviceOperation,64,485.0
1169408,,BinaryNgDeviceOperation,64,485.0
479232,,BinaryNgDeviceOperation,64,484.0
516096,,BinaryNgDeviceOperation,64,484.0
694272,,BinaryNgDeviceOperation,64,484.0
954368,,BinaryNgDeviceOperation,64,484.0
360448,,BinaryNgDeviceOperation,64,482.0
605184,,BinaryNgDeviceOperation,64,482.0
931840,,BinaryNgDeviceOperation,64,482.0
1050624,,BinaryNgDeviceOperation,64,482.0
486400,,BinaryNgDeviceOperation,64,481.0
598016,,BinaryNgDeviceOperation,64,481.0
813056,,BinaryNgDeviceOperation,64,481.0
991232,,BinaryNgDeviceOperation,64,481.0
508928,,BinaryNgDeviceOperation,64,480.0
1102848,,BinaryNgDeviceOperation,64,479.0
367616,,BinaryNgDeviceOperation,64,478.0
427008,,BinaryNgDeviceOperation,64,478.0
783360,,BinaryNgDeviceOperation,64,478.0
984064,,BinaryNgDeviceOperation,64,478.0
865280,,BinaryNgDeviceOperation,64,477.0
961536,,BinaryNgDeviceOperation,64,476.0
1258496,,BinaryNgDeviceOperation,64,476.0
456704,,BinaryNgDeviceOperation,64,475.0
924672,,BinaryNgDeviceOperation,64,475.0
1073152,,BinaryNgDeviceOperation,64,475.0
1199104,,BinaryNgDeviceOperation,64,475.0
568320,,BinaryNgDeviceOperation,64,473.0
634880,,BinaryNgDeviceOperation,64,472.0
1013760,,BinaryNgDeviceOperation,64,471.0
1132544,,BinaryNgDeviceOperation,64,471.0
1251328,,BinaryNgDeviceOperation,64,471.0
805888,,BinaryNgDeviceOperation,64,470.0
842752,,BinaryNgDeviceOperation,64,470.0
872448,,BinaryNgDeviceOperation,64,470.0
1139712,,BinaryNgDeviceOperation,64,469.0
687104,,BinaryNgDeviceOperation,64,468.0
657408,,BinaryNgDeviceOperation,64,464.0
1221632,,BinaryNgDeviceOperation,64,464.0
