op_id,replay,op_name,cores,duration_ns
1484800,,ArgMaxDeviceOperation,64,2751674.0
2595840,1,ArgMaxDeviceOperation,60,2749637.0
2592768,1,MatmulDeviceOperation,60,903212.0
1481728,,MatmulDeviceOperation,64,898699.0
1483776,,UntilizeDeviceOperation,63,134621.0
2594816,1,UntilizeDeviceOperation,59,131751.0
124928,,TilizeDeviceOperation,64,100331.0
83968,,TilizeDeviceOperation,64,100007.0
177152,,TilizeDeviceOperation,64,99350.0
2048,,TilizeDeviceOperation,64,99252.0
149504,,TilizeDeviceOperation,64,99222.0
116736,,TilizeDeviceOperation,64,99176.0
190464,,TilizeDeviceOperation,64,98998.0
5120,,TilizeDeviceOperation,64,98938.0
87040,,TilizeDeviceOperation,64,98790.0
59392,,TilizeDeviceOperation,64,98119.0
34816,,TilizeDeviceOperation,64,98039.0
223232,,TilizeDeviceOperation,64,97959.0
75776,,TilizeDeviceOperation,64,97949.0
43008,,TilizeDeviceOperation,64,97926.0
21504,,TilizeDeviceOperation,64,97881.0
193536,,TilizeDeviceOperation,64,97873.0
209920,,TilizeDeviceOperation,64,97743.0
160768,,TilizeDeviceOperation,64,97685.0
29696,,TilizeDeviceOperation,64,97598.0
226304,,TilizeDeviceOperation,64,97283.0
111616,,TilizeDeviceOperation,64,97202.0
62464,,TilizeDeviceOperation,64,96781.0
206848,,TilizeDeviceOperation,64,96781.0
144384,,TilizeDeviceOperation,64,96732.0
95232,,TilizeDeviceOperation,64,96724.0
70656,,TilizeDeviceOperation,64,96691.0
136192,,TilizeDeviceOperation,64,96684.0
215040,,TilizeDeviceOperation,64,96648.0
152576,,TilizeDeviceOperation,64,96613.0
141312,,TilizeDeviceOperation,64,96597.0
218112,,TilizeDeviceOperation,64,96591.0
78848,,TilizeDeviceOperation,64,96584.0
182272,,TilizeDeviceOperation,64,96473.0
92160,,TilizeDeviceOperation,64,96411.0
37888,,TilizeDeviceOperation,64,96349.0
103424,,TilizeDeviceOperation,64,96266.0
51200,,TilizeDeviceOperation,64,96211.0
46080,,TilizeDeviceOperation,64,96185.0
201728,,TilizeDeviceOperation,64,96131.0
119808,,TilizeDeviceOperation,64,96118.0
100352,,TilizeDeviceOperation,64,96056.0
67584,,TilizeDeviceOperation,64,95965.0
18432,,TilizeDeviceOperation,64,95831.0
157696,,TilizeDeviceOperation,64,95727.0
26624,,TilizeDeviceOperation,64,95720.0
10240,,TilizeDeviceOperation,64,95687.0
165888,,TilizeDeviceOperation,64,95659.0
185344,,TilizeDeviceOperation,64,95612.0
13312,,TilizeDeviceOperation,64,95443.0
133120,,TilizeDeviceOperation,64,95428.0
168960,,TilizeDeviceOperation,64,95423.0
128000,,TilizeDeviceOperation,64,95377.0
54272,,TilizeDeviceOperation,64,95317.0
198656,,TilizeDeviceOperation,64,95144.0
174080,,TilizeDeviceOperation,64,95109.0
108544,,TilizeDeviceOperation,64,94818.0
220160,,TilizeWithValPaddingDeviceOperation,1,88261.0
72704,,TilizeWithValPaddingDeviceOperation,1,88083.0
171008,,TilizeWithValPaddingDeviceOperation,1,88078.0
105472,,TilizeWithValPaddingDeviceOperation,1,88051.0
221184,,TilizeWithValPaddingDeviceOperation,1,88050.0
89088,,TilizeWithValPaddingDeviceOperation,1,88040.0
121856,,TilizeWithValPaddingDeviceOperation,1,88039.0
155648,,TilizeWithValPaddingDeviceOperation,1,88035.0
1024,,TilizeWithValPaddingDeviceOperation,1,88033.0
154624,,TilizeWithValPaddingDeviceOperation,1,88032.0
57344,,TilizeWithValPaddingDeviceOperation,1,88021.0
23552,,TilizeWithValPaddingDeviceOperation,1,88020.0
48128,,TilizeWithValPaddingDeviceOperation,1,88020.0
147456,,TilizeWithValPaddingDeviceOperation,1,88019.0
106496,,TilizeWithValPaddingDeviceOperation,1,88009.0
187392,,TilizeWithValPaddingDeviceOperation,1,88005.0
24576,,TilizeWithValPaddingDeviceOperation,1,87999.0
39936,,TilizeWithValPaddingDeviceOperation,1,87994.0
204800,,TilizeWithValPaddingDeviceOperation,1,87994.0
56320,,TilizeWithValPaddingDeviceOperation,1,87988.0
122880,,TilizeWithValPaddingDeviceOperation,1,87975.0
131072,,TilizeWithValPaddingDeviceOperation,1,87973.0
195584,,TilizeWithValPaddingDeviceOperation,1,87972.0
196608,,TilizeWithValPaddingDeviceOperation,1,87972.0
49152,,TilizeWithValPaddingDeviceOperation,1,87970.0
73728,,TilizeWithValPaddingDeviceOperation,1,87969.0
203776,,TilizeWithValPaddingDeviceOperation,1,87969.0
138240,,TilizeWithValPaddingDeviceOperation,1,87967.0
98304,,TilizeWithValPaddingDeviceOperation,1,87963.0
146432,,TilizeWithValPaddingDeviceOperation,1,87963.0
97280,,TilizeWithValPaddingDeviceOperation,1,87956.0
172032,,TilizeWithValPaddingDeviceOperation,1,87941.0
228352,,TilizeWithValPaddingDeviceOperation,1,87923.0
8192,,TilizeWithValPaddingDeviceOperation,1,87919.0
179200,,TilizeWithValPaddingDeviceOperation,1,87918.0
162816,,TilizeWithValPaddingDeviceOperation,1,87915.0
211968,,TilizeWithValPaddingDeviceOperation,1,87914.0
40960,,TilizeWithValPaddingDeviceOperation,1,87913.0
15360,,TilizeWithValPaddingDeviceOperation,1,87908.0
113664,,TilizeWithValPaddingDeviceOperation,1,87907.0
16384,,TilizeWithValPaddingDeviceOperation,1,87891.0
32768,,TilizeWithValPaddingDeviceOperation,1,87887.0
65536,,TilizeWithValPaddingDeviceOperation,1,87887.0
80896,,TilizeWithValPaddingDeviceOperation,1,87887.0
114688,,TilizeWithValPaddingDeviceOperation,1,87883.0
7168,,TilizeWithValPaddingDeviceOperation,1,87879.0
31744,,TilizeWithValPaddingDeviceOperation,1,87876.0
90112,,TilizeWithValPaddingDeviceOperation,1,87870.0
163840,,TilizeWithValPaddingDeviceOperation,1,87866.0
130048,,TilizeWithValPaddingDeviceOperation,1,87863.0
180224,,TilizeWithValPaddingDeviceOperation,1,87863.0
81920,,TilizeWithValPaddingDeviceOperation,1,87855.0
139264,,TilizeWithValPaddingDeviceOperation,1,87855.0
188416,,TilizeWithValPaddingDeviceOperation,1,87848.0
64512,,TilizeWithValPaddingDeviceOperation,1,87845.0
229376,,TilizeWithValPaddingDeviceOperation,1,87834.0
212992,,TilizeWithValPaddingDeviceOperation,1,87822.0
257024,,InterleavedToShardedDeviceOperation,12,77836.0
279552,,InterleavedToShardedDeviceOperation,12,77819.0
242688,,InterleavedToShardedDeviceOperation,12,77763.0
328704,,InterleavedToShardedDeviceOperation,12,77432.0
351232,,InterleavedToShardedDeviceOperation,12,77430.0
232448,,InterleavedToShardedDeviceOperation,12,77395.0
236544,,InterleavedToShardedDeviceOperation,12,77251.0
261120,,InterleavedToShardedDeviceOperation,12,77179.0
288768,,InterleavedToShardedDeviceOperation,12,77072.0
347136,,InterleavedToShardedDeviceOperation,12,76996.0
360448,,InterleavedToShardedDeviceOperation,12,76946.0
317440,,InterleavedToShardedDeviceOperation,12,76911.0
241664,,InterleavedToShardedDeviceOperation,12,76888.0
306176,,InterleavedToShardedDeviceOperation,12,76881.0
251904,,InterleavedToShardedDeviceOperation,12,76789.0
254976,,InterleavedToShardedDeviceOperation,12,76742.0
330752,,InterleavedToShardedDeviceOperation,12,76459.0
281600,,InterleavedToShardedDeviceOperation,12,76389.0
291840,,InterleavedToShardedDeviceOperation,12,76272.0
233472,,InterleavedToShardedDeviceOperation,12,76234.0
327680,,InterleavedToShardedDeviceOperation,12,76212.0
280576,,InterleavedToShardedDeviceOperation,12,76211.0
294912,,InterleavedToShardedDeviceOperation,12,76073.0
299008,,InterleavedToShardedDeviceOperation,12,75991.0
320512,,InterleavedToShardedDeviceOperation,12,75935.0
283648,,InterleavedToShardedDeviceOperation,12,75870.0
331776,,InterleavedToShardedDeviceOperation,12,75869.0
286720,,InterleavedToShardedDeviceOperation,12,75814.0
1814528,1,SdpaDecodeDeviceOperation,64,72470.0
2534400,1,SdpaDecodeDeviceOperation,60,72304.0
2117632,1,SdpaDecodeDeviceOperation,64,71791.0
1625088,1,SdpaDecodeDeviceOperation,64,71727.0
2572288,1,SdpaDecodeDeviceOperation,60,71685.0
1966080,1,SdpaDecodeDeviceOperation,64,71388.0
2193408,1,SdpaDecodeDeviceOperation,64,71320.0
71680,,TypecastDeviceOperation,64,71267.0
2496512,1,SdpaDecodeDeviceOperation,64,71249.0
2458624,1,SdpaDecodeDeviceOperation,64,71199.0
1423360,,SdpaDecodeDeviceOperation,64,71095.0
2155520,1,SdpaDecodeDeviceOperation,64,71091.0
1890304,1,SdpaDecodeDeviceOperation,64,71084.0
150528,,TypecastDeviceOperation,64,71035.0
1852416,1,SdpaDecodeDeviceOperation,64,70855.0
22528,,TypecastDeviceOperation,64,70769.0
6144,,TypecastDeviceOperation,64,70682.0
2041856,1,SdpaDecodeDeviceOperation,64,70678.0
2231296,1,SdpaDecodeDeviceOperation,64,70515.0
125952,,TypecastDeviceOperation,64,70502.0
2003968,1,SdpaDecodeDeviceOperation,64,70416.0
892928,,SdpaDecodeDeviceOperation,64,70395.0
1776640,1,SdpaDecodeDeviceOperation,64,70387.0
202752,,TypecastDeviceOperation,64,70354.0
817152,,SdpaDecodeDeviceOperation,64,70320.0
1233920,,SdpaDecodeDeviceOperation,64,70320.0
551936,,SdpaDecodeDeviceOperation,64,70261.0
1044480,,SdpaDecodeDeviceOperation,64,70244.0
1309696,,SdpaDecodeDeviceOperation,64,70211.0
1662976,1,SdpaDecodeDeviceOperation,64,70202.0
476160,,SdpaDecodeDeviceOperation,64,70162.0
2269184,1,SdpaDecodeDeviceOperation,64,70122.0
2344960,1,SdpaDecodeDeviceOperation,64,70118.0
1928192,1,SdpaDecodeDeviceOperation,64,70076.0
60416,,TypecastDeviceOperation,64,70061.0
434176,,SdpaDecodeDeviceOperation,64,70042.0
968704,,SdpaDecodeDeviceOperation,64,69980.0
137216,,TypecastDeviceOperation,64,69967.0
703488,,SdpaDecodeDeviceOperation,64,69919.0
1482752,,ShardedToInterleavedDeviceOperation,64,69916.0
166912,,TypecastDeviceOperation,64,69853.0
1545216,1,SdpaDecodeDeviceOperation,64,69780.0
191488,,TypecastDeviceOperation,64,69772.0
35840,,TypecastDeviceOperation,64,69769.0
2307072,1,SdpaDecodeDeviceOperation,64,69719.0
665600,,SdpaDecodeDeviceOperation,64,69690.0
112640,,TypecastDeviceOperation,64,69609.0
161792,,TypecastDeviceOperation,64,69589.0
779264,,SdpaDecodeDeviceOperation,64,69549.0
216064,,TypecastDeviceOperation,64,69547.0
153600,,TypecastDeviceOperation,64,69543.0
1738752,1,SdpaDecodeDeviceOperation,64,69541.0
1700864,1,SdpaDecodeDeviceOperation,64,69539.0
19456,,TypecastDeviceOperation,64,69535.0
1385472,,SdpaDecodeDeviceOperation,64,69446.0
227328,,TypecastDeviceOperation,64,69407.0
1082368,,SdpaDecodeDeviceOperation,64,69384.0
129024,,TypecastDeviceOperation,64,69365.0
84992,,TypecastDeviceOperation,64,69336.0
2079744,1,SdpaDecodeDeviceOperation,64,69320.0
1271808,,SdpaDecodeDeviceOperation,64,69309.0
178176,,TypecastDeviceOperation,64,69283.0
627712,,SdpaDecodeDeviceOperation,64,69279.0
88064,,TypecastDeviceOperation,64,69244.0
2420736,1,SdpaDecodeDeviceOperation,64,69213.0
158720,,TypecastDeviceOperation,64,69059.0
741376,,SdpaDecodeDeviceOperation,64,69057.0
186368,,TypecastDeviceOperation,64,69033.0
101376,,TypecastDeviceOperation,64,69032.0
76800,,TypecastDeviceOperation,64,69024.0
2382848,1,SdpaDecodeDeviceOperation,64,68954.0
2593792,1,ShardedToInterleavedDeviceOperation,60,68947.0
1196032,,SdpaDecodeDeviceOperation,64,68915.0
175104,,TypecastDeviceOperation,64,68819.0
142336,,TypecastDeviceOperation,64,68791.0
47104,,TypecastDeviceOperation,64,68783.0
1347584,,SdpaDecodeDeviceOperation,64,68752.0
44032,,TypecastDeviceOperation,64,68706.0
219136,,TypecastDeviceOperation,64,68705.0
1120256,,SdpaDecodeDeviceOperation,64,68697.0
1158144,,SdpaDecodeDeviceOperation,64,68693.0
30720,,TypecastDeviceOperation,64,68677.0
589824,,SdpaDecodeDeviceOperation,64,68657.0
11264,,TypecastDeviceOperation,64,68650.0
68608,,TypecastDeviceOperation,64,68585.0
210944,,TypecastDeviceOperation,64,68576.0
1461248,,SdpaDecodeDeviceOperation,64,68564.0
63488,,TypecastDeviceOperation,64,68539.0
79872,,TypecastDeviceOperation,64,68494.0
514048,,SdpaDecodeDeviceOperation,64,68452.0
96256,,TypecastDeviceOperation,64,68423.0
93184,,TypecastDeviceOperation,64,68374.0
224256,,TypecastDeviceOperation,64,68317.0
52224,,TypecastDeviceOperation,64,68303.0
104448,,TypecastDeviceOperation,64,68281.0
199680,,TypecastDeviceOperation,64,68238.0
1006592,,SdpaDecodeDeviceOperation,64,68178.0
207872,,TypecastDeviceOperation,64,68149.0
855040,,SdpaDecodeDeviceOperation,64,68140.0
1587200,1,SdpaDecodeDeviceOperation,64,68128.0
930816,,SdpaDecodeDeviceOperation,64,68124.0
120832,,TypecastDeviceOperation,64,68087.0
109568,,TypecastDeviceOperation,64,68079.0
194560,,TypecastDeviceOperation,64,68041.0
55296,,TypecastDeviceOperation,64,67987.0
117760,,TypecastDeviceOperation,64,67969.0
134144,,TypecastDeviceOperation,64,67951.0
183296,,TypecastDeviceOperation,64,67923.0
27648,,TypecastDeviceOperation,64,67907.0
14336,,TypecastDeviceOperation,64,67821.0
145408,,TypecastDeviceOperation,64,67749.0
3072,,TypecastDeviceOperation,64,67735.0
169984,,TypecastDeviceOperation,64,67732.0
38912,,TypecastDeviceOperation,64,67524.0
278528,,InterleavedToShardedDeviceOperation,11,64624.0
302080,,InterleavedToShardedDeviceOperation,11,64038.0
334848,,InterleavedToShardedDeviceOperation,11,63858.0
312320,,InterleavedToShardedDeviceOperation,11,63574.0
333824,,InterleavedToShardedDeviceOperation,11,63338.0
252928,,InterleavedToShardedDeviceOperation,11,63216.0
248832,,InterleavedToShardedDeviceOperation,11,63085.0
295936,,InterleavedToShardedDeviceOperation,11,63011.0
316416,,InterleavedToShardedDeviceOperation,11,62961.0
359424,,InterleavedToShardedDeviceOperation,11,62924.0
246784,,InterleavedToShardedDeviceOperation,11,62910.0
239616,,InterleavedToShardedDeviceOperation,11,62819.0
368640,,InterleavedToShardedDeviceOperation,11,62736.0
297984,,InterleavedToShardedDeviceOperation,11,62702.0
307200,,InterleavedToShardedDeviceOperation,11,62665.0
362496,,InterleavedToShardedDeviceOperation,11,62538.0
313344,,InterleavedToShardedDeviceOperation,11,62493.0
258048,,InterleavedToShardedDeviceOperation,11,62492.0
353280,,InterleavedToShardedDeviceOperation,11,62489.0
247808,,InterleavedToShardedDeviceOperation,11,62370.0
344064,,InterleavedToShardedDeviceOperation,11,62343.0
274432,,InterleavedToShardedDeviceOperation,11,62333.0
273408,,InterleavedToShardedDeviceOperation,11,62170.0
357376,,InterleavedToShardedDeviceOperation,11,62112.0
369664,,InterleavedToShardedDeviceOperation,11,62032.0
356352,,InterleavedToShardedDeviceOperation,11,62009.0
293888,,InterleavedToShardedDeviceOperation,11,61990.0
260096,,InterleavedToShardedDeviceOperation,11,61841.0
340992,,InterleavedToShardedDeviceOperation,12,57455.0
314368,,InterleavedToShardedDeviceOperation,12,56884.0
354304,,InterleavedToShardedDeviceOperation,12,56465.0
371712,,InterleavedToShardedDeviceOperation,12,56299.0
276480,,InterleavedToShardedDeviceOperation,12,56151.0
285696,,InterleavedToShardedDeviceOperation,12,56120.0
335872,,InterleavedToShardedDeviceOperation,12,56048.0
268288,,InterleavedToShardedDeviceOperation,12,55942.0
300032,,InterleavedToShardedDeviceOperation,12,55890.0
372736,,InterleavedToShardedDeviceOperation,12,55785.0
290816,,InterleavedToShardedDeviceOperation,12,55736.0
287744,,InterleavedToShardedDeviceOperation,12,55711.0
272384,,InterleavedToShardedDeviceOperation,12,55669.0
322560,,InterleavedToShardedDeviceOperation,12,55641.0
256000,,InterleavedToShardedDeviceOperation,12,55635.0
231424,,InterleavedToShardedDeviceOperation,12,55621.0
366592,,InterleavedToShardedDeviceOperation,12,55591.0
262144,,InterleavedToShardedDeviceOperation,12,55587.0
329728,,InterleavedToShardedDeviceOperation,12,55555.0
367616,,InterleavedToShardedDeviceOperation,12,55543.0
244736,,InterleavedToShardedDeviceOperation,12,55486.0
345088,,InterleavedToShardedDeviceOperation,12,55464.0
275456,,InterleavedToShardedDeviceOperation,12,55453.0
238592,,InterleavedToShardedDeviceOperation,12,55425.0
282624,,InterleavedToShardedDeviceOperation,12,55423.0
350208,,InterleavedToShardedDeviceOperation,12,55360.0
373760,,InterleavedToShardedDeviceOperation,12,55269.0
336896,,InterleavedToShardedDeviceOperation,12,55211.0
249856,,InterleavedToShardedDeviceOperation,12,55173.0
365568,,InterleavedToShardedDeviceOperation,12,55156.0
289792,,InterleavedToShardedDeviceOperation,12,55155.0
304128,,InterleavedToShardedDeviceOperation,12,55035.0
319488,,InterleavedToShardedDeviceOperation,12,55030.0
284672,,InterleavedToShardedDeviceOperation,12,55024.0
342016,,InterleavedToShardedDeviceOperation,12,54989.0
349184,,InterleavedToShardedDeviceOperation,12,54976.0
305152,,InterleavedToShardedDeviceOperation,12,54957.0
321536,,InterleavedToShardedDeviceOperation,12,54953.0
243712,,InterleavedToShardedDeviceOperation,12,54891.0
237568,,InterleavedToShardedDeviceOperation,12,54863.0
303104,,InterleavedToShardedDeviceOperation,12,54862.0
338944,,InterleavedToShardedDeviceOperation,12,54824.0
269312,,InterleavedToShardedDeviceOperation,12,54818.0
318464,,InterleavedToShardedDeviceOperation,12,54818.0
358400,,InterleavedToShardedDeviceOperation,12,54699.0
253952,,InterleavedToShardedDeviceOperation,12,54678.0
240640,,InterleavedToShardedDeviceOperation,12,54648.0
310272,,InterleavedToShardedDeviceOperation,12,54641.0
355328,,InterleavedToShardedDeviceOperation,12,54633.0
265216,,InterleavedToShardedDeviceOperation,12,54549.0
271360,,InterleavedToShardedDeviceOperation,12,54523.0
324608,,InterleavedToShardedDeviceOperation,12,54321.0
235520,,InterleavedToShardedDeviceOperation,12,54129.0
337920,,InterleavedToShardedDeviceOperation,12,53807.0
259072,,InterleavedToShardedDeviceOperation,12,53663.0
339968,,InterleavedToShardedDeviceOperation,12,53377.0
348160,,InterleavedToShardedDeviceOperation,11,41750.0
363520,,InterleavedToShardedDeviceOperation,11,41343.0
234496,,InterleavedToShardedDeviceOperation,11,41279.0
343040,,InterleavedToShardedDeviceOperation,11,40933.0
346112,,InterleavedToShardedDeviceOperation,11,40930.0
264192,,InterleavedToShardedDeviceOperation,11,40919.0
267264,,InterleavedToShardedDeviceOperation,11,40871.0
361472,,InterleavedToShardedDeviceOperation,11,40838.0
323584,,InterleavedToShardedDeviceOperation,11,40754.0
308224,,InterleavedToShardedDeviceOperation,11,40745.0
277504,,InterleavedToShardedDeviceOperation,11,40727.0
263168,,InterleavedToShardedDeviceOperation,11,40711.0
250880,,InterleavedToShardedDeviceOperation,11,40696.0
364544,,InterleavedToShardedDeviceOperation,11,40695.0
311296,,InterleavedToShardedDeviceOperation,11,40669.0
332800,,InterleavedToShardedDeviceOperation,11,40668.0
301056,,InterleavedToShardedDeviceOperation,11,40658.0
292864,,InterleavedToShardedDeviceOperation,11,40621.0
315392,,InterleavedToShardedDeviceOperation,11,40601.0
309248,,InterleavedToShardedDeviceOperation,11,40582.0
325632,,InterleavedToShardedDeviceOperation,11,40573.0
296960,,InterleavedToShardedDeviceOperation,11,40554.0
370688,,InterleavedToShardedDeviceOperation,11,40544.0
266240,,InterleavedToShardedDeviceOperation,11,40529.0
270336,,InterleavedToShardedDeviceOperation,11,40502.0
245760,,InterleavedToShardedDeviceOperation,11,40474.0
352256,,InterleavedToShardedDeviceOperation,11,40454.0
326656,,InterleavedToShardedDeviceOperation,11,40251.0
1312768,,TernaryDeviceOperation,64,27215.0
896000,,TernaryDeviceOperation,64,27168.0
1199104,,TernaryDeviceOperation,64,27076.0
706560,,TernaryDeviceOperation,64,27061.0
1388544,,TernaryDeviceOperation,64,26998.0
1047552,,TernaryDeviceOperation,64,26985.0
479232,,TernaryDeviceOperation,64,26921.0
1350656,,TernaryDeviceOperation,64,26909.0
668672,,TernaryDeviceOperation,64,26907.0
744448,,TernaryDeviceOperation,64,26904.0
441344,,TernaryDeviceOperation,64,26900.0
1236992,,TernaryDeviceOperation,64,26900.0
1161216,,TernaryDeviceOperation,64,26859.0
1123328,,TernaryDeviceOperation,64,26846.0
517120,,TernaryDeviceOperation,64,26840.0
1274880,,TernaryDeviceOperation,64,26830.0
820224,,TernaryDeviceOperation,64,26821.0
555008,,TernaryDeviceOperation,64,26808.0
1426432,,TernaryDeviceOperation,64,26803.0
971776,,TernaryDeviceOperation,64,26795.0
592896,,TernaryDeviceOperation,64,26786.0
1085440,,TernaryDeviceOperation,64,26764.0
858112,,TernaryDeviceOperation,64,26724.0
782336,,TernaryDeviceOperation,64,26721.0
933888,,TernaryDeviceOperation,64,26708.0
630784,,TernaryDeviceOperation,64,26706.0
1464320,,TernaryDeviceOperation,64,26678.0
1009664,,TernaryDeviceOperation,64,26559.0
2385920,1,TernaryDeviceOperation,64,26522.0
2082816,1,TernaryDeviceOperation,64,26475.0
2348032,1,TernaryDeviceOperation,64,26063.0
2007040,1,TernaryDeviceOperation,64,25888.0
1703936,1,TernaryDeviceOperation,64,25836.0
2138112,1,MatmulDeviceOperation,64,25830.0
1779712,1,TernaryDeviceOperation,64,25780.0
1552384,1,TernaryDeviceOperation,64,25635.0
1590272,1,TernaryDeviceOperation,64,25544.0
1628160,1,TernaryDeviceOperation,64,25502.0
2461696,1,TernaryDeviceOperation,64,25488.0
2537472,1,TernaryDeviceOperation,60,25475.0
1855488,1,TernaryDeviceOperation,64,25461.0
2272256,1,TernaryDeviceOperation,64,25431.0
2575360,1,TernaryDeviceOperation,60,25418.0
1969152,1,TernaryDeviceOperation,64,25374.0
1666048,1,TernaryDeviceOperation,64,25352.0
2310144,1,TernaryDeviceOperation,64,25337.0
2120704,1,TernaryDeviceOperation,64,25332.0
2423808,1,TernaryDeviceOperation,64,25319.0
2044928,1,TernaryDeviceOperation,64,25313.0
2196480,1,TernaryDeviceOperation,64,25313.0
2158592,1,TernaryDeviceOperation,64,25307.0
1931264,1,TernaryDeviceOperation,64,25284.0
1817600,1,TernaryDeviceOperation,64,25277.0
2554880,1,MatmulDeviceOperation,60,25277.0
2251776,1,MatmulDeviceOperation,64,25262.0
2024448,1,MatmulDeviceOperation,64,25244.0
1443840,,MatmulDeviceOperation,64,25217.0
2234368,1,TernaryDeviceOperation,64,25196.0
2499584,1,TernaryDeviceOperation,64,25190.0
2479104,1,MatmulDeviceOperation,64,25182.0
1893376,1,TernaryDeviceOperation,64,25154.0
1741824,1,TernaryDeviceOperation,64,25144.0
1178624,,MatmulDeviceOperation,64,25112.0
1797120,1,MatmulDeviceOperation,64,25089.0
1569792,1,MatmulDeviceOperation,64,25062.0
387072,,MatmulDeviceOperation,64,25019.0
686080,,MatmulDeviceOperation,64,25009.0
1064960,,MatmulDeviceOperation,64,24993.0
496640,,MatmulDeviceOperation,64,24992.0
1368064,,MatmulDeviceOperation,64,24971.0
1645568,1,MatmulDeviceOperation,64,24967.0
1498112,1,MatmulDeviceOperation,64,24954.0
2327552,1,MatmulDeviceOperation,64,24937.0
1330176,,MatmulDeviceOperation,64,24926.0
1835008,1,MatmulDeviceOperation,64,24916.0
1254400,,MatmulDeviceOperation,64,24913.0
458752,,MatmulDeviceOperation,64,24905.0
1525760,1,TernaryDeviceOperation,64,24890.0
1683456,1,MatmulDeviceOperation,64,24884.0
648192,,MatmulDeviceOperation,64,24882.0
951296,,MatmulDeviceOperation,64,24882.0
1948672,1,MatmulDeviceOperation,64,24880.0
913408,,MatmulDeviceOperation,64,24876.0
1102848,,MatmulDeviceOperation,64,24865.0
2062336,1,MatmulDeviceOperation,64,24857.0
799744,,MatmulDeviceOperation,64,24843.0
2516992,1,MatmulDeviceOperation,63,24827.0
1140736,,MatmulDeviceOperation,64,24802.0
1759232,1,MatmulDeviceOperation,64,24802.0
837632,,MatmulDeviceOperation,64,24794.0
1872896,1,MatmulDeviceOperation,64,24787.0
534528,,MatmulDeviceOperation,64,24780.0
2403328,1,MatmulDeviceOperation,64,24775.0
1405952,,MatmulDeviceOperation,64,24772.0
1292288,,MatmulDeviceOperation,64,24762.0
2365440,1,MatmulDeviceOperation,64,24757.0
2441216,1,MatmulDeviceOperation,64,24742.0
572416,,MatmulDeviceOperation,64,24735.0
2289664,1,MatmulDeviceOperation,64,24734.0
1607680,1,MatmulDeviceOperation,64,24733.0
761856,,MatmulDeviceOperation,64,24731.0
2213888,1,MatmulDeviceOperation,64,24727.0
2176000,1,MatmulDeviceOperation,64,24721.0
610304,,MatmulDeviceOperation,64,24720.0
1027072,,MatmulDeviceOperation,64,24708.0
1910784,1,MatmulDeviceOperation,64,24694.0
2100224,1,MatmulDeviceOperation,64,24675.0
989184,,MatmulDeviceOperation,64,24667.0
414720,,TernaryDeviceOperation,64,24663.0
1721344,1,MatmulDeviceOperation,64,24663.0
875520,,MatmulDeviceOperation,64,24618.0
1986560,1,MatmulDeviceOperation,64,24525.0
1216512,,MatmulDeviceOperation,64,24189.0
723968,,MatmulDeviceOperation,64,24060.0
2550784,1,MatmulDeviceOperation,60,20605.0
1679360,1,MatmulDeviceOperation,64,20053.0
1565696,1,MatmulDeviceOperation,64,20030.0
2319360,1,MatmulDeviceOperation,64,20003.0
2584576,1,MatmulDeviceOperation,60,19977.0
2243584,1,MatmulDeviceOperation,64,19975.0
1940480,1,MatmulDeviceOperation,64,19969.0
1864704,1,MatmulDeviceOperation,64,19920.0
1902592,1,MatmulDeviceOperation,64,19901.0
2508800,1,MatmulDeviceOperation,64,19888.0
2129920,1,MatmulDeviceOperation,64,19880.0
2016256,1,MatmulDeviceOperation,64,19865.0
2361344,1,MatmulDeviceOperation,64,19860.0
2209792,1,MatmulDeviceOperation,64,19850.0
1561600,1,MatmulDeviceOperation,64,19835.0
1793024,1,MatmulDeviceOperation,64,19831.0
2470912,1,MatmulDeviceOperation,64,19819.0
2512896,1,MatmulDeviceOperation,63,19815.0
1830912,1,MatmulDeviceOperation,64,19811.0
1788928,1,MatmulDeviceOperation,64,19806.0
2395136,1,MatmulDeviceOperation,64,19805.0
1603584,1,MatmulDeviceOperation,64,19796.0
1755136,1,MatmulDeviceOperation,64,19782.0
2357248,1,MatmulDeviceOperation,64,19778.0
2092032,1,MatmulDeviceOperation,64,19770.0
2167808,1,MatmulDeviceOperation,64,19755.0
1641472,1,MatmulDeviceOperation,64,19751.0
2134016,1,MatmulDeviceOperation,64,19745.0
2054144,1,MatmulDeviceOperation,64,19743.0
2588672,1,MatmulDeviceOperation,60,19743.0
1599488,1,MatmulDeviceOperation,64,19741.0
2546688,1,MatmulDeviceOperation,60,19738.0
1868800,1,MatmulDeviceOperation,64,19737.0
2399232,1,MatmulDeviceOperation,64,19737.0
2475008,1,MatmulDeviceOperation,64,19737.0
1978368,1,MatmulDeviceOperation,64,19735.0
2058240,1,MatmulDeviceOperation,64,19732.0
1637376,1,MatmulDeviceOperation,64,19726.0
1944576,1,MatmulDeviceOperation,64,19725.0
2247680,1,MatmulDeviceOperation,64,19722.0
1906688,1,MatmulDeviceOperation,64,19718.0
1982464,1,MatmulDeviceOperation,64,19706.0
2437120,1,MatmulDeviceOperation,64,19706.0
2285568,1,MatmulDeviceOperation,64,19700.0
2171904,1,MatmulDeviceOperation,64,19688.0
1713152,1,MatmulDeviceOperation,64,19686.0
1675264,1,MatmulDeviceOperation,64,19659.0
1751040,1,MatmulDeviceOperation,64,19657.0
1717248,1,MatmulDeviceOperation,64,19654.0
2096128,1,MatmulDeviceOperation,64,19650.0
2323456,1,MatmulDeviceOperation,64,19648.0
1326080,,MatmulDeviceOperation,64,19610.0
1401856,,MatmulDeviceOperation,64,19605.0
2281472,1,MatmulDeviceOperation,64,19586.0
2020352,1,MatmulDeviceOperation,64,19576.0
2433024,1,MatmulDeviceOperation,64,19547.0
564224,,MatmulDeviceOperation,64,19546.0
1250304,,MatmulDeviceOperation,64,19535.0
833536,,MatmulDeviceOperation,64,19501.0
1439744,,MatmulDeviceOperation,64,19485.0
1288192,,MatmulDeviceOperation,64,19484.0
2205696,1,MatmulDeviceOperation,64,19454.0
719872,,MatmulDeviceOperation,64,19404.0
678912,,MatmulDeviceOperation,64,19396.0
1212416,,MatmulDeviceOperation,64,19392.0
1174528,,MatmulDeviceOperation,64,19359.0
644096,,MatmulDeviceOperation,64,19330.0
454656,,MatmulDeviceOperation,64,19307.0
1436672,,MatmulDeviceOperation,64,19294.0
757760,,MatmulDeviceOperation,64,19276.0
492544,,MatmulDeviceOperation,64,19264.0
1170432,,MatmulDeviceOperation,64,19240.0
1022976,,MatmulDeviceOperation,64,19193.0
909312,,MatmulDeviceOperation,64,19181.0
1018880,,MatmulDeviceOperation,64,19169.0
1826816,1,MatmulDeviceOperation,64,19169.0
985088,,MatmulDeviceOperation,64,19163.0
1098752,,MatmulDeviceOperation,64,19144.0
868352,,MatmulDeviceOperation,64,19126.0
2017280,1,MatmulDeviceOperation,64,19123.0
1171456,,MatmulDeviceOperation,64,19103.0
1136640,,MatmulDeviceOperation,64,19090.0
1132544,,MatmulDeviceOperation,64,19076.0
867328,,MatmulDeviceOperation,64,19066.0
905216,,MatmulDeviceOperation,64,19061.0
871424,,MatmulDeviceOperation,64,19058.0
530432,,MatmulDeviceOperation,64,19053.0
681984,,MatmulDeviceOperation,64,19051.0
677888,,MatmulDeviceOperation,64,19049.0
943104,,MatmulDeviceOperation,64,19036.0
1477632,,MatmulDeviceOperation,64,19032.0
1246208,,MatmulDeviceOperation,64,19030.0
526336,,MatmulDeviceOperation,64,19024.0
640000,,MatmulDeviceOperation,64,19024.0
606208,,MatmulDeviceOperation,64,18987.0
568320,,MatmulDeviceOperation,64,18976.0
1094656,,MatmulDeviceOperation,64,18943.0
1473536,,MatmulDeviceOperation,64,18936.0
947200,,MatmulDeviceOperation,64,18928.0
602112,,MatmulDeviceOperation,64,18892.0
795648,,MatmulDeviceOperation,64,18890.0
641024,,MatmulDeviceOperation,64,18872.0
451584,,MatmulDeviceOperation,64,18861.0
791552,,MatmulDeviceOperation,64,18861.0
754688,,MatmulDeviceOperation,64,18860.0
1397760,,MatmulDeviceOperation,64,18858.0
565248,,MatmulDeviceOperation,64,18856.0
753664,,MatmulDeviceOperation,64,18855.0
1056768,,MatmulDeviceOperation,64,18851.0
715776,,MatmulDeviceOperation,64,18841.0
1979392,1,MatmulDeviceOperation,64,18837.0
906240,,MatmulDeviceOperation,64,18836.0
450560,,MatmulDeviceOperation,64,18833.0
1060864,,MatmulDeviceOperation,64,18825.0
1363968,,MatmulDeviceOperation,64,18823.0
1247232,,MatmulDeviceOperation,64,18807.0
2206720,1,MatmulDeviceOperation,64,18802.0
489472,,MatmulDeviceOperation,64,18801.0
830464,,MatmulDeviceOperation,64,18800.0
1208320,,MatmulDeviceOperation,64,18799.0
1359872,,MatmulDeviceOperation,64,18792.0
2434048,1,MatmulDeviceOperation,64,18792.0
1321984,,MatmulDeviceOperation,64,18791.0
2396160,1,MatmulDeviceOperation,64,18790.0
2244608,1,MatmulDeviceOperation,64,18788.0
1095680,,MatmulDeviceOperation,64,18784.0
2585600,1,MatmulDeviceOperation,60,18760.0
1209344,,MatmulDeviceOperation,64,18753.0
1435648,,MatmulDeviceOperation,64,18743.0
2168832,1,MatmulDeviceOperation,64,18741.0
527360,,MatmulDeviceOperation,64,18737.0
1600512,1,MatmulDeviceOperation,64,18736.0
2093056,1,MatmulDeviceOperation,64,18731.0
488448,,MatmulDeviceOperation,64,18730.0
1789952,1,MatmulDeviceOperation,64,18717.0
1941504,1,MatmulDeviceOperation,64,18716.0
1398784,,MatmulDeviceOperation,64,18693.0
2282496,1,MatmulDeviceOperation,64,18682.0
1019904,,MatmulDeviceOperation,64,18678.0
1752064,1,MatmulDeviceOperation,64,18669.0
1474560,,MatmulDeviceOperation,64,18667.0
603136,,MatmulDeviceOperation,64,18664.0
1360896,,MatmulDeviceOperation,64,18661.0
1284096,,MatmulDeviceOperation,64,18656.0
982016,,MatmulDeviceOperation,64,18654.0
1865728,1,MatmulDeviceOperation,64,18653.0
829440,,MatmulDeviceOperation,64,18643.0
2358272,1,MatmulDeviceOperation,64,18637.0
1676288,1,MatmulDeviceOperation,64,18621.0
944128,,MatmulDeviceOperation,64,18620.0
1133568,,MatmulDeviceOperation,64,18618.0
1903616,1,MatmulDeviceOperation,64,18615.0
2130944,1,MatmulDeviceOperation,64,18607.0
980992,,MatmulDeviceOperation,64,18597.0
2055168,1,MatmulDeviceOperation,64,18597.0
2471936,1,MatmulDeviceOperation,64,18596.0
2509824,1,MatmulDeviceOperation,63,18590.0
1057792,,MatmulDeviceOperation,64,18579.0
1285120,,MatmulDeviceOperation,64,18572.0
716800,,MatmulDeviceOperation,64,18564.0
1323008,,MatmulDeviceOperation,64,18553.0
1714176,1,MatmulDeviceOperation,64,18547.0
1827840,1,MatmulDeviceOperation,64,18528.0
792576,,MatmulDeviceOperation,64,18472.0
1562624,1,MatmulDeviceOperation,64,18470.0
1638400,1,MatmulDeviceOperation,64,18451.0
2320384,1,MatmulDeviceOperation,64,18415.0
2547712,1,MatmulDeviceOperation,60,18384.0
429056,,TilizeWithValPaddingDeviceOperation,32,17004.0
1540096,1,TilizeWithValPaddingDeviceOperation,32,16839.0
381952,,ReshapeViewDeviceOperation,64,16381.0
1492992,1,ReshapeViewDeviceOperation,64,16176.0
1974272,1,MatmulDeviceOperation,64,15843.0
2542592,1,MatmulDeviceOperation,60,15786.0
2277376,1,MatmulDeviceOperation,64,15785.0
1898496,1,MatmulDeviceOperation,64,15784.0
1936384,1,MatmulDeviceOperation,64,15749.0
2466816,1,MatmulDeviceOperation,64,15734.0
1709056,1,MatmulDeviceOperation,64,15727.0
2072576,1,PagedUpdateCacheDeviceOperation,32,15707.0
2299904,1,PagedUpdateCacheDeviceOperation,32,15702.0
2012160,1,MatmulDeviceOperation,64,15658.0
2580480,1,MatmulDeviceOperation,60,15649.0
1671168,1,MatmulDeviceOperation,64,15639.0
1746944,1,MatmulDeviceOperation,64,15619.0
1822720,1,MatmulDeviceOperation,64,15605.0
1595392,1,MatmulDeviceOperation,64,15599.0
1996800,1,PagedUpdateCacheDeviceOperation,32,15591.0
1860608,1,MatmulDeviceOperation,64,15545.0
2201600,1,MatmulDeviceOperation,64,15545.0
1633280,1,MatmulDeviceOperation,64,15539.0
2353152,1,MatmulDeviceOperation,64,15504.0
2504704,1,MatmulDeviceOperation,64,15494.0
1557504,1,MatmulDeviceOperation,64,15474.0
2315264,1,MatmulDeviceOperation,64,15469.0
2428928,1,MatmulDeviceOperation,64,15461.0
2050048,1,MatmulDeviceOperation,64,15459.0
1784832,1,MatmulDeviceOperation,64,15457.0
2163712,1,MatmulDeviceOperation,64,15447.0
2239488,1,MatmulDeviceOperation,64,15437.0
2391040,1,MatmulDeviceOperation,64,15394.0
2125824,1,MatmulDeviceOperation,64,15381.0
2087936,1,MatmulDeviceOperation,64,15369.0
1446912,,PagedUpdateCacheDeviceOperation,32,15061.0
1521664,1,PagedUpdateCacheDeviceOperation,32,15059.0
1617920,1,PagedUpdateCacheDeviceOperation,32,15031.0
2413568,1,PagedUpdateCacheDeviceOperation,32,14911.0
1693696,1,PagedUpdateCacheDeviceOperation,32,14867.0
2224128,1,PagedUpdateCacheDeviceOperation,32,14860.0
1958912,1,PagedUpdateCacheDeviceOperation,32,14854.0
2489344,1,PagedUpdateCacheDeviceOperation,32,14843.0
1951744,1,PagedUpdateCacheDeviceOperation,32,14822.0
1295360,,PagedUpdateCacheDeviceOperation,32,14807.0
961536,,PagedUpdateCacheDeviceOperation,32,14803.0
1883136,1,PagedUpdateCacheDeviceOperation,32,14726.0
1068032,,PagedUpdateCacheDeviceOperation,32,14701.0
1030144,,PagedUpdateCacheDeviceOperation,32,14673.0
1731584,1,PagedUpdateCacheDeviceOperation,32,14672.0
1378304,,PagedUpdateCacheDeviceOperation,32,14667.0
878592,,PagedUpdateCacheDeviceOperation,32,14645.0
1409024,,PagedUpdateCacheDeviceOperation,32,14641.0
1580032,1,PagedUpdateCacheDeviceOperation,32,14639.0
863232,,MatmulDeviceOperation,64,14596.0
522240,,MatmulDeviceOperation,64,14585.0
2451456,1,PagedUpdateCacheDeviceOperation,32,14581.0
825344,,MatmulDeviceOperation,64,14578.0
2375680,1,PagedUpdateCacheDeviceOperation,32,14575.0
2337792,1,PagedUpdateCacheDeviceOperation,32,14572.0
2103296,1,PagedUpdateCacheDeviceOperation,32,14571.0
544768,,PagedUpdateCacheDeviceOperation,32,14568.0
1393664,,MatmulDeviceOperation,64,14563.0
1355776,,MatmulDeviceOperation,64,14561.0
1333248,,PagedUpdateCacheDeviceOperation,32,14552.0
1204224,,MatmulDeviceOperation,64,14549.0
582656,,PagedUpdateCacheDeviceOperation,32,14542.0
560128,,MatmulDeviceOperation,64,14540.0
1317888,,MatmulDeviceOperation,64,14540.0
1166336,,MatmulDeviceOperation,64,14539.0
764928,,PagedUpdateCacheDeviceOperation,32,14535.0
1280000,,MatmulDeviceOperation,64,14534.0
1014784,,MatmulDeviceOperation,64,14532.0
446464,,MatmulDeviceOperation,64,14527.0
2527232,1,PagedUpdateCacheDeviceOperation,28,14527.0
901120,,MatmulDeviceOperation,64,14525.0
939008,,MatmulDeviceOperation,64,14523.0
999424,,PagedUpdateCacheDeviceOperation,32,14519.0
410624,,PagedUpdateCacheDeviceOperation,32,14502.0
1845248,1,PagedUpdateCacheDeviceOperation,32,14495.0
727040,,PagedUpdateCacheDeviceOperation,32,14493.0
598016,,MatmulDeviceOperation,64,14490.0
1090560,,MatmulDeviceOperation,64,14480.0
787456,,MatmulDeviceOperation,64,14478.0
1037312,,PagedUpdateCacheDeviceOperation,32,14473.0
749568,,MatmulDeviceOperation,64,14472.0
802816,,PagedUpdateCacheDeviceOperation,32,14463.0
1371136,,PagedUpdateCacheDeviceOperation,32,14452.0
484352,,MatmulDeviceOperation,64,14451.0
461824,,PagedUpdateCacheDeviceOperation,32,14446.0
1431552,,MatmulDeviceOperation,64,14443.0
1302528,,PagedUpdateCacheDeviceOperation,32,14442.0
1469440,,MatmulDeviceOperation,64,14442.0
673792,,MatmulDeviceOperation,64,14435.0
506880,,PagedUpdateCacheDeviceOperation,32,14427.0
711680,,MatmulDeviceOperation,64,14425.0
2034688,1,PagedUpdateCacheDeviceOperation,32,14423.0
1181696,,PagedUpdateCacheDeviceOperation,32,14417.0
976896,,MatmulDeviceOperation,64,14416.0
468992,,PagedUpdateCacheDeviceOperation,32,14414.0
658432,,PagedUpdateCacheDeviceOperation,32,14411.0
1128448,,MatmulDeviceOperation,64,14406.0
1219584,,PagedUpdateCacheDeviceOperation,32,14383.0
1242112,,MatmulDeviceOperation,64,14381.0
1150976,,PagedUpdateCacheDeviceOperation,32,14376.0
1075200,,PagedUpdateCacheDeviceOperation,32,14370.0
923648,,PagedUpdateCacheDeviceOperation,32,14369.0
1052672,,MatmulDeviceOperation,64,14359.0
1113088,,PagedUpdateCacheDeviceOperation,32,14348.0
885760,,PagedUpdateCacheDeviceOperation,32,14347.0
391168,,PagedUpdateCacheDeviceOperation,32,14342.0
651264,,PagedUpdateCacheDeviceOperation,32,14336.0
689152,,PagedUpdateCacheDeviceOperation,32,14324.0
2141184,1,PagedUpdateCacheDeviceOperation,32,14323.0
635904,,MatmulDeviceOperation,64,14320.0
1340416,,PagedUpdateCacheDeviceOperation,32,14318.0
992256,,PagedUpdateCacheDeviceOperation,32,14317.0
2148352,1,PagedUpdateCacheDeviceOperation,32,14308.0
1188864,,PagedUpdateCacheDeviceOperation,32,14304.0
1105920,,PagedUpdateCacheDeviceOperation,32,14302.0
954368,,PagedUpdateCacheDeviceOperation,32,14296.0
809984,,PagedUpdateCacheDeviceOperation,32,14292.0
1143808,,PagedUpdateCacheDeviceOperation,32,14272.0
2262016,1,PagedUpdateCacheDeviceOperation,32,14271.0
575488,,PagedUpdateCacheDeviceOperation,32,14261.0
1655808,1,PagedUpdateCacheDeviceOperation,32,14243.0
1454080,,PagedUpdateCacheDeviceOperation,32,14227.0
2179072,1,PagedUpdateCacheDeviceOperation,32,14213.0
2569216,1,RotaryEmbeddingDeviceOperation,28,14213.0
2186240,1,PagedUpdateCacheDeviceOperation,32,14212.0
537600,,PagedUpdateCacheDeviceOperation,32,14210.0
499712,,PagedUpdateCacheDeviceOperation,32,14209.0
613376,,PagedUpdateCacheDeviceOperation,32,14206.0
1226752,,PagedUpdateCacheDeviceOperation,32,14195.0
1921024,1,PagedUpdateCacheDeviceOperation,32,14183.0
2406400,1,PagedUpdateCacheDeviceOperation,32,14174.0
696320,,PagedUpdateCacheDeviceOperation,32,14167.0
1257472,,PagedUpdateCacheDeviceOperation,32,14164.0
916480,,PagedUpdateCacheDeviceOperation,32,14140.0
2216960,1,PagedUpdateCacheDeviceOperation,32,14139.0
2254848,1,PagedUpdateCacheDeviceOperation,32,14138.0
1264640,,PagedUpdateCacheDeviceOperation,32,14130.0
620544,,PagedUpdateCacheDeviceOperation,32,14123.0
734208,,PagedUpdateCacheDeviceOperation,32,14110.0
1518592,1,RotaryEmbeddingDeviceOperation,32,14105.0
1416192,,PagedUpdateCacheDeviceOperation,32,14100.0
1838080,1,PagedUpdateCacheDeviceOperation,32,14090.0
772096,,PagedUpdateCacheDeviceOperation,32,14070.0
2482176,1,PagedUpdateCacheDeviceOperation,32,14059.0
1686528,1,PagedUpdateCacheDeviceOperation,32,14058.0
2027520,1,PagedUpdateCacheDeviceOperation,32,14042.0
1502208,1,PagedUpdateCacheDeviceOperation,32,13998.0
840704,,PagedUpdateCacheDeviceOperation,32,13981.0
1807360,1,PagedUpdateCacheDeviceOperation,32,13971.0
2444288,1,PagedUpdateCacheDeviceOperation,32,13970.0
1800192,1,PagedUpdateCacheDeviceOperation,32,13969.0
1769472,1,PagedUpdateCacheDeviceOperation,32,13967.0
847872,,PagedUpdateCacheDeviceOperation,32,13950.0
2368512,1,PagedUpdateCacheDeviceOperation,32,13937.0
1989632,1,PagedUpdateCacheDeviceOperation,32,13908.0
2110464,1,PagedUpdateCacheDeviceOperation,32,13908.0
1572864,1,PagedUpdateCacheDeviceOperation,32,13899.0
1913856,1,PagedUpdateCacheDeviceOperation,32,13892.0
2065408,1,PagedUpdateCacheDeviceOperation,32,13885.0
2292736,1,PagedUpdateCacheDeviceOperation,32,13835.0
1875968,1,PagedUpdateCacheDeviceOperation,32,13829.0
2557952,1,PagedUpdateCacheDeviceOperation,28,13822.0
1724416,1,PagedUpdateCacheDeviceOperation,32,13777.0
1610752,1,PagedUpdateCacheDeviceOperation,32,13776.0
1648640,1,PagedUpdateCacheDeviceOperation,32,13746.0
2330624,1,PagedUpdateCacheDeviceOperation,32,13737.0
806912,,RotaryEmbeddingDeviceOperation,32,13723.0
1762304,1,PagedUpdateCacheDeviceOperation,32,13705.0
655360,,RotaryEmbeddingDeviceOperation,32,13684.0
1041408,,RotaryEmbeddingDeviceOperation,32,13668.0
1110016,,RotaryEmbeddingDeviceOperation,32,13626.0
2520064,1,PagedUpdateCacheDeviceOperation,31,13600.0
1337344,,RotaryEmbeddingDeviceOperation,32,13574.0
407552,,RotaryEmbeddingDeviceOperation,32,13556.0
2565120,1,PagedUpdateCacheDeviceOperation,28,13550.0
1458176,,RotaryEmbeddingDeviceOperation,32,13529.0
617472,,RotaryEmbeddingDeviceOperation,32,13518.0
586752,,RotaryEmbeddingDeviceOperation,32,13502.0
1261568,,RotaryEmbeddingDeviceOperation,32,13502.0
579584,,RotaryEmbeddingDeviceOperation,32,13491.0
548864,,RotaryEmbeddingDeviceOperation,32,13456.0
1842176,1,RotaryEmbeddingDeviceOperation,32,13441.0
417792,,TilizeWithValPaddingDeviceOperation,32,13432.0
510976,,RotaryEmbeddingDeviceOperation,32,13430.0
1223680,,RotaryEmbeddingDeviceOperation,32,13413.0
541696,,RotaryEmbeddingDeviceOperation,32,13353.0
700416,,RotaryEmbeddingDeviceOperation,32,13352.0
1003520,,RotaryEmbeddingDeviceOperation,32,13352.0
996352,,RotaryEmbeddingDeviceOperation,32,13350.0
920576,,RotaryEmbeddingDeviceOperation,32,13349.0
1072128,,RotaryEmbeddingDeviceOperation,32,13346.0
1382400,,RotaryEmbeddingDeviceOperation,32,13344.0
693248,,RotaryEmbeddingDeviceOperation,32,13340.0
882688,,RotaryEmbeddingDeviceOperation,32,13329.0
1420288,,RotaryEmbeddingDeviceOperation,32,13325.0
1147904,,RotaryEmbeddingDeviceOperation,32,13324.0
1652736,1,RotaryEmbeddingDeviceOperation,32,13316.0
1375232,,RotaryEmbeddingDeviceOperation,32,13299.0
958464,,RotaryEmbeddingDeviceOperation,32,13295.0
1117184,,RotaryEmbeddingDeviceOperation,32,13293.0
1268736,,RotaryEmbeddingDeviceOperation,32,13282.0
1413120,,RotaryEmbeddingDeviceOperation,32,13269.0
624640,,RotaryEmbeddingDeviceOperation,32,13261.0
1306624,,RotaryEmbeddingDeviceOperation,32,13261.0
2221056,1,RotaryEmbeddingDeviceOperation,32,13255.0
965632,,RotaryEmbeddingDeviceOperation,32,13252.0
776192,,RotaryEmbeddingDeviceOperation,32,13249.0
465920,,RotaryEmbeddingDeviceOperation,32,13238.0
2372608,1,RotaryEmbeddingDeviceOperation,32,13228.0
662528,,RotaryEmbeddingDeviceOperation,32,13217.0
927744,,RotaryEmbeddingDeviceOperation,32,13193.0
769024,,RotaryEmbeddingDeviceOperation,32,13190.0
503808,,RotaryEmbeddingDeviceOperation,32,13188.0
1230848,,RotaryEmbeddingDeviceOperation,32,13185.0
738304,,RotaryEmbeddingDeviceOperation,32,13184.0
915456,,NLPCreateQKVHeadsDecodeDeviceOperation,32,13182.0
844800,,RotaryEmbeddingDeviceOperation,32,13176.0
889856,,RotaryEmbeddingDeviceOperation,32,13170.0
1528832,1,TilizeWithValPaddingDeviceOperation,32,13166.0
1344512,,RotaryEmbeddingDeviceOperation,32,13154.0
574464,,NLPCreateQKVHeadsDecodeDeviceOperation,32,13151.0
1067008,,NLPCreateQKVHeadsDecodeDeviceOperation,32,13144.0
1142784,,NLPCreateQKVHeadsDecodeDeviceOperation,32,13136.0
650240,,NLPCreateQKVHeadsDecodeDeviceOperation,32,13133.0
688128,,NLPCreateQKVHeadsDecodeDeviceOperation,32,13130.0
460800,,NLPCreateQKVHeadsDecodeDeviceOperation,32,13127.0
1445888,,NLPCreateQKVHeadsDecodeDeviceOperation,32,13127.0
612352,,NLPCreateQKVHeadsDecodeDeviceOperation,32,13125.0
1104896,,NLPCreateQKVHeadsDecodeDeviceOperation,32,13125.0
1370112,,NLPCreateQKVHeadsDecodeDeviceOperation,32,13125.0
1180672,,NLPCreateQKVHeadsDecodeDeviceOperation,32,13122.0
1408000,,NLPCreateQKVHeadsDecodeDeviceOperation,32,13115.0
726016,,NLPCreateQKVHeadsDecodeDeviceOperation,32,13108.0
1332224,,NLPCreateQKVHeadsDecodeDeviceOperation,32,13104.0
1185792,,RotaryEmbeddingDeviceOperation,32,13102.0
1218560,,NLPCreateQKVHeadsDecodeDeviceOperation,32,13102.0
1192960,,RotaryEmbeddingDeviceOperation,32,13100.0
877568,,NLPCreateQKVHeadsDecodeDeviceOperation,32,13097.0
423936,,RotaryEmbeddingDeviceOperation,32,13096.0
1034240,,RotaryEmbeddingDeviceOperation,32,13093.0
953344,,NLPCreateQKVHeadsDecodeDeviceOperation,32,13090.0
839680,,NLPCreateQKVHeadsDecodeDeviceOperation,32,13085.0
763904,,NLPCreateQKVHeadsDecodeDeviceOperation,32,13081.0
389120,,NLPCreateQKVHeadsDecodeDeviceOperation,32,13071.0
1029120,,NLPCreateQKVHeadsDecodeDeviceOperation,32,13067.0
1451008,,RotaryEmbeddingDeviceOperation,32,13067.0
2455552,1,RotaryEmbeddingDeviceOperation,32,13067.0
1294336,,NLPCreateQKVHeadsDecodeDeviceOperation,32,13066.0
498688,,NLPCreateQKVHeadsDecodeDeviceOperation,32,13056.0
801792,,NLPCreateQKVHeadsDecodeDeviceOperation,32,13053.0
991232,,NLPCreateQKVHeadsDecodeDeviceOperation,32,13052.0
1690624,1,RotaryEmbeddingDeviceOperation,32,13047.0
536576,,NLPCreateQKVHeadsDecodeDeviceOperation,32,13044.0
731136,,RotaryEmbeddingDeviceOperation,32,13041.0
1256448,,NLPCreateQKVHeadsDecodeDeviceOperation,32,13033.0
2486272,1,RotaryEmbeddingDeviceOperation,32,13015.0
851968,,RotaryEmbeddingDeviceOperation,32,12997.0
814080,,RotaryEmbeddingDeviceOperation,32,12996.0
1804288,1,RotaryEmbeddingDeviceOperation,32,12990.0
1728512,1,RotaryEmbeddingDeviceOperation,32,12986.0
1155072,,RotaryEmbeddingDeviceOperation,32,12972.0
1079296,,RotaryEmbeddingDeviceOperation,32,12964.0
473088,,RotaryEmbeddingDeviceOperation,32,12962.0
2524160,1,RotaryEmbeddingDeviceOperation,28,12952.0
2000896,1,RotaryEmbeddingDeviceOperation,32,12937.0
2334720,1,RotaryEmbeddingDeviceOperation,32,12935.0
2410496,1,RotaryEmbeddingDeviceOperation,32,12921.0
2183168,1,RotaryEmbeddingDeviceOperation,32,12871.0
1614848,1,RotaryEmbeddingDeviceOperation,32,12860.0
1766400,1,RotaryEmbeddingDeviceOperation,32,12860.0
2145280,1,RotaryEmbeddingDeviceOperation,32,12854.0
2178048,1,NLPCreateQKVHeadsDecodeDeviceOperation,32,12836.0
2076672,1,RotaryEmbeddingDeviceOperation,32,12828.0
1500160,1,NLPCreateQKVHeadsDecodeDeviceOperation,32,12822.0
2531328,1,RotaryEmbeddingDeviceOperation,28,12810.0
1988608,1,NLPCreateQKVHeadsDecodeDeviceOperation,32,12792.0
2064384,1,NLPCreateQKVHeadsDecodeDeviceOperation,32,12789.0
2481152,1,NLPCreateQKVHeadsDecodeDeviceOperation,32,12786.0
1799168,1,NLPCreateQKVHeadsDecodeDeviceOperation,32,12781.0
1299456,,RotaryEmbeddingDeviceOperation,32,12778.0
1761280,1,NLPCreateQKVHeadsDecodeDeviceOperation,32,12778.0
2140160,1,NLPCreateQKVHeadsDecodeDeviceOperation,32,12774.0
2026496,1,NLPCreateQKVHeadsDecodeDeviceOperation,32,12770.0
2405376,1,NLPCreateQKVHeadsDecodeDeviceOperation,32,12769.0
1659904,1,RotaryEmbeddingDeviceOperation,32,12765.0
1912832,1,NLPCreateQKVHeadsDecodeDeviceOperation,32,12753.0
1571840,1,NLPCreateQKVHeadsDecodeDeviceOperation,32,12752.0
2215936,1,NLPCreateQKVHeadsDecodeDeviceOperation,32,12752.0
2367488,1,NLPCreateQKVHeadsDecodeDeviceOperation,32,12748.0
2031616,1,RotaryEmbeddingDeviceOperation,32,12747.0
1837056,1,NLPCreateQKVHeadsDecodeDeviceOperation,32,12746.0
1685504,1,NLPCreateQKVHeadsDecodeDeviceOperation,32,12737.0
2443264,1,NLPCreateQKVHeadsDecodeDeviceOperation,32,12737.0
2102272,1,NLPCreateQKVHeadsDecodeDeviceOperation,32,12736.0
2329600,1,NLPCreateQKVHeadsDecodeDeviceOperation,32,12735.0
1647616,1,NLPCreateQKVHeadsDecodeDeviceOperation,32,12724.0
1723392,1,NLPCreateQKVHeadsDecodeDeviceOperation,32,12718.0
1874944,1,NLPCreateQKVHeadsDecodeDeviceOperation,32,12718.0
2519040,1,NLPCreateQKVHeadsDecodeDeviceOperation,31,12716.0
2417664,1,RotaryEmbeddingDeviceOperation,32,12704.0
2291712,1,NLPCreateQKVHeadsDecodeDeviceOperation,32,12698.0
2556928,1,NLPCreateQKVHeadsDecodeDeviceOperation,28,12698.0
1609728,1,NLPCreateQKVHeadsDecodeDeviceOperation,32,12692.0
1950720,1,NLPCreateQKVHeadsDecodeDeviceOperation,32,12691.0
1576960,1,RotaryEmbeddingDeviceOperation,32,12686.0
2253824,1,NLPCreateQKVHeadsDecodeDeviceOperation,32,12682.0
2107392,1,RotaryEmbeddingDeviceOperation,32,12628.0
2069504,1,RotaryEmbeddingDeviceOperation,32,12622.0
1735680,1,RotaryEmbeddingDeviceOperation,32,12588.0
1584128,1,RotaryEmbeddingDeviceOperation,32,12524.0
2448384,1,RotaryEmbeddingDeviceOperation,32,12518.0
2304000,1,RotaryEmbeddingDeviceOperation,32,12516.0
1773568,1,RotaryEmbeddingDeviceOperation,32,12491.0
2114560,1,RotaryEmbeddingDeviceOperation,32,12475.0
1534976,1,RotaryEmbeddingDeviceOperation,32,12444.0
2562048,1,RotaryEmbeddingDeviceOperation,28,12444.0
1993728,1,RotaryEmbeddingDeviceOperation,32,12441.0
1887232,1,RotaryEmbeddingDeviceOperation,32,12431.0
2266112,1,RotaryEmbeddingDeviceOperation,32,12428.0
1849344,1,RotaryEmbeddingDeviceOperation,32,12427.0
1955840,1,RotaryEmbeddingDeviceOperation,32,12368.0
2258944,1,RotaryEmbeddingDeviceOperation,32,12368.0
1917952,1,RotaryEmbeddingDeviceOperation,32,12342.0
1880064,1,RotaryEmbeddingDeviceOperation,32,12333.0
2341888,1,RotaryEmbeddingDeviceOperation,32,12310.0
1622016,1,RotaryEmbeddingDeviceOperation,32,12253.0
2296832,1,RotaryEmbeddingDeviceOperation,32,12222.0
2228224,1,RotaryEmbeddingDeviceOperation,32,12207.0
1925120,1,RotaryEmbeddingDeviceOperation,32,12170.0
164864,,TilizeWithValPaddingDeviceOperation,1,12155.0
82944,,TilizeWithValPaddingDeviceOperation,1,12151.0
118784,,TilizeWithValPaddingDeviceOperation,1,12150.0
2152448,1,RotaryEmbeddingDeviceOperation,32,12139.0
2493440,1,RotaryEmbeddingDeviceOperation,32,12124.0
45056,,TilizeWithValPaddingDeviceOperation,1,12119.0
36864,,TilizeWithValPaddingDeviceOperation,1,12115.0
222208,,TilizeWithValPaddingDeviceOperation,1,12112.0
208896,,TilizeWithValPaddingDeviceOperation,1,12103.0
2038784,1,RotaryEmbeddingDeviceOperation,32,12093.0
74752,,TilizeWithValPaddingDeviceOperation,1,12092.0
123904,,TilizeWithValPaddingDeviceOperation,1,12091.0
25600,,TilizeWithValPaddingDeviceOperation,1,12084.0
69632,,TilizeWithValPaddingDeviceOperation,1,12047.0
1811456,1,RotaryEmbeddingDeviceOperation,32,12033.0
2379776,1,RotaryEmbeddingDeviceOperation,32,12021.0
86016,,TilizeWithValPaddingDeviceOperation,1,12019.0
58368,,TilizeWithValPaddingDeviceOperation,1,11999.0
1963008,1,RotaryEmbeddingDeviceOperation,32,11998.0
140288,,TilizeWithValPaddingDeviceOperation,1,11980.0
167936,,TilizeWithValPaddingDeviceOperation,1,11975.0
94208,,TilizeWithValPaddingDeviceOperation,1,11974.0
148480,,TilizeWithValPaddingDeviceOperation,1,11974.0
151552,,TilizeWithValPaddingDeviceOperation,1,11967.0
189440,,TilizeWithValPaddingDeviceOperation,1,11962.0
20480,,TilizeWithValPaddingDeviceOperation,1,11959.0
230400,,TilizeWithValPaddingDeviceOperation,1,11959.0
9216,,TilizeWithValPaddingDeviceOperation,1,11957.0
173056,,TilizeWithValPaddingDeviceOperation,1,11953.0
102400,,TilizeWithValPaddingDeviceOperation,1,11952.0
197632,,TilizeWithValPaddingDeviceOperation,1,11951.0
205824,,TilizeWithValPaddingDeviceOperation,1,11948.0
132096,,TilizeWithValPaddingDeviceOperation,1,11947.0
17408,,TilizeWithValPaddingDeviceOperation,1,11945.0
107520,,TilizeWithValPaddingDeviceOperation,1,11943.0
33792,,TilizeWithValPaddingDeviceOperation,1,11942.0
66560,,TilizeWithValPaddingDeviceOperation,1,11940.0
214016,,TilizeWithValPaddingDeviceOperation,1,11940.0
4096,,TilizeWithValPaddingDeviceOperation,1,11937.0
110592,,TilizeWithValPaddingDeviceOperation,1,11936.0
143360,,TilizeWithValPaddingDeviceOperation,1,11936.0
159744,,TilizeWithValPaddingDeviceOperation,1,11936.0
181248,,TilizeWithValPaddingDeviceOperation,1,11935.0
91136,,TilizeWithValPaddingDeviceOperation,1,11933.0
156672,,TilizeWithValPaddingDeviceOperation,1,11931.0
176128,,TilizeWithValPaddingDeviceOperation,1,11931.0
135168,,TilizeWithValPaddingDeviceOperation,1,11929.0
192512,,TilizeWithValPaddingDeviceOperation,1,11928.0
41984,,TilizeWithValPaddingDeviceOperation,1,11925.0
77824,,TilizeWithValPaddingDeviceOperation,1,11923.0
126976,,TilizeWithValPaddingDeviceOperation,1,11923.0
2190336,1,RotaryEmbeddingDeviceOperation,32,11920.0
184320,,TilizeWithValPaddingDeviceOperation,1,11919.0
225280,,TilizeWithValPaddingDeviceOperation,1,11917.0
115712,,TilizeWithValPaddingDeviceOperation,1,11915.0
61440,,TilizeWithValPaddingDeviceOperation,1,11912.0
99328,,TilizeWithValPaddingDeviceOperation,1,11909.0
50176,,TilizeWithValPaddingDeviceOperation,1,11908.0
28672,,TilizeWithValPaddingDeviceOperation,1,11907.0
200704,,TilizeWithValPaddingDeviceOperation,1,11897.0
217088,,TilizeWithValPaddingDeviceOperation,1,11897.0
12288,,TilizeWithValPaddingDeviceOperation,1,11894.0
53248,,TilizeWithValPaddingDeviceOperation,1,11888.0
1697792,1,RotaryEmbeddingDeviceOperation,32,11825.0
1532928,1,LayerNormDeviceOperation,32,11643.0
2415616,1,LayerNormDeviceOperation,32,11585.0
2219008,1,LayerNormDeviceOperation,32,11544.0
1673216,1,LayerNormDeviceOperation,32,11456.0
2582528,1,LayerNormDeviceOperation,28,11353.0
1840128,1,LayerNormDeviceOperation,32,11344.0
1726464,1,LayerNormDeviceOperation,32,11337.0
2370560,1,LayerNormDeviceOperation,32,11326.0
2181120,1,LayerNormDeviceOperation,32,11316.0
1998848,1,LayerNormDeviceOperation,32,11302.0
1612800,1,LayerNormDeviceOperation,32,11296.0
1695744,1,LayerNormDeviceOperation,32,11295.0
2143232,1,LayerNormDeviceOperation,32,11290.0
2256896,1,LayerNormDeviceOperation,32,11285.0
2332672,1,LayerNormDeviceOperation,32,11282.0
1847296,1,LayerNormDeviceOperation,32,11281.0
1915904,1,LayerNormDeviceOperation,32,11271.0
2188288,1,LayerNormDeviceOperation,32,11261.0
1582080,1,LayerNormDeviceOperation,32,11259.0
1514496,1,LayerNormDeviceOperation,32,11224.0
1619968,1,LayerNormDeviceOperation,32,11207.0
1809408,1,LayerNormDeviceOperation,32,11202.0
1495040,1,EmbeddingsDeviceOperation,1,11197.0
2294784,1,LayerNormDeviceOperation,32,11187.0
2408448,1,LayerNormDeviceOperation,32,11187.0
1574912,1,LayerNormDeviceOperation,32,11186.0
1960960,1,LayerNormDeviceOperation,32,11185.0
2203648,1,LayerNormDeviceOperation,32,11185.0
1688576,1,LayerNormDeviceOperation,32,11180.0
2067456,1,LayerNormDeviceOperation,32,11178.0
1991680,1,LayerNormDeviceOperation,32,11166.0
1748992,1,LayerNormDeviceOperation,32,11159.0
1802240,1,LayerNormDeviceOperation,32,11159.0
2150400,1,LayerNormDeviceOperation,32,11155.0
2484224,1,LayerNormDeviceOperation,32,11147.0
2052096,1,LayerNormDeviceOperation,32,11142.0
2355200,1,LayerNormDeviceOperation,32,11142.0
1900544,1,LayerNormDeviceOperation,32,11139.0
1597440,1,LayerNormDeviceOperation,32,11138.0
2165760,1,LayerNormDeviceOperation,32,11138.0
1771520,1,LayerNormDeviceOperation,32,11130.0
1938432,1,LayerNormDeviceOperation,32,11130.0
1908736,1,LayerNormDeviceOperation,32,11128.0
1605632,1,LayerNormDeviceOperation,32,11122.0
1757184,1,LayerNormDeviceOperation,32,11121.0
1711104,1,LayerNormDeviceOperation,32,11120.0
2279424,1,LayerNormDeviceOperation,32,11119.0
2506752,1,LayerNormDeviceOperation,32,11118.0
2127872,1,LayerNormDeviceOperation,32,11117.0
1976320,1,LayerNormDeviceOperation,32,11108.0
2317312,1,LayerNormDeviceOperation,32,11102.0
1878016,1,LayerNormDeviceOperation,32,11101.0
2226176,1,LayerNormDeviceOperation,32,11101.0
2363392,1,LayerNormDeviceOperation,32,11099.0
2430976,1,LayerNormDeviceOperation,32,11099.0
1764352,1,LayerNormDeviceOperation,32,11093.0
1643520,1,LayerNormDeviceOperation,32,11091.0
1719296,1,LayerNormDeviceOperation,32,11090.0
1862656,1,LayerNormDeviceOperation,32,11088.0
1733632,1,LayerNormDeviceOperation,32,11086.0
2393088,1,LayerNormDeviceOperation,32,11085.0
2468864,1,LayerNormDeviceOperation,32,11085.0
1824768,1,LayerNormDeviceOperation,32,11084.0
2029568,1,LayerNormDeviceOperation,32,11082.0
1946624,1,LayerNormDeviceOperation,32,11081.0
2089984,1,LayerNormDeviceOperation,32,11081.0
2446336,1,LayerNormDeviceOperation,32,11080.0
2105344,1,LayerNormDeviceOperation,32,11076.0
2173952,1,LayerNormDeviceOperation,32,11073.0
2014208,1,LayerNormDeviceOperation,32,11072.0
2060288,1,LayerNormDeviceOperation,32,11072.0
2401280,1,LayerNormDeviceOperation,32,11072.0
1786880,1,LayerNormDeviceOperation,32,11068.0
2098176,1,LayerNormDeviceOperation,32,11067.0
1832960,1,LayerNormDeviceOperation,32,11062.0
2325504,1,LayerNormDeviceOperation,32,11059.0
2544640,1,LayerNormDeviceOperation,28,11059.0
1635328,1,LayerNormDeviceOperation,32,11058.0
2136064,1,LayerNormDeviceOperation,32,11056.0
2022400,1,LayerNormDeviceOperation,32,11049.0
2439168,1,LayerNormDeviceOperation,32,11049.0
2339840,1,LayerNormDeviceOperation,32,11047.0
2036736,1,LayerNormDeviceOperation,32,11044.0
2377728,1,LayerNormDeviceOperation,32,11044.0
2241536,1,LayerNormDeviceOperation,32,11040.0
1953792,1,LayerNormDeviceOperation,32,11039.0
2301952,1,LayerNormDeviceOperation,32,11039.0
2074624,1,LayerNormDeviceOperation,32,11037.0
2112512,1,LayerNormDeviceOperation,32,11037.0
2590720,1,LayerNormDeviceOperation,28,11031.0
2264064,1,LayerNormDeviceOperation,32,11018.0
2211840,1,LayerNormDeviceOperation,32,11016.0
1795072,1,LayerNormDeviceOperation,32,11014.0
1870848,1,LayerNormDeviceOperation,32,11007.0
2491392,1,LayerNormDeviceOperation,32,11004.0
2522112,1,LayerNormDeviceOperation,31,11003.0
1567744,1,LayerNormDeviceOperation,32,10996.0
2249728,1,LayerNormDeviceOperation,32,10981.0
2477056,1,LayerNormDeviceOperation,32,10981.0
1984512,1,LayerNormDeviceOperation,32,10976.0
2529280,1,LayerNormDeviceOperation,28,10975.0
2287616,1,LayerNormDeviceOperation,32,10970.0
2552832,1,LayerNormDeviceOperation,28,10957.0
2514944,1,LayerNormDeviceOperation,31,10956.0
1657856,1,LayerNormDeviceOperation,32,10953.0
1885184,1,LayerNormDeviceOperation,32,10950.0
1681408,1,LayerNormDeviceOperation,32,10945.0
1650688,1,LayerNormDeviceOperation,32,10942.0
1923072,1,LayerNormDeviceOperation,32,10942.0
2453504,1,LayerNormDeviceOperation,32,10942.0
2567168,1,LayerNormDeviceOperation,28,10938.0
2560000,1,LayerNormDeviceOperation,28,10903.0
384000,,EmbeddingsDeviceOperation,1,10878.0
1560576,1,LayerNormDeviceOperation,8,10638.0
1497088,1,LayerNormDeviceOperation,8,10591.0
1145856,,LayerNormDeviceOperation,32,10161.0
501760,,LayerNormDeviceOperation,32,10160.0
421888,,LayerNormDeviceOperation,32,10155.0
653312,,LayerNormDeviceOperation,32,10155.0
766976,,LayerNormDeviceOperation,32,10147.0
615424,,LayerNormDeviceOperation,32,10146.0
729088,,LayerNormDeviceOperation,32,10143.0
660480,,LayerNormDeviceOperation,32,10135.0
1259520,,LayerNormDeviceOperation,32,10134.0
1373184,,LayerNormDeviceOperation,32,10132.0
1411072,,LayerNormDeviceOperation,32,10131.0
1107968,,LayerNormDeviceOperation,32,10127.0
1297408,,LayerNormDeviceOperation,32,10126.0
1183744,,LayerNormDeviceOperation,32,10124.0
1115136,,LayerNormDeviceOperation,32,10123.0
1342464,,LayerNormDeviceOperation,32,10123.0
403456,,LayerNormDeviceOperation,32,10122.0
1001472,,LayerNormDeviceOperation,32,10121.0
1077248,,LayerNormDeviceOperation,32,10120.0
1448960,,LayerNormDeviceOperation,32,10118.0
887808,,LayerNormDeviceOperation,32,10117.0
812032,,LayerNormDeviceOperation,32,10116.0
994304,,LayerNormDeviceOperation,32,10116.0
1221632,,LayerNormDeviceOperation,32,10113.0
539648,,LayerNormDeviceOperation,32,10111.0
1304576,,LayerNormDeviceOperation,32,10111.0
463872,,LayerNormDeviceOperation,32,10110.0
584704,,LayerNormDeviceOperation,32,10110.0
804864,,LayerNormDeviceOperation,32,10108.0
1070080,,LayerNormDeviceOperation,32,10108.0
691200,,LayerNormDeviceOperation,32,10107.0
577536,,LayerNormDeviceOperation,32,10106.0
963584,,LayerNormDeviceOperation,32,10106.0
918528,,LayerNormDeviceOperation,32,10102.0
1335296,,LayerNormDeviceOperation,32,10102.0
1456128,,LayerNormDeviceOperation,32,10102.0
925696,,LayerNormDeviceOperation,32,10101.0
774144,,LayerNormDeviceOperation,32,10100.0
1032192,,LayerNormDeviceOperation,32,10099.0
1380352,,LayerNormDeviceOperation,32,10099.0
1418240,,LayerNormDeviceOperation,32,10097.0
698368,,LayerNormDeviceOperation,32,10096.0
736256,,LayerNormDeviceOperation,32,10096.0
1266688,,LayerNormDeviceOperation,32,10094.0
1190912,,LayerNormDeviceOperation,32,10088.0
622592,,LayerNormDeviceOperation,32,10084.0
508928,,LayerNormDeviceOperation,32,10083.0
1228800,,LayerNormDeviceOperation,32,10080.0
546816,,LayerNormDeviceOperation,32,10079.0
1039360,,LayerNormDeviceOperation,32,10079.0
842752,,LayerNormDeviceOperation,32,10078.0
956416,,LayerNormDeviceOperation,32,10078.0
471040,,LayerNormDeviceOperation,32,10076.0
1153024,,LayerNormDeviceOperation,32,10071.0
849920,,LayerNormDeviceOperation,32,10066.0
880640,,LayerNormDeviceOperation,32,10062.0
437248,,FillPadDeviceOperation,64,9740.0
1548288,1,FillPadDeviceOperation,64,9661.0
608256,,LayerNormDeviceOperation,32,9625.0
646144,,LayerNormDeviceOperation,32,9624.0
1138688,,LayerNormDeviceOperation,32,9606.0
911360,,LayerNormDeviceOperation,32,9600.0
827392,,LayerNormDeviceOperation,32,9599.0
949248,,LayerNormDeviceOperation,32,9596.0
532480,,LayerNormDeviceOperation,32,9592.0
1319936,,LayerNormDeviceOperation,32,9589.0
524288,,LayerNormDeviceOperation,32,9588.0
562176,,LayerNormDeviceOperation,32,9588.0
1366016,,LayerNormDeviceOperation,32,9587.0
1395712,,LayerNormDeviceOperation,32,9584.0
1168384,,LayerNormDeviceOperation,32,9583.0
486400,,LayerNormDeviceOperation,32,9582.0
1290240,,LayerNormDeviceOperation,32,9582.0
865280,,LayerNormDeviceOperation,32,9579.0
978944,,LayerNormDeviceOperation,32,9579.0
873472,,LayerNormDeviceOperation,32,9577.0
1244160,,LayerNormDeviceOperation,32,9577.0
456704,,LayerNormDeviceOperation,32,9576.0
1176576,,LayerNormDeviceOperation,32,9575.0
1433600,,LayerNormDeviceOperation,32,9575.0
1357824,,LayerNormDeviceOperation,32,9574.0
675840,,LayerNormDeviceOperation,32,9573.0
1016832,,LayerNormDeviceOperation,32,9572.0
1206272,,LayerNormDeviceOperation,32,9568.0
494592,,LayerNormDeviceOperation,32,9567.0
987136,,LayerNormDeviceOperation,32,9567.0
1441792,,LayerNormDeviceOperation,32,9567.0
941056,,LayerNormDeviceOperation,32,9565.0
1062912,,LayerNormDeviceOperation,32,9564.0
1214464,,LayerNormDeviceOperation,32,9564.0
1054720,,LayerNormDeviceOperation,32,9562.0
1252352,,LayerNormDeviceOperation,32,9562.0
721920,,LayerNormDeviceOperation,32,9561.0
789504,,LayerNormDeviceOperation,32,9561.0
1471488,,LayerNormDeviceOperation,32,9560.0
759808,,LayerNormDeviceOperation,32,9559.0
797696,,LayerNormDeviceOperation,32,9559.0
1025024,,LayerNormDeviceOperation,32,9559.0
1100800,,LayerNormDeviceOperation,32,9557.0
1282048,,LayerNormDeviceOperation,32,9557.0
903168,,LayerNormDeviceOperation,32,9556.0
1092608,,LayerNormDeviceOperation,32,9555.0
1403904,,LayerNormDeviceOperation,32,9554.0
684032,,LayerNormDeviceOperation,32,9553.0
570368,,LayerNormDeviceOperation,32,9549.0
751616,,LayerNormDeviceOperation,32,9549.0
835584,,LayerNormDeviceOperation,32,9548.0
637952,,LayerNormDeviceOperation,32,9547.0
713728,,LayerNormDeviceOperation,32,9545.0
1130496,,LayerNormDeviceOperation,32,9542.0
1479680,,LayerNormDeviceOperation,32,9540.0
1328128,,LayerNormDeviceOperation,32,9539.0
600064,,LayerNormDeviceOperation,32,9515.0
449536,,LayerNormDeviceOperation,8,8997.0
386048,,LayerNormDeviceOperation,8,8967.0
439296,,BinaryNgDeviceOperation,64,8733.0
1550336,1,BinaryNgDeviceOperation,64,7566.0
2004992,1,TypecastDeviceOperation,64,7220.0
1488896,1,TilizeWithValPaddingDeviceOperation,1,6646.0
1504256,1,TilizeWithValPaddingDeviceOperation,1,6641.0
374784,,TilizeWithValPaddingDeviceOperation,1,6634.0
1522688,1,TilizeWithValPaddingDeviceOperation,1,6625.0
1485824,1,TilizeWithValPaddingDeviceOperation,1,6560.0
1159168,,TypecastDeviceOperation,64,6553.0
1121280,,TypecastDeviceOperation,64,6491.0
411648,,TilizeWithValPaddingDeviceOperation,1,6490.0
893952,,TypecastDeviceOperation,64,6475.0
377856,,TilizeWithValPaddingDeviceOperation,1,6474.0
393216,,TilizeWithValPaddingDeviceOperation,1,6458.0
1310720,,TypecastDeviceOperation,64,6420.0
1815552,1,TypecastDeviceOperation,64,6337.0
2232320,1,TypecastDeviceOperation,64,6323.0
780288,,TypecastDeviceOperation,64,6316.0
2042880,1,TypecastDeviceOperation,64,6301.0
1853440,1,TypecastDeviceOperation,64,6272.0
1626112,1,TypecastDeviceOperation,64,6263.0
666624,,TypecastDeviceOperation,64,6240.0
742400,,TypecastDeviceOperation,64,6240.0
2345984,1,TypecastDeviceOperation,64,6237.0
1967104,1,TypecastDeviceOperation,64,6232.0
2236416,1,NLPConcatHeadsDecodeDeviceOperation,16,6216.0
2535424,1,TypecastDeviceOperation,60,6198.0
435200,,TypecastDeviceOperation,64,6184.0
931840,,TypecastDeviceOperation,64,6182.0
1739776,1,TypecastDeviceOperation,64,6176.0
477184,,TypecastDeviceOperation,64,6173.0
2080768,1,TypecastDeviceOperation,64,6139.0
1272832,,TypecastDeviceOperation,64,6131.0
2194432,1,TypecastDeviceOperation,64,6124.0
590848,,TypecastDeviceOperation,64,6121.0
2421760,1,TypecastDeviceOperation,64,6120.0
1592320,1,NLPConcatHeadsDecodeDeviceOperation,16,6109.0
1462272,,TypecastDeviceOperation,64,6035.0
1083392,,TypecastDeviceOperation,64,6033.0
1891328,1,TypecastDeviceOperation,64,6016.0
2308096,1,TypecastDeviceOperation,64,6012.0
552960,,TypecastDeviceOperation,64,6010.0
2459648,1,TypecastDeviceOperation,64,5991.0
1904640,1,BinaryNgDeviceOperation,64,5953.0
1701888,1,TypecastDeviceOperation,64,5952.0
628736,,TypecastDeviceOperation,64,5941.0
1601536,1,BinaryNgDeviceOperation,64,5934.0
2497536,1,TypecastDeviceOperation,64,5934.0
2510848,1,BinaryNgDeviceOperation,63,5933.0
2270208,1,TypecastDeviceOperation,64,5927.0
1715200,1,BinaryNgDeviceOperation,64,5926.0
1828864,1,BinaryNgDeviceOperation,64,5926.0
1980416,1,BinaryNgDeviceOperation,64,5926.0
2056192,1,BinaryNgDeviceOperation,64,5926.0
2321408,1,BinaryNgDeviceOperation,64,5926.0
2207744,1,BinaryNgDeviceOperation,64,5923.0
1753088,1,BinaryNgDeviceOperation,64,5922.0
1942528,1,BinaryNgDeviceOperation,64,5922.0
2245632,1,BinaryNgDeviceOperation,64,5922.0
2283520,1,BinaryNgDeviceOperation,64,5922.0
2435072,1,BinaryNgDeviceOperation,64,5921.0
2472960,1,BinaryNgDeviceOperation,64,5921.0
2548736,1,BinaryNgDeviceOperation,60,5920.0
1045504,,TypecastDeviceOperation,64,5919.0
2018304,1,BinaryNgDeviceOperation,64,5917.0
2397184,1,BinaryNgDeviceOperation,64,5917.0
1563648,1,BinaryNgDeviceOperation,64,5916.0
2131968,1,BinaryNgDeviceOperation,64,5916.0
2359296,1,BinaryNgDeviceOperation,64,5915.0
1866752,1,BinaryNgDeviceOperation,64,5914.0
2094080,1,BinaryNgDeviceOperation,64,5914.0
443392,,NLPConcatHeadsDecodeDeviceOperation,16,5911.0
1639424,1,BinaryNgDeviceOperation,64,5910.0
2169856,1,BinaryNgDeviceOperation,64,5910.0
1777664,1,TypecastDeviceOperation,64,5908.0
1677312,1,BinaryNgDeviceOperation,64,5905.0
2586624,1,BinaryNgDeviceOperation,60,5905.0
1790976,1,BinaryNgDeviceOperation,64,5904.0
1234944,,TypecastDeviceOperation,64,5900.0
1348608,,TypecastDeviceOperation,64,5882.0
1929216,1,TypecastDeviceOperation,64,5876.0
2156544,1,TypecastDeviceOperation,64,5872.0
2118656,1,TypecastDeviceOperation,64,5847.0
1352704,,NLPConcatHeadsDecodeDeviceOperation,16,5845.0
1324032,,BinaryNgDeviceOperation,64,5837.0
856064,,TypecastDeviceOperation,64,5835.0
1163264,,NLPConcatHeadsDecodeDeviceOperation,16,5832.0
898048,,NLPConcatHeadsDecodeDeviceOperation,16,5831.0
945152,,BinaryNgDeviceOperation,64,5831.0
935936,,NLPConcatHeadsDecodeDeviceOperation,16,5827.0
519168,,NLPConcatHeadsDecodeDeviceOperation,16,5826.0
1664000,1,TypecastDeviceOperation,64,5826.0
784384,,NLPConcatHeadsDecodeDeviceOperation,16,5823.0
793600,,BinaryNgDeviceOperation,64,5823.0
604160,,BinaryNgDeviceOperation,64,5822.0
983040,,BinaryNgDeviceOperation,64,5821.0
490496,,BinaryNgDeviceOperation,64,5820.0
907264,,BinaryNgDeviceOperation,64,5816.0
1134592,,BinaryNgDeviceOperation,64,5816.0
1276928,,NLPConcatHeadsDecodeDeviceOperation,16,5814.0
717824,,BinaryNgDeviceOperation,64,5813.0
1125376,,NLPConcatHeadsDecodeDeviceOperation,16,5813.0
1210368,,BinaryNgDeviceOperation,64,5813.0
1096704,,BinaryNgDeviceOperation,64,5812.0
642048,,BinaryNgDeviceOperation,64,5810.0
1466368,,NLPConcatHeadsDecodeDeviceOperation,16,5808.0
1546240,1,TypecastDeviceOperation,64,5808.0
831488,,BinaryNgDeviceOperation,64,5806.0
1399808,,BinaryNgDeviceOperation,64,5806.0
755712,,BinaryNgDeviceOperation,64,5805.0
1058816,,BinaryNgDeviceOperation,64,5802.0
1172480,,BinaryNgDeviceOperation,64,5800.0
1475584,,BinaryNgDeviceOperation,64,5800.0
1049600,,NLPConcatHeadsDecodeDeviceOperation,16,5798.0
452608,,BinaryNgDeviceOperation,64,5797.0
1361920,,BinaryNgDeviceOperation,64,5797.0
1437696,,BinaryNgDeviceOperation,64,5796.0
869376,,BinaryNgDeviceOperation,64,5794.0
1201152,,NLPConcatHeadsDecodeDeviceOperation,16,5792.0
822272,,NLPConcatHeadsDecodeDeviceOperation,16,5788.0
679936,,BinaryNgDeviceOperation,64,5783.0
969728,,TypecastDeviceOperation,64,5783.0
632832,,NLPConcatHeadsDecodeDeviceOperation,16,5781.0
1011712,,NLPConcatHeadsDecodeDeviceOperation,16,5780.0
1248256,,BinaryNgDeviceOperation,64,5780.0
566272,,BinaryNgDeviceOperation,64,5778.0
1390592,,NLPConcatHeadsDecodeDeviceOperation,16,5775.0
594944,,NLPConcatHeadsDecodeDeviceOperation,16,5772.0
708608,,NLPConcatHeadsDecodeDeviceOperation,16,5770.0
1020928,,BinaryNgDeviceOperation,64,5770.0
746496,,NLPConcatHeadsDecodeDeviceOperation,16,5768.0
1087488,,NLPConcatHeadsDecodeDeviceOperation,16,5768.0
1197056,,TypecastDeviceOperation,64,5765.0
1286144,,BinaryNgDeviceOperation,64,5765.0
528384,,BinaryNgDeviceOperation,64,5763.0
860160,,NLPConcatHeadsDecodeDeviceOperation,16,5757.0
1239040,,NLPConcatHeadsDecodeDeviceOperation,16,5755.0
1428480,,NLPConcatHeadsDecodeDeviceOperation,16,5755.0
818176,,TypecastDeviceOperation,64,5746.0
973824,,NLPConcatHeadsDecodeDeviceOperation,16,5745.0
670720,,NLPConcatHeadsDecodeDeviceOperation,16,5732.0
1314816,,NLPConcatHeadsDecodeDeviceOperation,16,5730.0
515072,,TypecastDeviceOperation,64,5727.0
557056,,NLPConcatHeadsDecodeDeviceOperation,16,5711.0
481280,,NLPConcatHeadsDecodeDeviceOperation,16,5696.0
1386496,,TypecastDeviceOperation,64,5677.0
704512,,TypecastDeviceOperation,64,5674.0
2539520,1,NLPConcatHeadsDecodeDeviceOperation,12,5672.0
2573312,1,TypecastDeviceOperation,60,5650.0
1007616,,TypecastDeviceOperation,64,5591.0
2311168,1,TypecastDeviceOperation,64,5587.0
1933312,1,NLPConcatHeadsDecodeDeviceOperation,16,5582.0
1424384,,TypecastDeviceOperation,64,5573.0
1705984,1,NLPConcatHeadsDecodeDeviceOperation,16,5561.0
2312192,1,NLPConcatHeadsDecodeDeviceOperation,16,5520.0
2383872,1,TypecastDeviceOperation,64,5514.0
1554432,1,NLPConcatHeadsDecodeDeviceOperation,16,5505.0
2274304,1,NLPConcatHeadsDecodeDeviceOperation,16,5505.0
1704960,1,TypecastDeviceOperation,64,5500.0
2350080,1,NLPConcatHeadsDecodeDeviceOperation,16,5496.0
427008,,UntilizeWithUnpaddingDeviceOperation,32,5492.0
2045952,1,TypecastDeviceOperation,64,5483.0
1857536,1,NLPConcatHeadsDecodeDeviceOperation,16,5465.0
2387968,1,NLPConcatHeadsDecodeDeviceOperation,16,5446.0
1743872,1,NLPConcatHeadsDecodeDeviceOperation,16,5432.0
2046976,1,NLPConcatHeadsDecodeDeviceOperation,16,5423.0
2273280,1,TypecastDeviceOperation,64,5412.0
2008064,1,TypecastDeviceOperation,64,5384.0
1971200,1,NLPConcatHeadsDecodeDeviceOperation,16,5380.0
1970176,1,TypecastDeviceOperation,64,5375.0
2424832,1,TypecastDeviceOperation,64,5363.0
2235392,1,TypecastDeviceOperation,64,5361.0
1781760,1,NLPConcatHeadsDecodeDeviceOperation,16,5351.0
1780736,1,TypecastDeviceOperation,64,5348.0
1818624,1,TypecastDeviceOperation,64,5336.0
2160640,1,NLPConcatHeadsDecodeDeviceOperation,16,5324.0
1895424,1,NLPConcatHeadsDecodeDeviceOperation,16,5314.0
1588224,1,TypecastDeviceOperation,64,5308.0
1667072,1,TypecastDeviceOperation,64,5299.0
2538496,1,TypecastDeviceOperation,60,5298.0
1630208,1,NLPConcatHeadsDecodeDeviceOperation,16,5288.0
1742848,1,TypecastDeviceOperation,64,5278.0
2122752,1,NLPConcatHeadsDecodeDeviceOperation,16,5278.0
1629184,1,TypecastDeviceOperation,64,5272.0
2197504,1,TypecastDeviceOperation,64,5265.0
2577408,1,NLPConcatHeadsDecodeDeviceOperation,12,5257.0
2349056,1,TypecastDeviceOperation,64,5255.0
419840,,TypecastDeviceOperation,64,5247.0
1010688,,TypecastDeviceOperation,64,5243.0
1856512,1,TypecastDeviceOperation,64,5242.0
934912,,TypecastDeviceOperation,64,5238.0
2425856,1,NLPConcatHeadsDecodeDeviceOperation,16,5230.0
2084864,1,NLPConcatHeadsDecodeDeviceOperation,16,5229.0
1819648,1,NLPConcatHeadsDecodeDeviceOperation,16,5226.0
2501632,1,NLPConcatHeadsDecodeDeviceOperation,16,5225.0
1668096,1,NLPConcatHeadsDecodeDeviceOperation,16,5222.0
2198528,1,NLPConcatHeadsDecodeDeviceOperation,16,5218.0
2159616,1,TypecastDeviceOperation,64,5215.0
2462720,1,TypecastDeviceOperation,64,5215.0
2009088,1,NLPConcatHeadsDecodeDeviceOperation,16,5214.0
707584,,TypecastDeviceOperation,64,5200.0
1894400,1,TypecastDeviceOperation,64,5198.0
1275904,,TypecastDeviceOperation,64,5194.0
556032,,TypecastDeviceOperation,64,5192.0
821248,,TypecastDeviceOperation,64,5192.0
1538048,1,UntilizeWithUnpaddingDeviceOperation,32,5192.0
2500608,1,TypecastDeviceOperation,64,5192.0
745472,,TypecastDeviceOperation,64,5187.0
2463744,1,NLPConcatHeadsDecodeDeviceOperation,16,5180.0
1048576,,TypecastDeviceOperation,64,5177.0
897024,,TypecastDeviceOperation,64,5176.0
2576384,1,TypecastDeviceOperation,60,5176.0
1238016,,TypecastDeviceOperation,64,5171.0
1162240,,TypecastDeviceOperation,64,5170.0
1591296,1,TypecastDeviceOperation,64,5167.0
1351680,,TypecastDeviceOperation,64,5165.0
1549312,1,ReduceDeviceOperation,32,5165.0
631808,,TypecastDeviceOperation,64,5164.0
593920,,TypecastDeviceOperation,64,5157.0
859136,,TypecastDeviceOperation,64,5156.0
1389568,,TypecastDeviceOperation,64,5153.0
783360,,TypecastDeviceOperation,64,5149.0
1932288,1,TypecastDeviceOperation,64,5146.0
1200128,,TypecastDeviceOperation,64,5142.0
1465344,,TypecastDeviceOperation,64,5137.0
480256,,TypecastDeviceOperation,64,5134.0
2386944,1,TypecastDeviceOperation,64,5133.0
1427456,,TypecastDeviceOperation,64,5129.0
518144,,TypecastDeviceOperation,64,5120.0
2083840,1,TypecastDeviceOperation,64,5120.0
438272,,ReduceDeviceOperation,32,5118.0
431104,,TypecastDeviceOperation,64,5117.0
1086464,,TypecastDeviceOperation,64,5115.0
1124352,,TypecastDeviceOperation,64,5115.0
669696,,TypecastDeviceOperation,64,5086.0
1530880,1,TypecastDeviceOperation,64,5085.0
442368,,TypecastDeviceOperation,64,5080.0
1313792,,TypecastDeviceOperation,64,5075.0
972800,,TypecastDeviceOperation,64,5073.0
2121728,1,TypecastDeviceOperation,64,5065.0
1553408,1,TypecastDeviceOperation,64,4927.0
667648,,InterleavedToShardedDeviceOperation,32,4820.0
819200,,InterleavedToShardedDeviceOperation,32,4820.0
1542144,1,TypecastDeviceOperation,64,4804.0
2119680,1,InterleavedToShardedDeviceOperation,32,4323.0
629760,,InterleavedToShardedDeviceOperation,32,4299.0
1084416,,InterleavedToShardedDeviceOperation,32,4283.0
1349632,,InterleavedToShardedDeviceOperation,32,4265.0
743424,,InterleavedToShardedDeviceOperation,32,4261.0
2233344,1,InterleavedToShardedDeviceOperation,32,4258.0
781312,,InterleavedToShardedDeviceOperation,32,4252.0
705536,,InterleavedToShardedDeviceOperation,32,4203.0
932864,,InterleavedToShardedDeviceOperation,32,4203.0
1551360,1,InterleavedToShardedDeviceOperation,32,4203.0
1235968,,InterleavedToShardedDeviceOperation,32,4166.0
1273856,,InterleavedToShardedDeviceOperation,32,4163.0
970752,,InterleavedToShardedDeviceOperation,32,4125.0
591872,,InterleavedToShardedDeviceOperation,32,4123.0
516096,,InterleavedToShardedDeviceOperation,32,4122.0
1311744,,InterleavedToShardedDeviceOperation,32,4117.0
440320,,InterleavedToShardedDeviceOperation,32,4090.0
1046528,,InterleavedToShardedDeviceOperation,32,4072.0
1122304,,InterleavedToShardedDeviceOperation,32,4056.0
1425408,,InterleavedToShardedDeviceOperation,32,3993.0
2195456,1,InterleavedToShardedDeviceOperation,32,3960.0
1463296,,InterleavedToShardedDeviceOperation,32,3948.0
1198080,,InterleavedToShardedDeviceOperation,32,3919.0
553984,,InterleavedToShardedDeviceOperation,32,3904.0
1892352,1,InterleavedToShardedDeviceOperation,32,3888.0
2309120,1,InterleavedToShardedDeviceOperation,32,3875.0
1008640,,InterleavedToShardedDeviceOperation,32,3863.0
1387520,,InterleavedToShardedDeviceOperation,32,3848.0
478208,,InterleavedToShardedDeviceOperation,32,3828.0
2536448,1,InterleavedToShardedDeviceOperation,28,3796.0
2006016,1,InterleavedToShardedDeviceOperation,32,3795.0
2498560,1,InterleavedToShardedDeviceOperation,32,3787.0
857088,,InterleavedToShardedDeviceOperation,32,3774.0
1665024,1,InterleavedToShardedDeviceOperation,32,3749.0
1160192,,InterleavedToShardedDeviceOperation,32,3729.0
436224,,ShardedToInterleavedDeviceOperation,32,3694.0
894976,,InterleavedToShardedDeviceOperation,32,3689.0
1854464,1,InterleavedToShardedDeviceOperation,32,3665.0
412672,,BinaryNgDeviceOperation,64,3633.0
425984,,ShardedToInterleavedDeviceOperation,32,3584.0
1627136,1,InterleavedToShardedDeviceOperation,32,3533.0
1930240,1,InterleavedToShardedDeviceOperation,32,3531.0
1589248,1,InterleavedToShardedDeviceOperation,32,3522.0
1537024,1,ShardedToInterleavedDeviceOperation,32,3521.0
2422784,1,InterleavedToShardedDeviceOperation,32,3510.0
1702912,1,InterleavedToShardedDeviceOperation,32,3486.0
2081792,1,InterleavedToShardedDeviceOperation,32,3486.0
1839104,1,ReshardDeviceOperation,32,3457.0
1581056,1,ReshardDeviceOperation,32,3449.0
1523712,1,BinaryNgDeviceOperation,64,3442.0
2066432,1,ReshardDeviceOperation,32,3432.0
2271232,1,InterleavedToShardedDeviceOperation,32,3413.0
2460672,1,InterleavedToShardedDeviceOperation,32,3410.0
1778688,1,InterleavedToShardedDeviceOperation,32,3400.0
2521088,1,ReshardDeviceOperation,31,3369.0
2347008,1,InterleavedToShardedDeviceOperation,32,3367.0
394240,,BinaryNgDeviceOperation,64,3353.0
1816576,1,InterleavedToShardedDeviceOperation,32,3342.0
1968128,1,InterleavedToShardedDeviceOperation,32,3323.0
2574336,1,InterleavedToShardedDeviceOperation,28,3323.0
2043904,1,InterleavedToShardedDeviceOperation,32,3306.0
1990656,1,ReshardDeviceOperation,32,3299.0
1763328,1,ReshardDeviceOperation,32,3296.0
2157568,1,InterleavedToShardedDeviceOperation,32,3269.0
2217984,1,ReshardDeviceOperation,32,3264.0
2293760,1,ReshardDeviceOperation,32,3252.0
430080,,InterleavedToShardedDeviceOperation,32,3246.0
1914880,1,ReshardDeviceOperation,32,3244.0
2142208,1,ReshardDeviceOperation,32,3238.0
1732608,1,ReshardDeviceOperation,32,3216.0
2369536,1,ReshardDeviceOperation,32,3208.0
778240,,CopyDeviceOperation,64,3204.0
1611776,1,ReshardDeviceOperation,32,3193.0
1346560,,CopyDeviceOperation,64,3184.0
2445312,1,ReshardDeviceOperation,32,3170.0
702464,,CopyDeviceOperation,64,3163.0
1081344,,CopyDeviceOperation,64,3160.0
2384896,1,InterleavedToShardedDeviceOperation,32,3155.0
1573888,1,ReshardDeviceOperation,32,3150.0
1308672,,CopyDeviceOperation,64,3149.0
1043456,,CopyDeviceOperation,64,3146.0
550912,,CopyDeviceOperation,64,3139.0
891904,,CopyDeviceOperation,64,3135.0
854016,,CopyDeviceOperation,64,3089.0
1547264,1,ShardedToInterleavedDeviceOperation,32,3079.0
740352,,CopyDeviceOperation,64,3078.0
664576,,CopyDeviceOperation,64,3077.0
1737728,1,CopyDeviceOperation,64,3076.0
1119232,,CopyDeviceOperation,64,3065.0
1884160,1,ReshardDeviceOperation,32,3061.0
1740800,1,InterleavedToShardedDeviceOperation,32,3060.0
1801216,1,ReshardDeviceOperation,32,3054.0
588800,,CopyDeviceOperation,64,3040.0
1505280,1,BinaryNgDeviceOperation,64,3028.0
2558976,1,ReshardDeviceOperation,28,3023.0
929792,,CopyDeviceOperation,64,3015.0
513024,,CopyDeviceOperation,64,3011.0
1195008,,CopyDeviceOperation,64,3006.0
1460224,,CopyDeviceOperation,64,3000.0
1526784,1,UntilizeWithUnpaddingDeviceOperation,1,2989.0
1232896,,CopyDeviceOperation,64,2973.0
816128,,CopyDeviceOperation,64,2972.0
2452480,1,ReshardDeviceOperation,32,2963.0
993280,,ReshardDeviceOperation,32,2955.0
1846272,1,ReshardDeviceOperation,32,2955.0
967680,,CopyDeviceOperation,64,2934.0
2104320,1,ReshardDeviceOperation,32,2925.0
626688,,CopyDeviceOperation,64,2918.0
1265664,,ReshardDeviceOperation,32,2916.0
1813504,1,CopyDeviceOperation,64,2909.0
475136,,CopyDeviceOperation,64,2905.0
1270784,,CopyDeviceOperation,64,2902.0
1422336,,CopyDeviceOperation,64,2897.0
659456,,ReshardDeviceOperation,32,2876.0
1384448,,CopyDeviceOperation,64,2873.0
1541120,1,InterleavedToShardedDeviceOperation,32,2871.0
2376704,1,ReshardDeviceOperation,32,2868.0
1544192,1,CopyDeviceOperation,64,2859.0
1005568,,CopyDeviceOperation,64,2854.0
1649664,1,ReshardDeviceOperation,32,2849.0
2528256,1,ReshardDeviceOperation,28,2849.0
1157120,,CopyDeviceOperation,64,2845.0
2225152,1,ReshardDeviceOperation,32,2841.0
1661952,1,CopyDeviceOperation,64,2833.0
2419712,1,CopyDeviceOperation,64,2832.0
2566144,1,ReshardDeviceOperation,28,2832.0
1770496,1,ReshardDeviceOperation,32,2826.0
433152,,CopyDeviceOperation,64,2825.0
1997824,1,ReshardDeviceOperation,32,2822.0
1618944,1,ReshardDeviceOperation,32,2820.0
538624,,ReshardDeviceOperation,32,2813.0
1952768,1,ReshardDeviceOperation,32,2807.0
1114112,,ReshardDeviceOperation,32,2799.0
2263040,1,ReshardDeviceOperation,32,2799.0
1656832,1,ReshardDeviceOperation,32,2793.0
1513472,1,ReshardDeviceOperation,32,2784.0
2035712,1,ReshardDeviceOperation,32,2784.0
1725440,1,ReshardDeviceOperation,32,2779.0
1227776,,ReshardDeviceOperation,32,2761.0
652288,,ReshardDeviceOperation,32,2760.0
1808384,1,ReshardDeviceOperation,32,2751.0
378880,,BinaryNgDeviceOperation,64,2747.0
1489920,1,BinaryNgDeviceOperation,64,2743.0
1372160,,ReshardDeviceOperation,32,2731.0
1965056,1,CopyDeviceOperation,64,2729.0
1687552,1,ReshardDeviceOperation,32,2725.0
2028544,1,ReshardDeviceOperation,32,2723.0
2187264,1,ReshardDeviceOperation,32,2719.0
1959936,1,ReshardDeviceOperation,32,2718.0
2338816,1,ReshardDeviceOperation,32,2717.0
432128,,ShardedToInterleavedDeviceOperation,32,2716.0
2255872,1,ReshardDeviceOperation,32,2711.0
917504,,ReshardDeviceOperation,32,2700.0
1379328,,ReshardDeviceOperation,32,2693.0
1851392,1,CopyDeviceOperation,64,2691.0
2483200,1,ReshardDeviceOperation,32,2686.0
955392,,ReshardDeviceOperation,32,2680.0
2149376,1,ReshardDeviceOperation,32,2665.0
2336768,1,InterleavedToShardedDeviceOperation,32,2662.0
2490368,1,ReshardDeviceOperation,32,2662.0
1876992,1,ReshardDeviceOperation,32,2661.0
1189888,,ReshardDeviceOperation,32,2660.0
1486848,1,BinaryNgDeviceOperation,64,2660.0
2300928,1,ReshardDeviceOperation,32,2660.0
2306048,1,CopyDeviceOperation,64,2657.0
2407424,1,ReshardDeviceOperation,32,2653.0
2111488,1,ReshardDeviceOperation,32,2652.0
1624064,1,CopyDeviceOperation,64,2650.0
690176,,ReshardDeviceOperation,32,2645.0
1889280,1,CopyDeviceOperation,64,2645.0
402432,,ReshardDeviceOperation,32,2644.0
1258496,,ReshardDeviceOperation,32,2644.0
2192384,1,CopyDeviceOperation,64,2642.0
500736,,ReshardDeviceOperation,32,2633.0
919552,,ShardedToInterleavedDeviceOperation,32,2631.0
2154496,1,CopyDeviceOperation,64,2628.0
1447936,,ReshardDeviceOperation,32,2625.0
415744,,UntilizeWithUnpaddingDeviceOperation,1,2620.0
375808,,BinaryNgDeviceOperation,64,2616.0
1922048,1,ReshardDeviceOperation,32,2614.0
2002944,1,CopyDeviceOperation,64,2612.0
2180096,1,ReshardDeviceOperation,32,2608.0
1586176,1,CopyDeviceOperation,64,2607.0
886784,,ReshardDeviceOperation,32,2605.0
1144832,,ReshardDeviceOperation,32,2605.0
2078720,1,CopyDeviceOperation,64,2605.0
811008,,ReshardDeviceOperation,32,2603.0
2495488,1,CopyDeviceOperation,64,2602.0
1341440,,ReshardDeviceOperation,32,2595.0
470016,,ReshardDeviceOperation,32,2588.0
697344,,ReshardDeviceOperation,32,2587.0
2040832,1,CopyDeviceOperation,64,2587.0
1222656,,ShardedToInterleavedDeviceOperation,32,2585.0
888832,,ShardedToInterleavedDeviceOperation,32,2583.0
773120,,ReshardDeviceOperation,32,2581.0
2381824,1,CopyDeviceOperation,64,2575.0
2073600,1,ReshardDeviceOperation,32,2568.0
2414592,1,ReshardDeviceOperation,32,2565.0
1303552,,ReshardDeviceOperation,32,2563.0
2533376,1,CopyDeviceOperation,60,2558.0
1076224,,ReshardDeviceOperation,32,2548.0
1069056,,ReshardDeviceOperation,32,2547.0
1038336,,ReshardDeviceOperation,32,2540.0
1296384,,ReshardDeviceOperation,32,2524.0
2153472,1,SliceDeviceOperation,64,2507.0
813056,,ShardedToInterleavedDeviceOperation,32,2500.0
545792,,ReshardDeviceOperation,32,2499.0
2331648,1,ReshardDeviceOperation,32,2499.0
1455104,,ReshardDeviceOperation,32,2493.0
2230272,1,CopyDeviceOperation,64,2487.0
805888,,ShardedToInterleavedDeviceOperation,32,2485.0
576512,,ReshardDeviceOperation,32,2483.0
1417216,,ReshardDeviceOperation,32,2481.0
1182720,,ReshardDeviceOperation,32,2480.0
1334272,,ReshardDeviceOperation,32,2476.0
1116160,,ShardedToInterleavedDeviceOperation,32,2472.0
583680,,ReshardDeviceOperation,32,2469.0
841728,,ReshardDeviceOperation,32,2466.0
614400,,ReshardDeviceOperation,32,2462.0
1694720,1,ReshardDeviceOperation,32,2461.0
1220608,,ReshardDeviceOperation,32,2456.0
462848,,ReshardDeviceOperation,32,2454.0
1040384,,ShardedToInterleavedDeviceOperation,32,2452.0
924672,,ReshardDeviceOperation,32,2446.0
728064,,ReshardDeviceOperation,32,2445.0
1033216,,ShardedToInterleavedDeviceOperation,32,2445.0
1078272,,ShardedToInterleavedDeviceOperation,32,2445.0
420864,,ReshardDeviceOperation,32,2443.0
1000448,,ReshardDeviceOperation,32,2443.0
926720,,ShardedToInterleavedDeviceOperation,32,2441.0
1775616,1,CopyDeviceOperation,64,2441.0
775168,,ShardedToInterleavedDeviceOperation,32,2433.0
850944,,ShardedToInterleavedDeviceOperation,32,2426.0
1374208,,ShardedToInterleavedDeviceOperation,32,2426.0
1031168,,ReshardDeviceOperation,32,2421.0
803840,,ReshardDeviceOperation,32,2420.0
2116608,1,CopyDeviceOperation,64,2415.0
2343936,1,CopyDeviceOperation,64,2414.0
692224,,ShardedToInterleavedDeviceOperation,32,2411.0
547840,,ShardedToInterleavedDeviceOperation,32,2404.0
661504,,ShardedToInterleavedDeviceOperation,32,2402.0
2571264,1,CopyDeviceOperation,60,2399.0
472064,,ShardedToInterleavedDeviceOperation,32,2395.0
621568,,ReshardDeviceOperation,32,2395.0
1152000,,ReshardDeviceOperation,32,2395.0
1267712,,ShardedToInterleavedDeviceOperation,32,2393.0
502784,,ShardedToInterleavedDeviceOperation,32,2389.0
1410048,,ReshardDeviceOperation,32,2384.0
1071104,,ShardedToInterleavedDeviceOperation,32,2382.0
654336,,ShardedToInterleavedDeviceOperation,32,2379.0
404480,,ShardedToInterleavedDeviceOperation,32,2376.0
507904,,ReshardDeviceOperation,32,2366.0
1106944,,ReshardDeviceOperation,32,2365.0
737280,,ShardedToInterleavedDeviceOperation,32,2363.0
699392,,ShardedToInterleavedDeviceOperation,32,2353.0
962560,,ReshardDeviceOperation,32,2348.0
1154048,,ShardedToInterleavedDeviceOperation,32,2348.0
1260544,,ShardedToInterleavedDeviceOperation,32,2345.0
1699840,1,CopyDeviceOperation,64,2342.0
1298432,,ShardedToInterleavedDeviceOperation,32,2339.0
1449984,,ShardedToInterleavedDeviceOperation,32,2339.0
1412096,,ShardedToInterleavedDeviceOperation,32,2338.0
1381376,,ShardedToInterleavedDeviceOperation,32,2336.0
1772544,1,ShardedToInterleavedDeviceOperation,32,2336.0
623616,,ShardedToInterleavedDeviceOperation,32,2334.0
995328,,ShardedToInterleavedDeviceOperation,32,2333.0
578560,,ShardedToInterleavedDeviceOperation,32,2327.0
957440,,ShardedToInterleavedDeviceOperation,32,2326.0
2568192,1,ShardedToInterleavedDeviceOperation,28,2325.0
843776,,ShardedToInterleavedDeviceOperation,32,2323.0
1305600,,ShardedToInterleavedDeviceOperation,32,2316.0
730112,,ShardedToInterleavedDeviceOperation,32,2311.0
765952,,ReshardDeviceOperation,32,2305.0
1343488,,ShardedToInterleavedDeviceOperation,32,2304.0
464896,,ShardedToInterleavedDeviceOperation,32,2303.0
1336320,,ShardedToInterleavedDeviceOperation,32,2302.0
585728,,ShardedToInterleavedDeviceOperation,32,2300.0
1414144,,SliceDeviceOperation,64,2300.0
422912,,ShardedToInterleavedDeviceOperation,32,2297.0
883712,,SliceDeviceOperation,64,2294.0
2070528,1,SliceDeviceOperation,64,2285.0
881664,,ShardedToInterleavedDeviceOperation,32,2278.0
509952,,ShardedToInterleavedDeviceOperation,32,2276.0
2457600,1,CopyDeviceOperation,64,2276.0
1457152,,ShardedToInterleavedDeviceOperation,32,2273.0
694272,,SliceDeviceOperation,64,2272.0
616448,,ShardedToInterleavedDeviceOperation,32,2271.0
1146880,,ShardedToInterleavedDeviceOperation,32,2269.0
848896,,ReshardDeviceOperation,32,2267.0
1184768,,ShardedToInterleavedDeviceOperation,32,2254.0
2001920,1,SliceDeviceOperation,64,2254.0
1002496,,ShardedToInterleavedDeviceOperation,32,2252.0
2268160,1,CopyDeviceOperation,64,2250.0
1583104,1,ShardedToInterleavedDeviceOperation,32,2249.0
1419264,,ShardedToInterleavedDeviceOperation,32,2247.0
1191936,,ShardedToInterleavedDeviceOperation,32,2244.0
2184192,1,SliceDeviceOperation,64,2244.0
1108992,,ShardedToInterleavedDeviceOperation,32,2243.0
540672,,ShardedToInterleavedDeviceOperation,32,2241.0
964608,,ShardedToInterleavedDeviceOperation,32,2238.0
735232,,ReshardDeviceOperation,32,2236.0
1229824,,ShardedToInterleavedDeviceOperation,32,2235.0
2265088,1,ShardedToInterleavedDeviceOperation,32,2228.0
1577984,1,SliceDeviceOperation,64,2225.0
1376256,,SliceDeviceOperation,64,2221.0
1515520,1,ShardedToInterleavedDeviceOperation,32,2220.0
2494464,1,SliceDeviceOperation,64,2210.0
768000,,ShardedToInterleavedDeviceOperation,32,2208.0
1926144,1,SliceDeviceOperation,64,2203.0
2409472,1,ShardedToInterleavedDeviceOperation,32,2203.0
2106368,1,ShardedToInterleavedDeviceOperation,32,2179.0
879616,,ReshardDeviceOperation,32,2178.0
1073152,,SliceDeviceOperation,64,2173.0
2257920,1,ShardedToInterleavedDeviceOperation,32,2172.0
890880,,SliceDeviceOperation,64,2167.0
618496,,SliceDeviceOperation,64,2163.0
2222080,1,SliceDeviceOperation,64,2160.0
1269760,,SliceDeviceOperation,64,2158.0
1383424,,SliceDeviceOperation,64,2151.0
815104,,SliceDeviceOperation,64,2147.0
966656,,SliceDeviceOperation,64,2147.0
2302976,1,ShardedToInterleavedDeviceOperation,32,2145.0
1916928,1,ShardedToInterleavedDeviceOperation,32,2143.0
1927168,1,CopyDeviceOperation,64,2143.0
2485248,1,ShardedToInterleavedDeviceOperation,32,2139.0
997376,,SliceDeviceOperation,64,2138.0
2115584,1,SliceDeviceOperation,64,2127.0
1042432,,SliceDeviceOperation,64,2125.0
1118208,,SliceDeviceOperation,64,2125.0
1879040,1,ShardedToInterleavedDeviceOperation,32,2123.0
2492416,1,ShardedToInterleavedDeviceOperation,32,2119.0
1658880,1,ShardedToInterleavedDeviceOperation,32,2116.0
2182144,1,ShardedToInterleavedDeviceOperation,32,2115.0
1841152,1,ShardedToInterleavedDeviceOperation,32,2114.0
2373632,1,SliceDeviceOperation,64,2114.0
416768,,RepeatDeviceOperation,64,2114.0
1527808,1,RepeatDeviceOperation,64,2114.0
1186816,,SliceDeviceOperation,64,2113.0
2380800,1,SliceDeviceOperation,64,2098.0
852992,,SliceDeviceOperation,64,2092.0
770048,,SliceDeviceOperation,64,2090.0
1954816,1,ShardedToInterleavedDeviceOperation,32,2090.0
2342912,1,SliceDeviceOperation,64,2087.0
2144256,1,ShardedToInterleavedDeviceOperation,32,2086.0
1558528,1,BinaryNgDeviceOperation,64,2081.0
1924096,1,ShardedToInterleavedDeviceOperation,32,2079.0
1004544,,SliceDeviceOperation,64,2077.0
542720,,SliceDeviceOperation,64,2073.0
1111040,,SliceDeviceOperation,64,2064.0
1698816,1,SliceDeviceOperation,64,2063.0
2113536,1,ShardedToInterleavedDeviceOperation,32,2062.0
739328,,SliceDeviceOperation,64,2059.0
2267136,1,SliceDeviceOperation,64,2054.0
1881088,1,SliceDeviceOperation,64,2052.0
1345536,,SliceDeviceOperation,64,2051.0
1536000,1,SliceDeviceOperation,64,2051.0
2030592,1,ShardedToInterleavedDeviceOperation,32,2051.0
663552,,SliceDeviceOperation,64,2043.0
2259968,1,SliceDeviceOperation,64,2042.0
2146304,1,SliceDeviceOperation,64,2041.0
2525184,1,SliceDeviceOperation,60,2039.0
447488,,BinaryNgDeviceOperation,64,2038.0
504832,,SliceDeviceOperation,64,2038.0
1307648,,SliceDeviceOperation,64,2037.0
1338368,,SliceDeviceOperation,64,2035.0
2335744,1,SliceDeviceOperation,64,2032.0
474112,,SliceDeviceOperation,64,2031.0
1035264,,SliceDeviceOperation,64,2030.0
424960,,SliceDeviceOperation,64,2028.0
2333696,1,ShardedToInterleavedDeviceOperation,32,2027.0
959488,,SliceDeviceOperation,64,2026.0
1300480,,SliceDeviceOperation,64,2025.0
1080320,,SliceDeviceOperation,64,2024.0
2077696,1,SliceDeviceOperation,64,2024.0
466944,,SliceDeviceOperation,64,2019.0
1585152,1,SliceDeviceOperation,64,2019.0
1736704,1,SliceDeviceOperation,64,2018.0
2032640,1,SliceDeviceOperation,64,2017.0
1653760,1,SliceDeviceOperation,64,2014.0
1224704,,SliceDeviceOperation,64,2012.0
1888256,1,SliceDeviceOperation,64,2011.0
2220032,1,ShardedToInterleavedDeviceOperation,32,2010.0
2340864,1,ShardedToInterleavedDeviceOperation,32,2009.0
701440,,SliceDeviceOperation,64,2008.0
2456576,1,SliceDeviceOperation,64,2006.0
428032,,RepeatDeviceOperation,64,2006.0
2108416,1,SliceDeviceOperation,64,2005.0
1810432,1,ShardedToInterleavedDeviceOperation,32,2002.0
1459200,,SliceDeviceOperation,64,2000.0
2227200,1,ShardedToInterleavedDeviceOperation,32,2000.0
2229248,1,SliceDeviceOperation,64,2000.0
928768,,SliceDeviceOperation,64,1994.0
1691648,1,SliceDeviceOperation,64,1994.0
1805312,1,SliceDeviceOperation,64,1994.0
401408,,TypecastDeviceOperation,4,1993.0
1994752,1,SliceDeviceOperation,64,1992.0
1660928,1,SliceDeviceOperation,64,1991.0
2418688,1,SliceDeviceOperation,64,1991.0
399360,,TypecastDeviceOperation,4,1990.0
1156096,,SliceDeviceOperation,64,1990.0
1843200,1,SliceDeviceOperation,64,1989.0
2570240,1,SliceDeviceOperation,60,1987.0
1696768,1,ShardedToInterleavedDeviceOperation,32,1983.0
580608,,SliceDeviceOperation,64,1982.0
656384,,SliceDeviceOperation,64,1982.0
1956864,1,SliceDeviceOperation,64,1982.0
777216,,SliceDeviceOperation,64,1981.0
807936,,SliceDeviceOperation,64,1981.0
1613824,1,ShardedToInterleavedDeviceOperation,32,1980.0
2037760,1,ShardedToInterleavedDeviceOperation,32,1980.0
1623040,1,SliceDeviceOperation,64,1978.0
408576,,SliceDeviceOperation,64,1977.0
1918976,1,SliceDeviceOperation,64,1977.0
921600,,SliceDeviceOperation,64,1976.0
1452032,,SliceDeviceOperation,64,1976.0
1193984,,SliceDeviceOperation,64,1975.0
1961984,1,ShardedToInterleavedDeviceOperation,32,1973.0
549888,,SliceDeviceOperation,64,1971.0
2416640,1,ShardedToInterleavedDeviceOperation,32,1969.0
732160,,SliceDeviceOperation,64,1968.0
1262592,,SliceDeviceOperation,64,1968.0
2532352,1,SliceDeviceOperation,60,1964.0
1421312,,SliceDeviceOperation,64,1960.0
1148928,,SliceDeviceOperation,64,1959.0
1729536,1,SliceDeviceOperation,64,1959.0
2297856,1,SliceDeviceOperation,64,1957.0
2449408,1,SliceDeviceOperation,64,1957.0
1812480,1,SliceDeviceOperation,64,1956.0
1615872,1,SliceDeviceOperation,64,1955.0
1765376,1,ShardedToInterleavedDeviceOperation,32,1954.0
1774592,1,SliceDeviceOperation,64,1952.0
2411520,1,SliceDeviceOperation,64,1941.0
625664,,SliceDeviceOperation,64,1932.0
1850368,1,SliceDeviceOperation,64,1932.0
1509376,1,UnaryDeviceOperation,64,1930.0
2563072,1,SliceDeviceOperation,60,1927.0
2487296,1,SliceDeviceOperation,64,1926.0
845824,,SliceDeviceOperation,64,1925.0
1767424,1,SliceDeviceOperation,64,1925.0
1620992,1,ShardedToInterleavedDeviceOperation,32,1921.0
1325056,,ReshardDeviceOperation,8,1915.0
643072,,ReshardDeviceOperation,8,1913.0
1848320,1,ShardedToInterleavedDeviceOperation,32,1912.0
1231872,,SliceDeviceOperation,64,1908.0
1519616,1,SliceDeviceOperation,64,1900.0
2189312,1,ShardedToInterleavedDeviceOperation,32,1898.0
2039808,1,SliceDeviceOperation,64,1896.0
2191360,1,SliceDeviceOperation,64,1888.0
512000,,SliceDeviceOperation,64,1886.0
1734656,1,ShardedToInterleavedDeviceOperation,32,1880.0
1999872,1,ShardedToInterleavedDeviceOperation,32,1879.0
718848,,ReshardDeviceOperation,8,1874.0
2075648,1,ShardedToInterleavedDeviceOperation,32,1873.0
587776,,SliceDeviceOperation,64,1872.0
2305024,1,SliceDeviceOperation,64,1871.0
1512448,1,TypecastDeviceOperation,4,1869.0
2371584,1,ShardedToInterleavedDeviceOperation,32,1869.0
1992704,1,ShardedToInterleavedDeviceOperation,32,1865.0
1964032,1,SliceDeviceOperation,64,1862.0
1510400,1,TypecastDeviceOperation,4,1859.0
1803264,1,ShardedToInterleavedDeviceOperation,32,1859.0
984064,,ReshardDeviceOperation,8,1858.0
1438720,,ReshardDeviceOperation,8,1858.0
2200576,1,InterleavedToShardedDeviceOperation,8,1853.0
567296,,ReshardDeviceOperation,8,1851.0
398336,,UnaryDeviceOperation,64,1849.0
1543168,1,ShardedToInterleavedDeviceOperation,32,1841.0
2447360,1,ShardedToInterleavedDeviceOperation,32,1836.0
2151424,1,ShardedToInterleavedDeviceOperation,32,1835.0
2598912,,UntilizeWithUnpaddingDeviceOperation,1,1831.0
2596864,,UntilizeWithUnpaddingDeviceOperation,1,1830.0
2611200,,UntilizeWithUnpaddingDeviceOperation,1,1828.0
2378752,1,ShardedToInterleavedDeviceOperation,32,1827.0
1511424,1,UnaryDeviceOperation,64,1826.0
2612224,,UntilizeWithUnpaddingDeviceOperation,1,1817.0
1564672,1,ReshardDeviceOperation,8,1810.0
870400,,ReshardDeviceOperation,8,1803.0
2561024,1,ShardedToInterleavedDeviceOperation,28,1803.0
605184,,ReshardDeviceOperation,8,1795.0
2068480,1,ShardedToInterleavedDeviceOperation,32,1794.0
1211392,,ReshardDeviceOperation,8,1785.0
2095104,1,ReshardDeviceOperation,8,1785.0
497664,,ShardedToInterleavedDeviceOperation,64,1784.0
1689600,1,ShardedToInterleavedDeviceOperation,32,1779.0
1886208,1,ShardedToInterleavedDeviceOperation,32,1774.0
1539072,1,RepeatDeviceOperation,64,1773.0
2019328,1,ReshardDeviceOperation,8,1770.0
1792000,1,ReshardDeviceOperation,8,1767.0
695296,,InterleavedToShardedDeviceOperation,32,1765.0
800768,,ShardedToInterleavedDeviceOperation,64,1763.0
808960,,InterleavedToShardedDeviceOperation,32,1760.0
2454528,1,ShardedToInterleavedDeviceOperation,32,1760.0
529408,,ReshardDeviceOperation,8,1755.0
1369088,,ShardedToInterleavedDeviceOperation,64,1752.0
1141760,,ShardedToInterleavedDeviceOperation,64,1750.0
1362944,,ReshardDeviceOperation,8,1739.0
459776,,ShardedToInterleavedDeviceOperation,64,1737.0
1531904,1,ReshardDeviceOperation,32,1736.0
1651712,1,ShardedToInterleavedDeviceOperation,32,1735.0
1529856,1,InterleavedToShardedDeviceOperation,32,1732.0
2170880,1,ReshardDeviceOperation,8,1729.0
1575936,1,ShardedToInterleavedDeviceOperation,32,1725.0
611328,,ShardedToInterleavedDeviceOperation,64,1720.0
1255424,,ShardedToInterleavedDeviceOperation,64,1720.0
400384,,UnaryDeviceOperation,64,1718.0
2600960,,UntilizeWithUnpaddingDeviceOperation,1,1717.0
680960,,ReshardDeviceOperation,8,1714.0
2473984,1,ReshardDeviceOperation,8,1711.0
2616320,,UntilizeWithUnpaddingDeviceOperation,1,1710.0
390144,,RepeatDeviceOperation,64,1708.0
2610176,,UntilizeWithUnpaddingDeviceOperation,1,1706.0
2608128,,UntilizeWithUnpaddingDeviceOperation,1,1703.0
2549760,1,ReshardDeviceOperation,4,1703.0
1400832,,ReshardDeviceOperation,8,1701.0
794624,,ReshardDeviceOperation,8,1699.0
2622464,,UntilizeWithUnpaddingDeviceOperation,1,1699.0
1339392,,InterleavedToShardedDeviceOperation,32,1697.0
2620416,,UntilizeWithUnpaddingDeviceOperation,1,1697.0
491520,,ReshardDeviceOperation,8,1695.0
2603008,,UntilizeWithUnpaddingDeviceOperation,1,1695.0
1727488,1,ShardedToInterleavedDeviceOperation,32,1693.0
2606080,,UntilizeWithUnpaddingDeviceOperation,1,1693.0
1059840,,ReshardDeviceOperation,8,1690.0
2605056,,UntilizeWithUnpaddingDeviceOperation,1,1686.0
1873920,1,ShardedToInterleavedDeviceOperation,64,1685.0
2601984,,UntilizeWithUnpaddingDeviceOperation,1,1685.0
2609152,,UntilizeWithUnpaddingDeviceOperation,1,1684.0
2613248,,UntilizeWithUnpaddingDeviceOperation,1,1684.0
2617344,,UntilizeWithUnpaddingDeviceOperation,1,1684.0
2295808,1,ShardedToInterleavedDeviceOperation,32,1682.0
724992,,ShardedToInterleavedDeviceOperation,64,1679.0
2623488,,UntilizeWithUnpaddingDeviceOperation,1,1677.0
762880,,ShardedToInterleavedDeviceOperation,64,1675.0
2619392,,UntilizeWithUnpaddingDeviceOperation,1,1675.0
2597888,,UntilizeWithUnpaddingDeviceOperation,1,1674.0
2625536,,UntilizeWithUnpaddingDeviceOperation,1,1673.0
535552,,ShardedToInterleavedDeviceOperation,64,1672.0
2624512,,UntilizeWithUnpaddingDeviceOperation,1,1672.0
2621440,,UntilizeWithUnpaddingDeviceOperation,1,1671.0
832512,,ReshardDeviceOperation,8,1667.0
409600,,InterleavedToShardedDeviceOperation,32,1666.0
1249280,,ReshardDeviceOperation,8,1666.0
1331200,,ShardedToInterleavedDeviceOperation,64,1666.0
2252800,1,ShardedToInterleavedDeviceOperation,64,1664.0
2599936,,UntilizeWithUnpaddingDeviceOperation,1,1664.0
1301504,,InterleavedToShardedDeviceOperation,32,1661.0
2404352,1,ShardedToInterleavedDeviceOperation,64,1661.0
1065984,,ShardedToInterleavedDeviceOperation,64,1659.0
2057216,1,ReshardDeviceOperation,8,1658.0
1716224,1,ReshardDeviceOperation,8,1654.0
2615296,,UntilizeWithUnpaddingDeviceOperation,1,1654.0
2607104,,UntilizeWithUnpaddingDeviceOperation,1,1652.0
2604032,,UntilizeWithUnpaddingDeviceOperation,1,1651.0
396288,,ConcatDeviceOperation,4,1650.0
946176,,ReshardDeviceOperation,8,1650.0
1021952,,ReshardDeviceOperation,8,1650.0
1678336,1,ReshardDeviceOperation,8,1650.0
2322432,1,ReshardDeviceOperation,8,1649.0
990208,,ShardedToInterleavedDeviceOperation,64,1648.0
1911808,1,ShardedToInterleavedDeviceOperation,64,1648.0
2523136,1,ShardedToInterleavedDeviceOperation,30,1648.0
2618368,,UntilizeWithUnpaddingDeviceOperation,1,1646.0
1173504,,ReshardDeviceOperation,8,1644.0
453632,,ReshardDeviceOperation,8,1642.0
2132992,1,ReshardDeviceOperation,8,1642.0
2614272,,UntilizeWithUnpaddingDeviceOperation,1,1641.0
2398208,1,ReshardDeviceOperation,8,1639.0
1503232,1,TypecastDeviceOperation,1,1638.0
2530304,1,ShardedToInterleavedDeviceOperation,28,1637.0
2246656,1,ReshardDeviceOperation,8,1634.0
2587648,1,ReshardDeviceOperation,4,1633.0
573440,,ShardedToInterleavedDeviceOperation,64,1632.0
2436096,1,ReshardDeviceOperation,8,1631.0
908288,,ReshardDeviceOperation,8,1625.0
2208768,1,ReshardDeviceOperation,8,1622.0
1135616,,ReshardDeviceOperation,8,1621.0
2284544,1,ReshardDeviceOperation,8,1620.0
1867776,1,ReshardDeviceOperation,8,1616.0
914432,,ShardedToInterleavedDeviceOperation,64,1615.0
1287168,,ReshardDeviceOperation,8,1611.0
876544,,ShardedToInterleavedDeviceOperation,64,1608.0
1293312,,ShardedToInterleavedDeviceOperation,64,1608.0
1829888,1,ReshardDeviceOperation,8,1608.0
2214912,1,ShardedToInterleavedDeviceOperation,64,1608.0
1507328,1,ConcatDeviceOperation,4,1606.0
1476608,,ReshardDeviceOperation,8,1604.0
687104,,ShardedToInterleavedDeviceOperation,64,1602.0
505856,,InterleavedToShardedDeviceOperation,32,1600.0
649216,,ShardedToInterleavedDeviceOperation,64,1600.0
2442240,1,ShardedToInterleavedDeviceOperation,64,1598.0
2025472,1,ShardedToInterleavedDeviceOperation,64,1597.0
2450432,1,InterleavedToShardedDeviceOperation,32,1596.0
733184,,InterleavedToShardedDeviceOperation,32,1587.0
838656,,ShardedToInterleavedDeviceOperation,64,1587.0
418816,,InterleavedToShardedDeviceOperation,32,1586.0
756736,,ReshardDeviceOperation,8,1585.0
2579456,1,InterleavedToShardedDeviceOperation,4,1585.0
388096,,ShardedToInterleavedDeviceOperation,64,1584.0
922624,,InterleavedToShardedDeviceOperation,32,1584.0
2555904,1,ShardedToInterleavedDeviceOperation,60,1584.0
543744,,InterleavedToShardedDeviceOperation,32,1582.0
2360320,1,ReshardDeviceOperation,8,1577.0
1028096,,ShardedToInterleavedDeviceOperation,64,1575.0
1533952,1,ShardedToInterleavedDeviceOperation,32,1575.0
1501184,1,RepeatDeviceOperation,64,1569.0
1836032,1,ShardedToInterleavedDeviceOperation,64,1568.0
1097728,,ReshardDeviceOperation,8,1563.0
1406976,,ShardedToInterleavedDeviceOperation,64,1563.0
1798144,1,ShardedToInterleavedDeviceOperation,64,1563.0
1103872,,ShardedToInterleavedDeviceOperation,64,1558.0
1608704,1,ShardedToInterleavedDeviceOperation,64,1558.0
2480128,1,ShardedToInterleavedDeviceOperation,64,1557.0
771072,,InterleavedToShardedDeviceOperation,32,1554.0
1377280,,InterleavedToShardedDeviceOperation,32,1553.0
2511872,1,ReshardDeviceOperation,7,1553.0
1036288,,InterleavedToShardedDeviceOperation,32,1551.0
952320,,ShardedToInterleavedDeviceOperation,64,1544.0
1263616,,InterleavedToShardedDeviceOperation,32,1541.0
1453056,,InterleavedToShardedDeviceOperation,32,1541.0
1602560,1,ReshardDeviceOperation,8,1538.0
1179648,,ShardedToInterleavedDeviceOperation,64,1536.0
1987584,1,ShardedToInterleavedDeviceOperation,64,1534.0
2366464,1,ShardedToInterleavedDeviceOperation,64,1533.0
1943552,1,ReshardDeviceOperation,8,1532.0
1074176,,InterleavedToShardedDeviceOperation,32,1530.0
1444864,,ShardedToInterleavedDeviceOperation,64,1528.0
1905664,1,ReshardDeviceOperation,8,1528.0
1640448,1,ReshardDeviceOperation,8,1522.0
998400,,InterleavedToShardedDeviceOperation,32,1521.0
392192,,TypecastDeviceOperation,1,1520.0
1754112,1,ReshardDeviceOperation,8,1520.0
1491968,1,TypecastDeviceOperation,32,1519.0
467968,,InterleavedToShardedDeviceOperation,32,1510.0
1499136,1,ShardedToInterleavedDeviceOperation,64,1509.0
1981440,1,ReshardDeviceOperation,8,1503.0
1570816,1,ShardedToInterleavedDeviceOperation,64,1502.0
1149952,,InterleavedToShardedDeviceOperation,32,1499.0
1187840,,InterleavedToShardedDeviceOperation,32,1499.0
2298880,1,InterleavedToShardedDeviceOperation,32,1499.0
2139136,1,ShardedToInterleavedDeviceOperation,64,1497.0
619520,,InterleavedToShardedDeviceOperation,32,1496.0
960512,,InterleavedToShardedDeviceOperation,32,1494.0
2488320,1,InterleavedToShardedDeviceOperation,32,1494.0
884736,,InterleavedToShardedDeviceOperation,32,1487.0
1684480,1,ShardedToInterleavedDeviceOperation,64,1485.0
1949696,1,ShardedToInterleavedDeviceOperation,64,1484.0
1415168,,InterleavedToShardedDeviceOperation,32,1477.0
2101248,1,ShardedToInterleavedDeviceOperation,64,1477.0
1217536,,ShardedToInterleavedDeviceOperation,64,1472.0
2518016,1,ShardedToInterleavedDeviceOperation,63,1471.0
846848,,InterleavedToShardedDeviceOperation,32,1463.0
380928,,TypecastDeviceOperation,32,1458.0
1995776,1,InterleavedToShardedDeviceOperation,32,1457.0
2412544,1,InterleavedToShardedDeviceOperation,32,1456.0
2526208,1,InterleavedToShardedDeviceOperation,28,1454.0
581632,,InterleavedToShardedDeviceOperation,32,1451.0
2260992,1,InterleavedToShardedDeviceOperation,32,1451.0
2177024,1,ShardedToInterleavedDeviceOperation,64,1445.0
1920000,1,InterleavedToShardedDeviceOperation,32,1439.0
1112064,,InterleavedToShardedDeviceOperation,32,1433.0
2063360,1,ShardedToInterleavedDeviceOperation,64,1431.0
1760256,1,ShardedToInterleavedDeviceOperation,64,1427.0
2276352,1,InterleavedToShardedDeviceOperation,8,1420.0
1225728,,InterleavedToShardedDeviceOperation,32,1418.0
1768448,1,InterleavedToShardedDeviceOperation,32,1407.0
1646592,1,ShardedToInterleavedDeviceOperation,64,1406.0
1722368,1,ShardedToInterleavedDeviceOperation,64,1403.0
657408,,InterleavedToShardedDeviceOperation,32,1397.0
2328576,1,ShardedToInterleavedDeviceOperation,64,1397.0
2374656,1,InterleavedToShardedDeviceOperation,32,1388.0
2290688,1,ShardedToInterleavedDeviceOperation,64,1370.0
1654784,1,InterleavedToShardedDeviceOperation,32,1366.0
1616896,1,InterleavedToShardedDeviceOperation,32,1365.0
2147328,1,InterleavedToShardedDeviceOperation,32,1359.0
2564096,1,InterleavedToShardedDeviceOperation,28,1332.0
1825792,1,ReshardDeviceOperation,8,1317.0
1882112,1,InterleavedToShardedDeviceOperation,32,1304.0
1844224,1,InterleavedToShardedDeviceOperation,32,1303.0
1957888,1,InterleavedToShardedDeviceOperation,32,1298.0
1692672,1,InterleavedToShardedDeviceOperation,32,1276.0
2185216,1,InterleavedToShardedDeviceOperation,32,1268.0
2109440,1,InterleavedToShardedDeviceOperation,32,1267.0
482304,,ShardedToInterleavedDeviceOperation,16,1250.0
974848,,ShardedToInterleavedDeviceOperation,16,1249.0
1730560,1,InterleavedToShardedDeviceOperation,32,1241.0
444416,,ShardedToInterleavedDeviceOperation,16,1238.0
1520640,1,InterleavedToShardedDeviceOperation,32,1237.0
1315840,,ShardedToInterleavedDeviceOperation,16,1233.0
2223104,1,InterleavedToShardedDeviceOperation,32,1232.0
1391616,,ShardedToInterleavedDeviceOperation,16,1227.0
520192,,ShardedToInterleavedDeviceOperation,16,1217.0
861184,,ShardedToInterleavedDeviceOperation,16,1217.0
1429504,,ShardedToInterleavedDeviceOperation,16,1217.0
1782784,1,ShardedToInterleavedDeviceOperation,16,1217.0
785408,,ShardedToInterleavedDeviceOperation,16,1214.0
2071552,1,InterleavedToShardedDeviceOperation,32,1211.0
823296,,ShardedToInterleavedDeviceOperation,16,1206.0
1012736,,ShardedToInterleavedDeviceOperation,16,1203.0
1631232,1,ShardedToInterleavedDeviceOperation,16,1202.0
709632,,ShardedToInterleavedDeviceOperation,16,1201.0
936960,,ShardedToInterleavedDeviceOperation,16,1201.0
1353728,,ShardedToInterleavedDeviceOperation,16,1201.0
1579008,1,InterleavedToShardedDeviceOperation,32,1199.0
747520,,ShardedToInterleavedDeviceOperation,16,1198.0
1240064,,ShardedToInterleavedDeviceOperation,16,1194.0
558080,,ShardedToInterleavedDeviceOperation,16,1193.0
1806336,1,InterleavedToShardedDeviceOperation,32,1188.0
595968,,ShardedToInterleavedDeviceOperation,16,1183.0
1745920,1,InterleavedToShardedDeviceOperation,8,1180.0
1202176,,ShardedToInterleavedDeviceOperation,16,1177.0
899072,,ShardedToInterleavedDeviceOperation,16,1173.0
1050624,,ShardedToInterleavedDeviceOperation,16,1169.0
2033664,1,InterleavedToShardedDeviceOperation,32,1169.0
1277952,,ShardedToInterleavedDeviceOperation,16,1167.0
1821696,1,InterleavedToShardedDeviceOperation,8,1165.0
671744,,ShardedToInterleavedDeviceOperation,16,1161.0
1126400,,ShardedToInterleavedDeviceOperation,16,1161.0
1088512,,ShardedToInterleavedDeviceOperation,16,1159.0
1669120,1,ShardedToInterleavedDeviceOperation,16,1150.0
1164288,,ShardedToInterleavedDeviceOperation,16,1148.0
2275328,1,ShardedToInterleavedDeviceOperation,16,1137.0
1972224,1,ShardedToInterleavedDeviceOperation,16,1121.0
2427904,1,InterleavedToShardedDeviceOperation,8,1115.0
633856,,ShardedToInterleavedDeviceOperation,16,1113.0
2124800,1,InterleavedToShardedDeviceOperation,8,1111.0
2464768,1,ShardedToInterleavedDeviceOperation,16,1111.0
2503680,1,InterleavedToShardedDeviceOperation,8,1102.0
2426880,1,ShardedToInterleavedDeviceOperation,16,1097.0
2048000,1,ShardedToInterleavedDeviceOperation,16,1080.0
1973248,1,InterleavedToShardedDeviceOperation,8,1079.0
2123776,1,ShardedToInterleavedDeviceOperation,16,1073.0
2199552,1,ShardedToInterleavedDeviceOperation,16,1073.0
2313216,1,ShardedToInterleavedDeviceOperation,16,1071.0
2351104,1,ShardedToInterleavedDeviceOperation,16,1071.0
2502656,1,ShardedToInterleavedDeviceOperation,16,1066.0
1467392,,ShardedToInterleavedDeviceOperation,16,1058.0
1670144,1,InterleavedToShardedDeviceOperation,8,1052.0
1897472,1,InterleavedToShardedDeviceOperation,8,1050.0
1203200,,InterleavedToShardedDeviceOperation,8,1045.0
2204672,1,ReshardDeviceOperation,8,1045.0
2314240,1,InterleavedToShardedDeviceOperation,8,1044.0
2390016,1,InterleavedToShardedDeviceOperation,8,1044.0
1934336,1,ShardedToInterleavedDeviceOperation,16,1039.0
634880,,InterleavedToShardedDeviceOperation,8,1037.0
1241088,,InterleavedToShardedDeviceOperation,8,1037.0
1555456,1,ShardedToInterleavedDeviceOperation,16,1035.0
937984,,InterleavedToShardedDeviceOperation,8,1034.0
1858560,1,ShardedToInterleavedDeviceOperation,16,1033.0
824320,,InterleavedToShardedDeviceOperation,8,1031.0
1744896,1,ShardedToInterleavedDeviceOperation,16,1030.0
559104,,InterleavedToShardedDeviceOperation,8,1028.0
1089536,,InterleavedToShardedDeviceOperation,8,1028.0
596992,,InterleavedToShardedDeviceOperation,8,1026.0
1127424,,InterleavedToShardedDeviceOperation,8,1026.0
710656,,InterleavedToShardedDeviceOperation,8,1025.0
1430528,,InterleavedToShardedDeviceOperation,8,1024.0
1556480,1,InterleavedToShardedDeviceOperation,8,1024.0
1935360,1,InterleavedToShardedDeviceOperation,8,1024.0
2162688,1,InterleavedToShardedDeviceOperation,8,1024.0
1392640,,InterleavedToShardedDeviceOperation,8,1023.0
1594368,1,InterleavedToShardedDeviceOperation,8,1023.0
483328,,InterleavedToShardedDeviceOperation,8,1022.0
2049024,1,InterleavedToShardedDeviceOperation,8,1022.0
2238464,1,InterleavedToShardedDeviceOperation,8,1022.0
786432,,InterleavedToShardedDeviceOperation,8,1019.0
1354752,,InterleavedToShardedDeviceOperation,8,1019.0
1820672,1,ShardedToInterleavedDeviceOperation,16,1019.0
1051648,,InterleavedToShardedDeviceOperation,8,1018.0
2161664,1,ShardedToInterleavedDeviceOperation,16,1018.0
748544,,InterleavedToShardedDeviceOperation,8,1017.0
1468416,,InterleavedToShardedDeviceOperation,8,1017.0
1593344,1,ShardedToInterleavedDeviceOperation,16,1017.0
672768,,InterleavedToShardedDeviceOperation,8,1015.0
900096,,InterleavedToShardedDeviceOperation,8,1015.0
1013760,,InterleavedToShardedDeviceOperation,8,1015.0
1278976,,InterleavedToShardedDeviceOperation,8,1015.0
1316864,,InterleavedToShardedDeviceOperation,8,1015.0
445440,,InterleavedToShardedDeviceOperation,8,1012.0
862208,,InterleavedToShardedDeviceOperation,8,1012.0
975872,,InterleavedToShardedDeviceOperation,8,1012.0
1165312,,InterleavedToShardedDeviceOperation,8,1011.0
521216,,InterleavedToShardedDeviceOperation,8,1007.0
1490944,1,ShardedToInterleavedDeviceOperation,1,1006.0
2465792,1,InterleavedToShardedDeviceOperation,8,1006.0
2388992,1,ShardedToInterleavedDeviceOperation,16,1001.0
1632256,1,InterleavedToShardedDeviceOperation,8,994.0
1859584,1,InterleavedToShardedDeviceOperation,8,994.0
2086912,1,InterleavedToShardedDeviceOperation,8,991.0
2578432,1,ShardedToInterleavedDeviceOperation,12,990.0
2011136,1,InterleavedToShardedDeviceOperation,8,989.0
1896448,1,ShardedToInterleavedDeviceOperation,16,985.0
1708032,1,InterleavedToShardedDeviceOperation,8,984.0
1783808,1,InterleavedToShardedDeviceOperation,8,984.0
2352128,1,InterleavedToShardedDeviceOperation,8,982.0
2237440,1,ShardedToInterleavedDeviceOperation,16,981.0
2541568,1,InterleavedToShardedDeviceOperation,4,981.0
1707008,1,ShardedToInterleavedDeviceOperation,16,975.0
2432000,1,ReshardDeviceOperation,8,973.0
2010112,1,ShardedToInterleavedDeviceOperation,16,972.0
2085888,1,ShardedToInterleavedDeviceOperation,16,970.0
2540544,1,ShardedToInterleavedDeviceOperation,12,934.0
1487872,1,ShardedToInterleavedDeviceOperation,1,923.0
2137088,1,ReshardDeviceOperation,8,891.0
2326528,1,ReshardDeviceOperation,8,885.0
382976,,CopyDeviceOperation,1,880.0
1494016,1,CopyDeviceOperation,1,877.0
2507776,1,ReshardDeviceOperation,8,875.0
1559552,1,ReshardDeviceOperation,8,874.0
2174976,1,ReshardDeviceOperation,8,871.0
2023424,1,ReshardDeviceOperation,8,869.0
1909760,1,ReshardDeviceOperation,8,868.0
1644544,1,ReshardDeviceOperation,8,867.0
1796096,1,ReshardDeviceOperation,8,867.0
1901568,1,ReshardDeviceOperation,8,867.0
2440192,1,ReshardDeviceOperation,8,865.0
1947648,1,ReshardDeviceOperation,8,863.0
1720320,1,ReshardDeviceOperation,8,862.0
2099200,1,ReshardDeviceOperation,8,862.0
2280448,1,ReshardDeviceOperation,8,862.0
1598464,1,ReshardDeviceOperation,8,861.0
1750016,1,ReshardDeviceOperation,8,861.0
571392,,ReshardDeviceOperation,8,860.0
601088,,ReshardDeviceOperation,8,860.0
1568768,1,ReshardDeviceOperation,8,860.0
1682432,1,ReshardDeviceOperation,8,860.0
1977344,1,ReshardDeviceOperation,8,860.0
2364416,1,ReshardDeviceOperation,8,860.0
790528,,ReshardDeviceOperation,8,859.0
1177600,,ReshardDeviceOperation,8,859.0
1606656,1,ReshardDeviceOperation,8,859.0
1758208,1,ReshardDeviceOperation,8,859.0
1985536,1,ReshardDeviceOperation,8,859.0
2250752,1,ReshardDeviceOperation,8,859.0
2515968,1,ReshardDeviceOperation,7,859.0
2212864,1,ReshardDeviceOperation,8,858.0
685056,,ReshardDeviceOperation,8,857.0
1871872,1,ReshardDeviceOperation,8,857.0
2128896,1,ReshardDeviceOperation,8,857.0
448512,,ReshardDeviceOperation,8,856.0
2288640,1,ReshardDeviceOperation,8,855.0
563200,,ReshardDeviceOperation,8,854.0
1017856,,ReshardDeviceOperation,8,853.0
1207296,,ReshardDeviceOperation,8,853.0
2053120,1,ReshardDeviceOperation,8,853.0
2394112,1,ReshardDeviceOperation,8,853.0
533504,,ReshardDeviceOperation,8,852.0
828416,,ReshardDeviceOperation,8,852.0
866304,,ReshardDeviceOperation,8,852.0
950272,,ReshardDeviceOperation,8,852.0
1026048,,ReshardDeviceOperation,8,852.0
1093632,,ReshardDeviceOperation,8,852.0
1169408,,ReshardDeviceOperation,8,852.0
1291264,,ReshardDeviceOperation,8,852.0
1404928,,ReshardDeviceOperation,8,852.0
1434624,,ReshardDeviceOperation,8,852.0
1442816,,ReshardDeviceOperation,8,852.0
1833984,1,ReshardDeviceOperation,8,852.0
1939456,1,ReshardDeviceOperation,8,852.0
2242560,1,ReshardDeviceOperation,8,852.0
2402304,1,ReshardDeviceOperation,8,852.0
752640,,ReshardDeviceOperation,8,851.0
798720,,ReshardDeviceOperation,8,851.0
942080,,ReshardDeviceOperation,8,851.0
1215488,,ReshardDeviceOperation,8,851.0
2478080,1,ReshardDeviceOperation,8,851.0
1674240,1,ReshardDeviceOperation,8,850.0
638976,,ReshardDeviceOperation,8,849.0
714752,,ReshardDeviceOperation,8,849.0
760832,,ReshardDeviceOperation,8,849.0
979968,,ReshardDeviceOperation,8,849.0
988160,,ReshardDeviceOperation,8,849.0
1253376,,ReshardDeviceOperation,8,849.0
1358848,,ReshardDeviceOperation,8,849.0
1367040,,ReshardDeviceOperation,8,849.0
1787904,1,ReshardDeviceOperation,8,849.0
609280,,ReshardDeviceOperation,8,844.0
722944,,ReshardDeviceOperation,8,844.0
912384,,ReshardDeviceOperation,8,844.0
1101824,,ReshardDeviceOperation,8,844.0
1131520,,ReshardDeviceOperation,8,844.0
1283072,,ReshardDeviceOperation,8,844.0
1329152,,ReshardDeviceOperation,8,844.0
1396736,,ReshardDeviceOperation,8,844.0
1472512,,ReshardDeviceOperation,8,844.0
376832,,ShardedToInterleavedDeviceOperation,1,843.0
1139712,,ReshardDeviceOperation,8,843.0
2015232,1,ReshardDeviceOperation,8,843.0
2091008,1,ReshardDeviceOperation,8,843.0
2356224,1,ReshardDeviceOperation,8,843.0
2061312,1,ReshardDeviceOperation,8,842.0
457728,,ReshardDeviceOperation,8,841.0
836608,,ReshardDeviceOperation,8,841.0
874496,,ReshardDeviceOperation,8,841.0
1712128,1,ReshardDeviceOperation,8,839.0
1636352,1,ReshardDeviceOperation,8,838.0
2469888,1,ReshardDeviceOperation,8,837.0
487424,,ReshardDeviceOperation,8,836.0
525312,,ReshardDeviceOperation,8,836.0
647168,,ReshardDeviceOperation,8,836.0
1055744,,ReshardDeviceOperation,8,836.0
2318336,1,ReshardDeviceOperation,8,836.0
2166784,1,ReshardDeviceOperation,8,834.0
1063936,,ReshardDeviceOperation,8,833.0
495616,,ReshardDeviceOperation,8,828.0
1245184,,ReshardDeviceOperation,8,828.0
1320960,,ReshardDeviceOperation,8,827.0
1863680,1,ReshardDeviceOperation,8,827.0
676864,,ReshardDeviceOperation,8,812.0
904192,,ReshardDeviceOperation,8,812.0
2553856,1,ReshardDeviceOperation,4,805.0
2591744,1,ReshardDeviceOperation,12,803.0
385024,,InterleavedToShardedDeviceOperation,8,795.0
1480704,,ReshardDeviceOperation,16,795.0
2545664,1,ReshardDeviceOperation,4,787.0
2583552,1,ReshardDeviceOperation,4,775.0
1496064,1,InterleavedToShardedDeviceOperation,8,755.0
379904,,ShardedToInterleavedDeviceOperation,1,735.0
395264,,ShardedToInterleavedDeviceOperation,2,718.0
1508352,1,InterleavedToShardedDeviceOperation,4,695.0
397312,,InterleavedToShardedDeviceOperation,4,694.0
1506304,1,ShardedToInterleavedDeviceOperation,2,593.0
405504,,ShardedToInterleavedDeviceOperation,4,583.0
413696,,ShardedToInterleavedDeviceOperation,4,582.0
2021376,1,BinaryNgDeviceOperation,64,580.0
1945600,1,BinaryNgDeviceOperation,64,578.0
406528,,ShardedToInterleavedDeviceOperation,4,569.0
1794048,1,BinaryNgDeviceOperation,64,568.0
1356800,,BinaryNgDeviceOperation,64,566.0
1672192,1,BinaryNgDeviceOperation,64,565.0
2581504,1,BinaryNgDeviceOperation,60,564.0
2278400,1,BinaryNgDeviceOperation,64,563.0
1983488,1,BinaryNgDeviceOperation,64,561.0
2476032,1,BinaryNgDeviceOperation,64,560.0
1823744,1,BinaryNgDeviceOperation,64,559.0
1975296,1,BinaryNgDeviceOperation,64,559.0
1747968,1,BinaryNgDeviceOperation,64,558.0
2467840,1,BinaryNgDeviceOperation,64,558.0
2589696,1,BinaryNgDeviceOperation,60,558.0
1642496,1,BinaryNgDeviceOperation,64,557.0
2429952,1,BinaryNgDeviceOperation,64,557.0
1785856,1,BinaryNgDeviceOperation,64,556.0
1937408,1,BinaryNgDeviceOperation,64,556.0
2088960,1,BinaryNgDeviceOperation,64,556.0
2126848,1,BinaryNgDeviceOperation,64,556.0
2248704,1,BinaryNgDeviceOperation,64,556.0
2392064,1,BinaryNgDeviceOperation,64,556.0
1566720,1,BinaryNgDeviceOperation,64,555.0
1680384,1,BinaryNgDeviceOperation,64,555.0
2097152,1,BinaryNgDeviceOperation,64,555.0
2316288,1,BinaryNgDeviceOperation,64,555.0
2354176,1,BinaryNgDeviceOperation,64,555.0
2551808,1,BinaryNgDeviceOperation,60,555.0
2240512,1,BinaryNgDeviceOperation,64,554.0
2051072,1,BinaryNgDeviceOperation,64,553.0
2324480,1,BinaryNgDeviceOperation,64,553.0
1861632,1,BinaryNgDeviceOperation,64,552.0
1869824,1,BinaryNgDeviceOperation,64,552.0
2013184,1,BinaryNgDeviceOperation,64,552.0
1899520,1,BinaryNgDeviceOperation,64,551.0
2505728,1,BinaryNgDeviceOperation,64,551.0
2513920,1,BinaryNgDeviceOperation,63,551.0
1756160,1,BinaryNgDeviceOperation,64,550.0
1831936,1,BinaryNgDeviceOperation,64,550.0
2202624,1,BinaryNgDeviceOperation,64,550.0
1718272,1,BinaryNgDeviceOperation,64,549.0
2135040,1,BinaryNgDeviceOperation,64,549.0
2286592,1,BinaryNgDeviceOperation,64,549.0
2362368,1,BinaryNgDeviceOperation,64,549.0
1907712,1,BinaryNgDeviceOperation,64,548.0
2438144,1,BinaryNgDeviceOperation,64,548.0
2164736,1,BinaryNgDeviceOperation,64,547.0
2210816,1,BinaryNgDeviceOperation,64,547.0
1604608,1,BinaryNgDeviceOperation,64,545.0
1634304,1,BinaryNgDeviceOperation,64,544.0
2059264,1,BinaryNgDeviceOperation,64,544.0
2400256,1,BinaryNgDeviceOperation,64,542.0
1596416,1,BinaryNgDeviceOperation,64,539.0
1710080,1,BinaryNgDeviceOperation,64,539.0
2543616,1,BinaryNgDeviceOperation,60,536.0
1524736,1,ShardedToInterleavedDeviceOperation,4,533.0
2172928,1,BinaryNgDeviceOperation,64,533.0
1517568,1,ShardedToInterleavedDeviceOperation,4,530.0
1516544,1,ShardedToInterleavedDeviceOperation,4,527.0
569344,,BinaryNgDeviceOperation,64,461.0
796672,,BinaryNgDeviceOperation,64,445.0
1327104,,BinaryNgDeviceOperation,64,445.0
1364992,,BinaryNgDeviceOperation,64,445.0
561152,,BinaryNgDeviceOperation,64,444.0
864256,,BinaryNgDeviceOperation,64,444.0
1137664,,BinaryNgDeviceOperation,64,443.0
1243136,,BinaryNgDeviceOperation,64,442.0
834560,,BinaryNgDeviceOperation,64,441.0
910336,,BinaryNgDeviceOperation,64,440.0
683008,,BinaryNgDeviceOperation,64,439.0
1205248,,BinaryNgDeviceOperation,64,439.0
1053696,,BinaryNgDeviceOperation,64,438.0
1175552,,BinaryNgDeviceOperation,64,438.0
1318912,,BinaryNgDeviceOperation,64,438.0
712704,,BinaryNgDeviceOperation,64,437.0
720896,,BinaryNgDeviceOperation,64,437.0
986112,,BinaryNgDeviceOperation,64,437.0
1440768,,BinaryNgDeviceOperation,64,437.0
977920,,BinaryNgDeviceOperation,64,436.0
1394688,,BinaryNgDeviceOperation,64,436.0
1402880,,BinaryNgDeviceOperation,64,436.0
599040,,BinaryNgDeviceOperation,64,435.0
758784,,BinaryNgDeviceOperation,64,435.0
1251328,,BinaryNgDeviceOperation,64,435.0
1478656,,BinaryNgDeviceOperation,64,435.0
1213440,,BinaryNgDeviceOperation,64,434.0
1470464,,BinaryNgDeviceOperation,64,434.0
531456,,BinaryNgDeviceOperation,64,433.0
636928,,BinaryNgDeviceOperation,64,432.0
1024000,,BinaryNgDeviceOperation,64,432.0
1091584,,BinaryNgDeviceOperation,64,432.0
1289216,,BinaryNgDeviceOperation,64,432.0
493568,,BinaryNgDeviceOperation,64,431.0
607232,,BinaryNgDeviceOperation,64,431.0
788480,,BinaryNgDeviceOperation,64,431.0
750592,,BinaryNgDeviceOperation,64,430.0
902144,,BinaryNgDeviceOperation,64,430.0
1015808,,BinaryNgDeviceOperation,64,430.0
1432576,,BinaryNgDeviceOperation,64,429.0
1167360,,BinaryNgDeviceOperation,64,428.0
455680,,BinaryNgDeviceOperation,64,427.0
1281024,,BinaryNgDeviceOperation,64,427.0
940032,,BinaryNgDeviceOperation,64,426.0
1099776,,BinaryNgDeviceOperation,64,426.0
948224,,BinaryNgDeviceOperation,64,425.0
523264,,BinaryNgDeviceOperation,64,424.0
872448,,BinaryNgDeviceOperation,64,423.0
1129472,,BinaryNgDeviceOperation,64,422.0
826368,,BinaryNgDeviceOperation,64,421.0
674816,,BinaryNgDeviceOperation,64,420.0
485376,,BinaryNgDeviceOperation,64,419.0
645120,,BinaryNgDeviceOperation,64,418.0
1061888,,BinaryNgDeviceOperation,64,417.0
