op_id,replay,op_name,cores,duration_ns
1672192,,ArgMaxDeviceOperation,64,2714143.0
3122176,1,ArgMaxDeviceOperation,48,2709921.0
1669120,,MatmulDeviceOperation,64,2258856.0
3119104,1,MatmulDeviceOperation,48,2239645.0
1785856,1,MatmulDeviceOperation,61,136105.0
1131520,,MatmulDeviceOperation,61,135905.0
1937408,1,MatmulDeviceOperation,61,135687.0
2770944,1,MatmulDeviceOperation,57,135619.0
1975296,1,MatmulDeviceOperation,61,135593.0
1472512,,MatmulDeviceOperation,61,135533.0
1861632,1,MatmulDeviceOperation,61,135121.0
2998272,1,MatmulDeviceOperation,45,134986.0
752640,,MatmulDeviceOperation,61,134867.0
2505728,1,MatmulDeviceOperation,61,134848.0
3121152,1,UntilizeDeviceOperation,47,134788.0
3074048,1,MatmulDeviceOperation,45,134744.0
2429952,1,MatmulDeviceOperation,61,134676.0
828416,,MatmulDeviceOperation,61,134498.0
2354176,1,MatmulDeviceOperation,61,134471.0
1510400,,MatmulDeviceOperation,61,134436.0
601088,,MatmulDeviceOperation,61,134414.0
866304,,MatmulDeviceOperation,61,134352.0
2278400,1,MatmulDeviceOperation,61,134343.0
1434624,,MatmulDeviceOperation,61,134171.0
2543616,1,MatmulDeviceOperation,61,134117.0
411648,,MatmulDeviceOperation,61,134079.0
942080,,MatmulDeviceOperation,61,134042.0
2467840,1,MatmulDeviceOperation,61,134000.0
1899520,1,MatmulDeviceOperation,61,133969.0
2240512,1,MatmulDeviceOperation,61,133966.0
2808832,1,MatmulDeviceOperation,57,133938.0
1358848,,MatmulDeviceOperation,61,133911.0
3036160,1,MatmulDeviceOperation,45,133899.0
1586176,,MatmulDeviceOperation,61,133884.0
2051072,1,MatmulDeviceOperation,61,133879.0
638976,,MatmulDeviceOperation,61,133841.0
1055744,,MatmulDeviceOperation,61,133830.0
1017856,,MatmulDeviceOperation,61,133818.0
2657280,1,MatmulDeviceOperation,61,133797.0
1245184,,MatmulDeviceOperation,61,133732.0
2013184,1,MatmulDeviceOperation,61,133703.0
1823744,1,MatmulDeviceOperation,61,133697.0
373760,,MatmulDeviceOperation,61,133669.0
487424,,MatmulDeviceOperation,61,133669.0
2164736,1,MatmulDeviceOperation,61,133605.0
2088960,1,MatmulDeviceOperation,61,133588.0
904192,,MatmulDeviceOperation,61,133355.0
1548288,,MatmulDeviceOperation,61,133217.0
2316288,1,MatmulDeviceOperation,61,133199.0
335872,,MatmulDeviceOperation,61,133193.0
714752,,MatmulDeviceOperation,61,133137.0
2581504,1,MatmulDeviceOperation,61,133133.0
2619392,1,MatmulDeviceOperation,61,133121.0
1320960,,MatmulDeviceOperation,61,133060.0
2733056,1,MatmulDeviceOperation,60,133032.0
1283072,,MatmulDeviceOperation,61,133014.0
1396736,,MatmulDeviceOperation,61,132991.0
563200,,MatmulDeviceOperation,61,132975.0
2126848,1,MatmulDeviceOperation,61,132948.0
2960384,1,MatmulDeviceOperation,45,132945.0
2392064,1,MatmulDeviceOperation,61,132940.0
1207296,,MatmulDeviceOperation,61,132871.0
1624064,,MatmulDeviceOperation,61,132816.0
676864,,MatmulDeviceOperation,61,132800.0
1093632,,MatmulDeviceOperation,61,132786.0
525312,,MatmulDeviceOperation,61,132693.0
2922496,1,MatmulDeviceOperation,45,132649.0
3111936,1,MatmulDeviceOperation,45,132617.0
2884608,1,MatmulDeviceOperation,45,132545.0
449536,,MatmulDeviceOperation,61,132519.0
2695168,1,MatmulDeviceOperation,61,132361.0
1169408,,MatmulDeviceOperation,61,132130.0
2846720,1,MatmulDeviceOperation,57,132044.0
2202624,1,MatmulDeviceOperation,61,131943.0
1661952,,MatmulDeviceOperation,61,131917.0
979968,,MatmulDeviceOperation,61,131668.0
790528,,MatmulDeviceOperation,61,131651.0
1671168,,UntilizeDeviceOperation,63,130282.0
1827840,1,MatmulDeviceOperation,40,129167.0
2471936,1,MatmulDeviceOperation,40,129167.0
2014208,1,MatmulDeviceOperation,61,128786.0
2699264,1,MatmulDeviceOperation,39,128776.0
753664,,MatmulDeviceOperation,61,128755.0
1362944,,MatmulDeviceOperation,40,128709.0
2509824,1,MatmulDeviceOperation,40,128545.0
1590272,,MatmulDeviceOperation,40,128509.0
453632,,MatmulDeviceOperation,40,128457.0
2017280,1,MatmulDeviceOperation,40,128435.0
1097728,,MatmulDeviceOperation,40,128409.0
908288,,MatmulDeviceOperation,40,128384.0
794624,,MatmulDeviceOperation,40,128342.0
1789952,1,MatmulDeviceOperation,40,128322.0
832512,,MatmulDeviceOperation,40,128286.0
2093056,1,MatmulDeviceOperation,40,128275.0
1173504,,MatmulDeviceOperation,40,128163.0
1979392,1,MatmulDeviceOperation,40,128135.0
2434048,1,MatmulDeviceOperation,40,128098.0
2661376,1,MatmulDeviceOperation,40,128062.0
3040256,1,MatmulDeviceOperation,24,128059.0
1865728,1,MatmulDeviceOperation,40,127935.0
1021952,,MatmulDeviceOperation,40,127822.0
1249280,,MatmulDeviceOperation,40,127810.0
2964480,1,MatmulDeviceOperation,24,127797.0
2888704,1,MatmulDeviceOperation,24,127785.0
3002368,1,MatmulDeviceOperation,24,127771.0
984064,,MatmulDeviceOperation,40,127770.0
1135616,,MatmulDeviceOperation,40,127692.0
1400832,,MatmulDeviceOperation,40,127663.0
2241536,1,MatmulDeviceOperation,61,127621.0
2055168,1,MatmulDeviceOperation,40,127602.0
1628160,,MatmulDeviceOperation,40,127566.0
2923520,1,MatmulDeviceOperation,45,127559.0
377856,,MatmulDeviceOperation,40,127481.0
2850816,1,MatmulDeviceOperation,36,127480.0
2279424,1,MatmulDeviceOperation,61,127411.0
415744,,MatmulDeviceOperation,40,127387.0
1476608,,MatmulDeviceOperation,40,127348.0
2127872,1,MatmulDeviceOperation,61,127326.0
718848,,MatmulDeviceOperation,40,127279.0
605184,,MatmulDeviceOperation,40,127254.0
529408,,MatmulDeviceOperation,40,127251.0
1473536,,MatmulDeviceOperation,61,127208.0
1666048,,MatmulDeviceOperation,40,127206.0
2809856,1,MatmulDeviceOperation,57,127188.0
1625088,,MatmulDeviceOperation,61,127154.0
567296,,MatmulDeviceOperation,40,127152.0
1552384,,MatmulDeviceOperation,40,127148.0
2168832,1,MatmulDeviceOperation,40,127130.0
2355200,1,MatmulDeviceOperation,61,127130.0
2320384,1,MatmulDeviceOperation,40,127056.0
643072,,MatmulDeviceOperation,40,127040.0
2926592,1,MatmulDeviceOperation,24,127027.0
2130944,1,MatmulDeviceOperation,40,127026.0
1900544,1,MatmulDeviceOperation,61,127001.0
756736,,MatmulDeviceOperation,40,126985.0
2396160,1,MatmulDeviceOperation,40,126953.0
2052096,1,MatmulDeviceOperation,61,126939.0
2582528,1,MatmulDeviceOperation,61,126937.0
2282496,1,MatmulDeviceOperation,40,126933.0
2775040,1,MatmulDeviceOperation,36,126917.0
1976320,1,MatmulDeviceOperation,61,126903.0
1325056,,MatmulDeviceOperation,40,126880.0
2771968,1,MatmulDeviceOperation,57,126798.0
2737152,1,MatmulDeviceOperation,39,126779.0
3078144,1,MatmulDeviceOperation,24,126777.0
564224,,MatmulDeviceOperation,61,126764.0
1397760,,MatmulDeviceOperation,61,126742.0
2961408,1,MatmulDeviceOperation,45,126733.0
2658304,1,MatmulDeviceOperation,61,126659.0
791552,,MatmulDeviceOperation,61,126656.0
1321984,,MatmulDeviceOperation,61,126612.0
1211392,,MatmulDeviceOperation,40,126603.0
2165760,1,MatmulDeviceOperation,61,126591.0
2206720,1,MatmulDeviceOperation,40,126583.0
1938432,1,MatmulDeviceOperation,61,126511.0
1059840,,MatmulDeviceOperation,40,126495.0
1287168,,MatmulDeviceOperation,40,126474.0
1941504,1,MatmulDeviceOperation,40,126461.0
2623488,1,MatmulDeviceOperation,40,126407.0
1018880,,MatmulDeviceOperation,61,126332.0
491520,,MatmulDeviceOperation,40,126319.0
680960,,MatmulDeviceOperation,40,126317.0
488448,,MatmulDeviceOperation,61,126305.0
2317312,1,MatmulDeviceOperation,61,126300.0
2885632,1,MatmulDeviceOperation,45,126293.0
1862656,1,MatmulDeviceOperation,61,126292.0
339968,,MatmulDeviceOperation,40,126187.0
2468864,1,MatmulDeviceOperation,61,126159.0
2547712,1,MatmulDeviceOperation,40,126148.0
2585600,1,MatmulDeviceOperation,40,126145.0
2847744,1,MatmulDeviceOperation,57,126120.0
1514496,,MatmulDeviceOperation,40,126103.0
2620416,1,MatmulDeviceOperation,61,126103.0
867328,,MatmulDeviceOperation,61,126087.0
677888,,MatmulDeviceOperation,61,126085.0
2734080,1,MatmulDeviceOperation,60,126056.0
2999296,1,MatmulDeviceOperation,45,125987.0
602112,,MatmulDeviceOperation,61,125940.0
1786880,1,MatmulDeviceOperation,61,125847.0
870400,,MatmulDeviceOperation,40,125759.0
2244608,1,MatmulDeviceOperation,40,125744.0
1056768,,MatmulDeviceOperation,61,125646.0
2393088,1,MatmulDeviceOperation,61,125640.0
1549312,,MatmulDeviceOperation,61,125625.0
1511424,,MatmulDeviceOperation,61,125585.0
3037184,1,MatmulDeviceOperation,45,125559.0
3116032,1,MatmulDeviceOperation,24,125556.0
2696192,1,MatmulDeviceOperation,61,125545.0
2358272,1,MatmulDeviceOperation,40,125533.0
3112960,1,MatmulDeviceOperation,45,125523.0
1170432,,MatmulDeviceOperation,61,125496.0
1824768,1,MatmulDeviceOperation,61,125485.0
1662976,,MatmulDeviceOperation,61,125466.0
450560,,MatmulDeviceOperation,61,125457.0
1246208,,MatmulDeviceOperation,61,125396.0
2544640,1,MatmulDeviceOperation,61,125390.0
2430976,1,MatmulDeviceOperation,61,125372.0
3075072,1,MatmulDeviceOperation,45,125325.0
1132544,,MatmulDeviceOperation,61,125301.0
829440,,MatmulDeviceOperation,61,125289.0
1903616,1,MatmulDeviceOperation,40,125264.0
526336,,MatmulDeviceOperation,61,125249.0
2506752,1,MatmulDeviceOperation,61,125162.0
980992,,MatmulDeviceOperation,61,125120.0
715776,,MatmulDeviceOperation,61,125116.0
946176,,MatmulDeviceOperation,40,125003.0
2812928,1,MatmulDeviceOperation,36,124932.0
1435648,,MatmulDeviceOperation,61,124840.0
640000,,MatmulDeviceOperation,61,124819.0
2203648,1,MatmulDeviceOperation,61,124796.0
336896,,MatmulDeviceOperation,61,124775.0
2089984,1,MatmulDeviceOperation,61,124704.0
1208320,,MatmulDeviceOperation,61,124465.0
1587200,,MatmulDeviceOperation,61,124420.0
943104,,MatmulDeviceOperation,61,124222.0
1359872,,MatmulDeviceOperation,61,124216.0
1438720,,MatmulDeviceOperation,40,124145.0
905216,,MatmulDeviceOperation,61,124078.0
1094656,,MatmulDeviceOperation,61,123889.0
1284096,,MatmulDeviceOperation,61,123886.0
412672,,MatmulDeviceOperation,61,123613.0
374784,,MatmulDeviceOperation,61,123504.0
1771520,1,SdpaDecodeDeviceOperation,64,119225.0
2002944,1,SdpaDecodeDeviceOperation,64,117859.0
2684928,1,SdpaDecodeDeviceOperation,64,117558.0
2306048,1,SdpaDecodeDeviceOperation,64,117538.0
1813504,1,SdpaDecodeDeviceOperation,64,117225.0
1965056,1,SdpaDecodeDeviceOperation,64,116751.0
1121280,,SdpaDecodeDeviceOperation,64,116604.0
2078720,1,SdpaDecodeDeviceOperation,64,116335.0
666624,,SdpaDecodeDeviceOperation,64,116310.0
2268160,1,SdpaDecodeDeviceOperation,64,116303.0
2040832,1,SdpaDecodeDeviceOperation,64,116147.0
856064,,SdpaDecodeDeviceOperation,64,116109.0
2571264,1,SdpaDecodeDeviceOperation,64,116070.0
1500160,,SdpaDecodeDeviceOperation,64,116066.0
931840,,SdpaDecodeDeviceOperation,64,115981.0
2533376,1,SdpaDecodeDeviceOperation,64,115901.0
2192384,1,SdpaDecodeDeviceOperation,64,115822.0
1851392,1,SdpaDecodeDeviceOperation,64,115745.0
2836480,1,SdpaDecodeDeviceOperation,60,115632.0
1348608,,SdpaDecodeDeviceOperation,64,115612.0
2230272,1,SdpaDecodeDeviceOperation,64,115560.0
2419712,1,SdpaDecodeDeviceOperation,64,115538.0
321536,,SdpaDecodeDeviceOperation,64,115522.0
2116608,1,SdpaDecodeDeviceOperation,64,115519.0
3101696,1,SdpaDecodeDeviceOperation,48,115388.0
515072,,SdpaDecodeDeviceOperation,64,115381.0
1613824,,SdpaDecodeDeviceOperation,64,115348.0
1889280,1,SdpaDecodeDeviceOperation,64,115322.0
1462272,,SdpaDecodeDeviceOperation,64,115121.0
1538048,,SdpaDecodeDeviceOperation,64,115070.0
2760704,1,SdpaDecodeDeviceOperation,60,115036.0
1310720,,SdpaDecodeDeviceOperation,64,114959.0
780288,,SdpaDecodeDeviceOperation,64,114888.0
2457600,1,SdpaDecodeDeviceOperation,64,114872.0
2722816,1,SdpaDecodeDeviceOperation,63,114867.0
969728,,SdpaDecodeDeviceOperation,64,114805.0
2988032,1,SdpaDecodeDeviceOperation,48,114796.0
363520,,SdpaDecodeDeviceOperation,64,114707.0
3162112,,UntilizeDeviceOperation,64,114649.0
1159168,,SdpaDecodeDeviceOperation,64,114611.0
439296,,SdpaDecodeDeviceOperation,64,114480.0
2609152,1,SdpaDecodeDeviceOperation,64,114410.0
1575936,,SdpaDecodeDeviceOperation,64,114343.0
1045504,,SdpaDecodeDeviceOperation,64,114338.0
2154496,1,SdpaDecodeDeviceOperation,64,114165.0
1083392,,SdpaDecodeDeviceOperation,64,114066.0
1234944,,SdpaDecodeDeviceOperation,64,114038.0
1424384,,SdpaDecodeDeviceOperation,64,113974.0
1386496,,SdpaDecodeDeviceOperation,64,113892.0
552960,,SdpaDecodeDeviceOperation,64,113842.0
2950144,1,SdpaDecodeDeviceOperation,48,113788.0
1651712,,SdpaDecodeDeviceOperation,64,113775.0
590848,,SdpaDecodeDeviceOperation,64,113749.0
2798592,1,SdpaDecodeDeviceOperation,60,113738.0
2647040,1,SdpaDecodeDeviceOperation,64,113714.0
1927168,1,SdpaDecodeDeviceOperation,64,113591.0
893952,,SdpaDecodeDeviceOperation,64,113571.0
1197056,,SdpaDecodeDeviceOperation,64,113517.0
2381824,1,SdpaDecodeDeviceOperation,64,113506.0
2495488,1,SdpaDecodeDeviceOperation,64,113347.0
742400,,SdpaDecodeDeviceOperation,64,113326.0
1272832,,SdpaDecodeDeviceOperation,64,113324.0
477184,,SdpaDecodeDeviceOperation,64,113124.0
2912256,1,SdpaDecodeDeviceOperation,48,112979.0
401408,,SdpaDecodeDeviceOperation,64,112884.0
2874368,1,SdpaDecodeDeviceOperation,48,112788.0
3025920,1,SdpaDecodeDeviceOperation,48,112716.0
2343936,1,SdpaDecodeDeviceOperation,64,112698.0
3063808,1,SdpaDecodeDeviceOperation,48,112506.0
818176,,SdpaDecodeDeviceOperation,64,112460.0
704512,,SdpaDecodeDeviceOperation,64,112383.0
3163136,,UntilizeDeviceOperation,64,112096.0
1007616,,SdpaDecodeDeviceOperation,64,111987.0
628736,,SdpaDecodeDeviceOperation,64,111734.0
3186688,,UntilizeDeviceOperation,64,111521.0
3203072,,UntilizeDeviceOperation,64,111062.0
3218432,,UntilizeDeviceOperation,64,110476.0
3204096,,UntilizeDeviceOperation,64,110348.0
3177472,,UntilizeDeviceOperation,64,110332.0
3193856,,UntilizeDeviceOperation,64,110295.0
3169280,,UntilizeDeviceOperation,64,110071.0
3223552,,UntilizeDeviceOperation,64,110013.0
3161088,,UntilizeDeviceOperation,64,110011.0
3200000,,UntilizeDeviceOperation,64,109962.0
3194880,,UntilizeDeviceOperation,64,109958.0
3226624,,UntilizeDeviceOperation,64,109935.0
3178496,,UntilizeDeviceOperation,64,109865.0
3213312,,UntilizeDeviceOperation,64,109841.0
3171328,,UntilizeDeviceOperation,64,109832.0
3179520,,UntilizeDeviceOperation,64,109658.0
3185664,,UntilizeDeviceOperation,64,109632.0
3187712,,UntilizeDeviceOperation,64,109472.0
3174400,,UntilizeDeviceOperation,64,109414.0
3168256,,UntilizeDeviceOperation,64,109380.0
3170304,,UntilizeDeviceOperation,64,109344.0
3181568,,UntilizeDeviceOperation,64,109188.0
3172352,,UntilizeDeviceOperation,64,109155.0
3195904,,UntilizeDeviceOperation,64,109146.0
3220480,,UntilizeDeviceOperation,64,109053.0
3228672,,UntilizeDeviceOperation,64,109033.0
3180544,,UntilizeDeviceOperation,64,108998.0
3212288,,UntilizeDeviceOperation,64,108898.0
3211264,,UntilizeDeviceOperation,64,108894.0
3188736,,UntilizeDeviceOperation,64,108630.0
3201024,,UntilizeDeviceOperation,64,108552.0
3165184,,UntilizeDeviceOperation,64,108459.0
3205120,,UntilizeDeviceOperation,64,108351.0
3166208,,UntilizeDeviceOperation,64,108146.0
3202048,,UntilizeDeviceOperation,64,108110.0
3210240,,UntilizeDeviceOperation,64,108049.0
3191808,,UntilizeDeviceOperation,64,108034.0
3176448,,UntilizeDeviceOperation,64,107953.0
3184640,,UntilizeDeviceOperation,64,107888.0
3209216,,UntilizeDeviceOperation,64,107837.0
3221504,,UntilizeDeviceOperation,64,107835.0
3173376,,UntilizeDeviceOperation,64,107813.0
3227648,,UntilizeDeviceOperation,64,107810.0
3198976,,UntilizeDeviceOperation,64,107762.0
3229696,,UntilizeDeviceOperation,64,107399.0
3164160,,UntilizeDeviceOperation,64,107290.0
3225600,,UntilizeDeviceOperation,64,107259.0
3189760,,UntilizeDeviceOperation,64,107255.0
3233792,,UntilizeDeviceOperation,64,106890.0
3192832,,UntilizeDeviceOperation,64,106873.0
3175424,,UntilizeDeviceOperation,64,106779.0
3217408,,UntilizeDeviceOperation,64,106739.0
3190784,,UntilizeDeviceOperation,64,106736.0
3196928,,UntilizeDeviceOperation,64,106624.0
3183616,,UntilizeDeviceOperation,64,106612.0
3208192,,UntilizeDeviceOperation,64,106477.0
3219456,,UntilizeDeviceOperation,64,106357.0
3216384,,UntilizeDeviceOperation,64,106181.0
3197952,,UntilizeDeviceOperation,64,106117.0
3214336,,UntilizeDeviceOperation,64,106032.0
3215360,,UntilizeDeviceOperation,64,105993.0
3182592,,UntilizeDeviceOperation,64,105861.0
3230720,,UntilizeDeviceOperation,64,105801.0
3231744,,UntilizeDeviceOperation,64,105690.0
3224576,,UntilizeDeviceOperation,64,105364.0
3167232,,UntilizeDeviceOperation,64,105248.0
3206144,,UntilizeDeviceOperation,64,104872.0
3207168,,UntilizeDeviceOperation,64,104638.0
3222528,,UntilizeDeviceOperation,64,104610.0
3232768,,UntilizeDeviceOperation,64,104285.0
28672,,TilizeDeviceOperation,64,99616.0
34816,,TilizeDeviceOperation,64,98782.0
200704,,TilizeDeviceOperation,64,98778.0
188416,,TilizeDeviceOperation,64,98706.0
51200,,TilizeDeviceOperation,64,97768.0
174080,,TilizeDeviceOperation,64,97734.0
77824,,TilizeDeviceOperation,64,97723.0
186368,,TilizeDeviceOperation,64,97710.0
59392,,TilizeDeviceOperation,64,97477.0
2048,,TilizeDeviceOperation,64,97442.0
10240,,TilizeDeviceOperation,64,97327.0
57344,,TilizeDeviceOperation,64,97265.0
14336,,TilizeDeviceOperation,64,97248.0
81920,,TilizeDeviceOperation,64,97126.0
83968,,TilizeDeviceOperation,64,97047.0
180224,,TilizeDeviceOperation,64,97044.0
32768,,TilizeDeviceOperation,64,97036.0
102400,,TilizeDeviceOperation,64,96976.0
176128,,TilizeDeviceOperation,64,96934.0
8192,,TilizeDeviceOperation,64,96672.0
206848,,TilizeDeviceOperation,64,96606.0
151552,,TilizeDeviceOperation,64,96598.0
114688,,TilizeDeviceOperation,64,96559.0
157696,,TilizeDeviceOperation,64,96555.0
53248,,TilizeDeviceOperation,64,96548.0
100352,,TilizeDeviceOperation,64,96482.0
47104,,TilizeDeviceOperation,64,96427.0
133120,,TilizeDeviceOperation,64,96298.0
143360,,TilizeDeviceOperation,64,96225.0
40960,,TilizeDeviceOperation,64,96223.0
108544,,TilizeDeviceOperation,64,96171.0
90112,,TilizeDeviceOperation,64,96068.0
210944,,TilizeDeviceOperation,64,96068.0
204800,,TilizeDeviceOperation,64,96060.0
219136,,TilizeDeviceOperation,64,95828.0
4096,,TilizeDeviceOperation,64,95606.0
120832,,TilizeDeviceOperation,64,95555.0
182272,,TilizeDeviceOperation,64,95464.0
26624,,TilizeDeviceOperation,64,95448.0
126976,,TilizeDeviceOperation,64,95430.0
167936,,TilizeDeviceOperation,64,95330.0
131072,,TilizeDeviceOperation,64,95313.0
194560,,TilizeDeviceOperation,64,95306.0
20480,,TilizeDeviceOperation,64,95301.0
198656,,TilizeDeviceOperation,64,95170.0
96256,,TilizeDeviceOperation,64,95139.0
124928,,TilizeDeviceOperation,64,95056.0
139264,,TilizeDeviceOperation,64,95006.0
149504,,TilizeDeviceOperation,64,94953.0
22528,,TilizeDeviceOperation,64,94919.0
106496,,TilizeDeviceOperation,64,94889.0
137216,,TilizeDeviceOperation,64,94887.0
112640,,TilizeDeviceOperation,64,94878.0
38912,,TilizeDeviceOperation,64,94876.0
163840,,TilizeDeviceOperation,64,94857.0
118784,,TilizeDeviceOperation,64,94824.0
75776,,TilizeDeviceOperation,64,94491.0
63488,,TilizeDeviceOperation,64,94489.0
145408,,TilizeDeviceOperation,64,94431.0
88064,,TilizeDeviceOperation,64,94119.0
94208,,TilizeDeviceOperation,64,94089.0
16384,,TilizeDeviceOperation,64,94088.0
169984,,TilizeDeviceOperation,64,94088.0
65536,,TilizeDeviceOperation,64,94075.0
192512,,TilizeDeviceOperation,64,94045.0
155648,,TilizeDeviceOperation,64,94028.0
217088,,TilizeDeviceOperation,64,93989.0
161792,,TilizeDeviceOperation,64,93931.0
212992,,TilizeDeviceOperation,64,93685.0
71680,,TilizeDeviceOperation,64,93673.0
69632,,TilizeDeviceOperation,64,93661.0
45056,,TilizeDeviceOperation,64,93414.0
2891776,1,MatmulDeviceOperation,48,83378.0
2512896,1,MatmulDeviceOperation,64,82341.0
1328128,,MatmulDeviceOperation,64,82317.0
1214464,,MatmulDeviceOperation,64,82107.0
1793024,1,MatmulDeviceOperation,64,81669.0
2853888,1,MatmulDeviceOperation,60,81661.0
1025024,,MatmulDeviceOperation,64,81564.0
2967552,1,MatmulDeviceOperation,48,81429.0
2550784,1,MatmulDeviceOperation,64,81406.0
2209792,1,MatmulDeviceOperation,64,81039.0
949248,,MatmulDeviceOperation,64,80999.0
835584,,MatmulDeviceOperation,64,80861.0
2285568,1,MatmulDeviceOperation,64,80836.0
1479680,,MatmulDeviceOperation,64,80806.0
646144,,MatmulDeviceOperation,64,80594.0
418816,,MatmulDeviceOperation,64,80547.0
1138688,,MatmulDeviceOperation,64,80422.0
271360,,MatmulDeviceOperation,64,80332.0
1100800,,MatmulDeviceOperation,64,80187.0
2664448,1,MatmulDeviceOperation,64,79860.0
3081216,1,MatmulDeviceOperation,48,79827.0
1631232,,MatmulDeviceOperation,64,79811.0
2702336,1,MatmulDeviceOperation,63,79793.0
987136,,MatmulDeviceOperation,64,79709.0
3043328,1,MatmulDeviceOperation,48,79665.0
2171904,1,MatmulDeviceOperation,64,79455.0
2740224,1,MatmulDeviceOperation,63,79408.0
1517568,,MatmulDeviceOperation,64,79350.0
1403904,,MatmulDeviceOperation,64,79271.0
2778112,1,MatmulDeviceOperation,60,79192.0
608256,,MatmulDeviceOperation,64,79032.0
2437120,1,MatmulDeviceOperation,64,78949.0
2361344,1,MatmulDeviceOperation,64,78869.0
1906688,1,MatmulDeviceOperation,64,78859.0
3005440,1,MatmulDeviceOperation,48,78792.0
2399232,1,MatmulDeviceOperation,64,78750.0
2247680,1,MatmulDeviceOperation,64,78704.0
911360,,MatmulDeviceOperation,64,78625.0
1944576,1,MatmulDeviceOperation,64,78616.0
2134016,1,MatmulDeviceOperation,64,78606.0
2626560,1,MatmulDeviceOperation,64,78590.0
721920,,MatmulDeviceOperation,64,78511.0
2323456,1,MatmulDeviceOperation,64,78511.0
1290240,,MatmulDeviceOperation,64,78506.0
1721344,1,MatmulDeviceOperation,64,78461.0
2588672,1,MatmulDeviceOperation,64,78437.0
1176576,,MatmulDeviceOperation,64,78415.0
2475008,1,MatmulDeviceOperation,64,78328.0
1062912,,MatmulDeviceOperation,64,78227.0
1555456,,MatmulDeviceOperation,64,78217.0
2020352,1,MatmulDeviceOperation,64,78168.0
759808,,MatmulDeviceOperation,64,78129.0
1593344,,MatmulDeviceOperation,64,78082.0
1868800,1,MatmulDeviceOperation,64,78068.0
2929664,1,MatmulDeviceOperation,48,78060.0
1441792,,MatmulDeviceOperation,64,77990.0
532480,,MatmulDeviceOperation,64,77967.0
1830912,1,MatmulDeviceOperation,64,77891.0
797696,,MatmulDeviceOperation,64,77865.0
2816000,1,MatmulDeviceOperation,60,77734.0
1982464,1,MatmulDeviceOperation,64,77685.0
2096128,1,MatmulDeviceOperation,64,77677.0
456704,,MatmulDeviceOperation,64,77644.0
1252352,,MatmulDeviceOperation,64,77553.0
684032,,MatmulDeviceOperation,64,77498.0
873472,,MatmulDeviceOperation,64,77467.0
494592,,MatmulDeviceOperation,64,77419.0
380928,,MatmulDeviceOperation,64,77160.0
2058240,1,MatmulDeviceOperation,64,77003.0
570368,,MatmulDeviceOperation,64,76914.0
1366016,,MatmulDeviceOperation,64,76684.0
343040,,MatmulDeviceOperation,64,76644.0
3120128,1,ShardedToInterleavedDeviceOperation,48,71731.0
1670144,,ShardedToInterleavedDeviceOperation,64,68489.0
2313216,1,MatmulDeviceOperation,40,58378.0
2123776,1,MatmulDeviceOperation,40,58003.0
2085888,1,MatmulDeviceOperation,40,57985.0
2388992,1,MatmulDeviceOperation,40,57865.0
2351104,1,MatmulDeviceOperation,40,57579.0
2161664,1,MatmulDeviceOperation,40,57577.0
2843648,1,MatmulDeviceOperation,36,57234.0
2199552,1,MatmulDeviceOperation,40,57215.0
2426880,1,MatmulDeviceOperation,40,57114.0
2275328,1,MatmulDeviceOperation,40,57080.0
2048000,1,MatmulDeviceOperation,40,57021.0
2010112,1,MatmulDeviceOperation,40,56816.0
2502656,1,MatmulDeviceOperation,40,56762.0
1972224,1,MatmulDeviceOperation,40,56585.0
2540544,1,MatmulDeviceOperation,40,56534.0
1820672,1,MatmulDeviceOperation,40,56532.0
2919424,1,MatmulDeviceOperation,24,56380.0
3033088,1,MatmulDeviceOperation,24,56282.0
3070976,1,MatmulDeviceOperation,24,55926.0
2464768,1,MatmulDeviceOperation,40,55898.0
2654208,1,MatmulDeviceOperation,40,55880.0
1014784,,MatmulDeviceOperation,40,55863.0
2881536,1,MatmulDeviceOperation,24,55689.0
1280000,,MatmulDeviceOperation,40,55660.0
1431552,,MatmulDeviceOperation,40,55532.0
1620992,,MatmulDeviceOperation,40,55522.0
1934336,1,MatmulDeviceOperation,40,55518.0
2957312,1,MatmulDeviceOperation,24,55511.0
2237440,1,MatmulDeviceOperation,40,55442.0
1355776,,MatmulDeviceOperation,40,55435.0
1658880,,MatmulDeviceOperation,40,55390.0
2616320,1,MatmulDeviceOperation,40,55381.0
2995200,1,MatmulDeviceOperation,24,55379.0
2729984,1,MatmulDeviceOperation,39,55351.0
2578432,1,MatmulDeviceOperation,40,55203.0
2692096,1,MatmulDeviceOperation,40,55197.0
1858560,1,MatmulDeviceOperation,40,55129.0
711680,,MatmulDeviceOperation,40,55114.0
1393664,,MatmulDeviceOperation,40,55025.0
560128,,MatmulDeviceOperation,40,54972.0
1507328,,MatmulDeviceOperation,40,54970.0
976896,,MatmulDeviceOperation,40,54941.0
408576,,MatmulDeviceOperation,40,54859.0
1317888,,MatmulDeviceOperation,40,54841.0
635904,,MatmulDeviceOperation,40,54836.0
1204224,,MatmulDeviceOperation,40,54826.0
1166336,,MatmulDeviceOperation,40,54741.0
370688,,MatmulDeviceOperation,40,54645.0
2805760,1,MatmulDeviceOperation,36,54637.0
749568,,MatmulDeviceOperation,40,54562.0
332800,,MatmulDeviceOperation,40,54552.0
446464,,MatmulDeviceOperation,40,54535.0
787456,,MatmulDeviceOperation,40,54522.0
673792,,MatmulDeviceOperation,40,54514.0
901120,,MatmulDeviceOperation,40,54487.0
3108864,1,MatmulDeviceOperation,24,54479.0
825344,,MatmulDeviceOperation,40,54407.0
1896448,1,MatmulDeviceOperation,40,54406.0
1052672,,MatmulDeviceOperation,40,54374.0
1128448,,MatmulDeviceOperation,40,54361.0
598016,,MatmulDeviceOperation,40,54180.0
863232,,MatmulDeviceOperation,40,54146.0
1782784,1,MatmulDeviceOperation,40,54067.0
939008,,MatmulDeviceOperation,40,54016.0
484352,,MatmulDeviceOperation,40,53889.0
522240,,MatmulDeviceOperation,40,53878.0
1090560,,MatmulDeviceOperation,40,53814.0
1545216,,MatmulDeviceOperation,40,53777.0
1583104,,MatmulDeviceOperation,40,53738.0
1242112,,MatmulDeviceOperation,40,53710.0
2767872,1,MatmulDeviceOperation,36,53569.0
1469440,,MatmulDeviceOperation,40,53568.0
1037312,,PagedUpdateCacheDeviceOperation,32,28785.0
1529856,,PagedUpdateCacheDeviceOperation,32,28399.0
275456,,PagedUpdateCacheDeviceOperation,32,27928.0
734208,,PagedUpdateCacheDeviceOperation,32,27899.0
393216,,PagedUpdateCacheDeviceOperation,32,27793.0
384000,,PagedUpdateCacheDeviceOperation,32,27620.0
3093504,1,PagedUpdateCacheDeviceOperation,16,27546.0
952320,,PagedUpdateCacheDeviceOperation,32,27424.0
914432,,PagedUpdateCacheDeviceOperation,32,27368.0
1188864,,PagedUpdateCacheDeviceOperation,32,27294.0
658432,,PagedUpdateCacheDeviceOperation,32,27159.0
2600960,1,PagedUpdateCacheDeviceOperation,32,27115.0
573440,,PagedUpdateCacheDeviceOperation,32,27021.0
535552,,PagedUpdateCacheDeviceOperation,32,27017.0
1200128,,TernaryDeviceOperation,64,27001.0
1150976,,PagedUpdateCacheDeviceOperation,32,26999.0
582656,,PagedUpdateCacheDeviceOperation,32,26966.0
990208,,PagedUpdateCacheDeviceOperation,32,26965.0
972800,,TernaryDeviceOperation,64,26958.0
497664,,PagedUpdateCacheDeviceOperation,32,26952.0
296960,,PagedUpdateCacheDeviceOperation,32,26909.0
404480,,TernaryDeviceOperation,64,26906.0
1503232,,TernaryDeviceOperation,64,26901.0
1048576,,TernaryDeviceOperation,64,26889.0
1065984,,PagedUpdateCacheDeviceOperation,32,26884.0
2259968,1,PagedUpdateCacheDeviceOperation,32,26857.0
821248,,TernaryDeviceOperation,64,26851.0
1351680,,TernaryDeviceOperation,64,26851.0
1389568,,TernaryDeviceOperation,64,26847.0
431104,,PagedUpdateCacheDeviceOperation,32,26832.0
961536,,PagedUpdateCacheDeviceOperation,32,26826.0
620544,,PagedUpdateCacheDeviceOperation,32,26814.0
1313792,,TernaryDeviceOperation,64,26814.0
783360,,TernaryDeviceOperation,64,26797.0
1275904,,TernaryDeviceOperation,64,26793.0
468992,,PagedUpdateCacheDeviceOperation,32,26779.0
1179648,,PagedUpdateCacheDeviceOperation,32,26776.0
480256,,TernaryDeviceOperation,64,26755.0
859136,,TernaryDeviceOperation,64,26742.0
1634304,,PagedUpdateCacheDeviceOperation,32,26722.0
1579008,,TernaryDeviceOperation,64,26721.0
1454080,,PagedUpdateCacheDeviceOperation,32,26720.0
745472,,TernaryDeviceOperation,64,26711.0
518144,,TernaryDeviceOperation,64,26706.0
1010688,,TernaryDeviceOperation,64,26699.0
506880,,PagedUpdateCacheDeviceOperation,32,26695.0
442368,,TernaryDeviceOperation,64,26693.0
355328,,PagedUpdateCacheDeviceOperation,32,26692.0
593920,,TernaryDeviceOperation,64,26684.0
897024,,TernaryDeviceOperation,64,26650.0
1427456,,TernaryDeviceOperation,64,26644.0
669696,,TernaryDeviceOperation,64,26642.0
707584,,TernaryDeviceOperation,64,26634.0
611328,,PagedUpdateCacheDeviceOperation,32,26633.0
631808,,TernaryDeviceOperation,64,26617.0
649216,,PagedUpdateCacheDeviceOperation,32,26617.0
1086464,,TernaryDeviceOperation,64,26616.0
1444864,,PagedUpdateCacheDeviceOperation,32,26614.0
1124352,,TernaryDeviceOperation,64,26603.0
1541120,,TernaryDeviceOperation,64,26602.0
556032,,TernaryDeviceOperation,64,26591.0
3028992,1,TernaryDeviceOperation,48,26589.0
1654784,,TernaryDeviceOperation,64,26585.0
1369088,,PagedUpdateCacheDeviceOperation,32,26584.0
1238016,,TernaryDeviceOperation,64,26581.0
838656,,PagedUpdateCacheDeviceOperation,32,26570.0
934912,,TernaryDeviceOperation,64,26568.0
1028096,,PagedUpdateCacheDeviceOperation,32,26568.0
544768,,PagedUpdateCacheDeviceOperation,32,26564.0
876544,,PagedUpdateCacheDeviceOperation,32,26561.0
687104,,PagedUpdateCacheDeviceOperation,32,26555.0
459776,,PagedUpdateCacheDeviceOperation,32,26554.0
1162240,,TernaryDeviceOperation,64,26540.0
1616896,,TernaryDeviceOperation,64,26526.0
328704,,TernaryDeviceOperation,64,26519.0
346112,,PagedUpdateCacheDeviceOperation,32,26518.0
1465344,,TernaryDeviceOperation,64,26518.0
366592,,TernaryDeviceOperation,64,26497.0
1226752,,PagedUpdateCacheDeviceOperation,32,26375.0
1331200,,PagedUpdateCacheDeviceOperation,32,26357.0
1520640,,PagedUpdateCacheDeviceOperation,32,26344.0
2714624,1,PagedUpdateCacheDeviceOperation,31,26317.0
2515968,1,PagedUpdateCacheDeviceOperation,32,26315.0
3066880,1,TernaryDeviceOperation,48,26300.0
1930240,1,TernaryDeviceOperation,64,26297.0
2297856,1,PagedUpdateCacheDeviceOperation,32,26274.0
2487296,1,PagedUpdateCacheDeviceOperation,32,26243.0
696320,,PagedUpdateCacheDeviceOperation,32,26238.0
2157568,1,TernaryDeviceOperation,64,26222.0
1805312,1,PagedUpdateCacheDeviceOperation,32,26216.0
1985536,1,PagedUpdateCacheDeviceOperation,32,26203.0
3055616,1,PagedUpdateCacheDeviceOperation,16,26200.0
800768,,PagedUpdateCacheDeviceOperation,32,26185.0
1378304,,PagedUpdateCacheDeviceOperation,32,26167.0
1416192,,PagedUpdateCacheDeviceOperation,32,26076.0
1103872,,PagedUpdateCacheDeviceOperation,32,26051.0
1558528,,PagedUpdateCacheDeviceOperation,32,26051.0
923648,,PagedUpdateCacheDeviceOperation,32,26049.0
1643520,,PagedUpdateCacheDeviceOperation,32,26049.0
1302528,,PagedUpdateCacheDeviceOperation,32,25983.0
1746944,1,PagedUpdateCacheDeviceOperation,32,25976.0
1605632,,PagedUpdateCacheDeviceOperation,32,25942.0
2629632,1,PagedUpdateCacheDeviceOperation,32,25933.0
1113088,,PagedUpdateCacheDeviceOperation,32,25893.0
2553856,1,PagedUpdateCacheDeviceOperation,32,25882.0
885760,,PagedUpdateCacheDeviceOperation,32,25879.0
2233344,1,TernaryDeviceOperation,64,25870.0
1340416,,PagedUpdateCacheDeviceOperation,32,25867.0
2676736,1,PagedUpdateCacheDeviceOperation,32,25849.0
762880,,PagedUpdateCacheDeviceOperation,32,25847.0
847872,,PagedUpdateCacheDeviceOperation,32,25844.0
2402304,1,PagedUpdateCacheDeviceOperation,32,25844.0
2440192,1,PagedUpdateCacheDeviceOperation,32,25807.0
2979840,1,PagedUpdateCacheDeviceOperation,16,25802.0
2347008,1,TernaryDeviceOperation,64,25792.0
1909760,1,PagedUpdateCacheDeviceOperation,32,25767.0
809984,,PagedUpdateCacheDeviceOperation,32,25760.0
2563072,1,PagedUpdateCacheDeviceOperation,32,25747.0
2411520,1,PagedUpdateCacheDeviceOperation,32,25746.0
2250752,1,PagedUpdateCacheDeviceOperation,32,25743.0
2119680,1,TernaryDeviceOperation,64,25739.0
2650112,1,TernaryDeviceOperation,64,25728.0
1255424,,PagedUpdateCacheDeviceOperation,32,25688.0
1596416,,PagedUpdateCacheDeviceOperation,32,25680.0
1567744,,PagedUpdateCacheDeviceOperation,32,25674.0
3104768,1,TernaryDeviceOperation,48,25668.0
2498560,1,TernaryDeviceOperation,64,25663.0
772096,,PagedUpdateCacheDeviceOperation,32,25640.0
1075200,,PagedUpdateCacheDeviceOperation,32,25614.0
1482752,,PagedUpdateCacheDeviceOperation,32,25608.0
1141760,,PagedUpdateCacheDeviceOperation,32,25599.0
2991104,1,TernaryDeviceOperation,48,25592.0
2781184,1,PagedUpdateCacheDeviceOperation,28,25583.0
2006016,1,TernaryDeviceOperation,64,25581.0
2839552,1,TernaryDeviceOperation,60,25577.0
1843200,1,PagedUpdateCacheDeviceOperation,32,25574.0
724992,,PagedUpdateCacheDeviceOperation,32,25562.0
421888,,PagedUpdateCacheDeviceOperation,32,25557.0
1264640,,PagedUpdateCacheDeviceOperation,32,25519.0
2828288,1,PagedUpdateCacheDeviceOperation,28,25508.0
1293312,,PagedUpdateCacheDeviceOperation,32,25506.0
2866176,1,PagedUpdateCacheDeviceOperation,28,25505.0
1994752,1,PagedUpdateCacheDeviceOperation,32,25497.0
2688000,1,TernaryDeviceOperation,64,25482.0
2953216,1,TernaryDeviceOperation,48,25472.0
2032640,1,PagedUpdateCacheDeviceOperation,32,25460.0
2915328,1,TernaryDeviceOperation,48,25454.0
1217536,,PagedUpdateCacheDeviceOperation,32,25445.0
1833984,1,PagedUpdateCacheDeviceOperation,32,25405.0
2146304,1,PagedUpdateCacheDeviceOperation,32,25401.0
2667520,1,PagedUpdateCacheDeviceOperation,32,25391.0
1796096,1,PagedUpdateCacheDeviceOperation,32,25388.0
2043904,1,TernaryDeviceOperation,64,25378.0
1816576,1,TernaryDeviceOperation,64,25357.0
1968128,1,TernaryDeviceOperation,64,25350.0
2422784,1,TernaryDeviceOperation,64,25331.0
2743296,1,PagedUpdateCacheDeviceOperation,31,25326.0
2763776,1,TernaryDeviceOperation,60,25293.0
2195456,1,TernaryDeviceOperation,64,25266.0
2877440,1,TernaryDeviceOperation,48,25266.0
2904064,1,PagedUpdateCacheDeviceOperation,16,25263.0
2222080,1,PagedUpdateCacheDeviceOperation,32,25249.0
1406976,,PagedUpdateCacheDeviceOperation,32,25239.0
2271232,1,TernaryDeviceOperation,64,25223.0
2752512,1,PagedUpdateCacheDeviceOperation,28,25222.0
268288,,EmbeddingsDeviceOperation,1,25204.0
2309120,1,TernaryDeviceOperation,64,25204.0
1778688,1,TernaryDeviceOperation,64,25198.0
1947648,1,PagedUpdateCacheDeviceOperation,32,25184.0
1718272,1,EmbeddingsDeviceOperation,1,25178.0
2081792,1,TernaryDeviceOperation,64,25169.0
2725888,1,TernaryDeviceOperation,63,25169.0
2070528,1,PagedUpdateCacheDeviceOperation,32,25164.0
3084288,1,PagedUpdateCacheDeviceOperation,16,25161.0
2536448,1,TernaryDeviceOperation,64,25147.0
1491968,,PagedUpdateCacheDeviceOperation,32,25100.0
999424,,PagedUpdateCacheDeviceOperation,32,25092.0
2023424,1,PagedUpdateCacheDeviceOperation,32,25089.0
2184192,1,PagedUpdateCacheDeviceOperation,32,25088.0
2525184,1,PagedUpdateCacheDeviceOperation,32,25061.0
2288640,1,PagedUpdateCacheDeviceOperation,32,25044.0
2460672,1,TernaryDeviceOperation,64,25038.0
2790400,1,PagedUpdateCacheDeviceOperation,28,25035.0
2574336,1,TernaryDeviceOperation,64,25028.0
2801664,1,TernaryDeviceOperation,60,25027.0
2364416,1,PagedUpdateCacheDeviceOperation,32,25024.0
1725440,1,PagedUpdateCacheDeviceOperation,32,25018.0
2638848,1,PagedUpdateCacheDeviceOperation,32,25014.0
2970624,1,PagedUpdateCacheDeviceOperation,16,25011.0
2384896,1,TernaryDeviceOperation,64,25007.0
1871872,1,PagedUpdateCacheDeviceOperation,32,25000.0
3017728,1,PagedUpdateCacheDeviceOperation,16,24995.0
2212864,1,PagedUpdateCacheDeviceOperation,32,24992.0
1854464,1,TernaryDeviceOperation,64,24969.0
1892352,1,TernaryDeviceOperation,64,24962.0
2941952,1,PagedUpdateCacheDeviceOperation,16,24951.0
2326528,1,PagedUpdateCacheDeviceOperation,32,24911.0
2335744,1,PagedUpdateCacheDeviceOperation,32,24858.0
1751040,1,TernaryDeviceOperation,64,24843.0
2174976,1,PagedUpdateCacheDeviceOperation,32,24841.0
2612224,1,TernaryDeviceOperation,64,24840.0
2108416,1,PagedUpdateCacheDeviceOperation,32,24825.0
1918976,1,PagedUpdateCacheDeviceOperation,32,24707.0
2478080,1,PagedUpdateCacheDeviceOperation,32,24675.0
301056,,TernaryDeviceOperation,64,24663.0
2373632,1,PagedUpdateCacheDeviceOperation,32,24648.0
2099200,1,PagedUpdateCacheDeviceOperation,32,24611.0
2856960,1,PagedUpdateCacheDeviceOperation,28,24598.0
2137088,1,PagedUpdateCacheDeviceOperation,32,24562.0
2591744,1,PagedUpdateCacheDeviceOperation,32,24417.0
3008512,1,PagedUpdateCacheDeviceOperation,16,24288.0
1956864,1,PagedUpdateCacheDeviceOperation,32,24257.0
2705408,1,PagedUpdateCacheDeviceOperation,31,24239.0
2061312,1,PagedUpdateCacheDeviceOperation,32,24195.0
2449408,1,PagedUpdateCacheDeviceOperation,32,24133.0
2819072,1,PagedUpdateCacheDeviceOperation,28,24124.0
2932736,1,PagedUpdateCacheDeviceOperation,16,24071.0
1881088,1,PagedUpdateCacheDeviceOperation,32,23990.0
3046400,1,PagedUpdateCacheDeviceOperation,16,23946.0
2894848,1,PagedUpdateCacheDeviceOperation,16,23490.0
273408,,NLPCreateQKVHeadsDecodeDeviceOperation,32,19780.0
382976,,NLPCreateQKVHeadsDecodeDeviceOperation,32,19763.0
2287616,1,NLPCreateQKVHeadsDecodeDeviceOperation,32,19745.0
496640,,NLPCreateQKVHeadsDecodeDeviceOperation,32,19720.0
761856,,NLPCreateQKVHeadsDecodeDeviceOperation,32,19691.0
1443840,,NLPCreateQKVHeadsDecodeDeviceOperation,32,19682.0
1027072,,NLPCreateQKVHeadsDecodeDeviceOperation,32,19668.0
1330176,,NLPCreateQKVHeadsDecodeDeviceOperation,32,19668.0
1557504,,NLPCreateQKVHeadsDecodeDeviceOperation,32,19657.0
420864,,NLPCreateQKVHeadsDecodeDeviceOperation,32,19645.0
1140736,,NLPCreateQKVHeadsDecodeDeviceOperation,32,19637.0
875520,,NLPCreateQKVHeadsDecodeDeviceOperation,32,19636.0
1519616,,NLPCreateQKVHeadsDecodeDeviceOperation,32,19627.0
723968,,NLPCreateQKVHeadsDecodeDeviceOperation,32,19626.0
989184,,NLPCreateQKVHeadsDecodeDeviceOperation,32,19619.0
1216512,,NLPCreateQKVHeadsDecodeDeviceOperation,32,19617.0
913408,,NLPCreateQKVHeadsDecodeDeviceOperation,32,19616.0
686080,,NLPCreateQKVHeadsDecodeDeviceOperation,32,19613.0
1368064,,NLPCreateQKVHeadsDecodeDeviceOperation,32,19610.0
610304,,NLPCreateQKVHeadsDecodeDeviceOperation,32,19603.0
1481728,,NLPCreateQKVHeadsDecodeDeviceOperation,32,19600.0
534528,,NLPCreateQKVHeadsDecodeDeviceOperation,32,19599.0
1254400,,NLPCreateQKVHeadsDecodeDeviceOperation,32,19590.0
1064960,,NLPCreateQKVHeadsDecodeDeviceOperation,32,19585.0
1102848,,NLPCreateQKVHeadsDecodeDeviceOperation,32,19585.0
799744,,NLPCreateQKVHeadsDecodeDeviceOperation,32,19582.0
1405952,,NLPCreateQKVHeadsDecodeDeviceOperation,32,19581.0
345088,,NLPCreateQKVHeadsDecodeDeviceOperation,32,19572.0
648192,,NLPCreateQKVHeadsDecodeDeviceOperation,32,19572.0
1292288,,NLPCreateQKVHeadsDecodeDeviceOperation,32,19571.0
572416,,NLPCreateQKVHeadsDecodeDeviceOperation,32,19558.0
458752,,NLPCreateQKVHeadsDecodeDeviceOperation,32,19556.0
1595392,,NLPCreateQKVHeadsDecodeDeviceOperation,32,19554.0
1178624,,NLPCreateQKVHeadsDecodeDeviceOperation,32,19551.0
837632,,NLPCreateQKVHeadsDecodeDeviceOperation,32,19531.0
951296,,NLPCreateQKVHeadsDecodeDeviceOperation,32,19517.0
1633280,,NLPCreateQKVHeadsDecodeDeviceOperation,32,19495.0
1870848,1,NLPCreateQKVHeadsDecodeDeviceOperation,32,19418.0
2363392,1,NLPCreateQKVHeadsDecodeDeviceOperation,32,19346.0
2552832,1,NLPCreateQKVHeadsDecodeDeviceOperation,32,19319.0
2818048,1,NLPCreateQKVHeadsDecodeDeviceOperation,28,19304.0
2628608,1,NLPCreateQKVHeadsDecodeDeviceOperation,32,19286.0
1832960,1,NLPCreateQKVHeadsDecodeDeviceOperation,32,19284.0
2439168,1,NLPCreateQKVHeadsDecodeDeviceOperation,32,19283.0
2742272,1,NLPCreateQKVHeadsDecodeDeviceOperation,31,19255.0
2136064,1,NLPCreateQKVHeadsDecodeDeviceOperation,32,19251.0
2666496,1,NLPCreateQKVHeadsDecodeDeviceOperation,32,19241.0
2098176,1,NLPCreateQKVHeadsDecodeDeviceOperation,32,19232.0
1723392,1,NLPCreateQKVHeadsDecodeDeviceOperation,32,19230.0
2173952,1,NLPCreateQKVHeadsDecodeDeviceOperation,32,19230.0
2477056,1,NLPCreateQKVHeadsDecodeDeviceOperation,32,19229.0
2780160,1,NLPCreateQKVHeadsDecodeDeviceOperation,28,19228.0
2325504,1,NLPCreateQKVHeadsDecodeDeviceOperation,32,19224.0
2855936,1,NLPCreateQKVHeadsDecodeDeviceOperation,28,19221.0
2249728,1,NLPCreateQKVHeadsDecodeDeviceOperation,32,19219.0
2704384,1,NLPCreateQKVHeadsDecodeDeviceOperation,31,19218.0
2211840,1,NLPCreateQKVHeadsDecodeDeviceOperation,32,19214.0
1795072,1,NLPCreateQKVHeadsDecodeDeviceOperation,32,19213.0
2022400,1,NLPCreateQKVHeadsDecodeDeviceOperation,32,19213.0
2514944,1,NLPCreateQKVHeadsDecodeDeviceOperation,32,19208.0
2590720,1,NLPCreateQKVHeadsDecodeDeviceOperation,32,19199.0
1946624,1,NLPCreateQKVHeadsDecodeDeviceOperation,32,19191.0
1984512,1,NLPCreateQKVHeadsDecodeDeviceOperation,32,19186.0
2401280,1,NLPCreateQKVHeadsDecodeDeviceOperation,32,19182.0
2060288,1,NLPCreateQKVHeadsDecodeDeviceOperation,32,19174.0
1908736,1,NLPCreateQKVHeadsDecodeDeviceOperation,32,19168.0
3007488,1,NLPCreateQKVHeadsDecodeDeviceOperation,16,19138.0
3083264,1,NLPCreateQKVHeadsDecodeDeviceOperation,16,19112.0
2893824,1,NLPCreateQKVHeadsDecodeDeviceOperation,16,19110.0
2931712,1,NLPCreateQKVHeadsDecodeDeviceOperation,16,19103.0
2969600,1,NLPCreateQKVHeadsDecodeDeviceOperation,16,19090.0
3045376,1,NLPCreateQKVHeadsDecodeDeviceOperation,16,19087.0
266240,,ReshapeViewDeviceOperation,64,16479.0
1716224,1,ReshapeViewDeviceOperation,64,16284.0
920576,,RotaryEmbeddingDeviceOperation,32,13799.0
882688,,RotaryEmbeddingDeviceOperation,32,13592.0
293888,,RotaryEmbeddingDeviceOperation,32,13584.0
693248,,RotaryEmbeddingDeviceOperation,32,13573.0
1232896,,RotaryEmbeddingDeviceOperation,32,13546.0
465920,,RotaryEmbeddingDeviceOperation,32,13530.0
1299456,,RotaryEmbeddingDeviceOperation,32,13529.0
1195008,,RotaryEmbeddingDeviceOperation,32,13482.0
1043456,,RotaryEmbeddingDeviceOperation,32,13480.0
617472,,RotaryEmbeddingDeviceOperation,32,13452.0
1488896,,RotaryEmbeddingDeviceOperation,32,13452.0
361472,,RotaryEmbeddingDeviceOperation,32,13428.0
437248,,RotaryEmbeddingDeviceOperation,32,13423.0
702464,,RotaryEmbeddingDeviceOperation,32,13412.0
891904,,RotaryEmbeddingDeviceOperation,32,13409.0
1337344,,RotaryEmbeddingDeviceOperation,32,13402.0
958464,,RotaryEmbeddingDeviceOperation,32,13396.0
1640448,,RotaryEmbeddingDeviceOperation,32,13391.0
1308672,,RotaryEmbeddingDeviceOperation,32,13380.0
996352,,RotaryEmbeddingDeviceOperation,32,13377.0
967680,,RotaryEmbeddingDeviceOperation,32,13361.0
579584,,RotaryEmbeddingDeviceOperation,32,13357.0
1991680,1,RotaryEmbeddingDeviceOperation,32,13354.0
1081344,,RotaryEmbeddingDeviceOperation,32,13350.0
844800,,RotaryEmbeddingDeviceOperation,32,13344.0
304128,,TilizeWithValPaddingDeviceOperation,32,13343.0
806912,,RotaryEmbeddingDeviceOperation,32,13342.0
312320,,RotaryEmbeddingDeviceOperation,32,13340.0
1536000,,RotaryEmbeddingDeviceOperation,32,13338.0
1147904,,RotaryEmbeddingDeviceOperation,32,13332.0
1261568,,RotaryEmbeddingDeviceOperation,32,13317.0
769024,,RotaryEmbeddingDeviceOperation,32,13306.0
1451008,,RotaryEmbeddingDeviceOperation,32,13306.0
1413120,,RotaryEmbeddingDeviceOperation,32,13305.0
390144,,RotaryEmbeddingDeviceOperation,32,13304.0
664576,,RotaryEmbeddingDeviceOperation,32,13286.0
655360,,RotaryEmbeddingDeviceOperation,32,13282.0
626688,,RotaryEmbeddingDeviceOperation,32,13281.0
1602560,,RotaryEmbeddingDeviceOperation,32,13276.0
3014656,1,RotaryEmbeddingDeviceOperation,16,13274.0
1110016,,RotaryEmbeddingDeviceOperation,32,13273.0
1649664,,RotaryEmbeddingDeviceOperation,32,13267.0
352256,,RotaryEmbeddingDeviceOperation,32,13265.0
1034240,,RotaryEmbeddingDeviceOperation,32,13264.0
1526784,,RotaryEmbeddingDeviceOperation,32,13264.0
1422336,,RotaryEmbeddingDeviceOperation,32,13262.0
1119232,,RotaryEmbeddingDeviceOperation,32,13251.0
731136,,RotaryEmbeddingDeviceOperation,32,13238.0
399360,,RotaryEmbeddingDeviceOperation,32,13226.0
503808,,RotaryEmbeddingDeviceOperation,32,13224.0
1270784,,RotaryEmbeddingDeviceOperation,32,13224.0
778240,,RotaryEmbeddingDeviceOperation,32,13221.0
1223680,,RotaryEmbeddingDeviceOperation,32,13201.0
475136,,RotaryEmbeddingDeviceOperation,32,13198.0
1754112,1,TilizeWithValPaddingDeviceOperation,32,13197.0
2863104,1,RotaryEmbeddingDeviceOperation,28,13197.0
1460224,,RotaryEmbeddingDeviceOperation,32,13196.0
1573888,,RotaryEmbeddingDeviceOperation,32,13196.0
740352,,RotaryEmbeddingDeviceOperation,32,13191.0
541696,,RotaryEmbeddingDeviceOperation,32,13180.0
1498112,,RotaryEmbeddingDeviceOperation,32,13172.0
550912,,RotaryEmbeddingDeviceOperation,32,13165.0
1384448,,RotaryEmbeddingDeviceOperation,32,13162.0
1157120,,RotaryEmbeddingDeviceOperation,32,13148.0
1072128,,RotaryEmbeddingDeviceOperation,32,13147.0
1346560,,RotaryEmbeddingDeviceOperation,32,13131.0
2787328,1,RotaryEmbeddingDeviceOperation,28,13125.0
513024,,RotaryEmbeddingDeviceOperation,32,13121.0
1564672,,RotaryEmbeddingDeviceOperation,32,13109.0
929792,,RotaryEmbeddingDeviceOperation,32,13079.0
588800,,RotaryEmbeddingDeviceOperation,32,13067.0
1375232,,RotaryEmbeddingDeviceOperation,32,13038.0
428032,,RotaryEmbeddingDeviceOperation,32,13031.0
816128,,RotaryEmbeddingDeviceOperation,32,12968.0
2900992,1,RotaryEmbeddingDeviceOperation,16,12965.0
1005568,,RotaryEmbeddingDeviceOperation,32,12951.0
1185792,,RotaryEmbeddingDeviceOperation,32,12950.0
1611776,,RotaryEmbeddingDeviceOperation,32,12933.0
854016,,RotaryEmbeddingDeviceOperation,32,12923.0
2105344,1,RotaryEmbeddingDeviceOperation,32,12921.0
2976768,1,RotaryEmbeddingDeviceOperation,16,12914.0
3052544,1,RotaryEmbeddingDeviceOperation,16,12882.0
2938880,1,RotaryEmbeddingDeviceOperation,16,12828.0
2825216,1,RotaryEmbeddingDeviceOperation,28,12826.0
2408448,1,RotaryEmbeddingDeviceOperation,32,12811.0
3023872,1,RotaryEmbeddingDeviceOperation,16,12788.0
3061760,1,RotaryEmbeddingDeviceOperation,16,12715.0
2294784,1,RotaryEmbeddingDeviceOperation,32,12611.0
2446336,1,RotaryEmbeddingDeviceOperation,32,12572.0
1802240,1,RotaryEmbeddingDeviceOperation,32,12566.0
2796544,1,RotaryEmbeddingDeviceOperation,28,12545.0
2758656,1,RotaryEmbeddingDeviceOperation,28,12528.0
2985984,1,RotaryEmbeddingDeviceOperation,16,12519.0
2749440,1,RotaryEmbeddingDeviceOperation,28,12516.0
2067456,1,RotaryEmbeddingDeviceOperation,32,12511.0
2910208,1,RotaryEmbeddingDeviceOperation,16,12491.0
2256896,1,RotaryEmbeddingDeviceOperation,32,12487.0
1840128,1,RotaryEmbeddingDeviceOperation,32,12482.0
2181120,1,RotaryEmbeddingDeviceOperation,32,12478.0
2143232,1,RotaryEmbeddingDeviceOperation,32,12471.0
2711552,1,RotaryEmbeddingDeviceOperation,31,12460.0
1915904,1,RotaryEmbeddingDeviceOperation,32,12442.0
2522112,1,RotaryEmbeddingDeviceOperation,32,12432.0
2597888,1,RotaryEmbeddingDeviceOperation,32,12432.0
2029568,1,RotaryEmbeddingDeviceOperation,32,12430.0
1878016,1,RotaryEmbeddingDeviceOperation,32,12426.0
2484224,1,RotaryEmbeddingDeviceOperation,32,12396.0
2635776,1,RotaryEmbeddingDeviceOperation,32,12386.0
2332672,1,RotaryEmbeddingDeviceOperation,32,12384.0
2948096,1,RotaryEmbeddingDeviceOperation,16,12380.0
2370560,1,RotaryEmbeddingDeviceOperation,32,12369.0
2673664,1,RotaryEmbeddingDeviceOperation,32,12355.0
1953792,1,RotaryEmbeddingDeviceOperation,32,12354.0
2219008,1,RotaryEmbeddingDeviceOperation,32,12335.0
3099648,1,RotaryEmbeddingDeviceOperation,16,12322.0
2834432,1,RotaryEmbeddingDeviceOperation,28,12289.0
2569216,1,RotaryEmbeddingDeviceOperation,32,12276.0
2560000,1,RotaryEmbeddingDeviceOperation,32,12200.0
2607104,1,RotaryEmbeddingDeviceOperation,32,12146.0
203776,,TilizeWithValPaddingDeviceOperation,1,12141.0
3090432,1,RotaryEmbeddingDeviceOperation,16,12134.0
125952,,TilizeWithValPaddingDeviceOperation,1,12133.0
2872320,1,RotaryEmbeddingDeviceOperation,25,12127.0
168960,,TilizeWithValPaddingDeviceOperation,1,12122.0
25600,,TilizeWithValPaddingDeviceOperation,1,12118.0
132096,,TilizeWithValPaddingDeviceOperation,1,12115.0
89088,,TilizeWithValPaddingDeviceOperation,1,12095.0
1762304,1,RotaryEmbeddingDeviceOperation,32,12091.0
209920,,TilizeWithValPaddingDeviceOperation,1,12085.0
2266112,1,RotaryEmbeddingDeviceOperation,32,12074.0
1743872,1,RotaryEmbeddingDeviceOperation,32,12060.0
185344,,TilizeWithValPaddingDeviceOperation,1,12050.0
2720768,1,RotaryEmbeddingDeviceOperation,31,12049.0
2076672,1,RotaryEmbeddingDeviceOperation,32,12019.0
1849344,1,RotaryEmbeddingDeviceOperation,32,12012.0
2000896,1,RotaryEmbeddingDeviceOperation,32,11979.0
3072,,TilizeWithValPaddingDeviceOperation,1,11977.0
82944,,TilizeWithValPaddingDeviceOperation,1,11971.0
156672,,TilizeWithValPaddingDeviceOperation,1,11969.0
50176,,TilizeWithValPaddingDeviceOperation,1,11965.0
130048,,TilizeWithValPaddingDeviceOperation,1,11964.0
2152448,1,RotaryEmbeddingDeviceOperation,32,11961.0
199680,,TilizeWithValPaddingDeviceOperation,1,11960.0
111616,,TilizeWithValPaddingDeviceOperation,1,11959.0
33792,,TilizeWithValPaddingDeviceOperation,1,11957.0
150528,,TilizeWithValPaddingDeviceOperation,1,11956.0
193536,,TilizeWithValPaddingDeviceOperation,1,11956.0
37888,,TilizeWithValPaddingDeviceOperation,1,11955.0
80896,,TilizeWithValPaddingDeviceOperation,1,11955.0
13312,,TilizeWithValPaddingDeviceOperation,1,11954.0
222208,,TilizeWithValPaddingDeviceOperation,1,11953.0
175104,,TilizeWithValPaddingDeviceOperation,1,11949.0
21504,,TilizeWithValPaddingDeviceOperation,1,11947.0
46080,,TilizeWithValPaddingDeviceOperation,1,11946.0
101376,,TilizeWithValPaddingDeviceOperation,1,11943.0
107520,,TilizeWithValPaddingDeviceOperation,1,11943.0
119808,,TilizeWithValPaddingDeviceOperation,1,11943.0
1811456,1,RotaryEmbeddingDeviceOperation,32,11940.0
179200,,TilizeWithValPaddingDeviceOperation,1,11938.0
218112,,TilizeWithValPaddingDeviceOperation,1,11938.0
31744,,TilizeWithValPaddingDeviceOperation,1,11937.0
205824,,TilizeWithValPaddingDeviceOperation,1,11937.0
2341888,1,RotaryEmbeddingDeviceOperation,32,11937.0
197632,,TilizeWithValPaddingDeviceOperation,1,11935.0
70656,,TilizeWithValPaddingDeviceOperation,1,11934.0
76800,,TilizeWithValPaddingDeviceOperation,1,11932.0
2114560,1,RotaryEmbeddingDeviceOperation,32,11931.0
9216,,TilizeWithValPaddingDeviceOperation,1,11930.0
52224,,TilizeWithValPaddingDeviceOperation,1,11930.0
2417664,1,RotaryEmbeddingDeviceOperation,32,11930.0
62464,,TilizeWithValPaddingDeviceOperation,1,11928.0
2493440,1,RotaryEmbeddingDeviceOperation,32,11926.0
173056,,TilizeWithValPaddingDeviceOperation,1,11925.0
2455552,1,RotaryEmbeddingDeviceOperation,32,11925.0
7168,,TilizeWithValPaddingDeviceOperation,1,11924.0
87040,,TilizeWithValPaddingDeviceOperation,1,11922.0
95232,,TilizeWithValPaddingDeviceOperation,1,11922.0
105472,,TilizeWithValPaddingDeviceOperation,1,11921.0
2038784,1,RotaryEmbeddingDeviceOperation,32,11920.0
56320,,TilizeWithValPaddingDeviceOperation,1,11919.0
2379776,1,RotaryEmbeddingDeviceOperation,32,11918.0
136192,,TilizeWithValPaddingDeviceOperation,1,11917.0
138240,,TilizeWithValPaddingDeviceOperation,1,11917.0
160768,,TilizeWithValPaddingDeviceOperation,1,11915.0
181248,,TilizeWithValPaddingDeviceOperation,1,11914.0
58368,,TilizeWithValPaddingDeviceOperation,1,11907.0
99328,,TilizeWithValPaddingDeviceOperation,1,11905.0
144384,,TilizeWithValPaddingDeviceOperation,1,11905.0
148480,,TilizeWithValPaddingDeviceOperation,1,11904.0
15360,,TilizeWithValPaddingDeviceOperation,1,11899.0
2644992,1,RotaryEmbeddingDeviceOperation,32,11898.0
74752,,TilizeWithValPaddingDeviceOperation,1,11894.0
123904,,TilizeWithValPaddingDeviceOperation,1,11894.0
162816,,TilizeWithValPaddingDeviceOperation,1,11892.0
93184,,TilizeWithValPaddingDeviceOperation,1,11888.0
2531328,1,RotaryEmbeddingDeviceOperation,32,11885.0
211968,,TilizeWithValPaddingDeviceOperation,1,11882.0
2466816,1,LayerNormDeviceOperation,40,11882.0
27648,,TilizeWithValPaddingDeviceOperation,1,11880.0
154624,,TilizeWithValPaddingDeviceOperation,1,11880.0
2682880,1,RotaryEmbeddingDeviceOperation,32,11878.0
2050048,1,LayerNormDeviceOperation,40,11868.0
187392,,TilizeWithValPaddingDeviceOperation,1,11867.0
1860608,1,LayerNormDeviceOperation,40,11866.0
113664,,TilizeWithValPaddingDeviceOperation,1,11865.0
19456,,TilizeWithValPaddingDeviceOperation,1,11863.0
39936,,TilizeWithValPaddingDeviceOperation,1,11861.0
64512,,TilizeWithValPaddingDeviceOperation,1,11858.0
117760,,TilizeWithValPaddingDeviceOperation,1,11853.0
2304000,1,RotaryEmbeddingDeviceOperation,32,11852.0
44032,,TilizeWithValPaddingDeviceOperation,1,11849.0
2228224,1,RotaryEmbeddingDeviceOperation,32,11845.0
142336,,TilizeWithValPaddingDeviceOperation,1,11838.0
1963008,1,RotaryEmbeddingDeviceOperation,32,11838.0
191488,,TilizeWithValPaddingDeviceOperation,1,11837.0
2845696,1,LayerNormDeviceOperation,36,11825.0
68608,,TilizeWithValPaddingDeviceOperation,1,11822.0
216064,,TilizeWithValPaddingDeviceOperation,1,11810.0
166912,,TilizeWithValPaddingDeviceOperation,1,11809.0
1925120,1,RotaryEmbeddingDeviceOperation,32,11779.0
1887232,1,RotaryEmbeddingDeviceOperation,32,11768.0
1784832,1,LayerNormDeviceOperation,40,11731.0
1720320,1,LayerNormDeviceOperation,40,11716.0
2190336,1,RotaryEmbeddingDeviceOperation,32,11705.0
1905664,1,LayerNormDeviceOperation,40,11690.0
2299904,1,LayerNormDeviceOperation,32,11651.0
1758208,1,LayerNormDeviceOperation,32,11617.0
2694144,1,LayerNormDeviceOperation,40,11584.0
2555904,1,LayerNormDeviceOperation,32,11558.0
1836032,1,LayerNormDeviceOperation,32,11521.0
2480128,1,LayerNormDeviceOperation,32,11519.0
1873920,1,LayerNormDeviceOperation,32,11479.0
2404352,1,LayerNormDeviceOperation,32,11469.0
2186240,1,LayerNormDeviceOperation,32,11461.0
1996800,1,LayerNormDeviceOperation,32,11453.0
1792000,1,LayerNormDeviceOperation,40,11446.0
2366464,1,LayerNormDeviceOperation,32,11442.0
2214912,1,LayerNormDeviceOperation,32,11374.0
3110912,1,LayerNormDeviceOperation,24,11374.0
2783232,1,LayerNormDeviceOperation,28,11363.0
1921024,1,LayerNormDeviceOperation,32,11361.0
1822720,1,LayerNormDeviceOperation,40,11353.0
2034688,1,LayerNormDeviceOperation,32,11349.0
2428928,1,LayerNormDeviceOperation,40,11344.0
2239488,1,LayerNormDeviceOperation,40,11339.0
2163712,1,LayerNormDeviceOperation,40,11320.0
1987584,1,LayerNormDeviceOperation,32,11317.0
2859008,1,LayerNormDeviceOperation,28,11307.0
2353152,1,LayerNormDeviceOperation,40,11305.0
2110464,1,LayerNormDeviceOperation,32,11304.0
2618368,1,LayerNormDeviceOperation,40,11298.0
2277376,1,LayerNormDeviceOperation,40,11296.0
2025472,1,LayerNormDeviceOperation,32,11294.0
2063360,1,LayerNormDeviceOperation,32,11294.0
2139136,1,LayerNormDeviceOperation,32,11292.0
1898496,1,LayerNormDeviceOperation,40,11291.0
2896896,1,LayerNormDeviceOperation,16,11283.0
1958912,1,LayerNormDeviceOperation,32,11273.0
2504704,1,LayerNormDeviceOperation,40,11248.0
2669568,1,LayerNormDeviceOperation,32,11245.0
1974272,1,LayerNormDeviceOperation,40,11244.0
2997248,1,LayerNormDeviceOperation,24,11242.0
3095552,1,LayerNormDeviceOperation,16,11239.0
2707456,1,LayerNormDeviceOperation,31,11235.0
3035136,1,LayerNormDeviceOperation,24,11230.0
2246656,1,LayerNormDeviceOperation,40,11228.0
2201600,1,LayerNormDeviceOperation,40,11227.0
2656256,1,LayerNormDeviceOperation,40,11227.0
2125824,1,LayerNormDeviceOperation,40,11220.0
2290688,1,LayerNormDeviceOperation,32,11218.0
2518016,1,LayerNormDeviceOperation,32,11208.0
1949696,1,LayerNormDeviceOperation,32,11206.0
1936384,1,LayerNormDeviceOperation,40,11196.0
2769920,1,LayerNormDeviceOperation,36,11182.0
2489344,1,LayerNormDeviceOperation,32,11181.0
2442240,1,LayerNormDeviceOperation,32,11179.0
2087936,1,LayerNormDeviceOperation,40,11175.0
2542592,1,LayerNormDeviceOperation,40,11171.0
2631680,1,LayerNormDeviceOperation,32,11164.0
2593792,1,LayerNormDeviceOperation,32,11163.0
2678784,1,LayerNormDeviceOperation,32,11162.0
2375680,1,LayerNormDeviceOperation,32,11161.0
2224128,1,LayerNormDeviceOperation,32,11141.0
2328576,1,LayerNormDeviceOperation,32,11138.0
2603008,1,LayerNormDeviceOperation,32,11138.0
1911808,1,LayerNormDeviceOperation,32,11136.0
2177024,1,LayerNormDeviceOperation,32,11134.0
2451456,1,LayerNormDeviceOperation,32,11131.0
2821120,1,LayerNormDeviceOperation,28,11121.0
2391040,1,LayerNormDeviceOperation,40,11112.0
1845248,1,LayerNormDeviceOperation,32,11099.0
2315264,1,LayerNormDeviceOperation,40,11096.0
2473984,1,LayerNormDeviceOperation,40,11092.0
2745344,1,LayerNormDeviceOperation,31,11090.0
2262016,1,LayerNormDeviceOperation,32,11088.0
3073024,1,LayerNormDeviceOperation,24,11088.0
2792448,1,LayerNormDeviceOperation,28,11084.0
2883584,1,LayerNormDeviceOperation,24,11077.0
2360320,1,LayerNormDeviceOperation,40,11074.0
2580480,1,LayerNormDeviceOperation,40,11074.0
1883136,1,LayerNormDeviceOperation,32,11070.0
1739776,1,LayerNormDeviceOperation,32,11069.0
2972672,1,LayerNormDeviceOperation,16,11056.0
2868224,1,LayerNormDeviceOperation,28,11036.0
2012160,1,LayerNormDeviceOperation,40,11032.0
3057664,1,LayerNormDeviceOperation,16,11026.0
2814976,1,LayerNormDeviceOperation,36,11022.0
2101248,1,LayerNormDeviceOperation,32,11013.0
2754560,1,LayerNormDeviceOperation,28,11009.0
3086336,1,LayerNormDeviceOperation,16,11005.0
2549760,1,LayerNormDeviceOperation,40,11001.0
2944000,1,LayerNormDeviceOperation,16,11000.0
2852864,1,LayerNormDeviceOperation,36,10998.0
2934784,1,LayerNormDeviceOperation,16,10982.0
3010560,1,LayerNormDeviceOperation,16,10975.0
2527232,1,LayerNormDeviceOperation,32,10966.0
2830336,1,LayerNormDeviceOperation,28,10958.0
2148352,1,LayerNormDeviceOperation,32,10957.0
2716672,1,LayerNormDeviceOperation,31,10956.0
2981888,1,LayerNormDeviceOperation,16,10955.0
2413568,1,LayerNormDeviceOperation,32,10952.0
2625536,1,LayerNormDeviceOperation,40,10945.0
2072576,1,LayerNormDeviceOperation,32,10944.0
2906112,1,LayerNormDeviceOperation,16,10926.0
2565120,1,LayerNormDeviceOperation,32,10924.0
2739200,1,LayerNormDeviceOperation,39,10923.0
2640896,1,LayerNormDeviceOperation,32,10922.0
2701312,1,LayerNormDeviceOperation,39,10915.0
2807808,1,LayerNormDeviceOperation,36,10914.0
2732032,1,LayerNormDeviceOperation,39,10913.0
2252800,1,LayerNormDeviceOperation,32,10909.0
1943552,1,LayerNormDeviceOperation,40,10907.0
2208768,1,LayerNormDeviceOperation,40,10905.0
1807360,1,LayerNormDeviceOperation,32,10897.0
2777088,1,LayerNormDeviceOperation,36,10891.0
1798144,1,LayerNormDeviceOperation,32,10887.0
2057216,1,LayerNormDeviceOperation,40,10883.0
2095104,1,LayerNormDeviceOperation,40,10873.0
2436096,1,LayerNormDeviceOperation,40,10871.0
2398208,1,LayerNormDeviceOperation,40,10869.0
2511872,1,LayerNormDeviceOperation,40,10863.0
2170880,1,LayerNormDeviceOperation,40,10860.0
1867776,1,LayerNormDeviceOperation,40,10855.0
2959360,1,LayerNormDeviceOperation,24,10837.0
2132992,1,LayerNormDeviceOperation,40,10835.0
2663424,1,LayerNormDeviceOperation,40,10829.0
1829888,1,LayerNormDeviceOperation,40,10804.0
1981440,1,LayerNormDeviceOperation,40,10790.0
3048448,1,LayerNormDeviceOperation,16,10788.0
2337792,1,LayerNormDeviceOperation,32,10787.0
2284544,1,LayerNormDeviceOperation,40,10784.0
2322432,1,LayerNormDeviceOperation,40,10778.0
3080192,1,LayerNormDeviceOperation,24,10765.0
3042304,1,LayerNormDeviceOperation,24,10755.0
3019776,1,LayerNormDeviceOperation,16,10724.0
2587648,1,LayerNormDeviceOperation,40,10720.0
3118080,1,LayerNormDeviceOperation,24,10652.0
2019328,1,LayerNormDeviceOperation,40,10648.0
2921472,1,LayerNormDeviceOperation,24,10581.0
2928640,1,LayerNormDeviceOperation,24,10568.0
3004416,1,LayerNormDeviceOperation,24,10530.0
2966528,1,LayerNormDeviceOperation,24,10527.0
2890752,1,LayerNormDeviceOperation,24,10525.0
372736,,LayerNormDeviceOperation,40,10508.0
1357824,,LayerNormDeviceOperation,40,10470.0
1471488,,LayerNormDeviceOperation,40,10462.0
1206272,,LayerNormDeviceOperation,40,10458.0
334848,,LayerNormDeviceOperation,40,10457.0
486400,,LayerNormDeviceOperation,40,10457.0
637952,,LayerNormDeviceOperation,40,10454.0
1395712,,LayerNormDeviceOperation,40,10453.0
569344,,LayerNormDeviceOperation,40,10451.0
600064,,LayerNormDeviceOperation,40,10451.0
342016,,LayerNormDeviceOperation,40,10450.0
713728,,LayerNormDeviceOperation,40,10450.0
751616,,LayerNormDeviceOperation,40,10450.0
1130496,,LayerNormDeviceOperation,40,10449.0
1244160,,LayerNormDeviceOperation,40,10449.0
1364992,,LayerNormDeviceOperation,40,10447.0
675840,,LayerNormDeviceOperation,40,10444.0
1054720,,LayerNormDeviceOperation,40,10443.0
683008,,LayerNormDeviceOperation,40,10441.0
1668096,,LayerNormDeviceOperation,40,10441.0
1433600,,LayerNormDeviceOperation,40,10439.0
978944,,LayerNormDeviceOperation,40,10438.0
1016832,,LayerNormDeviceOperation,40,10438.0
1585152,,LayerNormDeviceOperation,40,10437.0
1168384,,LayerNormDeviceOperation,40,10436.0
1175552,,LayerNormDeviceOperation,40,10434.0
1478656,,LayerNormDeviceOperation,40,10433.0
1516544,,LayerNormDeviceOperation,40,10433.0
270336,,LayerNormDeviceOperation,40,10432.0
872448,,LayerNormDeviceOperation,40,10430.0
410624,,LayerNormDeviceOperation,40,10429.0
903168,,LayerNormDeviceOperation,40,10429.0
1592320,,LayerNormDeviceOperation,40,10429.0
796672,,LayerNormDeviceOperation,40,10428.0
562176,,LayerNormDeviceOperation,40,10426.0
941056,,LayerNormDeviceOperation,40,10426.0
524288,,LayerNormDeviceOperation,40,10425.0
1137664,,LayerNormDeviceOperation,40,10425.0
1289216,,LayerNormDeviceOperation,40,10425.0
417792,,LayerNormDeviceOperation,40,10424.0
1282048,,LayerNormDeviceOperation,40,10424.0
1327104,,LayerNormDeviceOperation,40,10422.0
834560,,LayerNormDeviceOperation,40,10419.0
379904,,LayerNormDeviceOperation,40,10418.0
448512,,LayerNormDeviceOperation,40,10418.0
948224,,LayerNormDeviceOperation,40,10415.0
720896,,LayerNormDeviceOperation,40,10414.0
1547264,,LayerNormDeviceOperation,40,10414.0
1554432,,LayerNormDeviceOperation,40,10414.0
1509376,,LayerNormDeviceOperation,40,10412.0
1251328,,LayerNormDeviceOperation,40,10409.0
758784,,LayerNormDeviceOperation,40,10408.0
1440768,,LayerNormDeviceOperation,40,10407.0
865280,,LayerNormDeviceOperation,40,10405.0
1623040,,LayerNormDeviceOperation,40,10405.0
1660928,,LayerNormDeviceOperation,40,10405.0
789504,,LayerNormDeviceOperation,40,10403.0
1061888,,LayerNormDeviceOperation,40,10401.0
1092608,,LayerNormDeviceOperation,40,10401.0
827392,,LayerNormDeviceOperation,40,10399.0
1402880,,LayerNormDeviceOperation,40,10397.0
455680,,LayerNormDeviceOperation,40,10395.0
493568,,LayerNormDeviceOperation,40,10395.0
1319936,,LayerNormDeviceOperation,40,10394.0
986112,,LayerNormDeviceOperation,40,10389.0
910336,,LayerNormDeviceOperation,40,10386.0
1099776,,LayerNormDeviceOperation,40,10384.0
1630208,,LayerNormDeviceOperation,40,10384.0
531456,,LayerNormDeviceOperation,40,10381.0
607232,,LayerNormDeviceOperation,40,10381.0
1213440,,LayerNormDeviceOperation,40,10380.0
645120,,LayerNormDeviceOperation,40,10379.0
1024000,,LayerNormDeviceOperation,40,10374.0
916480,,LayerNormDeviceOperation,32,10152.0
1228800,,LayerNormDeviceOperation,32,10151.0
1105920,,LayerNormDeviceOperation,32,10147.0
1522688,,LayerNormDeviceOperation,32,10147.0
395264,,LayerNormDeviceOperation,32,10146.0
1181696,,LayerNormDeviceOperation,32,10141.0
433152,,LayerNormDeviceOperation,32,10140.0
660480,,LayerNormDeviceOperation,32,10140.0
1342464,,LayerNormDeviceOperation,32,10140.0
1153024,,LayerNormDeviceOperation,32,10135.0
1219584,,LayerNormDeviceOperation,32,10134.0
1001472,,LayerNormDeviceOperation,32,10133.0
963584,,LayerNormDeviceOperation,32,10131.0
1569792,,LayerNormDeviceOperation,32,10129.0
471040,,LayerNormDeviceOperation,32,10127.0
348160,,LayerNormDeviceOperation,32,10126.0
357376,,LayerNormDeviceOperation,32,10126.0
575488,,LayerNormDeviceOperation,32,10126.0
812032,,LayerNormDeviceOperation,32,10125.0
1266688,,LayerNormDeviceOperation,32,10125.0
689152,,LayerNormDeviceOperation,32,10123.0
546816,,LayerNormDeviceOperation,32,10122.0
1143808,,LayerNormDeviceOperation,32,10121.0
289792,,LayerNormDeviceOperation,32,10120.0
1607680,,LayerNormDeviceOperation,32,10120.0
840704,,LayerNormDeviceOperation,32,10118.0
1531904,,LayerNormDeviceOperation,32,10117.0
925696,,LayerNormDeviceOperation,32,10115.0
537600,,LayerNormDeviceOperation,32,10114.0
508928,,LayerNormDeviceOperation,32,10113.0
1257472,,LayerNormDeviceOperation,32,10113.0
1333248,,LayerNormDeviceOperation,32,10113.0
1494016,,LayerNormDeviceOperation,32,10113.0
1304576,,LayerNormDeviceOperation,32,10112.0
774144,,LayerNormDeviceOperation,32,10111.0
1068032,,LayerNormDeviceOperation,32,10111.0
1456128,,LayerNormDeviceOperation,32,10111.0
308224,,LayerNormDeviceOperation,32,10109.0
622592,,LayerNormDeviceOperation,32,10109.0
1380352,,LayerNormDeviceOperation,32,10109.0
954368,,LayerNormDeviceOperation,32,10108.0
849920,,LayerNormDeviceOperation,32,10104.0
698368,,LayerNormDeviceOperation,32,10103.0
1295360,,LayerNormDeviceOperation,32,10103.0
613376,,LayerNormDeviceOperation,32,10101.0
878592,,LayerNormDeviceOperation,32,10100.0
1446912,,LayerNormDeviceOperation,32,10100.0
386048,,LayerNormDeviceOperation,32,10099.0
499712,,LayerNormDeviceOperation,32,10098.0
584704,,LayerNormDeviceOperation,32,10098.0
736256,,LayerNormDeviceOperation,32,10095.0
1039360,,LayerNormDeviceOperation,32,10095.0
1418240,,LayerNormDeviceOperation,32,10095.0
1115136,,LayerNormDeviceOperation,32,10094.0
651264,,LayerNormDeviceOperation,32,10092.0
887808,,LayerNormDeviceOperation,32,10092.0
1409024,,LayerNormDeviceOperation,32,10092.0
802816,,LayerNormDeviceOperation,32,10091.0
423936,,LayerNormDeviceOperation,32,10090.0
1598464,,LayerNormDeviceOperation,32,10090.0
1030144,,LayerNormDeviceOperation,32,10088.0
1371136,,LayerNormDeviceOperation,32,10087.0
992256,,LayerNormDeviceOperation,32,10085.0
461824,,LayerNormDeviceOperation,32,10081.0
1190912,,LayerNormDeviceOperation,32,10080.0
1560576,,LayerNormDeviceOperation,32,10080.0
1645568,,LayerNormDeviceOperation,32,10078.0
764928,,LayerNormDeviceOperation,32,10077.0
1636352,,LayerNormDeviceOperation,32,10077.0
1484800,,LayerNormDeviceOperation,32,10076.0
727040,,LayerNormDeviceOperation,32,10071.0
1077248,,LayerNormDeviceOperation,32,10061.0
324608,,FillPadDeviceOperation,64,9683.0
1774592,1,FillPadDeviceOperation,64,9410.0
316416,,TilizeDeviceOperation,32,9291.0
326656,,BinaryNgDeviceOperation,64,8751.0
140288,,TilizeWithValPaddingDeviceOperation,40,8416.0
1024,,TilizeWithValPaddingDeviceOperation,40,8374.0
215040,,TilizeWithValPaddingDeviceOperation,40,8338.0
5120,,TilizeWithValPaddingDeviceOperation,40,8336.0
78848,,TilizeWithValPaddingDeviceOperation,40,8332.0
141312,,TilizeWithValPaddingDeviceOperation,40,8311.0
189440,,TilizeWithValPaddingDeviceOperation,40,8303.0
208896,,TilizeWithValPaddingDeviceOperation,40,8287.0
129024,,TilizeWithValPaddingDeviceOperation,40,8282.0
110592,,TilizeWithValPaddingDeviceOperation,40,8280.0
153600,,TilizeWithValPaddingDeviceOperation,40,8264.0
35840,,TilizeWithValPaddingDeviceOperation,40,8263.0
12288,,TilizeWithValPaddingDeviceOperation,40,8262.0
30720,,TilizeWithValPaddingDeviceOperation,40,8258.0
184320,,TilizeWithValPaddingDeviceOperation,40,8249.0
177152,,TilizeWithValPaddingDeviceOperation,40,8248.0
41984,,TilizeWithValPaddingDeviceOperation,40,8236.0
115712,,TilizeWithValPaddingDeviceOperation,40,8235.0
220160,,TilizeWithValPaddingDeviceOperation,40,8231.0
164864,,TilizeWithValPaddingDeviceOperation,40,8229.0
214016,,TilizeWithValPaddingDeviceOperation,40,8227.0
195584,,TilizeWithValPaddingDeviceOperation,40,8226.0
221184,,TilizeWithValPaddingDeviceOperation,40,8220.0
183296,,TilizeWithValPaddingDeviceOperation,40,8218.0
159744,,TilizeWithValPaddingDeviceOperation,40,8217.0
152576,,TilizeWithValPaddingDeviceOperation,40,8216.0
72704,,TilizeWithValPaddingDeviceOperation,40,8212.0
36864,,TilizeWithValPaddingDeviceOperation,40,8204.0
104448,,TilizeWithValPaddingDeviceOperation,40,8192.0
128000,,TilizeWithValPaddingDeviceOperation,40,8183.0
17408,,TilizeWithValPaddingDeviceOperation,40,8178.0
29696,,TilizeWithValPaddingDeviceOperation,40,8162.0
103424,,TilizeWithValPaddingDeviceOperation,40,8162.0
43008,,TilizeWithValPaddingDeviceOperation,40,8160.0
79872,,TilizeWithValPaddingDeviceOperation,40,8160.0
48128,,TilizeWithValPaddingDeviceOperation,40,8155.0
171008,,TilizeWithValPaddingDeviceOperation,40,8155.0
11264,,TilizeWithValPaddingDeviceOperation,40,8154.0
201728,,TilizeWithValPaddingDeviceOperation,40,8150.0
190464,,TilizeWithValPaddingDeviceOperation,40,8142.0
116736,,TilizeWithValPaddingDeviceOperation,40,8126.0
207872,,TilizeWithValPaddingDeviceOperation,40,8122.0
178176,,TilizeWithValPaddingDeviceOperation,40,8119.0
158720,,TilizeWithValPaddingDeviceOperation,40,8118.0
202752,,TilizeWithValPaddingDeviceOperation,40,8114.0
92160,,TilizeWithValPaddingDeviceOperation,40,8103.0
84992,,TilizeWithValPaddingDeviceOperation,40,8100.0
86016,,TilizeWithValPaddingDeviceOperation,40,8094.0
18432,,TilizeWithValPaddingDeviceOperation,40,8093.0
97280,,TilizeWithValPaddingDeviceOperation,40,8090.0
6144,,TilizeWithValPaddingDeviceOperation,40,8072.0
165888,,TilizeWithValPaddingDeviceOperation,40,8068.0
60416,,TilizeWithValPaddingDeviceOperation,40,8066.0
121856,,TilizeWithValPaddingDeviceOperation,40,8062.0
55296,,TilizeWithValPaddingDeviceOperation,40,8061.0
54272,,TilizeWithValPaddingDeviceOperation,40,8056.0
91136,,TilizeWithValPaddingDeviceOperation,40,8055.0
196608,,TilizeWithValPaddingDeviceOperation,40,8042.0
146432,,TilizeWithValPaddingDeviceOperation,40,8024.0
67584,,TilizeWithValPaddingDeviceOperation,40,8015.0
147456,,TilizeWithValPaddingDeviceOperation,40,8008.0
109568,,TilizeWithValPaddingDeviceOperation,40,8005.0
61440,,TilizeWithValPaddingDeviceOperation,40,8000.0
134144,,TilizeWithValPaddingDeviceOperation,40,7993.0
66560,,TilizeWithValPaddingDeviceOperation,40,7976.0
23552,,TilizeWithValPaddingDeviceOperation,40,7973.0
135168,,TilizeWithValPaddingDeviceOperation,40,7969.0
172032,,TilizeWithValPaddingDeviceOperation,40,7963.0
24576,,TilizeWithValPaddingDeviceOperation,40,7954.0
49152,,TilizeWithValPaddingDeviceOperation,40,7901.0
98304,,TilizeWithValPaddingDeviceOperation,40,7893.0
73728,,TilizeWithValPaddingDeviceOperation,40,7891.0
122880,,TilizeWithValPaddingDeviceOperation,40,7842.0
1766400,1,TilizeDeviceOperation,32,7817.0
1776640,1,BinaryNgDeviceOperation,64,7425.0
406528,,NLPConcatHeadsDecodeDeviceOperation,32,6876.0
1315840,,NLPConcatHeadsDecodeDeviceOperation,32,6864.0
861184,,NLPConcatHeadsDecodeDeviceOperation,32,6822.0
1240064,,NLPConcatHeadsDecodeDeviceOperation,32,6820.0
899072,,NLPConcatHeadsDecodeDeviceOperation,32,6816.0
671744,,NLPConcatHeadsDecodeDeviceOperation,32,6815.0
444416,,NLPConcatHeadsDecodeDeviceOperation,32,6806.0
330752,,NLPConcatHeadsDecodeDeviceOperation,32,6803.0
1581056,,NLPConcatHeadsDecodeDeviceOperation,32,6802.0
709632,,NLPConcatHeadsDecodeDeviceOperation,32,6795.0
1050624,,NLPConcatHeadsDecodeDeviceOperation,32,6784.0
1202176,,NLPConcatHeadsDecodeDeviceOperation,32,6775.0
1467392,,NLPConcatHeadsDecodeDeviceOperation,32,6769.0
482304,,NLPConcatHeadsDecodeDeviceOperation,32,6765.0
1391616,,NLPConcatHeadsDecodeDeviceOperation,32,6762.0
1505280,,NLPConcatHeadsDecodeDeviceOperation,32,6755.0
633856,,NLPConcatHeadsDecodeDeviceOperation,32,6749.0
558080,,NLPConcatHeadsDecodeDeviceOperation,32,6745.0
2534400,1,TypecastDeviceOperation,64,6738.0
2458624,1,TypecastDeviceOperation,64,6731.0
747520,,NLPConcatHeadsDecodeDeviceOperation,32,6729.0
520192,,NLPConcatHeadsDecodeDeviceOperation,32,6722.0
1353728,,NLPConcatHeadsDecodeDeviceOperation,32,6721.0
1543168,,NLPConcatHeadsDecodeDeviceOperation,32,6719.0
595968,,NLPConcatHeadsDecodeDeviceOperation,32,6705.0
1012736,,NLPConcatHeadsDecodeDeviceOperation,32,6699.0
1618944,,NLPConcatHeadsDecodeDeviceOperation,32,6695.0
1277952,,NLPConcatHeadsDecodeDeviceOperation,32,6692.0
1656832,,NLPConcatHeadsDecodeDeviceOperation,32,6683.0
368640,,NLPConcatHeadsDecodeDeviceOperation,32,6680.0
974848,,NLPConcatHeadsDecodeDeviceOperation,32,6679.0
785408,,NLPConcatHeadsDecodeDeviceOperation,32,6677.0
1164288,,NLPConcatHeadsDecodeDeviceOperation,32,6673.0
1126400,,NLPConcatHeadsDecodeDeviceOperation,32,6668.0
1712128,1,TilizeWithValPaddingDeviceOperation,1,6659.0
936960,,NLPConcatHeadsDecodeDeviceOperation,32,6653.0
223232,,TilizeWithValPaddingDeviceOperation,1,6644.0
823296,,NLPConcatHeadsDecodeDeviceOperation,32,6641.0
1727488,1,TilizeWithValPaddingDeviceOperation,1,6636.0
2386944,1,NLPConcatHeadsDecodeDeviceOperation,32,6627.0
1429504,,NLPConcatHeadsDecodeDeviceOperation,32,6621.0
1088512,,NLPConcatHeadsDecodeDeviceOperation,32,6610.0
1673216,1,TilizeWithValPaddingDeviceOperation,1,6602.0
297984,,TilizeWithValPaddingDeviceOperation,1,6595.0
591872,,TypecastDeviceOperation,64,6587.0
277504,,TilizeWithValPaddingDeviceOperation,1,6495.0
262144,,TilizeWithValPaddingDeviceOperation,1,6473.0
2420736,1,TypecastDeviceOperation,64,6398.0
1780736,1,NLPConcatHeadsDecodeDeviceOperation,32,6392.0
970752,,TypecastDeviceOperation,64,6383.0
553984,,TypecastDeviceOperation,64,6377.0
1852416,1,TypecastDeviceOperation,64,6364.0
2155520,1,TypecastDeviceOperation,64,6338.0
1890304,1,TypecastDeviceOperation,64,6335.0
3106816,1,NLPConcatHeadsDecodeDeviceOperation,16,6332.0
1747968,1,TilizeWithValPaddingDeviceOperation,1,6317.0
2610176,1,TypecastDeviceOperation,64,6301.0
2382848,1,TypecastDeviceOperation,64,6285.0
1311744,,TypecastDeviceOperation,64,6273.0
1273856,,TypecastDeviceOperation,64,6265.0
2723840,1,TypecastDeviceOperation,63,6236.0
2917376,1,NLPConcatHeadsDecodeDeviceOperation,16,6235.0
2121728,1,NLPConcatHeadsDecodeDeviceOperation,32,6212.0
322560,,TypecastDeviceOperation,64,6183.0
2993152,1,NLPConcatHeadsDecodeDeviceOperation,16,6178.0
1539072,,TypecastDeviceOperation,64,6171.0
2803712,1,NLPConcatHeadsDecodeDeviceOperation,28,6164.0
629760,,TypecastDeviceOperation,64,6163.0
1814528,1,TypecastDeviceOperation,64,6163.0
1046528,,TypecastDeviceOperation,64,6155.0
2765824,1,NLPConcatHeadsDecodeDeviceOperation,28,6150.0
2648064,1,TypecastDeviceOperation,64,6145.0
3064832,1,TypecastDeviceOperation,48,6131.0
2761728,1,TypecastDeviceOperation,60,6130.0
3102720,1,TypecastDeviceOperation,48,6129.0
2344960,1,TypecastDeviceOperation,64,6106.0
3031040,1,NLPConcatHeadsDecodeDeviceOperation,16,6100.0
2879488,1,NLPConcatHeadsDecodeDeviceOperation,16,6081.0
1122304,,TypecastDeviceOperation,64,6065.0
1966080,1,TypecastDeviceOperation,64,6058.0
781312,,TypecastDeviceOperation,64,6054.0
894976,,TypecastDeviceOperation,64,6044.0
2045952,1,NLPConcatHeadsDecodeDeviceOperation,32,6044.0
2572288,1,TypecastDeviceOperation,64,6040.0
2307072,1,TypecastDeviceOperation,64,6024.0
2231296,1,TypecastDeviceOperation,64,6022.0
3068928,1,NLPConcatHeadsDecodeDeviceOperation,16,6009.0
364544,,TypecastDeviceOperation,64,6004.0
2041856,1,TypecastDeviceOperation,64,5981.0
1614848,,TypecastDeviceOperation,64,5977.0
1772544,1,TypecastDeviceOperation,64,5976.0
516096,,TypecastDeviceOperation,64,5965.0
1235968,,TypecastDeviceOperation,64,5960.0
478208,,TypecastDeviceOperation,64,5959.0
440320,,TypecastDeviceOperation,64,5956.0
667648,,TypecastDeviceOperation,64,5949.0
2117632,1,TypecastDeviceOperation,64,5947.0
2799616,1,TypecastDeviceOperation,60,5945.0
2951168,1,TypecastDeviceOperation,48,5944.0
743424,,TypecastDeviceOperation,64,5941.0
1160192,,TypecastDeviceOperation,64,5899.0
2652160,1,NLPConcatHeadsDecodeDeviceOperation,32,5897.0
2955264,1,NLPConcatHeadsDecodeDeviceOperation,16,5892.0
1198080,,TypecastDeviceOperation,64,5890.0
932864,,TypecastDeviceOperation,64,5886.0
1928192,1,TypecastDeviceOperation,64,5880.0
2197504,1,NLPConcatHeadsDecodeDeviceOperation,32,5873.0
2385920,1,TypecastDeviceOperation,64,5862.0
2083840,1,NLPConcatHeadsDecodeDeviceOperation,32,5851.0
2008064,1,NLPConcatHeadsDecodeDeviceOperation,32,5846.0
1349632,,TypecastDeviceOperation,64,5843.0
2079744,1,TypecastDeviceOperation,64,5824.0
2269184,1,TypecastDeviceOperation,64,5813.0
2496512,1,TypecastDeviceOperation,64,5811.0
2837504,1,TypecastDeviceOperation,60,5797.0
2273280,1,NLPConcatHeadsDecodeDeviceOperation,32,5786.0
1894400,1,NLPConcatHeadsDecodeDeviceOperation,32,5781.0
1425408,,TypecastDeviceOperation,64,5771.0
1084416,,TypecastDeviceOperation,64,5769.0
2685952,1,TypecastDeviceOperation,64,5763.0
3026944,1,TypecastDeviceOperation,48,5761.0
2913280,1,TypecastDeviceOperation,48,5747.0
2538496,1,NLPConcatHeadsDecodeDeviceOperation,32,5729.0
1501184,,TypecastDeviceOperation,64,5728.0
2875392,1,TypecastDeviceOperation,48,5720.0
1008640,,TypecastDeviceOperation,64,5714.0
2500608,1,NLPConcatHeadsDecodeDeviceOperation,32,5707.0
857088,,TypecastDeviceOperation,64,5704.0
2003968,1,TypecastDeviceOperation,64,5697.0
2235392,1,NLPConcatHeadsDecodeDeviceOperation,32,5684.0
402432,,TypecastDeviceOperation,64,5669.0
1652736,,TypecastDeviceOperation,64,5652.0
1576960,,TypecastDeviceOperation,64,5631.0
819200,,TypecastDeviceOperation,64,5626.0
314368,,UntilizeWithUnpaddingDeviceOperation,32,5625.0
2614272,1,NLPConcatHeadsDecodeDeviceOperation,32,5623.0
2727936,1,NLPConcatHeadsDecodeDeviceOperation,31,5619.0
2989056,1,TypecastDeviceOperation,48,5612.0
2841600,1,NLPConcatHeadsDecodeDeviceOperation,28,5601.0
2193408,1,TypecastDeviceOperation,64,5592.0
2690048,1,NLPConcatHeadsDecodeDeviceOperation,32,5578.0
2311168,1,NLPConcatHeadsDecodeDeviceOperation,32,5576.0
2576384,1,NLPConcatHeadsDecodeDeviceOperation,32,5559.0
2349056,1,NLPConcatHeadsDecodeDeviceOperation,32,5543.0
1970176,1,NLPConcatHeadsDecodeDeviceOperation,32,5537.0
1387520,,TypecastDeviceOperation,64,5535.0
1463296,,TypecastDeviceOperation,64,5523.0
1856512,1,NLPConcatHeadsDecodeDeviceOperation,32,5515.0
705536,,TypecastDeviceOperation,64,5504.0
2462720,1,NLPConcatHeadsDecodeDeviceOperation,32,5504.0
2120704,1,TypecastDeviceOperation,64,5487.0
1932288,1,NLPConcatHeadsDecodeDeviceOperation,32,5468.0
2802688,1,TypecastDeviceOperation,60,5450.0
2159616,1,NLPConcatHeadsDecodeDeviceOperation,32,5448.0
325632,,ReduceDeviceOperation,32,5433.0
2916352,1,TypecastDeviceOperation,48,5428.0
2196480,1,TypecastDeviceOperation,64,5414.0
2424832,1,NLPConcatHeadsDecodeDeviceOperation,32,5411.0
1893376,1,TypecastDeviceOperation,64,5405.0
2007040,1,TypecastDeviceOperation,64,5380.0
2954240,1,TypecastDeviceOperation,48,5364.0
2575360,1,TypecastDeviceOperation,64,5354.0
2992128,1,TypecastDeviceOperation,48,5339.0
2878464,1,TypecastDeviceOperation,48,5336.0
1818624,1,NLPConcatHeadsDecodeDeviceOperation,32,5332.0
2082816,1,TypecastDeviceOperation,64,5311.0
2651136,1,TypecastDeviceOperation,64,5309.0
1779712,1,TypecastDeviceOperation,64,5279.0
2537472,1,TypecastDeviceOperation,64,5275.0
2272256,1,TypecastDeviceOperation,64,5247.0
1764352,1,UntilizeWithUnpaddingDeviceOperation,32,5211.0
1466368,,TypecastDeviceOperation,64,5206.0
1201152,,TypecastDeviceOperation,64,5205.0
2840576,1,TypecastDeviceOperation,60,5204.0
860160,,TypecastDeviceOperation,64,5200.0
2613248,1,TypecastDeviceOperation,64,5193.0
443392,,TypecastDeviceOperation,64,5186.0
405504,,TypecastDeviceOperation,64,5176.0
306176,,TypecastDeviceOperation,64,5172.0
367616,,TypecastDeviceOperation,64,5169.0
318464,,TypecastDeviceOperation,64,5167.0
822272,,TypecastDeviceOperation,64,5167.0
594944,,TypecastDeviceOperation,64,5166.0
1163264,,TypecastDeviceOperation,64,5159.0
1239040,,TypecastDeviceOperation,64,5155.0
746496,,TypecastDeviceOperation,64,5153.0
973824,,TypecastDeviceOperation,64,5153.0
1655808,,TypecastDeviceOperation,64,5151.0
2348032,1,TypecastDeviceOperation,64,5149.0
1969152,1,TypecastDeviceOperation,64,5146.0
519168,,TypecastDeviceOperation,64,5145.0
670720,,TypecastDeviceOperation,64,5142.0
1428480,,TypecastDeviceOperation,64,5140.0
935936,,TypecastDeviceOperation,64,5139.0
1617920,,TypecastDeviceOperation,64,5139.0
329728,,TypecastDeviceOperation,64,5138.0
1542144,,TypecastDeviceOperation,64,5137.0
1855488,1,TypecastDeviceOperation,64,5135.0
1276928,,TypecastDeviceOperation,64,5134.0
784384,,TypecastDeviceOperation,64,5129.0
557056,,TypecastDeviceOperation,64,5127.0
1049600,,TypecastDeviceOperation,64,5124.0
1775616,1,ReduceDeviceOperation,32,5122.0
1011712,,TypecastDeviceOperation,64,5121.0
1352704,,TypecastDeviceOperation,64,5120.0
1390592,,TypecastDeviceOperation,64,5118.0
3105792,1,TypecastDeviceOperation,48,5111.0
708608,,TypecastDeviceOperation,64,5110.0
1314816,,TypecastDeviceOperation,64,5109.0
481280,,TypecastDeviceOperation,64,5108.0
898048,,TypecastDeviceOperation,64,5105.0
1580032,,TypecastDeviceOperation,64,5104.0
1087488,,TypecastDeviceOperation,64,5101.0
2726912,1,TypecastDeviceOperation,63,5097.0
1504256,,TypecastDeviceOperation,64,5093.0
1756160,1,TypecastDeviceOperation,64,5091.0
1125376,,TypecastDeviceOperation,64,5089.0
632832,,TypecastDeviceOperation,64,5081.0
2764800,1,TypecastDeviceOperation,60,5078.0
2423808,1,TypecastDeviceOperation,64,5076.0
2310144,1,TypecastDeviceOperation,64,5055.0
3067904,1,TypecastDeviceOperation,48,5052.0
2015232,1,BinaryNgDeviceOperation,64,5029.0
2621440,1,BinaryNgDeviceOperation,64,5027.0
2772992,1,BinaryNgDeviceOperation,60,5024.0
2848768,1,BinaryNgDeviceOperation,60,5024.0
2469888,1,BinaryNgDeviceOperation,64,5023.0
1825792,1,BinaryNgDeviceOperation,64,5021.0
1901568,1,BinaryNgDeviceOperation,64,5021.0
2356224,1,BinaryNgDeviceOperation,64,5021.0
2659328,1,BinaryNgDeviceOperation,64,5021.0
3000320,1,BinaryNgDeviceOperation,48,5021.0
2166784,1,BinaryNgDeviceOperation,64,5020.0
1863680,1,BinaryNgDeviceOperation,64,5019.0
2318336,1,BinaryNgDeviceOperation,64,5019.0
2886656,1,BinaryNgDeviceOperation,48,5017.0
2545664,1,BinaryNgDeviceOperation,64,5016.0
1977344,1,BinaryNgDeviceOperation,64,5015.0
2091008,1,BinaryNgDeviceOperation,64,5015.0
2735104,1,BinaryNgDeviceOperation,63,5015.0
1787904,1,BinaryNgDeviceOperation,64,5014.0
2128896,1,BinaryNgDeviceOperation,64,5012.0
2204672,1,BinaryNgDeviceOperation,64,5011.0
2583552,1,BinaryNgDeviceOperation,64,5011.0
2962432,1,BinaryNgDeviceOperation,48,5009.0
2507776,1,BinaryNgDeviceOperation,64,5008.0
2810880,1,BinaryNgDeviceOperation,60,5008.0
2924544,1,BinaryNgDeviceOperation,48,5008.0
3113984,1,BinaryNgDeviceOperation,48,5008.0
2280448,1,BinaryNgDeviceOperation,64,5007.0
2394112,1,BinaryNgDeviceOperation,64,5007.0
2432000,1,BinaryNgDeviceOperation,64,5007.0
1768448,1,TypecastDeviceOperation,64,5005.0
2234368,1,TypecastDeviceOperation,64,5005.0
2697216,1,BinaryNgDeviceOperation,63,5005.0
2158592,1,TypecastDeviceOperation,64,5004.0
2242560,1,BinaryNgDeviceOperation,64,5004.0
3038208,1,BinaryNgDeviceOperation,48,5004.0
1939456,1,BinaryNgDeviceOperation,64,5002.0
2053120,1,BinaryNgDeviceOperation,64,5002.0
3076096,1,BinaryNgDeviceOperation,48,5001.0
2044928,1,TypecastDeviceOperation,64,4996.0
2689024,1,TypecastDeviceOperation,64,4972.0
1817600,1,TypecastDeviceOperation,64,4969.0
1931264,1,TypecastDeviceOperation,64,4966.0
2461696,1,TypecastDeviceOperation,64,4956.0
2499584,1,TypecastDeviceOperation,64,4931.0
1626112,,BinaryNgDeviceOperation,64,4930.0
1360896,,BinaryNgDeviceOperation,64,4926.0
451584,,BinaryNgDeviceOperation,64,4915.0
1550336,,BinaryNgDeviceOperation,64,4914.0
375808,,BinaryNgDeviceOperation,64,4912.0
678912,,BinaryNgDeviceOperation,64,4911.0
1247232,,BinaryNgDeviceOperation,64,4911.0
830464,,BinaryNgDeviceOperation,64,4905.0
1171456,,BinaryNgDeviceOperation,64,4905.0
527360,,BinaryNgDeviceOperation,64,4900.0
754688,,BinaryNgDeviceOperation,64,4900.0
1209344,,BinaryNgDeviceOperation,64,4899.0
337920,,BinaryNgDeviceOperation,64,4897.0
944128,,BinaryNgDeviceOperation,64,4896.0
1664000,,BinaryNgDeviceOperation,64,4896.0
489472,,BinaryNgDeviceOperation,64,4894.0
1095680,,BinaryNgDeviceOperation,64,4894.0
1285120,,BinaryNgDeviceOperation,64,4894.0
868352,,BinaryNgDeviceOperation,64,4893.0
565248,,BinaryNgDeviceOperation,64,4892.0
1512448,,BinaryNgDeviceOperation,64,4892.0
413696,,BinaryNgDeviceOperation,64,4891.0
603136,,BinaryNgDeviceOperation,64,4891.0
792576,,BinaryNgDeviceOperation,64,4891.0
1133568,,BinaryNgDeviceOperation,64,4890.0
1398784,,BinaryNgDeviceOperation,64,4889.0
1588224,,BinaryNgDeviceOperation,64,4889.0
1436672,,BinaryNgDeviceOperation,64,4888.0
906240,,BinaryNgDeviceOperation,64,4887.0
641024,,BinaryNgDeviceOperation,64,4886.0
1019904,,BinaryNgDeviceOperation,64,4885.0
982016,,BinaryNgDeviceOperation,64,4883.0
1323008,,BinaryNgDeviceOperation,64,4882.0
1474560,,BinaryNgDeviceOperation,64,4881.0
716800,,BinaryNgDeviceOperation,64,4877.0
1057792,,BinaryNgDeviceOperation,64,4877.0
3030016,1,TypecastDeviceOperation,48,4834.0
2156544,1,InterleavedToShardedDeviceOperation,32,4743.0
555008,,InterleavedToShardedDeviceOperation,32,4717.0
2308096,1,InterleavedToShardedDeviceOperation,32,4652.0
2990080,1,InterleavedToShardedDeviceOperation,16,4608.0
2421760,1,InterleavedToShardedDeviceOperation,32,4589.0
3027968,1,InterleavedToShardedDeviceOperation,16,4393.0
592896,,InterleavedToShardedDeviceOperation,32,4388.0
2952192,1,InterleavedToShardedDeviceOperation,16,4360.0
1815552,1,InterleavedToShardedDeviceOperation,32,4338.0
2914304,1,InterleavedToShardedDeviceOperation,16,4322.0
3103744,1,InterleavedToShardedDeviceOperation,16,4270.0
820224,,InterleavedToShardedDeviceOperation,32,4258.0
668672,,InterleavedToShardedDeviceOperation,32,4245.0
479232,,InterleavedToShardedDeviceOperation,32,4233.0
2080768,1,InterleavedToShardedDeviceOperation,32,4206.0
1274880,,InterleavedToShardedDeviceOperation,32,4200.0
1615872,,InterleavedToShardedDeviceOperation,32,4195.0
1853440,1,InterleavedToShardedDeviceOperation,32,4162.0
2573312,1,InterleavedToShardedDeviceOperation,32,4160.0
744448,,InterleavedToShardedDeviceOperation,32,4152.0
1502208,,InterleavedToShardedDeviceOperation,32,4145.0
1161216,,InterleavedToShardedDeviceOperation,32,4129.0
630784,,InterleavedToShardedDeviceOperation,32,4127.0
2383872,1,InterleavedToShardedDeviceOperation,32,4118.0
1123328,,InterleavedToShardedDeviceOperation,32,4101.0
2762752,1,InterleavedToShardedDeviceOperation,28,4098.0
1236992,,InterleavedToShardedDeviceOperation,32,4097.0
517120,,InterleavedToShardedDeviceOperation,32,4070.0
782336,,InterleavedToShardedDeviceOperation,32,4064.0
2535424,1,InterleavedToShardedDeviceOperation,32,4058.0
1577984,,InterleavedToShardedDeviceOperation,32,4053.0
3065856,1,InterleavedToShardedDeviceOperation,16,4035.0
1047552,,InterleavedToShardedDeviceOperation,32,4001.0
1388544,,InterleavedToShardedDeviceOperation,32,3998.0
896000,,InterleavedToShardedDeviceOperation,32,3971.0
2042880,1,InterleavedToShardedDeviceOperation,32,3967.0
1085440,,InterleavedToShardedDeviceOperation,32,3956.0
327680,,InterleavedToShardedDeviceOperation,32,3950.0
1464320,,InterleavedToShardedDeviceOperation,32,3950.0
1653760,,InterleavedToShardedDeviceOperation,32,3948.0
1350656,,InterleavedToShardedDeviceOperation,32,3909.0
933888,,InterleavedToShardedDeviceOperation,32,3903.0
858112,,InterleavedToShardedDeviceOperation,32,3899.0
2194432,1,InterleavedToShardedDeviceOperation,32,3897.0
1009664,,InterleavedToShardedDeviceOperation,32,3895.0
2232320,1,InterleavedToShardedDeviceOperation,32,3894.0
971776,,InterleavedToShardedDeviceOperation,32,3862.0
403456,,InterleavedToShardedDeviceOperation,32,3861.0
2004992,1,InterleavedToShardedDeviceOperation,32,3859.0
2876416,1,InterleavedToShardedDeviceOperation,16,3827.0
1426432,,InterleavedToShardedDeviceOperation,32,3804.0
2270208,1,InterleavedToShardedDeviceOperation,32,3804.0
1767424,1,InterleavedToShardedDeviceOperation,32,3795.0
2649088,1,InterleavedToShardedDeviceOperation,32,3770.0
1540096,,InterleavedToShardedDeviceOperation,32,3760.0
706560,,InterleavedToShardedDeviceOperation,32,3750.0
1312768,,InterleavedToShardedDeviceOperation,32,3749.0
2345984,1,InterleavedToShardedDeviceOperation,32,3742.0
1929216,1,InterleavedToShardedDeviceOperation,32,3717.0
365568,,InterleavedToShardedDeviceOperation,32,3708.0
441344,,InterleavedToShardedDeviceOperation,32,3697.0
1199104,,InterleavedToShardedDeviceOperation,32,3692.0
2686976,1,InterleavedToShardedDeviceOperation,32,3673.0
2441216,1,ReshardDeviceOperation,32,3656.0
2459648,1,InterleavedToShardedDeviceOperation,32,3623.0
1835008,1,ReshardDeviceOperation,32,3590.0
323584,,ShardedToInterleavedDeviceOperation,32,3584.0
2782208,1,ReshardDeviceOperation,28,3564.0
1967104,1,InterleavedToShardedDeviceOperation,32,3555.0
1891328,1,InterleavedToShardedDeviceOperation,32,3542.0
779264,,CopyDeviceOperation,64,3505.0
313344,,ShardedToInterleavedDeviceOperation,32,3500.0
2327552,1,ReshardDeviceOperation,32,3499.0
1783808,1,BinaryNgDeviceOperation,64,3493.0
2630656,1,ReshardDeviceOperation,32,3479.0
2118656,1,InterleavedToShardedDeviceOperation,32,3468.0
1948672,1,ReshardDeviceOperation,32,3464.0
299008,,BinaryNgDeviceOperation,64,3460.0
315392,,RepeatDeviceOperation,64,3448.0
2479104,1,ReshardDeviceOperation,32,3447.0
1748992,1,BinaryNgDeviceOperation,64,3419.0
2611200,1,InterleavedToShardedDeviceOperation,32,3414.0
2724864,1,InterleavedToShardedDeviceOperation,31,3403.0
2450432,1,ReshardDeviceOperation,32,3400.0
2516992,1,ReshardDeviceOperation,32,3394.0
1777664,1,InterleavedToShardedDeviceOperation,32,3390.0
2039808,1,CopyDeviceOperation,64,3373.0
2100224,1,ReshardDeviceOperation,32,3373.0
2800640,1,InterleavedToShardedDeviceOperation,28,3370.0
400384,,CopyDeviceOperation,64,3366.0
2251776,1,ReshardDeviceOperation,32,3363.0
2744320,1,ReshardDeviceOperation,31,3356.0
2554880,1,ReshardDeviceOperation,32,3330.0
2176000,1,ReshardDeviceOperation,32,3318.0
1763328,1,ShardedToInterleavedDeviceOperation,32,3316.0
1773568,1,ShardedToInterleavedDeviceOperation,32,3316.0
438272,,CopyDeviceOperation,64,3310.0
1559552,,ReshardDeviceOperation,32,3292.0
2497536,1,InterleavedToShardedDeviceOperation,32,3291.0
2838528,1,InterleavedToShardedDeviceOperation,28,3290.0
2933760,1,ReshardDeviceOperation,16,3288.0
1872896,1,ReshardDeviceOperation,32,3281.0
320512,,CopyDeviceOperation,64,3277.0
3056640,1,ReshardDeviceOperation,16,3262.0
2138112,1,ReshardDeviceOperation,32,3261.0
1309696,,CopyDeviceOperation,64,3253.0
333824,,BinaryNgDeviceOperation,64,3252.0
2895872,1,ReshardDeviceOperation,16,3252.0
317440,,InterleavedToShardedDeviceOperation,32,3235.0
1120256,,CopyDeviceOperation,64,3233.0
968704,,CopyDeviceOperation,64,3226.0
665600,,CopyDeviceOperation,64,3215.0
2564096,1,ReshardDeviceOperation,32,3214.0
1006592,,CopyDeviceOperation,64,3211.0
3009536,1,ReshardDeviceOperation,16,3205.0
1986560,1,ReshardDeviceOperation,32,3195.0
1728512,1,BinaryNgDeviceOperation,64,3194.0
1910784,1,ReshardDeviceOperation,32,3193.0
2820096,1,ReshardDeviceOperation,28,3192.0
2873344,1,CopyDeviceOperation,57,3183.0
1423360,,CopyDeviceOperation,64,3175.0
1158144,,CopyDeviceOperation,64,3172.0
2115584,1,CopyDeviceOperation,64,3165.0
476160,,CopyDeviceOperation,64,3144.0
2706432,1,ReshardDeviceOperation,31,3126.0
2213888,1,ReshardDeviceOperation,32,3121.0
2639872,1,ReshardDeviceOperation,32,3114.0
1797120,1,ReshardDeviceOperation,32,3112.0
1385472,,CopyDeviceOperation,64,3100.0
1612800,,CopyDeviceOperation,64,3082.0
2062336,1,ReshardDeviceOperation,32,3079.0
362496,,CopyDeviceOperation,64,3074.0
2365440,1,ReshardDeviceOperation,32,3072.0
2683904,1,CopyDeviceOperation,64,3070.0
1082368,,CopyDeviceOperation,64,3065.0
1806336,1,ReshardDeviceOperation,32,3064.0
1271808,,CopyDeviceOperation,64,3062.0
3094528,1,ReshardDeviceOperation,16,3061.0
2494464,1,CopyDeviceOperation,64,3060.0
3085312,1,ReshardDeviceOperation,16,3060.0
2971648,1,ReshardDeviceOperation,16,3054.0
2857984,1,ReshardDeviceOperation,28,3053.0
1957888,1,ReshardDeviceOperation,32,3050.0
278528,,BinaryNgDeviceOperation,64,3041.0
1044480,,CopyDeviceOperation,64,3040.0
1650688,,CopyDeviceOperation,64,3035.0
2153472,1,CopyDeviceOperation,64,3033.0
1812480,1,CopyDeviceOperation,64,3032.0
811008,,ReshardDeviceOperation,32,3029.0
3047424,1,ReshardDeviceOperation,16,3026.0
1964032,1,CopyDeviceOperation,64,3025.0
2980864,1,ReshardDeviceOperation,16,3022.0
855040,,CopyDeviceOperation,64,3021.0
2024448,1,ReshardDeviceOperation,32,3020.0
2592768,1,ReshardDeviceOperation,32,3020.0
2668544,1,ReshardDeviceOperation,32,3012.0
2305024,1,CopyDeviceOperation,64,3010.0
2759680,1,CopyDeviceOperation,60,3005.0
2336768,1,ReshardDeviceOperation,32,3004.0
1461248,,CopyDeviceOperation,64,3003.0
1537024,,CopyDeviceOperation,64,3002.0
2223104,1,ReshardDeviceOperation,32,2993.0
2403328,1,ReshardDeviceOperation,32,2992.0
1752064,1,UntilizeWithUnpaddingDeviceOperation,1,2990.0
1233920,,CopyDeviceOperation,64,2989.0
2229248,1,CopyDeviceOperation,64,2989.0
892928,,CopyDeviceOperation,64,2988.0
627712,,CopyDeviceOperation,64,2986.0
1888256,1,CopyDeviceOperation,64,2986.0
2905088,1,ReshardDeviceOperation,16,2984.0
2412544,1,ReshardDeviceOperation,32,2983.0
2374656,1,ReshardDeviceOperation,32,2980.0
930816,,CopyDeviceOperation,64,2973.0
3024896,1,CopyDeviceOperation,48,2971.0
2797568,1,CopyDeviceOperation,60,2962.0
1765376,1,RepeatDeviceOperation,64,2948.0
2267136,1,CopyDeviceOperation,64,2947.0
2289664,1,ReshardDeviceOperation,32,2943.0
2418688,1,CopyDeviceOperation,64,2943.0
703488,,CopyDeviceOperation,64,2940.0
1738752,1,ReshardDeviceOperation,32,2936.0
394240,,ReshardDeviceOperation,32,2924.0
536576,,ReshardDeviceOperation,32,2923.0
2835456,1,CopyDeviceOperation,60,2923.0
1606656,,ReshardDeviceOperation,32,2916.0
2791424,1,ReshardDeviceOperation,28,2912.0
2721792,1,CopyDeviceOperation,63,2906.0
2911232,1,CopyDeviceOperation,48,2900.0
3062784,1,CopyDeviceOperation,48,2898.0
2646016,1,CopyDeviceOperation,64,2896.0
514048,,CopyDeviceOperation,64,2893.0
1029120,,ReshardDeviceOperation,32,2893.0
1196032,,CopyDeviceOperation,64,2892.0
3100672,1,CopyDeviceOperation,48,2889.0
2191360,1,CopyDeviceOperation,64,2887.0
1499136,,CopyDeviceOperation,64,2885.0
1926144,1,CopyDeviceOperation,64,2874.0
2570240,1,CopyDeviceOperation,64,2871.0
2077696,1,CopyDeviceOperation,64,2868.0
2942976,1,ReshardDeviceOperation,16,2865.0
1180672,,ReshardDeviceOperation,32,2862.0
2380800,1,CopyDeviceOperation,64,2858.0
551936,,CopyDeviceOperation,64,2855.0
1850368,1,CopyDeviceOperation,64,2849.0
2071552,1,ReshardDeviceOperation,32,2845.0
2608128,1,CopyDeviceOperation,64,2843.0
1341440,,ReshardDeviceOperation,32,2835.0
817152,,CopyDeviceOperation,64,2829.0
1674240,1,BinaryNgDeviceOperation,64,2826.0
2601984,1,ReshardDeviceOperation,32,2826.0
2147328,1,ReshardDeviceOperation,32,2824.0
2526208,1,ReshardDeviceOperation,32,2821.0
1574912,,CopyDeviceOperation,64,2806.0
589824,,CopyDeviceOperation,64,2804.0
1347584,,CopyDeviceOperation,64,2801.0
2342912,1,CopyDeviceOperation,64,2794.0
621568,,ReshardDeviceOperation,32,2787.0
2627584,1,ShardedToInterleavedDeviceOperation,64,2780.0
741376,,CopyDeviceOperation,64,2770.0
2987008,1,CopyDeviceOperation,48,2769.0
507904,,ReshardDeviceOperation,32,2757.0
1882112,1,ReshardDeviceOperation,32,2757.0
2260992,1,ReshardDeviceOperation,32,2757.0
2001920,1,CopyDeviceOperation,64,2752.0
263168,,BinaryNgDeviceOperation,64,2751.0
1256448,,ReshardDeviceOperation,32,2748.0
2488320,1,ReshardDeviceOperation,32,2747.0
2949120,1,CopyDeviceOperation,48,2746.0
1995776,1,ReshardDeviceOperation,32,2744.0
2867200,1,ReshardDeviceOperation,28,2744.0
1076224,,ReshardDeviceOperation,32,2739.0
1844224,1,ReshardDeviceOperation,32,2737.0
2456576,1,CopyDeviceOperation,64,2732.0
2715648,1,ReshardDeviceOperation,31,2726.0
3018752,1,ReshardDeviceOperation,16,2720.0
2677760,1,ReshardDeviceOperation,32,2716.0
2185216,1,ReshardDeviceOperation,32,2714.0
1303552,,ReshardDeviceOperation,32,2710.0
2532352,1,CopyDeviceOperation,64,2710.0
307200,,ReshardDeviceOperation,32,2709.0
2703360,1,ShardedToInterleavedDeviceOperation,63,2709.0
697344,,ReshardDeviceOperation,32,2702.0
1770496,1,CopyDeviceOperation,64,2702.0
839680,,ReshardDeviceOperation,32,2700.0
432128,,ReshardDeviceOperation,32,2689.0
647168,,ShardedToInterleavedDeviceOperation,64,2684.0
1713152,1,BinaryNgDeviceOperation,64,2679.0
1455104,,ReshardDeviceOperation,32,2674.0
302080,,UntilizeWithUnpaddingDeviceOperation,1,2671.0
319488,,ShardedToInterleavedDeviceOperation,32,2666.0
1408000,,ReshardDeviceOperation,32,2662.0
1379328,,ReshardDeviceOperation,32,2645.0
2753536,1,ReshardDeviceOperation,28,2645.0
2513920,1,ShardedToInterleavedDeviceOperation,64,2644.0
2298880,1,ReshardDeviceOperation,32,2640.0
1114112,,ReshardDeviceOperation,32,2636.0
344064,,ShardedToInterleavedDeviceOperation,64,2628.0
735232,,ReshardDeviceOperation,32,2628.0
533504,,ShardedToInterleavedDeviceOperation,64,2624.0
495616,,ShardedToInterleavedDeviceOperation,64,2622.0
1332224,,ReshardDeviceOperation,32,2622.0
915456,,ReshardDeviceOperation,32,2620.0
1152000,,ReshardDeviceOperation,32,2620.0
1483776,,ReshardDeviceOperation,32,2620.0
288768,,ReshardDeviceOperation,32,2614.0
2476032,1,ShardedToInterleavedDeviceOperation,64,2613.0
2829312,1,ReshardDeviceOperation,28,2613.0
1253376,,ShardedToInterleavedDeviceOperation,64,2612.0
773120,,ReshardDeviceOperation,32,2611.0
1769472,1,ShardedToInterleavedDeviceOperation,32,2611.0
1370112,,ReshardDeviceOperation,32,2606.0
1227776,,ReshardDeviceOperation,32,2605.0
801792,,ReshardDeviceOperation,32,2604.0
962560,,ReshardDeviceOperation,32,2604.0
2033664,1,ReshardDeviceOperation,32,2598.0
2665472,1,ShardedToInterleavedDeviceOperation,64,2596.0
650240,,ReshardDeviceOperation,32,2589.0
1788928,1,ReshardDeviceOperation,38,2588.0
2172928,1,ShardedToInterleavedDeviceOperation,64,2587.0
2109440,1,ReshardDeviceOperation,32,2585.0
612352,,ReshardDeviceOperation,32,2582.0
272384,,ShardedToInterleavedDeviceOperation,64,2580.0
1104896,,ReshardDeviceOperation,32,2579.0
874496,,ShardedToInterleavedDeviceOperation,64,2573.0
1215488,,ShardedToInterleavedDeviceOperation,64,2565.0
1920000,1,ReshardDeviceOperation,32,2557.0
688128,,ReshardDeviceOperation,32,2556.0
917504,,ShardedToInterleavedDeviceOperation,32,2554.0
964608,,ShardedToInterleavedDeviceOperation,32,2549.0
924672,,ReshardDeviceOperation,32,2548.0
1442816,,ShardedToInterleavedDeviceOperation,64,2548.0
726016,,ReshardDeviceOperation,32,2547.0
953344,,ReshardDeviceOperation,32,2547.0
2210816,1,ShardedToInterleavedDeviceOperation,64,2547.0
1291264,,ShardedToInterleavedDeviceOperation,64,2541.0
2248704,1,ShardedToInterleavedDeviceOperation,64,2540.0
652288,,ShardedToInterleavedDeviceOperation,32,2528.0
659456,,ReshardDeviceOperation,32,2526.0
347136,,ReshardDeviceOperation,32,2524.0
1568768,,ReshardDeviceOperation,32,2524.0
2779136,1,ShardedToInterleavedDeviceOperation,60,2524.0
1265664,,ReshardDeviceOperation,32,2523.0
609280,,ShardedToInterleavedDeviceOperation,64,2521.0
460800,,ReshardDeviceOperation,32,2517.0
722944,,ShardedToInterleavedDeviceOperation,64,2517.0
290816,,ShardedToInterleavedDeviceOperation,32,2515.0
1556480,,ShardedToInterleavedDeviceOperation,64,2509.0
1218560,,ReshardDeviceOperation,32,2508.0
1417216,,ReshardDeviceOperation,32,2508.0
2551808,1,ShardedToInterleavedDeviceOperation,64,2508.0
1492992,,ReshardDeviceOperation,32,2502.0
2400256,1,ShardedToInterleavedDeviceOperation,64,2501.0
571392,,ShardedToInterleavedDeviceOperation,64,2500.0
470016,,ReshardDeviceOperation,32,2499.0
1177600,,ShardedToInterleavedDeviceOperation,64,2492.0
2021376,1,ShardedToInterleavedDeviceOperation,64,2492.0
2097152,1,ShardedToInterleavedDeviceOperation,64,2492.0
1069056,,ShardedToInterleavedDeviceOperation,32,2476.0
2817024,1,ShardedToInterleavedDeviceOperation,60,2476.0
1480704,,ShardedToInterleavedDeviceOperation,64,2470.0
576512,,ShardedToInterleavedDeviceOperation,32,2469.0
1445888,,ReshardDeviceOperation,32,2467.0
955392,,ShardedToInterleavedDeviceOperation,32,2464.0
490496,,ReshardDeviceOperation,38,2462.0
457728,,ShardedToInterleavedDeviceOperation,64,2460.0
798720,,ShardedToInterleavedDeviceOperation,64,2459.0
848896,,ReshardDeviceOperation,32,2459.0
498688,,ReshardDeviceOperation,32,2457.0
356352,,ReshardDeviceOperation,32,2454.0
1067008,,ReshardDeviceOperation,32,2454.0
396288,,ShardedToInterleavedDeviceOperation,32,2453.0
991232,,ReshardDeviceOperation,32,2451.0
224256,,BinaryNgDeviceOperation,64,2447.0
1945600,1,ShardedToInterleavedDeviceOperation,64,2447.0
623616,,ShardedToInterleavedDeviceOperation,32,2445.0
1410048,,ShardedToInterleavedDeviceOperation,32,2445.0
3082240,1,ShardedToInterleavedDeviceOperation,48,2444.0
1334272,,ShardedToInterleavedDeviceOperation,32,2440.0
358400,,ShardedToInterleavedDeviceOperation,32,2439.0
385024,,ReshardDeviceOperation,32,2437.0
583680,,ReshardDeviceOperation,32,2437.0
1521664,,ReshardDeviceOperation,32,2436.0
1419264,,ShardedToInterleavedDeviceOperation,32,2435.0
2774016,1,ReshardDeviceOperation,34,2434.0
452608,,ReshardDeviceOperation,38,2433.0
831488,,ReshardDeviceOperation,38,2428.0
566272,,ReshardDeviceOperation,38,2427.0
500736,,ShardedToInterleavedDeviceOperation,32,2426.0
1040384,,ShardedToInterleavedDeviceOperation,32,2425.0
950272,,ShardedToInterleavedDeviceOperation,64,2422.0
1367040,,ShardedToInterleavedDeviceOperation,64,2421.0
1000448,,ReshardDeviceOperation,32,2420.0
2092032,1,ReshardDeviceOperation,38,2417.0
387072,,ShardedToInterleavedDeviceOperation,32,2413.0
765952,,ShardedToInterleavedDeviceOperation,32,2412.0
699392,,ShardedToInterleavedDeviceOperation,32,2409.0
2546688,1,ReshardDeviceOperation,38,2409.0
1229824,,ShardedToInterleavedDeviceOperation,32,2405.0
1182720,,ShardedToInterleavedDeviceOperation,32,2404.0
1722368,1,ShardedToInterleavedDeviceOperation,64,2404.0
877568,,ReshardDeviceOperation,32,2403.0
1644544,,ReshardDeviceOperation,32,2402.0
2849792,1,ReshardDeviceOperation,34,2402.0
1907712,1,ShardedToInterleavedDeviceOperation,64,2401.0
1142784,,ReshardDeviceOperation,32,2398.0
422912,,ReshardDeviceOperation,32,2396.0
1485824,,ShardedToInterleavedDeviceOperation,32,2396.0
1794048,1,ShardedToInterleavedDeviceOperation,64,2396.0
2395136,1,ReshardDeviceOperation,38,2396.0
349184,,ShardedToInterleavedDeviceOperation,32,2395.0
1063936,,ShardedToInterleavedDeviceOperation,64,2395.0
1031168,,ShardedToInterleavedDeviceOperation,32,2394.0
642048,,ReshardDeviceOperation,38,2393.0
728064,,ShardedToInterleavedDeviceOperation,32,2392.0
538624,,ShardedToInterleavedDeviceOperation,32,2388.0
836608,,ShardedToInterleavedDeviceOperation,64,2388.0
2286592,1,ShardedToInterleavedDeviceOperation,64,2388.0
2016256,1,ReshardDeviceOperation,38,2387.0
1078272,,ShardedToInterleavedDeviceOperation,32,2386.0
886784,,ReshardDeviceOperation,32,2382.0
685056,,ShardedToInterleavedDeviceOperation,64,2381.0
879616,,ShardedToInterleavedDeviceOperation,32,2381.0
763904,,ReshardDeviceOperation,32,2380.0
509952,,ShardedToInterleavedDeviceOperation,32,2375.0
1594368,,ShardedToInterleavedDeviceOperation,64,2372.0
926720,,ShardedToInterleavedDeviceOperation,32,2368.0
1635328,,ReshardDeviceOperation,32,2368.0
1475584,,ReshardDeviceOperation,38,2366.0
1220608,,ShardedToInterleavedDeviceOperation,32,2364.0
1329152,,ShardedToInterleavedDeviceOperation,64,2364.0
2243584,1,ReshardDeviceOperation,38,2364.0
2362368,1,ShardedToInterleavedDeviceOperation,64,2364.0
338944,,ReshardDeviceOperation,38,2357.0
1530880,,ReshardDeviceOperation,32,2357.0
2281472,1,ReshardDeviceOperation,38,2356.0
2205696,1,ReshardDeviceOperation,38,2354.0
1597440,,ReshardDeviceOperation,32,2353.0
545792,,ReshardDeviceOperation,32,2350.0
1983488,1,ShardedToInterleavedDeviceOperation,64,2350.0
1372160,,ShardedToInterleavedDeviceOperation,32,2346.0
504832,,SliceDeviceOperation,64,2345.0
2470912,1,ReshardDeviceOperation,38,2345.0
547840,,ShardedToInterleavedDeviceOperation,32,2343.0
309248,,ShardedToInterleavedDeviceOperation,32,2340.0
841728,,ShardedToInterleavedDeviceOperation,32,2340.0
1191936,,ShardedToInterleavedDeviceOperation,32,2340.0
1294336,,ReshardDeviceOperation,32,2340.0
2059264,1,ShardedToInterleavedDeviceOperation,64,2340.0
2438144,1,ShardedToInterleavedDeviceOperation,64,2340.0
1020928,,ReshardDeviceOperation,38,2337.0
1495040,,ShardedToInterleavedDeviceOperation,32,2333.0
1523712,,ShardedToInterleavedDeviceOperation,32,2332.0
1869824,1,ShardedToInterleavedDeviceOperation,64,2332.0
2357248,1,ReshardDeviceOperation,38,2332.0
2660352,1,ReshardDeviceOperation,38,2329.0
574464,,ReshardDeviceOperation,32,2325.0
419840,,ShardedToInterleavedDeviceOperation,64,2324.0
661504,,ShardedToInterleavedDeviceOperation,32,2324.0
1139712,,ShardedToInterleavedDeviceOperation,64,2324.0
2892800,1,ShardedToInterleavedDeviceOperation,48,2324.0
888832,,ShardedToInterleavedDeviceOperation,32,2321.0
2854912,1,ShardedToInterleavedDeviceOperation,60,2317.0
381952,,ShardedToInterleavedDeviceOperation,64,2314.0
1144832,,ShardedToInterleavedDeviceOperation,32,2314.0
1879040,1,SliceDeviceOperation,64,2314.0
2698240,1,ReshardDeviceOperation,37,2314.0
2026496,1,ShardedToInterleavedDeviceOperation,32,2313.0
1637376,,ShardedToInterleavedDeviceOperation,32,2311.0
1267712,,ShardedToInterleavedDeviceOperation,32,2308.0
1404928,,ShardedToInterleavedDeviceOperation,64,2308.0
1632256,,ShardedToInterleavedDeviceOperation,64,2308.0
462848,,ShardedToInterleavedDeviceOperation,32,2307.0
1532928,,ShardedToInterleavedDeviceOperation,32,2307.0
1447936,,ShardedToInterleavedDeviceOperation,32,2306.0
1154048,,ShardedToInterleavedDeviceOperation,32,2304.0
434176,,ShardedToInterleavedDeviceOperation,32,2301.0
1305600,,ShardedToInterleavedDeviceOperation,32,2301.0
2741248,1,ShardedToInterleavedDeviceOperation,63,2301.0
3044352,1,ShardedToInterleavedDeviceOperation,48,2301.0
912384,,ShardedToInterleavedDeviceOperation,64,2299.0
2129920,1,ReshardDeviceOperation,38,2298.0
2968576,1,ShardedToInterleavedDeviceOperation,48,2298.0
803840,,ShardedToInterleavedDeviceOperation,32,2296.0
1106944,,ShardedToInterleavedDeviceOperation,32,2292.0
1518592,,ShardedToInterleavedDeviceOperation,64,2291.0
737280,,ShardedToInterleavedDeviceOperation,32,2289.0
424960,,ShardedToInterleavedDeviceOperation,32,2285.0
1599488,,ShardedToInterleavedDeviceOperation,32,2285.0
2508800,1,ReshardDeviceOperation,38,2285.0
2135040,1,ShardedToInterleavedDeviceOperation,64,2284.0
775168,,ShardedToInterleavedDeviceOperation,32,2283.0
2622464,1,ReshardDeviceOperation,38,2282.0
1038336,,ReshardDeviceOperation,32,2276.0
1296384,,ShardedToInterleavedDeviceOperation,32,2276.0
997376,,SliceDeviceOperation,64,2275.0
2977792,1,SliceDeviceOperation,48,2275.0
717824,,ReshardDeviceOperation,38,2273.0
993280,,ShardedToInterleavedDeviceOperation,32,2273.0
2712576,1,SliceDeviceOperation,63,2273.0
1646592,,ShardedToInterleavedDeviceOperation,32,2271.0
1026048,,ShardedToInterleavedDeviceOperation,64,2268.0
2930688,1,ShardedToInterleavedDeviceOperation,48,2268.0
760832,,ShardedToInterleavedDeviceOperation,64,2266.0
1922048,1,ShardedToInterleavedDeviceOperation,32,2266.0
813056,,ShardedToInterleavedDeviceOperation,32,2265.0
850944,,ShardedToInterleavedDeviceOperation,32,2265.0
2167808,1,ReshardDeviceOperation,38,2265.0
1561600,,ShardedToInterleavedDeviceOperation,32,2263.0
1826816,1,ReshardDeviceOperation,38,2263.0
1864704,1,ReshardDeviceOperation,38,2261.0
2589696,1,ShardedToInterleavedDeviceOperation,64,2260.0
1286144,,ReshardDeviceOperation,38,2256.0
2811904,1,ReshardDeviceOperation,34,2255.0
585728,,ShardedToInterleavedDeviceOperation,32,2254.0
1002496,,ShardedToInterleavedDeviceOperation,32,2254.0
2319360,1,ReshardDeviceOperation,38,2252.0
614400,,ShardedToInterleavedDeviceOperation,32,2245.0
1258496,,ShardedToInterleavedDeviceOperation,32,2245.0
1570816,,ShardedToInterleavedDeviceOperation,32,2245.0
1381376,,ShardedToInterleavedDeviceOperation,32,2243.0
1399808,,ReshardDeviceOperation,38,2238.0
1608704,,ShardedToInterleavedDeviceOperation,32,2237.0
2054144,1,ReshardDeviceOperation,38,2237.0
2324480,1,ShardedToInterleavedDeviceOperation,64,2236.0
1116160,,ShardedToInterleavedDeviceOperation,32,2232.0
983040,,ReshardDeviceOperation,38,2230.0
988160,,ShardedToInterleavedDeviceOperation,64,2228.0
472064,,ShardedToInterleavedDeviceOperation,32,2227.0
1457152,,ShardedToInterleavedDeviceOperation,32,2226.0
1172480,,ReshardDeviceOperation,38,2222.0
1343488,,ShardedToInterleavedDeviceOperation,32,2220.0
2556928,1,ShardedToInterleavedDeviceOperation,32,2219.0
1248256,,ReshardDeviceOperation,38,2218.0
1513472,,ReshardDeviceOperation,38,2214.0
1101824,,ShardedToInterleavedDeviceOperation,64,2213.0
1189888,,ReshardDeviceOperation,32,2211.0
1058816,,ReshardDeviceOperation,38,2208.0
679936,,ReshardDeviceOperation,38,2206.0
690176,,ShardedToInterleavedDeviceOperation,32,2205.0
1831936,1,ShardedToInterleavedDeviceOperation,64,2204.0
2295808,1,SliceDeviceOperation,64,2204.0
414720,,ReshardDeviceOperation,38,2202.0
2481152,1,ShardedToInterleavedDeviceOperation,32,2201.0
2490368,1,ShardedToInterleavedDeviceOperation,32,2197.0
1978368,1,ReshardDeviceOperation,38,2196.0
2736128,1,ReshardDeviceOperation,37,2192.0
2433024,1,ReshardDeviceOperation,38,2186.0
1414144,,SliceDeviceOperation,64,2183.0
2182144,1,SliceDeviceOperation,64,2181.0
2338816,1,ShardedToInterleavedDeviceOperation,32,2178.0
429056,,SliceDeviceOperation,64,2177.0
959488,,SliceDeviceOperation,64,2173.0
376832,,ReshardDeviceOperation,38,2171.0
2584576,1,ReshardDeviceOperation,38,2171.0
1134592,,ReshardDeviceOperation,38,2170.0
1324032,,ReshardDeviceOperation,38,2170.0
2253824,1,ShardedToInterleavedDeviceOperation,32,2168.0
694272,,SliceDeviceOperation,64,2167.0
1565696,,SliceDeviceOperation,64,2166.0
1884160,1,ShardedToInterleavedDeviceOperation,32,2164.0
1734656,1,TypecastDeviceOperation,4,2160.0
945152,,ReshardDeviceOperation,38,2158.0
2291712,1,ShardedToInterleavedDeviceOperation,32,2158.0
2670592,1,ShardedToInterleavedDeviceOperation,32,2157.0
2376704,1,ShardedToInterleavedDeviceOperation,32,2152.0
1096704,,ReshardDeviceOperation,38,2151.0
1300480,,SliceDeviceOperation,64,2151.0
1361920,,ReshardDeviceOperation,38,2150.0
1551360,,ReshardDeviceOperation,38,2148.0
1186816,,SliceDeviceOperation,64,2147.0
907264,,ReshardDeviceOperation,38,2145.0
2864128,1,SliceDeviceOperation,60,2141.0
656384,,SliceDeviceOperation,64,2139.0
2220032,1,SliceDeviceOperation,64,2139.0
604160,,ReshardDeviceOperation,38,2138.0
2111488,1,ShardedToInterleavedDeviceOperation,32,2137.0
528384,,ReshardDeviceOperation,38,2136.0
793600,,ReshardDeviceOperation,38,2134.0
3053568,1,SliceDeviceOperation,48,2125.0
2452480,1,ShardedToInterleavedDeviceOperation,32,2121.0
3058688,1,ShardedToInterleavedDeviceOperation,16,2119.0
303104,,RepeatDeviceOperation,64,2116.0
1753088,1,RepeatDeviceOperation,64,2114.0
1627136,,ReshardDeviceOperation,38,2111.0
2333696,1,SliceDeviceOperation,64,2106.0
618496,,SliceDeviceOperation,64,2105.0
1437696,,ReshardDeviceOperation,38,2105.0
2939904,1,SliceDeviceOperation,48,2104.0
2887680,1,ReshardDeviceOperation,22,2103.0
1210368,,ReshardDeviceOperation,38,2101.0
1665024,,ReshardDeviceOperation,38,2097.0
2485248,1,SliceDeviceOperation,64,2093.0
755712,,ReshardDeviceOperation,38,2091.0
1589248,,ReshardDeviceOperation,38,2091.0
1959936,1,ShardedToInterleavedDeviceOperation,32,2091.0
294912,,SliceDeviceOperation,64,2090.0
2604032,1,ShardedToInterleavedDeviceOperation,32,2085.0
3006464,1,ShardedToInterleavedDeviceOperation,48,2085.0
2030592,1,SliceDeviceOperation,64,2083.0
2409472,1,SliceDeviceOperation,64,2083.0
2598912,1,SliceDeviceOperation,64,2083.0
1527808,,SliceDeviceOperation,64,2082.0
1073152,,SliceDeviceOperation,64,2076.0
2144256,1,SliceDeviceOperation,64,2074.0
3039232,1,ReshardDeviceOperation,22,2074.0
2788352,1,SliceDeviceOperation,60,2070.0
1912832,1,ShardedToInterleavedDeviceOperation,32,2069.0
2263040,1,ShardedToInterleavedDeviceOperation,32,2069.0
1148928,,SliceDeviceOperation,64,2065.0
1582080,,ShardedToInterleavedDeviceOperation,32,2065.0
2371584,1,SliceDeviceOperation,64,2062.0
542720,,SliceDeviceOperation,64,2061.0
1880064,1,InterleavedToShardedDeviceOperation,32,2060.0
1902592,1,ReshardDeviceOperation,38,2058.0
869376,,ReshardDeviceOperation,38,2052.0
2149376,1,ShardedToInterleavedDeviceOperation,32,2049.0
2679808,1,ShardedToInterleavedDeviceOperation,32,2048.0
2561024,1,SliceDeviceOperation,64,2046.0
1603584,,SliceDeviceOperation,64,2045.0
1997824,1,ShardedToInterleavedDeviceOperation,32,2041.0
770048,,SliceDeviceOperation,64,2040.0
807936,,SliceDeviceOperation,64,2040.0
1224704,,SliceDeviceOperation,64,2040.0
580608,,SliceDeviceOperation,64,2039.0
1837056,1,ShardedToInterleavedDeviceOperation,32,2036.0
2068480,1,SliceDeviceOperation,64,2035.0
2102272,1,ShardedToInterleavedDeviceOperation,32,2032.0
1940480,1,ReshardDeviceOperation,38,2023.0
1111040,,SliceDeviceOperation,64,2022.0
1992704,1,SliceDeviceOperation,64,2021.0
3015680,1,SliceDeviceOperation,48,2019.0
2963456,1,ReshardDeviceOperation,22,2017.0
2784256,1,ShardedToInterleavedDeviceOperation,28,2015.0
1744896,1,SliceDeviceOperation,64,2013.0
3011584,1,ShardedToInterleavedDeviceOperation,16,2013.0
1803264,1,SliceDeviceOperation,64,2011.0
2902016,1,SliceDeviceOperation,48,2010.0
2750464,1,SliceDeviceOperation,60,2003.0
845824,,SliceDeviceOperation,64,2002.0
1338368,,SliceDeviceOperation,64,2002.0
559104,,ShardedToInterleavedDeviceOperation,32,2001.0
2907136,1,ShardedToInterleavedDeviceOperation,16,2001.0
3115008,1,ReshardDeviceOperation,22,2001.0
391168,,SliceDeviceOperation,64,2000.0
2064384,1,ShardedToInterleavedDeviceOperation,32,2000.0
466944,,SliceDeviceOperation,64,1997.0
1489920,,SliceDeviceOperation,64,1993.0
2187264,1,ShardedToInterleavedDeviceOperation,32,1991.0
2594816,1,ShardedToInterleavedDeviceOperation,32,1988.0
1452032,,SliceDeviceOperation,64,1985.0
284672,,TypecastDeviceOperation,4,1984.0
2632704,1,ShardedToInterleavedDeviceOperation,32,1984.0
883712,,SliceDeviceOperation,64,1980.0
2257920,1,SliceDeviceOperation,64,1980.0
1376256,,SliceDeviceOperation,64,1976.0
2925568,1,ReshardDeviceOperation,22,1972.0
3001344,1,ReshardDeviceOperation,22,1970.0
287744,,TypecastDeviceOperation,4,1968.0
1544192,,ShardedToInterleavedDeviceOperation,32,1961.0
1954816,1,SliceDeviceOperation,64,1961.0
2717696,1,ShardedToInterleavedDeviceOperation,31,1960.0
1506304,,ShardedToInterleavedDeviceOperation,32,1954.0
2528256,1,ShardedToInterleavedDeviceOperation,32,1951.0
732160,,SliceDeviceOperation,64,1946.0
1262592,,SliceDeviceOperation,64,1939.0
2225152,1,ShardedToInterleavedDeviceOperation,32,1935.0
3077120,1,ReshardDeviceOperation,22,1933.0
1641472,,SliceDeviceOperation,64,1932.0
1916928,1,SliceDeviceOperation,64,1932.0
921600,,SliceDeviceOperation,64,1930.0
1846272,1,ShardedToInterleavedDeviceOperation,32,1922.0
407552,,ShardedToInterleavedDeviceOperation,32,1921.0
1733632,1,UnaryDeviceOperation,64,1920.0
2636800,1,SliceDeviceOperation,64,1920.0
1841152,1,SliceDeviceOperation,64,1918.0
2447360,1,SliceDeviceOperation,64,1917.0
353280,,SliceDeviceOperation,64,1916.0
1278976,,ShardedToInterleavedDeviceOperation,32,1914.0
862208,,ShardedToInterleavedDeviceOperation,32,1913.0
2215936,1,ShardedToInterleavedDeviceOperation,32,1913.0
2178048,1,ShardedToInterleavedDeviceOperation,32,1911.0
1035264,,SliceDeviceOperation,64,1907.0
2822144,1,ShardedToInterleavedDeviceOperation,28,1903.0
2443264,1,ShardedToInterleavedDeviceOperation,32,1901.0
3091456,1,SliceDeviceOperation,48,1901.0
824320,,ShardedToInterleavedDeviceOperation,32,1896.0
2935808,1,ShardedToInterleavedDeviceOperation,16,1893.0
2035712,1,ShardedToInterleavedDeviceOperation,32,1889.0
2826240,1,SliceDeviceOperation,60,1889.0
1392640,,ShardedToInterleavedDeviceOperation,32,1882.0
748544,,ShardedToInterleavedDeviceOperation,32,1881.0
1657856,,ShardedToInterleavedDeviceOperation,32,1881.0
1737728,1,TypecastDeviceOperation,4,1879.0
2140160,1,ShardedToInterleavedDeviceOperation,32,1879.0
2523136,1,SliceDeviceOperation,64,1878.0
1740800,1,ShardedToInterleavedDeviceOperation,32,1877.0
3087360,1,ShardedToInterleavedDeviceOperation,16,1871.0
369664,,ShardedToInterleavedDeviceOperation,32,1868.0
2414592,1,ShardedToInterleavedDeviceOperation,32,1868.0
1808384,1,ShardedToInterleavedDeviceOperation,32,1859.0
1241088,,ShardedToInterleavedDeviceOperation,32,1858.0
596992,,ShardedToInterleavedDeviceOperation,32,1857.0
634880,,ShardedToInterleavedDeviceOperation,32,1856.0
3131392,,UntilizeWithUnpaddingDeviceOperation,1,1852.0
1468416,,ShardedToInterleavedDeviceOperation,32,1849.0
283648,,UnaryDeviceOperation,64,1848.0
2566144,1,ShardedToInterleavedDeviceOperation,32,1845.0
3149824,,UntilizeWithUnpaddingDeviceOperation,1,1841.0
3128320,,UntilizeWithUnpaddingDeviceOperation,1,1837.0
3020800,1,ShardedToInterleavedDeviceOperation,16,1836.0
1757184,1,ReshardDeviceOperation,32,1833.0
900096,,ShardedToInterleavedDeviceOperation,32,1832.0
1316864,,ShardedToInterleavedDeviceOperation,32,1831.0
2300928,1,ShardedToInterleavedDeviceOperation,32,1825.0
3123200,,UntilizeWithUnpaddingDeviceOperation,1,1825.0
2674688,1,SliceDeviceOperation,64,1821.0
2860032,1,ShardedToInterleavedDeviceOperation,28,1821.0
2641920,1,ShardedToInterleavedDeviceOperation,32,1819.0
1619968,,ShardedToInterleavedDeviceOperation,32,1817.0
2106368,1,SliceDeviceOperation,64,1810.0
975872,,ShardedToInterleavedDeviceOperation,32,1806.0
2869248,1,ShardedToInterleavedDeviceOperation,25,1803.0
1089536,,ShardedToInterleavedDeviceOperation,32,1802.0
521216,,ShardedToInterleavedDeviceOperation,32,1801.0
3146752,,UntilizeWithUnpaddingDeviceOperation,1,1800.0
3016704,1,InterleavedToShardedDeviceOperation,16,1798.0
445440,,ShardedToInterleavedDeviceOperation,32,1794.0
331776,,ShardedToInterleavedDeviceOperation,32,1793.0
2519040,1,ShardedToInterleavedDeviceOperation,32,1793.0
2708480,1,ShardedToInterleavedDeviceOperation,31,1790.0
710656,,ShardedToInterleavedDeviceOperation,32,1786.0
3144704,,UntilizeWithUnpaddingDeviceOperation,1,1786.0
1354752,,ShardedToInterleavedDeviceOperation,32,1785.0
1736704,1,UnaryDeviceOperation,64,1784.0
1051648,,ShardedToInterleavedDeviceOperation,32,1783.0
1127424,,ShardedToInterleavedDeviceOperation,32,1772.0
3136512,,UntilizeWithUnpaddingDeviceOperation,1,1771.0
937984,,ShardedToInterleavedDeviceOperation,32,1769.0
2405376,1,ShardedToInterleavedDeviceOperation,32,1758.0
1165312,,ShardedToInterleavedDeviceOperation,32,1753.0
2367488,1,ShardedToInterleavedDeviceOperation,32,1749.0
2755584,1,ShardedToInterleavedDeviceOperation,28,1749.0
2746368,1,ShardedToInterleavedDeviceOperation,30,1740.0
1950720,1,ShardedToInterleavedDeviceOperation,32,1727.0
2831360,1,ShardedToInterleavedDeviceOperation,28,1725.0
305152,,InterleavedToShardedDeviceOperation,32,1723.0
672768,,ShardedToInterleavedDeviceOperation,32,1721.0
1203200,,ShardedToInterleavedDeviceOperation,32,1721.0
3148800,,UntilizeWithUnpaddingDeviceOperation,1,1719.0
3125248,,UntilizeWithUnpaddingDeviceOperation,1,1716.0
1013760,,ShardedToInterleavedDeviceOperation,32,1713.0
3134464,,UntilizeWithUnpaddingDeviceOperation,1,1713.0
3151872,,UntilizeWithUnpaddingDeviceOperation,1,1713.0
2982912,1,ShardedToInterleavedDeviceOperation,16,1712.0
3156992,,UntilizeWithUnpaddingDeviceOperation,1,1711.0
3152896,,UntilizeWithUnpaddingDeviceOperation,1,1708.0
3153920,,UntilizeWithUnpaddingDeviceOperation,1,1707.0
483328,,ShardedToInterleavedDeviceOperation,32,1706.0
286720,,UnaryDeviceOperation,64,1702.0
1971200,1,ShardedToInterleavedDeviceOperation,32,1701.0
1988608,1,ShardedToInterleavedDeviceOperation,32,1701.0
3145728,,UntilizeWithUnpaddingDeviceOperation,1,1697.0
3124224,,UntilizeWithUnpaddingDeviceOperation,1,1696.0
3143680,,UntilizeWithUnpaddingDeviceOperation,1,1695.0
3132416,,UntilizeWithUnpaddingDeviceOperation,1,1692.0
3141632,,UntilizeWithUnpaddingDeviceOperation,1,1692.0
3130368,,UntilizeWithUnpaddingDeviceOperation,1,1691.0
2387968,1,ShardedToInterleavedDeviceOperation,32,1689.0
3137536,,UntilizeWithUnpaddingDeviceOperation,1,1688.0
1724416,1,RepeatDeviceOperation,64,1687.0
3049472,1,ShardedToInterleavedDeviceOperation,16,1685.0
3129344,,UntilizeWithUnpaddingDeviceOperation,1,1682.0
3139584,,UntilizeWithUnpaddingDeviceOperation,1,1682.0
3147776,,UntilizeWithUnpaddingDeviceOperation,1,1682.0
3158016,,UntilizeWithUnpaddingDeviceOperation,1,1682.0
1430528,,ShardedToInterleavedDeviceOperation,32,1681.0
3159040,,UntilizeWithUnpaddingDeviceOperation,1,1681.0
3126272,,UntilizeWithUnpaddingDeviceOperation,1,1678.0
1726464,1,TypecastDeviceOperation,1,1677.0
2073600,1,ShardedToInterleavedDeviceOperation,32,1674.0
2804736,1,ShardedToInterleavedDeviceOperation,28,1674.0
3135488,,UntilizeWithUnpaddingDeviceOperation,1,1671.0
3133440,,UntilizeWithUnpaddingDeviceOperation,1,1670.0
3138560,,UntilizeWithUnpaddingDeviceOperation,1,1668.0
3142656,,UntilizeWithUnpaddingDeviceOperation,1,1665.0
3154944,,UntilizeWithUnpaddingDeviceOperation,1,1663.0
3140608,,UntilizeWithUnpaddingDeviceOperation,1,1657.0
2793472,1,ShardedToInterleavedDeviceOperation,28,1657.0
2329600,1,ShardedToInterleavedDeviceOperation,32,1655.0
1453056,,InterleavedToShardedDeviceOperation,32,1653.0
619520,,InterleavedToShardedDeviceOperation,32,1652.0
1642496,,InterleavedToShardedDeviceOperation,32,1652.0
3150848,,UntilizeWithUnpaddingDeviceOperation,1,1652.0
3127296,,UntilizeWithUnpaddingDeviceOperation,1,1650.0
3160064,,UntilizeWithUnpaddingDeviceOperation,1,1650.0
274432,,RepeatDeviceOperation,64,1645.0
786432,,ShardedToInterleavedDeviceOperation,32,1641.0
2880512,1,ShardedToInterleavedDeviceOperation,16,1641.0
281600,,ConcatDeviceOperation,4,1634.0
3155968,,UntilizeWithUnpaddingDeviceOperation,1,1632.0
2160640,1,ShardedToInterleavedDeviceOperation,32,1631.0
1149952,,InterleavedToShardedDeviceOperation,32,1629.0
1339392,,InterleavedToShardedDeviceOperation,32,1629.0
276480,,TypecastDeviceOperation,1,1622.0
581632,,InterleavedToShardedDeviceOperation,32,1622.0
1225728,,InterleavedToShardedDeviceOperation,32,1619.0
2956288,1,ShardedToInterleavedDeviceOperation,16,1615.0
2973696,1,ShardedToInterleavedDeviceOperation,16,1603.0
1263616,,InterleavedToShardedDeviceOperation,32,1599.0
1874944,1,ShardedToInterleavedDeviceOperation,32,1598.0
2945024,1,ShardedToInterleavedDeviceOperation,16,1597.0
3096576,1,ShardedToInterleavedDeviceOperation,16,1588.0
1604608,,InterleavedToShardedDeviceOperation,32,1575.0
1731584,1,ConcatDeviceOperation,4,1575.0
1301504,,InterleavedToShardedDeviceOperation,32,1573.0
2084864,1,ShardedToInterleavedDeviceOperation,32,1558.0
1074176,,InterleavedToShardedDeviceOperation,32,1555.0
505856,,InterleavedToShardedDeviceOperation,32,1554.0
430080,,InterleavedToShardedDeviceOperation,32,1553.0
2615296,1,ShardedToInterleavedDeviceOperation,32,1553.0
3107840,1,ShardedToInterleavedDeviceOperation,16,1553.0
657408,,InterleavedToShardedDeviceOperation,32,1542.0
1799168,1,ShardedToInterleavedDeviceOperation,32,1534.0
1415168,,InterleavedToShardedDeviceOperation,32,1532.0
2122752,1,ShardedToInterleavedDeviceOperation,32,1530.0
1187840,,InterleavedToShardedDeviceOperation,32,1529.0
392192,,InterleavedToShardedDeviceOperation,32,1523.0
2539520,1,ShardedToInterleavedDeviceOperation,32,1521.0
2918400,1,ShardedToInterleavedDeviceOperation,16,1521.0
2350080,1,ShardedToInterleavedDeviceOperation,32,1513.0
846848,,InterleavedToShardedDeviceOperation,32,1509.0
467968,,InterleavedToShardedDeviceOperation,32,1508.0
1112064,,InterleavedToShardedDeviceOperation,32,1500.0
1566720,,InterleavedToShardedDeviceOperation,32,1500.0
543744,,InterleavedToShardedDeviceOperation,32,1496.0
695296,,InterleavedToShardedDeviceOperation,32,1496.0
1490944,,InterleavedToShardedDeviceOperation,32,1496.0
2198528,1,ShardedToInterleavedDeviceOperation,32,1489.0
1715200,1,TypecastDeviceOperation,32,1487.0
2236416,1,ShardedToInterleavedDeviceOperation,32,1486.0
2653184,1,ShardedToInterleavedDeviceOperation,32,1483.0
771072,,InterleavedToShardedDeviceOperation,32,1474.0
354304,,InterleavedToShardedDeviceOperation,32,1463.0
733184,,InterleavedToShardedDeviceOperation,32,1463.0
808960,,InterleavedToShardedDeviceOperation,32,1463.0
295936,,InterleavedToShardedDeviceOperation,32,1457.0
2501632,1,ShardedToInterleavedDeviceOperation,32,1449.0
1755136,1,InterleavedToShardedDeviceOperation,32,1444.0
922624,,InterleavedToShardedDeviceOperation,32,1443.0
884736,,InterleavedToShardedDeviceOperation,32,1439.0
1036288,,InterleavedToShardedDeviceOperation,32,1431.0
1377280,,InterleavedToShardedDeviceOperation,32,1423.0
960512,,InterleavedToShardedDeviceOperation,32,1422.0
1759232,1,ShardedToInterleavedDeviceOperation,32,1418.0
265216,,TypecastDeviceOperation,32,1414.0
2827264,1,InterleavedToShardedDeviceOperation,28,1403.0
1528832,,InterleavedToShardedDeviceOperation,32,1402.0
1781760,1,ShardedToInterleavedDeviceOperation,32,1399.0
998400,,InterleavedToShardedDeviceOperation,32,1397.0
2766848,1,ShardedToInterleavedDeviceOperation,28,1393.0
2903040,1,InterleavedToShardedDeviceOperation,16,1389.0
2691072,1,ShardedToInterleavedDeviceOperation,32,1377.0
2897920,1,ShardedToInterleavedDeviceOperation,16,1371.0
2637824,1,InterleavedToShardedDeviceOperation,32,1367.0
2031616,1,InterleavedToShardedDeviceOperation,32,1363.0
2675712,1,InterleavedToShardedDeviceOperation,32,1356.0
1895424,1,ShardedToInterleavedDeviceOperation,32,1353.0
1857536,1,ShardedToInterleavedDeviceOperation,32,1350.0
1993728,1,InterleavedToShardedDeviceOperation,32,1340.0
2425856,1,ShardedToInterleavedDeviceOperation,32,1338.0
2978816,1,InterleavedToShardedDeviceOperation,16,1331.0
1917952,1,InterleavedToShardedDeviceOperation,32,1325.0
2728960,1,ShardedToInterleavedDeviceOperation,31,1322.0
3092480,1,InterleavedToShardedDeviceOperation,16,1322.0
2274304,1,ShardedToInterleavedDeviceOperation,32,1318.0
1955840,1,InterleavedToShardedDeviceOperation,32,1311.0
1842176,1,InterleavedToShardedDeviceOperation,32,1301.0
1745920,1,InterleavedToShardedDeviceOperation,32,1300.0
2486272,1,InterleavedToShardedDeviceOperation,32,1298.0
1819648,1,ShardedToInterleavedDeviceOperation,32,1297.0
2046976,1,ShardedToInterleavedDeviceOperation,32,1297.0
3032064,1,ShardedToInterleavedDeviceOperation,16,1297.0
2865152,1,InterleavedToShardedDeviceOperation,28,1291.0
2842624,1,ShardedToInterleavedDeviceOperation,28,1289.0
2009088,1,ShardedToInterleavedDeviceOperation,32,1281.0
2312192,1,ShardedToInterleavedDeviceOperation,32,1277.0
2463744,1,ShardedToInterleavedDeviceOperation,32,1273.0
2258944,1,InterleavedToShardedDeviceOperation,32,1257.0
2145280,1,InterleavedToShardedDeviceOperation,32,1256.0
2221056,1,InterleavedToShardedDeviceOperation,32,1256.0
2107392,1,InterleavedToShardedDeviceOperation,32,1250.0
2183168,1,InterleavedToShardedDeviceOperation,32,1250.0
1933312,1,ShardedToInterleavedDeviceOperation,32,1244.0
2577408,1,ShardedToInterleavedDeviceOperation,32,1238.0
2334720,1,InterleavedToShardedDeviceOperation,32,1236.0
2372608,1,InterleavedToShardedDeviceOperation,32,1235.0
2448384,1,InterleavedToShardedDeviceOperation,32,1226.0
1804288,1,InterleavedToShardedDeviceOperation,32,1224.0
2713600,1,InterleavedToShardedDeviceOperation,31,1218.0
2410496,1,InterleavedToShardedDeviceOperation,32,1202.0
2562048,1,InterleavedToShardedDeviceOperation,32,1199.0
2751488,1,InterleavedToShardedDeviceOperation,28,1198.0
2296832,1,InterleavedToShardedDeviceOperation,32,1166.0
2789376,1,InterleavedToShardedDeviceOperation,28,1159.0
1719296,1,InterleavedToShardedDeviceOperation,40,1149.0
2069504,1,InterleavedToShardedDeviceOperation,32,1143.0
2994176,1,ShardedToInterleavedDeviceOperation,16,1142.0
3054592,1,InterleavedToShardedDeviceOperation,16,1133.0
2940928,1,InterleavedToShardedDeviceOperation,16,1128.0
2524160,1,InterleavedToShardedDeviceOperation,32,1104.0
2599936,1,InterleavedToShardedDeviceOperation,32,1103.0
269312,,InterleavedToShardedDeviceOperation,40,1023.0
3069952,1,ShardedToInterleavedDeviceOperation,16,1015.0
234496,,ShardedToInterleavedDeviceOperation,1,914.0
248832,,ShardedToInterleavedDeviceOperation,1,911.0
254976,,ShardedToInterleavedDeviceOperation,1,911.0
236544,,ShardedToInterleavedDeviceOperation,1,910.0
226304,,ShardedToInterleavedDeviceOperation,1,902.0
1676288,1,ShardedToInterleavedDeviceOperation,1,895.0
240640,,ShardedToInterleavedDeviceOperation,1,880.0
267264,,CopyDeviceOperation,1,878.0
1717248,1,CopyDeviceOperation,1,876.0
285696,,InterleavedToShardedDeviceOperation,4,854.0
1732608,1,InterleavedToShardedDeviceOperation,4,851.0
1703936,1,ShardedToInterleavedDeviceOperation,1,831.0
1707008,1,ShardedToInterleavedDeviceOperation,1,831.0
1694720,1,ShardedToInterleavedDeviceOperation,1,830.0
1710080,1,ShardedToInterleavedDeviceOperation,1,814.0
1697792,1,ShardedToInterleavedDeviceOperation,1,809.0
1685504,1,ShardedToInterleavedDeviceOperation,1,808.0
1688576,1,ShardedToInterleavedDeviceOperation,1,807.0
1682432,1,ShardedToInterleavedDeviceOperation,1,804.0
1700864,1,ShardedToInterleavedDeviceOperation,1,798.0
1691648,1,ShardedToInterleavedDeviceOperation,1,794.0
237568,,ShardedToInterleavedDeviceOperation,1,791.0
1687552,1,ShardedToInterleavedDeviceOperation,1,761.0
1679360,1,ShardedToInterleavedDeviceOperation,1,752.0
249856,,ShardedToInterleavedDeviceOperation,1,750.0
1678336,1,ShardedToInterleavedDeviceOperation,1,748.0
239616,,ShardedToInterleavedDeviceOperation,1,747.0
1680384,1,ShardedToInterleavedDeviceOperation,1,747.0
256000,,ShardedToInterleavedDeviceOperation,1,746.0
1690624,1,ShardedToInterleavedDeviceOperation,1,746.0
1696768,1,ShardedToInterleavedDeviceOperation,1,746.0
243712,,ShardedToInterleavedDeviceOperation,1,745.0
1683456,1,ShardedToInterleavedDeviceOperation,1,745.0
1698816,1,ShardedToInterleavedDeviceOperation,1,745.0
1714176,1,ShardedToInterleavedDeviceOperation,1,745.0
228352,,ShardedToInterleavedDeviceOperation,1,744.0
245760,,ShardedToInterleavedDeviceOperation,1,744.0
252928,,ShardedToInterleavedDeviceOperation,1,744.0
264192,,ShardedToInterleavedDeviceOperation,1,744.0
1699840,1,ShardedToInterleavedDeviceOperation,1,744.0
227328,,ShardedToInterleavedDeviceOperation,1,743.0
233472,,ShardedToInterleavedDeviceOperation,1,743.0
241664,,ShardedToInterleavedDeviceOperation,1,743.0
258048,,ShardedToInterleavedDeviceOperation,1,743.0
1708032,1,ShardedToInterleavedDeviceOperation,1,743.0
1675264,1,ShardedToInterleavedDeviceOperation,1,742.0
1681408,1,ShardedToInterleavedDeviceOperation,1,742.0
1686528,1,ShardedToInterleavedDeviceOperation,1,742.0
1701888,1,ShardedToInterleavedDeviceOperation,1,742.0
1702912,1,ShardedToInterleavedDeviceOperation,1,742.0
1735680,1,InterleavedToShardedDeviceOperation,4,742.0
282624,,InterleavedToShardedDeviceOperation,4,739.0
247808,,ShardedToInterleavedDeviceOperation,1,738.0
225280,,ShardedToInterleavedDeviceOperation,1,736.0
231424,,ShardedToInterleavedDeviceOperation,1,736.0
257024,,ShardedToInterleavedDeviceOperation,1,736.0
230400,,ShardedToInterleavedDeviceOperation,1,735.0
232448,,ShardedToInterleavedDeviceOperation,1,735.0
242688,,ShardedToInterleavedDeviceOperation,1,735.0
246784,,ShardedToInterleavedDeviceOperation,1,735.0
253952,,ShardedToInterleavedDeviceOperation,1,735.0
259072,,ShardedToInterleavedDeviceOperation,1,735.0
260096,,ShardedToInterleavedDeviceOperation,1,735.0
229376,,ShardedToInterleavedDeviceOperation,1,734.0
235520,,ShardedToInterleavedDeviceOperation,1,734.0
251904,,ShardedToInterleavedDeviceOperation,1,734.0
1677312,1,ShardedToInterleavedDeviceOperation,1,734.0
1684480,1,ShardedToInterleavedDeviceOperation,1,734.0
1689600,1,ShardedToInterleavedDeviceOperation,1,734.0
1692672,1,ShardedToInterleavedDeviceOperation,1,734.0
1695744,1,ShardedToInterleavedDeviceOperation,1,734.0
1704960,1,ShardedToInterleavedDeviceOperation,1,734.0
1709056,1,ShardedToInterleavedDeviceOperation,1,734.0
1711104,1,ShardedToInterleavedDeviceOperation,1,734.0
261120,,ShardedToInterleavedDeviceOperation,1,730.0
244736,,ShardedToInterleavedDeviceOperation,1,728.0
238592,,ShardedToInterleavedDeviceOperation,1,727.0
1693696,1,ShardedToInterleavedDeviceOperation,1,720.0
1705984,1,ShardedToInterleavedDeviceOperation,1,720.0
250880,,ShardedToInterleavedDeviceOperation,1,713.0
279552,,ShardedToInterleavedDeviceOperation,2,704.0
280576,,ShardedToInterleavedDeviceOperation,2,670.0
2390016,1,BinaryNgDeviceOperation,64,628.0
1973248,1,BinaryNgDeviceOperation,64,626.0
2056192,1,BinaryNgDeviceOperation,64,624.0
2086912,1,BinaryNgDeviceOperation,64,623.0
2131968,1,BinaryNgDeviceOperation,64,622.0
2162688,1,BinaryNgDeviceOperation,64,622.0
2238464,1,BinaryNgDeviceOperation,64,621.0
2283520,1,BinaryNgDeviceOperation,64,621.0
2768896,1,BinaryNgDeviceOperation,60,620.0
2124800,1,BinaryNgDeviceOperation,64,619.0
2541568,1,BinaryNgDeviceOperation,64,619.0
2662400,1,BinaryNgDeviceOperation,64,619.0
2655232,1,BinaryNgDeviceOperation,64,618.0
1821696,1,BinaryNgDeviceOperation,64,617.0
2314240,1,BinaryNgDeviceOperation,64,617.0
2731008,1,BinaryNgDeviceOperation,63,616.0
1935360,1,BinaryNgDeviceOperation,64,615.0
2359296,1,BinaryNgDeviceOperation,64,615.0
2427904,1,BinaryNgDeviceOperation,64,614.0
2965504,1,BinaryNgDeviceOperation,48,614.0
2503680,1,BinaryNgDeviceOperation,64,613.0
3072000,1,BinaryNgDeviceOperation,48,613.0
2806784,1,BinaryNgDeviceOperation,60,612.0
2011136,1,BinaryNgDeviceOperation,64,611.0
2958336,1,BinaryNgDeviceOperation,48,611.0
2352128,1,BinaryNgDeviceOperation,64,610.0
2776064,1,BinaryNgDeviceOperation,60,610.0
1897472,1,BinaryNgDeviceOperation,64,609.0
2276352,1,BinaryNgDeviceOperation,64,609.0
2579456,1,BinaryNgDeviceOperation,64,609.0
2700288,1,BinaryNgDeviceOperation,63,609.0
1828864,1,BinaryNgDeviceOperation,64,608.0
2200576,1,BinaryNgDeviceOperation,64,608.0
2472960,1,BinaryNgDeviceOperation,64,608.0
2465792,1,BinaryNgDeviceOperation,64,607.0
2738176,1,BinaryNgDeviceOperation,63,607.0
3041280,1,BinaryNgDeviceOperation,48,607.0
1790976,1,BinaryNgDeviceOperation,64,606.0
2321408,1,BinaryNgDeviceOperation,64,606.0
2397184,1,BinaryNgDeviceOperation,64,606.0
2624512,1,BinaryNgDeviceOperation,64,606.0
2851840,1,BinaryNgDeviceOperation,60,606.0
3117056,1,BinaryNgDeviceOperation,48,606.0
2920448,1,BinaryNgDeviceOperation,48,605.0
1866752,1,BinaryNgDeviceOperation,64,604.0
2996224,1,BinaryNgDeviceOperation,48,604.0
2844672,1,BinaryNgDeviceOperation,60,603.0
2889728,1,BinaryNgDeviceOperation,48,603.0
3109888,1,BinaryNgDeviceOperation,48,603.0
2169856,1,BinaryNgDeviceOperation,64,602.0
2435072,1,BinaryNgDeviceOperation,64,602.0
2548736,1,BinaryNgDeviceOperation,64,602.0
1729536,1,ShardedToInterleavedDeviceOperation,2,600.0
1859584,1,BinaryNgDeviceOperation,64,600.0
1942528,1,BinaryNgDeviceOperation,64,600.0
1980416,1,BinaryNgDeviceOperation,64,600.0
2245632,1,BinaryNgDeviceOperation,64,600.0
2586624,1,BinaryNgDeviceOperation,64,600.0
3034112,1,BinaryNgDeviceOperation,48,600.0
1904640,1,BinaryNgDeviceOperation,64,599.0
2049024,1,BinaryNgDeviceOperation,64,599.0
2693120,1,BinaryNgDeviceOperation,64,599.0
842752,,ShardedToInterleavedDeviceOperation,4,598.0
2927616,1,BinaryNgDeviceOperation,48,598.0
2510848,1,BinaryNgDeviceOperation,64,597.0
3079168,1,BinaryNgDeviceOperation,48,597.0
2018304,1,BinaryNgDeviceOperation,64,596.0
2094080,1,BinaryNgDeviceOperation,64,596.0
2617344,1,BinaryNgDeviceOperation,64,596.0
3003392,1,BinaryNgDeviceOperation,48,596.0
1032192,,ShardedToInterleavedDeviceOperation,4,595.0
2813952,1,BinaryNgDeviceOperation,60,595.0
1730560,1,ShardedToInterleavedDeviceOperation,2,594.0
549888,,ShardedToInterleavedDeviceOperation,4,593.0
966656,,ShardedToInterleavedDeviceOperation,4,593.0
2882560,1,BinaryNgDeviceOperation,48,592.0
777216,,ShardedToInterleavedDeviceOperation,4,591.0
663552,,ShardedToInterleavedDeviceOperation,4,589.0
805888,,ShardedToInterleavedDeviceOperation,4,589.0
2207744,1,BinaryNgDeviceOperation,64,589.0
474112,,ShardedToInterleavedDeviceOperation,4,588.0
852992,,ShardedToInterleavedDeviceOperation,4,588.0
653312,,ShardedToInterleavedDeviceOperation,4,587.0
350208,,ShardedToInterleavedDeviceOperation,4,586.0
662528,,ShardedToInterleavedDeviceOperation,4,586.0
359424,,ShardedToInterleavedDeviceOperation,4,585.0
397312,,ShardedToInterleavedDeviceOperation,4,585.0
1070080,,ShardedToInterleavedDeviceOperation,4,585.0
1079296,,ShardedToInterleavedDeviceOperation,4,585.0
1192960,,ShardedToInterleavedDeviceOperation,4,585.0
351232,,ShardedToInterleavedDeviceOperation,4,584.0
586752,,ShardedToInterleavedDeviceOperation,4,584.0
965632,,ShardedToInterleavedDeviceOperation,4,584.0
291840,,ShardedToInterleavedDeviceOperation,4,583.0
311296,,ShardedToInterleavedDeviceOperation,4,583.0
360448,,ShardedToInterleavedDeviceOperation,4,583.0
389120,,ShardedToInterleavedDeviceOperation,4,583.0
730112,,ShardedToInterleavedDeviceOperation,4,583.0
1033216,,ShardedToInterleavedDeviceOperation,4,583.0
1071104,,ShardedToInterleavedDeviceOperation,4,583.0
1118208,,ShardedToInterleavedDeviceOperation,4,583.0
1146880,,ShardedToInterleavedDeviceOperation,4,583.0
1260544,,ShardedToInterleavedDeviceOperation,4,583.0
1345536,,ShardedToInterleavedDeviceOperation,4,583.0
1420288,,ShardedToInterleavedDeviceOperation,4,583.0
1459200,,ShardedToInterleavedDeviceOperation,4,583.0
1534976,,ShardedToInterleavedDeviceOperation,4,583.0
1572864,,ShardedToInterleavedDeviceOperation,4,583.0
1601536,,ShardedToInterleavedDeviceOperation,4,583.0
1648640,,ShardedToInterleavedDeviceOperation,4,583.0
388096,,ShardedToInterleavedDeviceOperation,4,582.0
739328,,ShardedToInterleavedDeviceOperation,4,582.0
1486848,,ShardedToInterleavedDeviceOperation,4,582.0
425984,,ShardedToInterleavedDeviceOperation,4,581.0
540672,,ShardedToInterleavedDeviceOperation,4,581.0
463872,,ShardedToInterleavedDeviceOperation,4,580.0
1107968,,ShardedToInterleavedDeviceOperation,4,580.0
1117184,,ShardedToInterleavedDeviceOperation,4,580.0
1183744,,ShardedToInterleavedDeviceOperation,4,580.0
1458176,,ShardedToInterleavedDeviceOperation,4,580.0
616448,,ShardedToInterleavedDeviceOperation,4,579.0
1259520,,ShardedToInterleavedDeviceOperation,4,578.0
1533952,,ShardedToInterleavedDeviceOperation,4,578.0
776192,,ShardedToInterleavedDeviceOperation,4,577.0
1268736,,ShardedToInterleavedDeviceOperation,4,577.0
1307648,,ShardedToInterleavedDeviceOperation,4,576.0
310272,,ShardedToInterleavedDeviceOperation,4,575.0
427008,,ShardedToInterleavedDeviceOperation,4,575.0
501760,,ShardedToInterleavedDeviceOperation,4,575.0
510976,,ShardedToInterleavedDeviceOperation,4,575.0
625664,,ShardedToInterleavedDeviceOperation,4,575.0
881664,,ShardedToInterleavedDeviceOperation,4,575.0
890880,,ShardedToInterleavedDeviceOperation,4,575.0
1184768,,ShardedToInterleavedDeviceOperation,4,575.0
1374208,,ShardedToInterleavedDeviceOperation,4,575.0
1524736,,ShardedToInterleavedDeviceOperation,4,575.0
1563648,,ShardedToInterleavedDeviceOperation,4,575.0
1639424,,ShardedToInterleavedDeviceOperation,4,575.0
815104,,ShardedToInterleavedDeviceOperation,4,574.0
1306624,,ShardedToInterleavedDeviceOperation,4,574.0
1497088,,ShardedToInterleavedDeviceOperation,4,574.0
1525760,,ShardedToInterleavedDeviceOperation,4,574.0
1042432,,ShardedToInterleavedDeviceOperation,4,573.0
1335296,,ShardedToInterleavedDeviceOperation,4,573.0
2567168,1,ShardedToInterleavedDeviceOperation,4,573.0
435200,,ShardedToInterleavedDeviceOperation,4,572.0
615424,,ShardedToInterleavedDeviceOperation,4,572.0
691200,,ShardedToInterleavedDeviceOperation,4,572.0
700416,,ShardedToInterleavedDeviceOperation,4,571.0
692224,,ShardedToInterleavedDeviceOperation,4,570.0
1382400,,ShardedToInterleavedDeviceOperation,4,570.0
1571840,,ShardedToInterleavedDeviceOperation,4,570.0
1609728,,ShardedToInterleavedDeviceOperation,4,570.0
880640,,ShardedToInterleavedDeviceOperation,4,569.0
1145856,,ShardedToInterleavedDeviceOperation,4,569.0
1221632,,ShardedToInterleavedDeviceOperation,4,569.0
398336,,ShardedToInterleavedDeviceOperation,4,567.0
436224,,ShardedToInterleavedDeviceOperation,4,567.0
464896,,ShardedToInterleavedDeviceOperation,4,567.0
512000,,ShardedToInterleavedDeviceOperation,4,567.0
587776,,ShardedToInterleavedDeviceOperation,4,567.0
814080,,ShardedToInterleavedDeviceOperation,4,567.0
843776,,ShardedToInterleavedDeviceOperation,4,567.0
1003520,,ShardedToInterleavedDeviceOperation,4,567.0
1080320,,ShardedToInterleavedDeviceOperation,4,567.0
1383424,,ShardedToInterleavedDeviceOperation,4,567.0
1412096,,ShardedToInterleavedDeviceOperation,4,567.0
1449984,,ShardedToInterleavedDeviceOperation,4,567.0
729088,,ShardedToInterleavedDeviceOperation,4,566.0
995328,,ShardedToInterleavedDeviceOperation,4,565.0
473088,,ShardedToInterleavedDeviceOperation,4,564.0
1004544,,ShardedToInterleavedDeviceOperation,4,564.0
804864,,ShardedToInterleavedDeviceOperation,4,561.0
1155072,,ShardedToInterleavedDeviceOperation,4,561.0
1600512,,ShardedToInterleavedDeviceOperation,4,561.0
1989632,1,ShardedToInterleavedDeviceOperation,4,561.0
1496064,,ShardedToInterleavedDeviceOperation,4,560.0
292864,,ShardedToInterleavedDeviceOperation,4,559.0
300032,,ShardedToInterleavedDeviceOperation,4,559.0
578560,,ShardedToInterleavedDeviceOperation,4,559.0
701440,,ShardedToInterleavedDeviceOperation,4,559.0
738304,,ShardedToInterleavedDeviceOperation,4,559.0
1222656,,ShardedToInterleavedDeviceOperation,4,559.0
1448960,,ShardedToInterleavedDeviceOperation,4,559.0
1487872,,ShardedToInterleavedDeviceOperation,4,559.0
1638400,,ShardedToInterleavedDeviceOperation,4,559.0
1193984,,ShardedToInterleavedDeviceOperation,4,558.0
1108992,,ShardedToInterleavedDeviceOperation,4,557.0
1336320,,ShardedToInterleavedDeviceOperation,4,557.0
994304,,ShardedToInterleavedDeviceOperation,4,556.0
1344512,,ShardedToInterleavedDeviceOperation,4,556.0
2103296,1,ShardedToInterleavedDeviceOperation,4,556.0
2406400,1,ShardedToInterleavedDeviceOperation,4,555.0
927744,,ShardedToInterleavedDeviceOperation,4,553.0
624640,,ShardedToInterleavedDeviceOperation,4,552.0
2444288,1,ShardedToInterleavedDeviceOperation,4,552.0
502784,,ShardedToInterleavedDeviceOperation,4,551.0
768000,,ShardedToInterleavedDeviceOperation,4,551.0
956416,,ShardedToInterleavedDeviceOperation,4,551.0
1298432,,ShardedToInterleavedDeviceOperation,4,551.0
2301952,1,ShardedToInterleavedDeviceOperation,4,551.0
1297408,,ShardedToInterleavedDeviceOperation,4,550.0
1562624,,ShardedToInterleavedDeviceOperation,4,549.0
1647616,,ShardedToInterleavedDeviceOperation,4,549.0
1373184,,ShardedToInterleavedDeviceOperation,4,548.0
2642944,1,ShardedToInterleavedDeviceOperation,4,547.0
851968,,ShardedToInterleavedDeviceOperation,4,545.0
1990656,1,ShardedToInterleavedDeviceOperation,4,545.0
766976,,ShardedToInterleavedDeviceOperation,4,543.0
1156096,,ShardedToInterleavedDeviceOperation,4,543.0
1231872,,ShardedToInterleavedDeviceOperation,4,543.0
1411072,,ShardedToInterleavedDeviceOperation,4,543.0
2104320,1,ShardedToInterleavedDeviceOperation,4,543.0
928768,,ShardedToInterleavedDeviceOperation,4,542.0
2643968,1,ShardedToInterleavedDeviceOperation,4,541.0
918528,,ShardedToInterleavedDeviceOperation,4,540.0
2302976,1,ShardedToInterleavedDeviceOperation,4,540.0
2027520,1,ShardedToInterleavedDeviceOperation,4,539.0
1041408,,ShardedToInterleavedDeviceOperation,4,537.0
1230848,,ShardedToInterleavedDeviceOperation,4,537.0
1810432,1,ShardedToInterleavedDeviceOperation,4,536.0
2445312,1,ShardedToInterleavedDeviceOperation,4,536.0
2558976,1,ShardedToInterleavedDeviceOperation,4,536.0
1269760,,ShardedToInterleavedDeviceOperation,4,535.0
1610752,,ShardedToInterleavedDeviceOperation,4,535.0
1742848,1,ShardedToInterleavedDeviceOperation,4,535.0
2227200,1,ShardedToInterleavedDeviceOperation,4,535.0
2265088,1,ShardedToInterleavedDeviceOperation,4,535.0
2407424,1,ShardedToInterleavedDeviceOperation,4,535.0
2606080,1,ShardedToInterleavedDeviceOperation,4,535.0
1750016,1,ShardedToInterleavedDeviceOperation,4,533.0
2142208,1,ShardedToInterleavedDeviceOperation,4,533.0
2151424,1,ShardedToInterleavedDeviceOperation,4,533.0
2217984,1,ShardedToInterleavedDeviceOperation,4,533.0
577536,,ShardedToInterleavedDeviceOperation,4,532.0
1761280,1,ShardedToInterleavedDeviceOperation,4,532.0
1838080,1,ShardedToInterleavedDeviceOperation,4,532.0
1839104,1,ShardedToInterleavedDeviceOperation,4,532.0
1847296,1,ShardedToInterleavedDeviceOperation,4,532.0
1875968,1,ShardedToInterleavedDeviceOperation,4,532.0
1885184,1,ShardedToInterleavedDeviceOperation,4,532.0
1952768,1,ShardedToInterleavedDeviceOperation,4,532.0
1998848,1,ShardedToInterleavedDeviceOperation,4,532.0
2074624,1,ShardedToInterleavedDeviceOperation,4,532.0
2141184,1,ShardedToInterleavedDeviceOperation,4,532.0
2179072,1,ShardedToInterleavedDeviceOperation,4,532.0
2216960,1,ShardedToInterleavedDeviceOperation,4,532.0
2339840,1,ShardedToInterleavedDeviceOperation,4,532.0
2369536,1,ShardedToInterleavedDeviceOperation,4,532.0
2454528,1,ShardedToInterleavedDeviceOperation,4,532.0
2520064,1,ShardedToInterleavedDeviceOperation,4,532.0
2634752,1,ShardedToInterleavedDeviceOperation,4,532.0
2681856,1,ShardedToInterleavedDeviceOperation,4,532.0
2710528,1,ShardedToInterleavedDeviceOperation,3,532.0
889856,,ShardedToInterleavedDeviceOperation,4,531.0
2037760,1,ShardedToInterleavedDeviceOperation,4,531.0
539648,,ShardedToInterleavedDeviceOperation,4,529.0
548864,,ShardedToInterleavedDeviceOperation,4,529.0
2113536,1,ShardedToInterleavedDeviceOperation,4,529.0
2557952,1,ShardedToInterleavedDeviceOperation,4,529.0
1848320,1,ShardedToInterleavedDeviceOperation,4,528.0
2065408,1,ShardedToInterleavedDeviceOperation,4,528.0
654336,,ShardedToInterleavedDeviceOperation,4,527.0
919552,,ShardedToInterleavedDeviceOperation,4,527.0
957440,,ShardedToInterleavedDeviceOperation,4,527.0
1421312,,ShardedToInterleavedDeviceOperation,4,527.0
1741824,1,ShardedToInterleavedDeviceOperation,4,527.0
1760256,1,ShardedToInterleavedDeviceOperation,4,527.0
1801216,1,ShardedToInterleavedDeviceOperation,4,527.0
1809408,1,ShardedToInterleavedDeviceOperation,4,527.0
1876992,1,ShardedToInterleavedDeviceOperation,4,527.0
1886208,1,ShardedToInterleavedDeviceOperation,4,527.0
1913856,1,ShardedToInterleavedDeviceOperation,4,527.0
1914880,1,ShardedToInterleavedDeviceOperation,4,527.0
1923072,1,ShardedToInterleavedDeviceOperation,4,527.0
1924096,1,ShardedToInterleavedDeviceOperation,4,527.0
1951744,1,ShardedToInterleavedDeviceOperation,4,527.0
1960960,1,ShardedToInterleavedDeviceOperation,4,527.0
1961984,1,ShardedToInterleavedDeviceOperation,4,527.0
1999872,1,ShardedToInterleavedDeviceOperation,4,527.0
2028544,1,ShardedToInterleavedDeviceOperation,4,527.0
2036736,1,ShardedToInterleavedDeviceOperation,4,527.0
2066432,1,ShardedToInterleavedDeviceOperation,4,527.0
2075648,1,ShardedToInterleavedDeviceOperation,4,527.0
2112512,1,ShardedToInterleavedDeviceOperation,4,527.0
2150400,1,ShardedToInterleavedDeviceOperation,4,527.0
2180096,1,ShardedToInterleavedDeviceOperation,4,527.0
2189312,1,ShardedToInterleavedDeviceOperation,4,527.0
2226176,1,ShardedToInterleavedDeviceOperation,4,527.0
2254848,1,ShardedToInterleavedDeviceOperation,4,527.0
2255872,1,ShardedToInterleavedDeviceOperation,4,527.0
2264064,1,ShardedToInterleavedDeviceOperation,4,527.0
2292736,1,ShardedToInterleavedDeviceOperation,4,527.0
2293760,1,ShardedToInterleavedDeviceOperation,4,527.0
2330624,1,ShardedToInterleavedDeviceOperation,4,527.0
2331648,1,ShardedToInterleavedDeviceOperation,4,527.0
2340864,1,ShardedToInterleavedDeviceOperation,4,527.0
2368512,1,ShardedToInterleavedDeviceOperation,4,527.0
2377728,1,ShardedToInterleavedDeviceOperation,4,527.0
2378752,1,ShardedToInterleavedDeviceOperation,4,527.0
2415616,1,ShardedToInterleavedDeviceOperation,4,527.0
2416640,1,ShardedToInterleavedDeviceOperation,4,527.0
2453504,1,ShardedToInterleavedDeviceOperation,4,527.0
2482176,1,ShardedToInterleavedDeviceOperation,4,527.0
2483200,1,ShardedToInterleavedDeviceOperation,4,527.0
2491392,1,ShardedToInterleavedDeviceOperation,4,527.0
2492416,1,ShardedToInterleavedDeviceOperation,4,527.0
2521088,1,ShardedToInterleavedDeviceOperation,4,527.0
2529280,1,ShardedToInterleavedDeviceOperation,4,527.0
2530304,1,ShardedToInterleavedDeviceOperation,4,527.0
2568192,1,ShardedToInterleavedDeviceOperation,4,527.0
2595840,1,ShardedToInterleavedDeviceOperation,4,527.0
2596864,1,ShardedToInterleavedDeviceOperation,4,527.0
2633728,1,ShardedToInterleavedDeviceOperation,4,527.0
2672640,1,ShardedToInterleavedDeviceOperation,4,527.0
2680832,1,ShardedToInterleavedDeviceOperation,4,527.0
2709504,1,ShardedToInterleavedDeviceOperation,3,527.0
2718720,1,ShardedToInterleavedDeviceOperation,3,527.0
2719744,1,ShardedToInterleavedDeviceOperation,3,527.0
2747392,1,ShardedToInterleavedDeviceOperation,2,527.0
2188288,1,ShardedToInterleavedDeviceOperation,4,526.0
2605056,1,ShardedToInterleavedDeviceOperation,4,526.0
2671616,1,ShardedToInterleavedDeviceOperation,4,525.0
1800192,1,ShardedToInterleavedDeviceOperation,4,522.0
1356800,,BinaryNgDeviceOperation,64,521.0
1432576,,BinaryNgDeviceOperation,64,512.0
409600,,BinaryNgDeviceOperation,64,511.0
826368,,BinaryNgDeviceOperation,64,510.0
1167360,,BinaryNgDeviceOperation,64,505.0
681984,,BinaryNgDeviceOperation,64,503.0
1288192,,BinaryNgDeviceOperation,64,503.0
447488,,BinaryNgDeviceOperation,64,502.0
712704,,BinaryNgDeviceOperation,64,501.0
340992,,BinaryNgDeviceOperation,64,499.0
1098752,,BinaryNgDeviceOperation,64,499.0
985088,,BinaryNgDeviceOperation,64,497.0
1250304,,BinaryNgDeviceOperation,64,496.0
1326080,,BinaryNgDeviceOperation,64,494.0
1477632,,BinaryNgDeviceOperation,64,492.0
719872,,BinaryNgDeviceOperation,64,491.0
1629184,,BinaryNgDeviceOperation,64,489.0
1508352,,BinaryNgDeviceOperation,64,488.0
833536,,BinaryNgDeviceOperation,64,485.0
378880,,BinaryNgDeviceOperation,64,484.0
606208,,BinaryNgDeviceOperation,64,484.0
454656,,BinaryNgDeviceOperation,64,483.0
492544,,BinaryNgDeviceOperation,64,483.0
795648,,BinaryNgDeviceOperation,64,483.0
1243136,,BinaryNgDeviceOperation,64,483.0
599040,,BinaryNgDeviceOperation,64,482.0
1060864,,BinaryNgDeviceOperation,64,482.0
644096,,BinaryNgDeviceOperation,64,481.0
1129472,,BinaryNgDeviceOperation,64,481.0
1394688,,BinaryNgDeviceOperation,64,481.0
1546240,,BinaryNgDeviceOperation,64,481.0
523264,,BinaryNgDeviceOperation,64,479.0
977920,,BinaryNgDeviceOperation,64,479.0
750592,,BinaryNgDeviceOperation,64,478.0
788480,,BinaryNgDeviceOperation,64,478.0
864256,,BinaryNgDeviceOperation,64,478.0
1022976,,BinaryNgDeviceOperation,64,478.0
371712,,BinaryNgDeviceOperation,64,477.0
561152,,BinaryNgDeviceOperation,64,477.0
674816,,BinaryNgDeviceOperation,64,477.0
1401856,,BinaryNgDeviceOperation,64,477.0
1470464,,BinaryNgDeviceOperation,64,477.0
1515520,,BinaryNgDeviceOperation,64,477.0
1553408,,BinaryNgDeviceOperation,64,477.0
1591296,,BinaryNgDeviceOperation,64,477.0
1174528,,BinaryNgDeviceOperation,64,476.0
1212416,,BinaryNgDeviceOperation,64,476.0
1318912,,BinaryNgDeviceOperation,64,476.0
1667072,,BinaryNgDeviceOperation,64,475.0
1136640,,BinaryNgDeviceOperation,64,474.0
1363968,,BinaryNgDeviceOperation,64,474.0
757760,,BinaryNgDeviceOperation,64,473.0
871424,,BinaryNgDeviceOperation,64,473.0
1091584,,BinaryNgDeviceOperation,64,473.0
1439744,,BinaryNgDeviceOperation,64,473.0
485376,,BinaryNgDeviceOperation,64,472.0
568320,,BinaryNgDeviceOperation,64,472.0
1205248,,BinaryNgDeviceOperation,64,472.0
636928,,BinaryNgDeviceOperation,64,471.0
940032,,BinaryNgDeviceOperation,64,471.0
947200,,BinaryNgDeviceOperation,64,471.0
1281024,,BinaryNgDeviceOperation,64,471.0
1622016,,BinaryNgDeviceOperation,64,470.0
530432,,BinaryNgDeviceOperation,64,469.0
902144,,BinaryNgDeviceOperation,64,469.0
1053696,,BinaryNgDeviceOperation,64,468.0
1584128,,BinaryNgDeviceOperation,64,468.0
1659904,,BinaryNgDeviceOperation,64,468.0
416768,,BinaryNgDeviceOperation,64,467.0
1015808,,BinaryNgDeviceOperation,64,467.0
909312,,BinaryNgDeviceOperation,64,464.0
