op_id,replay,op_name,cores,duration_ns
2362368,1,MatmulDeviceOperation,64,3294538.0
1524736,,MatmulDeviceOperation,64,3274599.0
1526784,,ArgMaxDeviceOperation,64,2809170.0
2364416,1,ArgMaxDeviceOperation,64,2808433.0
1900544,1,MatmulDeviceOperation,56,398330.0
2359296,1,MatmulDeviceOperation,56,398063.0
1814528,1,MatmulDeviceOperation,56,397593.0
1699840,1,MatmulDeviceOperation,56,397549.0
1642496,1,MatmulDeviceOperation,56,397501.0
1871872,1,MatmulDeviceOperation,56,397301.0
1585152,1,MatmulDeviceOperation,56,397259.0
2043904,1,MatmulDeviceOperation,56,397192.0
1843200,1,MatmulDeviceOperation,56,397186.0
1957888,1,MatmulDeviceOperation,56,397146.0
1986560,1,MatmulDeviceOperation,56,397105.0
1671168,1,MatmulDeviceOperation,56,397088.0
1206272,,MatmulDeviceOperation,56,397078.0
2330624,1,MatmulDeviceOperation,56,397059.0
1613824,1,MatmulDeviceOperation,56,397046.0
2301952,1,MatmulDeviceOperation,56,397044.0
2273280,1,MatmulDeviceOperation,56,396984.0
2187264,1,MatmulDeviceOperation,56,396917.0
2015232,1,MatmulDeviceOperation,56,396908.0
1785856,1,MatmulDeviceOperation,56,396893.0
2129920,1,MatmulDeviceOperation,56,396892.0
1757184,1,MatmulDeviceOperation,56,396870.0
2101248,1,MatmulDeviceOperation,56,396764.0
2158592,1,MatmulDeviceOperation,56,396753.0
2072576,1,MatmulDeviceOperation,56,396727.0
1728512,1,MatmulDeviceOperation,56,396697.0
1177600,,MatmulDeviceOperation,56,396589.0
2215936,1,MatmulDeviceOperation,56,396570.0
2244608,1,MatmulDeviceOperation,56,396529.0
1521664,,MatmulDeviceOperation,56,396520.0
1435648,,MatmulDeviceOperation,56,396486.0
1929216,1,MatmulDeviceOperation,56,396472.0
1062912,,MatmulDeviceOperation,56,396464.0
1120256,,MatmulDeviceOperation,56,396409.0
833536,,MatmulDeviceOperation,56,396404.0
1263616,,MatmulDeviceOperation,56,396395.0
1292288,,MatmulDeviceOperation,56,396370.0
1148928,,MatmulDeviceOperation,56,396345.0
804864,,MatmulDeviceOperation,56,396305.0
1406976,,MatmulDeviceOperation,56,396263.0
862208,,MatmulDeviceOperation,56,396257.0
948224,,MatmulDeviceOperation,56,396254.0
776192,,MatmulDeviceOperation,56,396221.0
919552,,MatmulDeviceOperation,56,396219.0
1034240,,MatmulDeviceOperation,56,396200.0
1091584,,MatmulDeviceOperation,56,396189.0
1320960,,MatmulDeviceOperation,56,396169.0
1005568,,MatmulDeviceOperation,56,396019.0
1349632,,MatmulDeviceOperation,56,396008.0
1464320,,MatmulDeviceOperation,56,395976.0
1234944,,MatmulDeviceOperation,56,395929.0
976896,,MatmulDeviceOperation,56,395844.0
747520,,MatmulDeviceOperation,56,395715.0
890880,,MatmulDeviceOperation,56,395630.0
1378304,,MatmulDeviceOperation,56,395542.0
1492992,,MatmulDeviceOperation,56,395348.0
2242560,1,MatmulDeviceOperation,60,380588.0
1667072,1,MatmulDeviceOperation,60,379253.0
774144,,MatmulDeviceOperation,60,378742.0
1144832,,MatmulDeviceOperation,60,378663.0
858112,,MatmulDeviceOperation,60,378601.0
1347584,,MatmulDeviceOperation,60,378560.0
831488,,MatmulDeviceOperation,60,378208.0
1202176,,MatmulDeviceOperation,60,378076.0
2297856,1,MatmulDeviceOperation,60,377830.0
1638400,1,MatmulDeviceOperation,60,377736.0
772096,,MatmulDeviceOperation,60,377685.0
2269184,1,MatmulDeviceOperation,60,377684.0
1089536,,MatmulDeviceOperation,60,377575.0
2183168,1,MatmulDeviceOperation,60,377457.0
1060864,,MatmulDeviceOperation,60,377429.0
1460224,,MatmulDeviceOperation,60,377271.0
2125824,1,MatmulDeviceOperation,60,377268.0
1839104,1,MatmulDeviceOperation,60,377236.0
1175552,,MatmulDeviceOperation,60,377223.0
886784,,MatmulDeviceOperation,60,377192.0
1116160,,MatmulDeviceOperation,60,376963.0
1669120,1,MatmulDeviceOperation,60,376961.0
743424,,MatmulDeviceOperation,60,376924.0
1118208,,MatmulDeviceOperation,60,376906.0
1288192,,MatmulDeviceOperation,60,376881.0
2328576,1,MatmulDeviceOperation,60,376828.0
1781760,1,MatmulDeviceOperation,60,376822.0
1925120,1,MatmulDeviceOperation,60,376576.0
1030144,,MatmulDeviceOperation,60,376446.0
1812480,1,MatmulDeviceOperation,60,376412.0
829440,,MatmulDeviceOperation,60,376411.0
1697792,1,MatmulDeviceOperation,60,376410.0
1032192,,MatmulDeviceOperation,60,376382.0
860160,,MatmulDeviceOperation,60,376364.0
2185216,1,MatmulDeviceOperation,60,376309.0
2039808,1,MatmulDeviceOperation,60,376254.0
2156544,1,MatmulDeviceOperation,60,376093.0
1490944,,MatmulDeviceOperation,60,375905.0
2357248,1,MatmulDeviceOperation,60,375855.0
1810432,1,MatmulDeviceOperation,60,375818.0
1753088,1,MatmulDeviceOperation,60,375784.0
1896448,1,MatmulDeviceOperation,60,375754.0
2097152,1,MatmulDeviceOperation,60,375707.0
2355200,1,MatmulDeviceOperation,60,375707.0
1003520,,MatmulDeviceOperation,60,375698.0
2211840,1,MatmulDeviceOperation,60,375609.0
1259520,,MatmulDeviceOperation,60,375589.0
1488896,,MatmulDeviceOperation,60,375557.0
946176,,MatmulDeviceOperation,60,375545.0
1345536,,MatmulDeviceOperation,60,375460.0
1611776,1,MatmulDeviceOperation,60,375429.0
1290240,,MatmulDeviceOperation,60,375406.0
1001472,,MatmulDeviceOperation,60,375352.0
2154496,1,MatmulDeviceOperation,60,375350.0
2011136,1,MatmulDeviceOperation,60,375348.0
1374208,,MatmulDeviceOperation,60,375346.0
1146880,,MatmulDeviceOperation,60,375256.0
1982464,1,MatmulDeviceOperation,60,375245.0
2068480,1,MatmulDeviceOperation,60,375218.0
1087488,,MatmulDeviceOperation,60,375206.0
1519616,,MatmulDeviceOperation,60,375117.0
1261568,,MatmulDeviceOperation,60,375072.0
1173504,,MatmulDeviceOperation,60,375060.0
972800,,MatmulDeviceOperation,60,375002.0
1984512,1,MatmulDeviceOperation,60,374994.0
1402880,,MatmulDeviceOperation,60,374965.0
1232896,,MatmulDeviceOperation,60,374964.0
915456,,MatmulDeviceOperation,60,374883.0
1841152,1,MatmulDeviceOperation,60,374815.0
944128,,MatmulDeviceOperation,60,374781.0
1462272,,MatmulDeviceOperation,60,374780.0
1953792,1,MatmulDeviceOperation,60,374758.0
2240512,1,MatmulDeviceOperation,60,374742.0
1404928,,MatmulDeviceOperation,60,374719.0
2070528,1,MatmulDeviceOperation,60,374696.0
1431552,,MatmulDeviceOperation,60,374472.0
1318912,,MatmulDeviceOperation,60,374446.0
1583104,1,MatmulDeviceOperation,60,374409.0
1695744,1,MatmulDeviceOperation,60,374401.0
1898496,1,MatmulDeviceOperation,60,374375.0
1867776,1,MatmulDeviceOperation,60,374358.0
1955840,1,MatmulDeviceOperation,60,374332.0
1869824,1,MatmulDeviceOperation,60,374318.0
2099200,1,MatmulDeviceOperation,60,374161.0
1609728,1,MatmulDeviceOperation,60,374154.0
800768,,MatmulDeviceOperation,60,374131.0
1783808,1,MatmulDeviceOperation,60,374119.0
1376256,,MatmulDeviceOperation,60,374066.0
1230848,,MatmulDeviceOperation,60,374023.0
1517568,,MatmulDeviceOperation,60,373712.0
1204224,,MatmulDeviceOperation,60,373693.0
1726464,1,MatmulDeviceOperation,60,373599.0
1581056,1,MatmulDeviceOperation,60,373594.0
888832,,MatmulDeviceOperation,60,373549.0
1927168,1,MatmulDeviceOperation,60,373520.0
2326528,1,MatmulDeviceOperation,60,373506.0
2013184,1,MatmulDeviceOperation,60,373480.0
1640448,1,MatmulDeviceOperation,60,373188.0
1755136,1,MatmulDeviceOperation,60,373174.0
1433600,,MatmulDeviceOperation,60,373071.0
1724416,1,MatmulDeviceOperation,60,373015.0
1316864,,MatmulDeviceOperation,60,372802.0
745472,,MatmulDeviceOperation,60,372639.0
802816,,MatmulDeviceOperation,60,372213.0
974848,,MatmulDeviceOperation,60,372177.0
917504,,MatmulDeviceOperation,60,371984.0
2271232,1,MatmulDeviceOperation,60,371789.0
2213888,1,MatmulDeviceOperation,60,371731.0
2299904,1,MatmulDeviceOperation,60,371457.0
1058816,,MatmulDeviceOperation,60,370860.0
2127872,1,MatmulDeviceOperation,60,370263.0
2041856,1,MatmulDeviceOperation,60,368240.0
652288,,ConcatDeviceOperation,64,366434.0
607232,,ConcatDeviceOperation,64,364345.0
537600,,ConcatDeviceOperation,64,361927.0
660480,,ConcatDeviceOperation,64,361899.0
474112,,ConcatDeviceOperation,64,359261.0
238592,,ConcatDeviceOperation,64,358046.0
615424,,ConcatDeviceOperation,64,357980.0
611328,,ConcatDeviceOperation,64,357647.0
441344,,ConcatDeviceOperation,64,357604.0
656384,,ConcatDeviceOperation,64,357059.0
322560,,ConcatDeviceOperation,64,356205.0
363520,,ConcatDeviceOperation,64,354428.0
478208,,ConcatDeviceOperation,64,354126.0
556032,,ConcatDeviceOperation,64,353891.0
560128,,ConcatDeviceOperation,64,352994.0
482304,,ConcatDeviceOperation,64,352650.0
529408,,ConcatDeviceOperation,64,352569.0
404480,,ConcatDeviceOperation,64,351115.0
367616,,ConcatDeviceOperation,64,350494.0
340992,,ConcatDeviceOperation,64,349860.0
205824,,ConcatDeviceOperation,64,349131.0
533504,,ConcatDeviceOperation,64,348900.0
400384,,ConcatDeviceOperation,64,348121.0
271360,,ConcatDeviceOperation,64,347845.0
437248,,ConcatDeviceOperation,64,345119.0
304128,,ConcatDeviceOperation,64,344307.0
345088,,ConcatDeviceOperation,64,342500.0
633856,,ConcatDeviceOperation,64,341044.0
614400,,SliceDeviceOperation,64,273438.0
528384,,SliceDeviceOperation,64,272900.0
321536,,SliceDeviceOperation,64,272423.0
366592,,SliceDeviceOperation,64,270145.0
559104,,SliceDeviceOperation,64,270073.0
399360,,SliceDeviceOperation,64,266509.0
303104,,SliceDeviceOperation,64,265914.0
270336,,SliceDeviceOperation,64,265527.0
632832,,SliceDeviceOperation,64,265415.0
655360,,SliceDeviceOperation,64,264338.0
555008,,SliceDeviceOperation,64,263126.0
477184,,SliceDeviceOperation,64,262230.0
473088,,SliceDeviceOperation,64,262136.0
436224,,SliceDeviceOperation,64,262098.0
403456,,SliceDeviceOperation,64,262022.0
237568,,SliceDeviceOperation,64,261835.0
339968,,SliceDeviceOperation,64,261829.0
536576,,SliceDeviceOperation,64,261772.0
659456,,SliceDeviceOperation,64,260927.0
344064,,SliceDeviceOperation,64,260812.0
362496,,SliceDeviceOperation,64,260686.0
204800,,SliceDeviceOperation,64,260495.0
651264,,SliceDeviceOperation,64,259952.0
606208,,SliceDeviceOperation,64,259784.0
532480,,SliceDeviceOperation,64,259640.0
440320,,SliceDeviceOperation,64,258853.0
610304,,SliceDeviceOperation,64,258676.0
481280,,SliceDeviceOperation,64,258401.0
1525760,,UntilizeDeviceOperation,63,131757.0
2131968,1,LayerNormDeviceOperation,1,130687.0
2296832,1,LayerNormDeviceOperation,1,130663.0
2354176,1,LayerNormDeviceOperation,1,130663.0
1924096,1,LayerNormDeviceOperation,1,130648.0
1534976,1,LayerNormDeviceOperation,1,130619.0
1608704,1,LayerNormDeviceOperation,1,130570.0
2275328,1,LayerNormDeviceOperation,1,130540.0
2361344,1,LayerNormDeviceOperation,1,130540.0
1615872,1,LayerNormDeviceOperation,1,130534.0
1701888,1,LayerNormDeviceOperation,1,130516.0
2268160,1,LayerNormDeviceOperation,1,130506.0
2189312,1,LayerNormDeviceOperation,1,130505.0
943104,,LayerNormDeviceOperation,1,130493.0
1809408,1,LayerNormDeviceOperation,1,130491.0
1759232,1,LayerNormDeviceOperation,1,130484.0
1902592,1,LayerNormDeviceOperation,1,130473.0
2160640,1,LayerNormDeviceOperation,1,130464.0
1523712,,LayerNormDeviceOperation,1,130451.0
1988608,1,LayerNormDeviceOperation,1,130412.0
1344512,,LayerNormDeviceOperation,1,130405.0
2045952,1,LayerNormDeviceOperation,1,130405.0
1694720,1,LayerNormDeviceOperation,1,130403.0
1057792,,LayerNormDeviceOperation,1,130402.0
799744,,LayerNormDeviceOperation,1,130395.0
1029120,,LayerNormDeviceOperation,1,130374.0
857088,,LayerNormDeviceOperation,1,130373.0
1845248,1,LayerNormDeviceOperation,1,130360.0
1000448,,LayerNormDeviceOperation,1,130357.0
1294336,,LayerNormDeviceOperation,1,130353.0
950272,,LayerNormDeviceOperation,1,130347.0
1637376,1,LayerNormDeviceOperation,1,130338.0
1723392,1,LayerNormDeviceOperation,1,130329.0
2363392,1,UntilizeDeviceOperation,63,130329.0
1487872,,LayerNormDeviceOperation,1,130317.0
1787904,1,LayerNormDeviceOperation,1,130316.0
1143808,,LayerNormDeviceOperation,1,130310.0
2246656,1,LayerNormDeviceOperation,1,130308.0
885760,,LayerNormDeviceOperation,1,130304.0
2217984,1,LayerNormDeviceOperation,1,130304.0
1401856,,LayerNormDeviceOperation,1,130301.0
1873920,1,LayerNormDeviceOperation,1,130296.0
2153472,1,LayerNormDeviceOperation,1,130295.0
914432,,LayerNormDeviceOperation,1,130290.0
1179648,,LayerNormDeviceOperation,1,130287.0
1959936,1,LayerNormDeviceOperation,1,130286.0
2038784,1,LayerNormDeviceOperation,1,130278.0
2304000,1,LayerNormDeviceOperation,1,130277.0
1838080,1,LayerNormDeviceOperation,1,130260.0
921600,,LayerNormDeviceOperation,1,130256.0
2239488,1,LayerNormDeviceOperation,1,130252.0
1752064,1,LayerNormDeviceOperation,1,130250.0
697344,,LayerNormDeviceOperation,1,130248.0
1007616,,LayerNormDeviceOperation,1,130240.0
1516544,,LayerNormDeviceOperation,1,130239.0
1036288,,LayerNormDeviceOperation,1,130236.0
1981440,1,LayerNormDeviceOperation,1,130234.0
1122304,,LayerNormDeviceOperation,1,130233.0
1952768,1,LayerNormDeviceOperation,1,130233.0
2182144,1,LayerNormDeviceOperation,1,130229.0
1150976,,LayerNormDeviceOperation,1,130226.0
2210816,1,LayerNormDeviceOperation,1,130220.0
828416,,LayerNormDeviceOperation,1,130217.0
1587200,1,LayerNormDeviceOperation,1,130210.0
971776,,LayerNormDeviceOperation,1,130204.0
1580032,1,LayerNormDeviceOperation,1,130200.0
1258496,,LayerNormDeviceOperation,1,130188.0
1730560,1,LayerNormDeviceOperation,1,130187.0
1115136,,LayerNormDeviceOperation,1,130186.0
1315840,,LayerNormDeviceOperation,1,130177.0
1172480,,LayerNormDeviceOperation,1,130176.0
2332672,1,LayerNormDeviceOperation,1,130176.0
1229824,,LayerNormDeviceOperation,1,130160.0
1644544,1,LayerNormDeviceOperation,1,130159.0
2017280,1,LayerNormDeviceOperation,1,130157.0
2103296,1,LayerNormDeviceOperation,1,130157.0
778240,,LayerNormDeviceOperation,1,130151.0
1236992,,LayerNormDeviceOperation,1,130151.0
1816576,1,LayerNormDeviceOperation,1,130141.0
2074624,1,LayerNormDeviceOperation,1,130133.0
771072,,LayerNormDeviceOperation,1,130117.0
1666048,1,LayerNormDeviceOperation,1,130114.0
1086464,,LayerNormDeviceOperation,1,130110.0
1780736,1,LayerNormDeviceOperation,1,130108.0
742400,,LayerNormDeviceOperation,1,130103.0
2010112,1,LayerNormDeviceOperation,1,130103.0
1931264,1,LayerNormDeviceOperation,1,130096.0
1673216,1,LayerNormDeviceOperation,1,130089.0
1351680,,LayerNormDeviceOperation,1,130073.0
1064960,,LayerNormDeviceOperation,1,130071.0
1287168,,LayerNormDeviceOperation,1,130070.0
1437696,,LayerNormDeviceOperation,1,130062.0
1201152,,LayerNormDeviceOperation,1,130044.0
1323008,,LayerNormDeviceOperation,1,130020.0
1459200,,LayerNormDeviceOperation,1,130012.0
1895424,1,LayerNormDeviceOperation,1,130001.0
835584,,LayerNormDeviceOperation,1,129998.0
864256,,LayerNormDeviceOperation,1,129993.0
1466368,,LayerNormDeviceOperation,1,129987.0
892928,,LayerNormDeviceOperation,1,129981.0
1380352,,LayerNormDeviceOperation,1,129981.0
806912,,LayerNormDeviceOperation,1,129980.0
1430528,,LayerNormDeviceOperation,1,129973.0
1373184,,LayerNormDeviceOperation,1,129960.0
2067456,1,LayerNormDeviceOperation,1,129945.0
2124800,1,LayerNormDeviceOperation,1,129936.0
1409024,,LayerNormDeviceOperation,1,129924.0
2096128,1,LayerNormDeviceOperation,1,129909.0
1495040,,LayerNormDeviceOperation,1,129882.0
1208320,,LayerNormDeviceOperation,1,129847.0
1093632,,LayerNormDeviceOperation,1,129846.0
978944,,LayerNormDeviceOperation,1,129805.0
1265664,,LayerNormDeviceOperation,1,129781.0
749568,,LayerNormDeviceOperation,1,129763.0
1866752,1,LayerNormDeviceOperation,1,129664.0
2325504,1,LayerNormDeviceOperation,1,129496.0
1536000,1,MatmulDeviceOperation,48,90692.0
1588224,1,MatmulDeviceOperation,48,90646.0
1702912,1,MatmulDeviceOperation,48,90372.0
2276352,1,MatmulDeviceOperation,48,89953.0
1731584,1,MatmulDeviceOperation,48,89772.0
1903616,1,MatmulDeviceOperation,48,89712.0
2018304,1,MatmulDeviceOperation,48,89580.0
2132992,1,MatmulDeviceOperation,48,89556.0
2247680,1,MatmulDeviceOperation,48,89395.0
1760256,1,MatmulDeviceOperation,48,89339.0
1960960,1,MatmulDeviceOperation,48,89296.0
1616896,1,MatmulDeviceOperation,48,89184.0
2075648,1,MatmulDeviceOperation,48,89127.0
1817600,1,MatmulDeviceOperation,48,89107.0
1989632,1,MatmulDeviceOperation,48,88950.0
2161664,1,MatmulDeviceOperation,48,88919.0
2333696,1,MatmulDeviceOperation,48,88836.0
1674240,1,MatmulDeviceOperation,48,88799.0
1645568,1,MatmulDeviceOperation,48,88757.0
1932288,1,MatmulDeviceOperation,48,88614.0
1094656,,MatmulDeviceOperation,48,88439.0
1008640,,MatmulDeviceOperation,48,88435.0
1324032,,MatmulDeviceOperation,48,88344.0
1788928,1,MatmulDeviceOperation,48,88240.0
2104320,1,MatmulDeviceOperation,48,88240.0
1209344,,MatmulDeviceOperation,48,88055.0
1037312,,MatmulDeviceOperation,48,88049.0
1874944,1,MatmulDeviceOperation,48,88039.0
1180672,,MatmulDeviceOperation,48,87961.0
2190336,1,MatmulDeviceOperation,48,87890.0
1381376,,MatmulDeviceOperation,48,87886.0
1846272,1,MatmulDeviceOperation,48,87877.0
2305024,1,MatmulDeviceOperation,48,87873.0
807936,,MatmulDeviceOperation,48,87846.0
893952,,MatmulDeviceOperation,48,87684.0
2046976,1,MatmulDeviceOperation,48,87681.0
750592,,MatmulDeviceOperation,48,87673.0
779264,,MatmulDeviceOperation,48,87603.0
2219008,1,MatmulDeviceOperation,48,87560.0
1467392,,MatmulDeviceOperation,48,87336.0
1238016,,MatmulDeviceOperation,48,87228.0
1266688,,MatmulDeviceOperation,48,87218.0
865280,,MatmulDeviceOperation,48,87110.0
951296,,MatmulDeviceOperation,48,87076.0
1352704,,MatmulDeviceOperation,48,87072.0
1410048,,MatmulDeviceOperation,48,87064.0
1496064,,MatmulDeviceOperation,48,87038.0
698368,,MatmulDeviceOperation,48,86987.0
979968,,MatmulDeviceOperation,48,86984.0
1438720,,MatmulDeviceOperation,48,86941.0
1152000,,MatmulDeviceOperation,48,86914.0
836608,,MatmulDeviceOperation,48,86831.0
922624,,MatmulDeviceOperation,48,86783.0
1065984,,MatmulDeviceOperation,48,86763.0
1123328,,MatmulDeviceOperation,48,86689.0
1295360,,MatmulDeviceOperation,48,86318.0
2208768,1,MatmulDeviceOperation,56,79694.0
2094080,1,MatmulDeviceOperation,56,79673.0
2151424,1,MatmulDeviceOperation,56,79670.0
1778688,1,MatmulDeviceOperation,56,79532.0
1950720,1,MatmulDeviceOperation,56,79507.0
1864704,1,MatmulDeviceOperation,56,79365.0
1922048,1,MatmulDeviceOperation,56,79352.0
2352128,1,MatmulDeviceOperation,56,79343.0
2323456,1,MatmulDeviceOperation,56,79313.0
1606656,1,MatmulDeviceOperation,56,79303.0
1750016,1,MatmulDeviceOperation,56,79294.0
2008064,1,MatmulDeviceOperation,56,79285.0
1635328,1,MatmulDeviceOperation,56,79243.0
1836032,1,MatmulDeviceOperation,56,79228.0
1577984,1,MatmulDeviceOperation,56,79158.0
2266112,1,MatmulDeviceOperation,56,79154.0
2122752,1,MatmulDeviceOperation,56,79153.0
2036736,1,MatmulDeviceOperation,56,79143.0
1721344,1,MatmulDeviceOperation,56,79129.0
1807360,1,MatmulDeviceOperation,56,79095.0
2180096,1,MatmulDeviceOperation,56,79091.0
1893376,1,MatmulDeviceOperation,56,79074.0
2237440,1,MatmulDeviceOperation,56,79058.0
2294784,1,MatmulDeviceOperation,56,79020.0
1664000,1,MatmulDeviceOperation,56,79014.0
1979392,1,MatmulDeviceOperation,56,78845.0
1692672,1,MatmulDeviceOperation,56,78769.0
1227776,,MatmulDeviceOperation,56,78683.0
2065408,1,MatmulDeviceOperation,56,78676.0
769024,,MatmulDeviceOperation,56,78666.0
941056,,MatmulDeviceOperation,56,78621.0
826368,,MatmulDeviceOperation,56,78600.0
1457152,,MatmulDeviceOperation,56,78592.0
1199104,,MatmulDeviceOperation,56,78503.0
797696,,MatmulDeviceOperation,56,78500.0
1170432,,MatmulDeviceOperation,56,78491.0
1313792,,MatmulDeviceOperation,56,78491.0
1485824,,MatmulDeviceOperation,56,78463.0
969728,,MatmulDeviceOperation,56,78447.0
1027072,,MatmulDeviceOperation,56,78444.0
855040,,MatmulDeviceOperation,56,78440.0
1514496,,MatmulDeviceOperation,56,78440.0
740352,,MatmulDeviceOperation,56,78435.0
998400,,MatmulDeviceOperation,56,78417.0
1084416,,MatmulDeviceOperation,56,78411.0
1113088,,MatmulDeviceOperation,56,78405.0
1285120,,MatmulDeviceOperation,56,78405.0
1256448,,MatmulDeviceOperation,56,78388.0
1141760,,MatmulDeviceOperation,56,78377.0
1055744,,MatmulDeviceOperation,56,78371.0
912384,,MatmulDeviceOperation,56,78364.0
1399808,,MatmulDeviceOperation,56,78352.0
1371136,,MatmulDeviceOperation,56,78313.0
1428480,,MatmulDeviceOperation,56,78304.0
883712,,MatmulDeviceOperation,56,78294.0
1342464,,MatmulDeviceOperation,56,78264.0
612352,,SliceDeviceOperation,64,54351.0
530432,,SliceDeviceOperation,64,54034.0
301056,,SliceDeviceOperation,64,53849.0
649216,,SliceDeviceOperation,64,53770.0
653312,,SliceDeviceOperation,64,53612.0
397312,,SliceDeviceOperation,64,53590.0
608256,,SliceDeviceOperation,64,53477.0
438272,,SliceDeviceOperation,64,53406.0
479232,,SliceDeviceOperation,64,53230.0
360448,,SliceDeviceOperation,64,52959.0
364544,,SliceDeviceOperation,64,52922.0
235520,,SliceDeviceOperation,64,52711.0
401408,,SliceDeviceOperation,64,52681.0
342016,,SliceDeviceOperation,64,52261.0
475136,,SliceDeviceOperation,64,52196.0
337920,,SliceDeviceOperation,64,52079.0
604160,,SliceDeviceOperation,64,52058.0
557056,,SliceDeviceOperation,64,52036.0
202752,,SliceDeviceOperation,64,51839.0
552960,,SliceDeviceOperation,64,51609.0
319488,,SliceDeviceOperation,64,51331.0
630784,,SliceDeviceOperation,64,51259.0
526336,,SliceDeviceOperation,64,51189.0
434176,,SliceDeviceOperation,64,51129.0
657408,,SliceDeviceOperation,64,51076.0
534528,,SliceDeviceOperation,64,50646.0
143360,,TilizeDeviceOperation,64,50637.0
402432,,SliceDeviceOperation,64,50557.0
361472,,SliceDeviceOperation,64,50401.0
471040,,SliceDeviceOperation,64,50346.0
14336,,TilizeDeviceOperation,64,50323.0
163840,,TilizeDeviceOperation,64,50319.0
268288,,SliceDeviceOperation,64,50242.0
106496,,TilizeDeviceOperation,64,50228.0
108544,,TilizeDeviceOperation,64,50154.0
120832,,TilizeDeviceOperation,64,50135.0
133120,,TilizeDeviceOperation,64,50073.0
365568,,SliceDeviceOperation,64,49962.0
527360,,SliceDeviceOperation,64,49955.0
63488,,TilizeDeviceOperation,64,49895.0
124928,,TilizeDeviceOperation,64,49837.0
112640,,TilizeDeviceOperation,64,49814.0
59392,,TilizeDeviceOperation,64,49752.0
605184,,SliceDeviceOperation,64,49740.0
167936,,TilizeDeviceOperation,64,49605.0
650240,,SliceDeviceOperation,64,49587.0
8192,,TilizeDeviceOperation,64,49557.0
439296,,SliceDeviceOperation,64,49526.0
149504,,TilizeDeviceOperation,64,49510.0
631808,,SliceDeviceOperation,64,49467.0
71680,,TilizeDeviceOperation,64,49424.0
155648,,TilizeDeviceOperation,64,49414.0
161792,,TilizeDeviceOperation,64,49394.0
302080,,SliceDeviceOperation,64,49273.0
398336,,SliceDeviceOperation,64,49258.0
476160,,SliceDeviceOperation,64,49235.0
320512,,SliceDeviceOperation,64,49190.0
609280,,SliceDeviceOperation,64,49045.0
51200,,TilizeDeviceOperation,64,49005.0
96256,,TilizeDeviceOperation,64,48980.0
40960,,TilizeDeviceOperation,64,48944.0
531456,,SliceDeviceOperation,64,48896.0
203776,,SliceDeviceOperation,64,48826.0
47104,,TilizeDeviceOperation,64,48780.0
343040,,SliceDeviceOperation,64,48749.0
654336,,SliceDeviceOperation,64,48731.0
38912,,TilizeDeviceOperation,64,48728.0
338944,,SliceDeviceOperation,64,48719.0
236544,,SliceDeviceOperation,64,48717.0
75776,,TilizeDeviceOperation,64,48635.0
77824,,TilizeDeviceOperation,64,48532.0
435200,,SliceDeviceOperation,64,48519.0
658432,,SliceDeviceOperation,64,48486.0
69632,,TilizeDeviceOperation,64,48485.0
32768,,TilizeDeviceOperation,64,48445.0
535552,,SliceDeviceOperation,64,48394.0
169984,,TilizeDeviceOperation,64,48392.0
1742848,1,SdpaDecodeDeviceOperation,64,48354.0
137216,,TilizeDeviceOperation,64,48233.0
613376,,SliceDeviceOperation,64,48169.0
480256,,SliceDeviceOperation,64,48127.0
472064,,SliceDeviceOperation,64,48074.0
558080,,SliceDeviceOperation,64,48072.0
2048,,TilizeDeviceOperation,64,48044.0
53248,,TilizeDeviceOperation,64,48022.0
4096,,TilizeDeviceOperation,64,48006.0
269312,,SliceDeviceOperation,64,47959.0
22528,,TilizeDeviceOperation,64,47955.0
553984,,SliceDeviceOperation,64,47872.0
118784,,TilizeDeviceOperation,64,47826.0
83968,,TilizeDeviceOperation,64,47786.0
131072,,TilizeDeviceOperation,64,47721.0
88064,,TilizeDeviceOperation,64,47716.0
90112,,TilizeDeviceOperation,64,47701.0
26624,,TilizeDeviceOperation,64,47649.0
102400,,TilizeDeviceOperation,64,47617.0
157696,,TilizeDeviceOperation,64,47551.0
10240,,TilizeDeviceOperation,64,47545.0
81920,,TilizeDeviceOperation,64,47466.0
94208,,TilizeDeviceOperation,64,47439.0
2287616,1,SdpaDecodeDeviceOperation,64,47407.0
20480,,TilizeDeviceOperation,64,47404.0
28672,,TilizeDeviceOperation,64,47396.0
1567744,1,SdpaDecodeDeviceOperation,64,47373.0
1771520,1,SdpaDecodeDeviceOperation,64,47361.0
145408,,TilizeDeviceOperation,64,47328.0
151552,,TilizeDeviceOperation,64,47320.0
126976,,TilizeDeviceOperation,64,47280.0
34816,,TilizeDeviceOperation,64,47260.0
57344,,TilizeDeviceOperation,64,47207.0
139264,,TilizeDeviceOperation,64,47067.0
114688,,TilizeDeviceOperation,64,46991.0
905216,,SdpaDecodeDeviceOperation,64,46906.0
16384,,TilizeDeviceOperation,64,46875.0
1220608,,SdpaDecodeDeviceOperation,64,46839.0
100352,,TilizeDeviceOperation,64,46812.0
65536,,TilizeDeviceOperation,64,46716.0
1886208,1,SdpaDecodeDeviceOperation,64,46645.0
1105920,,SdpaDecodeDeviceOperation,64,46627.0
45056,,TilizeDeviceOperation,64,46611.0
1800192,1,SdpaDecodeDeviceOperation,64,46511.0
2144256,1,SdpaDecodeDeviceOperation,64,46458.0
2115584,1,SdpaDecodeDeviceOperation,64,46316.0
1914880,1,SdpaDecodeDeviceOperation,64,46182.0
1628160,1,SdpaDecodeDeviceOperation,64,46157.0
2230272,1,SdpaDecodeDeviceOperation,64,46062.0
2086912,1,SdpaDecodeDeviceOperation,64,46046.0
876544,,SdpaDecodeDeviceOperation,64,46026.0
1972224,1,SdpaDecodeDeviceOperation,64,46025.0
1048576,,SdpaDecodeDeviceOperation,64,45996.0
2258944,1,SdpaDecodeDeviceOperation,64,45890.0
1714176,1,SdpaDecodeDeviceOperation,64,45789.0
1249280,,SdpaDecodeDeviceOperation,64,45691.0
1277952,,SdpaDecodeDeviceOperation,64,45595.0
1857536,1,SdpaDecodeDeviceOperation,64,45480.0
1656832,1,SdpaDecodeDeviceOperation,64,45474.0
1191936,,SdpaDecodeDeviceOperation,64,45447.0
2316288,1,SdpaDecodeDeviceOperation,64,45418.0
1599488,1,SdpaDecodeDeviceOperation,64,45397.0
1943552,1,SdpaDecodeDeviceOperation,64,45387.0
1363968,,SdpaDecodeDeviceOperation,64,45354.0
2058240,1,SdpaDecodeDeviceOperation,64,45334.0
991232,,SdpaDecodeDeviceOperation,64,45175.0
1134592,,SdpaDecodeDeviceOperation,64,45142.0
1163264,,SdpaDecodeDeviceOperation,64,45132.0
933888,,SdpaDecodeDeviceOperation,64,44974.0
962560,,SdpaDecodeDeviceOperation,64,44932.0
2344960,1,SdpaDecodeDeviceOperation,64,44915.0
1421312,,SdpaDecodeDeviceOperation,64,44897.0
1828864,1,SdpaDecodeDeviceOperation,64,44843.0
1685504,1,SdpaDecodeDeviceOperation,64,44793.0
580608,,TilizeWithValPaddingDeviceOperation,1,44767.0
461824,,TilizeWithValPaddingDeviceOperation,1,44763.0
2172928,1,SdpaDecodeDeviceOperation,64,44707.0
325632,,TilizeWithValPaddingDeviceOperation,1,44698.0
819200,,SdpaDecodeDeviceOperation,64,44692.0
1392640,,SdpaDecodeDeviceOperation,64,44685.0
640000,,TilizeWithValPaddingDeviceOperation,1,44678.0
1306624,,SdpaDecodeDeviceOperation,64,44672.0
2201600,1,SdpaDecodeDeviceOperation,64,44623.0
370688,,TilizeWithValPaddingDeviceOperation,1,44610.0
540672,,TilizeWithValPaddingDeviceOperation,1,44600.0
636928,,TilizeWithValPaddingDeviceOperation,1,44598.0
424960,,TilizeWithValPaddingDeviceOperation,1,44594.0
488448,,TilizeWithValPaddingDeviceOperation,1,44592.0
208896,,TilizeWithValPaddingDeviceOperation,1,44588.0
274432,,TilizeWithValPaddingDeviceOperation,1,44578.0
680960,,TilizeWithValPaddingDeviceOperation,1,44576.0
447488,,TilizeWithValPaddingDeviceOperation,1,44575.0
618496,,TilizeWithValPaddingDeviceOperation,1,44574.0
176128,,TilizeWithValPaddingDeviceOperation,1,44572.0
499712,,TilizeWithValPaddingDeviceOperation,1,44568.0
517120,,TilizeWithValPaddingDeviceOperation,1,44564.0
241664,,TilizeWithValPaddingDeviceOperation,1,44563.0
621568,,TilizeWithValPaddingDeviceOperation,1,44562.0
677888,,TilizeWithValPaddingDeviceOperation,1,44560.0
485376,,TilizeWithValPaddingDeviceOperation,1,44559.0
591872,,TilizeWithValPaddingDeviceOperation,1,44559.0
328704,,TilizeWithValPaddingDeviceOperation,1,44556.0
407552,,TilizeWithValPaddingDeviceOperation,1,44556.0
1478656,,SdpaDecodeDeviceOperation,64,44556.0
244736,,TilizeWithValPaddingDeviceOperation,1,44553.0
351232,,TilizeWithValPaddingDeviceOperation,1,44548.0
514048,,TilizeWithValPaddingDeviceOperation,1,44546.0
348160,,TilizeWithValPaddingDeviceOperation,1,44540.0
373760,,TilizeWithValPaddingDeviceOperation,1,44536.0
663552,,TilizeWithValPaddingDeviceOperation,1,44535.0
211968,,TilizeWithValPaddingDeviceOperation,1,44533.0
277504,,TilizeWithValPaddingDeviceOperation,1,44528.0
444416,,TilizeWithValPaddingDeviceOperation,1,44528.0
543744,,TilizeWithValPaddingDeviceOperation,1,44526.0
594944,,TilizeWithValPaddingDeviceOperation,1,44523.0
563200,,TilizeWithValPaddingDeviceOperation,1,44522.0
310272,,TilizeWithValPaddingDeviceOperation,1,44519.0
179200,,TilizeWithValPaddingDeviceOperation,1,44518.0
307200,,TilizeWithValPaddingDeviceOperation,1,44518.0
256000,,TilizeWithValPaddingDeviceOperation,1,44516.0
226304,,TilizeWithValPaddingDeviceOperation,1,44514.0
410624,,TilizeWithValPaddingDeviceOperation,1,44513.0
190464,,TilizeWithValPaddingDeviceOperation,1,44510.0
385024,,TilizeWithValPaddingDeviceOperation,1,44505.0
388096,,TilizeWithValPaddingDeviceOperation,1,44503.0
458752,,TilizeWithValPaddingDeviceOperation,1,44500.0
666624,,TilizeWithValPaddingDeviceOperation,1,44498.0
291840,,TilizeWithValPaddingDeviceOperation,1,44496.0
847872,,SdpaDecodeDeviceOperation,64,44495.0
1077248,,SdpaDecodeDeviceOperation,64,44488.0
1335296,,SdpaDecodeDeviceOperation,64,44488.0
566272,,TilizeWithValPaddingDeviceOperation,1,44485.0
193536,,TilizeWithValPaddingDeviceOperation,1,44483.0
288768,,TilizeWithValPaddingDeviceOperation,1,44483.0
421888,,TilizeWithValPaddingDeviceOperation,1,44473.0
259072,,TilizeWithValPaddingDeviceOperation,1,44459.0
577536,,TilizeWithValPaddingDeviceOperation,1,44456.0
502784,,TilizeWithValPaddingDeviceOperation,1,44450.0
1019904,,SdpaDecodeDeviceOperation,64,44441.0
223232,,TilizeWithValPaddingDeviceOperation,1,44440.0
730112,,SdpaDecodeDeviceOperation,64,44439.0
2029568,1,SdpaDecodeDeviceOperation,64,44371.0
1507328,,SdpaDecodeDeviceOperation,64,44277.0
790528,,SdpaDecodeDeviceOperation,64,44025.0
1449984,,SdpaDecodeDeviceOperation,64,43927.0
2000896,1,SdpaDecodeDeviceOperation,64,43847.0
761856,,SdpaDecodeDeviceOperation,64,43621.0
89088,,TypecastDeviceOperation,64,38173.0
119808,,TypecastDeviceOperation,64,37397.0
64512,,TypecastDeviceOperation,64,37231.0
3072,,TypecastDeviceOperation,64,36894.0
5120,,TypecastDeviceOperation,64,36857.0
52224,,TypecastDeviceOperation,64,36823.0
82944,,TypecastDeviceOperation,64,36820.0
27648,,TypecastDeviceOperation,64,36511.0
107520,,TypecastDeviceOperation,64,36409.0
144384,,TypecastDeviceOperation,64,36396.0
78848,,TypecastDeviceOperation,64,36373.0
162816,,TypecastDeviceOperation,64,36333.0
140288,,TypecastDeviceOperation,64,36301.0
168960,,TypecastDeviceOperation,64,36190.0
95232,,TypecastDeviceOperation,64,36112.0
113664,,TypecastDeviceOperation,64,36086.0
41984,,TypecastDeviceOperation,64,35909.0
1533952,1,EmbeddingsDeviceOperation,1,35899.0
125952,,TypecastDeviceOperation,64,35876.0
121856,,TypecastDeviceOperation,64,35856.0
11264,,TypecastDeviceOperation,64,35841.0
156672,,TypecastDeviceOperation,64,35830.0
54272,,TypecastDeviceOperation,64,35757.0
84992,,TypecastDeviceOperation,64,35748.0
128000,,TypecastDeviceOperation,64,35723.0
15360,,TypecastDeviceOperation,64,35691.0
35840,,TypecastDeviceOperation,64,35672.0
23552,,TypecastDeviceOperation,64,35644.0
164864,,TypecastDeviceOperation,64,35612.0
109568,,TypecastDeviceOperation,64,35573.0
158720,,TypecastDeviceOperation,64,35515.0
39936,,TypecastDeviceOperation,64,35508.0
171008,,TypecastDeviceOperation,64,35471.0
9216,,TypecastDeviceOperation,64,35383.0
76800,,TypecastDeviceOperation,64,35367.0
46080,,TypecastDeviceOperation,64,35324.0
134144,,TypecastDeviceOperation,64,35273.0
146432,,TypecastDeviceOperation,64,35266.0
66560,,TypecastDeviceOperation,64,35243.0
101376,,TypecastDeviceOperation,64,35207.0
33792,,TypecastDeviceOperation,64,35134.0
48128,,TypecastDeviceOperation,64,35114.0
72704,,TypecastDeviceOperation,64,35110.0
696320,,EmbeddingsDeviceOperation,1,35101.0
60416,,TypecastDeviceOperation,64,35008.0
17408,,TypecastDeviceOperation,64,34979.0
91136,,TypecastDeviceOperation,64,34979.0
70656,,TypecastDeviceOperation,64,34835.0
150528,,TypecastDeviceOperation,64,34793.0
115712,,TypecastDeviceOperation,64,34789.0
138240,,TypecastDeviceOperation,64,34728.0
21504,,TypecastDeviceOperation,64,34715.0
152576,,TypecastDeviceOperation,64,34618.0
103424,,TypecastDeviceOperation,64,34597.0
97280,,TypecastDeviceOperation,64,34529.0
29696,,TypecastDeviceOperation,64,34423.0
58368,,TypecastDeviceOperation,64,33969.0
132096,,TypecastDeviceOperation,64,33787.0
1888256,1,TernaryDeviceOperation,64,26820.0
821248,,TernaryDeviceOperation,64,26800.0
1251328,,TernaryDeviceOperation,64,26800.0
1107968,,TernaryDeviceOperation,64,26764.0
1021952,,TernaryDeviceOperation,64,26753.0
1480704,,TernaryDeviceOperation,64,26687.0
993280,,TernaryDeviceOperation,64,26656.0
1050624,,TernaryDeviceOperation,64,26646.0
1423360,,TernaryDeviceOperation,64,26575.0
1509376,,TernaryDeviceOperation,64,26574.0
763904,,TernaryDeviceOperation,64,26534.0
1193984,,TernaryDeviceOperation,64,26531.0
907264,,TernaryDeviceOperation,64,26520.0
1165312,,TernaryDeviceOperation,64,26518.0
964608,,TernaryDeviceOperation,64,26512.0
1366016,,TernaryDeviceOperation,64,26495.0
1280000,,TernaryDeviceOperation,64,26446.0
1079296,,TernaryDeviceOperation,64,26441.0
1308672,,TernaryDeviceOperation,64,26423.0
735232,,TernaryDeviceOperation,64,26419.0
935936,,TernaryDeviceOperation,64,26412.0
1394688,,TernaryDeviceOperation,64,26395.0
849920,,TernaryDeviceOperation,64,26380.0
878592,,TernaryDeviceOperation,64,26358.0
2260992,1,TernaryDeviceOperation,64,26348.0
1136640,,TernaryDeviceOperation,64,26343.0
1452032,,TernaryDeviceOperation,64,26339.0
1630208,1,TernaryDeviceOperation,64,26336.0
1337344,,TernaryDeviceOperation,64,26293.0
792576,,TernaryDeviceOperation,64,26292.0
1222656,,TernaryDeviceOperation,64,26273.0
2146304,1,TernaryDeviceOperation,64,26198.0
1773568,1,TernaryDeviceOperation,64,26057.0
1802240,1,TernaryDeviceOperation,64,25995.0
1830912,1,TernaryDeviceOperation,64,25965.0
2289664,1,TernaryDeviceOperation,64,25965.0
1974272,1,TernaryDeviceOperation,64,25930.0
1572864,1,TernaryDeviceOperation,64,25882.0
2060288,1,TernaryDeviceOperation,64,25848.0
1945600,1,TernaryDeviceOperation,64,25834.0
1744896,1,TernaryDeviceOperation,64,25722.0
1716224,1,TernaryDeviceOperation,64,25717.0
1916928,1,TernaryDeviceOperation,64,25704.0
1859584,1,TernaryDeviceOperation,64,25666.0
2002944,1,TernaryDeviceOperation,64,25639.0
2117632,1,TernaryDeviceOperation,64,25617.0
2031616,1,TernaryDeviceOperation,64,25616.0
2318336,1,TernaryDeviceOperation,64,25602.0
1601536,1,TernaryDeviceOperation,64,25555.0
2203648,1,TernaryDeviceOperation,64,25539.0
1687552,1,TernaryDeviceOperation,64,25472.0
1658880,1,TernaryDeviceOperation,64,25351.0
2088960,1,TernaryDeviceOperation,64,25318.0
2347008,1,TernaryDeviceOperation,64,25274.0
2174976,1,TernaryDeviceOperation,64,25207.0
2232320,1,TernaryDeviceOperation,64,25183.0
1555456,1,TernaryDeviceOperation,64,25056.0
717824,,TernaryDeviceOperation,64,24786.0
2272256,1,BinaryNgDeviceOperation,64,23382.0
1612800,1,BinaryNgDeviceOperation,64,22893.0
2329600,1,BinaryNgDeviceOperation,64,22413.0
2157568,1,BinaryNgDeviceOperation,64,22402.0
861184,,BinaryNgDeviceOperation,64,22227.0
2042880,1,BinaryNgDeviceOperation,64,22179.0
1090560,,BinaryNgDeviceOperation,64,22127.0
1033216,,BinaryNgDeviceOperation,64,22071.0
1233920,,BinaryNgDeviceOperation,64,22047.0
1262592,,BinaryNgDeviceOperation,64,22036.0
1756160,1,BinaryNgDeviceOperation,64,21967.0
1405952,,BinaryNgDeviceOperation,64,21962.0
2186240,1,BinaryNgDeviceOperation,64,21956.0
1985536,1,BinaryNgDeviceOperation,64,21950.0
1899520,1,BinaryNgDeviceOperation,64,21937.0
1147904,,BinaryNgDeviceOperation,64,21935.0
2071552,1,BinaryNgDeviceOperation,64,21932.0
1928192,1,BinaryNgDeviceOperation,64,21899.0
1698816,1,BinaryNgDeviceOperation,64,21895.0
1061888,,BinaryNgDeviceOperation,64,21863.0
1491968,,BinaryNgDeviceOperation,64,21862.0
1377280,,BinaryNgDeviceOperation,64,21854.0
1348608,,BinaryNgDeviceOperation,64,21843.0
1176576,,BinaryNgDeviceOperation,64,21830.0
1727488,1,BinaryNgDeviceOperation,64,21826.0
1291264,,BinaryNgDeviceOperation,64,21803.0
2014208,1,BinaryNgDeviceOperation,64,21801.0
832512,,BinaryNgDeviceOperation,64,21767.0
2358272,1,BinaryNgDeviceOperation,64,21755.0
1813504,1,BinaryNgDeviceOperation,64,21707.0
2300928,1,BinaryNgDeviceOperation,64,21704.0
1870848,1,BinaryNgDeviceOperation,64,21689.0
1670144,1,BinaryNgDeviceOperation,64,21674.0
975872,,BinaryNgDeviceOperation,64,21647.0
1584128,1,BinaryNgDeviceOperation,64,21640.0
1784832,1,BinaryNgDeviceOperation,64,21638.0
889856,,BinaryNgDeviceOperation,64,21610.0
947200,,BinaryNgDeviceOperation,64,21600.0
1319936,,BinaryNgDeviceOperation,64,21581.0
1520640,,BinaryNgDeviceOperation,64,21556.0
775168,,BinaryNgDeviceOperation,64,21555.0
1205248,,BinaryNgDeviceOperation,64,21533.0
1119232,,BinaryNgDeviceOperation,64,21510.0
1004544,,BinaryNgDeviceOperation,64,21509.0
1641472,1,BinaryNgDeviceOperation,64,21497.0
1956864,1,BinaryNgDeviceOperation,64,21471.0
803840,,BinaryNgDeviceOperation,64,21464.0
918528,,BinaryNgDeviceOperation,64,21455.0
1463296,,BinaryNgDeviceOperation,64,21437.0
1434624,,BinaryNgDeviceOperation,64,21406.0
2243584,1,BinaryNgDeviceOperation,64,21273.0
2128896,1,BinaryNgDeviceOperation,64,21253.0
2214912,1,BinaryNgDeviceOperation,64,21167.0
746496,,BinaryNgDeviceOperation,64,21052.0
2100224,1,BinaryNgDeviceOperation,64,20982.0
1842176,1,BinaryNgDeviceOperation,64,20946.0
1537024,1,NLPCreateQKVHeadsDecodeDeviceOperation,32,20285.0
2019328,1,NLPCreateQKVHeadsDecodeDeviceOperation,32,20065.0
866304,,NLPCreateQKVHeadsDecodeDeviceOperation,32,19926.0
699392,,NLPCreateQKVHeadsDecodeDeviceOperation,32,19903.0
1067008,,NLPCreateQKVHeadsDecodeDeviceOperation,32,19859.0
1847296,1,NLPCreateQKVHeadsDecodeDeviceOperation,32,19777.0
1153024,,NLPCreateQKVHeadsDecodeDeviceOperation,32,19761.0
1009664,,NLPCreateQKVHeadsDecodeDeviceOperation,32,19750.0
894976,,NLPCreateQKVHeadsDecodeDeviceOperation,32,19749.0
1267712,,NLPCreateQKVHeadsDecodeDeviceOperation,32,19737.0
1382400,,NLPCreateQKVHeadsDecodeDeviceOperation,32,19697.0
1210368,,NLPCreateQKVHeadsDecodeDeviceOperation,32,19673.0
1038336,,NLPCreateQKVHeadsDecodeDeviceOperation,32,19671.0
1353728,,NLPCreateQKVHeadsDecodeDeviceOperation,32,19599.0
780288,,NLPCreateQKVHeadsDecodeDeviceOperation,32,19598.0
1761280,1,NLPCreateQKVHeadsDecodeDeviceOperation,32,19590.0
923648,,NLPCreateQKVHeadsDecodeDeviceOperation,32,19589.0
1933312,1,NLPCreateQKVHeadsDecodeDeviceOperation,32,19560.0
1411072,,NLPCreateQKVHeadsDecodeDeviceOperation,32,19557.0
1296384,,NLPCreateQKVHeadsDecodeDeviceOperation,32,19555.0
1095680,,NLPCreateQKVHeadsDecodeDeviceOperation,32,19492.0
1468416,,NLPCreateQKVHeadsDecodeDeviceOperation,32,19491.0
2277376,1,NLPCreateQKVHeadsDecodeDeviceOperation,32,19489.0
837632,,NLPCreateQKVHeadsDecodeDeviceOperation,32,19487.0
1181696,,NLPCreateQKVHeadsDecodeDeviceOperation,32,19469.0
808960,,NLPCreateQKVHeadsDecodeDeviceOperation,32,19456.0
1961984,1,NLPCreateQKVHeadsDecodeDeviceOperation,32,19453.0
1439744,,NLPCreateQKVHeadsDecodeDeviceOperation,32,19444.0
2334720,1,NLPCreateQKVHeadsDecodeDeviceOperation,32,19441.0
2048000,1,NLPCreateQKVHeadsDecodeDeviceOperation,32,19436.0
1732608,1,NLPCreateQKVHeadsDecodeDeviceOperation,32,19434.0
1325056,,NLPCreateQKVHeadsDecodeDeviceOperation,32,19431.0
1239040,,NLPCreateQKVHeadsDecodeDeviceOperation,32,19400.0
1875968,1,NLPCreateQKVHeadsDecodeDeviceOperation,32,19400.0
1646592,1,NLPCreateQKVHeadsDecodeDeviceOperation,32,19385.0
952320,,NLPCreateQKVHeadsDecodeDeviceOperation,32,19384.0
2134016,1,NLPCreateQKVHeadsDecodeDeviceOperation,32,19380.0
751616,,NLPCreateQKVHeadsDecodeDeviceOperation,32,19378.0
1497088,,NLPCreateQKVHeadsDecodeDeviceOperation,32,19355.0
2105344,1,NLPCreateQKVHeadsDecodeDeviceOperation,32,19338.0
1124352,,NLPCreateQKVHeadsDecodeDeviceOperation,32,19333.0
980992,,NLPCreateQKVHeadsDecodeDeviceOperation,32,19332.0
2191360,1,NLPCreateQKVHeadsDecodeDeviceOperation,32,19332.0
1990656,1,NLPCreateQKVHeadsDecodeDeviceOperation,32,19327.0
1174528,,UnaryDeviceOperation,64,19326.0
2162688,1,NLPCreateQKVHeadsDecodeDeviceOperation,32,19302.0
2306048,1,NLPCreateQKVHeadsDecodeDeviceOperation,32,19296.0
1589248,1,NLPCreateQKVHeadsDecodeDeviceOperation,32,19292.0
1789952,1,NLPCreateQKVHeadsDecodeDeviceOperation,32,19229.0
2220032,1,NLPCreateQKVHeadsDecodeDeviceOperation,32,19216.0
2076672,1,NLPCreateQKVHeadsDecodeDeviceOperation,32,19209.0
1818624,1,NLPCreateQKVHeadsDecodeDeviceOperation,32,19205.0
1617920,1,NLPCreateQKVHeadsDecodeDeviceOperation,32,19195.0
1904640,1,NLPCreateQKVHeadsDecodeDeviceOperation,32,19191.0
1703936,1,NLPCreateQKVHeadsDecodeDeviceOperation,32,19183.0
2069504,1,UnaryDeviceOperation,64,19174.0
1675264,1,NLPCreateQKVHeadsDecodeDeviceOperation,32,19057.0
2248704,1,NLPCreateQKVHeadsDecodeDeviceOperation,32,18973.0
744448,,UnaryDeviceOperation,64,18729.0
1954816,1,UnaryDeviceOperation,64,18726.0
1432576,,UnaryDeviceOperation,64,18622.0
1582080,1,UnaryDeviceOperation,64,18565.0
1059840,,UnaryDeviceOperation,64,18553.0
2270208,1,UnaryDeviceOperation,64,18534.0
1145856,,UnaryDeviceOperation,64,18472.0
887808,,UnaryDeviceOperation,64,18457.0
2327552,1,UnaryDeviceOperation,64,18443.0
1002496,,UnaryDeviceOperation,64,18440.0
1926144,1,UnaryDeviceOperation,64,18431.0
2012160,1,UnaryDeviceOperation,64,18417.0
1289216,,UnaryDeviceOperation,64,18416.0
1403904,,UnaryDeviceOperation,64,18408.0
1668096,1,UnaryDeviceOperation,64,18401.0
1203200,,UnaryDeviceOperation,64,18393.0
1897472,1,UnaryDeviceOperation,64,18377.0
1696768,1,UnaryDeviceOperation,64,18348.0
1260544,,UnaryDeviceOperation,64,18345.0
2241536,1,UnaryDeviceOperation,64,18341.0
1489920,,UnaryDeviceOperation,64,18340.0
1031168,,UnaryDeviceOperation,64,18323.0
916480,,UnaryDeviceOperation,64,18294.0
1518592,,UnaryDeviceOperation,64,18284.0
1811456,1,UnaryDeviceOperation,64,18282.0
1317888,,UnaryDeviceOperation,64,18276.0
1782784,1,UnaryDeviceOperation,64,18244.0
2184192,1,UnaryDeviceOperation,64,18244.0
773120,,UnaryDeviceOperation,64,18231.0
1639424,1,UnaryDeviceOperation,64,18226.0
1088512,,UnaryDeviceOperation,64,18207.0
1117184,,UnaryDeviceOperation,64,18207.0
2298880,1,UnaryDeviceOperation,64,18192.0
1725440,1,UnaryDeviceOperation,64,18188.0
2040832,1,UnaryDeviceOperation,64,18187.0
2098176,1,UnaryDeviceOperation,64,18187.0
1868800,1,UnaryDeviceOperation,64,18186.0
2356224,1,UnaryDeviceOperation,64,18164.0
1983488,1,UnaryDeviceOperation,64,18159.0
1754112,1,UnaryDeviceOperation,64,18153.0
1461248,,UnaryDeviceOperation,64,18146.0
945152,,UnaryDeviceOperation,64,18139.0
2212864,1,UnaryDeviceOperation,64,18132.0
1231872,,UnaryDeviceOperation,64,18121.0
1346560,,UnaryDeviceOperation,64,18087.0
2126848,1,UnaryDeviceOperation,64,18045.0
2155520,1,UnaryDeviceOperation,64,18043.0
1840128,1,UnaryDeviceOperation,64,18032.0
1610752,1,UnaryDeviceOperation,64,17992.0
801792,,UnaryDeviceOperation,64,17991.0
830464,,UnaryDeviceOperation,64,17907.0
973824,,UnaryDeviceOperation,64,17833.0
859136,,UnaryDeviceOperation,64,17824.0
1375232,,UnaryDeviceOperation,64,17783.0
695296,,ReshapeViewDeviceOperation,64,16686.0
1532928,1,ReshapeViewDeviceOperation,64,16434.0
931840,,RotaryEmbeddingDeviceOperation,32,15815.0
817152,,RotaryEmbeddingDeviceOperation,32,15754.0
759808,,RotaryEmbeddingDeviceOperation,32,15708.0
1419264,,RotaryEmbeddingDeviceOperation,32,15690.0
1046528,,RotaryEmbeddingDeviceOperation,32,15687.0
1156096,,RotaryEmbeddingDeviceOperation,32,15650.0
711680,,RotaryEmbeddingDeviceOperation,32,15645.0
874496,,RotaryEmbeddingDeviceOperation,32,15619.0
1275904,,RotaryEmbeddingDeviceOperation,32,15576.0
754688,,RotaryEmbeddingDeviceOperation,32,15560.0
926720,,RotaryEmbeddingDeviceOperation,32,15558.0
1270784,,RotaryEmbeddingDeviceOperation,32,15558.0
840704,,RotaryEmbeddingDeviceOperation,32,15496.0
898048,,RotaryEmbeddingDeviceOperation,32,15490.0
1299456,,RotaryEmbeddingDeviceOperation,32,15488.0
955392,,RotaryEmbeddingDeviceOperation,32,15487.0
1328128,,RotaryEmbeddingDeviceOperation,32,15472.0
1012736,,RotaryEmbeddingDeviceOperation,32,15466.0
960512,,RotaryEmbeddingDeviceOperation,32,15460.0
1218560,,RotaryEmbeddingDeviceOperation,32,15457.0
1356800,,RotaryEmbeddingDeviceOperation,32,15456.0
812032,,RotaryEmbeddingDeviceOperation,32,15442.0
1161216,,RotaryEmbeddingDeviceOperation,32,15441.0
1242112,,RotaryEmbeddingDeviceOperation,32,15436.0
1075200,,RotaryEmbeddingDeviceOperation,32,15430.0
1505280,,RotaryEmbeddingDeviceOperation,32,15424.0
903168,,RotaryEmbeddingDeviceOperation,32,15409.0
1247232,,RotaryEmbeddingDeviceOperation,32,15395.0
984064,,RotaryEmbeddingDeviceOperation,32,15391.0
1361920,,RotaryEmbeddingDeviceOperation,32,15388.0
989184,,RotaryEmbeddingDeviceOperation,32,15369.0
723968,,RotaryEmbeddingDeviceOperation,32,15357.0
1213440,,RotaryEmbeddingDeviceOperation,32,15355.0
1132544,,RotaryEmbeddingDeviceOperation,32,15349.0
1442816,,RotaryEmbeddingDeviceOperation,32,15347.0
1184768,,RotaryEmbeddingDeviceOperation,32,15342.0
1333248,,RotaryEmbeddingDeviceOperation,32,15326.0
1414144,,RotaryEmbeddingDeviceOperation,32,15313.0
1304576,,RotaryEmbeddingDeviceOperation,32,15310.0
1500160,,RotaryEmbeddingDeviceOperation,32,15303.0
1390592,,RotaryEmbeddingDeviceOperation,32,15282.0
783360,,RotaryEmbeddingDeviceOperation,32,15272.0
1127424,,RotaryEmbeddingDeviceOperation,32,15260.0
845824,,RotaryEmbeddingDeviceOperation,32,15232.0
1385472,,RotaryEmbeddingDeviceOperation,32,15217.0
1098752,,RotaryEmbeddingDeviceOperation,32,15206.0
1041408,,RotaryEmbeddingDeviceOperation,32,15205.0
1189888,,RotaryEmbeddingDeviceOperation,32,15143.0
1471488,,RotaryEmbeddingDeviceOperation,32,15132.0
788480,,RotaryEmbeddingDeviceOperation,32,15101.0
1017856,,RotaryEmbeddingDeviceOperation,32,15081.0
1447936,,RotaryEmbeddingDeviceOperation,32,15075.0
1476608,,RotaryEmbeddingDeviceOperation,32,15074.0
1070080,,RotaryEmbeddingDeviceOperation,32,15057.0
1103872,,RotaryEmbeddingDeviceOperation,32,15046.0
869376,,RotaryEmbeddingDeviceOperation,32,14858.0
1850368,1,RotaryEmbeddingDeviceOperation,32,14141.0
1558528,1,TilizeWithValPaddingDeviceOperation,32,14073.0
2223104,1,RotaryEmbeddingDeviceOperation,32,13994.0
720896,,TilizeWithValPaddingDeviceOperation,32,13966.0
1707008,1,RotaryEmbeddingDeviceOperation,32,13898.0
1965056,1,RotaryEmbeddingDeviceOperation,32,13788.0
1620992,1,RotaryEmbeddingDeviceOperation,32,13763.0
1993728,1,RotaryEmbeddingDeviceOperation,32,13743.0
2108416,1,RotaryEmbeddingDeviceOperation,32,13732.0
1649664,1,RotaryEmbeddingDeviceOperation,32,13610.0
1907712,1,RotaryEmbeddingDeviceOperation,32,13603.0
2280448,1,RotaryEmbeddingDeviceOperation,32,13591.0
1735680,1,RotaryEmbeddingDeviceOperation,32,13570.0
2051072,1,RotaryEmbeddingDeviceOperation,32,13487.0
2165760,1,RotaryEmbeddingDeviceOperation,32,13369.0
2194432,1,RotaryEmbeddingDeviceOperation,32,13353.0
1592320,1,RotaryEmbeddingDeviceOperation,32,13193.0
1821696,1,RotaryEmbeddingDeviceOperation,32,13193.0
1678336,1,RotaryEmbeddingDeviceOperation,32,13114.0
2251776,1,RotaryEmbeddingDeviceOperation,32,12924.0
2079744,1,RotaryEmbeddingDeviceOperation,32,12915.0
2309120,1,RotaryEmbeddingDeviceOperation,32,12893.0
1936384,1,RotaryEmbeddingDeviceOperation,32,12891.0
2337792,1,RotaryEmbeddingDeviceOperation,32,12742.0
1549312,1,RotaryEmbeddingDeviceOperation,32,12700.0
1941504,1,RotaryEmbeddingDeviceOperation,32,12569.0
2022400,1,RotaryEmbeddingDeviceOperation,32,12543.0
1561600,1,RotaryEmbeddingDeviceOperation,32,12527.0
1712128,1,RotaryEmbeddingDeviceOperation,32,12508.0
1764352,1,RotaryEmbeddingDeviceOperation,32,12501.0
689152,,TilizeWithValPaddingDeviceOperation,48,12453.0
1879040,1,RotaryEmbeddingDeviceOperation,32,12429.0
2137088,1,RotaryEmbeddingDeviceOperation,32,12429.0
1740800,1,RotaryEmbeddingDeviceOperation,32,12377.0
1793024,1,RotaryEmbeddingDeviceOperation,32,12375.0
2314240,1,RotaryEmbeddingDeviceOperation,32,12320.0
510976,,TilizeWithValPaddingDeviceOperation,48,12301.0
1884160,1,RotaryEmbeddingDeviceOperation,32,12233.0
2170880,1,RotaryEmbeddingDeviceOperation,32,12208.0
433152,,TilizeWithValPaddingDeviceOperation,48,12176.0
1970176,1,RotaryEmbeddingDeviceOperation,32,12138.0
1654784,1,RotaryEmbeddingDeviceOperation,32,12122.0
1683456,1,RotaryEmbeddingDeviceOperation,32,12109.0
2142208,1,RotaryEmbeddingDeviceOperation,32,12087.0
2342912,1,RotaryEmbeddingDeviceOperation,32,12071.0
381952,,TilizeWithValPaddingDeviceOperation,48,12064.0
1826816,1,RotaryEmbeddingDeviceOperation,32,12057.0
267264,,TilizeWithValPaddingDeviceOperation,48,12041.0
2113536,1,RotaryEmbeddingDeviceOperation,32,12029.0
2199552,1,RotaryEmbeddingDeviceOperation,32,12028.0
1626112,1,RotaryEmbeddingDeviceOperation,32,11998.0
187392,,TilizeWithValPaddingDeviceOperation,48,11993.0
2084864,1,RotaryEmbeddingDeviceOperation,32,11989.0
1855488,1,RotaryEmbeddingDeviceOperation,32,11981.0
551936,,TilizeWithValPaddingDeviceOperation,48,11977.0
1565696,1,TilizeWithValPaddingDeviceOperation,32,11949.0
629760,,TilizeWithValPaddingDeviceOperation,48,11931.0
285696,,TilizeWithValPaddingDeviceOperation,48,11915.0
336896,,TilizeWithValPaddingDeviceOperation,48,11912.0
396288,,TilizeWithValPaddingDeviceOperation,48,11904.0
1769472,1,RotaryEmbeddingDeviceOperation,32,11902.0
525312,,TilizeWithValPaddingDeviceOperation,48,11894.0
252928,,TilizeWithValPaddingDeviceOperation,48,11879.0
1597440,1,RotaryEmbeddingDeviceOperation,32,11867.0
2228224,1,RotaryEmbeddingDeviceOperation,32,11855.0
470016,,TilizeWithValPaddingDeviceOperation,48,11854.0
674816,,TilizeWithValPaddingDeviceOperation,48,11847.0
2256896,1,RotaryEmbeddingDeviceOperation,32,11841.0
234496,,TilizeWithValPaddingDeviceOperation,48,11833.0
728064,,TilizeWithValPaddingDeviceOperation,32,11800.0
2285568,1,RotaryEmbeddingDeviceOperation,32,11789.0
1798144,1,RotaryEmbeddingDeviceOperation,32,11780.0
588800,,TilizeWithValPaddingDeviceOperation,48,11779.0
318464,,TilizeWithValPaddingDeviceOperation,48,11764.0
2056192,1,RotaryEmbeddingDeviceOperation,32,11756.0
220160,,TilizeWithValPaddingDeviceOperation,48,11751.0
1998848,1,RotaryEmbeddingDeviceOperation,32,11738.0
648192,,TilizeWithValPaddingDeviceOperation,48,11731.0
2027520,1,RotaryEmbeddingDeviceOperation,32,11719.0
359424,,TilizeWithValPaddingDeviceOperation,48,11700.0
603136,,TilizeWithValPaddingDeviceOperation,48,11700.0
300032,,TilizeWithValPaddingDeviceOperation,48,11694.0
455680,,TilizeWithValPaddingDeviceOperation,48,11657.0
201728,,TilizeWithValPaddingDeviceOperation,48,11630.0
574464,,TilizeWithValPaddingDeviceOperation,48,11627.0
1912832,1,RotaryEmbeddingDeviceOperation,32,11559.0
418816,,TilizeWithValPaddingDeviceOperation,48,11551.0
496640,,TilizeWithValPaddingDeviceOperation,48,11549.0
732160,,FillPadDeviceOperation,64,11114.0
1569792,1,FillPadDeviceOperation,64,11055.0
231424,,UntilizeWithUnpaddingDeviceOperation,1,10031.0
184320,,UntilizeWithUnpaddingDeviceOperation,1,9954.0
571392,,UntilizeWithUnpaddingDeviceOperation,1,9939.0
453632,,UntilizeWithUnpaddingDeviceOperation,1,9925.0
687104,,UntilizeWithUnpaddingDeviceOperation,1,9922.0
646144,,UntilizeWithUnpaddingDeviceOperation,1,9921.0
549888,,UntilizeWithUnpaddingDeviceOperation,1,9907.0
282624,,UntilizeWithUnpaddingDeviceOperation,1,9812.0
316416,,UntilizeWithUnpaddingDeviceOperation,1,9780.0
334848,,UntilizeWithUnpaddingDeviceOperation,1,9769.0
627712,,UntilizeWithUnpaddingDeviceOperation,1,9757.0
1564672,1,RepeatDeviceOperation,64,9749.0
356352,,UntilizeWithUnpaddingDeviceOperation,1,9739.0
467968,,UntilizeWithUnpaddingDeviceOperation,1,9731.0
416768,,UntilizeWithUnpaddingDeviceOperation,1,9720.0
572416,,UntilizeWithUnpaddingDeviceOperation,1,9718.0
734208,,BinaryNgDeviceOperation,64,9710.0
199680,,UntilizeWithUnpaddingDeviceOperation,1,9703.0
378880,,UntilizeWithUnpaddingDeviceOperation,1,9701.0
507904,,UntilizeWithUnpaddingDeviceOperation,1,9701.0
264192,,UntilizeWithUnpaddingDeviceOperation,1,9697.0
185344,,UntilizeWithUnpaddingDeviceOperation,1,9696.0
217088,,UntilizeWithUnpaddingDeviceOperation,1,9690.0
586752,,UntilizeWithUnpaddingDeviceOperation,1,9687.0
686080,,UntilizeWithUnpaddingDeviceOperation,1,9678.0
379904,,UntilizeWithUnpaddingDeviceOperation,1,9671.0
626688,,UntilizeWithUnpaddingDeviceOperation,1,9664.0
494592,,UntilizeWithUnpaddingDeviceOperation,1,9662.0
431104,,UntilizeWithUnpaddingDeviceOperation,1,9651.0
296960,,UntilizeWithUnpaddingDeviceOperation,1,9645.0
466944,,UntilizeWithUnpaddingDeviceOperation,1,9633.0
508928,,UntilizeWithUnpaddingDeviceOperation,1,9631.0
315392,,UntilizeWithUnpaddingDeviceOperation,1,9618.0
600064,,UntilizeWithUnpaddingDeviceOperation,1,9618.0
415744,,UntilizeWithUnpaddingDeviceOperation,1,9608.0
430080,,UntilizeWithUnpaddingDeviceOperation,1,9599.0
522240,,UntilizeWithUnpaddingDeviceOperation,1,9592.0
601088,,UntilizeWithUnpaddingDeviceOperation,1,9590.0
645120,,UntilizeWithUnpaddingDeviceOperation,1,9545.0
672768,,UntilizeWithUnpaddingDeviceOperation,1,9534.0
283648,,UntilizeWithUnpaddingDeviceOperation,1,9523.0
393216,,UntilizeWithUnpaddingDeviceOperation,1,9520.0
218112,,UntilizeWithUnpaddingDeviceOperation,1,9512.0
232448,,UntilizeWithUnpaddingDeviceOperation,1,9510.0
265216,,UntilizeWithUnpaddingDeviceOperation,1,9500.0
297984,,UntilizeWithUnpaddingDeviceOperation,1,9494.0
357376,,UntilizeWithUnpaddingDeviceOperation,1,9494.0
523264,,UntilizeWithUnpaddingDeviceOperation,1,9488.0
585728,,UntilizeWithUnpaddingDeviceOperation,1,9487.0
671744,,UntilizeWithUnpaddingDeviceOperation,1,9483.0
249856,,UntilizeWithUnpaddingDeviceOperation,1,9482.0
452608,,UntilizeWithUnpaddingDeviceOperation,1,9482.0
198656,,UntilizeWithUnpaddingDeviceOperation,1,9465.0
493568,,UntilizeWithUnpaddingDeviceOperation,1,9465.0
727040,,RepeatDeviceOperation,64,9460.0
250880,,UntilizeWithUnpaddingDeviceOperation,1,9455.0
394240,,UntilizeWithUnpaddingDeviceOperation,1,9452.0
333824,,UntilizeWithUnpaddingDeviceOperation,1,9449.0
548864,,UntilizeWithUnpaddingDeviceOperation,1,9433.0
2049024,1,PagedUpdateCacheDeviceOperation,32,9341.0
1211392,,PagedUpdateCacheDeviceOperation,32,9309.0
2082816,1,PagedUpdateCacheDeviceOperation,32,9296.0
1024,,TilizeWithValPaddingDeviceOperation,56,9258.0
2312192,1,PagedUpdateCacheDeviceOperation,32,9208.0
1154048,,PagedUpdateCacheDeviceOperation,32,9184.0
2340864,1,PagedUpdateCacheDeviceOperation,32,9175.0
1469440,,PagedUpdateCacheDeviceOperation,32,9118.0
1882112,1,PagedUpdateCacheDeviceOperation,32,9115.0
958464,,PagedUpdateCacheDeviceOperation,32,9107.0
714752,,PagedUpdateCacheDeviceOperation,32,9098.0
2054144,1,PagedUpdateCacheDeviceOperation,32,9097.0
2226176,1,PagedUpdateCacheDeviceOperation,32,9089.0
1010688,,PagedUpdateCacheDeviceOperation,32,9084.0
781312,,PagedUpdateCacheDeviceOperation,32,9083.0
1125376,,PagedUpdateCacheDeviceOperation,32,9042.0
1383424,,PagedUpdateCacheDeviceOperation,32,9042.0
1044480,,PagedUpdateCacheDeviceOperation,32,9014.0
1359872,,PagedUpdateCacheDeviceOperation,32,9004.0
569344,,TilizeWithValPaddingDeviceOperation,56,8980.0
1302528,,PagedUpdateCacheDeviceOperation,32,8975.0
2140160,1,PagedUpdateCacheDeviceOperation,32,8946.0
1996800,1,PagedUpdateCacheDeviceOperation,32,8937.0
1182720,,PagedUpdateCacheDeviceOperation,32,8931.0
1039360,,PagedUpdateCacheDeviceOperation,32,8915.0
1853440,1,PagedUpdateCacheDeviceOperation,32,8899.0
87040,,TilizeWithValPaddingDeviceOperation,56,8893.0
520192,,TilizeWithValPaddingDeviceOperation,56,8888.0
1440768,,PagedUpdateCacheDeviceOperation,32,8884.0
160768,,TilizeWithValPaddingDeviceOperation,56,8882.0
982016,,PagedUpdateCacheDeviceOperation,32,8882.0
1681408,1,PagedUpdateCacheDeviceOperation,32,8875.0
1216512,,PagedUpdateCacheDeviceOperation,32,8874.0
1910784,1,PagedUpdateCacheDeviceOperation,32,8871.0
1068032,,PagedUpdateCacheDeviceOperation,32,8857.0
1354752,,PagedUpdateCacheDeviceOperation,32,8853.0
1624064,1,PagedUpdateCacheDeviceOperation,32,8853.0
79872,,TilizeWithValPaddingDeviceOperation,56,8851.0
73728,,TilizeWithValPaddingDeviceOperation,56,8850.0
1388544,,PagedUpdateCacheDeviceOperation,32,8850.0
896000,,PagedUpdateCacheDeviceOperation,32,8849.0
24576,,TilizeWithValPaddingDeviceOperation,56,8847.0
1096704,,PagedUpdateCacheDeviceOperation,32,8845.0
1571840,1,BinaryNgDeviceOperation,64,8837.0
1101824,,PagedUpdateCacheDeviceOperation,32,8828.0
1796096,1,PagedUpdateCacheDeviceOperation,32,8822.0
2168832,1,PagedUpdateCacheDeviceOperation,32,8817.0
583680,,TilizeWithValPaddingDeviceOperation,56,8803.0
786432,,PagedUpdateCacheDeviceOperation,32,8802.0
450560,,TilizeWithValPaddingDeviceOperation,56,8798.0
867328,,PagedUpdateCacheDeviceOperation,32,8798.0
1268736,,PagedUpdateCacheDeviceOperation,32,8797.0
953344,,PagedUpdateCacheDeviceOperation,32,8795.0
1767424,1,PagedUpdateCacheDeviceOperation,32,8793.0
44032,,TilizeWithValPaddingDeviceOperation,56,8792.0
2106368,1,PagedUpdateCacheDeviceOperation,32,8787.0
1738752,1,PagedUpdateCacheDeviceOperation,32,8786.0
1187840,,PagedUpdateCacheDeviceOperation,32,8784.0
7168,,TilizeWithValPaddingDeviceOperation,56,8781.0
598016,,TilizeWithValPaddingDeviceOperation,56,8775.0
1710080,1,PagedUpdateCacheDeviceOperation,32,8770.0
130048,,TilizeWithValPaddingDeviceOperation,56,8765.0
148480,,TilizeWithValPaddingDeviceOperation,56,8765.0
929792,,PagedUpdateCacheDeviceOperation,32,8764.0
99328,,TilizeWithValPaddingDeviceOperation,56,8762.0
815104,,PagedUpdateCacheDeviceOperation,32,8757.0
1159168,,PagedUpdateCacheDeviceOperation,32,8752.0
1474560,,PagedUpdateCacheDeviceOperation,32,8751.0
1939456,1,PagedUpdateCacheDeviceOperation,32,8750.0
1503232,,PagedUpdateCacheDeviceOperation,32,8749.0
153600,,TilizeWithValPaddingDeviceOperation,56,8747.0
147456,,TilizeWithValPaddingDeviceOperation,56,8746.0
1498112,,PagedUpdateCacheDeviceOperation,32,8742.0
624640,,TilizeWithValPaddingDeviceOperation,56,8739.0
1331200,,PagedUpdateCacheDeviceOperation,32,8734.0
98304,,TilizeWithValPaddingDeviceOperation,56,8731.0
1326080,,PagedUpdateCacheDeviceOperation,32,8728.0
1240064,,PagedUpdateCacheDeviceOperation,32,8727.0
987136,,PagedUpdateCacheDeviceOperation,32,8724.0
1073152,,PagedUpdateCacheDeviceOperation,32,8719.0
105472,,TilizeWithValPaddingDeviceOperation,56,8718.0
901120,,PagedUpdateCacheDeviceOperation,32,8718.0
2307072,1,PagedUpdateCacheDeviceOperation,32,8718.0
50176,,TilizeWithValPaddingDeviceOperation,56,8715.0
757760,,PagedUpdateCacheDeviceOperation,32,8713.0
643072,,TilizeWithValPaddingDeviceOperation,56,8707.0
1934336,1,PagedUpdateCacheDeviceOperation,32,8702.0
1412096,,PagedUpdateCacheDeviceOperation,32,8699.0
1824768,1,PagedUpdateCacheDeviceOperation,32,8698.0
1130496,,PagedUpdateCacheDeviceOperation,32,8693.0
142336,,TilizeWithValPaddingDeviceOperation,56,8685.0
413696,,TilizeWithValPaddingDeviceOperation,56,8681.0
215040,,TilizeWithValPaddingDeviceOperation,56,8677.0
43008,,TilizeWithValPaddingDeviceOperation,56,8671.0
111616,,TilizeWithValPaddingDeviceOperation,56,8671.0
1273856,,PagedUpdateCacheDeviceOperation,32,8671.0
93184,,TilizeWithValPaddingDeviceOperation,56,8670.0
61440,,TilizeWithValPaddingDeviceOperation,56,8667.0
182272,,TilizeWithValPaddingDeviceOperation,56,8664.0
2111488,1,PagedUpdateCacheDeviceOperation,32,8664.0
843776,,PagedUpdateCacheDeviceOperation,32,8660.0
159744,,TilizeWithValPaddingDeviceOperation,56,8659.0
331776,,TilizeWithValPaddingDeviceOperation,56,8655.0
30720,,TilizeWithValPaddingDeviceOperation,56,8654.0
262144,,TilizeWithValPaddingDeviceOperation,56,8653.0
13312,,TilizeWithValPaddingDeviceOperation,56,8652.0
1652736,1,PagedUpdateCacheDeviceOperation,32,8645.0
196608,,TilizeWithValPaddingDeviceOperation,56,8643.0
546816,,TilizeWithValPaddingDeviceOperation,56,8643.0
701440,,PagedUpdateCacheDeviceOperation,32,8643.0
136192,,TilizeWithValPaddingDeviceOperation,56,8642.0
280576,,TilizeWithValPaddingDeviceOperation,56,8640.0
117760,,TilizeWithValPaddingDeviceOperation,56,8634.0
752640,,PagedUpdateCacheDeviceOperation,32,8634.0
1015808,,PagedUpdateCacheDeviceOperation,32,8631.0
135168,,TilizeWithValPaddingDeviceOperation,56,8629.0
1991680,1,PagedUpdateCacheDeviceOperation,32,8622.0
123904,,TilizeWithValPaddingDeviceOperation,56,8614.0
104448,,TilizeWithValPaddingDeviceOperation,56,8613.0
19456,,TilizeWithValPaddingDeviceOperation,56,8610.0
872448,,PagedUpdateCacheDeviceOperation,32,8608.0
25600,,TilizeWithValPaddingDeviceOperation,56,8605.0
924672,,PagedUpdateCacheDeviceOperation,32,8603.0
166912,,TilizeWithValPaddingDeviceOperation,56,8602.0
229376,,TilizeWithValPaddingDeviceOperation,56,8602.0
86016,,TilizeWithValPaddingDeviceOperation,56,8591.0
56320,,TilizeWithValPaddingDeviceOperation,56,8589.0
122880,,TilizeWithValPaddingDeviceOperation,56,8587.0
838656,,PagedUpdateCacheDeviceOperation,32,8587.0
1297408,,PagedUpdateCacheDeviceOperation,32,8587.0
12288,,TilizeWithValPaddingDeviceOperation,56,8586.0
809984,,PagedUpdateCacheDeviceOperation,32,8586.0
1445888,,PagedUpdateCacheDeviceOperation,32,8586.0
1245184,,PagedUpdateCacheDeviceOperation,32,8585.0
49152,,TilizeWithValPaddingDeviceOperation,56,8573.0
247808,,TilizeWithValPaddingDeviceOperation,56,8572.0
684032,,TilizeWithValPaddingDeviceOperation,56,8567.0
36864,,TilizeWithValPaddingDeviceOperation,56,8564.0
74752,,TilizeWithValPaddingDeviceOperation,56,8560.0
428032,,TilizeWithValPaddingDeviceOperation,56,8555.0
1417216,,PagedUpdateCacheDeviceOperation,32,8553.0
391168,,TilizeWithValPaddingDeviceOperation,56,8550.0
294912,,TilizeWithValPaddingDeviceOperation,56,8544.0
172032,,TilizeWithValPaddingDeviceOperation,56,8539.0
376832,,TilizeWithValPaddingDeviceOperation,56,8536.0
165888,,TilizeWithValPaddingDeviceOperation,56,8530.0
173056,,TilizeWithValPaddingDeviceOperation,56,8529.0
1647616,1,PagedUpdateCacheDeviceOperation,32,8525.0
464896,,TilizeWithValPaddingDeviceOperation,56,8524.0
1552384,1,PagedUpdateCacheDeviceOperation,32,8520.0
1539072,1,PagedUpdateCacheDeviceOperation,32,8516.0
141312,,TilizeWithValPaddingDeviceOperation,56,8510.0
1676288,1,PagedUpdateCacheDeviceOperation,32,8500.0
154624,,TilizeWithValPaddingDeviceOperation,56,8499.0
68608,,TilizeWithValPaddingDeviceOperation,56,8498.0
1968128,1,PagedUpdateCacheDeviceOperation,32,8497.0
6144,,TilizeWithValPaddingDeviceOperation,56,8496.0
129024,,TilizeWithValPaddingDeviceOperation,56,8491.0
80896,,TilizeWithValPaddingDeviceOperation,56,8472.0
37888,,TilizeWithValPaddingDeviceOperation,56,8463.0
1595392,1,PagedUpdateCacheDeviceOperation,32,8459.0
31744,,TilizeWithValPaddingDeviceOperation,56,8452.0
67584,,TilizeWithValPaddingDeviceOperation,56,8450.0
2192384,1,PagedUpdateCacheDeviceOperation,32,8443.0
92160,,TilizeWithValPaddingDeviceOperation,56,8439.0
2283520,1,PagedUpdateCacheDeviceOperation,32,8439.0
354304,,TilizeWithValPaddingDeviceOperation,56,8435.0
1762304,1,PagedUpdateCacheDeviceOperation,32,8435.0
1590272,1,PagedUpdateCacheDeviceOperation,32,8421.0
1963008,1,PagedUpdateCacheDeviceOperation,32,8421.0
18432,,TilizeWithValPaddingDeviceOperation,56,8420.0
116736,,TilizeWithValPaddingDeviceOperation,56,8416.0
505856,,TilizeWithValPaddingDeviceOperation,56,8406.0
55296,,TilizeWithValPaddingDeviceOperation,56,8402.0
2254848,1,PagedUpdateCacheDeviceOperation,32,8401.0
62464,,TilizeWithValPaddingDeviceOperation,56,8400.0
669696,,TilizeWithValPaddingDeviceOperation,56,8391.0
1704960,1,PagedUpdateCacheDeviceOperation,32,8381.0
491520,,TilizeWithValPaddingDeviceOperation,56,8373.0
2278400,1,PagedUpdateCacheDeviceOperation,32,8371.0
2135040,1,PagedUpdateCacheDeviceOperation,32,8359.0
313344,,TilizeWithValPaddingDeviceOperation,56,8339.0
2025472,1,PagedUpdateCacheDeviceOperation,32,8339.0
1848320,1,PagedUpdateCacheDeviceOperation,32,8329.0
2335744,1,PagedUpdateCacheDeviceOperation,32,8318.0
110592,,TilizeWithValPaddingDeviceOperation,56,8316.0
2020352,1,PagedUpdateCacheDeviceOperation,32,8293.0
2197504,1,PagedUpdateCacheDeviceOperation,32,8288.0
1618944,1,PagedUpdateCacheDeviceOperation,32,8287.0
2077696,1,PagedUpdateCacheDeviceOperation,32,8287.0
1905664,1,PagedUpdateCacheDeviceOperation,32,8279.0
2163712,1,PagedUpdateCacheDeviceOperation,32,8274.0
2221056,1,PagedUpdateCacheDeviceOperation,32,8258.0
1790976,1,PagedUpdateCacheDeviceOperation,32,8245.0
1819648,1,PagedUpdateCacheDeviceOperation,32,8214.0
1733632,1,PagedUpdateCacheDeviceOperation,32,8198.0
1876992,1,PagedUpdateCacheDeviceOperation,32,8187.0
2249728,1,PagedUpdateCacheDeviceOperation,32,8160.0
733184,,ReduceDeviceOperation,32,7954.0
726016,,UntilizeWithUnpaddingDeviceOperation,32,7948.0
1570816,1,ReduceDeviceOperation,32,7666.0
1563648,1,UntilizeWithUnpaddingDeviceOperation,32,6953.0
2204672,1,TypecastDeviceOperation,64,6741.0
1541120,1,TilizeWithValPaddingDeviceOperation,1,6666.0
690176,,TilizeWithValPaddingDeviceOperation,1,6649.0
703488,,TilizeWithValPaddingDeviceOperation,1,6648.0
692224,,TilizeWithValPaddingDeviceOperation,1,6639.0
1529856,1,TilizeWithValPaddingDeviceOperation,1,6634.0
2235392,1,NLPConcatHeadsDecodeDeviceOperation,28,6623.0
1553408,1,TilizeWithValPaddingDeviceOperation,1,6590.0
1946624,1,TypecastDeviceOperation,64,6589.0
1715200,1,TypecastDeviceOperation,64,6583.0
1527808,1,TilizeWithValPaddingDeviceOperation,1,6582.0
963584,,TypecastDeviceOperation,64,6554.0
715776,,TilizeWithValPaddingDeviceOperation,1,6546.0
738304,,NLPConcatHeadsDecodeDeviceOperation,28,6524.0
1690624,1,NLPConcatHeadsDecodeDeviceOperation,28,6519.0
2030592,1,TypecastDeviceOperation,64,6498.0
1977344,1,NLPConcatHeadsDecodeDeviceOperation,28,6483.0
1920000,1,NLPConcatHeadsDecodeDeviceOperation,28,6482.0
992256,,TypecastDeviceOperation,64,6472.0
1397760,,NLPConcatHeadsDecodeDeviceOperation,28,6448.0
1111040,,NLPConcatHeadsDecodeDeviceOperation,28,6443.0
1455104,,NLPConcatHeadsDecodeDeviceOperation,28,6436.0
1747968,1,NLPConcatHeadsDecodeDeviceOperation,28,6434.0
1314816,,BinaryNgDeviceOperation,64,6431.0
1025024,,NLPConcatHeadsDecodeDeviceOperation,28,6427.0
1082368,,NLPConcatHeadsDecodeDeviceOperation,28,6427.0
1688576,1,TypecastDeviceOperation,64,6424.0
910336,,NLPConcatHeadsDecodeDeviceOperation,28,6419.0
1600512,1,TypecastDeviceOperation,64,6417.0
2149376,1,NLPConcatHeadsDecodeDeviceOperation,28,6415.0
1973248,1,TypecastDeviceOperation,64,6407.0
1139712,,NLPConcatHeadsDecodeDeviceOperation,28,6399.0
1483776,,NLPConcatHeadsDecodeDeviceOperation,28,6398.0
852992,,NLPConcatHeadsDecodeDeviceOperation,28,6394.0
939008,,NLPConcatHeadsDecodeDeviceOperation,28,6392.0
881664,,NLPConcatHeadsDecodeDeviceOperation,28,6390.0
2061312,1,TypecastDeviceOperation,64,6388.0
1283072,,NLPConcatHeadsDecodeDeviceOperation,28,6387.0
996352,,NLPConcatHeadsDecodeDeviceOperation,28,6384.0
1197056,,NLPConcatHeadsDecodeDeviceOperation,28,6384.0
766976,,NLPConcatHeadsDecodeDeviceOperation,28,6377.0
824320,,NLPConcatHeadsDecodeDeviceOperation,28,6377.0
1020928,,TypecastDeviceOperation,64,6370.0
967680,,NLPConcatHeadsDecodeDeviceOperation,28,6369.0
1225728,,NLPConcatHeadsDecodeDeviceOperation,28,6365.0
1340416,,NLPConcatHeadsDecodeDeviceOperation,28,6365.0
2290688,1,TypecastDeviceOperation,64,6365.0
1053696,,NLPConcatHeadsDecodeDeviceOperation,28,6363.0
1369088,,NLPConcatHeadsDecodeDeviceOperation,28,6362.0
1049600,,TypecastDeviceOperation,64,6360.0
1254400,,NLPConcatHeadsDecodeDeviceOperation,28,6349.0
965632,,TypecastDeviceOperation,64,6347.0
1426432,,NLPConcatHeadsDecodeDeviceOperation,28,6345.0
1512448,,NLPConcatHeadsDecodeDeviceOperation,28,6331.0
1168384,,NLPConcatHeadsDecodeDeviceOperation,28,6330.0
2264064,1,NLPConcatHeadsDecodeDeviceOperation,28,6327.0
1311744,,NLPConcatHeadsDecodeDeviceOperation,28,6324.0
795648,,NLPConcatHeadsDecodeDeviceOperation,28,6321.0
1568768,1,TypecastDeviceOperation,64,6317.0
1195008,,TypecastDeviceOperation,64,6312.0
1114112,,BinaryNgDeviceOperation,64,6310.0
908288,,TypecastDeviceOperation,64,6297.0
1776640,1,NLPConcatHeadsDecodeDeviceOperation,28,6290.0
791552,,TypecastDeviceOperation,64,6280.0
1078272,,TypecastDeviceOperation,64,6276.0
999424,,BinaryNgDeviceOperation,64,6275.0
1948672,1,NLPConcatHeadsDecodeDeviceOperation,28,6260.0
1559552,1,TypecastDeviceOperation,64,6245.0
1028096,,BinaryNgDeviceOperation,64,6242.0
1522688,,BinaryNgDeviceOperation,64,6240.0
2006016,1,NLPConcatHeadsDecodeDeviceOperation,28,6228.0
1858560,1,TypecastDeviceOperation,64,6227.0
850944,,TypecastDeviceOperation,64,6225.0
1228800,,BinaryNgDeviceOperation,64,6225.0
2173952,1,TypecastDeviceOperation,64,6225.0
1200128,,BinaryNgDeviceOperation,64,6220.0
2145280,1,TypecastDeviceOperation,64,6214.0
1510400,,TypecastDeviceOperation,64,6212.0
1336320,,TypecastDeviceOperation,64,6211.0
1479680,,TypecastDeviceOperation,64,6201.0
1422336,,TypecastDeviceOperation,64,6182.0
1364992,,TypecastDeviceOperation,64,6170.0
2231296,1,TypecastDeviceOperation,64,6170.0
877568,,TypecastDeviceOperation,64,6164.0
1135616,,TypecastDeviceOperation,64,6160.0
1278976,,TypecastDeviceOperation,64,6160.0
906240,,TypecastDeviceOperation,64,6158.0
741376,,BinaryNgDeviceOperation,64,6155.0
2319360,1,TypecastDeviceOperation,64,6146.0
1486848,,BinaryNgDeviceOperation,64,6142.0
1343488,,BinaryNgDeviceOperation,64,6138.0
1661952,1,NLPConcatHeadsDecodeDeviceOperation,28,6124.0
2321408,1,NLPConcatHeadsDecodeDeviceOperation,28,6124.0
2178048,1,NLPConcatHeadsDecodeDeviceOperation,28,6122.0
798720,,BinaryNgDeviceOperation,64,6121.0
920576,,BinaryNgDeviceOperation,64,6120.0
1137664,,TypecastDeviceOperation,64,6119.0
1149952,,BinaryNgDeviceOperation,64,6118.0
1250304,,TypecastDeviceOperation,64,6115.0
1436672,,BinaryNgDeviceOperation,64,6103.0
1657856,1,TypecastDeviceOperation,64,6101.0
2092032,1,NLPConcatHeadsDecodeDeviceOperation,28,6101.0
936960,,TypecastDeviceOperation,64,6096.0
1257472,,BinaryNgDeviceOperation,64,6095.0
1891328,1,NLPConcatHeadsDecodeDeviceOperation,28,6094.0
1602560,1,TypecastDeviceOperation,64,6088.0
1481728,,TypecastDeviceOperation,64,6082.0
1379328,,BinaryNgDeviceOperation,64,6079.0
1085440,,BinaryNgDeviceOperation,64,6072.0
1575936,1,NLPConcatHeadsDecodeDeviceOperation,28,6064.0
1860608,1,TypecastDeviceOperation,64,6062.0
1309696,,TypecastDeviceOperation,64,6060.0
1917952,1,TypecastDeviceOperation,64,6059.0
1719296,1,NLPConcatHeadsDecodeDeviceOperation,28,6058.0
1424384,,TypecastDeviceOperation,64,6057.0
913408,,BinaryNgDeviceOperation,64,6056.0
1803264,1,TypecastDeviceOperation,64,6052.0
879616,,TypecastDeviceOperation,64,6041.0
1372160,,BinaryNgDeviceOperation,64,6036.0
1281024,,TypecastDeviceOperation,64,6032.0
934912,,TypecastDeviceOperation,64,6026.0
1429504,,BinaryNgDeviceOperation,64,6022.0
1862656,1,NLPConcatHeadsDecodeDeviceOperation,28,6022.0
1164288,,TypecastDeviceOperation,64,6017.0
1192960,,TypecastDeviceOperation,64,6017.0
2350080,1,NLPConcatHeadsDecodeDeviceOperation,28,6013.0
1056768,,BinaryNgDeviceOperation,64,6011.0
1350656,,BinaryNgDeviceOperation,64,6011.0
770048,,BinaryNgDeviceOperation,64,6008.0
1108992,,TypecastDeviceOperation,64,6007.0
1338368,,TypecastDeviceOperation,64,6003.0
1321984,,BinaryNgDeviceOperation,64,6002.0
1743872,1,TypecastDeviceOperation,64,5999.0
1494016,,BinaryNgDeviceOperation,64,5986.0
1408000,,BinaryNgDeviceOperation,64,5983.0
1080320,,TypecastDeviceOperation,64,5982.0
949248,,BinaryNgDeviceOperation,64,5978.0
2034688,1,NLPConcatHeadsDecodeDeviceOperation,28,5974.0
1717248,1,TypecastDeviceOperation,64,5972.0
834560,,BinaryNgDeviceOperation,64,5971.0
884736,,BinaryNgDeviceOperation,64,5969.0
1395712,,TypecastDeviceOperation,64,5965.0
1887232,1,TypecastDeviceOperation,64,5962.0
764928,,TypecastDeviceOperation,64,5960.0
2348032,1,TypecastDeviceOperation,64,5960.0
970752,,BinaryNgDeviceOperation,64,5942.0
1393664,,TypecastDeviceOperation,64,5939.0
1035264,,BinaryNgDeviceOperation,64,5937.0
1458176,,BinaryNgDeviceOperation,64,5937.0
1092608,,BinaryNgDeviceOperation,64,5933.0
1453056,,TypecastDeviceOperation,64,5931.0
1022976,,TypecastDeviceOperation,64,5927.0
1207296,,BinaryNgDeviceOperation,64,5923.0
1631232,1,TypecastDeviceOperation,64,5921.0
1944576,1,TypecastDeviceOperation,64,5918.0
1166336,,TypecastDeviceOperation,64,5917.0
1805312,1,NLPConcatHeadsDecodeDeviceOperation,28,5917.0
2259968,1,TypecastDeviceOperation,64,5910.0
1833984,1,NLPConcatHeadsDecodeDeviceOperation,28,5904.0
822272,,TypecastDeviceOperation,64,5903.0
1774592,1,TypecastDeviceOperation,64,5903.0
994304,,TypecastDeviceOperation,64,5900.0
2292736,1,NLPConcatHeadsDecodeDeviceOperation,28,5900.0
1915904,1,TypecastDeviceOperation,64,5898.0
1063936,,BinaryNgDeviceOperation,64,5892.0
856064,,BinaryNgDeviceOperation,64,5884.0
1264640,,BinaryNgDeviceOperation,64,5879.0
2288640,1,TypecastDeviceOperation,64,5876.0
977920,,BinaryNgDeviceOperation,64,5873.0
1367040,,TypecastDeviceOperation,64,5870.0
793600,,TypecastDeviceOperation,64,5869.0
2095104,1,BinaryNgDeviceOperation,64,5866.0
1252352,,TypecastDeviceOperation,64,5855.0
1171456,,BinaryNgDeviceOperation,64,5854.0
1629184,1,TypecastDeviceOperation,64,5851.0
736256,,TypecastDeviceOperation,64,5850.0
2206720,1,NLPConcatHeadsDecodeDeviceOperation,28,5843.0
729088,,TypecastDeviceOperation,64,5840.0
777216,,BinaryNgDeviceOperation,64,5840.0
2032640,1,TypecastDeviceOperation,64,5836.0
1400832,,BinaryNgDeviceOperation,64,5833.0
1831936,1,TypecastDeviceOperation,64,5830.0
1221632,,TypecastDeviceOperation,64,5829.0
2001920,1,TypecastDeviceOperation,64,5828.0
1975296,1,TypecastDeviceOperation,64,5827.0
827392,,BinaryNgDeviceOperation,64,5826.0
1051648,,TypecastDeviceOperation,64,5823.0
748544,,BinaryNgDeviceOperation,64,5819.0
1686528,1,TypecastDeviceOperation,64,5810.0
2116608,1,TypecastDeviceOperation,64,5810.0
762880,,TypecastDeviceOperation,64,5809.0
820224,,TypecastDeviceOperation,64,5808.0
1121280,,BinaryNgDeviceOperation,64,5808.0
1633280,1,NLPConcatHeadsDecodeDeviceOperation,28,5808.0
805888,,BinaryNgDeviceOperation,64,5802.0
1293312,,BinaryNgDeviceOperation,64,5794.0
1006592,,BinaryNgDeviceOperation,64,5783.0
2202624,1,TypecastDeviceOperation,64,5773.0
1142784,,BinaryNgDeviceOperation,64,5771.0
2003968,1,TypecastDeviceOperation,64,5769.0
863232,,BinaryNgDeviceOperation,64,5753.0
1286144,,BinaryNgDeviceOperation,64,5740.0
2118656,1,TypecastDeviceOperation,64,5736.0
2147328,1,TypecastDeviceOperation,64,5732.0
1465344,,BinaryNgDeviceOperation,64,5731.0
1829888,1,TypecastDeviceOperation,64,5730.0
2087936,1,TypecastDeviceOperation,64,5729.0
1508352,,TypecastDeviceOperation,64,5719.0
721920,,TypecastDeviceOperation,64,5716.0
2345984,1,TypecastDeviceOperation,64,5716.0
2176000,1,TypecastDeviceOperation,64,5691.0
1889280,1,TypecastDeviceOperation,64,5690.0
1235968,,BinaryNgDeviceOperation,64,5687.0
1223680,,TypecastDeviceOperation,64,5686.0
1801216,1,TypecastDeviceOperation,64,5679.0
1515520,,BinaryNgDeviceOperation,64,5670.0
1307648,,TypecastDeviceOperation,64,5658.0
891904,,BinaryNgDeviceOperation,64,5637.0
2120704,1,NLPConcatHeadsDecodeDeviceOperation,28,5616.0
2063360,1,NLPConcatHeadsDecodeDeviceOperation,28,5605.0
1178624,,BinaryNgDeviceOperation,64,5587.0
848896,,TypecastDeviceOperation,64,5586.0
1573888,1,TypecastDeviceOperation,64,5585.0
942080,,BinaryNgDeviceOperation,64,5583.0
1659904,1,TypecastDeviceOperation,64,5574.0
2324480,1,BinaryNgDeviceOperation,64,5571.0
2059264,1,TypecastDeviceOperation,64,5557.0
731136,,TypecastDeviceOperation,64,5506.0
1604608,1,NLPConcatHeadsDecodeDeviceOperation,28,5502.0
1451008,,TypecastDeviceOperation,64,5500.0
2317312,1,TypecastDeviceOperation,64,5494.0
1745920,1,TypecastDeviceOperation,64,5487.0
1772544,1,TypecastDeviceOperation,64,5475.0
2233344,1,TypecastDeviceOperation,64,5438.0
1106944,,TypecastDeviceOperation,64,5383.0
2262016,1,TypecastDeviceOperation,64,5375.0
2089984,1,TypecastDeviceOperation,64,5369.0
1566720,1,TypecastDeviceOperation,64,5364.0
1808384,1,BinaryNgDeviceOperation,64,5137.0
2066432,1,BinaryNgDeviceOperation,64,5091.0
2238464,1,BinaryNgDeviceOperation,64,5082.0
2123776,1,BinaryNgDeviceOperation,64,5062.0
1693696,1,BinaryNgDeviceOperation,64,4957.0
1722368,1,BinaryNgDeviceOperation,64,4946.0
2209792,1,BinaryNgDeviceOperation,64,4939.0
1844224,1,BinaryNgDeviceOperation,64,4905.0
2360320,1,BinaryNgDeviceOperation,64,4896.0
2073600,1,BinaryNgDeviceOperation,64,4876.0
1894400,1,BinaryNgDeviceOperation,64,4804.0
1865728,1,BinaryNgDeviceOperation,64,4770.0
1930240,1,BinaryNgDeviceOperation,64,4769.0
2245632,1,BinaryNgDeviceOperation,64,4761.0
2009088,1,BinaryNgDeviceOperation,64,4751.0
1987584,1,BinaryNgDeviceOperation,64,4742.0
1729536,1,BinaryNgDeviceOperation,64,4733.0
1837056,1,BinaryNgDeviceOperation,64,4731.0
2295808,1,BinaryNgDeviceOperation,64,4730.0
1980416,1,BinaryNgDeviceOperation,64,4721.0
1779712,1,BinaryNgDeviceOperation,64,4717.0
1586176,1,BinaryNgDeviceOperation,64,4707.0
2267136,1,BinaryNgDeviceOperation,64,4706.0
1815552,1,BinaryNgDeviceOperation,64,4674.0
2302976,1,BinaryNgDeviceOperation,64,4674.0
1665024,1,BinaryNgDeviceOperation,64,4669.0
2152448,1,BinaryNgDeviceOperation,64,4667.0
1643520,1,BinaryNgDeviceOperation,64,4663.0
1579008,1,BinaryNgDeviceOperation,64,4659.0
2044928,1,BinaryNgDeviceOperation,64,4648.0
2216960,1,BinaryNgDeviceOperation,64,4643.0
1786880,1,BinaryNgDeviceOperation,64,4640.0
1700864,1,BinaryNgDeviceOperation,64,4612.0
2102272,1,BinaryNgDeviceOperation,64,4603.0
2331648,1,BinaryNgDeviceOperation,64,4602.0
2181120,1,BinaryNgDeviceOperation,64,4598.0
2353152,1,BinaryNgDeviceOperation,64,4594.0
1958912,1,BinaryNgDeviceOperation,64,4581.0
2037760,1,BinaryNgDeviceOperation,64,4570.0
1901568,1,BinaryNgDeviceOperation,64,4569.0
1923072,1,BinaryNgDeviceOperation,64,4559.0
1636352,1,BinaryNgDeviceOperation,64,4537.0
1951744,1,BinaryNgDeviceOperation,64,4532.0
2130944,1,BinaryNgDeviceOperation,64,4530.0
1607680,1,BinaryNgDeviceOperation,64,4520.0
1751040,1,BinaryNgDeviceOperation,64,4496.0
1672192,1,BinaryNgDeviceOperation,64,4489.0
1614848,1,BinaryNgDeviceOperation,64,4479.0
2159616,1,BinaryNgDeviceOperation,64,4450.0
1872896,1,BinaryNgDeviceOperation,64,4436.0
1758208,1,BinaryNgDeviceOperation,64,4425.0
2188288,1,BinaryNgDeviceOperation,64,4415.0
2016256,1,BinaryNgDeviceOperation,64,4412.0
2274304,1,BinaryNgDeviceOperation,64,4383.0
245760,,UntilizeWithUnpaddingDeviceOperation,48,4340.0
408576,,UntilizeWithUnpaddingDeviceOperation,48,4325.0
368640,,UntilizeWithUnpaddingDeviceOperation,48,4275.0
405504,,UntilizeWithUnpaddingDeviceOperation,48,4274.0
462848,,UntilizeWithUnpaddingDeviceOperation,48,4243.0
538624,,UntilizeWithUnpaddingDeviceOperation,48,4243.0
512000,,UntilizeWithUnpaddingDeviceOperation,48,4241.0
382976,,UntilizeWithUnpaddingDeviceOperation,48,4240.0
497664,,UntilizeWithUnpaddingDeviceOperation,48,4236.0
253952,,UntilizeWithUnpaddingDeviceOperation,48,4235.0
188416,,UntilizeWithUnpaddingDeviceOperation,48,4216.0
206848,,UntilizeWithUnpaddingDeviceOperation,48,4212.0
634880,,UntilizeWithUnpaddingDeviceOperation,48,4210.0
177152,,UntilizeWithUnpaddingDeviceOperation,48,4207.0
575488,,UntilizeWithUnpaddingDeviceOperation,48,4202.0
422912,,UntilizeWithUnpaddingDeviceOperation,48,4201.0
445440,,UntilizeWithUnpaddingDeviceOperation,48,4196.0
589824,,UntilizeWithUnpaddingDeviceOperation,48,4196.0
305152,,UntilizeWithUnpaddingDeviceOperation,48,4195.0
675840,,UntilizeWithUnpaddingDeviceOperation,48,4194.0
272384,,UntilizeWithUnpaddingDeviceOperation,48,4178.0
174080,,UntilizeWithUnpaddingDeviceOperation,48,4172.0
419840,,UntilizeWithUnpaddingDeviceOperation,48,4164.0
518144,,UntilizeWithUnpaddingDeviceOperation,48,4163.0
641024,,UntilizeWithUnpaddingDeviceOperation,48,4163.0
389120,,UntilizeWithUnpaddingDeviceOperation,48,4153.0
260096,,UntilizeWithUnpaddingDeviceOperation,48,4152.0
286720,,UntilizeWithUnpaddingDeviceOperation,48,4146.0
661504,,UntilizeWithUnpaddingDeviceOperation,48,4144.0
221184,,UntilizeWithUnpaddingDeviceOperation,48,4138.0
448512,,UntilizeWithUnpaddingDeviceOperation,48,4129.0
242688,,UntilizeWithUnpaddingDeviceOperation,48,4126.0
567296,,UntilizeWithUnpaddingDeviceOperation,48,4121.0
442368,,UntilizeWithUnpaddingDeviceOperation,48,4120.0
456704,,UntilizeWithUnpaddingDeviceOperation,48,4120.0
622592,,UntilizeWithUnpaddingDeviceOperation,48,4119.0
346112,,UntilizeWithUnpaddingDeviceOperation,48,4115.0
425984,,UntilizeWithUnpaddingDeviceOperation,48,4115.0
483328,,UntilizeWithUnpaddingDeviceOperation,48,4110.0
275456,,UntilizeWithUnpaddingDeviceOperation,48,4105.0
592896,,UntilizeWithUnpaddingDeviceOperation,48,4104.0
561152,,UntilizeWithUnpaddingDeviceOperation,48,4102.0
352256,,UntilizeWithUnpaddingDeviceOperation,48,4100.0
459776,,UntilizeWithUnpaddingDeviceOperation,48,4092.0
323584,,UntilizeWithUnpaddingDeviceOperation,48,4090.0
311296,,UntilizeWithUnpaddingDeviceOperation,48,4088.0
664576,,UntilizeWithUnpaddingDeviceOperation,48,4083.0
329728,,UntilizeWithUnpaddingDeviceOperation,48,4082.0
515072,,UntilizeWithUnpaddingDeviceOperation,48,4075.0
616448,,UntilizeWithUnpaddingDeviceOperation,48,4071.0
541696,,UntilizeWithUnpaddingDeviceOperation,48,4070.0
667648,,UntilizeWithUnpaddingDeviceOperation,48,4065.0
278528,,UntilizeWithUnpaddingDeviceOperation,48,4059.0
292864,,UntilizeWithUnpaddingDeviceOperation,48,4054.0
224256,,UntilizeWithUnpaddingDeviceOperation,48,4045.0
227328,,UntilizeWithUnpaddingDeviceOperation,48,4044.0
595968,,UntilizeWithUnpaddingDeviceOperation,48,4041.0
637952,,UntilizeWithUnpaddingDeviceOperation,48,4034.0
191488,,UntilizeWithUnpaddingDeviceOperation,48,4033.0
374784,,UntilizeWithUnpaddingDeviceOperation,48,4029.0
239616,,UntilizeWithUnpaddingDeviceOperation,48,4026.0
212992,,UntilizeWithUnpaddingDeviceOperation,48,4024.0
371712,,UntilizeWithUnpaddingDeviceOperation,48,4021.0
411648,,UntilizeWithUnpaddingDeviceOperation,48,4020.0
489472,,UntilizeWithUnpaddingDeviceOperation,48,4020.0
544768,,UntilizeWithUnpaddingDeviceOperation,48,4020.0
289792,,UntilizeWithUnpaddingDeviceOperation,48,4019.0
180224,,UntilizeWithUnpaddingDeviceOperation,48,4014.0
257024,,UntilizeWithUnpaddingDeviceOperation,48,4013.0
503808,,UntilizeWithUnpaddingDeviceOperation,48,4004.0
681984,,UntilizeWithUnpaddingDeviceOperation,48,3999.0
308224,,UntilizeWithUnpaddingDeviceOperation,48,3993.0
386048,,UntilizeWithUnpaddingDeviceOperation,48,3989.0
349184,,UntilizeWithUnpaddingDeviceOperation,48,3987.0
326656,,UntilizeWithUnpaddingDeviceOperation,48,3983.0
486400,,UntilizeWithUnpaddingDeviceOperation,48,3982.0
194560,,UntilizeWithUnpaddingDeviceOperation,48,3972.0
209920,,UntilizeWithUnpaddingDeviceOperation,48,3961.0
678912,,UntilizeWithUnpaddingDeviceOperation,48,3960.0
619520,,UntilizeWithUnpaddingDeviceOperation,48,3950.0
581632,,UntilizeWithUnpaddingDeviceOperation,48,3948.0
716800,,BinaryNgDeviceOperation,64,3935.0
500736,,UntilizeWithUnpaddingDeviceOperation,48,3934.0
578560,,UntilizeWithUnpaddingDeviceOperation,48,3927.0
564224,,UntilizeWithUnpaddingDeviceOperation,48,3915.0
1942528,1,SliceDeviceOperation,64,3632.0
1554432,1,BinaryNgDeviceOperation,64,3569.0
704512,,BinaryNgDeviceOperation,64,3449.0
1556480,1,UntilizeWithUnpaddingDeviceOperation,1,3420.0
789504,,SliceDeviceOperation,64,3371.0
685056,,UntilizeWithUnpaddingDeviceOperation,56,3370.0
1542144,1,BinaryNgDeviceOperation,64,3357.0
1185792,,SliceDeviceOperation,64,3345.0
1741824,1,SliceDeviceOperation,64,3299.0
414720,,UntilizeWithUnpaddingDeviceOperation,56,3267.0
1243136,,SliceDeviceOperation,64,3265.0
197632,,UntilizeWithUnpaddingDeviceOperation,56,3254.0
1713152,1,SliceDeviceOperation,64,3253.0
248832,,UntilizeWithUnpaddingDeviceOperation,56,3251.0
599040,,UntilizeWithUnpaddingDeviceOperation,56,3245.0
377856,,UntilizeWithUnpaddingDeviceOperation,56,3243.0
1655808,1,SliceDeviceOperation,64,3240.0
2229248,1,SliceDeviceOperation,64,3235.0
1593344,1,SliceDeviceOperation,64,3229.0
1937408,1,SliceDeviceOperation,64,3219.0
1880064,1,SliceDeviceOperation,64,3215.0
1190912,,SliceDeviceOperation,64,3214.0
1765376,1,SliceDeviceOperation,64,3214.0
1550336,1,SliceDeviceOperation,64,3212.0
183296,,UntilizeWithUnpaddingDeviceOperation,56,3206.0
1248256,,SliceDeviceOperation,64,3204.0
1528832,1,BinaryNgDeviceOperation,64,3200.0
2315264,1,SliceDeviceOperation,64,3200.0
465920,,UntilizeWithUnpaddingDeviceOperation,56,3196.0
2085888,1,SliceDeviceOperation,64,3196.0
295936,,UntilizeWithUnpaddingDeviceOperation,56,3191.0
1822720,1,SliceDeviceOperation,64,3187.0
1908736,1,SliceDeviceOperation,64,3179.0
1684480,1,SliceDeviceOperation,64,3178.0
1472512,,SliceDeviceOperation,64,3172.0
1799168,1,SliceDeviceOperation,64,3167.0
1999872,1,SliceDeviceOperation,64,3166.0
1013760,,SliceDeviceOperation,64,3162.0
712704,,SliceDeviceOperation,64,3160.0
1334272,,SliceDeviceOperation,64,3158.0
1530880,1,BinaryNgDeviceOperation,64,3157.0
2080768,1,SliceDeviceOperation,64,3157.0
718848,,UntilizeWithUnpaddingDeviceOperation,1,3153.0
521216,,UntilizeWithUnpaddingDeviceOperation,56,3152.0
1042432,,SliceDeviceOperation,64,3152.0
818176,,SliceDeviceOperation,64,3136.0
841728,,SliceDeviceOperation,64,3135.0
1448960,,SliceDeviceOperation,64,3131.0
1071104,,SliceDeviceOperation,64,3125.0
570368,,UntilizeWithUnpaddingDeviceOperation,56,3124.0
1386496,,SliceDeviceOperation,64,3114.0
1622016,1,SliceDeviceOperation,64,3112.0
755712,,SliceDeviceOperation,64,3111.0
1971200,1,SliceDeviceOperation,64,3110.0
932864,,SliceDeviceOperation,64,3108.0
1162240,,SliceDeviceOperation,64,3104.0
927744,,SliceDeviceOperation,64,3103.0
314368,,UntilizeWithUnpaddingDeviceOperation,56,3097.0
1770496,1,SliceDeviceOperation,64,3093.0
1018880,,SliceDeviceOperation,64,3092.0
2195456,1,SliceDeviceOperation,64,3089.0
1598464,1,SliceDeviceOperation,64,3082.0
1329152,,SliceDeviceOperation,64,3077.0
2028544,1,SliceDeviceOperation,64,3077.0
1047552,,SliceDeviceOperation,64,3076.0
1650688,1,SliceDeviceOperation,64,3076.0
644096,,UntilizeWithUnpaddingDeviceOperation,56,3070.0
1276928,,SliceDeviceOperation,64,3069.0
1415168,,SliceDeviceOperation,64,3069.0
899072,,SliceDeviceOperation,64,3067.0
2166784,1,SliceDeviceOperation,64,3066.0
846848,,SliceDeviceOperation,64,3065.0
392192,,UntilizeWithUnpaddingDeviceOperation,56,3064.0
281600,,UntilizeWithUnpaddingDeviceOperation,56,3061.0
990208,,SliceDeviceOperation,64,3060.0
2109440,1,SliceDeviceOperation,64,3057.0
230400,,UntilizeWithUnpaddingDeviceOperation,56,3056.0
625664,,UntilizeWithUnpaddingDeviceOperation,56,3054.0
1305600,,SliceDeviceOperation,64,3054.0
813056,,SliceDeviceOperation,64,3051.0
961536,,SliceDeviceOperation,64,3050.0
2052096,1,SliceDeviceOperation,64,3047.0
1128448,,SliceDeviceOperation,64,3045.0
584704,,UntilizeWithUnpaddingDeviceOperation,56,3044.0
355328,,UntilizeWithUnpaddingDeviceOperation,56,3043.0
1300480,,SliceDeviceOperation,64,3043.0
1679360,1,SliceDeviceOperation,64,3043.0
2023424,1,SliceDeviceOperation,64,3043.0
547840,,UntilizeWithUnpaddingDeviceOperation,56,3036.0
1362944,,SliceDeviceOperation,64,3033.0
1794048,1,SliceDeviceOperation,64,3022.0
451584,,UntilizeWithUnpaddingDeviceOperation,56,3018.0
1627136,1,SliceDeviceOperation,64,3016.0
1477632,,SliceDeviceOperation,64,3013.0
506880,,UntilizeWithUnpaddingDeviceOperation,56,3011.0
2281472,1,SliceDeviceOperation,64,3011.0
263168,,UntilizeWithUnpaddingDeviceOperation,56,3008.0
956416,,SliceDeviceOperation,64,3006.0
1420288,,SliceDeviceOperation,64,3006.0
1966080,1,SliceDeviceOperation,64,3006.0
870400,,SliceDeviceOperation,64,3000.0
2171904,1,SliceDeviceOperation,64,3000.0
492544,,UntilizeWithUnpaddingDeviceOperation,56,2999.0
1544192,1,UnaryDeviceOperation,64,2999.0
2252800,1,SliceDeviceOperation,64,2998.0
904192,,SliceDeviceOperation,64,2997.0
693248,,BinaryNgDeviceOperation,64,2995.0
216064,,UntilizeWithUnpaddingDeviceOperation,56,2993.0
429056,,UntilizeWithUnpaddingDeviceOperation,56,2993.0
1708032,1,SliceDeviceOperation,64,2991.0
1501184,,SliceDeviceOperation,64,2989.0
1104896,,SliceDeviceOperation,64,2985.0
1443840,,SliceDeviceOperation,64,2985.0
760832,,SliceDeviceOperation,64,2981.0
1546240,1,UnaryDeviceOperation,64,2980.0
670720,,UntilizeWithUnpaddingDeviceOperation,56,2977.0
1391616,,SliceDeviceOperation,64,2975.0
2143232,1,SliceDeviceOperation,64,2974.0
332800,,UntilizeWithUnpaddingDeviceOperation,56,2969.0
2310144,1,SliceDeviceOperation,64,2966.0
1913856,1,SliceDeviceOperation,64,2964.0
1736704,1,SliceDeviceOperation,64,2962.0
1357824,,SliceDeviceOperation,64,2949.0
1271808,,SliceDeviceOperation,64,2948.0
1076224,,SliceDeviceOperation,64,2944.0
1099776,,SliceDeviceOperation,64,2936.0
2338816,1,SliceDeviceOperation,64,2936.0
1827840,1,SliceDeviceOperation,64,2932.0
2114560,1,SliceDeviceOperation,64,2924.0
1506304,,SliceDeviceOperation,64,2923.0
985088,,SliceDeviceOperation,64,2917.0
1994752,1,SliceDeviceOperation,64,2907.0
2286592,1,SliceDeviceOperation,64,2906.0
1133568,,SliceDeviceOperation,64,2899.0
724992,,SliceDeviceOperation,64,2895.0
2138112,1,SliceDeviceOperation,64,2882.0
1851392,1,SliceDeviceOperation,64,2878.0
1219584,,SliceDeviceOperation,64,2876.0
1157120,,SliceDeviceOperation,64,2874.0
1856512,1,SliceDeviceOperation,64,2845.0
1885184,1,SliceDeviceOperation,64,2844.0
1214464,,SliceDeviceOperation,64,2828.0
875520,,SliceDeviceOperation,64,2819.0
784384,,SliceDeviceOperation,64,2805.0
2057216,1,SliceDeviceOperation,64,2805.0
2343936,1,SliceDeviceOperation,64,2801.0
691200,,BinaryNgDeviceOperation,64,2796.0
706560,,UnaryDeviceOperation,64,2775.0
1562624,1,SliceDeviceOperation,64,2763.0
2224128,1,SliceDeviceOperation,64,2722.0
2257920,1,SliceDeviceOperation,64,2695.0
2200576,1,SliceDeviceOperation,64,2693.0
708608,,UnaryDeviceOperation,64,2671.0
1557504,1,RepeatDeviceOperation,64,2502.0
719872,,RepeatDeviceOperation,64,2440.0
709632,,TypecastDeviceOperation,4,2272.0
1545216,1,TypecastDeviceOperation,4,2262.0
707584,,TypecastDeviceOperation,4,2239.0
1511424,,InterleavedToShardedDeviceOperation,32,2224.0
1547264,1,TypecastDeviceOperation,4,2194.0
900096,,InterleavedToShardedDeviceOperation,32,2171.0
713728,,InterleavedToShardedDeviceOperation,32,2159.0
1502208,,InterleavedToShardedDeviceOperation,32,2137.0
785408,,InterleavedToShardedDeviceOperation,32,2127.0
1224704,,InterleavedToShardedDeviceOperation,32,2126.0
842752,,InterleavedToShardedDeviceOperation,32,2118.0
1906688,1,ShardedToInterleavedDeviceOperation,32,2115.0
1014784,,InterleavedToShardedDeviceOperation,32,2113.0
1330176,,InterleavedToShardedDeviceOperation,32,2113.0
1446912,,ShardedToInterleavedDeviceOperation,32,2107.0
1473536,,InterleavedToShardedDeviceOperation,32,2106.0
1052672,,InterleavedToShardedDeviceOperation,32,2104.0
1454080,,InterleavedToShardedDeviceOperation,32,2101.0
1441792,,ShardedToInterleavedDeviceOperation,32,2099.0
2279424,1,ShardedToInterleavedDeviceOperation,32,2091.0
1763328,1,ShardedToInterleavedDeviceOperation,32,2086.0
765952,,InterleavedToShardedDeviceOperation,32,2081.0
1024000,,InterleavedToShardedDeviceOperation,32,2073.0
1253376,,InterleavedToShardedDeviceOperation,32,2071.0
794624,,InterleavedToShardedDeviceOperation,32,2060.0
1444864,,InterleavedToShardedDeviceOperation,32,2060.0
1499136,,ShardedToInterleavedDeviceOperation,32,2050.0
823296,,InterleavedToShardedDeviceOperation,32,2047.0
1110016,,InterleavedToShardedDeviceOperation,32,2046.0
1327104,,ShardedToInterleavedDeviceOperation,32,2041.0
816128,,ShardedToInterleavedDeviceOperation,32,2038.0
756736,,InterleavedToShardedDeviceOperation,32,2036.0
1396736,,InterleavedToShardedDeviceOperation,32,2035.0
1992704,1,ShardedToInterleavedDeviceOperation,32,2034.0
995328,,InterleavedToShardedDeviceOperation,32,2027.0
1138688,,InterleavedToShardedDeviceOperation,32,2024.0
2222080,1,ShardedToInterleavedDeviceOperation,32,2024.0
1072128,,InterleavedToShardedDeviceOperation,32,2018.0
1425408,,InterleavedToShardedDeviceOperation,32,2018.0
937984,,InterleavedToShardedDeviceOperation,32,2014.0
1482752,,InterleavedToShardedDeviceOperation,32,2014.0
1976320,1,InterleavedToShardedDeviceOperation,32,2009.0
957440,,InterleavedToShardedDeviceOperation,32,2006.0
1186816,,InterleavedToShardedDeviceOperation,32,2006.0
1301504,,InterleavedToShardedDeviceOperation,32,2006.0
1368064,,InterleavedToShardedDeviceOperation,32,2002.0
186368,,ConcatDeviceOperation,1,1996.0
317440,,ConcatDeviceOperation,1,1995.0
851968,,InterleavedToShardedDeviceOperation,32,1994.0
1081344,,InterleavedToShardedDeviceOperation,32,1994.0
1918976,1,InterleavedToShardedDeviceOperation,32,1994.0
299008,,ConcatDeviceOperation,1,1993.0
1215488,,InterleavedToShardedDeviceOperation,32,1993.0
1387520,,InterleavedToShardedDeviceOperation,32,1993.0
1632256,1,InterleavedToShardedDeviceOperation,32,1992.0
1997824,1,ShardedToInterleavedDeviceOperation,32,1991.0
871424,,InterleavedToShardedDeviceOperation,32,1985.0
1272832,,InterleavedToShardedDeviceOperation,32,1985.0
880640,,InterleavedToShardedDeviceOperation,32,1981.0
2078720,1,ShardedToInterleavedDeviceOperation,32,1980.0
966656,,InterleavedToShardedDeviceOperation,32,1979.0
432128,,ConcatDeviceOperation,1,1976.0
737280,,InterleavedToShardedDeviceOperation,32,1973.0
1074176,,ShardedToInterleavedDeviceOperation,32,1973.0
524288,,ConcatDeviceOperation,1,1970.0
233472,,ConcatDeviceOperation,1,1967.0
266240,,ConcatDeviceOperation,1,1965.0
284672,,ConcatDeviceOperation,1,1964.0
814080,,InterleavedToShardedDeviceOperation,32,1961.0
1332224,,ShardedToInterleavedDeviceOperation,32,1961.0
930816,,ShardedToInterleavedDeviceOperation,32,1960.0
1890304,1,InterleavedToShardedDeviceOperation,32,1956.0
1158144,,InterleavedToShardedDeviceOperation,32,1949.0
1358848,,InterleavedToShardedDeviceOperation,32,1949.0
909312,,InterleavedToShardedDeviceOperation,32,1948.0
1043456,,InterleavedToShardedDeviceOperation,32,1948.0
782336,,ShardedToInterleavedDeviceOperation,32,1945.0
986112,,InterleavedToShardedDeviceOperation,32,1939.0
1282048,,InterleavedToShardedDeviceOperation,32,1939.0
1310720,,InterleavedToShardedDeviceOperation,32,1939.0
1964032,1,ShardedToInterleavedDeviceOperation,32,1939.0
1100800,,InterleavedToShardedDeviceOperation,32,1936.0
1097728,,ShardedToInterleavedDeviceOperation,32,1930.0
1689600,1,InterleavedToShardedDeviceOperation,32,1930.0
1416192,,InterleavedToShardedDeviceOperation,32,1928.0
1820672,1,ShardedToInterleavedDeviceOperation,32,1927.0
1625088,1,ShardedToInterleavedDeviceOperation,32,1922.0
1244160,,InterleavedToShardedDeviceOperation,32,1918.0
1947648,1,InterleavedToShardedDeviceOperation,32,1916.0
2336768,1,ShardedToInterleavedDeviceOperation,32,1916.0
1167360,,InterleavedToShardedDeviceOperation,32,1915.0
1389568,,ShardedToInterleavedDeviceOperation,32,1915.0
1883136,1,ShardedToInterleavedDeviceOperation,32,1915.0
2308096,1,ShardedToInterleavedDeviceOperation,32,1915.0
1384448,,ShardedToInterleavedDeviceOperation,32,1913.0
844800,,ShardedToInterleavedDeviceOperation,32,1910.0
1026048,,ShardedToInterleavedDeviceOperation,28,1905.0
1355776,,ShardedToInterleavedDeviceOperation,32,1905.0
1129472,,InterleavedToShardedDeviceOperation,32,1904.0
1246208,,ShardedToInterleavedDeviceOperation,32,1903.0
2263040,1,InterleavedToShardedDeviceOperation,32,1902.0
1269760,,ShardedToInterleavedDeviceOperation,32,1894.0
2234368,1,InterleavedToShardedDeviceOperation,32,1893.0
868352,,ShardedToInterleavedDeviceOperation,32,1890.0
983040,,ShardedToInterleavedDeviceOperation,32,1890.0
1196032,,InterleavedToShardedDeviceOperation,32,1890.0
1746944,1,InterleavedToShardedDeviceOperation,32,1882.0
1861632,1,InterleavedToShardedDeviceOperation,32,1882.0
1126400,,ShardedToInterleavedDeviceOperation,32,1881.0
1418240,,ShardedToInterleavedDeviceOperation,32,1881.0
2107392,1,ShardedToInterleavedDeviceOperation,32,1881.0
873472,,ShardedToInterleavedDeviceOperation,32,1875.0
710656,,ShardedToInterleavedDeviceOperation,32,1873.0
839680,,ShardedToInterleavedDeviceOperation,32,1873.0
1155072,,ShardedToInterleavedDeviceOperation,32,1873.0
1370112,,ShardedToInterleavedDeviceOperation,28,1873.0
2177024,1,InterleavedToShardedDeviceOperation,32,1872.0
1548288,1,ShardedToInterleavedDeviceOperation,32,1871.0
1339392,,InterleavedToShardedDeviceOperation,32,1870.0
454656,,ConcatDeviceOperation,1,1866.0
968704,,ShardedToInterleavedDeviceOperation,28,1865.0
1016832,,ShardedToInterleavedDeviceOperation,32,1862.0
1040384,,ShardedToInterleavedDeviceOperation,32,1862.0
1413120,,ShardedToInterleavedDeviceOperation,32,1862.0
1140736,,ShardedToInterleavedDeviceOperation,28,1858.0
1312768,,ShardedToInterleavedDeviceOperation,28,1857.0
2193408,1,ShardedToInterleavedDeviceOperation,32,1857.0
928768,,InterleavedToShardedDeviceOperation,32,1849.0
1475584,,ShardedToInterleavedDeviceOperation,32,1849.0
1775616,1,InterleavedToShardedDeviceOperation,32,1848.0
228352,,SliceDeviceOperation,1,1842.0
2062336,1,InterleavedToShardedDeviceOperation,32,1842.0
463872,,SliceDeviceOperation,1,1837.0
1878016,1,ShardedToInterleavedDeviceOperation,32,1837.0
2021376,1,ShardedToInterleavedDeviceOperation,32,1837.0
279552,,SliceDeviceOperation,1,1836.0
293888,,SliceDeviceOperation,1,1834.0
758784,,ShardedToInterleavedDeviceOperation,32,1834.0
1241088,,ShardedToInterleavedDeviceOperation,32,1833.0
2365440,,UntilizeWithUnpaddingDeviceOperation,1,1833.0
1832960,1,InterleavedToShardedDeviceOperation,32,1832.0
2387968,,UntilizeWithUnpaddingDeviceOperation,1,1830.0
1069056,,ShardedToInterleavedDeviceOperation,32,1827.0
1131520,,ShardedToInterleavedDeviceOperation,32,1822.0
200704,,ConcatDeviceOperation,1,1820.0
573440,,ConcatDeviceOperation,1,1819.0
495616,,ConcatDeviceOperation,1,1818.0
509952,,ConcatDeviceOperation,1,1818.0
251904,,ConcatDeviceOperation,1,1817.0
380928,,ConcatDeviceOperation,1,1817.0
395264,,ConcatDeviceOperation,1,1817.0
602112,,ConcatDeviceOperation,1,1817.0
688128,,ConcatDeviceOperation,1,1817.0
940032,,ShardedToInterleavedDeviceOperation,28,1817.0
219136,,ConcatDeviceOperation,1,1816.0
417792,,ConcatDeviceOperation,1,1816.0
1560576,1,ShardedToInterleavedDeviceOperation,32,1816.0
504832,,SliceDeviceOperation,1,1815.0
550912,,ConcatDeviceOperation,1,1814.0
673792,,ConcatDeviceOperation,1,1814.0
335872,,ConcatDeviceOperation,1,1813.0
628736,,ConcatDeviceOperation,1,1813.0
787456,,ShardedToInterleavedDeviceOperation,32,1813.0
1045504,,ShardedToInterleavedDeviceOperation,32,1812.0
1619968,1,ShardedToInterleavedDeviceOperation,32,1812.0
587776,,ConcatDeviceOperation,1,1811.0
358400,,ConcatDeviceOperation,1,1810.0
468992,,ConcatDeviceOperation,1,1810.0
647168,,ConcatDeviceOperation,1,1810.0
811008,,ShardedToInterleavedDeviceOperation,32,1810.0
988160,,ShardedToInterleavedDeviceOperation,32,1809.0
1160192,,ShardedToInterleavedDeviceOperation,32,1809.0
2205696,1,InterleavedToShardedDeviceOperation,32,1807.0
1849344,1,ShardedToInterleavedDeviceOperation,32,1804.0
2390016,,UntilizeWithUnpaddingDeviceOperation,1,1804.0
490496,,SliceDeviceOperation,1,1803.0
1804288,1,InterleavedToShardedDeviceOperation,32,1803.0
1011712,,ShardedToInterleavedDeviceOperation,32,1801.0
1484800,,ShardedToInterleavedDeviceOperation,28,1799.0
902144,,ShardedToInterleavedDeviceOperation,32,1797.0
1718272,1,InterleavedToShardedDeviceOperation,32,1797.0
2291712,1,InterleavedToShardedDeviceOperation,32,1794.0
1217536,,ShardedToInterleavedDeviceOperation,32,1793.0
1102848,,ShardedToInterleavedDeviceOperation,32,1791.0
1513472,,ShardedToInterleavedDeviceOperation,28,1785.0
1274880,,ShardedToInterleavedDeviceOperation,32,1784.0
2091008,1,InterleavedToShardedDeviceOperation,32,1782.0
2050048,1,ShardedToInterleavedDeviceOperation,32,1781.0
2004992,1,InterleavedToShardedDeviceOperation,32,1774.0
753664,,ShardedToInterleavedDeviceOperation,32,1769.0
954368,,ShardedToInterleavedDeviceOperation,32,1769.0
2349056,1,InterleavedToShardedDeviceOperation,32,1768.0
2119680,1,InterleavedToShardedDeviceOperation,32,1763.0
2320384,1,InterleavedToShardedDeviceOperation,32,1763.0
825344,,ShardedToInterleavedDeviceOperation,28,1761.0
854016,,ShardedToInterleavedDeviceOperation,28,1753.0
1969152,1,ShardedToInterleavedDeviceOperation,32,1751.0
568320,,SliceDeviceOperation,1,1748.0
722944,,ShardedToInterleavedDeviceOperation,32,1747.0
997376,,ShardedToInterleavedDeviceOperation,28,1746.0
911360,,ShardedToInterleavedDeviceOperation,28,1745.0
1504256,,ShardedToInterleavedDeviceOperation,32,1742.0
2377728,,UntilizeWithUnpaddingDeviceOperation,1,1739.0
1183744,,ShardedToInterleavedDeviceOperation,32,1738.0
1188864,,ShardedToInterleavedDeviceOperation,32,1736.0
2394112,,UntilizeWithUnpaddingDeviceOperation,1,1735.0
2375680,,UntilizeWithUnpaddingDeviceOperation,1,1734.0
1677312,1,ShardedToInterleavedDeviceOperation,32,1733.0
2341888,1,ShardedToInterleavedDeviceOperation,32,1733.0
897024,,ShardedToInterleavedDeviceOperation,32,1732.0
1596416,1,ShardedToInterleavedDeviceOperation,32,1729.0
2383872,,UntilizeWithUnpaddingDeviceOperation,1,1726.0
2386944,,UntilizeWithUnpaddingDeviceOperation,1,1724.0
2164736,1,ShardedToInterleavedDeviceOperation,32,1722.0
1255424,,ShardedToInterleavedDeviceOperation,28,1721.0
2033664,1,InterleavedToShardedDeviceOperation,32,1719.0
2393088,,UntilizeWithUnpaddingDeviceOperation,1,1718.0
2370560,,UntilizeWithUnpaddingDeviceOperation,1,1717.0
1540096,1,TypecastDeviceOperation,1,1715.0
1538048,1,RepeatDeviceOperation,64,1715.0
1648640,1,ShardedToInterleavedDeviceOperation,32,1714.0
1212416,,ShardedToInterleavedDeviceOperation,32,1713.0
2313216,1,ShardedToInterleavedDeviceOperation,32,1712.0
959488,,ShardedToInterleavedDeviceOperation,32,1711.0
2369536,,UntilizeWithUnpaddingDeviceOperation,1,1710.0
1711104,1,ShardedToInterleavedDeviceOperation,32,1709.0
768000,,ShardedToInterleavedDeviceOperation,28,1706.0
1543168,1,ConcatDeviceOperation,4,1706.0
1054720,,ShardedToInterleavedDeviceOperation,28,1705.0
1169408,,ShardedToInterleavedDeviceOperation,28,1705.0
1470464,,ShardedToInterleavedDeviceOperation,32,1705.0
1854464,1,ShardedToInterleavedDeviceOperation,32,1703.0
2381824,,UntilizeWithUnpaddingDeviceOperation,1,1702.0
2379776,,UntilizeWithUnpaddingDeviceOperation,1,1701.0
1298432,,ShardedToInterleavedDeviceOperation,32,1699.0
1284096,,ShardedToInterleavedDeviceOperation,28,1697.0
2373632,,UntilizeWithUnpaddingDeviceOperation,1,1696.0
246784,,SliceDeviceOperation,1,1693.0
2378752,,UntilizeWithUnpaddingDeviceOperation,1,1692.0
2371584,,UntilizeWithUnpaddingDeviceOperation,1,1691.0
2366464,,UntilizeWithUnpaddingDeviceOperation,1,1690.0
353280,,SliceDeviceOperation,1,1689.0
1427456,,ShardedToInterleavedDeviceOperation,28,1689.0
2374656,,UntilizeWithUnpaddingDeviceOperation,1,1689.0
1303552,,ShardedToInterleavedDeviceOperation,32,1686.0
1456128,,ShardedToInterleavedDeviceOperation,28,1686.0
705536,,ConcatDeviceOperation,4,1685.0
1797120,1,ShardedToInterleavedDeviceOperation,32,1683.0
1603584,1,InterleavedToShardedDeviceOperation,32,1681.0
1083392,,ShardedToInterleavedDeviceOperation,28,1679.0
2384896,,UntilizeWithUnpaddingDeviceOperation,1,1679.0
2083840,1,ShardedToInterleavedDeviceOperation,32,1677.0
2380800,,UntilizeWithUnpaddingDeviceOperation,1,1676.0
1112064,,ShardedToInterleavedDeviceOperation,28,1673.0
1341440,,ShardedToInterleavedDeviceOperation,28,1673.0
1360896,,ShardedToInterleavedDeviceOperation,32,1671.0
312320,,SliceDeviceOperation,1,1669.0
2367488,,UntilizeWithUnpaddingDeviceOperation,1,1668.0
2376704,,UntilizeWithUnpaddingDeviceOperation,1,1668.0
2392064,,UntilizeWithUnpaddingDeviceOperation,1,1668.0
623616,,SliceDeviceOperation,1,1666.0
2368512,,UntilizeWithUnpaddingDeviceOperation,1,1666.0
2372608,,UntilizeWithUnpaddingDeviceOperation,1,1663.0
261120,,SliceDeviceOperation,1,1658.0
330752,,SliceDeviceOperation,1,1658.0
390144,,SliceDeviceOperation,1,1658.0
449536,,SliceDeviceOperation,1,1658.0
739328,,ShardedToInterleavedDeviceOperation,28,1658.0
1226752,,ShardedToInterleavedDeviceOperation,28,1656.0
195584,,SliceDeviceOperation,1,1655.0
375808,,SliceDeviceOperation,1,1655.0
519168,,SliceDeviceOperation,1,1655.0
596992,,SliceDeviceOperation,1,1655.0
214016,,SliceDeviceOperation,1,1654.0
412672,,SliceDeviceOperation,1,1654.0
2391040,,UntilizeWithUnpaddingDeviceOperation,1,1654.0
181248,,SliceDeviceOperation,1,1653.0
545792,,SliceDeviceOperation,1,1653.0
668672,,SliceDeviceOperation,1,1653.0
683008,,SliceDeviceOperation,1,1653.0
427008,,SliceDeviceOperation,1,1652.0
582656,,SliceDeviceOperation,1,1652.0
642048,,SliceDeviceOperation,1,1651.0
1935360,1,ShardedToInterleavedDeviceOperation,32,1651.0
2227200,1,ShardedToInterleavedDeviceOperation,32,1651.0
925696,,ShardedToInterleavedDeviceOperation,32,1649.0
1591296,1,ShardedToInterleavedDeviceOperation,32,1649.0
2382848,,UntilizeWithUnpaddingDeviceOperation,1,1648.0
2385920,,UntilizeWithUnpaddingDeviceOperation,1,1648.0
796672,,ShardedToInterleavedDeviceOperation,28,1647.0
2148352,1,InterleavedToShardedDeviceOperation,32,1644.0
1940480,1,ShardedToInterleavedDeviceOperation,32,1642.0
1682432,1,ShardedToInterleavedDeviceOperation,32,1639.0
2388992,,UntilizeWithUnpaddingDeviceOperation,1,1639.0
1825792,1,ShardedToInterleavedDeviceOperation,32,1630.0
882688,,ShardedToInterleavedDeviceOperation,28,1627.0
2055168,1,ShardedToInterleavedDeviceOperation,32,1622.0
1768448,1,ShardedToInterleavedDeviceOperation,32,1620.0
1705984,1,ShardedToInterleavedDeviceOperation,32,1613.0
1777664,1,ShardedToInterleavedDeviceOperation,28,1611.0
2112512,1,ShardedToInterleavedDeviceOperation,32,1607.0
2169856,1,ShardedToInterleavedDeviceOperation,32,1607.0
1734656,1,ShardedToInterleavedDeviceOperation,32,1603.0
1911808,1,ShardedToInterleavedDeviceOperation,32,1597.0
1739776,1,ShardedToInterleavedDeviceOperation,32,1587.0
700416,,RepeatDeviceOperation,64,1585.0
2284544,1,ShardedToInterleavedDeviceOperation,32,1581.0
1531904,1,TypecastDeviceOperation,32,1580.0
1398784,,ShardedToInterleavedDeviceOperation,28,1577.0
1198080,,ShardedToInterleavedDeviceOperation,28,1569.0
2150400,1,ShardedToInterleavedDeviceOperation,28,1564.0
1623040,1,InterleavedToShardedDeviceOperation,32,1551.0
1691648,1,ShardedToInterleavedDeviceOperation,28,1542.0
1921024,1,ShardedToInterleavedDeviceOperation,28,1529.0
1660928,1,InterleavedToShardedDeviceOperation,32,1528.0
2141184,1,ShardedToInterleavedDeviceOperation,32,1522.0
1574912,1,InterleavedToShardedDeviceOperation,32,1521.0
2035712,1,ShardedToInterleavedDeviceOperation,28,1520.0
1551360,1,InterleavedToShardedDeviceOperation,32,1486.0
694272,,TypecastDeviceOperation,32,1478.0
1605632,1,ShardedToInterleavedDeviceOperation,28,1470.0
702464,,TypecastDeviceOperation,1,1458.0
2198528,1,ShardedToInterleavedDeviceOperation,32,1454.0
2179072,1,ShardedToInterleavedDeviceOperation,28,1436.0
1852416,1,InterleavedToShardedDeviceOperation,32,1433.0
2024448,1,InterleavedToShardedDeviceOperation,32,1433.0
1881088,1,InterleavedToShardedDeviceOperation,32,1430.0
1653760,1,ShardedToInterleavedDeviceOperation,32,1426.0
2293760,1,ShardedToInterleavedDeviceOperation,28,1426.0
2236416,1,ShardedToInterleavedDeviceOperation,28,1425.0
1909760,1,InterleavedToShardedDeviceOperation,32,1423.0
2081792,1,InterleavedToShardedDeviceOperation,32,1420.0
1823744,1,InterleavedToShardedDeviceOperation,32,1392.0
2136064,1,ShardedToInterleavedDeviceOperation,32,1391.0
2253824,1,InterleavedToShardedDeviceOperation,32,1374.0
1748992,1,ShardedToInterleavedDeviceOperation,28,1361.0
2053120,1,InterleavedToShardedDeviceOperation,32,1355.0
1795072,1,InterleavedToShardedDeviceOperation,32,1345.0
2196480,1,InterleavedToShardedDeviceOperation,32,1345.0
1594368,1,InterleavedToShardedDeviceOperation,32,1343.0
2250752,1,ShardedToInterleavedDeviceOperation,32,1334.0
1967104,1,InterleavedToShardedDeviceOperation,32,1332.0
679936,,SliceDeviceOperation,1,1329.0
243712,,SliceDeviceOperation,1,1327.0
2255872,1,ShardedToInterleavedDeviceOperation,32,1322.0
1863680,1,ShardedToInterleavedDeviceOperation,28,1321.0
2093056,1,ShardedToInterleavedDeviceOperation,28,1318.0
192512,,SliceDeviceOperation,1,1314.0
276480,,SliceDeviceOperation,1,1313.0
2311168,1,InterleavedToShardedDeviceOperation,32,1313.0
562176,,SliceDeviceOperation,1,1312.0
1737728,1,InterleavedToShardedDeviceOperation,32,1309.0
446464,,SliceDeviceOperation,1,1308.0
1766400,1,InterleavedToShardedDeviceOperation,32,1308.0
1806336,1,ShardedToInterleavedDeviceOperation,28,1298.0
501760,,SliceDeviceOperation,1,1291.0
1680384,1,InterleavedToShardedDeviceOperation,32,1288.0
1835008,1,ShardedToInterleavedDeviceOperation,28,1274.0
1709056,1,InterleavedToShardedDeviceOperation,32,1267.0
2139136,1,InterleavedToShardedDeviceOperation,32,1267.0
460800,,SliceDeviceOperation,1,1249.0
1634304,1,ShardedToInterleavedDeviceOperation,28,1249.0
309248,,SliceDeviceOperation,1,1246.0
2110464,1,InterleavedToShardedDeviceOperation,32,1244.0
327680,,SliceDeviceOperation,1,1243.0
2225152,1,InterleavedToShardedDeviceOperation,32,1243.0
2121728,1,ShardedToInterleavedDeviceOperation,28,1237.0
1792000,1,ShardedToInterleavedDeviceOperation,32,1227.0
2351104,1,ShardedToInterleavedDeviceOperation,28,1227.0
273408,,SliceDeviceOperation,1,1223.0
2265088,1,ShardedToInterleavedDeviceOperation,28,1218.0
2007040,1,ShardedToInterleavedDeviceOperation,28,1217.0
2064384,1,ShardedToInterleavedDeviceOperation,28,1216.0
1576960,1,ShardedToInterleavedDeviceOperation,28,1209.0
2322432,1,ShardedToInterleavedDeviceOperation,28,1209.0
2167808,1,InterleavedToShardedDeviceOperation,32,1203.0
1949696,1,ShardedToInterleavedDeviceOperation,28,1202.0
2339840,1,InterleavedToShardedDeviceOperation,32,1198.0
1662976,1,ShardedToInterleavedDeviceOperation,28,1181.0
1978368,1,ShardedToInterleavedDeviceOperation,28,1178.0
210944,,SliceDeviceOperation,1,1169.0
662528,,SliceDeviceOperation,1,1164.0
290816,,SliceDeviceOperation,1,1159.0
324608,,SliceDeviceOperation,1,1159.0
1938432,1,InterleavedToShardedDeviceOperation,32,1156.0
443392,,SliceDeviceOperation,1,1155.0
484352,,SliceDeviceOperation,1,1155.0
513024,,SliceDeviceOperation,1,1155.0
369664,,SliceDeviceOperation,1,1154.0
635904,,SliceDeviceOperation,1,1154.0
487424,,SliceDeviceOperation,1,1153.0
516096,,SliceDeviceOperation,1,1153.0
620544,,SliceDeviceOperation,1,1153.0
665600,,SliceDeviceOperation,1,1153.0
676864,,SliceDeviceOperation,1,1153.0
347136,,SliceDeviceOperation,1,1152.0
387072,,SliceDeviceOperation,1,1152.0
409600,,SliceDeviceOperation,1,1152.0
420864,,SliceDeviceOperation,1,1152.0
498688,,SliceDeviceOperation,1,1152.0
539648,,SliceDeviceOperation,1,1152.0
542720,,SliceDeviceOperation,1,1152.0
222208,,SliceDeviceOperation,1,1151.0
576512,,SliceDeviceOperation,1,1151.0
207872,,SliceDeviceOperation,1,1150.0
423936,,SliceDeviceOperation,1,1150.0
457728,,SliceDeviceOperation,1,1150.0
638976,,SliceDeviceOperation,1,1150.0
240640,,SliceDeviceOperation,1,1149.0
350208,,SliceDeviceOperation,1,1149.0
579584,,SliceDeviceOperation,1,1149.0
617472,,SliceDeviceOperation,1,1149.0
225280,,SliceDeviceOperation,1,1148.0
406528,,SliceDeviceOperation,1,1147.0
175104,,SliceDeviceOperation,1,1145.0
189440,,SliceDeviceOperation,1,1145.0
178176,,SliceDeviceOperation,1,1143.0
258048,,SliceDeviceOperation,1,1143.0
593920,,SliceDeviceOperation,1,1143.0
254976,,SliceDeviceOperation,1,1142.0
306176,,SliceDeviceOperation,1,1142.0
384000,,SliceDeviceOperation,1,1142.0
565248,,SliceDeviceOperation,1,1140.0
590848,,SliceDeviceOperation,1,1140.0
372736,,SliceDeviceOperation,1,1139.0
2282496,1,InterleavedToShardedDeviceOperation,32,1137.0
1651712,1,InterleavedToShardedDeviceOperation,32,1136.0
287744,,SliceDeviceOperation,1,1135.0
1995776,1,InterleavedToShardedDeviceOperation,32,1124.0
1720320,1,ShardedToInterleavedDeviceOperation,28,1116.0
2026496,1,ShardedToInterleavedDeviceOperation,32,1107.0
1892352,1,ShardedToInterleavedDeviceOperation,28,1075.0
2207744,1,ShardedToInterleavedDeviceOperation,28,1049.0
