op_id,replay,op_name,cores,duration_ns
1696768,,MatmulDeviceOperation,56,3315010.0
2591744,1,MatmulDeviceOperation,56,3299632.0
2593792,1,ArgMaxDeviceOperation,64,2728758.0
1698816,,ArgMaxDeviceOperation,64,2727368.0
458752,,CopyDeviceOperation,64,976671.0
635904,,CopyDeviceOperation,64,953356.0
519168,,CopyDeviceOperation,64,949673.0
415744,,CopyDeviceOperation,64,948633.0
531456,,CopyDeviceOperation,64,948508.0
626688,,CopyDeviceOperation,64,946211.0
390144,,CopyDeviceOperation,64,944102.0
687104,,CopyDeviceOperation,64,943791.0
457728,,CopyDeviceOperation,64,942382.0
553984,,CopyDeviceOperation,64,942090.0
552960,,CopyDeviceOperation,64,941442.0
389120,,CopyDeviceOperation,64,941049.0
760832,,CopyDeviceOperation,64,938688.0
653312,,CopyDeviceOperation,64,938523.0
583680,,CopyDeviceOperation,64,937908.0
516096,,CopyDeviceOperation,64,937533.0
801792,,CopyDeviceOperation,64,935187.0
762880,,CopyDeviceOperation,64,934782.0
712704,,CopyDeviceOperation,64,934396.0
396288,,CopyDeviceOperation,64,933967.0
335872,,CopyDeviceOperation,64,933725.0
174080,,CopyDeviceOperation,64,933099.0
314368,,CopyDeviceOperation,64,932926.0
633856,,CopyDeviceOperation,64,932046.0
313344,,CopyDeviceOperation,64,931961.0
536576,,CopyDeviceOperation,64,931906.0
708608,,CopyDeviceOperation,64,931650.0
618496,,CopyDeviceOperation,64,929906.0
751616,,CopyDeviceOperation,64,929866.0
797696,,CopyDeviceOperation,64,929841.0
530432,,CopyDeviceOperation,64,929770.0
627712,,CopyDeviceOperation,64,929549.0
484352,,CopyDeviceOperation,64,929376.0
486400,,CopyDeviceOperation,64,929115.0
520192,,CopyDeviceOperation,64,928028.0
729088,,CopyDeviceOperation,64,927764.0
277504,,CopyDeviceOperation,64,926943.0
344064,,CopyDeviceOperation,64,926833.0
434176,,CopyDeviceOperation,64,926817.0
433152,,CopyDeviceOperation,64,926631.0
274432,,CopyDeviceOperation,64,925946.0
485376,,CopyDeviceOperation,64,925440.0
637952,,CopyDeviceOperation,64,925071.0
278528,,CopyDeviceOperation,64,924848.0
241664,,CopyDeviceOperation,64,924536.0
537600,,CopyDeviceOperation,64,924361.0
798720,,CopyDeviceOperation,64,923899.0
276480,,CopyDeviceOperation,64,923717.0
387072,,CopyDeviceOperation,64,923655.0
275456,,CopyDeviceOperation,64,922605.0
800768,,CopyDeviceOperation,64,922562.0
273408,,CopyDeviceOperation,64,922382.0
628736,,CopyDeviceOperation,64,921876.0
478208,,CopyDeviceOperation,64,920739.0
416768,,CopyDeviceOperation,64,920681.0
655360,,CopyDeviceOperation,64,920078.0
479232,,CopyDeviceOperation,64,917506.0
692224,,CopyDeviceOperation,64,917452.0
614400,,CopyDeviceOperation,64,916891.0
698368,,CopyDeviceOperation,64,915888.0
634880,,CopyDeviceOperation,64,914393.0
271360,,CopyDeviceOperation,64,912131.0
707584,,CopyDeviceOperation,64,911646.0
711680,,CopyDeviceOperation,64,911263.0
189440,,CopyDeviceOperation,64,909916.0
731136,,CopyDeviceOperation,64,909785.0
654336,,CopyDeviceOperation,64,908637.0
385024,,CopyDeviceOperation,64,906924.0
693248,,CopyDeviceOperation,64,904196.0
686080,,CopyDeviceOperation,64,903351.0
517120,,CopyDeviceOperation,64,902980.0
799744,,CopyDeviceOperation,64,902262.0
730112,,CopyDeviceOperation,64,901827.0
518144,,CopyDeviceOperation,64,899857.0
343040,,CopyDeviceOperation,64,895849.0
713728,,CopyDeviceOperation,64,893879.0
598016,,CopyDeviceOperation,64,892684.0
272384,,CopyDeviceOperation,64,891485.0
525312,,CopyDeviceOperation,64,888734.0
395264,,CopyDeviceOperation,64,888311.0
312320,,CopyDeviceOperation,64,887329.0
388096,,CopyDeviceOperation,64,881107.0
750592,,CopyDeviceOperation,64,880068.0
625664,,CopyDeviceOperation,64,873885.0
2588672,1,MatmulDeviceOperation,64,540313.0
1759232,1,MatmulDeviceOperation,64,539515.0
2312192,1,MatmulDeviceOperation,64,539277.0
2004992,1,MatmulDeviceOperation,64,539197.0
1789952,1,MatmulDeviceOperation,64,539157.0
1943552,1,MatmulDeviceOperation,64,539152.0
2496512,1,MatmulDeviceOperation,64,539089.0
1974272,1,MatmulDeviceOperation,64,538950.0
2373632,1,MatmulDeviceOperation,64,538896.0
2404352,1,MatmulDeviceOperation,64,538871.0
2557952,1,MatmulDeviceOperation,64,538869.0
2342912,1,MatmulDeviceOperation,64,538858.0
2250752,1,MatmulDeviceOperation,64,538756.0
2035712,1,MatmulDeviceOperation,64,538750.0
1851392,1,MatmulDeviceOperation,64,538723.0
2127872,1,MatmulDeviceOperation,64,538720.0
2435072,1,MatmulDeviceOperation,64,538696.0
2189312,1,MatmulDeviceOperation,64,538683.0
2066432,1,MatmulDeviceOperation,64,538666.0
2527232,1,MatmulDeviceOperation,64,538620.0
1632256,,MatmulDeviceOperation,64,538379.0
2220032,1,MatmulDeviceOperation,64,538301.0
2158592,1,MatmulDeviceOperation,64,538221.0
1447936,,MatmulDeviceOperation,64,538198.0
2097152,1,MatmulDeviceOperation,64,538182.0
1540096,,MatmulDeviceOperation,64,538172.0
1882112,1,MatmulDeviceOperation,64,538159.0
1570816,,MatmulDeviceOperation,64,538126.0
956416,,MatmulDeviceOperation,64,538080.0
1386496,,MatmulDeviceOperation,64,538065.0
987136,,MatmulDeviceOperation,64,537996.0
1693696,,MatmulDeviceOperation,64,537992.0
1171456,,MatmulDeviceOperation,64,537964.0
1202176,,MatmulDeviceOperation,64,537953.0
1355776,,MatmulDeviceOperation,64,537929.0
1417216,,MatmulDeviceOperation,64,537926.0
925696,,MatmulDeviceOperation,64,537918.0
1294336,,MatmulDeviceOperation,64,537911.0
1017856,,MatmulDeviceOperation,64,537908.0
894976,,MatmulDeviceOperation,64,537870.0
2281472,1,MatmulDeviceOperation,64,537865.0
1912832,1,MatmulDeviceOperation,64,537843.0
864256,,MatmulDeviceOperation,64,537813.0
1048576,,MatmulDeviceOperation,64,537810.0
1079296,,MatmulDeviceOperation,64,537806.0
1662976,,MatmulDeviceOperation,64,537801.0
1601536,,MatmulDeviceOperation,64,537781.0
1478656,,MatmulDeviceOperation,64,537775.0
1140736,,MatmulDeviceOperation,64,537748.0
1325056,,MatmulDeviceOperation,64,537737.0
1110016,,MatmulDeviceOperation,64,537699.0
1509376,,MatmulDeviceOperation,64,537665.0
1263616,,MatmulDeviceOperation,64,537642.0
1232896,,MatmulDeviceOperation,64,537640.0
2465792,1,MatmulDeviceOperation,64,537594.0
1820672,1,MatmulDeviceOperation,64,537542.0
953344,,MatmulDeviceOperation,64,378980.0
1351680,,MatmulDeviceOperation,64,378542.0
1785856,1,MatmulDeviceOperation,64,378530.0
1847296,1,MatmulDeviceOperation,64,378340.0
984064,,MatmulDeviceOperation,64,378136.0
1536000,,MatmulDeviceOperation,64,378091.0
1475584,,MatmulDeviceOperation,64,378039.0
1878016,1,MatmulDeviceOperation,64,377952.0
2370560,1,MatmulDeviceOperation,64,377869.0
2123776,1,MatmulDeviceOperation,64,377835.0
1755136,1,MatmulDeviceOperation,64,377830.0
2277376,1,MatmulDeviceOperation,64,377812.0
1290240,,MatmulDeviceOperation,64,377774.0
1659904,,MatmulDeviceOperation,64,377759.0
1598464,,MatmulDeviceOperation,64,377739.0
1413120,,MatmulDeviceOperation,64,377713.0
2553856,1,MatmulDeviceOperation,64,377713.0
2462720,1,MatmulDeviceOperation,64,377702.0
1228800,,MatmulDeviceOperation,64,377664.0
2000896,1,MatmulDeviceOperation,64,377642.0
2400256,1,MatmulDeviceOperation,64,377588.0
2031616,1,MatmulDeviceOperation,64,377583.0
2309120,1,MatmulDeviceOperation,64,377574.0
2063360,1,MatmulDeviceOperation,64,377503.0
1689600,,MatmulDeviceOperation,64,377488.0
1198080,,MatmulDeviceOperation,64,377479.0
2093056,1,MatmulDeviceOperation,64,377466.0
1320960,,MatmulDeviceOperation,64,377460.0
921600,,MatmulDeviceOperation,64,377431.0
2062336,1,MatmulDeviceOperation,64,377404.0
1382400,,MatmulDeviceOperation,64,377397.0
861184,,MatmulDeviceOperation,64,377376.0
1167360,,MatmulDeviceOperation,64,377341.0
1014784,,MatmulDeviceOperation,64,377339.0
2461696,1,MatmulDeviceOperation,64,377334.0
2216960,1,MatmulDeviceOperation,64,377304.0
2492416,1,MatmulDeviceOperation,64,377267.0
2369536,1,MatmulDeviceOperation,64,377250.0
1229824,,MatmulDeviceOperation,64,377235.0
1970176,1,MatmulDeviceOperation,64,377224.0
2032640,1,MatmulDeviceOperation,64,377196.0
1848320,1,MatmulDeviceOperation,64,377192.0
1690624,,MatmulDeviceOperation,64,377170.0
1628160,,MatmulDeviceOperation,64,377164.0
1105920,,MatmulDeviceOperation,64,377162.0
1383424,,MatmulDeviceOperation,64,377162.0
1939456,1,MatmulDeviceOperation,64,377133.0
2246656,1,MatmulDeviceOperation,64,377118.0
1291264,,MatmulDeviceOperation,64,377110.0
1566720,,MatmulDeviceOperation,64,377096.0
890880,,MatmulDeviceOperation,64,377092.0
1597440,,MatmulDeviceOperation,64,377091.0
1075200,,MatmulDeviceOperation,64,377073.0
2308096,1,MatmulDeviceOperation,64,377055.0
2094080,1,MatmulDeviceOperation,64,377046.0
983040,,MatmulDeviceOperation,64,377039.0
2430976,1,MatmulDeviceOperation,64,377025.0
1537024,,MatmulDeviceOperation,64,377021.0
1199104,,MatmulDeviceOperation,64,377002.0
2185216,1,MatmulDeviceOperation,64,376995.0
1474560,,MatmulDeviceOperation,64,376986.0
1321984,,MatmulDeviceOperation,64,376967.0
2338816,1,MatmulDeviceOperation,64,376953.0
1259520,,MatmulDeviceOperation,64,376948.0
1443840,,MatmulDeviceOperation,64,376939.0
1013760,,MatmulDeviceOperation,64,376908.0
1044480,,MatmulDeviceOperation,64,376896.0
1168384,,MatmulDeviceOperation,64,376894.0
891904,,MatmulDeviceOperation,64,376882.0
1106944,,MatmulDeviceOperation,64,376882.0
2154496,1,MatmulDeviceOperation,64,376870.0
1629184,,MatmulDeviceOperation,64,376864.0
1567744,,MatmulDeviceOperation,64,376854.0
2523136,1,MatmulDeviceOperation,64,376834.0
1816576,1,MatmulDeviceOperation,64,376819.0
2001920,1,MatmulDeviceOperation,64,376811.0
1076224,,MatmulDeviceOperation,64,376804.0
1505280,,MatmulDeviceOperation,64,376803.0
2339840,1,MatmulDeviceOperation,64,376786.0
1756160,1,MatmulDeviceOperation,64,376778.0
952320,,MatmulDeviceOperation,64,376768.0
2584576,1,MatmulDeviceOperation,64,376687.0
2493440,1,MatmulDeviceOperation,64,376685.0
1506304,,MatmulDeviceOperation,64,376659.0
1414144,,MatmulDeviceOperation,64,376632.0
1260544,,MatmulDeviceOperation,64,376624.0
1908736,1,MatmulDeviceOperation,64,376616.0
1786880,1,MatmulDeviceOperation,64,376571.0
1137664,,MatmulDeviceOperation,64,376568.0
2124800,1,MatmulDeviceOperation,64,376537.0
1352704,,MatmulDeviceOperation,64,376532.0
2401280,1,MatmulDeviceOperation,64,376501.0
1444864,,MatmulDeviceOperation,64,376491.0
922624,,MatmulDeviceOperation,64,376460.0
1045504,,MatmulDeviceOperation,64,376447.0
1909760,1,MatmulDeviceOperation,64,376439.0
2278400,1,MatmulDeviceOperation,64,376437.0
2524160,1,MatmulDeviceOperation,64,376423.0
2215936,1,MatmulDeviceOperation,64,376370.0
1136640,,MatmulDeviceOperation,64,376362.0
1971200,1,MatmulDeviceOperation,64,376300.0
1658880,,MatmulDeviceOperation,64,376289.0
2554880,1,MatmulDeviceOperation,64,376181.0
2186240,1,MatmulDeviceOperation,64,376149.0
2155520,1,MatmulDeviceOperation,64,376037.0
1879040,1,MatmulDeviceOperation,64,375986.0
2432000,1,MatmulDeviceOperation,64,375981.0
860160,,MatmulDeviceOperation,64,375952.0
1817600,1,MatmulDeviceOperation,64,375470.0
1940480,1,MatmulDeviceOperation,64,375458.0
2585600,1,MatmulDeviceOperation,64,375401.0
2247680,1,MatmulDeviceOperation,64,374860.0
438272,,ConcatDeviceOperation,64,369098.0
596992,,ConcatDeviceOperation,64,364550.0
587776,,ConcatDeviceOperation,64,360562.0
591872,,ConcatDeviceOperation,64,360201.0
622592,,ConcatDeviceOperation,64,360075.0
755712,,ConcatDeviceOperation,64,359801.0
768000,,ConcatDeviceOperation,64,359146.0
735232,,ConcatDeviceOperation,64,357626.0
697344,,ConcatDeviceOperation,64,357119.0
240640,,ConcatDeviceOperation,64,356944.0
702464,,ConcatDeviceOperation,64,356888.0
632832,,ConcatDeviceOperation,64,356581.0
207872,,ConcatDeviceOperation,64,356445.0
394240,,ConcatDeviceOperation,64,355732.0
691200,,ConcatDeviceOperation,64,355208.0
529408,,ConcatDeviceOperation,64,351956.0
477184,,ConcatDeviceOperation,64,350639.0
483328,,ConcatDeviceOperation,64,350540.0
400384,,ConcatDeviceOperation,64,350324.0
319488,,ConcatDeviceOperation,64,348664.0
442368,,ConcatDeviceOperation,64,347515.0
282624,,ConcatDeviceOperation,64,347193.0
524288,,ConcatDeviceOperation,64,346878.0
535552,,ConcatDeviceOperation,64,346866.0
759808,,ConcatDeviceOperation,64,345712.0
340992,,ConcatDeviceOperation,64,345130.0
368640,,ConcatDeviceOperation,64,342726.0
364544,,ConcatDeviceOperation,64,334002.0
441344,,SliceDeviceOperation,64,272556.0
754688,,SliceDeviceOperation,64,271044.0
437248,,SliceDeviceOperation,64,270236.0
528384,,SliceDeviceOperation,64,269692.0
367616,,SliceDeviceOperation,64,269364.0
482304,,SliceDeviceOperation,64,268248.0
206848,,SliceDeviceOperation,64,266723.0
595968,,SliceDeviceOperation,64,265468.0
281600,,SliceDeviceOperation,64,265193.0
399360,,SliceDeviceOperation,64,265098.0
339968,,SliceDeviceOperation,64,265092.0
318464,,SliceDeviceOperation,64,264729.0
758784,,SliceDeviceOperation,64,264297.0
523264,,SliceDeviceOperation,64,263890.0
734208,,SliceDeviceOperation,64,263859.0
239616,,SliceDeviceOperation,64,263825.0
476160,,SliceDeviceOperation,64,263417.0
701440,,SliceDeviceOperation,64,263272.0
363520,,SliceDeviceOperation,64,263072.0
586752,,SliceDeviceOperation,64,262660.0
621568,,SliceDeviceOperation,64,262616.0
631808,,SliceDeviceOperation,64,261982.0
696320,,SliceDeviceOperation,64,261329.0
690176,,SliceDeviceOperation,64,260750.0
590848,,SliceDeviceOperation,64,260553.0
766976,,SliceDeviceOperation,64,259922.0
393216,,SliceDeviceOperation,64,258959.0
534528,,SliceDeviceOperation,64,256058.0
623616,,InterleavedToShardedDeviceOperation,12,251218.0
336896,,InterleavedToShardedDeviceOperation,12,250630.0
615424,,InterleavedToShardedDeviceOperation,12,250462.0
432128,,InterleavedToShardedDeviceOperation,12,250339.0
685056,,InterleavedToShardedDeviceOperation,12,250303.0
704512,,InterleavedToShardedDeviceOperation,12,250269.0
320512,,InterleavedToShardedDeviceOperation,12,250224.0
315392,,InterleavedToShardedDeviceOperation,12,250188.0
386048,,InterleavedToShardedDeviceOperation,12,250054.0
617472,,InterleavedToShardedDeviceOperation,12,250049.0
624640,,InterleavedToShardedDeviceOperation,12,249772.0
709632,,InterleavedToShardedDeviceOperation,12,249731.0
636928,,InterleavedToShardedDeviceOperation,12,249647.0
360448,,InterleavedToShardedDeviceOperation,12,249291.0
342016,,InterleavedToShardedDeviceOperation,12,249215.0
803840,,InterleavedToShardedDeviceOperation,12,249156.0
802816,,InterleavedToShardedDeviceOperation,12,249096.0
703488,,InterleavedToShardedDeviceOperation,12,249069.0
592896,,InterleavedToShardedDeviceOperation,12,249000.0
345088,,InterleavedToShardedDeviceOperation,12,248852.0
763904,,InterleavedToShardedDeviceOperation,12,248696.0
599040,,InterleavedToShardedDeviceOperation,12,248466.0
710656,,InterleavedToShardedDeviceOperation,12,248396.0
384000,,InterleavedToShardedDeviceOperation,12,248284.0
706560,,InterleavedToShardedDeviceOperation,12,248050.0
705536,,InterleavedToShardedDeviceOperation,12,247279.0
616448,,InterleavedToShardedDeviceOperation,12,247126.0
761856,,InterleavedToShardedDeviceOperation,12,247047.0
1697792,,UntilizeDeviceOperation,63,136652.0
2592768,1,UntilizeDeviceOperation,63,136535.0
1707008,1,LayerNormDeviceOperation,1,130433.0
812032,,LayerNormDeviceOperation,1,130385.0
2038784,1,MatmulDeviceOperation,56,92166.0
1793024,1,MatmulDeviceOperation,56,91910.0
1205248,,MatmulDeviceOperation,56,91580.0
1297408,,MatmulDeviceOperation,56,91549.0
2468864,1,MatmulDeviceOperation,56,90864.0
1113088,,MatmulDeviceOperation,56,90811.0
2561024,1,MatmulDeviceOperation,56,90658.0
2161664,1,MatmulDeviceOperation,56,90605.0
2100224,1,MatmulDeviceOperation,56,90474.0
1915904,1,MatmulDeviceOperation,56,90390.0
2407424,1,MatmulDeviceOperation,56,90333.0
1708032,1,MatmulDeviceOperation,48,90129.0
2223104,1,MatmulDeviceOperation,56,90070.0
2008064,1,MatmulDeviceOperation,56,89989.0
1946624,1,MatmulDeviceOperation,56,89955.0
2345984,1,MatmulDeviceOperation,56,89790.0
1174528,,MatmulDeviceOperation,56,89755.0
2376704,1,MatmulDeviceOperation,56,89688.0
2130944,1,MatmulDeviceOperation,56,89565.0
1854464,1,MatmulDeviceOperation,56,89503.0
1977344,1,MatmulDeviceOperation,56,89366.0
2192384,1,MatmulDeviceOperation,56,89293.0
1762304,1,MatmulDeviceOperation,56,89273.0
2284544,1,MatmulDeviceOperation,56,89235.0
2069504,1,MatmulDeviceOperation,56,89176.0
2315264,1,MatmulDeviceOperation,56,89170.0
2438144,1,MatmulDeviceOperation,56,89035.0
1235968,,MatmulDeviceOperation,56,89020.0
2530304,1,MatmulDeviceOperation,56,89012.0
2499584,1,MatmulDeviceOperation,56,88947.0
2253824,1,MatmulDeviceOperation,56,88916.0
1604608,,MatmulDeviceOperation,56,88692.0
1420288,,MatmulDeviceOperation,56,88659.0
1823744,1,MatmulDeviceOperation,56,88517.0
928768,,MatmulDeviceOperation,56,88498.0
1573888,,MatmulDeviceOperation,56,88448.0
1389568,,MatmulDeviceOperation,56,88319.0
867328,,MatmulDeviceOperation,56,88317.0
1543168,,MatmulDeviceOperation,56,88140.0
1020928,,MatmulDeviceOperation,56,88091.0
1082368,,MatmulDeviceOperation,56,88003.0
1512448,,MatmulDeviceOperation,56,87951.0
1451008,,MatmulDeviceOperation,56,87946.0
1635328,,MatmulDeviceOperation,56,87945.0
1885184,1,MatmulDeviceOperation,56,87802.0
1328128,,MatmulDeviceOperation,56,87797.0
1143808,,MatmulDeviceOperation,56,87741.0
1266688,,MatmulDeviceOperation,56,87701.0
990208,,MatmulDeviceOperation,56,87663.0
898048,,MatmulDeviceOperation,56,87649.0
1481728,,MatmulDeviceOperation,56,87618.0
1051648,,MatmulDeviceOperation,56,87570.0
959488,,MatmulDeviceOperation,56,87569.0
1666048,,MatmulDeviceOperation,56,87318.0
1358848,,MatmulDeviceOperation,56,87285.0
813056,,MatmulDeviceOperation,48,87272.0
1224704,,MatmulDeviceOperation,64,67869.0
1812480,1,MatmulDeviceOperation,64,67840.0
1439744,,MatmulDeviceOperation,64,67795.0
1843200,1,MatmulDeviceOperation,64,67696.0
2580480,1,MatmulDeviceOperation,64,67658.0
1562624,,MatmulDeviceOperation,64,67600.0
1873920,1,MatmulDeviceOperation,64,67516.0
1163264,,MatmulDeviceOperation,64,67460.0
978944,,MatmulDeviceOperation,64,67410.0
948224,,MatmulDeviceOperation,64,67345.0
2027520,1,MatmulDeviceOperation,64,67313.0
2211840,1,MatmulDeviceOperation,64,67275.0
2181120,1,MatmulDeviceOperation,64,67248.0
1935360,1,MatmulDeviceOperation,64,67198.0
2058240,1,MatmulDeviceOperation,64,67109.0
2457600,1,MatmulDeviceOperation,64,67100.0
1996800,1,MatmulDeviceOperation,64,67087.0
2273280,1,MatmulDeviceOperation,64,67081.0
1781760,1,MatmulDeviceOperation,64,67011.0
1751040,1,MatmulDeviceOperation,64,67003.0
2150400,1,MatmulDeviceOperation,64,66970.0
1654784,,MatmulDeviceOperation,64,66961.0
2242560,1,MatmulDeviceOperation,64,66936.0
2488320,1,MatmulDeviceOperation,64,66934.0
2396160,1,MatmulDeviceOperation,64,66889.0
1255424,,MatmulDeviceOperation,64,66878.0
1904640,1,MatmulDeviceOperation,64,66793.0
1347584,,MatmulDeviceOperation,64,66690.0
1286144,,MatmulDeviceOperation,64,66642.0
1685504,,MatmulDeviceOperation,64,66604.0
1132544,,MatmulDeviceOperation,64,66526.0
1071104,,MatmulDeviceOperation,64,66525.0
1624064,,MatmulDeviceOperation,64,66507.0
917504,,MatmulDeviceOperation,64,66481.0
2519040,1,MatmulDeviceOperation,64,66448.0
2426880,1,MatmulDeviceOperation,64,66441.0
856064,,MatmulDeviceOperation,64,66433.0
1316864,,MatmulDeviceOperation,64,66341.0
1470464,,MatmulDeviceOperation,64,66316.0
2549760,1,MatmulDeviceOperation,64,66278.0
1378304,,MatmulDeviceOperation,64,66258.0
1501184,,MatmulDeviceOperation,64,66217.0
1193984,,MatmulDeviceOperation,64,66199.0
1409024,,MatmulDeviceOperation,64,66187.0
1101824,,MatmulDeviceOperation,64,66149.0
1040384,,MatmulDeviceOperation,64,66143.0
2119680,1,MatmulDeviceOperation,64,66129.0
886784,,MatmulDeviceOperation,64,66117.0
1531904,,MatmulDeviceOperation,64,66108.0
2365440,1,MatmulDeviceOperation,64,66059.0
1009664,,MatmulDeviceOperation,64,66015.0
2088960,1,MatmulDeviceOperation,64,65903.0
2334720,1,MatmulDeviceOperation,64,65895.0
1966080,1,MatmulDeviceOperation,64,65887.0
2304000,1,MatmulDeviceOperation,64,65794.0
1593344,,MatmulDeviceOperation,64,65779.0
619520,,SliceDeviceOperation,64,53756.0
756736,,SliceDeviceOperation,64,53742.0
699392,,SliceDeviceOperation,64,53287.0
588800,,SliceDeviceOperation,64,53151.0
688128,,SliceDeviceOperation,64,53148.0
584704,,SliceDeviceOperation,64,53105.0
764928,,SliceDeviceOperation,64,53033.0
532480,,SliceDeviceOperation,64,52907.0
694272,,SliceDeviceOperation,64,52717.0
279552,,SliceDeviceOperation,64,52703.0
439296,,SliceDeviceOperation,64,52328.0
361472,,SliceDeviceOperation,64,52318.0
316416,,SliceDeviceOperation,64,52224.0
629760,,SliceDeviceOperation,64,52053.0
204800,,SliceDeviceOperation,64,52023.0
435200,,SliceDeviceOperation,64,51993.0
337920,,SliceDeviceOperation,64,51762.0
474112,,SliceDeviceOperation,64,51518.0
521216,,SliceDeviceOperation,64,51449.0
526336,,SliceDeviceOperation,64,51418.0
237568,,SliceDeviceOperation,64,51115.0
365568,,SliceDeviceOperation,64,51107.0
391168,,SliceDeviceOperation,64,51099.0
238592,,SliceDeviceOperation,64,50989.0
480256,,SliceDeviceOperation,64,50918.0
75776,,TilizeDeviceOperation,64,50790.0
4096,,TilizeDeviceOperation,64,50774.0
752640,,SliceDeviceOperation,64,50745.0
732160,,SliceDeviceOperation,64,50731.0
397312,,SliceDeviceOperation,64,50652.0
83968,,TilizeDeviceOperation,64,50490.0
593920,,SliceDeviceOperation,64,50346.0
440320,,SliceDeviceOperation,64,50189.0
22528,,TilizeDeviceOperation,64,50156.0
81920,,TilizeDeviceOperation,64,49915.0
8192,,TilizeDeviceOperation,64,49907.0
2048,,TilizeDeviceOperation,64,49889.0
436224,,SliceDeviceOperation,64,49778.0
475136,,SliceDeviceOperation,64,49711.0
106496,,TilizeDeviceOperation,64,49639.0
753664,,SliceDeviceOperation,64,49537.0
102400,,TilizeDeviceOperation,64,49395.0
205824,,SliceDeviceOperation,64,49180.0
594944,,SliceDeviceOperation,64,49165.0
126976,,TilizeDeviceOperation,64,49161.0
362496,,SliceDeviceOperation,64,49019.0
695296,,SliceDeviceOperation,64,48955.0
34816,,TilizeDeviceOperation,64,48938.0
65536,,TilizeDeviceOperation,64,48931.0
139264,,TilizeDeviceOperation,64,48921.0
40960,,TilizeDeviceOperation,64,48891.0
527360,,SliceDeviceOperation,64,48798.0
366592,,SliceDeviceOperation,64,48698.0
700416,,SliceDeviceOperation,64,48684.0
169984,,TilizeDeviceOperation,64,48676.0
398336,,SliceDeviceOperation,64,48566.0
317440,,SliceDeviceOperation,64,48563.0
131072,,TilizeDeviceOperation,64,48498.0
145408,,TilizeDeviceOperation,64,48498.0
733184,,SliceDeviceOperation,64,48415.0
392192,,SliceDeviceOperation,64,48411.0
338944,,SliceDeviceOperation,64,48335.0
16384,,TilizeDeviceOperation,64,48300.0
585728,,SliceDeviceOperation,64,48289.0
133120,,TilizeDeviceOperation,64,48288.0
149504,,TilizeDeviceOperation,64,48180.0
47104,,TilizeDeviceOperation,64,48175.0
689152,,SliceDeviceOperation,64,48160.0
120832,,TilizeDeviceOperation,64,48153.0
63488,,TilizeDeviceOperation,64,48151.0
630784,,SliceDeviceOperation,64,48148.0
77824,,TilizeDeviceOperation,64,48147.0
533504,,SliceDeviceOperation,64,48141.0
522240,,SliceDeviceOperation,64,48116.0
589824,,SliceDeviceOperation,64,48086.0
481280,,SliceDeviceOperation,64,48002.0
38912,,TilizeDeviceOperation,64,47936.0
88064,,TilizeDeviceOperation,64,47933.0
765952,,SliceDeviceOperation,64,47929.0
280576,,SliceDeviceOperation,64,47903.0
100352,,TilizeDeviceOperation,64,47895.0
69632,,TilizeDeviceOperation,64,47815.0
10240,,TilizeDeviceOperation,64,47757.0
53248,,TilizeDeviceOperation,64,47751.0
26624,,TilizeDeviceOperation,64,47742.0
620544,,SliceDeviceOperation,64,47721.0
118784,,TilizeDeviceOperation,64,47681.0
167936,,TilizeDeviceOperation,64,47678.0
163840,,TilizeDeviceOperation,64,47641.0
161792,,TilizeDeviceOperation,64,47616.0
757760,,SliceDeviceOperation,64,47559.0
71680,,TilizeDeviceOperation,64,47489.0
108544,,TilizeDeviceOperation,64,47469.0
137216,,TilizeDeviceOperation,64,47456.0
124928,,TilizeDeviceOperation,64,47394.0
90112,,TilizeDeviceOperation,64,47336.0
32768,,TilizeDeviceOperation,64,47306.0
2510848,1,SdpaDecodeDeviceOperation,64,47257.0
57344,,TilizeDeviceOperation,64,47241.0
155648,,TilizeDeviceOperation,64,47223.0
20480,,TilizeDeviceOperation,64,47215.0
151552,,TilizeDeviceOperation,64,47173.0
45056,,TilizeDeviceOperation,64,47053.0
94208,,TilizeDeviceOperation,64,47053.0
143360,,TilizeDeviceOperation,64,47029.0
51200,,TilizeDeviceOperation,64,46927.0
96256,,TilizeDeviceOperation,64,46876.0
59392,,TilizeDeviceOperation,64,46810.0
2203648,1,SdpaDecodeDeviceOperation,64,46766.0
114688,,TilizeDeviceOperation,64,46740.0
28672,,TilizeDeviceOperation,64,46703.0
14336,,TilizeDeviceOperation,64,46552.0
157696,,TilizeDeviceOperation,64,46349.0
112640,,TilizeDeviceOperation,64,46266.0
2387968,1,SdpaDecodeDeviceOperation,64,46239.0
2541568,1,SdpaDecodeDeviceOperation,64,46215.0
1339392,,SdpaDecodeDeviceOperation,64,46039.0
1185792,,SdpaDecodeDeviceOperation,64,46026.0
878592,,SdpaDecodeDeviceOperation,64,46005.0
1124352,,SdpaDecodeDeviceOperation,64,46004.0
1739776,1,SdpaDecodeDeviceOperation,64,46001.0
1370112,,SdpaDecodeDeviceOperation,64,45841.0
1093632,,SdpaDecodeDeviceOperation,64,45766.0
1032192,,SdpaDecodeDeviceOperation,64,45720.0
2295808,1,SdpaDecodeDeviceOperation,64,45568.0
970752,,SdpaDecodeDeviceOperation,64,45562.0
1677312,,SdpaDecodeDeviceOperation,64,45519.0
1277952,,SdpaDecodeDeviceOperation,64,45503.0
1400832,,SdpaDecodeDeviceOperation,64,45501.0
1462272,,SdpaDecodeDeviceOperation,64,45486.0
1865728,1,SdpaDecodeDeviceOperation,64,45467.0
1308672,,SdpaDecodeDeviceOperation,64,45441.0
1554432,,SdpaDecodeDeviceOperation,64,45436.0
1062912,,SdpaDecodeDeviceOperation,64,45415.0
844800,,SdpaDecodeDeviceOperation,64,45384.0
1585152,,SdpaDecodeDeviceOperation,64,45272.0
1216512,,SdpaDecodeDeviceOperation,64,45237.0
1492992,,SdpaDecodeDeviceOperation,64,45163.0
909312,,SdpaDecodeDeviceOperation,64,45151.0
2172928,1,SdpaDecodeDeviceOperation,64,45111.0
1247232,,SdpaDecodeDeviceOperation,64,45047.0
1523712,,SdpaDecodeDeviceOperation,64,44918.0
940032,,SdpaDecodeDeviceOperation,64,44916.0
2265088,1,SdpaDecodeDeviceOperation,64,44892.0
2019328,1,SdpaDecodeDeviceOperation,64,44845.0
2080768,1,SdpaDecodeDeviceOperation,64,44765.0
2572288,1,SdpaDecodeDeviceOperation,64,44754.0
1155072,,SdpaDecodeDeviceOperation,64,44750.0
1431552,,SdpaDecodeDeviceOperation,64,44694.0
244736,,TilizeWithValPaddingDeviceOperation,1,44689.0
214016,,TilizeWithValPaddingDeviceOperation,1,44681.0
489472,,TilizeWithValPaddingDeviceOperation,1,44650.0
574464,,TilizeWithValPaddingDeviceOperation,1,44638.0
448512,,TilizeWithValPaddingDeviceOperation,1,44635.0
464896,,TilizeWithValPaddingDeviceOperation,1,44616.0
1646592,,SdpaDecodeDeviceOperation,64,44614.0
262144,,TilizeWithValPaddingDeviceOperation,1,44609.0
228352,,TilizeWithValPaddingDeviceOperation,1,44601.0
605184,,TilizeWithValPaddingDeviceOperation,1,44601.0
738304,,TilizeWithValPaddingDeviceOperation,1,44597.0
2050048,1,SdpaDecodeDeviceOperation,64,44595.0
658432,,TilizeWithValPaddingDeviceOperation,1,44593.0
675840,,TilizeWithValPaddingDeviceOperation,1,44574.0
259072,,TilizeWithValPaddingDeviceOperation,1,44573.0
285696,,TilizeWithValPaddingDeviceOperation,1,44569.0
741376,,TilizeWithValPaddingDeviceOperation,1,44569.0
540672,,TilizeWithValPaddingDeviceOperation,1,44566.0
177152,,TilizeWithValPaddingDeviceOperation,1,44564.0
672768,,TilizeWithValPaddingDeviceOperation,1,44564.0
788480,,TilizeWithValPaddingDeviceOperation,1,44562.0
303104,,TilizeWithValPaddingDeviceOperation,1,44561.0
771072,,TilizeWithValPaddingDeviceOperation,1,44561.0
348160,,TilizeWithValPaddingDeviceOperation,1,44560.0
300032,,TilizeWithValPaddingDeviceOperation,1,44558.0
371712,,TilizeWithValPaddingDeviceOperation,1,44558.0
195584,,TilizeWithValPaddingDeviceOperation,1,44557.0
716800,,TilizeWithValPaddingDeviceOperation,1,44553.0
419840,,TilizeWithValPaddingDeviceOperation,1,44550.0
180224,,TilizeWithValPaddingDeviceOperation,1,44549.0
403456,,TilizeWithValPaddingDeviceOperation,1,44549.0
602112,,TilizeWithValPaddingDeviceOperation,1,44544.0
644096,,TilizeWithValPaddingDeviceOperation,1,44541.0
374784,,TilizeWithValPaddingDeviceOperation,1,44539.0
351232,,TilizeWithValPaddingDeviceOperation,1,44535.0
326656,,TilizeWithValPaddingDeviceOperation,1,44533.0
1001472,,SdpaDecodeDeviceOperation,64,44533.0
192512,,TilizeWithValPaddingDeviceOperation,1,44531.0
210944,,TilizeWithValPaddingDeviceOperation,1,44531.0
543744,,TilizeWithValPaddingDeviceOperation,1,44530.0
641024,,TilizeWithValPaddingDeviceOperation,1,44528.0
560128,,TilizeWithValPaddingDeviceOperation,1,44517.0
422912,,TilizeWithValPaddingDeviceOperation,1,44511.0
774144,,TilizeWithValPaddingDeviceOperation,1,44511.0
288768,,TilizeWithValPaddingDeviceOperation,1,44510.0
323584,,TilizeWithValPaddingDeviceOperation,1,44510.0
506880,,TilizeWithValPaddingDeviceOperation,1,44507.0
785408,,TilizeWithValPaddingDeviceOperation,1,44507.0
492544,,TilizeWithValPaddingDeviceOperation,1,44502.0
406528,,TilizeWithValPaddingDeviceOperation,1,44493.0
571392,,TilizeWithValPaddingDeviceOperation,1,44493.0
247808,,TilizeWithValPaddingDeviceOperation,1,44492.0
445440,,TilizeWithValPaddingDeviceOperation,1,44491.0
461824,,TilizeWithValPaddingDeviceOperation,1,44486.0
661504,,TilizeWithValPaddingDeviceOperation,1,44473.0
225280,,TilizeWithValPaddingDeviceOperation,1,44472.0
1896448,1,SdpaDecodeDeviceOperation,64,44461.0
719872,,TilizeWithValPaddingDeviceOperation,1,44456.0
503808,,TilizeWithValPaddingDeviceOperation,1,44455.0
557056,,TilizeWithValPaddingDeviceOperation,1,44447.0
2142208,1,SdpaDecodeDeviceOperation,64,44387.0
2449408,1,SdpaDecodeDeviceOperation,64,44266.0
1773568,1,SdpaDecodeDeviceOperation,64,44223.0
2326528,1,SdpaDecodeDeviceOperation,64,44187.0
2357248,1,SdpaDecodeDeviceOperation,64,44155.0
1957888,1,SdpaDecodeDeviceOperation,64,44104.0
1615872,,SdpaDecodeDeviceOperation,64,44055.0
2111488,1,SdpaDecodeDeviceOperation,64,44003.0
2418688,1,SdpaDecodeDeviceOperation,64,43985.0
1835008,1,SdpaDecodeDeviceOperation,64,43934.0
1804288,1,SdpaDecodeDeviceOperation,64,43634.0
2234368,1,SdpaDecodeDeviceOperation,64,43397.0
1927168,1,SdpaDecodeDeviceOperation,64,43241.0
1988608,1,SdpaDecodeDeviceOperation,64,43166.0
2480128,1,SdpaDecodeDeviceOperation,64,42622.0
84992,,TypecastDeviceOperation,64,37453.0
113664,,TypecastDeviceOperation,64,36865.0
3072,,TypecastDeviceOperation,64,36852.0
146432,,TypecastDeviceOperation,64,36851.0
48128,,TypecastDeviceOperation,64,36643.0
128000,,TypecastDeviceOperation,64,36506.0
134144,,TypecastDeviceOperation,64,36504.0
23552,,TypecastDeviceOperation,64,36375.0
119808,,TypecastDeviceOperation,64,36291.0
89088,,TypecastDeviceOperation,64,36141.0
168960,,TypecastDeviceOperation,64,36065.0
64512,,TypecastDeviceOperation,64,36064.0
9216,,TypecastDeviceOperation,64,35931.0
150528,,TypecastDeviceOperation,64,35916.0
82944,,TypecastDeviceOperation,64,35899.0
121856,,TypecastDeviceOperation,64,35860.0
60416,,TypecastDeviceOperation,64,35850.0
17408,,TypecastDeviceOperation,64,35799.0
5120,,TypecastDeviceOperation,64,35795.0
66560,,TypecastDeviceOperation,64,35762.0
103424,,TypecastDeviceOperation,64,35761.0
27648,,TypecastDeviceOperation,64,35743.0
1705984,1,EmbeddingsDeviceOperation,1,35723.0
76800,,TypecastDeviceOperation,64,35652.0
144384,,TypecastDeviceOperation,64,35637.0
140288,,TypecastDeviceOperation,64,35617.0
152576,,TypecastDeviceOperation,64,35575.0
101376,,TypecastDeviceOperation,64,35548.0
46080,,TypecastDeviceOperation,64,35479.0
132096,,TypecastDeviceOperation,64,35474.0
107520,,TypecastDeviceOperation,64,35459.0
95232,,TypecastDeviceOperation,64,35370.0
21504,,TypecastDeviceOperation,64,35361.0
35840,,TypecastDeviceOperation,64,35316.0
72704,,TypecastDeviceOperation,64,35314.0
39936,,TypecastDeviceOperation,64,35310.0
91136,,TypecastDeviceOperation,64,35274.0
109568,,TypecastDeviceOperation,64,35265.0
171008,,TypecastDeviceOperation,64,35263.0
33792,,TypecastDeviceOperation,64,35259.0
164864,,TypecastDeviceOperation,64,35245.0
97280,,TypecastDeviceOperation,64,35217.0
58368,,TypecastDeviceOperation,64,35159.0
54272,,TypecastDeviceOperation,64,35117.0
15360,,TypecastDeviceOperation,64,35062.0
811008,,EmbeddingsDeviceOperation,1,35056.0
52224,,TypecastDeviceOperation,64,35027.0
41984,,TypecastDeviceOperation,64,34998.0
11264,,TypecastDeviceOperation,64,34926.0
70656,,TypecastDeviceOperation,64,34797.0
78848,,TypecastDeviceOperation,64,34738.0
138240,,TypecastDeviceOperation,64,34732.0
125952,,TypecastDeviceOperation,64,34650.0
115712,,TypecastDeviceOperation,64,34644.0
156672,,TypecastDeviceOperation,64,34632.0
162816,,TypecastDeviceOperation,64,34591.0
158720,,TypecastDeviceOperation,64,34572.0
29696,,TypecastDeviceOperation,64,34413.0
2310144,1,BinaryNgDeviceOperation,64,27560.0
2371584,1,BinaryNgDeviceOperation,64,27120.0
2187264,1,BinaryNgDeviceOperation,64,27115.0
2002944,1,BinaryNgDeviceOperation,64,27105.0
2555904,1,BinaryNgDeviceOperation,64,27104.0
2248704,1,BinaryNgDeviceOperation,64,27100.0
1941504,1,BinaryNgDeviceOperation,64,27096.0
2064384,1,BinaryNgDeviceOperation,64,27094.0
2494464,1,BinaryNgDeviceOperation,64,27094.0
2033664,1,BinaryNgDeviceOperation,64,27093.0
1757184,1,BinaryNgDeviceOperation,64,27092.0
1910784,1,BinaryNgDeviceOperation,64,27091.0
1818624,1,BinaryNgDeviceOperation,64,27086.0
2125824,1,BinaryNgDeviceOperation,64,27083.0
1787904,1,BinaryNgDeviceOperation,64,27078.0
2402304,1,BinaryNgDeviceOperation,64,27078.0
1880064,1,BinaryNgDeviceOperation,64,27076.0
1849344,1,BinaryNgDeviceOperation,64,27070.0
2279424,1,BinaryNgDeviceOperation,64,27068.0
2340864,1,BinaryNgDeviceOperation,64,27068.0
2525184,1,BinaryNgDeviceOperation,64,27067.0
2217984,1,BinaryNgDeviceOperation,64,27066.0
2156544,1,BinaryNgDeviceOperation,64,27065.0
2433024,1,BinaryNgDeviceOperation,64,27064.0
1972224,1,BinaryNgDeviceOperation,64,27062.0
2095104,1,BinaryNgDeviceOperation,64,27062.0
2586624,1,BinaryNgDeviceOperation,64,27061.0
2463744,1,BinaryNgDeviceOperation,64,27055.0
1077248,,BinaryNgDeviceOperation,64,27016.0
862208,,BinaryNgDeviceOperation,64,27011.0
1691648,,BinaryNgDeviceOperation,64,27010.0
985088,,BinaryNgDeviceOperation,64,27005.0
1323008,,BinaryNgDeviceOperation,64,27004.0
1538048,,BinaryNgDeviceOperation,64,27004.0
892928,,BinaryNgDeviceOperation,64,26999.0
1507328,,BinaryNgDeviceOperation,64,26999.0
1660928,,BinaryNgDeviceOperation,64,26998.0
923648,,BinaryNgDeviceOperation,64,26991.0
1261568,,BinaryNgDeviceOperation,64,26987.0
1445888,,BinaryNgDeviceOperation,64,26986.0
954368,,BinaryNgDeviceOperation,64,26984.0
1230848,,BinaryNgDeviceOperation,64,26984.0
1384448,,BinaryNgDeviceOperation,64,26984.0
1599488,,BinaryNgDeviceOperation,64,26984.0
1169408,,BinaryNgDeviceOperation,64,26981.0
1568768,,BinaryNgDeviceOperation,64,26981.0
1107968,,BinaryNgDeviceOperation,64,26980.0
1353728,,BinaryNgDeviceOperation,64,26979.0
1630208,,BinaryNgDeviceOperation,64,26979.0
1292288,,BinaryNgDeviceOperation,64,26978.0
1476608,,BinaryNgDeviceOperation,64,26978.0
1200128,,BinaryNgDeviceOperation,64,26977.0
1046528,,BinaryNgDeviceOperation,64,26974.0
1015808,,BinaryNgDeviceOperation,64,26971.0
1138688,,BinaryNgDeviceOperation,64,26965.0
1415168,,BinaryNgDeviceOperation,64,26959.0
1126400,,TernaryDeviceOperation,64,26837.0
1095680,,TernaryDeviceOperation,64,26769.0
1648640,,TernaryDeviceOperation,64,26732.0
1280000,,TernaryDeviceOperation,64,26699.0
1587200,,TernaryDeviceOperation,64,26667.0
1310720,,TernaryDeviceOperation,64,26666.0
1034240,,TernaryDeviceOperation,64,26543.0
1402880,,TernaryDeviceOperation,64,26534.0
1556480,,TernaryDeviceOperation,64,26531.0
1617920,,TernaryDeviceOperation,64,26520.0
1495040,,TernaryDeviceOperation,64,26505.0
2420736,1,TernaryDeviceOperation,64,26482.0
1157120,,TernaryDeviceOperation,64,26481.0
1679360,,TernaryDeviceOperation,64,26471.0
1433600,,TernaryDeviceOperation,64,26466.0
972800,,TernaryDeviceOperation,64,26426.0
1464320,,TernaryDeviceOperation,64,26424.0
1837056,1,TernaryDeviceOperation,64,26421.0
880640,,TernaryDeviceOperation,64,26405.0
1064960,,TernaryDeviceOperation,64,26384.0
1218560,,TernaryDeviceOperation,64,26377.0
942080,,TernaryDeviceOperation,64,26369.0
1372160,,TernaryDeviceOperation,64,26364.0
849920,,TernaryDeviceOperation,64,26341.0
1249280,,TernaryDeviceOperation,64,26333.0
1525760,,TernaryDeviceOperation,64,26329.0
1003520,,TernaryDeviceOperation,64,26316.0
911360,,TernaryDeviceOperation,64,26284.0
2543616,1,TernaryDeviceOperation,64,26247.0
1341440,,TernaryDeviceOperation,64,26218.0
1187840,,TernaryDeviceOperation,64,26138.0
1775616,1,TernaryDeviceOperation,64,26123.0
2297856,1,TernaryDeviceOperation,64,26104.0
1867776,1,TernaryDeviceOperation,64,26020.0
2205696,1,TernaryDeviceOperation,64,25916.0
2113536,1,TernaryDeviceOperation,64,25891.0
2359296,1,TernaryDeviceOperation,64,25794.0
1744896,1,TernaryDeviceOperation,64,25776.0
2052096,1,TernaryDeviceOperation,64,25757.0
2236416,1,TernaryDeviceOperation,64,25725.0
2021376,1,TernaryDeviceOperation,64,25717.0
2144256,1,TernaryDeviceOperation,64,25688.0
1959936,1,TernaryDeviceOperation,64,25666.0
2482176,1,TernaryDeviceOperation,64,25655.0
1806336,1,TernaryDeviceOperation,64,25559.0
2451456,1,TernaryDeviceOperation,64,25514.0
2574336,1,TernaryDeviceOperation,64,25402.0
2390016,1,TernaryDeviceOperation,64,25387.0
2328576,1,TernaryDeviceOperation,64,25374.0
1898496,1,TernaryDeviceOperation,64,25373.0
1929216,1,TernaryDeviceOperation,64,25368.0
2082816,1,TernaryDeviceOperation,64,25362.0
2512896,1,TernaryDeviceOperation,64,25334.0
1990656,1,TernaryDeviceOperation,64,25169.0
1727488,1,TernaryDeviceOperation,64,25125.0
2174976,1,TernaryDeviceOperation,64,25084.0
2267136,1,TernaryDeviceOperation,64,24837.0
832512,,TernaryDeviceOperation,64,24777.0
2562048,1,NLPCreateQKVHeadsDecodeDeviceOperation,32,20524.0
2131968,1,NLPCreateQKVHeadsDecodeDeviceOperation,32,20109.0
1709056,1,NLPCreateQKVHeadsDecodeDeviceOperation,32,19954.0
1052672,,NLPCreateQKVHeadsDecodeDeviceOperation,32,19851.0
1636352,,NLPCreateQKVHeadsDecodeDeviceOperation,32,19787.0
1452032,,NLPCreateQKVHeadsDecodeDeviceOperation,32,19746.0
1667072,,NLPCreateQKVHeadsDecodeDeviceOperation,32,19689.0
1544192,,NLPCreateQKVHeadsDecodeDeviceOperation,32,19680.0
1021952,,NLPCreateQKVHeadsDecodeDeviceOperation,32,19676.0
1083392,,NLPCreateQKVHeadsDecodeDeviceOperation,32,19654.0
2439168,1,NLPCreateQKVHeadsDecodeDeviceOperation,32,19638.0
1605632,,NLPCreateQKVHeadsDecodeDeviceOperation,32,19631.0
991232,,NLPCreateQKVHeadsDecodeDeviceOperation,32,19618.0
1236992,,NLPCreateQKVHeadsDecodeDeviceOperation,32,19617.0
2500608,1,NLPCreateQKVHeadsDecodeDeviceOperation,32,19594.0
1390592,,NLPCreateQKVHeadsDecodeDeviceOperation,32,19593.0
1114112,,NLPCreateQKVHeadsDecodeDeviceOperation,32,19591.0
1267712,,NLPCreateQKVHeadsDecodeDeviceOperation,32,19591.0
899072,,NLPCreateQKVHeadsDecodeDeviceOperation,32,19589.0
2377728,1,NLPCreateQKVHeadsDecodeDeviceOperation,32,19581.0
960512,,NLPCreateQKVHeadsDecodeDeviceOperation,32,19579.0
929792,,NLPCreateQKVHeadsDecodeDeviceOperation,32,19548.0
1359872,,NLPCreateQKVHeadsDecodeDeviceOperation,32,19547.0
2531328,1,NLPCreateQKVHeadsDecodeDeviceOperation,32,19544.0
2469888,1,NLPCreateQKVHeadsDecodeDeviceOperation,32,19533.0
1421312,,NLPCreateQKVHeadsDecodeDeviceOperation,32,19532.0
868352,,NLPCreateQKVHeadsDecodeDeviceOperation,32,19531.0
1175552,,NLPCreateQKVHeadsDecodeDeviceOperation,32,19525.0
814080,,NLPCreateQKVHeadsDecodeDeviceOperation,32,19515.0
2039808,1,NLPCreateQKVHeadsDecodeDeviceOperation,32,19506.0
1574912,,NLPCreateQKVHeadsDecodeDeviceOperation,32,19502.0
1206272,,NLPCreateQKVHeadsDecodeDeviceOperation,32,19477.0
1329152,,NLPCreateQKVHeadsDecodeDeviceOperation,32,19477.0
2162688,1,NLPCreateQKVHeadsDecodeDeviceOperation,32,19469.0
2254848,1,NLPCreateQKVHeadsDecodeDeviceOperation,32,19469.0
1482752,,NLPCreateQKVHeadsDecodeDeviceOperation,32,19466.0
2070528,1,NLPCreateQKVHeadsDecodeDeviceOperation,32,19451.0
2408448,1,NLPCreateQKVHeadsDecodeDeviceOperation,32,19450.0
2009088,1,NLPCreateQKVHeadsDecodeDeviceOperation,32,19433.0
1978368,1,NLPCreateQKVHeadsDecodeDeviceOperation,32,19425.0
1916928,1,NLPCreateQKVHeadsDecodeDeviceOperation,32,19391.0
1298432,,NLPCreateQKVHeadsDecodeDeviceOperation,32,19387.0
1763328,1,NLPCreateQKVHeadsDecodeDeviceOperation,32,19376.0
1513472,,NLPCreateQKVHeadsDecodeDeviceOperation,32,19367.0
2285568,1,NLPCreateQKVHeadsDecodeDeviceOperation,32,19339.0
1855488,1,NLPCreateQKVHeadsDecodeDeviceOperation,32,19320.0
2193408,1,NLPCreateQKVHeadsDecodeDeviceOperation,32,19312.0
1144832,,NLPCreateQKVHeadsDecodeDeviceOperation,32,19309.0
2316288,1,NLPCreateQKVHeadsDecodeDeviceOperation,32,19288.0
2224128,1,NLPCreateQKVHeadsDecodeDeviceOperation,32,19280.0
1886208,1,NLPCreateQKVHeadsDecodeDeviceOperation,32,19270.0
2101248,1,NLPCreateQKVHeadsDecodeDeviceOperation,32,19263.0
2347008,1,NLPCreateQKVHeadsDecodeDeviceOperation,32,19238.0
1947648,1,NLPCreateQKVHeadsDecodeDeviceOperation,32,19165.0
1824768,1,NLPCreateQKVHeadsDecodeDeviceOperation,32,19081.0
1794048,1,NLPCreateQKVHeadsDecodeDeviceOperation,32,19069.0
809984,,ReshapeViewDeviceOperation,64,16579.0
1704960,1,ReshapeViewDeviceOperation,64,16332.0
838656,,RotaryEmbeddingDeviceOperation,32,15516.0
1392640,,RotaryEmbeddingDeviceOperation,32,15493.0
1239040,,RotaryEmbeddingDeviceOperation,32,15455.0
826368,,RotaryEmbeddingDeviceOperation,32,15398.0
1300480,,RotaryEmbeddingDeviceOperation,32,15371.0
993280,,RotaryEmbeddingDeviceOperation,32,15369.0
1116160,,RotaryEmbeddingDeviceOperation,32,15369.0
1336320,,RotaryEmbeddingDeviceOperation,32,15363.0
1331200,,RotaryEmbeddingDeviceOperation,32,15360.0
1607680,,RotaryEmbeddingDeviceOperation,32,15354.0
1152000,,RotaryEmbeddingDeviceOperation,32,15331.0
906240,,RotaryEmbeddingDeviceOperation,32,15304.0
1459200,,RotaryEmbeddingDeviceOperation,32,15287.0
962560,,RotaryEmbeddingDeviceOperation,32,15273.0
875520,,RotaryEmbeddingDeviceOperation,32,15268.0
1090560,,RotaryEmbeddingDeviceOperation,32,15184.0
1054720,,RotaryEmbeddingDeviceOperation,32,15181.0
1582080,,RotaryEmbeddingDeviceOperation,32,15179.0
1213440,,RotaryEmbeddingDeviceOperation,32,15178.0
1024000,,RotaryEmbeddingDeviceOperation,32,15177.0
1423360,,RotaryEmbeddingDeviceOperation,32,15172.0
931840,,RotaryEmbeddingDeviceOperation,32,15170.0
1454080,,RotaryEmbeddingDeviceOperation,32,15161.0
998400,,RotaryEmbeddingDeviceOperation,32,15160.0
1551360,,RotaryEmbeddingDeviceOperation,32,15147.0
1674240,,RotaryEmbeddingDeviceOperation,32,15139.0
1244160,,RotaryEmbeddingDeviceOperation,32,15133.0
1367040,,RotaryEmbeddingDeviceOperation,32,15131.0
1612800,,RotaryEmbeddingDeviceOperation,32,15131.0
1397760,,RotaryEmbeddingDeviceOperation,32,15118.0
1121280,,RotaryEmbeddingDeviceOperation,32,15116.0
1305600,,RotaryEmbeddingDeviceOperation,32,15108.0
1085440,,RotaryEmbeddingDeviceOperation,32,15099.0
1428480,,RotaryEmbeddingDeviceOperation,32,15096.0
1274880,,RotaryEmbeddingDeviceOperation,32,15082.0
1059840,,RotaryEmbeddingDeviceOperation,32,15004.0
1515520,,RotaryEmbeddingDeviceOperation,32,14994.0
1029120,,RotaryEmbeddingDeviceOperation,32,14988.0
1669120,,RotaryEmbeddingDeviceOperation,32,14960.0
1546240,,RotaryEmbeddingDeviceOperation,32,14954.0
936960,,RotaryEmbeddingDeviceOperation,32,14951.0
1489920,,RotaryEmbeddingDeviceOperation,32,14947.0
1208320,,RotaryEmbeddingDeviceOperation,32,14940.0
1520640,,RotaryEmbeddingDeviceOperation,32,14938.0
901120,,RotaryEmbeddingDeviceOperation,32,14915.0
1576960,,RotaryEmbeddingDeviceOperation,32,14879.0
967680,,RotaryEmbeddingDeviceOperation,32,14862.0
1638400,,RotaryEmbeddingDeviceOperation,32,14861.0
1361920,,RotaryEmbeddingDeviceOperation,32,14851.0
1269760,,RotaryEmbeddingDeviceOperation,32,14850.0
1484800,,RotaryEmbeddingDeviceOperation,32,14826.0
1146880,,RotaryEmbeddingDeviceOperation,32,14823.0
1643520,,RotaryEmbeddingDeviceOperation,32,14778.0
1182720,,RotaryEmbeddingDeviceOperation,32,14734.0
1177600,,RotaryEmbeddingDeviceOperation,32,14712.0
870400,,RotaryEmbeddingDeviceOperation,32,14621.0
835584,,TilizeWithValPaddingDeviceOperation,32,14067.0
1730560,1,TilizeWithValPaddingDeviceOperation,32,14062.0
2349056,1,RotaryEmbeddingDeviceOperation,32,13864.0
1918976,1,RotaryEmbeddingDeviceOperation,32,13446.0
1924096,1,RotaryEmbeddingDeviceOperation,32,13303.0
1721344,1,RotaryEmbeddingDeviceOperation,32,13277.0
1949696,1,RotaryEmbeddingDeviceOperation,32,13172.0
1954816,1,RotaryEmbeddingDeviceOperation,32,13146.0
1733632,1,RotaryEmbeddingDeviceOperation,32,13089.0
2354176,1,RotaryEmbeddingDeviceOperation,32,13062.0
2191360,1,LayerNormDeviceOperation,56,12975.0
2160640,1,LayerNormDeviceOperation,56,12932.0
1998848,1,LayerNormDeviceOperation,56,12928.0
2195456,1,RotaryEmbeddingDeviceOperation,32,12925.0
1906688,1,LayerNormDeviceOperation,56,12912.0
2183168,1,LayerNormDeviceOperation,56,12902.0
1857536,1,RotaryEmbeddingDeviceOperation,32,12899.0
2336768,1,LayerNormDeviceOperation,56,12871.0
2521088,1,LayerNormDeviceOperation,56,12862.0
2533376,1,RotaryEmbeddingDeviceOperation,32,12856.0
2091008,1,LayerNormDeviceOperation,56,12837.0
2406400,1,LayerNormDeviceOperation,56,12836.0
2099200,1,LayerNormDeviceOperation,56,12816.0
2410496,1,RotaryEmbeddingDeviceOperation,32,12803.0
2367488,1,LayerNormDeviceOperation,56,12784.0
2551808,1,LayerNormDeviceOperation,56,12784.0
2152448,1,LayerNormDeviceOperation,56,12781.0
2275328,1,LayerNormDeviceOperation,56,12769.0
1968128,1,LayerNormDeviceOperation,56,12767.0
2459648,1,LayerNormDeviceOperation,56,12743.0
2590720,1,LayerNormDeviceOperation,56,12737.0
1822720,1,LayerNormDeviceOperation,56,12721.0
2068480,1,LayerNormDeviceOperation,56,12702.0
2498560,1,LayerNormDeviceOperation,56,12688.0
1845248,1,LayerNormDeviceOperation,56,12685.0
2046976,1,RotaryEmbeddingDeviceOperation,32,12684.0
2375680,1,LayerNormDeviceOperation,56,12662.0
2252800,1,LayerNormDeviceOperation,56,12648.0
2344960,1,LayerNormDeviceOperation,56,12637.0
2446336,1,RotaryEmbeddingDeviceOperation,32,12633.0
2129920,1,LayerNormDeviceOperation,56,12631.0
2437120,1,LayerNormDeviceOperation,56,12585.0
2529280,1,LayerNormDeviceOperation,56,12578.0
1884160,1,LayerNormDeviceOperation,56,12573.0
1976320,1,LayerNormDeviceOperation,56,12565.0
2037760,1,LayerNormDeviceOperation,56,12561.0
1761280,1,LayerNormDeviceOperation,56,12558.0
1853440,1,LayerNormDeviceOperation,56,12551.0
2560000,1,LayerNormDeviceOperation,56,12550.0
2222080,1,LayerNormDeviceOperation,56,12548.0
2283520,1,LayerNormDeviceOperation,56,12546.0
1914880,1,LayerNormDeviceOperation,56,12542.0
2029568,1,LayerNormDeviceOperation,56,12534.0
2306048,1,LayerNormDeviceOperation,56,12523.0
2314240,1,LayerNormDeviceOperation,56,12522.0
1783808,1,LayerNormDeviceOperation,56,12520.0
1875968,1,LayerNormDeviceOperation,56,12519.0
2467840,1,LayerNormDeviceOperation,56,12519.0
2213888,1,LayerNormDeviceOperation,56,12515.0
1888256,1,RotaryEmbeddingDeviceOperation,32,12511.0
1753088,1,LayerNormDeviceOperation,56,12510.0
2244608,1,LayerNormDeviceOperation,56,12509.0
2060288,1,LayerNormDeviceOperation,56,12507.0
1792000,1,LayerNormDeviceOperation,56,12506.0
2398208,1,LayerNormDeviceOperation,56,12498.0
2121728,1,LayerNormDeviceOperation,56,12496.0
1814528,1,LayerNormDeviceOperation,56,12490.0
2007040,1,LayerNormDeviceOperation,56,12490.0
2490368,1,LayerNormDeviceOperation,56,12490.0
2428928,1,LayerNormDeviceOperation,56,12481.0
1937408,1,LayerNormDeviceOperation,56,12475.0
1945600,1,LayerNormDeviceOperation,56,12474.0
652288,,TilizeWithValPaddingDeviceOperation,48,12471.0
2441216,1,RotaryEmbeddingDeviceOperation,32,12468.0
2582528,1,LayerNormDeviceOperation,56,12467.0
2108416,1,RotaryEmbeddingDeviceOperation,32,12432.0
1862656,1,RotaryEmbeddingDeviceOperation,32,12418.0
2226176,1,RotaryEmbeddingDeviceOperation,32,12406.0
2287616,1,RotaryEmbeddingDeviceOperation,32,12392.0
796672,,TilizeWithValPaddingDeviceOperation,48,12338.0
1985536,1,RotaryEmbeddingDeviceOperation,32,12315.0
1980416,1,RotaryEmbeddingDeviceOperation,32,12298.0
1826816,1,RotaryEmbeddingDeviceOperation,32,12296.0
2139136,1,RotaryEmbeddingDeviceOperation,32,12272.0
2103296,1,RotaryEmbeddingDeviceOperation,32,12247.0
2471936,1,RotaryEmbeddingDeviceOperation,32,12216.0
2318336,1,RotaryEmbeddingDeviceOperation,32,12169.0
2200576,1,RotaryEmbeddingDeviceOperation,32,12105.0
456704,,TilizeWithValPaddingDeviceOperation,48,12079.0
2134016,1,RotaryEmbeddingDeviceOperation,32,12039.0
359424,,TilizeWithValPaddingDeviceOperation,48,12008.0
2188288,1,ReshardDeviceOperation,8,11988.0
1569792,,ReshardDeviceOperation,8,11942.0
2415616,1,RotaryEmbeddingDeviceOperation,32,11942.0
2011136,1,RotaryEmbeddingDeviceOperation,32,11935.0
613376,,TilizeWithValPaddingDeviceOperation,48,11928.0
1692672,,ReshardDeviceOperation,8,11918.0
2292736,1,RotaryEmbeddingDeviceOperation,32,11915.0
582656,,TilizeWithValPaddingDeviceOperation,48,11894.0
515072,,TilizeWithValPaddingDeviceOperation,48,11881.0
1477632,,ReshardDeviceOperation,8,11881.0
222208,,TilizeWithValPaddingDeviceOperation,48,11860.0
2379776,1,RotaryEmbeddingDeviceOperation,32,11857.0
2169856,1,RotaryEmbeddingDeviceOperation,32,11855.0
311296,,TilizeWithValPaddingDeviceOperation,48,11822.0
749568,,TilizeWithValPaddingDeviceOperation,48,11822.0
782336,,TilizeWithValPaddingDeviceOperation,48,11822.0
431104,,TilizeWithValPaddingDeviceOperation,48,11791.0
1047552,,ReshardDeviceOperation,8,11789.0
203776,,TilizeWithValPaddingDeviceOperation,48,11782.0
2072576,1,RotaryEmbeddingDeviceOperation,32,11775.0
236544,,TilizeWithValPaddingDeviceOperation,48,11762.0
684032,,TilizeWithValPaddingDeviceOperation,48,11761.0
2249728,1,ReshardDeviceOperation,8,11754.0
1831936,1,RotaryEmbeddingDeviceOperation,32,11751.0
382976,,TilizeWithValPaddingDeviceOperation,48,11740.0
1770496,1,RotaryEmbeddingDeviceOperation,32,11734.0
551936,,TilizeWithValPaddingDeviceOperation,48,11729.0
669696,,TilizeWithValPaddingDeviceOperation,48,11727.0
568320,,TilizeWithValPaddingDeviceOperation,48,11724.0
1765376,1,RotaryEmbeddingDeviceOperation,32,11716.0
334848,,TilizeWithValPaddingDeviceOperation,48,11711.0
2041856,1,RotaryEmbeddingDeviceOperation,32,11709.0
473088,,TilizeWithValPaddingDeviceOperation,48,11701.0
1539072,,ReshardDeviceOperation,8,11682.0
2507776,1,RotaryEmbeddingDeviceOperation,32,11678.0
1231872,,ReshardDeviceOperation,8,11670.0
188416,,TilizeWithValPaddingDeviceOperation,48,11666.0
842752,,TilizeWithValPaddingDeviceOperation,32,11656.0
256000,,TilizeWithValPaddingDeviceOperation,48,11640.0
2464768,1,ReshardDeviceOperation,8,11629.0
2569216,1,RotaryEmbeddingDeviceOperation,32,11621.0
863232,,ReshardDeviceOperation,8,11619.0
296960,,TilizeWithValPaddingDeviceOperation,48,11613.0
1850368,1,ReshardDeviceOperation,8,11605.0
414720,,TilizeWithValPaddingDeviceOperation,48,11603.0
1078272,,ReshardDeviceOperation,8,11601.0
270336,,TilizeWithValPaddingDeviceOperation,48,11598.0
1170432,,ReshardDeviceOperation,8,11598.0
1201152,,ReshardDeviceOperation,8,11594.0
2502656,1,RotaryEmbeddingDeviceOperation,32,11593.0
1108992,,ReshardDeviceOperation,8,11577.0
500736,,TilizeWithValPaddingDeviceOperation,48,11566.0
1416192,,ReshardDeviceOperation,8,11563.0
1973248,1,ReshardDeviceOperation,8,11562.0
924672,,ReshardDeviceOperation,8,11561.0
2341888,1,ReshardDeviceOperation,8,11559.0
2495488,1,ReshardDeviceOperation,8,11555.0
2126848,1,ReshardDeviceOperation,8,11554.0
2477056,1,RotaryEmbeddingDeviceOperation,32,11544.0
2384896,1,RotaryEmbeddingDeviceOperation,32,11537.0
1600512,,ReshardDeviceOperation,8,11535.0
2164736,1,RotaryEmbeddingDeviceOperation,32,11534.0
1788928,1,ReshardDeviceOperation,8,11504.0
1262592,,ReshardDeviceOperation,8,11503.0
1508352,,ReshardDeviceOperation,8,11495.0
1796096,1,RotaryEmbeddingDeviceOperation,32,11481.0
986112,,ReshardDeviceOperation,8,11478.0
728064,,TilizeWithValPaddingDeviceOperation,48,11473.0
1881088,1,ReshardDeviceOperation,8,11471.0
2016256,1,RotaryEmbeddingDeviceOperation,32,11467.0
955392,,ReshardDeviceOperation,8,11455.0
2434048,1,ReshardDeviceOperation,8,11421.0
2280448,1,ReshardDeviceOperation,8,11418.0
1801216,1,RotaryEmbeddingDeviceOperation,32,11392.0
1446912,,ReshardDeviceOperation,8,11388.0
1819648,1,ReshardDeviceOperation,8,11356.0
1661952,,ReshardDeviceOperation,8,11352.0
1385472,,ReshardDeviceOperation,8,11351.0
2311168,1,ReshardDeviceOperation,8,11351.0
2065408,1,ReshardDeviceOperation,8,11336.0
1631232,,ReshardDeviceOperation,8,11333.0
1737728,1,TilizeWithValPaddingDeviceOperation,32,11329.0
893952,,ReshardDeviceOperation,8,11325.0
2096128,1,ReshardDeviceOperation,8,11324.0
1542144,,LayerNormDeviceOperation,56,11317.0
1327104,,LayerNormDeviceOperation,56,11313.0
1081344,,LayerNormDeviceOperation,56,11312.0
927744,,LayerNormDeviceOperation,56,11310.0
1472512,,LayerNormDeviceOperation,56,11306.0
1893376,1,RotaryEmbeddingDeviceOperation,32,11302.0
1226752,,LayerNormDeviceOperation,56,11301.0
1603584,,LayerNormDeviceOperation,56,11299.0
1441792,,LayerNormDeviceOperation,56,11296.0
958464,,LayerNormDeviceOperation,56,11295.0
1257472,,LayerNormDeviceOperation,56,11295.0
2556928,1,ReshardDeviceOperation,8,11295.0
1687552,,LayerNormDeviceOperation,56,11293.0
1112064,,LayerNormDeviceOperation,56,11291.0
1572864,,LayerNormDeviceOperation,56,11291.0
1695744,,LayerNormDeviceOperation,56,11291.0
1296384,,LayerNormDeviceOperation,56,11290.0
858112,,LayerNormDeviceOperation,56,11288.0
980992,,LayerNormDeviceOperation,56,11285.0
1073152,,LayerNormDeviceOperation,56,11285.0
1533952,,LayerNormDeviceOperation,56,11285.0
1380352,,LayerNormDeviceOperation,56,11284.0
1564672,,LayerNormDeviceOperation,56,11283.0
1318912,,LayerNormDeviceOperation,56,11282.0
1634304,,LayerNormDeviceOperation,56,11281.0
1139712,,ReshardDeviceOperation,8,11278.0
1265664,,LayerNormDeviceOperation,56,11277.0
1503232,,LayerNormDeviceOperation,56,11275.0
1142784,,LayerNormDeviceOperation,56,11274.0
1204224,,LayerNormDeviceOperation,56,11274.0
1419264,,LayerNormDeviceOperation,56,11273.0
1042432,,LayerNormDeviceOperation,56,11272.0
1103872,,LayerNormDeviceOperation,56,11272.0
950272,,LayerNormDeviceOperation,56,11271.0
897024,,LayerNormDeviceOperation,56,11269.0
1357824,,LayerNormDeviceOperation,56,11269.0
1626112,,LayerNormDeviceOperation,56,11264.0
1665024,,LayerNormDeviceOperation,56,11262.0
1480704,,LayerNormDeviceOperation,56,11261.0
1511424,,LayerNormDeviceOperation,56,11261.0
989184,,LayerNormDeviceOperation,56,11260.0
1019904,,LayerNormDeviceOperation,56,11260.0
2077696,1,RotaryEmbeddingDeviceOperation,32,11257.0
888832,,LayerNormDeviceOperation,56,11256.0
1165312,,LayerNormDeviceOperation,56,11253.0
1911808,1,ReshardDeviceOperation,8,11253.0
1196032,,LayerNormDeviceOperation,56,11252.0
1349632,,LayerNormDeviceOperation,56,11252.0
1324032,,ReshardDeviceOperation,8,11249.0
1354752,,ReshardDeviceOperation,8,11248.0
1234944,,LayerNormDeviceOperation,56,11243.0
1134592,,LayerNormDeviceOperation,56,11242.0
1173504,,LayerNormDeviceOperation,56,11241.0
2219008,1,ReshardDeviceOperation,8,11240.0
1288192,,LayerNormDeviceOperation,56,11239.0
1011712,,LayerNormDeviceOperation,56,11237.0
919552,,LayerNormDeviceOperation,56,11233.0
1388544,,LayerNormDeviceOperation,56,11233.0
1656832,,LayerNormDeviceOperation,56,11233.0
1595392,,LayerNormDeviceOperation,56,11232.0
1411072,,LayerNormDeviceOperation,56,11231.0
866304,,LayerNormDeviceOperation,56,11227.0
1050624,,LayerNormDeviceOperation,56,11227.0
1449984,,LayerNormDeviceOperation,56,11224.0
2564096,1,RotaryEmbeddingDeviceOperation,32,11219.0
2323456,1,RotaryEmbeddingDeviceOperation,32,11204.0
2157568,1,ReshardDeviceOperation,8,11198.0
1758208,1,ReshardDeviceOperation,8,11197.0
2003968,1,ReshardDeviceOperation,8,11193.0
2372608,1,ReshardDeviceOperation,8,11189.0
2538496,1,RotaryEmbeddingDeviceOperation,32,11184.0
2256896,1,RotaryEmbeddingDeviceOperation,32,11175.0
2587648,1,ReshardDeviceOperation,8,11168.0
2262016,1,RotaryEmbeddingDeviceOperation,32,11154.0
846848,,FillPadDeviceOperation,64,11112.0
2231296,1,RotaryEmbeddingDeviceOperation,32,11081.0
1016832,,ReshardDeviceOperation,8,11063.0
2034688,1,ReshardDeviceOperation,8,11061.0
2403328,1,ReshardDeviceOperation,8,10905.0
1942528,1,ReshardDeviceOperation,8,10873.0
1293312,,ReshardDeviceOperation,8,10841.0
1741824,1,FillPadDeviceOperation,64,10641.0
2526208,1,ReshardDeviceOperation,8,10615.0
794624,,UntilizeWithUnpaddingDeviceOperation,1,10079.0
2107392,1,PagedUpdateCacheDeviceOperation,32,10056.0
220160,,UntilizeWithUnpaddingDeviceOperation,1,10002.0
380928,,UntilizeWithUnpaddingDeviceOperation,1,9953.0
454656,,UntilizeWithUnpaddingDeviceOperation,1,9936.0
2414592,1,PagedUpdateCacheDeviceOperation,32,9921.0
1953792,1,PagedUpdateCacheDeviceOperation,32,9912.0
1923072,1,PagedUpdateCacheDeviceOperation,32,9904.0
2138112,1,PagedUpdateCacheDeviceOperation,32,9887.0
513024,,UntilizeWithUnpaddingDeviceOperation,1,9866.0
793600,,UntilizeWithUnpaddingDeviceOperation,1,9848.0
308224,,UntilizeWithUnpaddingDeviceOperation,1,9838.0
747520,,UntilizeWithUnpaddingDeviceOperation,1,9824.0
186368,,UntilizeWithUnpaddingDeviceOperation,1,9802.0
470016,,UntilizeWithUnpaddingDeviceOperation,1,9787.0
233472,,UntilizeWithUnpaddingDeviceOperation,1,9782.0
428032,,UntilizeWithUnpaddingDeviceOperation,1,9777.0
611328,,UntilizeWithUnpaddingDeviceOperation,1,9776.0
268288,,UntilizeWithUnpaddingDeviceOperation,1,9766.0
2230272,1,PagedUpdateCacheDeviceOperation,32,9759.0
498688,,UntilizeWithUnpaddingDeviceOperation,1,9754.0
512000,,UntilizeWithUnpaddingDeviceOperation,1,9754.0
201728,,UntilizeWithUnpaddingDeviceOperation,1,9729.0
294912,,UntilizeWithUnpaddingDeviceOperation,1,9727.0
471040,,UntilizeWithUnpaddingDeviceOperation,1,9708.0
200704,,UntilizeWithUnpaddingDeviceOperation,1,9695.0
565248,,UntilizeWithUnpaddingDeviceOperation,1,9676.0
253952,,UntilizeWithUnpaddingDeviceOperation,1,9674.0
579584,,UntilizeWithUnpaddingDeviceOperation,1,9640.0
549888,,UntilizeWithUnpaddingDeviceOperation,1,9636.0
780288,,UntilizeWithUnpaddingDeviceOperation,1,9621.0
666624,,UntilizeWithUnpaddingDeviceOperation,1,9603.0
726016,,UntilizeWithUnpaddingDeviceOperation,1,9588.0
848896,,BinaryNgDeviceOperation,64,9582.0
293888,,UntilizeWithUnpaddingDeviceOperation,1,9580.0
779264,,UntilizeWithUnpaddingDeviceOperation,1,9579.0
724992,,UntilizeWithUnpaddingDeviceOperation,1,9565.0
1736704,1,RepeatDeviceOperation,64,9563.0
610304,,UntilizeWithUnpaddingDeviceOperation,1,9540.0
309248,,UntilizeWithUnpaddingDeviceOperation,1,9537.0
650240,,UntilizeWithUnpaddingDeviceOperation,1,9536.0
331776,,UntilizeWithUnpaddingDeviceOperation,1,9534.0
649216,,UntilizeWithUnpaddingDeviceOperation,1,9520.0
429056,,UntilizeWithUnpaddingDeviceOperation,1,9511.0
2045952,1,PagedUpdateCacheDeviceOperation,32,9510.0
497664,,UntilizeWithUnpaddingDeviceOperation,1,9509.0
453632,,UntilizeWithUnpaddingDeviceOperation,1,9506.0
219136,,UntilizeWithUnpaddingDeviceOperation,1,9505.0
252928,,UntilizeWithUnpaddingDeviceOperation,1,9503.0
267264,,UntilizeWithUnpaddingDeviceOperation,1,9499.0
841728,,RepeatDeviceOperation,64,9499.0
185344,,UntilizeWithUnpaddingDeviceOperation,1,9496.0
2506752,1,PagedUpdateCacheDeviceOperation,32,9491.0
580608,,UntilizeWithUnpaddingDeviceOperation,1,9489.0
746496,,UntilizeWithUnpaddingDeviceOperation,1,9488.0
234496,,UntilizeWithUnpaddingDeviceOperation,1,9487.0
566272,,UntilizeWithUnpaddingDeviceOperation,1,9486.0
332800,,UntilizeWithUnpaddingDeviceOperation,1,9482.0
667648,,UntilizeWithUnpaddingDeviceOperation,1,9481.0
357376,,UntilizeWithUnpaddingDeviceOperation,1,9472.0
411648,,UntilizeWithUnpaddingDeviceOperation,1,9468.0
680960,,UntilizeWithUnpaddingDeviceOperation,1,9468.0
412672,,UntilizeWithUnpaddingDeviceOperation,1,9457.0
356352,,UntilizeWithUnpaddingDeviceOperation,1,9456.0
548864,,UntilizeWithUnpaddingDeviceOperation,1,9449.0
379904,,UntilizeWithUnpaddingDeviceOperation,1,9441.0
681984,,UntilizeWithUnpaddingDeviceOperation,1,9429.0
1453056,,PagedUpdateCacheDeviceOperation,32,9330.0
1396736,,PagedUpdateCacheDeviceOperation,32,9294.0
2076672,1,PagedUpdateCacheDeviceOperation,32,9175.0
791552,,TilizeWithValPaddingDeviceOperation,56,9137.0
1800192,1,PagedUpdateCacheDeviceOperation,32,9121.0
2568192,1,PagedUpdateCacheDeviceOperation,32,9106.0
2260992,1,PagedUpdateCacheDeviceOperation,32,9075.0
2291712,1,PagedUpdateCacheDeviceOperation,32,9060.0
997376,,PagedUpdateCacheDeviceOperation,32,9031.0
1611776,,PagedUpdateCacheDeviceOperation,32,9029.0
1207296,,PagedUpdateCacheDeviceOperation,32,9028.0
1519616,,PagedUpdateCacheDeviceOperation,32,8992.0
1861632,1,PagedUpdateCacheDeviceOperation,32,8979.0
74752,,TilizeWithValPaddingDeviceOperation,56,8974.0
935936,,PagedUpdateCacheDeviceOperation,32,8969.0
1830912,1,PagedUpdateCacheDeviceOperation,32,8969.0
829440,,PagedUpdateCacheDeviceOperation,32,8966.0
1581056,,PagedUpdateCacheDeviceOperation,32,8960.0
425984,,TilizeWithValPaddingDeviceOperation,56,8951.0
1575936,,PagedUpdateCacheDeviceOperation,32,8934.0
1606656,,PagedUpdateCacheDeviceOperation,32,8934.0
961536,,PagedUpdateCacheDeviceOperation,32,8920.0
2322432,1,PagedUpdateCacheDeviceOperation,32,8913.0
1422336,,PagedUpdateCacheDeviceOperation,32,8903.0
1391616,,PagedUpdateCacheDeviceOperation,32,8897.0
1181696,,PagedUpdateCacheDeviceOperation,32,8893.0
1769472,1,PagedUpdateCacheDeviceOperation,32,8883.0
874496,,PagedUpdateCacheDeviceOperation,32,8877.0
36864,,TilizeWithValPaddingDeviceOperation,56,8873.0
664576,,TilizeWithValPaddingDeviceOperation,56,8867.0
1335296,,PagedUpdateCacheDeviceOperation,32,8864.0
147456,,TilizeWithValPaddingDeviceOperation,56,8863.0
1268736,,PagedUpdateCacheDeviceOperation,32,8860.0
2348032,1,PagedUpdateCacheDeviceOperation,32,8859.0
1273856,,PagedUpdateCacheDeviceOperation,32,8857.0
18432,,TilizeWithValPaddingDeviceOperation,56,8855.0
1668096,,PagedUpdateCacheDeviceOperation,32,8855.0
2445312,1,PagedUpdateCacheDeviceOperation,32,8848.0
99328,,TilizeWithValPaddingDeviceOperation,56,8846.0
56320,,TilizeWithValPaddingDeviceOperation,56,8840.0
265216,,TilizeWithValPaddingDeviceOperation,56,8835.0
1887232,1,PagedUpdateCacheDeviceOperation,32,8823.0
1150976,,PagedUpdateCacheDeviceOperation,32,8821.0
160768,,TilizeWithValPaddingDeviceOperation,56,8819.0
722944,,TilizeWithValPaddingDeviceOperation,56,8818.0
67584,,TilizeWithValPaddingDeviceOperation,56,8816.0
1145856,,PagedUpdateCacheDeviceOperation,32,8813.0
136192,,TilizeWithValPaddingDeviceOperation,56,8809.0
25600,,TilizeWithValPaddingDeviceOperation,56,8806.0
231424,,TilizeWithValPaddingDeviceOperation,56,8802.0
1673216,,PagedUpdateCacheDeviceOperation,32,8799.0
966656,,PagedUpdateCacheDeviceOperation,32,8797.0
1743872,1,BinaryNgDeviceOperation,64,8797.0
1238016,,PagedUpdateCacheDeviceOperation,32,8796.0
1764352,1,PagedUpdateCacheDeviceOperation,32,8789.0
1360896,,PagedUpdateCacheDeviceOperation,32,8787.0
2071552,1,PagedUpdateCacheDeviceOperation,32,8786.0
154624,,TilizeWithValPaddingDeviceOperation,56,8785.0
1458176,,PagedUpdateCacheDeviceOperation,32,8780.0
1483776,,PagedUpdateCacheDeviceOperation,32,8774.0
1022976,,PagedUpdateCacheDeviceOperation,32,8772.0
1366016,,PagedUpdateCacheDeviceOperation,32,8772.0
37888,,TilizeWithValPaddingDeviceOperation,56,8771.0
31744,,TilizeWithValPaddingDeviceOperation,56,8765.0
847872,,ReduceDeviceOperation,32,8759.0
1514496,,PagedUpdateCacheDeviceOperation,32,8759.0
1084416,,PagedUpdateCacheDeviceOperation,32,8758.0
647168,,TilizeWithValPaddingDeviceOperation,56,8749.0
30720,,TilizeWithValPaddingDeviceOperation,56,8746.0
930816,,PagedUpdateCacheDeviceOperation,32,8745.0
1058816,,PagedUpdateCacheDeviceOperation,32,8745.0
1330176,,PagedUpdateCacheDeviceOperation,32,8745.0
173056,,TilizeWithValPaddingDeviceOperation,56,8744.0
19456,,TilizeWithValPaddingDeviceOperation,56,8740.0
992256,,PagedUpdateCacheDeviceOperation,32,8740.0
495616,,TilizeWithValPaddingDeviceOperation,56,8736.0
744448,,TilizeWithValPaddingDeviceOperation,56,8733.0
1024,,TilizeWithValPaddingDeviceOperation,56,8731.0
141312,,TilizeWithValPaddingDeviceOperation,56,8731.0
153600,,TilizeWithValPaddingDeviceOperation,56,8728.0
1120256,,PagedUpdateCacheDeviceOperation,32,8728.0
1299456,,PagedUpdateCacheDeviceOperation,32,8721.0
1176576,,PagedUpdateCacheDeviceOperation,32,8719.0
900096,,PagedUpdateCacheDeviceOperation,32,8716.0
509952,,TilizeWithValPaddingDeviceOperation,56,8715.0
6144,,TilizeWithValPaddingDeviceOperation,56,8710.0
1427456,,PagedUpdateCacheDeviceOperation,32,8704.0
1243136,,PagedUpdateCacheDeviceOperation,32,8700.0
1115136,,PagedUpdateCacheDeviceOperation,32,8698.0
1028096,,PagedUpdateCacheDeviceOperation,32,8696.0
165888,,TilizeWithValPaddingDeviceOperation,56,8689.0
1637376,,PagedUpdateCacheDeviceOperation,32,8687.0
49152,,TilizeWithValPaddingDeviceOperation,56,8686.0
61440,,TilizeWithValPaddingDeviceOperation,56,8682.0
1488896,,PagedUpdateCacheDeviceOperation,32,8681.0
409600,,TilizeWithValPaddingDeviceOperation,56,8680.0
1550336,,PagedUpdateCacheDeviceOperation,32,8680.0
62464,,TilizeWithValPaddingDeviceOperation,56,8678.0
1642496,,PagedUpdateCacheDeviceOperation,32,8677.0
1304576,,PagedUpdateCacheDeviceOperation,32,8675.0
563200,,TilizeWithValPaddingDeviceOperation,56,8667.0
869376,,PagedUpdateCacheDeviceOperation,32,8666.0
250880,,TilizeWithValPaddingDeviceOperation,56,8664.0
1545216,,PagedUpdateCacheDeviceOperation,32,8663.0
123904,,TilizeWithValPaddingDeviceOperation,56,8653.0
142336,,TilizeWithValPaddingDeviceOperation,56,8652.0
73728,,TilizeWithValPaddingDeviceOperation,56,8649.0
68608,,TilizeWithValPaddingDeviceOperation,56,8648.0
451584,,TilizeWithValPaddingDeviceOperation,56,8648.0
2532352,1,PagedUpdateCacheDeviceOperation,32,8640.0
122880,,TilizeWithValPaddingDeviceOperation,56,8636.0
2168832,1,PagedUpdateCacheDeviceOperation,32,8632.0
12288,,TilizeWithValPaddingDeviceOperation,56,8630.0
166912,,TilizeWithValPaddingDeviceOperation,56,8620.0
1917952,1,PagedUpdateCacheDeviceOperation,32,8619.0
577536,,TilizeWithValPaddingDeviceOperation,56,8616.0
905216,,PagedUpdateCacheDeviceOperation,32,8616.0
93184,,TilizeWithValPaddingDeviceOperation,56,8612.0
1089536,,PagedUpdateCacheDeviceOperation,32,8610.0
777216,,TilizeWithValPaddingDeviceOperation,56,8606.0
1053696,,PagedUpdateCacheDeviceOperation,32,8606.0
86016,,TilizeWithValPaddingDeviceOperation,56,8605.0
1212416,,PagedUpdateCacheDeviceOperation,32,8605.0
306176,,TilizeWithValPaddingDeviceOperation,56,8601.0
87040,,TilizeWithValPaddingDeviceOperation,56,8593.0
43008,,TilizeWithValPaddingDeviceOperation,56,8585.0
130048,,TilizeWithValPaddingDeviceOperation,56,8585.0
44032,,TilizeWithValPaddingDeviceOperation,56,8578.0
291840,,TilizeWithValPaddingDeviceOperation,56,8577.0
2194432,1,PagedUpdateCacheDeviceOperation,32,8576.0
13312,,TilizeWithValPaddingDeviceOperation,56,8572.0
80896,,TilizeWithValPaddingDeviceOperation,56,8567.0
55296,,TilizeWithValPaddingDeviceOperation,56,8566.0
816128,,PagedUpdateCacheDeviceOperation,32,8560.0
1825792,1,PagedUpdateCacheDeviceOperation,32,8557.0
129024,,TilizeWithValPaddingDeviceOperation,56,8556.0
159744,,TilizeWithValPaddingDeviceOperation,56,8553.0
2470912,1,PagedUpdateCacheDeviceOperation,32,8552.0
135168,,TilizeWithValPaddingDeviceOperation,56,8551.0
50176,,TilizeWithValPaddingDeviceOperation,56,8549.0
2563072,1,PagedUpdateCacheDeviceOperation,32,8549.0
116736,,TilizeWithValPaddingDeviceOperation,56,8542.0
329728,,TilizeWithValPaddingDeviceOperation,56,8536.0
111616,,TilizeWithValPaddingDeviceOperation,56,8531.0
2102272,1,PagedUpdateCacheDeviceOperation,32,8522.0
24576,,TilizeWithValPaddingDeviceOperation,56,8521.0
98304,,TilizeWithValPaddingDeviceOperation,56,8520.0
467968,,TilizeWithValPaddingDeviceOperation,56,8516.0
79872,,TilizeWithValPaddingDeviceOperation,56,8514.0
2199552,1,PagedUpdateCacheDeviceOperation,32,8512.0
148480,,TilizeWithValPaddingDeviceOperation,56,8504.0
2537472,1,PagedUpdateCacheDeviceOperation,32,8500.0
104448,,TilizeWithValPaddingDeviceOperation,56,8498.0
110592,,TilizeWithValPaddingDeviceOperation,56,8493.0
2409472,1,PagedUpdateCacheDeviceOperation,32,8492.0
546816,,TilizeWithValPaddingDeviceOperation,56,8489.0
105472,,TilizeWithValPaddingDeviceOperation,56,8473.0
1711104,1,PagedUpdateCacheDeviceOperation,32,8470.0
354304,,TilizeWithValPaddingDeviceOperation,56,8466.0
1984512,1,PagedUpdateCacheDeviceOperation,32,8455.0
2476032,1,PagedUpdateCacheDeviceOperation,32,8447.0
7168,,TilizeWithValPaddingDeviceOperation,56,8442.0
117760,,TilizeWithValPaddingDeviceOperation,56,8435.0
1724416,1,PagedUpdateCacheDeviceOperation,32,8429.0
1856512,1,PagedUpdateCacheDeviceOperation,32,8422.0
2163712,1,PagedUpdateCacheDeviceOperation,32,8422.0
2440192,1,PagedUpdateCacheDeviceOperation,32,8421.0
377856,,TilizeWithValPaddingDeviceOperation,56,8420.0
92160,,TilizeWithValPaddingDeviceOperation,56,8408.0
2353152,1,PagedUpdateCacheDeviceOperation,32,8407.0
198656,,TilizeWithValPaddingDeviceOperation,56,8404.0
2501632,1,PagedUpdateCacheDeviceOperation,32,8396.0
183296,,TilizeWithValPaddingDeviceOperation,56,8393.0
608256,,TilizeWithValPaddingDeviceOperation,56,8376.0
172032,,TilizeWithValPaddingDeviceOperation,56,8368.0
1795072,1,PagedUpdateCacheDeviceOperation,32,8364.0
1948672,1,PagedUpdateCacheDeviceOperation,32,8359.0
1892352,1,PagedUpdateCacheDeviceOperation,32,8356.0
217088,,TilizeWithValPaddingDeviceOperation,56,8354.0
2132992,1,PagedUpdateCacheDeviceOperation,32,8341.0
678912,,TilizeWithValPaddingDeviceOperation,56,8302.0
2286592,1,PagedUpdateCacheDeviceOperation,32,8287.0
2010112,1,PagedUpdateCacheDeviceOperation,32,8283.0
2225152,1,PagedUpdateCacheDeviceOperation,32,8267.0
2255872,1,PagedUpdateCacheDeviceOperation,32,8244.0
2378752,1,PagedUpdateCacheDeviceOperation,32,8244.0
2040832,1,PagedUpdateCacheDeviceOperation,32,8242.0
2317312,1,PagedUpdateCacheDeviceOperation,32,8241.0
2015232,1,PagedUpdateCacheDeviceOperation,32,8212.0
2383872,1,PagedUpdateCacheDeviceOperation,32,8198.0
1979392,1,PagedUpdateCacheDeviceOperation,32,8113.0
840704,,UntilizeWithUnpaddingDeviceOperation,32,7919.0
1742848,1,ReduceDeviceOperation,32,7149.0
1735680,1,UntilizeWithUnpaddingDeviceOperation,32,6785.0
1701888,1,TilizeWithValPaddingDeviceOperation,1,6738.0
2055168,1,NLPConcatHeadsDecodeDeviceOperation,28,6730.0
1901568,1,NLPConcatHeadsDecodeDeviceOperation,28,6713.0
818176,,TilizeWithValPaddingDeviceOperation,1,6662.0
1713152,1,TilizeWithValPaddingDeviceOperation,1,6644.0
804864,,TilizeWithValPaddingDeviceOperation,1,6637.0
1725440,1,TilizeWithValPaddingDeviceOperation,1,6631.0
2329600,1,TypecastDeviceOperation,64,6628.0
1774592,1,TypecastDeviceOperation,64,6618.0
2051072,1,TypecastDeviceOperation,64,6617.0
1932288,1,NLPConcatHeadsDecodeDeviceOperation,28,6579.0
2020352,1,TypecastDeviceOperation,64,6569.0
1699840,1,TilizeWithValPaddingDeviceOperation,1,6550.0
852992,,NLPConcatHeadsDecodeDeviceOperation,28,6547.0
1805312,1,TypecastDeviceOperation,64,6538.0
2204672,1,TypecastDeviceOperation,64,6530.0
912384,,TypecastDeviceOperation,64,6521.0
1993728,1,NLPConcatHeadsDecodeDeviceOperation,28,6519.0
806912,,TilizeWithValPaddingDeviceOperation,1,6510.0
910336,,TypecastDeviceOperation,64,6510.0
1375232,,NLPConcatHeadsDecodeDeviceOperation,28,6489.0
1125376,,TypecastDeviceOperation,64,6488.0
836608,,TypecastDeviceOperation,64,6487.0
1068032,,NLPConcatHeadsDecodeDeviceOperation,28,6487.0
830464,,TilizeWithValPaddingDeviceOperation,1,6478.0
1037312,,NLPConcatHeadsDecodeDeviceOperation,28,6469.0
2327552,1,TypecastDeviceOperation,64,6468.0
1524736,,TypecastDeviceOperation,64,6462.0
2393088,1,NLPConcatHeadsDecodeDeviceOperation,28,6454.0
1436672,,NLPConcatHeadsDecodeDeviceOperation,28,6451.0
1588224,,TypecastDeviceOperation,64,6451.0
1283072,,NLPConcatHeadsDecodeDeviceOperation,28,6444.0
1528832,,NLPConcatHeadsDecodeDeviceOperation,28,6430.0
883712,,NLPConcatHeadsDecodeDeviceOperation,28,6425.0
2485248,1,NLPConcatHeadsDecodeDeviceOperation,28,6412.0
914432,,NLPConcatHeadsDecodeDeviceOperation,28,6408.0
1498112,,NLPConcatHeadsDecodeDeviceOperation,28,6406.0
1651712,,NLPConcatHeadsDecodeDeviceOperation,28,6402.0
1221632,,NLPConcatHeadsDecodeDeviceOperation,28,6398.0
2331648,1,NLPConcatHeadsDecodeDeviceOperation,28,6398.0
1098752,,NLPConcatHeadsDecodeDeviceOperation,28,6389.0
1313792,,NLPConcatHeadsDecodeDeviceOperation,28,6386.0
1559552,,NLPConcatHeadsDecodeDeviceOperation,28,6383.0
1747968,1,NLPConcatHeadsDecodeDeviceOperation,28,6371.0
1160192,,NLPConcatHeadsDecodeDeviceOperation,28,6369.0
1006592,,NLPConcatHeadsDecodeDeviceOperation,28,6365.0
1405952,,NLPConcatHeadsDecodeDeviceOperation,28,6363.0
1616896,,TypecastDeviceOperation,64,6363.0
975872,,NLPConcatHeadsDecodeDeviceOperation,28,6357.0
1129472,,NLPConcatHeadsDecodeDeviceOperation,28,6357.0
945152,,NLPConcatHeadsDecodeDeviceOperation,28,6355.0
1252352,,NLPConcatHeadsDecodeDeviceOperation,28,6354.0
1344512,,NLPConcatHeadsDecodeDeviceOperation,28,6343.0
1590272,,NLPConcatHeadsDecodeDeviceOperation,28,6334.0
1190912,,NLPConcatHeadsDecodeDeviceOperation,28,6331.0
1496064,,TypecastDeviceOperation,64,6324.0
1340416,,TypecastDeviceOperation,64,6317.0
1467392,,NLPConcatHeadsDecodeDeviceOperation,28,6314.0
1620992,,NLPConcatHeadsDecodeDeviceOperation,28,6314.0
1682432,,NLPConcatHeadsDecodeDeviceOperation,28,6313.0
1870848,1,NLPConcatHeadsDecodeDeviceOperation,28,6303.0
2423808,1,NLPConcatHeadsDecodeDeviceOperation,28,6295.0
941056,,TypecastDeviceOperation,64,6285.0
1403904,,TypecastDeviceOperation,64,6278.0
2300928,1,NLPConcatHeadsDecodeDeviceOperation,28,6278.0
1557504,,TypecastDeviceOperation,64,6273.0
1836032,1,TypecastDeviceOperation,64,6267.0
2481152,1,TypecastDeviceOperation,64,6266.0
1897472,1,TypecastDeviceOperation,64,6252.0
2173952,1,TypecastDeviceOperation,64,6243.0
1217536,,TypecastDeviceOperation,64,6229.0
1928192,1,TypecastDeviceOperation,64,6217.0
1065984,,TypecastDeviceOperation,64,6209.0
2268160,1,TypecastDeviceOperation,64,6206.0
1465344,,TypecastDeviceOperation,64,6205.0
971776,,TypecastDeviceOperation,64,6195.0
1899520,1,TypecastDeviceOperation,64,6181.0
1463296,,TypecastDeviceOperation,64,6176.0
1809408,1,NLPConcatHeadsDecodeDeviceOperation,28,6168.0
1958912,1,TypecastDeviceOperation,64,6168.0
1096704,,TypecastDeviceOperation,64,6167.0
2083840,1,TypecastDeviceOperation,64,6164.0
2362368,1,NLPConcatHeadsDecodeDeviceOperation,28,6164.0
881664,,TypecastDeviceOperation,64,6160.0
1281024,,TypecastDeviceOperation,64,6150.0
2237440,1,TypecastDeviceOperation,64,6128.0
1035264,,TypecastDeviceOperation,64,6127.0
1960960,1,TypecastDeviceOperation,64,6127.0
1342464,,TypecastDeviceOperation,64,6116.0
1063936,,TypecastDeviceOperation,64,6114.0
2208768,1,NLPConcatHeadsDecodeDeviceOperation,28,6110.0
1188864,,TypecastDeviceOperation,64,6098.0
1618944,,TypecastDeviceOperation,64,6088.0
2450432,1,TypecastDeviceOperation,64,6088.0
2358272,1,TypecastDeviceOperation,64,6087.0
2239488,1,NLPConcatHeadsDecodeDeviceOperation,28,6078.0
2452480,1,TypecastDeviceOperation,64,6073.0
943104,,TypecastDeviceOperation,64,6069.0
1432576,,TypecastDeviceOperation,64,6065.0
1278976,,TypecastDeviceOperation,64,6058.0
1586176,,TypecastDeviceOperation,64,6057.0
973824,,TypecastDeviceOperation,64,6055.0
1494016,,TypecastDeviceOperation,64,6044.0
2419712,1,TypecastDeviceOperation,64,6044.0
2546688,1,NLPConcatHeadsDecodeDeviceOperation,28,6034.0
1731584,1,TypecastDeviceOperation,64,6019.0
2112512,1,TypecastDeviceOperation,64,6013.0
2081792,1,TypecastDeviceOperation,64,6012.0
2391040,1,TypecastDeviceOperation,64,6010.0
2511872,1,TypecastDeviceOperation,64,6003.0
1004544,,TypecastDeviceOperation,64,6001.0
1840128,1,NLPConcatHeadsDecodeDeviceOperation,28,6000.0
879616,,TypecastDeviceOperation,64,5993.0
1002496,,TypecastDeviceOperation,64,5990.0
2147328,1,NLPConcatHeadsDecodeDeviceOperation,28,5970.0
1311744,,TypecastDeviceOperation,64,5967.0
1649664,,TypecastDeviceOperation,64,5961.0
1309696,,TypecastDeviceOperation,64,5950.0
2143232,1,TypecastDeviceOperation,64,5945.0
2515968,1,NLPConcatHeadsDecodeDeviceOperation,28,5944.0
1989632,1,TypecastDeviceOperation,64,5923.0
1219584,,TypecastDeviceOperation,64,5921.0
1740800,1,TypecastDeviceOperation,64,5913.0
2577408,1,NLPConcatHeadsDecodeDeviceOperation,28,5902.0
1127424,,TypecastDeviceOperation,64,5888.0
1094656,,TypecastDeviceOperation,64,5887.0
1156096,,TypecastDeviceOperation,64,5885.0
1647616,,TypecastDeviceOperation,64,5882.0
2544640,1,TypecastDeviceOperation,64,5868.0
1434624,,TypecastDeviceOperation,64,5861.0
1963008,1,NLPConcatHeadsDecodeDeviceOperation,28,5861.0
1678336,,TypecastDeviceOperation,64,5857.0
2266112,1,TypecastDeviceOperation,64,5855.0
1526784,,TypecastDeviceOperation,64,5852.0
2178048,1,NLPConcatHeadsDecodeDeviceOperation,28,5844.0
843776,,TypecastDeviceOperation,64,5836.0
2085888,1,NLPConcatHeadsDecodeDeviceOperation,28,5831.0
1776640,1,TypecastDeviceOperation,64,5819.0
2022400,1,TypecastDeviceOperation,64,5814.0
2483200,1,TypecastDeviceOperation,64,5813.0
2454528,1,NLPConcatHeadsDecodeDeviceOperation,28,5809.0
1371136,,TypecastDeviceOperation,64,5804.0
2296832,1,TypecastDeviceOperation,64,5801.0
2270208,1,NLPConcatHeadsDecodeDeviceOperation,28,5790.0
2235392,1,TypecastDeviceOperation,64,5780.0
2053120,1,TypecastDeviceOperation,64,5769.0
1868800,1,TypecastDeviceOperation,64,5749.0
1373184,,TypecastDeviceOperation,64,5744.0
1248256,,TypecastDeviceOperation,64,5738.0
845824,,TypecastDeviceOperation,64,5737.0
1158144,,TypecastDeviceOperation,64,5729.0
1033216,,TypecastDeviceOperation,64,5726.0
1778688,1,NLPConcatHeadsDecodeDeviceOperation,28,5720.0
2360320,1,TypecastDeviceOperation,64,5705.0
2116608,1,NLPConcatHeadsDecodeDeviceOperation,28,5704.0
2176000,1,TypecastDeviceOperation,64,5702.0
2145280,1,TypecastDeviceOperation,64,5700.0
1838080,1,TypecastDeviceOperation,64,5692.0
850944,,TypecastDeviceOperation,64,5691.0
1680384,,TypecastDeviceOperation,64,5687.0
1930240,1,TypecastDeviceOperation,64,5656.0
2024448,1,NLPConcatHeadsDecodeDeviceOperation,28,5651.0
2573312,1,TypecastDeviceOperation,64,5634.0
1250304,,TypecastDeviceOperation,64,5632.0
2421760,1,TypecastDeviceOperation,64,5630.0
2513920,1,TypecastDeviceOperation,64,5625.0
2542592,1,TypecastDeviceOperation,64,5625.0
1401856,,TypecastDeviceOperation,64,5622.0
1745920,1,TypecastDeviceOperation,64,5613.0
2206720,1,TypecastDeviceOperation,64,5609.0
2114560,1,TypecastDeviceOperation,64,5575.0
2298880,1,TypecastDeviceOperation,64,5570.0
1186816,,TypecastDeviceOperation,64,5568.0
1555456,,TypecastDeviceOperation,64,5553.0
1807360,1,TypecastDeviceOperation,64,5501.0
1738752,1,TypecastDeviceOperation,64,5477.0
1866752,1,TypecastDeviceOperation,64,5465.0
1991680,1,TypecastDeviceOperation,64,5458.0
2388992,1,TypecastDeviceOperation,64,5441.0
2575360,1,TypecastDeviceOperation,64,5217.0
538624,,UntilizeWithUnpaddingDeviceOperation,48,4484.0
242688,,UntilizeWithUnpaddingDeviceOperation,48,4341.0
321536,,UntilizeWithUnpaddingDeviceOperation,48,4293.0
193536,,UntilizeWithUnpaddingDeviceOperation,48,4281.0
769024,,UntilizeWithUnpaddingDeviceOperation,48,4271.0
443392,,UntilizeWithUnpaddingDeviceOperation,48,4266.0
714752,,UntilizeWithUnpaddingDeviceOperation,48,4266.0
555008,,UntilizeWithUnpaddingDeviceOperation,48,4251.0
449536,,UntilizeWithUnpaddingDeviceOperation,48,4247.0
175104,,UntilizeWithUnpaddingDeviceOperation,48,4243.0
297984,,UntilizeWithUnpaddingDeviceOperation,48,4237.0
541696,,UntilizeWithUnpaddingDeviceOperation,48,4206.0
465920,,UntilizeWithUnpaddingDeviceOperation,48,4201.0
190464,,UntilizeWithUnpaddingDeviceOperation,48,4200.0
401408,,UntilizeWithUnpaddingDeviceOperation,48,4182.0
459776,,UntilizeWithUnpaddingDeviceOperation,48,4173.0
286720,,UntilizeWithUnpaddingDeviceOperation,48,4172.0
417792,,UntilizeWithUnpaddingDeviceOperation,48,4167.0
736256,,UntilizeWithUnpaddingDeviceOperation,48,4163.0
208896,,UntilizeWithUnpaddingDeviceOperation,48,4162.0
229376,,UntilizeWithUnpaddingDeviceOperation,48,4157.0
404480,,UntilizeWithUnpaddingDeviceOperation,48,4150.0
575488,,UntilizeWithUnpaddingDeviceOperation,48,4147.0
656384,,UntilizeWithUnpaddingDeviceOperation,48,4146.0
423936,,UntilizeWithUnpaddingDeviceOperation,48,4142.0
369664,,UntilizeWithUnpaddingDeviceOperation,48,4141.0
283648,,UntilizeWithUnpaddingDeviceOperation,48,4139.0
324608,,UntilizeWithUnpaddingDeviceOperation,48,4133.0
215040,,UntilizeWithUnpaddingDeviceOperation,48,4131.0
462848,,UntilizeWithUnpaddingDeviceOperation,48,4129.0
600064,,UntilizeWithUnpaddingDeviceOperation,48,4118.0
257024,,UntilizeWithUnpaddingDeviceOperation,48,4116.0
659456,,UntilizeWithUnpaddingDeviceOperation,48,4111.0
493568,,UntilizeWithUnpaddingDeviceOperation,48,4109.0
783360,,UntilizeWithUnpaddingDeviceOperation,48,4109.0
638976,,UntilizeWithUnpaddingDeviceOperation,48,4107.0
789504,,UntilizeWithUnpaddingDeviceOperation,48,4104.0
446464,,UntilizeWithUnpaddingDeviceOperation,48,4101.0
561152,,UntilizeWithUnpaddingDeviceOperation,48,4101.0
346112,,UntilizeWithUnpaddingDeviceOperation,48,4096.0
352256,,UntilizeWithUnpaddingDeviceOperation,48,4093.0
501760,,UntilizeWithUnpaddingDeviceOperation,48,4091.0
181248,,UntilizeWithUnpaddingDeviceOperation,48,4090.0
569344,,UntilizeWithUnpaddingDeviceOperation,48,4090.0
670720,,UntilizeWithUnpaddingDeviceOperation,48,4089.0
327680,,UntilizeWithUnpaddingDeviceOperation,48,4084.0
487424,,UntilizeWithUnpaddingDeviceOperation,48,4083.0
504832,,UntilizeWithUnpaddingDeviceOperation,48,4074.0
349184,,UntilizeWithUnpaddingDeviceOperation,48,4072.0
772096,,UntilizeWithUnpaddingDeviceOperation,48,4072.0
304128,,UntilizeWithUnpaddingDeviceOperation,48,4071.0
301056,,UntilizeWithUnpaddingDeviceOperation,48,4069.0
572416,,UntilizeWithUnpaddingDeviceOperation,48,4061.0
211968,,UntilizeWithUnpaddingDeviceOperation,48,4060.0
226304,,UntilizeWithUnpaddingDeviceOperation,48,4056.0
420864,,UntilizeWithUnpaddingDeviceOperation,48,4055.0
223232,,UntilizeWithUnpaddingDeviceOperation,48,4053.0
642048,,UntilizeWithUnpaddingDeviceOperation,48,4046.0
558080,,UntilizeWithUnpaddingDeviceOperation,48,4044.0
720896,,UntilizeWithUnpaddingDeviceOperation,48,4044.0
263168,,UntilizeWithUnpaddingDeviceOperation,48,4037.0
245760,,UntilizeWithUnpaddingDeviceOperation,48,4035.0
606208,,UntilizeWithUnpaddingDeviceOperation,48,4028.0
739328,,UntilizeWithUnpaddingDeviceOperation,48,4025.0
742400,,UntilizeWithUnpaddingDeviceOperation,48,4022.0
717824,,UntilizeWithUnpaddingDeviceOperation,48,4019.0
372736,,UntilizeWithUnpaddingDeviceOperation,48,4017.0
407552,,UntilizeWithUnpaddingDeviceOperation,48,4013.0
673792,,UntilizeWithUnpaddingDeviceOperation,48,4011.0
507904,,UntilizeWithUnpaddingDeviceOperation,48,4003.0
676864,,UntilizeWithUnpaddingDeviceOperation,48,3997.0
544768,,UntilizeWithUnpaddingDeviceOperation,48,3990.0
248832,,UntilizeWithUnpaddingDeviceOperation,48,3986.0
375808,,UntilizeWithUnpaddingDeviceOperation,48,3981.0
490496,,UntilizeWithUnpaddingDeviceOperation,48,3981.0
662528,,UntilizeWithUnpaddingDeviceOperation,48,3972.0
775168,,UntilizeWithUnpaddingDeviceOperation,48,3972.0
603136,,UntilizeWithUnpaddingDeviceOperation,48,3969.0
196608,,UntilizeWithUnpaddingDeviceOperation,48,3967.0
786432,,UntilizeWithUnpaddingDeviceOperation,48,3961.0
645120,,UntilizeWithUnpaddingDeviceOperation,48,3948.0
260096,,UntilizeWithUnpaddingDeviceOperation,48,3942.0
289792,,UntilizeWithUnpaddingDeviceOperation,48,3923.0
178176,,UntilizeWithUnpaddingDeviceOperation,48,3919.0
831488,,BinaryNgDeviceOperation,64,3900.0
1726464,1,BinaryNgDeviceOperation,64,3656.0
2166784,1,SliceDeviceOperation,64,3528.0
2443264,1,SliceDeviceOperation,64,3500.0
819200,,BinaryNgDeviceOperation,64,3468.0
1752064,1,BinaryNgDeviceOperation,64,3426.0
857088,,BinaryNgDeviceOperation,64,3425.0
2479104,1,SliceDeviceOperation,64,3420.0
1951744,1,SliceDeviceOperation,64,3407.0
778240,,UntilizeWithUnpaddingDeviceOperation,56,3375.0
1714176,1,BinaryNgDeviceOperation,64,3342.0
1728512,1,UntilizeWithUnpaddingDeviceOperation,1,3330.0
1215488,,SliceDeviceOperation,64,3315.0
547840,,UntilizeWithUnpaddingDeviceOperation,56,3299.0
2018304,1,SliceDeviceOperation,64,3299.0
1982464,1,SliceDeviceOperation,64,3298.0
2448384,1,SliceDeviceOperation,64,3297.0
452608,,UntilizeWithUnpaddingDeviceOperation,56,3275.0
1486848,,SliceDeviceOperation,64,3264.0
1517568,,SliceDeviceOperation,64,3254.0
355328,,UntilizeWithUnpaddingDeviceOperation,56,3245.0
2351104,1,SliceDeviceOperation,64,3234.0
1031168,,SliceDeviceOperation,64,3226.0
1702912,1,BinaryNgDeviceOperation,64,3222.0
2412544,1,SliceDeviceOperation,64,3206.0
1087488,,SliceDeviceOperation,64,3203.0
564224,,UntilizeWithUnpaddingDeviceOperation,56,3199.0
2013184,1,SliceDeviceOperation,64,3195.0
378880,,UntilizeWithUnpaddingDeviceOperation,56,3186.0
2289664,1,SliceDeviceOperation,64,3183.0
1645568,,SliceDeviceOperation,64,3175.0
1828864,1,SliceDeviceOperation,64,3174.0
307200,,UntilizeWithUnpaddingDeviceOperation,56,3173.0
964608,,SliceDeviceOperation,64,3154.0
468992,,UntilizeWithUnpaddingDeviceOperation,56,3153.0
1671168,,SliceDeviceOperation,64,3153.0
2049024,1,SliceDeviceOperation,64,3152.0
232448,,UntilizeWithUnpaddingDeviceOperation,56,3149.0
1956864,1,SliceDeviceOperation,64,3149.0
2202624,1,SliceDeviceOperation,64,3145.0
877568,,SliceDeviceOperation,64,3144.0
1302528,,SliceDeviceOperation,64,3144.0
2473984,1,SliceDeviceOperation,64,3141.0
2535424,1,SliceDeviceOperation,64,3138.0
2356224,1,SliceDeviceOperation,64,3130.0
1579008,,SliceDeviceOperation,64,3126.0
251904,,UntilizeWithUnpaddingDeviceOperation,56,3125.0
933888,,SliceDeviceOperation,64,3125.0
648192,,UntilizeWithUnpaddingDeviceOperation,56,3124.0
1926144,1,SliceDeviceOperation,64,3120.0
833536,,UntilizeWithUnpaddingDeviceOperation,1,3114.0
792576,,UntilizeWithUnpaddingDeviceOperation,56,3111.0
679936,,UntilizeWithUnpaddingDeviceOperation,56,3109.0
1722368,1,SliceDeviceOperation,64,3109.0
1394688,,SliceDeviceOperation,64,3097.0
2258944,1,SliceDeviceOperation,64,3095.0
330752,,UntilizeWithUnpaddingDeviceOperation,56,3091.0
1056768,,SliceDeviceOperation,64,3088.0
1734656,1,SliceDeviceOperation,64,3088.0
292864,,UntilizeWithUnpaddingDeviceOperation,56,3087.0
1584128,,SliceDeviceOperation,64,3086.0
410624,,UntilizeWithUnpaddingDeviceOperation,56,3085.0
939008,,SliceDeviceOperation,64,3085.0
745472,,UntilizeWithUnpaddingDeviceOperation,56,3082.0
1399808,,SliceDeviceOperation,64,3079.0
1890304,1,SliceDeviceOperation,64,3079.0
2043904,1,SliceDeviceOperation,64,3076.0
839680,,SliceDeviceOperation,64,3075.0
1491968,,SliceDeviceOperation,64,3074.0
827392,,SliceDeviceOperation,64,3071.0
1859584,1,SliceDeviceOperation,64,3071.0
218112,,UntilizeWithUnpaddingDeviceOperation,56,3068.0
1061888,,SliceDeviceOperation,64,3068.0
1833984,1,SliceDeviceOperation,64,3064.0
609280,,UntilizeWithUnpaddingDeviceOperation,56,3063.0
266240,,UntilizeWithUnpaddingDeviceOperation,56,3059.0
1614848,,SliceDeviceOperation,64,3057.0
2171904,1,SliceDeviceOperation,64,3054.0
2540544,1,SliceDeviceOperation,64,3053.0
1676288,,SliceDeviceOperation,64,3051.0
1461248,,SliceDeviceOperation,64,3044.0
1425408,,SliceDeviceOperation,64,3042.0
1553408,,SliceDeviceOperation,64,3040.0
1092608,,SliceDeviceOperation,64,3035.0
1609728,,SliceDeviceOperation,64,3033.0
1803264,1,SliceDeviceOperation,64,3031.0
510976,,UntilizeWithUnpaddingDeviceOperation,56,3030.0
1522688,,SliceDeviceOperation,64,3029.0
1548288,,SliceDeviceOperation,64,3027.0
1700864,1,BinaryNgDeviceOperation,64,3022.0
578560,,UntilizeWithUnpaddingDeviceOperation,56,3019.0
1118208,,SliceDeviceOperation,64,3018.0
1716224,1,UnaryDeviceOperation,64,3018.0
969728,,SliceDeviceOperation,64,3013.0
1210368,,SliceDeviceOperation,64,3010.0
496640,,UntilizeWithUnpaddingDeviceOperation,56,3008.0
1179648,,SliceDeviceOperation,64,3005.0
427008,,UntilizeWithUnpaddingDeviceOperation,56,3004.0
2105344,1,SliceDeviceOperation,64,3004.0
665600,,UntilizeWithUnpaddingDeviceOperation,56,3002.0
1148928,,SliceDeviceOperation,64,2997.0
1798144,1,SliceDeviceOperation,64,2997.0
2264064,1,SliceDeviceOperation,64,2997.0
199680,,UntilizeWithUnpaddingDeviceOperation,56,2992.0
1276928,,SliceDeviceOperation,64,2992.0
1767424,1,SliceDeviceOperation,64,2986.0
1338368,,SliceDeviceOperation,64,2985.0
1864704,1,SliceDeviceOperation,64,2978.0
1921024,1,SliceDeviceOperation,64,2978.0
2141184,1,SliceDeviceOperation,64,2976.0
1184768,,SliceDeviceOperation,64,2971.0
1369088,,SliceDeviceOperation,64,2971.0
1123328,,SliceDeviceOperation,64,2966.0
2294784,1,SliceDeviceOperation,64,2959.0
821248,,UnaryDeviceOperation,64,2951.0
1456128,,SliceDeviceOperation,64,2951.0
2228224,1,SliceDeviceOperation,64,2951.0
184320,,UntilizeWithUnpaddingDeviceOperation,56,2946.0
908288,,SliceDeviceOperation,64,2946.0
1333248,,SliceDeviceOperation,64,2940.0
872448,,SliceDeviceOperation,64,2939.0
723968,,UntilizeWithUnpaddingDeviceOperation,56,2937.0
2197504,1,SliceDeviceOperation,64,2937.0
1241088,,SliceDeviceOperation,64,2927.0
1640448,,SliceDeviceOperation,64,2927.0
1381376,,ReshardDeviceOperation,8,2926.0
2381824,1,SliceDeviceOperation,64,2920.0
1271808,,SliceDeviceOperation,64,2916.0
1307648,,SliceDeviceOperation,64,2915.0
1026048,,SliceDeviceOperation,64,2908.0
1363968,,SliceDeviceOperation,64,2903.0
2079744,1,SliceDeviceOperation,64,2903.0
1154048,,SliceDeviceOperation,64,2896.0
2074624,1,SliceDeviceOperation,64,2891.0
1772544,1,SliceDeviceOperation,64,2890.0
1895424,1,SliceDeviceOperation,64,2890.0
2325504,1,SliceDeviceOperation,64,2887.0
1987584,1,SliceDeviceOperation,64,2886.0
1430528,,SliceDeviceOperation,64,2885.0
2233344,1,SliceDeviceOperation,64,2884.0
1000448,,SliceDeviceOperation,64,2881.0
995328,,SliceDeviceOperation,64,2880.0
2110464,1,SliceDeviceOperation,64,2865.0
1135616,,ReshardDeviceOperation,8,2860.0
2136064,1,SliceDeviceOperation,64,2860.0
2504704,1,SliceDeviceOperation,64,2859.0
1718272,1,UnaryDeviceOperation,64,2856.0
1246208,,SliceDeviceOperation,64,2854.0
903168,,SliceDeviceOperation,64,2853.0
2566144,1,SliceDeviceOperation,64,2842.0
2571264,1,SliceDeviceOperation,64,2832.0
859136,,ReshardDeviceOperation,8,2831.0
2509824,1,SliceDeviceOperation,64,2825.0
2417664,1,SliceDeviceOperation,64,2815.0
807936,,BinaryNgDeviceOperation,64,2814.0
805888,,BinaryNgDeviceOperation,64,2796.0
2320384,1,SliceDeviceOperation,64,2789.0
2241536,1,InterleavedToShardedDeviceOperation,8,2778.0
951296,,ReshardDeviceOperation,8,2747.0
1227776,,ReshardDeviceOperation,8,2740.0
2386944,1,SliceDeviceOperation,64,2732.0
1473536,,ReshardDeviceOperation,8,2700.0
1657856,,ReshardDeviceOperation,8,2694.0
982016,,ReshardDeviceOperation,8,2689.0
823296,,UnaryDeviceOperation,64,2665.0
889856,,ReshardDeviceOperation,8,2660.0
2153472,1,ReshardDeviceOperation,8,2658.0
1938432,1,ReshardDeviceOperation,8,2654.0
2092032,1,ReshardDeviceOperation,8,2645.0
1504256,,ReshardDeviceOperation,8,2641.0
2491392,1,ReshardDeviceOperation,8,2638.0
1846272,1,ReshardDeviceOperation,8,2629.0
1012736,,ReshardDeviceOperation,8,2628.0
1922048,1,InterleavedToShardedDeviceOperation,32,2625.0
1999872,1,ReshardDeviceOperation,8,2625.0
1969152,1,ReshardDeviceOperation,8,2623.0
1754112,1,ReshardDeviceOperation,8,2617.0
1043456,,ReshardDeviceOperation,8,2615.0
1289216,,ReshardDeviceOperation,8,2612.0
1688576,,ReshardDeviceOperation,8,2611.0
1907712,1,ReshardDeviceOperation,8,2611.0
1258496,,ReshardDeviceOperation,8,2589.0
920576,,ReshardDeviceOperation,8,2584.0
2245632,1,ReshardDeviceOperation,8,2580.0
1627136,,ReshardDeviceOperation,8,2576.0
2307072,1,ReshardDeviceOperation,8,2572.0
1596416,,ReshardDeviceOperation,8,2557.0
1876992,1,ReshardDeviceOperation,8,2555.0
1534976,,ReshardDeviceOperation,8,2551.0
1197056,,ReshardDeviceOperation,8,2548.0
2122752,1,ReshardDeviceOperation,8,2547.0
1412096,,ReshardDeviceOperation,8,2543.0
2522112,1,ReshardDeviceOperation,8,2543.0
2030592,1,ReshardDeviceOperation,8,2541.0
2368512,1,ReshardDeviceOperation,8,2540.0
2429952,1,ReshardDeviceOperation,8,2538.0
2583552,1,ReshardDeviceOperation,8,2519.0
2399232,1,ReshardDeviceOperation,8,2518.0
2184192,1,ReshardDeviceOperation,8,2515.0
2214912,1,ReshardDeviceOperation,8,2511.0
2276352,1,ReshardDeviceOperation,8,2510.0
1729536,1,RepeatDeviceOperation,64,2510.0
2061312,1,ReshardDeviceOperation,8,2503.0
2460672,1,ReshardDeviceOperation,8,2496.0
2552832,1,ReshardDeviceOperation,8,2490.0
1565696,,ReshardDeviceOperation,8,2446.0
1350656,,ReshardDeviceOperation,8,2445.0
1815552,1,ReshardDeviceOperation,8,2441.0
834560,,RepeatDeviceOperation,64,2441.0
1166336,,ReshardDeviceOperation,8,2438.0
2337792,1,ReshardDeviceOperation,8,2431.0
1104896,,ReshardDeviceOperation,8,2428.0
1784832,1,ReshardDeviceOperation,8,2402.0
1074176,,ReshardDeviceOperation,8,2401.0
2352128,1,InterleavedToShardedDeviceOperation,32,2401.0
822272,,TypecastDeviceOperation,4,2371.0
1319936,,ReshardDeviceOperation,8,2366.0
1442816,,ReshardDeviceOperation,8,2313.0
2054144,1,InterleavedToShardedDeviceOperation,32,2311.0
824320,,TypecastDeviceOperation,4,2292.0
1343488,,InterleavedToShardedDeviceOperation,32,2287.0
1719296,1,TypecastDeviceOperation,4,2276.0
1717248,1,TypecastDeviceOperation,4,2262.0
1808384,1,InterleavedToShardedDeviceOperation,32,2251.0
965632,,InterleavedToShardedDeviceOperation,32,2199.0
2453504,1,InterleavedToShardedDeviceOperation,32,2199.0
2207744,1,InterleavedToShardedDeviceOperation,32,2179.0
1983488,1,InterleavedToShardedDeviceOperation,32,2167.0
2567168,1,InterleavedToShardedDeviceOperation,32,2166.0
851968,,InterleavedToShardedDeviceOperation,32,2160.0
1312768,,InterleavedToShardedDeviceOperation,32,2159.0
1364992,,InterleavedToShardedDeviceOperation,32,2150.0
1672192,,InterleavedToShardedDeviceOperation,32,2146.0
1128448,,InterleavedToShardedDeviceOperation,32,2106.0
1027072,,InterleavedToShardedDeviceOperation,32,2104.0
1580032,,InterleavedToShardedDeviceOperation,32,2103.0
1303552,,InterleavedToShardedDeviceOperation,32,2101.0
1589248,,InterleavedToShardedDeviceOperation,32,2101.0
1159168,,InterleavedToShardedDeviceOperation,32,2090.0
1457152,,InterleavedToShardedDeviceOperation,32,2081.0
413696,,ConcatDeviceOperation,1,2080.0
873472,,InterleavedToShardedDeviceOperation,32,2071.0
1619968,,InterleavedToShardedDeviceOperation,32,2071.0
1681408,,InterleavedToShardedDeviceOperation,32,2070.0
455680,,ConcatDeviceOperation,1,2067.0
295936,,ConcatDeviceOperation,1,2059.0
310272,,ConcatDeviceOperation,1,2051.0
974848,,InterleavedToShardedDeviceOperation,32,2051.0
1426432,,InterleavedToShardedDeviceOperation,32,2047.0
1746944,1,InterleavedToShardedDeviceOperation,32,2038.0
1149952,,InterleavedToShardedDeviceOperation,32,2037.0
2269184,1,InterleavedToShardedDeviceOperation,32,2037.0
1610752,,InterleavedToShardedDeviceOperation,32,2036.0
904192,,InterleavedToShardedDeviceOperation,32,2034.0
934912,,InterleavedToShardedDeviceOperation,32,2029.0
1220608,,InterleavedToShardedDeviceOperation,32,2028.0
1527808,,InterleavedToShardedDeviceOperation,32,2028.0
2548736,1,InterleavedToShardedDeviceOperation,8,2028.0
913408,,InterleavedToShardedDeviceOperation,32,2027.0
1558528,,InterleavedToShardedDeviceOperation,32,2027.0
1030144,,ShardedToInterleavedDeviceOperation,32,2025.0
2167808,1,InterleavedToShardedDeviceOperation,32,2023.0
1466368,,InterleavedToShardedDeviceOperation,32,2014.0
1549312,,InterleavedToShardedDeviceOperation,32,2014.0
1067008,,InterleavedToShardedDeviceOperation,32,2003.0
1189888,,InterleavedToShardedDeviceOperation,32,2003.0
1005568,,InterleavedToShardedDeviceOperation,32,2002.0
1334272,,InterleavedToShardedDeviceOperation,32,2001.0
1435648,,InterleavedToShardedDeviceOperation,32,1998.0
1487872,,InterleavedToShardedDeviceOperation,32,1994.0
550912,,ConcatDeviceOperation,1,1993.0
333824,,ConcatDeviceOperation,1,1992.0
1889280,1,ShardedToInterleavedDeviceOperation,32,1992.0
499712,,ConcatDeviceOperation,1,1991.0
1211392,,InterleavedToShardedDeviceOperation,32,1991.0
727040,,ConcatDeviceOperation,1,1990.0
882688,,InterleavedToShardedDeviceOperation,32,1990.0
1332224,,ShardedToInterleavedDeviceOperation,32,1986.0
2321408,1,InterleavedToShardedDeviceOperation,32,1982.0
668672,,ConcatDeviceOperation,1,1979.0
2042880,1,ShardedToInterleavedDeviceOperation,32,1979.0
1485824,,ShardedToInterleavedDeviceOperation,32,1977.0
1675264,,ShardedToInterleavedDeviceOperation,32,1977.0
187392,,ConcatDeviceOperation,1,1974.0
1641472,,InterleavedToShardedDeviceOperation,32,1973.0
828416,,InterleavedToShardedDeviceOperation,32,1972.0
1251328,,InterleavedToShardedDeviceOperation,32,1972.0
1395712,,InterleavedToShardedDeviceOperation,32,1972.0
1404928,,InterleavedToShardedDeviceOperation,32,1972.0
612352,,ConcatDeviceOperation,1,1970.0
1097728,,InterleavedToShardedDeviceOperation,32,1970.0
254976,,ConcatDeviceOperation,1,1969.0
581632,,ConcatDeviceOperation,1,1969.0
1036288,,InterleavedToShardedDeviceOperation,32,1969.0
1180672,,InterleavedToShardedDeviceOperation,32,1969.0
1242112,,InterleavedToShardedDeviceOperation,32,1969.0
1518592,,InterleavedToShardedDeviceOperation,32,1969.0
1644544,,ShardedToInterleavedDeviceOperation,32,1969.0
235520,,ConcatDeviceOperation,1,1963.0
683008,,ConcatDeviceOperation,1,1962.0
1900544,1,InterleavedToShardedDeviceOperation,32,1961.0
1057792,,InterleavedToShardedDeviceOperation,32,1959.0
202752,,ConcatDeviceOperation,1,1957.0
902144,,ShardedToInterleavedDeviceOperation,32,1957.0
1376256,,ShardedToInterleavedDeviceOperation,28,1954.0
1608704,,ShardedToInterleavedDeviceOperation,32,1954.0
2382848,1,InterleavedToShardedDeviceOperation,32,1951.0
1282048,,InterleavedToShardedDeviceOperation,32,1948.0
1374208,,InterleavedToShardedDeviceOperation,32,1948.0
1497088,,InterleavedToShardedDeviceOperation,32,1948.0
1055744,,ShardedToInterleavedDeviceOperation,32,1945.0
1650688,,InterleavedToShardedDeviceOperation,32,1943.0
996352,,InterleavedToShardedDeviceOperation,32,1941.0
1521664,,ShardedToInterleavedDeviceOperation,32,1937.0
1965056,1,InterleavedToShardedDeviceOperation,8,1935.0
472064,,ConcatDeviceOperation,1,1934.0
358400,,ConcatDeviceOperation,1,1933.0
1214464,,ShardedToInterleavedDeviceOperation,32,1931.0
1455104,,ShardedToInterleavedDeviceOperation,32,1930.0
1577984,,ShardedToInterleavedDeviceOperation,32,1926.0
2514944,1,InterleavedToShardedDeviceOperation,32,1919.0
907264,,ShardedToInterleavedDeviceOperation,32,1918.0
1272832,,InterleavedToShardedDeviceOperation,32,1918.0
825344,,ShardedToInterleavedDeviceOperation,32,1917.0
1992704,1,InterleavedToShardedDeviceOperation,32,1915.0
837632,,ShardedToInterleavedDeviceOperation,32,1913.0
1429504,,ShardedToInterleavedDeviceOperation,32,1912.0
2411520,1,ShardedToInterleavedDeviceOperation,32,1912.0
1552384,,ShardedToInterleavedDeviceOperation,32,1910.0
430080,,ConcatDeviceOperation,1,1907.0
944128,,InterleavedToShardedDeviceOperation,32,1906.0
1424384,,ShardedToInterleavedDeviceOperation,32,1905.0
1240064,,ShardedToInterleavedDeviceOperation,32,1901.0
1516544,,ShardedToInterleavedDeviceOperation,32,1899.0
2057216,1,InterleavedToShardedDeviceOperation,8,1899.0
1639424,,ShardedToInterleavedDeviceOperation,32,1897.0
2484224,1,InterleavedToShardedDeviceOperation,32,1896.0
381952,,ConcatDeviceOperation,1,1895.0
1720320,1,ShardedToInterleavedDeviceOperation,32,1895.0
1153024,,ShardedToInterleavedDeviceOperation,32,1894.0
1560576,,ShardedToInterleavedDeviceOperation,28,1891.0
1088512,,InterleavedToShardedDeviceOperation,32,1890.0
1839104,1,InterleavedToShardedDeviceOperation,32,1884.0
1275904,,ShardedToInterleavedDeviceOperation,32,1881.0
854016,,ShardedToInterleavedDeviceOperation,28,1873.0
1183744,,ShardedToInterleavedDeviceOperation,32,1873.0
1245184,,ShardedToInterleavedDeviceOperation,32,1873.0
2149376,1,InterleavedToShardedDeviceOperation,8,1873.0
1119232,,InterleavedToShardedDeviceOperation,32,1872.0
999424,,ShardedToInterleavedDeviceOperation,32,1865.0
1306624,,ShardedToInterleavedDeviceOperation,32,1865.0
1368064,,ShardedToInterleavedDeviceOperation,32,1863.0
2319360,1,ShardedToInterleavedDeviceOperation,32,1863.0
2570240,1,ShardedToInterleavedDeviceOperation,32,1863.0
2576384,1,InterleavedToShardedDeviceOperation,32,1863.0
1961984,1,InterleavedToShardedDeviceOperation,32,1862.0
221184,,ConcatDeviceOperation,1,1859.0
651264,,ConcatDeviceOperation,1,1856.0
820224,,ConcatDeviceOperation,4,1854.0
1122304,,ShardedToInterleavedDeviceOperation,32,1854.0
1362944,,ShardedToInterleavedDeviceOperation,32,1849.0
968704,,ShardedToInterleavedDeviceOperation,32,1847.0
2598912,,UntilizeWithUnpaddingDeviceOperation,1,1844.0
230400,,SliceDeviceOperation,1,1839.0
677888,,SliceDeviceOperation,1,1835.0
290816,,SliceDeviceOperation,1,1834.0
963584,,ShardedToInterleavedDeviceOperation,32,1833.0
1091584,,ShardedToInterleavedDeviceOperation,32,1833.0
1099776,,ShardedToInterleavedDeviceOperation,28,1833.0
1209344,,ShardedToInterleavedDeviceOperation,32,1833.0
1903616,1,InterleavedToShardedDeviceOperation,8,1829.0
2355200,1,ShardedToInterleavedDeviceOperation,32,1829.0
2594816,,UntilizeWithUnpaddingDeviceOperation,1,1829.0
2361344,1,InterleavedToShardedDeviceOperation,32,1828.0
932864,,ShardedToInterleavedDeviceOperation,32,1826.0
1547264,,ShardedToInterleavedDeviceOperation,32,1825.0
1858560,1,ShardedToInterleavedDeviceOperation,32,1824.0
1437696,,ShardedToInterleavedDeviceOperation,28,1823.0
1060864,,ShardedToInterleavedDeviceOperation,32,1820.0
1460224,,ShardedToInterleavedDeviceOperation,32,1820.0
269312,,ConcatDeviceOperation,1,1818.0
508928,,SliceDeviceOperation,1,1818.0
607232,,SliceDeviceOperation,1,1818.0
2395136,1,InterleavedToShardedDeviceOperation,8,1818.0
567296,,ConcatDeviceOperation,1,1817.0
1086464,,ShardedToInterleavedDeviceOperation,32,1817.0
1284096,,ShardedToInterleavedDeviceOperation,28,1817.0
562176,,SliceDeviceOperation,1,1816.0
795648,,ConcatDeviceOperation,1,1816.0
748544,,ConcatDeviceOperation,1,1815.0
2177024,1,InterleavedToShardedDeviceOperation,32,1815.0
514048,,ConcatDeviceOperation,1,1814.0
721920,,SliceDeviceOperation,1,1813.0
781312,,ConcatDeviceOperation,1,1813.0
1652736,,ShardedToInterleavedDeviceOperation,28,1811.0
494592,,SliceDeviceOperation,1,1809.0
1117184,,ShardedToInterleavedDeviceOperation,32,1809.0
353280,,SliceDeviceOperation,1,1808.0
646144,,SliceDeviceOperation,1,1807.0
1931264,1,InterleavedToShardedDeviceOperation,32,1807.0
2619392,,UntilizeWithUnpaddingDeviceOperation,1,1804.0
1147904,,ShardedToInterleavedDeviceOperation,32,1802.0
2330624,1,InterleavedToShardedDeviceOperation,32,1802.0
1398784,,ShardedToInterleavedDeviceOperation,32,1801.0
2444288,1,InterleavedToShardedDeviceOperation,32,1797.0
1069056,,ShardedToInterleavedDeviceOperation,28,1793.0
1337344,,ShardedToInterleavedDeviceOperation,32,1787.0
2597888,,UntilizeWithUnpaddingDeviceOperation,1,1787.0
1622016,,ShardedToInterleavedDeviceOperation,28,1785.0
1583104,,ShardedToInterleavedDeviceOperation,32,1777.0
2615296,,UntilizeWithUnpaddingDeviceOperation,1,1775.0
2115584,1,InterleavedToShardedDeviceOperation,32,1772.0
876544,,ShardedToInterleavedDeviceOperation,32,1768.0
1934336,1,InterleavedToShardedDeviceOperation,8,1763.0
915456,,ShardedToInterleavedDeviceOperation,28,1761.0
994304,,ShardedToInterleavedDeviceOperation,32,1761.0
1872896,1,InterleavedToShardedDeviceOperation,8,1755.0
1178624,,ShardedToInterleavedDeviceOperation,32,1754.0
1301504,,ShardedToInterleavedDeviceOperation,32,1754.0
2545664,1,InterleavedToShardedDeviceOperation,32,1754.0
1613824,,ShardedToInterleavedDeviceOperation,32,1753.0
2026496,1,InterleavedToShardedDeviceOperation,8,1753.0
871424,,ShardedToInterleavedDeviceOperation,32,1746.0
1490944,,ShardedToInterleavedDeviceOperation,32,1746.0
1712128,1,TypecastDeviceOperation,1,1746.0
937984,,ShardedToInterleavedDeviceOperation,32,1745.0
976896,,ShardedToInterleavedDeviceOperation,28,1743.0
2104320,1,ShardedToInterleavedDeviceOperation,32,1742.0
2364416,1,InterleavedToShardedDeviceOperation,8,1742.0
2620416,,UntilizeWithUnpaddingDeviceOperation,1,1742.0
1777664,1,InterleavedToShardedDeviceOperation,32,1741.0
1038336,,ShardedToInterleavedDeviceOperation,28,1737.0
1270784,,ShardedToInterleavedDeviceOperation,32,1737.0
1314816,,ShardedToInterleavedDeviceOperation,28,1737.0
2232320,1,ShardedToInterleavedDeviceOperation,32,1737.0
2180096,1,InterleavedToShardedDeviceOperation,8,1733.0
2606080,,UntilizeWithUnpaddingDeviceOperation,1,1730.0
576512,,SliceDeviceOperation,1,1723.0
1995776,1,InterleavedToShardedDeviceOperation,8,1721.0
884736,,ShardedToInterleavedDeviceOperation,28,1719.0
1732608,1,ShardedToInterleavedDeviceOperation,32,1719.0
1986560,1,ShardedToInterleavedDeviceOperation,32,1715.0
1811456,1,InterleavedToShardedDeviceOperation,8,1710.0
2595840,,UntilizeWithUnpaddingDeviceOperation,1,1710.0
1670144,,ShardedToInterleavedDeviceOperation,32,1706.0
2146304,1,InterleavedToShardedDeviceOperation,32,1706.0
2565120,1,ShardedToInterleavedDeviceOperation,32,1701.0
2210816,1,InterleavedToShardedDeviceOperation,8,1699.0
2084864,1,InterleavedToShardedDeviceOperation,32,1698.0
1025024,,ShardedToInterleavedDeviceOperation,32,1697.0
1222656,,ShardedToInterleavedDeviceOperation,28,1697.0
1683456,,ShardedToInterleavedDeviceOperation,28,1697.0
1869824,1,InterleavedToShardedDeviceOperation,32,1697.0
1715200,1,ConcatDeviceOperation,4,1693.0
1950720,1,ShardedToInterleavedDeviceOperation,32,1691.0
2257920,1,ShardedToInterleavedDeviceOperation,32,1691.0
776192,,SliceDeviceOperation,1,1688.0
2227200,1,ShardedToInterleavedDeviceOperation,32,1688.0
2299904,1,InterleavedToShardedDeviceOperation,32,1688.0
2605056,,UntilizeWithUnpaddingDeviceOperation,1,1688.0
2616320,,UntilizeWithUnpaddingDeviceOperation,1,1688.0
2456576,1,InterleavedToShardedDeviceOperation,8,1687.0
2607104,,UntilizeWithUnpaddingDeviceOperation,1,1686.0
2392064,1,InterleavedToShardedDeviceOperation,32,1685.0
1007616,,ShardedToInterleavedDeviceOperation,28,1682.0
2613248,,UntilizeWithUnpaddingDeviceOperation,1,1682.0
1161216,,ShardedToInterleavedDeviceOperation,28,1681.0
2416640,1,ShardedToInterleavedDeviceOperation,32,1680.0
2073600,1,ShardedToInterleavedDeviceOperation,32,1679.0
2618368,,UntilizeWithUnpaddingDeviceOperation,1,1679.0
2263040,1,ShardedToInterleavedDeviceOperation,32,1678.0
1802240,1,ShardedToInterleavedDeviceOperation,32,1676.0
2612224,,UntilizeWithUnpaddingDeviceOperation,1,1676.0
1393664,,ShardedToInterleavedDeviceOperation,32,1675.0
2596864,,UntilizeWithUnpaddingDeviceOperation,1,1675.0
2604032,,UntilizeWithUnpaddingDeviceOperation,1,1675.0
2623488,,UntilizeWithUnpaddingDeviceOperation,1,1675.0
2611200,,UntilizeWithUnpaddingDeviceOperation,1,1674.0
2610176,,UntilizeWithUnpaddingDeviceOperation,1,1673.0
2238464,1,InterleavedToShardedDeviceOperation,32,1672.0
2617344,,UntilizeWithUnpaddingDeviceOperation,1,1672.0
1468416,,ShardedToInterleavedDeviceOperation,28,1671.0
1797120,1,ShardedToInterleavedDeviceOperation,32,1671.0
2603008,,UntilizeWithUnpaddingDeviceOperation,1,1671.0
249856,,SliceDeviceOperation,1,1667.0
2288640,1,ShardedToInterleavedDeviceOperation,32,1665.0
1529856,,ShardedToInterleavedDeviceOperation,28,1664.0
1920000,1,ShardedToInterleavedDeviceOperation,32,1664.0
2422784,1,InterleavedToShardedDeviceOperation,32,1664.0
2622464,,UntilizeWithUnpaddingDeviceOperation,1,1663.0
1345536,,ShardedToInterleavedDeviceOperation,28,1662.0
2614272,,UntilizeWithUnpaddingDeviceOperation,1,1662.0
466944,,SliceDeviceOperation,1,1661.0
2385920,1,ShardedToInterleavedDeviceOperation,32,1661.0
2534400,1,ShardedToInterleavedDeviceOperation,32,1661.0
2601984,,UntilizeWithUnpaddingDeviceOperation,1,1661.0
1499136,,ShardedToInterleavedDeviceOperation,28,1658.0
2621440,,UntilizeWithUnpaddingDeviceOperation,1,1658.0
305152,,SliceDeviceOperation,1,1656.0
408576,,SliceDeviceOperation,1,1655.0
182272,,SliceDeviceOperation,1,1653.0
376832,,SliceDeviceOperation,1,1653.0
197632,,SliceDeviceOperation,1,1652.0
663552,,SliceDeviceOperation,1,1652.0
216064,,SliceDeviceOperation,1,1651.0
2599936,,UntilizeWithUnpaddingDeviceOperation,1,1651.0
2609152,,UntilizeWithUnpaddingDeviceOperation,1,1649.0
424960,,SliceDeviceOperation,1,1647.0
545792,,SliceDeviceOperation,1,1647.0
790528,,SliceDeviceOperation,1,1646.0
2600960,,UntilizeWithUnpaddingDeviceOperation,1,1646.0
264192,,SliceDeviceOperation,1,1645.0
328704,,SliceDeviceOperation,1,1645.0
743424,,SliceDeviceOperation,1,1645.0
2017280,1,ShardedToInterleavedDeviceOperation,32,1645.0
2140160,1,ShardedToInterleavedDeviceOperation,32,1642.0
2324480,1,ShardedToInterleavedDeviceOperation,32,1642.0
2608128,,UntilizeWithUnpaddingDeviceOperation,1,1642.0
1894400,1,ShardedToInterleavedDeviceOperation,32,1641.0
450560,,SliceDeviceOperation,1,1640.0
2272256,1,InterleavedToShardedDeviceOperation,8,1640.0
1771520,1,ShardedToInterleavedDeviceOperation,32,1637.0
2508800,1,ShardedToInterleavedDeviceOperation,32,1633.0
1981440,1,ShardedToInterleavedDeviceOperation,32,1627.0
2350080,1,ShardedToInterleavedDeviceOperation,32,1627.0
2394112,1,ShardedToInterleavedDeviceOperation,28,1625.0
1827840,1,ShardedToInterleavedDeviceOperation,32,1623.0
946176,,ShardedToInterleavedDeviceOperation,28,1617.0
1130496,,ShardedToInterleavedDeviceOperation,28,1617.0
1780736,1,InterleavedToShardedDeviceOperation,8,1617.0
1191936,,ShardedToInterleavedDeviceOperation,28,1611.0
1766400,1,ShardedToInterleavedDeviceOperation,32,1610.0
2447360,1,ShardedToInterleavedDeviceOperation,32,1608.0
1832960,1,ShardedToInterleavedDeviceOperation,32,1603.0
1406976,,ShardedToInterleavedDeviceOperation,28,1601.0
2472960,1,ShardedToInterleavedDeviceOperation,32,1600.0
1253376,,ShardedToInterleavedDeviceOperation,28,1599.0
2478080,1,ShardedToInterleavedDeviceOperation,32,1597.0
1591296,,ShardedToInterleavedDeviceOperation,28,1591.0
2518016,1,InterleavedToShardedDeviceOperation,8,1588.0
2109440,1,ShardedToInterleavedDeviceOperation,32,1583.0
2455552,1,ShardedToInterleavedDeviceOperation,28,1582.0
815104,,RepeatDeviceOperation,64,1582.0
1710080,1,RepeatDeviceOperation,64,1579.0
2442240,1,ShardedToInterleavedDeviceOperation,32,1578.0
2135040,1,ShardedToInterleavedDeviceOperation,32,1575.0
2012160,1,ShardedToInterleavedDeviceOperation,32,1571.0
1955840,1,ShardedToInterleavedDeviceOperation,32,1563.0
2078720,1,ShardedToInterleavedDeviceOperation,32,1561.0
2503680,1,ShardedToInterleavedDeviceOperation,32,1560.0
2380800,1,ShardedToInterleavedDeviceOperation,32,1555.0
2290688,1,InterleavedToShardedDeviceOperation,32,1552.0
2196480,1,ShardedToInterleavedDeviceOperation,32,1543.0
2201600,1,ShardedToInterleavedDeviceOperation,32,1543.0
2137088,1,InterleavedToShardedDeviceOperation,32,1542.0
1933312,1,ShardedToInterleavedDeviceOperation,28,1538.0
2539520,1,ShardedToInterleavedDeviceOperation,32,1536.0
2023424,1,InterleavedToShardedDeviceOperation,32,1532.0
2165760,1,ShardedToInterleavedDeviceOperation,32,1531.0
1863680,1,ShardedToInterleavedDeviceOperation,32,1511.0
1860608,1,InterleavedToShardedDeviceOperation,32,1506.0
817152,,TypecastDeviceOperation,1,1491.0
2048000,1,ShardedToInterleavedDeviceOperation,32,1491.0
808960,,TypecastDeviceOperation,32,1489.0
1162240,,InterleavedToShardedDeviceOperation,8,1489.0
1192960,,InterleavedToShardedDeviceOperation,8,1487.0
2293760,1,ShardedToInterleavedDeviceOperation,32,1479.0
2579456,1,InterleavedToShardedDeviceOperation,8,1478.0
2106368,1,InterleavedToShardedDeviceOperation,32,1476.0
2075648,1,InterleavedToShardedDeviceOperation,32,1473.0
1703936,1,TypecastDeviceOperation,32,1465.0
2170880,1,ShardedToInterleavedDeviceOperation,32,1465.0
2229248,1,InterleavedToShardedDeviceOperation,32,1462.0
947200,,InterleavedToShardedDeviceOperation,8,1446.0
1653760,,InterleavedToShardedDeviceOperation,8,1445.0
2087936,1,InterleavedToShardedDeviceOperation,8,1435.0
977920,,InterleavedToShardedDeviceOperation,8,1434.0
1623040,,InterleavedToShardedDeviceOperation,8,1434.0
1039360,,InterleavedToShardedDeviceOperation,8,1433.0
1070080,,InterleavedToShardedDeviceOperation,8,1433.0
1131520,,InterleavedToShardedDeviceOperation,8,1433.0
2475008,1,InterleavedToShardedDeviceOperation,32,1433.0
1100800,,InterleavedToShardedDeviceOperation,8,1432.0
1592320,,InterleavedToShardedDeviceOperation,8,1432.0
855040,,InterleavedToShardedDeviceOperation,8,1431.0
1438720,,InterleavedToShardedDeviceOperation,8,1424.0
1684480,,InterleavedToShardedDeviceOperation,8,1424.0
1408000,,InterleavedToShardedDeviceOperation,8,1423.0
2044928,1,InterleavedToShardedDeviceOperation,32,1421.0
1254400,,InterleavedToShardedDeviceOperation,8,1420.0
1768448,1,InterleavedToShardedDeviceOperation,32,1420.0
1952768,1,InterleavedToShardedDeviceOperation,32,1420.0
1842176,1,InterleavedToShardedDeviceOperation,8,1412.0
1561600,,InterleavedToShardedDeviceOperation,8,1411.0
1829888,1,InterleavedToShardedDeviceOperation,32,1411.0
2487296,1,InterleavedToShardedDeviceOperation,8,1411.0
885760,,InterleavedToShardedDeviceOperation,8,1410.0
1315840,,InterleavedToShardedDeviceOperation,8,1410.0
1377280,,InterleavedToShardedDeviceOperation,8,1410.0
2302976,1,InterleavedToShardedDeviceOperation,8,1410.0
2118656,1,InterleavedToShardedDeviceOperation,8,1409.0
916480,,InterleavedToShardedDeviceOperation,8,1408.0
2333696,1,InterleavedToShardedDeviceOperation,8,1403.0
1008640,,InterleavedToShardedDeviceOperation,8,1399.0
1346560,,InterleavedToShardedDeviceOperation,8,1399.0
1530880,,InterleavedToShardedDeviceOperation,8,1399.0
1500160,,InterleavedToShardedDeviceOperation,8,1396.0
2547712,1,ShardedToInterleavedDeviceOperation,28,1394.0
1469440,,InterleavedToShardedDeviceOperation,8,1391.0
1223680,,InterleavedToShardedDeviceOperation,8,1390.0
1285120,,InterleavedToShardedDeviceOperation,8,1380.0
1750016,1,InterleavedToShardedDeviceOperation,8,1380.0
2413568,1,InterleavedToShardedDeviceOperation,32,1380.0
2425856,1,InterleavedToShardedDeviceOperation,8,1380.0
2240512,1,ShardedToInterleavedDeviceOperation,28,1377.0
1799168,1,InterleavedToShardedDeviceOperation,32,1376.0
1925120,1,ShardedToInterleavedDeviceOperation,32,1371.0
2086912,1,ShardedToInterleavedDeviceOperation,28,1370.0
1748992,1,ShardedToInterleavedDeviceOperation,28,1363.0
1994752,1,ShardedToInterleavedDeviceOperation,28,1340.0
1841152,1,ShardedToInterleavedDeviceOperation,28,1338.0
463872,,SliceDeviceOperation,1,1330.0
2198528,1,InterleavedToShardedDeviceOperation,32,1325.0
2505728,1,InterleavedToShardedDeviceOperation,32,1324.0
2536448,1,InterleavedToShardedDeviceOperation,32,1321.0
1891328,1,InterleavedToShardedDeviceOperation,32,1313.0
2363392,1,ShardedToInterleavedDeviceOperation,28,1307.0
1779712,1,ShardedToInterleavedDeviceOperation,28,1305.0
287744,,SliceDeviceOperation,1,1299.0
2271232,1,ShardedToInterleavedDeviceOperation,28,1291.0
2259968,1,InterleavedToShardedDeviceOperation,32,1277.0
1871872,1,ShardedToInterleavedDeviceOperation,28,1273.0
2056192,1,ShardedToInterleavedDeviceOperation,28,1273.0
2301952,1,ShardedToInterleavedDeviceOperation,28,1268.0
1902592,1,ShardedToInterleavedDeviceOperation,28,1265.0
2025472,1,ShardedToInterleavedDeviceOperation,28,1257.0
491520,,SliceDeviceOperation,1,1251.0
224256,,SliceDeviceOperation,1,1249.0
2148352,1,ShardedToInterleavedDeviceOperation,28,1249.0
573440,,SliceDeviceOperation,1,1238.0
299008,,SliceDeviceOperation,1,1230.0
421888,,SliceDeviceOperation,1,1229.0
2516992,1,ShardedToInterleavedDeviceOperation,28,1225.0
2332672,1,ShardedToInterleavedDeviceOperation,28,1217.0
773120,,SliceDeviceOperation,1,1212.0
2014208,1,InterleavedToShardedDeviceOperation,32,1202.0
2424832,1,ShardedToInterleavedDeviceOperation,28,1193.0
209920,,SliceDeviceOperation,1,1191.0
2486272,1,ShardedToInterleavedDeviceOperation,28,1190.0
1723392,1,InterleavedToShardedDeviceOperation,32,1187.0
447488,,SliceDeviceOperation,1,1177.0
2209792,1,ShardedToInterleavedDeviceOperation,28,1177.0
1810432,1,ShardedToInterleavedDeviceOperation,28,1176.0
770048,,SliceDeviceOperation,1,1159.0
347136,,SliceDeviceOperation,1,1158.0
640000,,SliceDeviceOperation,1,1158.0
488448,,SliceDeviceOperation,1,1157.0
542720,,SliceDeviceOperation,1,1154.0
284672,,SliceDeviceOperation,1,1153.0
418816,,SliceDeviceOperation,1,1153.0
784384,,SliceDeviceOperation,1,1153.0
212992,,SliceDeviceOperation,1,1152.0
502784,,SliceDeviceOperation,1,1152.0
570368,,SliceDeviceOperation,1,1152.0
657408,,SliceDeviceOperation,1,1152.0
660480,,SliceDeviceOperation,1,1152.0
715776,,SliceDeviceOperation,1,1152.0
737280,,SliceDeviceOperation,1,1152.0
261120,,SliceDeviceOperation,1,1150.0
302080,,SliceDeviceOperation,1,1150.0
370688,,SliceDeviceOperation,1,1150.0
402432,,SliceDeviceOperation,1,1150.0
444416,,SliceDeviceOperation,1,1150.0
604160,,SliceDeviceOperation,1,1150.0
322560,,SliceDeviceOperation,1,1149.0
325632,,SliceDeviceOperation,1,1149.0
539648,,SliceDeviceOperation,1,1149.0
740352,,SliceDeviceOperation,1,1149.0
227328,,SliceDeviceOperation,1,1148.0
243712,,SliceDeviceOperation,1,1148.0
258048,,SliceDeviceOperation,1,1148.0
505856,,SliceDeviceOperation,1,1148.0
674816,,SliceDeviceOperation,1,1148.0
179200,,SliceDeviceOperation,1,1147.0
246784,,SliceDeviceOperation,1,1147.0
405504,,SliceDeviceOperation,1,1147.0
191488,,SliceDeviceOperation,1,1145.0
350208,,SliceDeviceOperation,1,1145.0
556032,,SliceDeviceOperation,1,1145.0
671744,,SliceDeviceOperation,1,1143.0
787456,,SliceDeviceOperation,1,1143.0
194560,,SliceDeviceOperation,1,1142.0
460800,,SliceDeviceOperation,1,1142.0
718848,,SliceDeviceOperation,1,1142.0
559104,,SliceDeviceOperation,1,1141.0
373760,,SliceDeviceOperation,1,1140.0
601088,,SliceDeviceOperation,1,1140.0
643072,,SliceDeviceOperation,1,1140.0
176128,,SliceDeviceOperation,1,1134.0
2578432,1,ShardedToInterleavedDeviceOperation,28,1114.0
2117632,1,ShardedToInterleavedDeviceOperation,28,1108.0
2179072,1,ShardedToInterleavedDeviceOperation,28,1090.0
1964032,1,ShardedToInterleavedDeviceOperation,28,1078.0
2098176,1,BinaryNgDeviceOperation,64,611.0
2466816,1,BinaryNgDeviceOperation,64,610.0
2282496,1,BinaryNgDeviceOperation,64,608.0
1944576,1,BinaryNgDeviceOperation,64,607.0
2067456,1,BinaryNgDeviceOperation,64,605.0
2436096,1,BinaryNgDeviceOperation,64,604.0
1790976,1,BinaryNgDeviceOperation,64,603.0
2305024,1,BinaryNgDeviceOperation,64,603.0
2343936,1,BinaryNgDeviceOperation,64,603.0
1905664,1,BinaryNgDeviceOperation,64,600.0
2190336,1,BinaryNgDeviceOperation,64,600.0
1760256,1,BinaryNgDeviceOperation,64,597.0
2006016,1,BinaryNgDeviceOperation,64,597.0
1821696,1,BinaryNgDeviceOperation,64,596.0
2374656,1,BinaryNgDeviceOperation,64,596.0
2497536,1,BinaryNgDeviceOperation,64,596.0
2558976,1,BinaryNgDeviceOperation,64,596.0
1844224,1,BinaryNgDeviceOperation,64,595.0
1913856,1,BinaryNgDeviceOperation,64,595.0
1852416,1,BinaryNgDeviceOperation,64,594.0
1975296,1,BinaryNgDeviceOperation,64,594.0
2089984,1,BinaryNgDeviceOperation,64,594.0
1997824,1,BinaryNgDeviceOperation,64,590.0
2128896,1,BinaryNgDeviceOperation,64,590.0
2221056,1,BinaryNgDeviceOperation,64,590.0
2251776,1,BinaryNgDeviceOperation,64,590.0
2589696,1,BinaryNgDeviceOperation,64,590.0
1967104,1,BinaryNgDeviceOperation,64,589.0
2405376,1,BinaryNgDeviceOperation,64,589.0
2313216,1,BinaryNgDeviceOperation,64,587.0
2397184,1,BinaryNgDeviceOperation,64,587.0
2528256,1,BinaryNgDeviceOperation,64,587.0
2274304,1,BinaryNgDeviceOperation,64,586.0
2159616,1,BinaryNgDeviceOperation,64,585.0
2427904,1,BinaryNgDeviceOperation,64,585.0
1883136,1,BinaryNgDeviceOperation,64,584.0
2120704,1,BinaryNgDeviceOperation,64,584.0
2489344,1,BinaryNgDeviceOperation,64,582.0
2366464,1,BinaryNgDeviceOperation,64,579.0
2036736,1,BinaryNgDeviceOperation,64,578.0
2151424,1,BinaryNgDeviceOperation,64,577.0
2581504,1,BinaryNgDeviceOperation,64,577.0
2059264,1,BinaryNgDeviceOperation,64,576.0
2335744,1,BinaryNgDeviceOperation,64,576.0
2458624,1,BinaryNgDeviceOperation,64,573.0
2028544,1,BinaryNgDeviceOperation,64,572.0
1936384,1,BinaryNgDeviceOperation,64,568.0
2550784,1,BinaryNgDeviceOperation,64,568.0
1782784,1,BinaryNgDeviceOperation,64,566.0
2182144,1,BinaryNgDeviceOperation,64,566.0
1813504,1,BinaryNgDeviceOperation,64,564.0
2520064,1,BinaryNgDeviceOperation,64,564.0
2212864,1,BinaryNgDeviceOperation,64,562.0
1874944,1,BinaryNgDeviceOperation,64,560.0
2243584,1,BinaryNgDeviceOperation,64,552.0
1471488,,BinaryNgDeviceOperation,64,527.0
1072128,,BinaryNgDeviceOperation,64,523.0
1172480,,BinaryNgDeviceOperation,64,523.0
1317888,,BinaryNgDeviceOperation,64,515.0
1287168,,BinaryNgDeviceOperation,64,508.0
1295360,,BinaryNgDeviceOperation,64,504.0
896000,,BinaryNgDeviceOperation,64,502.0
1563648,,BinaryNgDeviceOperation,64,501.0
1041408,,BinaryNgDeviceOperation,64,500.0
1664000,,BinaryNgDeviceOperation,64,497.0
1387520,,BinaryNgDeviceOperation,64,496.0
1686528,,BinaryNgDeviceOperation,64,495.0
1164288,,BinaryNgDeviceOperation,64,492.0
1018880,,BinaryNgDeviceOperation,64,490.0
865280,,BinaryNgDeviceOperation,64,487.0
979968,,BinaryNgDeviceOperation,64,486.0
1356800,,BinaryNgDeviceOperation,64,486.0
1410048,,BinaryNgDeviceOperation,64,485.0
887808,,BinaryNgDeviceOperation,64,484.0
926720,,BinaryNgDeviceOperation,64,483.0
1102848,,BinaryNgDeviceOperation,64,483.0
1195008,,BinaryNgDeviceOperation,64,482.0
1203200,,BinaryNgDeviceOperation,64,482.0
1225728,,BinaryNgDeviceOperation,64,482.0
1256448,,BinaryNgDeviceOperation,64,482.0
1541120,,BinaryNgDeviceOperation,64,482.0
949248,,BinaryNgDeviceOperation,64,481.0
1133568,,BinaryNgDeviceOperation,64,480.0
1348608,,BinaryNgDeviceOperation,64,480.0
1510400,,BinaryNgDeviceOperation,64,480.0
1264640,,BinaryNgDeviceOperation,64,479.0
1141760,,BinaryNgDeviceOperation,64,478.0
1502208,,BinaryNgDeviceOperation,64,478.0
1010688,,BinaryNgDeviceOperation,64,477.0
1594368,,BinaryNgDeviceOperation,64,477.0
1655808,,BinaryNgDeviceOperation,64,477.0
957440,,BinaryNgDeviceOperation,64,476.0
1326080,,BinaryNgDeviceOperation,64,476.0
1418240,,BinaryNgDeviceOperation,64,476.0
1440768,,BinaryNgDeviceOperation,64,475.0
1448960,,BinaryNgDeviceOperation,64,475.0
1532928,,BinaryNgDeviceOperation,64,475.0
1633280,,BinaryNgDeviceOperation,64,475.0
1694720,,BinaryNgDeviceOperation,64,475.0
1111040,,BinaryNgDeviceOperation,64,474.0
1479680,,BinaryNgDeviceOperation,64,474.0
1049600,,BinaryNgDeviceOperation,64,473.0
1080320,,BinaryNgDeviceOperation,64,473.0
1602560,,BinaryNgDeviceOperation,64,473.0
988160,,BinaryNgDeviceOperation,64,472.0
1233920,,BinaryNgDeviceOperation,64,471.0
1379328,,BinaryNgDeviceOperation,64,471.0
1571840,,BinaryNgDeviceOperation,64,470.0
1625088,,BinaryNgDeviceOperation,64,470.0
918528,,BinaryNgDeviceOperation,64,469.0
