op_id,replay,op_name,cores,duration_ns
1742848,,MatmulDeviceOperation,64,3546769.0
3192832,1,MatmulDeviceOperation,48,3526090.0
1745920,,ArgMaxDeviceOperation,64,2728680.0
3195904,1,ArgMaxDeviceOperation,48,2725864.0
2503680,1,MatmulDeviceOperation,64,267531.0
1394688,,MatmulDeviceOperation,64,266826.0
409600,,MatmulDeviceOperation,64,265919.0
485376,,MatmulDeviceOperation,64,265726.0
2731008,1,MatmulDeviceOperation,64,265593.0
2427904,1,MatmulDeviceOperation,64,265537.0
674816,,MatmulDeviceOperation,64,265350.0
2693120,1,MatmulDeviceOperation,64,265237.0
2352128,1,MatmulDeviceOperation,64,264800.0
712704,,MatmulDeviceOperation,64,264525.0
2124800,1,MatmulDeviceOperation,64,264384.0
2086912,1,MatmulDeviceOperation,64,264324.0
2200576,1,MatmulDeviceOperation,64,264295.0
1859584,1,MatmulDeviceOperation,64,264286.0
1697792,,MatmulDeviceOperation,64,264213.0
2655232,1,MatmulDeviceOperation,64,264178.0
1167360,,MatmulDeviceOperation,64,263939.0
1973248,1,MatmulDeviceOperation,64,263839.0
2768896,1,MatmulDeviceOperation,64,263729.0
1281024,,MatmulDeviceOperation,64,263726.0
2314240,1,MatmulDeviceOperation,64,263689.0
1546240,,MatmulDeviceOperation,64,263596.0
940032,,MatmulDeviceOperation,64,263579.0
636928,,MatmulDeviceOperation,64,263515.0
3034112,1,MatmulDeviceOperation,48,263424.0
2162688,1,MatmulDeviceOperation,64,263318.0
2882560,1,MatmulDeviceOperation,60,263256.0
1015808,,MatmulDeviceOperation,64,263071.0
2996224,1,MatmulDeviceOperation,48,262984.0
826368,,MatmulDeviceOperation,64,262934.0
1470464,,MatmulDeviceOperation,64,262800.0
2390016,1,MatmulDeviceOperation,64,262712.0
1091584,,MatmulDeviceOperation,64,262689.0
902144,,MatmulDeviceOperation,64,262676.0
1508352,,MatmulDeviceOperation,64,262497.0
2806784,1,MatmulDeviceOperation,63,262434.0
1977344,1,MatmulDeviceOperation,64,262379.0
1356800,,MatmulDeviceOperation,64,262255.0
1935360,1,MatmulDeviceOperation,64,262243.0
2049024,1,MatmulDeviceOperation,64,262019.0
1588224,,MatmulDeviceOperation,64,261770.0
1398784,,MatmulDeviceOperation,64,261759.0
1659904,,MatmulDeviceOperation,64,261745.0
1053696,,MatmulDeviceOperation,64,261701.0
2465792,1,MatmulDeviceOperation,64,261622.0
2621440,1,MatmulDeviceOperation,64,261590.0
1129472,,MatmulDeviceOperation,64,261582.0
1432576,,MatmulDeviceOperation,64,261577.0
1243136,,MatmulDeviceOperation,64,261567.0
561152,,MatmulDeviceOperation,64,261524.0
1622016,,MatmulDeviceOperation,64,261419.0
447488,,MatmulDeviceOperation,64,261365.0
599040,,MatmulDeviceOperation,64,261309.0
750592,,MatmulDeviceOperation,64,261271.0
2697216,1,MatmulDeviceOperation,64,261218.0
1205248,,MatmulDeviceOperation,64,261214.0
1897472,1,MatmulDeviceOperation,64,261176.0
2166784,1,MatmulDeviceOperation,64,261054.0
3185664,1,MatmulDeviceOperation,48,260931.0
2579456,1,MatmulDeviceOperation,64,260914.0
2958336,1,MatmulDeviceOperation,48,260911.0
1735680,,MatmulDeviceOperation,64,260864.0
3072000,1,MatmulDeviceOperation,48,260834.0
2276352,1,MatmulDeviceOperation,64,260814.0
906240,,MatmulDeviceOperation,64,260798.0
3147776,1,MatmulDeviceOperation,48,260627.0
977920,,MatmulDeviceOperation,64,260609.0
523264,,MatmulDeviceOperation,64,260576.0
3109888,1,MatmulDeviceOperation,48,260542.0
868352,,MatmulDeviceOperation,64,260457.0
1318912,,MatmulDeviceOperation,64,260406.0
2011136,1,MatmulDeviceOperation,64,260227.0
788480,,MatmulDeviceOperation,64,260216.0
1209344,,MatmulDeviceOperation,64,260197.0
1550336,,MatmulDeviceOperation,64,260173.0
527360,,MatmulDeviceOperation,64,260143.0
2238464,1,MatmulDeviceOperation,64,260055.0
2091008,1,MatmulDeviceOperation,64,260028.0
3076096,1,MatmulDeviceOperation,48,259996.0
792576,,MatmulDeviceOperation,64,259967.0
982016,,MatmulDeviceOperation,64,259887.0
2053120,1,MatmulDeviceOperation,64,259776.0
1664000,,MatmulDeviceOperation,64,259701.0
2659328,1,MatmulDeviceOperation,64,259693.0
716800,,MatmulDeviceOperation,64,259681.0
1584128,,MatmulDeviceOperation,64,259673.0
641024,,MatmulDeviceOperation,64,259667.0
864256,,MatmulDeviceOperation,64,259654.0
2920448,1,MatmulDeviceOperation,60,259633.0
754688,,MatmulDeviceOperation,64,259563.0
2617344,1,MatmulDeviceOperation,64,259482.0
3151872,1,MatmulDeviceOperation,48,259422.0
1436672,,MatmulDeviceOperation,64,259414.0
2848768,1,MatmulDeviceOperation,60,259366.0
1057792,,MatmulDeviceOperation,64,259352.0
565248,,MatmulDeviceOperation,64,259253.0
2844672,1,MatmulDeviceOperation,60,259145.0
451584,,MatmulDeviceOperation,64,259098.0
2507776,1,MatmulDeviceOperation,64,259081.0
2242560,1,MatmulDeviceOperation,64,258890.0
2432000,1,MatmulDeviceOperation,64,258882.0
2128896,1,MatmulDeviceOperation,64,258817.0
2541568,1,MatmulDeviceOperation,64,258814.0
1360896,,MatmulDeviceOperation,64,258813.0
1701888,,MatmulDeviceOperation,64,258807.0
2280448,1,MatmulDeviceOperation,64,258787.0
3189760,1,MatmulDeviceOperation,48,258730.0
1247232,,MatmulDeviceOperation,64,258618.0
1939456,1,MatmulDeviceOperation,64,258603.0
1739776,,MatmulDeviceOperation,64,258598.0
1863680,1,MatmulDeviceOperation,64,258561.0
830464,,MatmulDeviceOperation,64,258526.0
1171456,,MatmulDeviceOperation,64,258496.0
2394112,1,MatmulDeviceOperation,64,258490.0
489472,,MatmulDeviceOperation,64,258487.0
1474560,,MatmulDeviceOperation,64,258438.0
678912,,MatmulDeviceOperation,64,258348.0
413696,,MatmulDeviceOperation,64,258267.0
1133568,,MatmulDeviceOperation,64,258259.0
2886656,1,MatmulDeviceOperation,60,258009.0
1626112,,MatmulDeviceOperation,64,257898.0
1323008,,MatmulDeviceOperation,64,257840.0
1019904,,MatmulDeviceOperation,64,257806.0
3000320,1,MatmulDeviceOperation,48,257670.0
2318336,1,MatmulDeviceOperation,64,257609.0
2735104,1,MatmulDeviceOperation,64,257596.0
1512448,,MatmulDeviceOperation,64,257588.0
3113984,1,MatmulDeviceOperation,48,257543.0
2545664,1,MatmulDeviceOperation,64,257428.0
2772992,1,MatmulDeviceOperation,63,257420.0
903168,,MatmulDeviceOperation,64,257290.0
1095680,,MatmulDeviceOperation,64,257183.0
1585152,,MatmulDeviceOperation,64,257138.0
1285120,,MatmulDeviceOperation,64,257100.0
2583552,1,MatmulDeviceOperation,64,257050.0
2810880,1,MatmulDeviceOperation,63,256863.0
944128,,MatmulDeviceOperation,64,256679.0
603136,,MatmulDeviceOperation,64,256664.0
1016832,,MatmulDeviceOperation,64,256146.0
1901568,1,MatmulDeviceOperation,64,256062.0
2204672,1,MatmulDeviceOperation,64,255987.0
2015232,1,MatmulDeviceOperation,64,255909.0
2012160,1,MatmulDeviceOperation,64,255839.0
2924544,1,MatmulDeviceOperation,60,255828.0
3110912,1,MatmulDeviceOperation,48,255603.0
3038208,1,MatmulDeviceOperation,48,255457.0
2356224,1,MatmulDeviceOperation,64,255384.0
3186688,1,MatmulDeviceOperation,48,255294.0
2962432,1,MatmulDeviceOperation,48,255292.0
1168384,,MatmulDeviceOperation,64,254939.0
2656256,1,MatmulDeviceOperation,64,254852.0
2469888,1,MatmulDeviceOperation,64,254801.0
3073024,1,MatmulDeviceOperation,48,254716.0
1054720,,MatmulDeviceOperation,64,254692.0
1357824,,MatmulDeviceOperation,64,254585.0
2542592,1,MatmulDeviceOperation,64,254549.0
3035136,1,MatmulDeviceOperation,48,254153.0
2580480,1,MatmulDeviceOperation,64,254073.0
675840,,MatmulDeviceOperation,64,254047.0
2391040,1,MatmulDeviceOperation,64,253935.0
2050048,1,MatmulDeviceOperation,64,253871.0
2997248,1,MatmulDeviceOperation,48,253582.0
410624,,MatmulDeviceOperation,64,253567.0
1282048,,MatmulDeviceOperation,64,253492.0
1698816,,MatmulDeviceOperation,64,253490.0
2959360,1,MatmulDeviceOperation,48,253443.0
713728,,MatmulDeviceOperation,64,253331.0
2694144,1,MatmulDeviceOperation,64,253281.0
1433600,,MatmulDeviceOperation,64,253211.0
2769920,1,MatmulDeviceOperation,64,252973.0
2618368,1,MatmulDeviceOperation,64,252913.0
2239488,1,MatmulDeviceOperation,64,252889.0
2201600,1,MatmulDeviceOperation,64,252818.0
2087936,1,MatmulDeviceOperation,64,252625.0
2807808,1,MatmulDeviceOperation,63,252599.0
2883584,1,MatmulDeviceOperation,60,252595.0
1660928,,MatmulDeviceOperation,64,252497.0
1206272,,MatmulDeviceOperation,64,252342.0
751616,,MatmulDeviceOperation,64,252328.0
2921472,1,MatmulDeviceOperation,60,252318.0
2845696,1,MatmulDeviceOperation,60,252286.0
2315264,1,MatmulDeviceOperation,64,252217.0
2732032,1,MatmulDeviceOperation,64,252159.0
1860608,1,MatmulDeviceOperation,64,252123.0
486400,,MatmulDeviceOperation,64,252002.0
978944,,MatmulDeviceOperation,64,251977.0
1736704,,MatmulDeviceOperation,64,251926.0
1898496,1,MatmulDeviceOperation,64,251777.0
2353152,1,MatmulDeviceOperation,64,251769.0
1471488,,MatmulDeviceOperation,64,251749.0
448512,,MatmulDeviceOperation,64,251728.0
2466816,1,MatmulDeviceOperation,64,251709.0
524288,,MatmulDeviceOperation,64,251578.0
2163712,1,MatmulDeviceOperation,64,251577.0
1936384,1,MatmulDeviceOperation,64,251385.0
865280,,MatmulDeviceOperation,64,251230.0
1130496,,MatmulDeviceOperation,64,251219.0
1319936,,MatmulDeviceOperation,64,251180.0
600064,,MatmulDeviceOperation,64,251087.0
637952,,MatmulDeviceOperation,64,251020.0
1509376,,MatmulDeviceOperation,64,250910.0
827392,,MatmulDeviceOperation,64,250864.0
1244160,,MatmulDeviceOperation,64,250737.0
789504,,MatmulDeviceOperation,64,250636.0
1623040,,MatmulDeviceOperation,64,250605.0
2125824,1,MatmulDeviceOperation,64,250563.0
1395712,,MatmulDeviceOperation,64,250497.0
941056,,MatmulDeviceOperation,64,250258.0
562176,,MatmulDeviceOperation,64,250212.0
1974272,1,MatmulDeviceOperation,64,250201.0
3148800,1,MatmulDeviceOperation,48,250095.0
2277376,1,MatmulDeviceOperation,64,249817.0
2504704,1,MatmulDeviceOperation,64,249732.0
1092608,,MatmulDeviceOperation,64,249535.0
2428928,1,MatmulDeviceOperation,64,249466.0
1547264,,MatmulDeviceOperation,64,248917.0
3194880,1,UntilizeDeviceOperation,47,137145.0
1744896,,UntilizeDeviceOperation,63,132188.0
1904640,1,MatmulDeviceOperation,64,130455.0
795648,,MatmulDeviceOperation,64,130220.0
1363968,,MatmulDeviceOperation,64,129943.0
1098752,,MatmulDeviceOperation,64,129899.0
757760,,MatmulDeviceOperation,64,129851.0
1250304,,MatmulDeviceOperation,64,129559.0
1326080,,MatmulDeviceOperation,64,129487.0
871424,,MatmulDeviceOperation,64,129338.0
1591296,,MatmulDeviceOperation,64,129033.0
2738176,1,MatmulDeviceOperation,64,128927.0
568320,,MatmulDeviceOperation,64,128866.0
2662400,1,MatmulDeviceOperation,64,128709.0
1022976,,MatmulDeviceOperation,64,128616.0
3003392,1,MatmulDeviceOperation,48,128466.0
1515520,,MatmulDeviceOperation,64,128435.0
719872,,MatmulDeviceOperation,64,128119.0
2548736,1,MatmulDeviceOperation,64,127896.0
416768,,MatmulDeviceOperation,64,127889.0
644096,,MatmulDeviceOperation,64,127872.0
681984,,MatmulDeviceOperation,64,127844.0
2094080,1,MatmulDeviceOperation,64,127754.0
1401856,,MatmulDeviceOperation,64,127722.0
2321408,1,MatmulDeviceOperation,64,127692.0
2472960,1,MatmulDeviceOperation,64,127468.0
2586624,1,MatmulDeviceOperation,64,127465.0
909312,,MatmulDeviceOperation,64,127383.0
2965504,1,MatmulDeviceOperation,48,127377.0
2851840,1,MatmulDeviceOperation,60,127080.0
2359296,1,MatmulDeviceOperation,64,126941.0
2927616,1,MatmulDeviceOperation,60,126803.0
1060864,,MatmulDeviceOperation,64,126668.0
1174528,,MatmulDeviceOperation,64,126620.0
947200,,MatmulDeviceOperation,64,126591.0
985088,,MatmulDeviceOperation,64,126567.0
530432,,MatmulDeviceOperation,64,126358.0
1288192,,MatmulDeviceOperation,64,126206.0
2813952,1,MatmulDeviceOperation,63,126026.0
1866752,1,MatmulDeviceOperation,64,125683.0
454656,,MatmulDeviceOperation,64,125256.0
2397184,1,MatmulDeviceOperation,64,125101.0
3117056,1,MatmulDeviceOperation,48,125010.0
3079168,1,MatmulDeviceOperation,48,124935.0
2018304,1,MatmulDeviceOperation,64,124469.0
2776064,1,MatmulDeviceOperation,63,124462.0
2131968,1,MatmulDeviceOperation,64,124423.0
2510848,1,MatmulDeviceOperation,64,124329.0
1667072,,MatmulDeviceOperation,64,124316.0
1942528,1,MatmulDeviceOperation,64,124247.0
2207744,1,MatmulDeviceOperation,64,124015.0
2283520,1,MatmulDeviceOperation,64,123861.0
2169856,1,MatmulDeviceOperation,64,123843.0
2435072,1,MatmulDeviceOperation,64,123756.0
1629184,,MatmulDeviceOperation,64,123730.0
2245632,1,MatmulDeviceOperation,64,123684.0
2889728,1,MatmulDeviceOperation,60,123681.0
2700288,1,MatmulDeviceOperation,64,123640.0
2056192,1,MatmulDeviceOperation,64,123597.0
3041280,1,MatmulDeviceOperation,48,123574.0
1704960,,MatmulDeviceOperation,64,123512.0
1212416,,MatmulDeviceOperation,64,123479.0
3154944,1,MatmulDeviceOperation,48,123442.0
833536,,MatmulDeviceOperation,64,123371.0
2624512,1,MatmulDeviceOperation,64,123316.0
1439744,,MatmulDeviceOperation,64,123159.0
1553408,,MatmulDeviceOperation,64,123087.0
345088,,MatmulDeviceOperation,64,123074.0
492544,,MatmulDeviceOperation,64,122723.0
1980416,1,MatmulDeviceOperation,64,122648.0
1136640,,MatmulDeviceOperation,64,122312.0
1795072,1,MatmulDeviceOperation,64,122290.0
606208,,MatmulDeviceOperation,64,122224.0
1477632,,MatmulDeviceOperation,64,121948.0
70656,,TilizeDeviceOperation,64,99083.0
256000,,TilizeDeviceOperation,64,98457.0
59392,,TilizeDeviceOperation,64,98159.0
10240,,TilizeDeviceOperation,64,98147.0
209920,,TilizeDeviceOperation,64,98130.0
78848,,TilizeDeviceOperation,64,98129.0
46080,,TilizeDeviceOperation,64,98030.0
152576,,TilizeDeviceOperation,64,97902.0
92160,,TilizeDeviceOperation,64,97723.0
43008,,TilizeDeviceOperation,64,97717.0
198656,,TilizeDeviceOperation,64,97640.0
34816,,TilizeDeviceOperation,64,97627.0
75776,,TilizeDeviceOperation,64,97624.0
144384,,TilizeDeviceOperation,64,97565.0
223232,,TilizeDeviceOperation,64,97494.0
100352,,TilizeDeviceOperation,64,97471.0
174080,,TilizeDeviceOperation,64,97437.0
5120,,TilizeDeviceOperation,64,97433.0
87040,,TilizeDeviceOperation,64,97386.0
242688,,TilizeDeviceOperation,64,97304.0
21504,,TilizeDeviceOperation,64,97174.0
231424,,TilizeDeviceOperation,64,97126.0
177152,,TilizeDeviceOperation,64,97084.0
133120,,TilizeDeviceOperation,64,97071.0
226304,,TilizeDeviceOperation,64,97008.0
291840,,TilizeDeviceOperation,64,96946.0
259072,,TilizeDeviceOperation,64,96823.0
67584,,TilizeDeviceOperation,64,96821.0
190464,,TilizeDeviceOperation,64,96776.0
29696,,TilizeDeviceOperation,64,96772.0
128000,,TilizeDeviceOperation,64,96769.0
201728,,TilizeDeviceOperation,64,96728.0
157696,,TilizeDeviceOperation,64,96648.0
95232,,TilizeDeviceOperation,64,96646.0
160768,,TilizeDeviceOperation,64,96644.0
206848,,TilizeDeviceOperation,64,96551.0
193536,,TilizeDeviceOperation,64,96539.0
62464,,TilizeDeviceOperation,64,96476.0
280576,,TilizeDeviceOperation,64,96458.0
119808,,TilizeDeviceOperation,64,96376.0
275456,,TilizeDeviceOperation,64,96356.0
13312,,TilizeDeviceOperation,64,96347.0
247808,,TilizeDeviceOperation,64,96346.0
165888,,TilizeDeviceOperation,64,96317.0
83968,,TilizeDeviceOperation,64,96311.0
185344,,TilizeDeviceOperation,64,96289.0
54272,,TilizeDeviceOperation,64,96270.0
103424,,TilizeDeviceOperation,64,96216.0
288768,,TilizeDeviceOperation,64,96210.0
26624,,TilizeDeviceOperation,64,96072.0
283648,,TilizeDeviceOperation,64,96054.0
218112,,TilizeDeviceOperation,64,96013.0
37888,,TilizeDeviceOperation,64,95935.0
264192,,TilizeDeviceOperation,64,95923.0
18432,,TilizeDeviceOperation,64,95892.0
182272,,TilizeDeviceOperation,64,95845.0
51200,,TilizeDeviceOperation,64,95823.0
234496,,TilizeDeviceOperation,64,95805.0
108544,,TilizeDeviceOperation,64,95802.0
239616,,TilizeDeviceOperation,64,95682.0
168960,,TilizeDeviceOperation,64,95652.0
267264,,TilizeDeviceOperation,64,95618.0
136192,,TilizeDeviceOperation,64,95616.0
111616,,TilizeDeviceOperation,64,95587.0
2048,,TilizeDeviceOperation,64,95476.0
124928,,TilizeDeviceOperation,64,95191.0
149504,,TilizeDeviceOperation,64,95135.0
116736,,TilizeDeviceOperation,64,95084.0
215040,,TilizeDeviceOperation,64,94904.0
272384,,TilizeDeviceOperation,64,94756.0
250880,,TilizeDeviceOperation,64,94641.0
141312,,TilizeDeviceOperation,64,94019.0
2614272,1,MatmulDeviceOperation,64,90593.0
2462720,1,MatmulDeviceOperation,64,90380.0
2311168,1,MatmulDeviceOperation,64,90336.0
3068928,1,MatmulDeviceOperation,48,89903.0
2765824,1,MatmulDeviceOperation,64,89901.0
3182592,1,MatmulDeviceOperation,48,89491.0
1012736,,MatmulDeviceOperation,64,89405.0
2424832,1,MatmulDeviceOperation,64,89236.0
2121728,1,MatmulDeviceOperation,64,89201.0
2917376,1,MatmulDeviceOperation,60,89130.0
2008064,1,MatmulDeviceOperation,64,89124.0
2955264,1,MatmulDeviceOperation,48,88916.0
2576384,1,MatmulDeviceOperation,64,88852.0
2045952,1,MatmulDeviceOperation,64,88840.0
2349056,1,MatmulDeviceOperation,64,88777.0
406528,,MatmulDeviceOperation,64,88749.0
1429504,,MatmulDeviceOperation,64,88740.0
2083840,1,MatmulDeviceOperation,64,88729.0
2273280,1,MatmulDeviceOperation,64,88664.0
1932288,1,MatmulDeviceOperation,64,88655.0
2993152,1,MatmulDeviceOperation,48,88623.0
1581056,,MatmulDeviceOperation,64,88594.0
2500608,1,MatmulDeviceOperation,64,88344.0
1391616,,MatmulDeviceOperation,64,88328.0
2652160,1,MatmulDeviceOperation,64,88308.0
1894400,1,MatmulDeviceOperation,64,88247.0
2159616,1,MatmulDeviceOperation,64,88098.0
3031040,1,MatmulDeviceOperation,48,88086.0
974848,,MatmulDeviceOperation,64,88023.0
1164288,,MatmulDeviceOperation,64,87978.0
1467392,,MatmulDeviceOperation,64,87945.0
899072,,MatmulDeviceOperation,64,87926.0
709632,,MatmulDeviceOperation,64,87925.0
1505280,,MatmulDeviceOperation,64,87868.0
1240064,,MatmulDeviceOperation,64,87817.0
1970176,1,MatmulDeviceOperation,64,87791.0
1277952,,MatmulDeviceOperation,64,87748.0
823296,,MatmulDeviceOperation,64,87731.0
3144704,1,MatmulDeviceOperation,48,87629.0
482304,,MatmulDeviceOperation,64,87518.0
1618944,,MatmulDeviceOperation,64,87504.0
2879488,1,MatmulDeviceOperation,60,87477.0
1656832,,MatmulDeviceOperation,64,87462.0
671744,,MatmulDeviceOperation,64,87449.0
2803712,1,MatmulDeviceOperation,63,87449.0
2841600,1,MatmulDeviceOperation,60,87412.0
1353728,,MatmulDeviceOperation,64,87370.0
936960,,MatmulDeviceOperation,64,87358.0
747520,,MatmulDeviceOperation,64,87274.0
558080,,MatmulDeviceOperation,64,87266.0
1202176,,MatmulDeviceOperation,64,87260.0
2197504,1,MatmulDeviceOperation,64,87254.0
2386944,1,MatmulDeviceOperation,64,87236.0
2727936,1,MatmulDeviceOperation,64,87150.0
2235392,1,MatmulDeviceOperation,64,87119.0
2538496,1,MatmulDeviceOperation,64,87103.0
1856512,1,MatmulDeviceOperation,64,87033.0
785408,,MatmulDeviceOperation,64,87024.0
1543168,,MatmulDeviceOperation,64,87019.0
1694720,,MatmulDeviceOperation,64,86974.0
2690048,1,MatmulDeviceOperation,64,86845.0
633856,,MatmulDeviceOperation,64,86820.0
1315840,,MatmulDeviceOperation,64,86810.0
1050624,,MatmulDeviceOperation,64,86773.0
444416,,MatmulDeviceOperation,64,86684.0
1732608,,MatmulDeviceOperation,64,86545.0
1088512,,MatmulDeviceOperation,64,86515.0
595968,,MatmulDeviceOperation,64,86373.0
3106816,1,MatmulDeviceOperation,48,86373.0
861184,,MatmulDeviceOperation,64,86326.0
520192,,MatmulDeviceOperation,64,86113.0
1126400,,MatmulDeviceOperation,64,85870.0
2796544,1,SdpaDecodeDeviceOperation,63,75729.0
2228224,1,SdpaDecodeDeviceOperation,64,74976.0
2455552,1,SdpaDecodeDeviceOperation,64,74185.0
2569216,1,SdpaDecodeDeviceOperation,64,73617.0
2948096,1,SdpaDecodeDeviceOperation,48,72965.0
2341888,1,SdpaDecodeDeviceOperation,64,72913.0
929792,,SdpaDecodeDeviceOperation,64,72868.0
2493440,1,SdpaDecodeDeviceOperation,64,72852.0
1887232,1,SdpaDecodeDeviceOperation,64,72693.0
2720768,1,SdpaDecodeDeviceOperation,64,72680.0
2872320,1,SdpaDecodeDeviceOperation,60,72676.0
1270784,,SdpaDecodeDeviceOperation,64,72638.0
1005568,,SdpaDecodeDeviceOperation,64,72461.0
2076672,1,SdpaDecodeDeviceOperation,64,72430.0
2607104,1,SdpaDecodeDeviceOperation,64,72397.0
2985984,1,SdpaDecodeDeviceOperation,48,72375.0
816128,,SdpaDecodeDeviceOperation,64,72331.0
3023872,1,SdpaDecodeDeviceOperation,48,72312.0
2644992,1,SdpaDecodeDeviceOperation,64,72266.0
2114560,1,SdpaDecodeDeviceOperation,64,72191.0
1384448,,SdpaDecodeDeviceOperation,64,72181.0
1232896,,SdpaDecodeDeviceOperation,64,72130.0
891904,,SdpaDecodeDeviceOperation,64,72117.0
2758656,1,SdpaDecodeDeviceOperation,64,72116.0
2834432,1,SdpaDecodeDeviceOperation,60,72080.0
2910208,1,SdpaDecodeDeviceOperation,60,72028.0
3061760,1,SdpaDecodeDeviceOperation,48,72013.0
1649664,,SdpaDecodeDeviceOperation,64,72012.0
1725440,,SdpaDecodeDeviceOperation,64,72011.0
2682880,1,SdpaDecodeDeviceOperation,64,71990.0
588800,,SdpaDecodeDeviceOperation,64,71944.0
3099648,1,SdpaDecodeDeviceOperation,48,71906.0
1119232,,SdpaDecodeDeviceOperation,64,71868.0
2417664,1,SdpaDecodeDeviceOperation,64,71844.0
3137536,1,SdpaDecodeDeviceOperation,48,71842.0
2152448,1,SdpaDecodeDeviceOperation,64,71825.0
1460224,,SdpaDecodeDeviceOperation,64,71824.0
1498112,,SdpaDecodeDeviceOperation,64,71817.0
2531328,1,SdpaDecodeDeviceOperation,64,71771.0
2266112,1,SdpaDecodeDeviceOperation,64,71756.0
2379776,1,SdpaDecodeDeviceOperation,64,71672.0
1043456,,SdpaDecodeDeviceOperation,64,71663.0
1157120,,SdpaDecodeDeviceOperation,64,71644.0
475136,,SdpaDecodeDeviceOperation,64,71639.0
2038784,1,SdpaDecodeDeviceOperation,64,71543.0
1687552,,SdpaDecodeDeviceOperation,64,71542.0
626688,,SdpaDecodeDeviceOperation,64,71361.0
1925120,1,SdpaDecodeDeviceOperation,64,71335.0
740352,,SdpaDecodeDeviceOperation,64,71311.0
550912,,SdpaDecodeDeviceOperation,64,71308.0
395264,,SdpaDecodeDeviceOperation,64,71256.0
2304000,1,SdpaDecodeDeviceOperation,64,71211.0
778240,,SdpaDecodeDeviceOperation,64,71172.0
854016,,SdpaDecodeDeviceOperation,64,71121.0
513024,,SdpaDecodeDeviceOperation,64,71047.0
2000896,1,SdpaDecodeDeviceOperation,64,71017.0
1536000,,SdpaDecodeDeviceOperation,64,70950.0
702464,,SdpaDecodeDeviceOperation,64,70946.0
1081344,,SdpaDecodeDeviceOperation,64,70907.0
1346560,,SdpaDecodeDeviceOperation,64,70891.0
3175424,1,SdpaDecodeDeviceOperation,48,70797.0
101376,,TypecastDeviceOperation,64,70699.0
47104,,TypecastDeviceOperation,64,70656.0
1195008,,SdpaDecodeDeviceOperation,64,70590.0
1845248,1,SdpaDecodeDeviceOperation,64,70544.0
76800,,TypecastDeviceOperation,64,70533.0
967680,,SdpaDecodeDeviceOperation,64,70462.0
232448,,TypecastDeviceOperation,64,70421.0
191488,,TypecastDeviceOperation,64,70388.0
1963008,1,SdpaDecodeDeviceOperation,64,70326.0
178176,,TypecastDeviceOperation,64,70287.0
1573888,,SdpaDecodeDeviceOperation,64,70250.0
2190336,1,SdpaDecodeDeviceOperation,64,70225.0
137216,,TypecastDeviceOperation,64,70187.0
1422336,,SdpaDecodeDeviceOperation,64,70094.0
153600,,TypecastDeviceOperation,64,70053.0
84992,,TypecastDeviceOperation,64,69989.0
194560,,TypecastDeviceOperation,64,69890.0
664576,,SdpaDecodeDeviceOperation,64,69878.0
1611776,,SdpaDecodeDeviceOperation,64,69761.0
142336,,TypecastDeviceOperation,64,69756.0
437248,,SdpaDecodeDeviceOperation,64,69714.0
292864,,TypecastDeviceOperation,64,69691.0
112640,,TypecastDeviceOperation,64,69668.0
268288,,TypecastDeviceOperation,64,69654.0
22528,,TypecastDeviceOperation,64,69640.0
1308672,,SdpaDecodeDeviceOperation,64,69623.0
11264,,TypecastDeviceOperation,64,69541.0
166912,,TypecastDeviceOperation,64,69470.0
243712,,TypecastDeviceOperation,64,69421.0
257024,,TypecastDeviceOperation,64,69410.0
129024,,TypecastDeviceOperation,64,69387.0
35840,,TypecastDeviceOperation,64,69342.0
125952,,TypecastDeviceOperation,64,69315.0
6144,,TypecastDeviceOperation,64,69314.0
216064,,TypecastDeviceOperation,64,69311.0
183296,,TypecastDeviceOperation,64,69263.0
260096,,TypecastDeviceOperation,64,69258.0
273408,,TypecastDeviceOperation,64,69257.0
248832,,TypecastDeviceOperation,64,69153.0
284672,,TypecastDeviceOperation,64,69152.0
63488,,TypecastDeviceOperation,64,69109.0
150528,,TypecastDeviceOperation,64,69108.0
27648,,TypecastDeviceOperation,64,69089.0
60416,,TypecastDeviceOperation,64,69064.0
202752,,TypecastDeviceOperation,64,69047.0
71680,,TypecastDeviceOperation,64,69043.0
158720,,TypecastDeviceOperation,64,69027.0
235520,,TypecastDeviceOperation,64,68973.0
186368,,TypecastDeviceOperation,64,68962.0
219136,,TypecastDeviceOperation,64,68958.0
38912,,TypecastDeviceOperation,64,68942.0
88064,,TypecastDeviceOperation,64,68902.0
55296,,TypecastDeviceOperation,64,68665.0
281600,,TypecastDeviceOperation,64,68614.0
79872,,TypecastDeviceOperation,64,68534.0
240640,,TypecastDeviceOperation,64,68496.0
207872,,TypecastDeviceOperation,64,68476.0
44032,,TypecastDeviceOperation,64,68424.0
134144,,TypecastDeviceOperation,64,68420.0
104448,,TypecastDeviceOperation,64,68331.0
14336,,TypecastDeviceOperation,64,68317.0
120832,,TypecastDeviceOperation,64,68283.0
96256,,TypecastDeviceOperation,64,68272.0
289792,,TypecastDeviceOperation,64,68192.0
68608,,TypecastDeviceOperation,64,68165.0
210944,,TypecastDeviceOperation,64,68149.0
175104,,TypecastDeviceOperation,64,68107.0
52224,,TypecastDeviceOperation,64,68084.0
161792,,TypecastDeviceOperation,64,68064.0
169984,,TypecastDeviceOperation,64,68057.0
276480,,TypecastDeviceOperation,64,68014.0
117760,,TypecastDeviceOperation,64,67971.0
109568,,TypecastDeviceOperation,64,67925.0
265216,,TypecastDeviceOperation,64,67920.0
145408,,TypecastDeviceOperation,64,67876.0
3072,,TypecastDeviceOperation,64,67855.0
19456,,TypecastDeviceOperation,64,67570.0
251904,,TypecastDeviceOperation,64,67569.0
224256,,TypecastDeviceOperation,64,67563.0
30720,,TypecastDeviceOperation,64,67561.0
1743872,,ShardedToInterleavedDeviceOperation,64,67488.0
199680,,TypecastDeviceOperation,64,67299.0
227328,,TypecastDeviceOperation,64,66761.0
93184,,TypecastDeviceOperation,64,66757.0
3193856,1,ShardedToInterleavedDeviceOperation,48,66179.0
342016,,EmbeddingsDeviceOperation,1,38814.0
1792000,1,EmbeddingsDeviceOperation,1,38796.0
1425408,,TernaryDeviceOperation,64,27082.0
440320,,TernaryDeviceOperation,64,26912.0
1349632,,TernaryDeviceOperation,64,26904.0
1273856,,TernaryDeviceOperation,64,26887.0
402432,,TernaryDeviceOperation,64,26867.0
591872,,TernaryDeviceOperation,64,26867.0
629760,,TernaryDeviceOperation,64,26833.0
1008640,,TernaryDeviceOperation,64,26807.0
705536,,TernaryDeviceOperation,64,26780.0
1198080,,TernaryDeviceOperation,64,26775.0
1463296,,TernaryDeviceOperation,64,26770.0
1387520,,TernaryDeviceOperation,64,26764.0
781312,,TernaryDeviceOperation,64,26748.0
1160192,,TernaryDeviceOperation,64,26748.0
478208,,TernaryDeviceOperation,64,26745.0
894976,,TernaryDeviceOperation,64,26741.0
667648,,TernaryDeviceOperation,64,26732.0
1235968,,TernaryDeviceOperation,64,26704.0
743424,,TernaryDeviceOperation,64,26685.0
970752,,TernaryDeviceOperation,64,26680.0
1539072,,TernaryDeviceOperation,64,26666.0
1501184,,TernaryDeviceOperation,64,26662.0
553984,,TernaryDeviceOperation,64,26656.0
819200,,TernaryDeviceOperation,64,26656.0
1690624,,TernaryDeviceOperation,64,26621.0
1728512,,TernaryDeviceOperation,64,26621.0
932864,,TernaryDeviceOperation,64,26614.0
1122304,,TernaryDeviceOperation,64,26605.0
1046528,,TernaryDeviceOperation,64,26603.0
1614848,,TernaryDeviceOperation,64,26592.0
516096,,TernaryDeviceOperation,64,26590.0
2003968,1,TernaryDeviceOperation,64,26581.0
1576960,,TernaryDeviceOperation,64,26573.0
857088,,TernaryDeviceOperation,64,26568.0
1652736,,TernaryDeviceOperation,64,26568.0
1084416,,TernaryDeviceOperation,64,26559.0
1311744,,TernaryDeviceOperation,64,26388.0
2155520,1,TernaryDeviceOperation,64,26093.0
2458624,1,TernaryDeviceOperation,64,25945.0
2382848,1,TernaryDeviceOperation,64,25917.0
2951168,1,TernaryDeviceOperation,48,25860.0
2875392,1,TernaryDeviceOperation,60,25838.0
2534400,1,TernaryDeviceOperation,64,25808.0
2913280,1,TernaryDeviceOperation,60,25602.0
2307072,1,TernaryDeviceOperation,64,25569.0
2648064,1,TernaryDeviceOperation,64,25532.0
2193408,1,TernaryDeviceOperation,64,25500.0
2989056,1,TernaryDeviceOperation,48,25468.0
3026944,1,TernaryDeviceOperation,48,25455.0
2269184,1,TernaryDeviceOperation,64,25441.0
1890304,1,TernaryDeviceOperation,64,25423.0
1966080,1,TernaryDeviceOperation,64,25423.0
2837504,1,TernaryDeviceOperation,60,25385.0
2761728,1,TernaryDeviceOperation,64,25343.0
3140608,1,TernaryDeviceOperation,48,25342.0
2610176,1,TernaryDeviceOperation,64,25329.0
2723840,1,TernaryDeviceOperation,64,25329.0
2420736,1,TernaryDeviceOperation,64,25328.0
3102720,1,TernaryDeviceOperation,48,25317.0
2572288,1,TernaryDeviceOperation,64,25287.0
2344960,1,TernaryDeviceOperation,64,25279.0
2079744,1,TernaryDeviceOperation,64,25264.0
3064832,1,TernaryDeviceOperation,48,25199.0
2685952,1,TernaryDeviceOperation,64,25195.0
3178496,1,TernaryDeviceOperation,48,25186.0
2117632,1,TernaryDeviceOperation,64,25146.0
1852416,1,TernaryDeviceOperation,64,25109.0
2041856,1,TernaryDeviceOperation,64,25109.0
1928192,1,TernaryDeviceOperation,64,25062.0
2799616,1,TernaryDeviceOperation,63,25036.0
2496512,1,TernaryDeviceOperation,64,24964.0
2231296,1,TernaryDeviceOperation,64,24810.0
1824768,1,TernaryDeviceOperation,64,24763.0
374784,,TernaryDeviceOperation,64,24673.0
2323456,1,NLPCreateQKVHeadsDecodeDeviceOperation,32,20051.0
1100800,,NLPCreateQKVHeadsDecodeDeviceOperation,32,19724.0
646144,,NLPCreateQKVHeadsDecodeDeviceOperation,32,19691.0
684032,,NLPCreateQKVHeadsDecodeDeviceOperation,32,19676.0
570368,,NLPCreateQKVHeadsDecodeDeviceOperation,32,19663.0
494592,,NLPCreateQKVHeadsDecodeDeviceOperation,32,19656.0
1707008,,NLPCreateQKVHeadsDecodeDeviceOperation,32,19653.0
797696,,NLPCreateQKVHeadsDecodeDeviceOperation,32,19651.0
835584,,NLPCreateQKVHeadsDecodeDeviceOperation,32,19646.0
1441792,,NLPCreateQKVHeadsDecodeDeviceOperation,32,19646.0
721920,,NLPCreateQKVHeadsDecodeDeviceOperation,32,19643.0
1252352,,NLPCreateQKVHeadsDecodeDeviceOperation,32,19633.0
347136,,NLPCreateQKVHeadsDecodeDeviceOperation,32,19631.0
418816,,NLPCreateQKVHeadsDecodeDeviceOperation,32,19622.0
608256,,NLPCreateQKVHeadsDecodeDeviceOperation,32,19613.0
1479680,,NLPCreateQKVHeadsDecodeDeviceOperation,32,19612.0
949248,,NLPCreateQKVHeadsDecodeDeviceOperation,32,19611.0
1176576,,NLPCreateQKVHeadsDecodeDeviceOperation,32,19611.0
1517568,,NLPCreateQKVHeadsDecodeDeviceOperation,32,19610.0
1025024,,NLPCreateQKVHeadsDecodeDeviceOperation,32,19607.0
1328128,,NLPCreateQKVHeadsDecodeDeviceOperation,32,19600.0
1138688,,NLPCreateQKVHeadsDecodeDeviceOperation,32,19589.0
1062912,,NLPCreateQKVHeadsDecodeDeviceOperation,32,19587.0
1669120,,NLPCreateQKVHeadsDecodeDeviceOperation,32,19587.0
1290240,,NLPCreateQKVHeadsDecodeDeviceOperation,32,19581.0
1555456,,NLPCreateQKVHeadsDecodeDeviceOperation,32,19578.0
911360,,NLPCreateQKVHeadsDecodeDeviceOperation,32,19571.0
1366016,,NLPCreateQKVHeadsDecodeDeviceOperation,32,19571.0
456704,,NLPCreateQKVHeadsDecodeDeviceOperation,32,19570.0
759808,,NLPCreateQKVHeadsDecodeDeviceOperation,32,19570.0
987136,,NLPCreateQKVHeadsDecodeDeviceOperation,32,19569.0
1214464,,NLPCreateQKVHeadsDecodeDeviceOperation,32,19568.0
1593344,,NLPCreateQKVHeadsDecodeDeviceOperation,32,19568.0
873472,,NLPCreateQKVHeadsDecodeDeviceOperation,32,19565.0
1631232,,NLPCreateQKVHeadsDecodeDeviceOperation,32,19553.0
532480,,NLPCreateQKVHeadsDecodeDeviceOperation,32,19548.0
1403904,,NLPCreateQKVHeadsDecodeDeviceOperation,32,19544.0
2816000,1,NLPCreateQKVHeadsDecodeDeviceOperation,31,19325.0
2096128,1,NLPCreateQKVHeadsDecodeDeviceOperation,32,19312.0
2134016,1,NLPCreateQKVHeadsDecodeDeviceOperation,32,19306.0
1906688,1,NLPCreateQKVHeadsDecodeDeviceOperation,32,19302.0
1868800,1,NLPCreateQKVHeadsDecodeDeviceOperation,32,19292.0
2778112,1,NLPCreateQKVHeadsDecodeDeviceOperation,31,19273.0
2058240,1,NLPCreateQKVHeadsDecodeDeviceOperation,32,19271.0
2285568,1,NLPCreateQKVHeadsDecodeDeviceOperation,32,19267.0
1944576,1,NLPCreateQKVHeadsDecodeDeviceOperation,32,19264.0
2171904,1,NLPCreateQKVHeadsDecodeDeviceOperation,32,19257.0
2702336,1,NLPCreateQKVHeadsDecodeDeviceOperation,32,19255.0
2891776,1,NLPCreateQKVHeadsDecodeDeviceOperation,28,19253.0
2626560,1,NLPCreateQKVHeadsDecodeDeviceOperation,32,19250.0
2512896,1,NLPCreateQKVHeadsDecodeDeviceOperation,32,19247.0
2437120,1,NLPCreateQKVHeadsDecodeDeviceOperation,32,19246.0
2020352,1,NLPCreateQKVHeadsDecodeDeviceOperation,32,19245.0
2664448,1,NLPCreateQKVHeadsDecodeDeviceOperation,32,19242.0
2209792,1,NLPCreateQKVHeadsDecodeDeviceOperation,32,19240.0
2740224,1,NLPCreateQKVHeadsDecodeDeviceOperation,32,19234.0
2247680,1,NLPCreateQKVHeadsDecodeDeviceOperation,32,19229.0
2853888,1,NLPCreateQKVHeadsDecodeDeviceOperation,28,19222.0
2929664,1,NLPCreateQKVHeadsDecodeDeviceOperation,28,19222.0
2399232,1,NLPCreateQKVHeadsDecodeDeviceOperation,32,19219.0
2588672,1,NLPCreateQKVHeadsDecodeDeviceOperation,32,19213.0
2361344,1,NLPCreateQKVHeadsDecodeDeviceOperation,32,19206.0
1982464,1,NLPCreateQKVHeadsDecodeDeviceOperation,32,19201.0
2475008,1,NLPCreateQKVHeadsDecodeDeviceOperation,32,19191.0
2550784,1,NLPCreateQKVHeadsDecodeDeviceOperation,32,19190.0
1797120,1,NLPCreateQKVHeadsDecodeDeviceOperation,32,19186.0
3156992,1,NLPCreateQKVHeadsDecodeDeviceOperation,16,19176.0
2967552,1,NLPCreateQKVHeadsDecodeDeviceOperation,16,19136.0
3081216,1,NLPCreateQKVHeadsDecodeDeviceOperation,16,19131.0
3005440,1,NLPCreateQKVHeadsDecodeDeviceOperation,16,19126.0
3043328,1,NLPCreateQKVHeadsDecodeDeviceOperation,16,19114.0
3119104,1,NLPCreateQKVHeadsDecodeDeviceOperation,16,19111.0
2324480,1,PagedUpdateCacheDeviceOperation,32,17450.0
2939904,1,PagedUpdateCacheDeviceOperation,28,17286.0
2712576,1,PagedUpdateCacheDeviceOperation,32,17158.0
2977792,1,PagedUpdateCacheDeviceOperation,16,17079.0
2438144,1,PagedUpdateCacheDeviceOperation,32,16908.0
2674688,1,PagedUpdateCacheDeviceOperation,32,16708.0
2561024,1,PagedUpdateCacheDeviceOperation,32,16613.0
2135040,1,PagedUpdateCacheDeviceOperation,32,16597.0
874496,,PagedUpdateCacheDeviceOperation,32,16545.0
2788352,1,PagedUpdateCacheDeviceOperation,31,16544.0
2817024,1,PagedUpdateCacheDeviceOperation,31,16471.0
504832,,PagedUpdateCacheDeviceOperation,32,16427.0
3091456,1,PagedUpdateCacheDeviceOperation,16,16410.0
1983488,1,PagedUpdateCacheDeviceOperation,32,16409.0
3129344,1,PagedUpdateCacheDeviceOperation,16,16395.0
1954816,1,PagedUpdateCacheDeviceOperation,32,16381.0
339968,,ReshapeViewDeviceOperation,64,16379.0
1799168,1,PagedUpdateCacheDeviceOperation,32,16337.0
2172928,1,PagedUpdateCacheDeviceOperation,32,16317.0
1992704,1,PagedUpdateCacheDeviceOperation,32,16302.0
1026048,,PagedUpdateCacheDeviceOperation,32,16299.0
2447360,1,PagedUpdateCacheDeviceOperation,32,16267.0
647168,,PagedUpdateCacheDeviceOperation,32,16251.0
883712,,PagedUpdateCacheDeviceOperation,32,16243.0
1789952,1,ReshapeViewDeviceOperation,64,16221.0
609280,,PagedUpdateCacheDeviceOperation,32,16159.0
2826240,1,PagedUpdateCacheDeviceOperation,28,16097.0
2097152,1,PagedUpdateCacheDeviceOperation,32,16045.0
2409472,1,PagedUpdateCacheDeviceOperation,32,16014.0
1907712,1,PagedUpdateCacheDeviceOperation,32,15961.0
1404928,,PagedUpdateCacheDeviceOperation,32,15948.0
2106368,1,PagedUpdateCacheDeviceOperation,32,15943.0
3015680,1,PagedUpdateCacheDeviceOperation,16,15933.0
1565696,,PagedUpdateCacheDeviceOperation,32,15925.0
2665472,1,PagedUpdateCacheDeviceOperation,32,15849.0
2362368,1,PagedUpdateCacheDeviceOperation,32,15769.0
1916928,1,PagedUpdateCacheDeviceOperation,32,15764.0
2523136,1,PagedUpdateCacheDeviceOperation,32,15759.0
2248704,1,PagedUpdateCacheDeviceOperation,32,15735.0
1679360,,PagedUpdateCacheDeviceOperation,32,15722.0
1329152,,PagedUpdateCacheDeviceOperation,32,15545.0
1632256,,PagedUpdateCacheDeviceOperation,32,15518.0
2703360,1,PagedUpdateCacheDeviceOperation,32,15498.0
1148928,,PagedUpdateCacheDeviceOperation,32,15478.0
1820672,1,PagedUpdateCacheDeviceOperation,32,15448.0
3167232,1,PagedUpdateCacheDeviceOperation,16,15439.0
2864128,1,PagedUpdateCacheDeviceOperation,28,15418.0
798720,,PagedUpdateCacheDeviceOperation,32,15373.0
2371584,1,PagedUpdateCacheDeviceOperation,32,15359.0
2627584,1,PagedUpdateCacheDeviceOperation,32,15339.0
1708032,,PagedUpdateCacheDeviceOperation,32,15314.0
1869824,1,PagedUpdateCacheDeviceOperation,32,15301.0
1414144,,PagedUpdateCacheDeviceOperation,32,15295.0
2892800,1,PagedUpdateCacheDeviceOperation,28,15292.0
2182144,1,PagedUpdateCacheDeviceOperation,32,15285.0
3053568,1,PagedUpdateCacheDeviceOperation,16,15278.0
1139712,,PagedUpdateCacheDeviceOperation,32,15248.0
732160,,PagedUpdateCacheDeviceOperation,32,15246.0
997376,,PagedUpdateCacheDeviceOperation,32,15229.0
1945600,1,PagedUpdateCacheDeviceOperation,32,15209.0
618496,,PagedUpdateCacheDeviceOperation,32,15183.0
2589696,1,PagedUpdateCacheDeviceOperation,32,15180.0
1527808,,PagedUpdateCacheDeviceOperation,32,15173.0
2295808,1,PagedUpdateCacheDeviceOperation,32,15171.0
1215488,,PagedUpdateCacheDeviceOperation,32,15166.0
349184,,PagedUpdateCacheDeviceOperation,32,15162.0
950272,,PagedUpdateCacheDeviceOperation,32,15161.0
1879040,1,PagedUpdateCacheDeviceOperation,32,15159.0
2068480,1,PagedUpdateCacheDeviceOperation,32,15155.0
2854912,1,PagedUpdateCacheDeviceOperation,28,15148.0
988160,,PagedUpdateCacheDeviceOperation,32,15129.0
1641472,,PagedUpdateCacheDeviceOperation,32,15120.0
2059264,1,PagedUpdateCacheDeviceOperation,32,15112.0
3082240,1,PagedUpdateCacheDeviceOperation,16,15101.0
571392,,PagedUpdateCacheDeviceOperation,32,15094.0
2286592,1,PagedUpdateCacheDeviceOperation,32,15046.0
1101824,,PagedUpdateCacheDeviceOperation,32,15027.0
2257920,1,PagedUpdateCacheDeviceOperation,32,15014.0
921600,,PagedUpdateCacheDeviceOperation,32,14991.0
1367040,,PagedUpdateCacheDeviceOperation,32,14978.0
466944,,PagedUpdateCacheDeviceOperation,32,14959.0
1556480,,PagedUpdateCacheDeviceOperation,32,14954.0
1452032,,PagedUpdateCacheDeviceOperation,32,14947.0
2220032,1,PagedUpdateCacheDeviceOperation,32,14933.0
1670144,,PagedUpdateCacheDeviceOperation,32,14928.0
1253376,,PagedUpdateCacheDeviceOperation,32,14925.0
2210816,1,PagedUpdateCacheDeviceOperation,32,14916.0
2021376,1,PagedUpdateCacheDeviceOperation,32,14894.0
1224704,,PagedUpdateCacheDeviceOperation,32,14885.0
429056,,PagedUpdateCacheDeviceOperation,32,14884.0
1291264,,PagedUpdateCacheDeviceOperation,32,14867.0
1073152,,PagedUpdateCacheDeviceOperation,32,14858.0
912384,,PagedUpdateCacheDeviceOperation,32,14853.0
2476032,1,PagedUpdateCacheDeviceOperation,32,14849.0
2779136,1,PagedUpdateCacheDeviceOperation,31,14844.0
1186816,,PagedUpdateCacheDeviceOperation,32,14842.0
533504,,PagedUpdateCacheDeviceOperation,32,14840.0
3006464,1,PagedUpdateCacheDeviceOperation,16,14832.0
1603584,,PagedUpdateCacheDeviceOperation,32,14831.0
685056,,PagedUpdateCacheDeviceOperation,32,14824.0
419840,,PagedUpdateCacheDeviceOperation,32,14817.0
694272,,PagedUpdateCacheDeviceOperation,32,14812.0
2030592,1,PagedUpdateCacheDeviceOperation,32,14799.0
2968576,1,PagedUpdateCacheDeviceOperation,16,14777.0
2400256,1,PagedUpdateCacheDeviceOperation,32,14775.0
1717248,,PagedUpdateCacheDeviceOperation,32,14751.0
1063936,,PagedUpdateCacheDeviceOperation,32,14747.0
580608,,PagedUpdateCacheDeviceOperation,32,14745.0
1111040,,PagedUpdateCacheDeviceOperation,32,14703.0
1594368,,PagedUpdateCacheDeviceOperation,32,14686.0
2513920,1,PagedUpdateCacheDeviceOperation,32,14647.0
845824,,PagedUpdateCacheDeviceOperation,32,14640.0
2333696,1,PagedUpdateCacheDeviceOperation,32,14609.0
1518592,,PagedUpdateCacheDeviceOperation,32,14598.0
3044352,1,PagedUpdateCacheDeviceOperation,16,14596.0
495616,,PagedUpdateCacheDeviceOperation,32,14585.0
2930688,1,PagedUpdateCacheDeviceOperation,28,14580.0
760832,,PagedUpdateCacheDeviceOperation,32,14576.0
959488,,PagedUpdateCacheDeviceOperation,32,14574.0
1376256,,PagedUpdateCacheDeviceOperation,32,14564.0
2636800,1,PagedUpdateCacheDeviceOperation,32,14560.0
2551808,1,PagedUpdateCacheDeviceOperation,32,14537.0
3120128,1,PagedUpdateCacheDeviceOperation,16,14510.0
770048,,PagedUpdateCacheDeviceOperation,32,14492.0
2598912,1,PagedUpdateCacheDeviceOperation,32,14489.0
2902016,1,PagedUpdateCacheDeviceOperation,28,14487.0
1480704,,PagedUpdateCacheDeviceOperation,32,14463.0
542720,,PagedUpdateCacheDeviceOperation,32,14459.0
390144,,TilizeDeviceOperation,32,14452.0
1035264,,PagedUpdateCacheDeviceOperation,32,14448.0
1177600,,PagedUpdateCacheDeviceOperation,32,14405.0
457728,,PagedUpdateCacheDeviceOperation,32,14381.0
1300480,,PagedUpdateCacheDeviceOperation,32,14355.0
1489920,,PagedUpdateCacheDeviceOperation,32,14340.0
1338368,,PagedUpdateCacheDeviceOperation,32,14326.0
722944,,PagedUpdateCacheDeviceOperation,32,14323.0
2750464,1,PagedUpdateCacheDeviceOperation,32,14315.0
836608,,PagedUpdateCacheDeviceOperation,32,14299.0
807936,,PagedUpdateCacheDeviceOperation,32,14290.0
2741248,1,PagedUpdateCacheDeviceOperation,32,14261.0
1262592,,PagedUpdateCacheDeviceOperation,32,14258.0
1442816,,PagedUpdateCacheDeviceOperation,32,14139.0
656384,,PagedUpdateCacheDeviceOperation,32,14125.0
370688,,PagedUpdateCacheDeviceOperation,32,14086.0
2485248,1,PagedUpdateCacheDeviceOperation,32,14053.0
1003520,,RotaryEmbeddingDeviceOperation,32,13977.0
3158016,1,PagedUpdateCacheDeviceOperation,16,13961.0
2144256,1,PagedUpdateCacheDeviceOperation,32,13909.0
1155072,,RotaryEmbeddingDeviceOperation,32,13779.0
1268736,,RotaryEmbeddingDeviceOperation,32,13712.0
501760,,RotaryEmbeddingDeviceOperation,32,13639.0
889856,,RotaryEmbeddingDeviceOperation,32,13636.0
1145856,,RotaryEmbeddingDeviceOperation,32,13549.0
1676288,,RotaryEmbeddingDeviceOperation,32,13531.0
615424,,RotaryEmbeddingDeviceOperation,32,13523.0
1723392,,RotaryEmbeddingDeviceOperation,32,13515.0
510976,,RotaryEmbeddingDeviceOperation,32,13513.0
1685504,,RotaryEmbeddingDeviceOperation,32,13510.0
435200,,RotaryEmbeddingDeviceOperation,32,13501.0
463872,,RotaryEmbeddingDeviceOperation,32,13496.0
1079296,,RotaryEmbeddingDeviceOperation,32,13480.0
804864,,RotaryEmbeddingDeviceOperation,32,13461.0
2292736,1,RotaryEmbeddingDeviceOperation,32,13456.0
766976,,RotaryEmbeddingDeviceOperation,32,13450.0
1609728,,RotaryEmbeddingDeviceOperation,32,13448.0
1221632,,RotaryEmbeddingDeviceOperation,32,13440.0
1571840,,RotaryEmbeddingDeviceOperation,32,13440.0
367616,,RotaryEmbeddingDeviceOperation,32,13438.0
1458176,,RotaryEmbeddingDeviceOperation,32,13435.0
1306624,,RotaryEmbeddingDeviceOperation,32,13398.0
1297408,,RotaryEmbeddingDeviceOperation,32,13390.0
1420288,,RotaryEmbeddingDeviceOperation,32,13385.0
994304,,RotaryEmbeddingDeviceOperation,32,13382.0
1600512,,RotaryEmbeddingDeviceOperation,32,13375.0
1382400,,RotaryEmbeddingDeviceOperation,32,13374.0
927744,,RotaryEmbeddingDeviceOperation,32,13372.0
1794048,1,LayerNormDeviceOperation,64,13369.0
1448960,,RotaryEmbeddingDeviceOperation,32,13368.0
965632,,RotaryEmbeddingDeviceOperation,32,13360.0
1259520,,RotaryEmbeddingDeviceOperation,32,13358.0
1230848,,RotaryEmbeddingDeviceOperation,32,13349.0
2974720,1,RotaryEmbeddingDeviceOperation,16,13347.0
1562624,,RotaryEmbeddingDeviceOperation,32,13337.0
1070080,,RotaryEmbeddingDeviceOperation,32,13336.0
1183744,,RotaryEmbeddingDeviceOperation,32,13326.0
539648,,RotaryEmbeddingDeviceOperation,32,13318.0
956416,,RotaryEmbeddingDeviceOperation,32,13316.0
377856,,TilizeWithValPaddingDeviceOperation,32,13315.0
1373184,,RotaryEmbeddingDeviceOperation,32,13309.0
662528,,RotaryEmbeddingDeviceOperation,32,13304.0
1344512,,RotaryEmbeddingDeviceOperation,32,13292.0
577536,,RotaryEmbeddingDeviceOperation,32,13283.0
1041408,,RotaryEmbeddingDeviceOperation,32,13274.0
2085888,1,LayerNormDeviceOperation,64,13268.0
851968,,RotaryEmbeddingDeviceOperation,32,13267.0
918528,,RotaryEmbeddingDeviceOperation,32,13257.0
1647616,,RotaryEmbeddingDeviceOperation,32,13255.0
624640,,RotaryEmbeddingDeviceOperation,32,13234.0
586752,,RotaryEmbeddingDeviceOperation,32,13227.0
842752,,RotaryEmbeddingDeviceOperation,32,13227.0
1533952,,RotaryEmbeddingDeviceOperation,32,13225.0
729088,,RotaryEmbeddingDeviceOperation,32,13219.0
1524736,,RotaryEmbeddingDeviceOperation,32,13219.0
1117184,,RotaryEmbeddingDeviceOperation,32,13217.0
700416,,RotaryEmbeddingDeviceOperation,32,13215.0
1638400,,RotaryEmbeddingDeviceOperation,32,13215.0
1941504,1,LayerNormDeviceOperation,64,13188.0
1335296,,RotaryEmbeddingDeviceOperation,32,13180.0
653312,,RotaryEmbeddingDeviceOperation,32,13176.0
473088,,RotaryEmbeddingDeviceOperation,32,13175.0
1865728,1,LayerNormDeviceOperation,64,13166.0
2898944,1,RotaryEmbeddingDeviceOperation,28,13165.0
776192,,RotaryEmbeddingDeviceOperation,32,13163.0
1714176,,RotaryEmbeddingDeviceOperation,32,13153.0
691200,,RotaryEmbeddingDeviceOperation,32,13132.0
1411072,,RotaryEmbeddingDeviceOperation,32,13124.0
814080,,RotaryEmbeddingDeviceOperation,32,13111.0
3050496,1,RotaryEmbeddingDeviceOperation,16,13086.0
2502656,1,LayerNormDeviceOperation,64,13082.0
548864,,RotaryEmbeddingDeviceOperation,32,13070.0
1192960,,RotaryEmbeddingDeviceOperation,32,13059.0
1496064,,RotaryEmbeddingDeviceOperation,32,13048.0
425984,,RotaryEmbeddingDeviceOperation,32,13033.0
1486848,,RotaryEmbeddingDeviceOperation,32,13022.0
1032192,,RotaryEmbeddingDeviceOperation,32,13020.0
3088384,1,RotaryEmbeddingDeviceOperation,16,13019.0
738304,,RotaryEmbeddingDeviceOperation,32,13017.0
2861056,1,RotaryEmbeddingDeviceOperation,28,12986.0
2936832,1,RotaryEmbeddingDeviceOperation,28,12985.0
1827840,1,TilizeWithValPaddingDeviceOperation,32,12984.0
1903616,1,LayerNormDeviceOperation,64,12979.0
880640,,RotaryEmbeddingDeviceOperation,32,12938.0
2282496,1,LayerNormDeviceOperation,64,12937.0
1107968,,RotaryEmbeddingDeviceOperation,32,12933.0
3126272,1,RotaryEmbeddingDeviceOperation,16,12917.0
2926592,1,LayerNormDeviceOperation,60,12915.0
2464768,1,LayerNormDeviceOperation,64,12908.0
2737152,1,LayerNormDeviceOperation,64,12908.0
2767872,1,LayerNormDeviceOperation,64,12908.0
386048,,RotaryEmbeddingDeviceOperation,32,12898.0
3153920,1,LayerNormDeviceOperation,48,12869.0
2358272,1,LayerNormDeviceOperation,64,12867.0
3164160,1,RotaryEmbeddingDeviceOperation,16,12860.0
1875968,1,RotaryEmbeddingDeviceOperation,32,12847.0
3033088,1,LayerNormDeviceOperation,48,12837.0
2471936,1,LayerNormDeviceOperation,64,12834.0
3012608,1,RotaryEmbeddingDeviceOperation,16,12826.0
2881536,1,LayerNormDeviceOperation,60,12815.0
3108864,1,LayerNormDeviceOperation,48,12809.0
3146752,1,LayerNormDeviceOperation,48,12809.0
2654208,1,LayerNormDeviceOperation,64,12802.0
3070976,1,LayerNormDeviceOperation,48,12728.0
2585600,1,LayerNormDeviceOperation,64,12724.0
2017280,1,LayerNormDeviceOperation,64,12617.0
2870272,1,RotaryEmbeddingDeviceOperation,28,12597.0
3135488,1,RotaryEmbeddingDeviceOperation,16,12597.0
2785280,1,RotaryEmbeddingDeviceOperation,31,12587.0
2320384,1,LayerNormDeviceOperation,64,12582.0
2168832,1,LayerNormDeviceOperation,64,12573.0
2832384,1,RotaryEmbeddingDeviceOperation,28,12543.0
2823168,1,RotaryEmbeddingDeviceOperation,28,12540.0
1979392,1,LayerNormDeviceOperation,64,12535.0
2161664,1,LayerNormDeviceOperation,64,12515.0
2254848,1,RotaryEmbeddingDeviceOperation,32,12507.0
2444288,1,RotaryEmbeddingDeviceOperation,32,12506.0
2055168,1,LayerNormDeviceOperation,64,12504.0
2692096,1,LayerNormDeviceOperation,64,12500.0
2699264,1,LayerNormDeviceOperation,64,12500.0
1913856,1,RotaryEmbeddingDeviceOperation,32,12497.0
2482176,1,RotaryEmbeddingDeviceOperation,32,12497.0
2633728,1,RotaryEmbeddingDeviceOperation,32,12481.0
2406400,1,RotaryEmbeddingDeviceOperation,32,12472.0
2747392,1,RotaryEmbeddingDeviceOperation,32,12462.0
2103296,1,RotaryEmbeddingDeviceOperation,32,12458.0
2908160,1,RotaryEmbeddingDeviceOperation,28,12449.0
2709504,1,RotaryEmbeddingDeviceOperation,32,12442.0
2578432,1,LayerNormDeviceOperation,64,12431.0
2595840,1,RotaryEmbeddingDeviceOperation,32,12427.0
2557952,1,RotaryEmbeddingDeviceOperation,32,12424.0
1951744,1,RotaryEmbeddingDeviceOperation,32,12422.0
2065408,1,RotaryEmbeddingDeviceOperation,32,12419.0
2368512,1,RotaryEmbeddingDeviceOperation,32,12414.0
2351104,1,LayerNormDeviceOperation,64,12407.0
2388992,1,LayerNormDeviceOperation,64,12404.0
2027520,1,RotaryEmbeddingDeviceOperation,32,12387.0
2983936,1,RotaryEmbeddingDeviceOperation,16,12386.0
2520064,1,RotaryEmbeddingDeviceOperation,32,12385.0
2671616,1,RotaryEmbeddingDeviceOperation,32,12371.0
2729984,1,LayerNormDeviceOperation,64,12364.0
2216960,1,RotaryEmbeddingDeviceOperation,32,12353.0
2141184,1,RotaryEmbeddingDeviceOperation,32,12338.0
2540544,1,LayerNormDeviceOperation,64,12338.0
1934336,1,LayerNormDeviceOperation,64,12336.0
2179072,1,RotaryEmbeddingDeviceOperation,32,12336.0
3059712,1,RotaryEmbeddingDeviceOperation,16,12336.0
1989632,1,RotaryEmbeddingDeviceOperation,32,12325.0
2237440,1,LayerNormDeviceOperation,64,12314.0
1972224,1,LayerNormDeviceOperation,64,12309.0
3173376,1,RotaryEmbeddingDeviceOperation,16,12307.0
2850816,1,LayerNormDeviceOperation,60,12301.0
2426880,1,LayerNormDeviceOperation,64,12280.0
2330624,1,RotaryEmbeddingDeviceOperation,32,12275.0
2048000,1,LayerNormDeviceOperation,64,12273.0
3078144,1,LayerNormDeviceOperation,48,12272.0
3097600,1,RotaryEmbeddingDeviceOperation,16,12246.0
2946048,1,RotaryEmbeddingDeviceOperation,25,12230.0
2123776,1,LayerNormDeviceOperation,64,12214.0
2130944,1,LayerNormDeviceOperation,64,12206.0
1858560,1,LayerNormDeviceOperation,64,12199.0
2010112,1,LayerNormDeviceOperation,64,12185.0
3021824,1,RotaryEmbeddingDeviceOperation,16,12183.0
2547712,1,LayerNormDeviceOperation,64,12168.0
2206720,1,LayerNormDeviceOperation,64,12167.0
2199552,1,LayerNormDeviceOperation,64,12161.0
2313216,1,LayerNormDeviceOperation,64,12156.0
1817600,1,RotaryEmbeddingDeviceOperation,32,12134.0
3191808,1,LayerNormDeviceOperation,48,12109.0
99328,,TilizeWithValPaddingDeviceOperation,1,12104.0
2843648,1,LayerNormDeviceOperation,60,12104.0
126976,,TilizeWithValPaddingDeviceOperation,1,12102.0
91136,,TilizeWithValPaddingDeviceOperation,1,12101.0
2616320,1,LayerNormDeviceOperation,64,12090.0
2964480,1,LayerNormDeviceOperation,48,12086.0
2995200,1,LayerNormDeviceOperation,48,12070.0
2434048,1,LayerNormDeviceOperation,64,12053.0
2775040,1,LayerNormDeviceOperation,63,12048.0
2396160,1,LayerNormDeviceOperation,64,12046.0
86016,,TilizeWithValPaddingDeviceOperation,1,12027.0
33792,,TilizeWithValPaddingDeviceOperation,1,12017.0
2661376,1,LayerNormDeviceOperation,64,12013.0
2093056,1,LayerNormDeviceOperation,64,12009.0
2812928,1,LayerNormDeviceOperation,63,12006.0
2275328,1,LayerNormDeviceOperation,64,12000.0
2226176,1,RotaryEmbeddingDeviceOperation,32,11998.0
143360,,TilizeWithValPaddingDeviceOperation,1,11997.0
2623488,1,LayerNormDeviceOperation,64,11995.0
2264064,1,RotaryEmbeddingDeviceOperation,32,11994.0
61440,,TilizeWithValPaddingDeviceOperation,1,11985.0
2605056,1,RotaryEmbeddingDeviceOperation,32,11978.0
1896448,1,LayerNormDeviceOperation,64,11976.0
2805760,1,LayerNormDeviceOperation,63,11976.0
222208,,TilizeWithValPaddingDeviceOperation,1,11973.0
181248,,TilizeWithValPaddingDeviceOperation,1,11966.0
107520,,TilizeWithValPaddingDeviceOperation,1,11965.0
2888704,1,LayerNormDeviceOperation,60,11965.0
159744,,TilizeWithValPaddingDeviceOperation,1,11962.0
20480,,TilizeWithValPaddingDeviceOperation,1,11961.0
197632,,TilizeWithValPaddingDeviceOperation,1,11959.0
94208,,TilizeWithValPaddingDeviceOperation,1,11958.0
102400,,TilizeWithValPaddingDeviceOperation,1,11958.0
82944,,TilizeWithValPaddingDeviceOperation,1,11957.0
279552,,TilizeWithValPaddingDeviceOperation,1,11957.0
282624,,TilizeWithValPaddingDeviceOperation,1,11956.0
2339840,1,RotaryEmbeddingDeviceOperation,32,11956.0
225280,,TilizeWithValPaddingDeviceOperation,1,11954.0
74752,,TilizeWithValPaddingDeviceOperation,1,11953.0
295936,,TilizeWithValPaddingDeviceOperation,1,11953.0
3184640,1,LayerNormDeviceOperation,48,11953.0
41984,,TilizeWithValPaddingDeviceOperation,1,11952.0
115712,,TilizeWithValPaddingDeviceOperation,1,11951.0
135168,,TilizeWithValPaddingDeviceOperation,1,11951.0
173056,,TilizeWithValPaddingDeviceOperation,1,11951.0
266240,,TilizeWithValPaddingDeviceOperation,1,11950.0
17408,,TilizeWithValPaddingDeviceOperation,1,11948.0
214016,,TilizeWithValPaddingDeviceOperation,1,11948.0
263168,,TilizeWithValPaddingDeviceOperation,1,11947.0
118784,,TilizeWithValPaddingDeviceOperation,1,11946.0
2756608,1,RotaryEmbeddingDeviceOperation,32,11944.0
36864,,TilizeWithValPaddingDeviceOperation,1,11939.0
66560,,TilizeWithValPaddingDeviceOperation,1,11939.0
140288,,TilizeWithValPaddingDeviceOperation,1,11939.0
184320,,TilizeWithValPaddingDeviceOperation,1,11937.0
189440,,TilizeWithValPaddingDeviceOperation,1,11937.0
271360,,TilizeWithValPaddingDeviceOperation,1,11937.0
167936,,TilizeWithValPaddingDeviceOperation,1,11936.0
151552,,TilizeWithValPaddingDeviceOperation,1,11935.0
2509824,1,LayerNormDeviceOperation,64,11935.0
2919424,1,LayerNormDeviceOperation,60,11934.0
230400,,TilizeWithValPaddingDeviceOperation,1,11933.0
2244608,1,LayerNormDeviceOperation,64,11933.0
50176,,TilizeWithValPaddingDeviceOperation,1,11932.0
238592,,TilizeWithValPaddingDeviceOperation,1,11932.0
258048,,TilizeWithValPaddingDeviceOperation,1,11932.0
200704,,TilizeWithValPaddingDeviceOperation,1,11931.0
246784,,TilizeWithValPaddingDeviceOperation,1,11930.0
2794496,1,RotaryEmbeddingDeviceOperation,31,11929.0
28672,,TilizeWithValPaddingDeviceOperation,1,11925.0
4096,,TilizeWithValPaddingDeviceOperation,1,11924.0
53248,,TilizeWithValPaddingDeviceOperation,1,11919.0
290816,,TilizeWithValPaddingDeviceOperation,1,11919.0
205824,,TilizeWithValPaddingDeviceOperation,1,11918.0
233472,,TilizeWithValPaddingDeviceOperation,1,11916.0
69632,,TilizeWithValPaddingDeviceOperation,1,11915.0
148480,,TilizeWithValPaddingDeviceOperation,1,11915.0
164864,,TilizeWithValPaddingDeviceOperation,1,11915.0
249856,,TilizeWithValPaddingDeviceOperation,1,11915.0
58368,,TilizeWithValPaddingDeviceOperation,1,11913.0
192512,,TilizeWithValPaddingDeviceOperation,1,11910.0
217088,,TilizeWithValPaddingDeviceOperation,1,11907.0
9216,,TilizeWithValPaddingDeviceOperation,1,11903.0
2112512,1,RotaryEmbeddingDeviceOperation,32,11902.0
132096,,TilizeWithValPaddingDeviceOperation,1,11893.0
2567168,1,RotaryEmbeddingDeviceOperation,32,11881.0
274432,,TilizeWithValPaddingDeviceOperation,1,11880.0
2036736,1,RotaryEmbeddingDeviceOperation,32,11879.0
1923072,1,RotaryEmbeddingDeviceOperation,32,11878.0
3116032,1,LayerNormDeviceOperation,48,11877.0
1998848,1,RotaryEmbeddingDeviceOperation,32,11872.0
156672,,TilizeWithValPaddingDeviceOperation,1,11871.0
2642944,1,RotaryEmbeddingDeviceOperation,32,11871.0
12288,,TilizeWithValPaddingDeviceOperation,1,11868.0
176128,,TilizeWithValPaddingDeviceOperation,1,11862.0
110592,,TilizeWithValPaddingDeviceOperation,1,11854.0
2680832,1,RotaryEmbeddingDeviceOperation,32,11852.0
1836032,1,RotaryEmbeddingDeviceOperation,32,11849.0
241664,,TilizeWithValPaddingDeviceOperation,1,11847.0
2491392,1,RotaryEmbeddingDeviceOperation,32,11847.0
1960960,1,RotaryEmbeddingDeviceOperation,32,11846.0
2188288,1,RotaryEmbeddingDeviceOperation,32,11845.0
2377728,1,RotaryEmbeddingDeviceOperation,32,11838.0
2415616,1,RotaryEmbeddingDeviceOperation,32,11832.0
77824,,TilizeWithValPaddingDeviceOperation,1,11823.0
7168,,TilizeWithValPaddingDeviceOperation,43,11820.0
45056,,TilizeWithValPaddingDeviceOperation,1,11817.0
2301952,1,RotaryEmbeddingDeviceOperation,32,11816.0
2529280,1,RotaryEmbeddingDeviceOperation,32,11815.0
2718720,1,RotaryEmbeddingDeviceOperation,32,11815.0
2957312,1,LayerNormDeviceOperation,48,11808.0
287744,,TilizeWithValPaddingDeviceOperation,1,11796.0
3040256,1,LayerNormDeviceOperation,48,11791.0
3002368,1,LayerNormDeviceOperation,48,11788.0
1885184,1,RotaryEmbeddingDeviceOperation,32,11785.0
208896,,TilizeWithValPaddingDeviceOperation,1,11781.0
2074624,1,RotaryEmbeddingDeviceOperation,32,11774.0
98304,,TilizeWithValPaddingDeviceOperation,43,11771.0
254976,,TilizeWithValPaddingDeviceOperation,1,11768.0
25600,,TilizeWithValPaddingDeviceOperation,1,11766.0
123904,,TilizeWithValPaddingDeviceOperation,1,11765.0
2453504,1,RotaryEmbeddingDeviceOperation,32,11755.0
1090560,,LayerNormDeviceOperation,64,11744.0
1507328,,LayerNormDeviceOperation,64,11734.0
560128,,LayerNormDeviceOperation,64,11733.0
81920,,TilizeWithValPaddingDeviceOperation,43,11732.0
1355776,,LayerNormDeviceOperation,64,11727.0
1438720,,LayerNormDeviceOperation,64,11726.0
1014784,,LayerNormDeviceOperation,64,11723.0
680960,,LayerNormDeviceOperation,64,11722.0
285696,,TilizeWithValPaddingDeviceOperation,43,11721.0
1128448,,LayerNormDeviceOperation,64,11720.0
1204224,,LayerNormDeviceOperation,64,11720.0
643072,,LayerNormDeviceOperation,64,11716.0
1400832,,LayerNormDeviceOperation,64,11714.0
635904,,LayerNormDeviceOperation,64,11713.0
491520,,LayerNormDeviceOperation,64,11712.0
939008,,LayerNormDeviceOperation,64,11711.0
1741824,,LayerNormDeviceOperation,64,11709.0
1211392,,LayerNormDeviceOperation,64,11708.0
1545216,,LayerNormDeviceOperation,64,11707.0
453632,,LayerNormDeviceOperation,64,11705.0
598016,,LayerNormDeviceOperation,64,11703.0
863232,,LayerNormDeviceOperation,64,11703.0
908288,,LayerNormDeviceOperation,64,11702.0
408576,,LayerNormDeviceOperation,64,11700.0
1620992,,LayerNormDeviceOperation,64,11700.0
749568,,LayerNormDeviceOperation,64,11695.0
756736,,LayerNormDeviceOperation,64,11695.0
825344,,LayerNormDeviceOperation,64,11695.0
1166336,,LayerNormDeviceOperation,64,11693.0
794624,,LayerNormDeviceOperation,64,11692.0
2150400,1,RotaryEmbeddingDeviceOperation,32,11692.0
605184,,LayerNormDeviceOperation,64,11691.0
1249280,,LayerNormDeviceOperation,64,11691.0
1280000,,LayerNormDeviceOperation,64,11691.0
718848,,LayerNormDeviceOperation,64,11690.0
787456,,LayerNormDeviceOperation,64,11690.0
1431552,,LayerNormDeviceOperation,64,11690.0
673792,,LayerNormDeviceOperation,64,11689.0
1325056,,LayerNormDeviceOperation,64,11688.0
1666048,,LayerNormDeviceOperation,64,11688.0
1097728,,LayerNormDeviceOperation,64,11686.0
1393664,,LayerNormDeviceOperation,64,11684.0
522240,,LayerNormDeviceOperation,64,11682.0
901120,,LayerNormDeviceOperation,64,11682.0
65536,,TilizeWithValPaddingDeviceOperation,43,11681.0
415744,,LayerNormDeviceOperation,64,11679.0
711680,,LayerNormDeviceOperation,64,11679.0
1583104,,LayerNormDeviceOperation,64,11679.0
870400,,LayerNormDeviceOperation,64,11678.0
1552384,,LayerNormDeviceOperation,64,11678.0
1734656,,LayerNormDeviceOperation,64,11678.0
946176,,LayerNormDeviceOperation,64,11677.0
1703936,,LayerNormDeviceOperation,64,11677.0
15360,,TilizeWithValPaddingDeviceOperation,43,11676.0
446464,,LayerNormDeviceOperation,64,11674.0
484352,,LayerNormDeviceOperation,64,11674.0
1059840,,LayerNormDeviceOperation,64,11673.0
1135616,,LayerNormDeviceOperation,64,11673.0
1173504,,LayerNormDeviceOperation,64,11673.0
1287168,,LayerNormDeviceOperation,64,11673.0
976896,,LayerNormDeviceOperation,64,11672.0
1052672,,LayerNormDeviceOperation,64,11672.0
344064,,LayerNormDeviceOperation,64,11667.0
984064,,LayerNormDeviceOperation,64,11667.0
1021952,,LayerNormDeviceOperation,64,11667.0
1469440,,LayerNormDeviceOperation,64,11665.0
1658880,,LayerNormDeviceOperation,64,11660.0
1317888,,LayerNormDeviceOperation,64,11659.0
1590272,,LayerNormDeviceOperation,64,11659.0
1696768,,LayerNormDeviceOperation,64,11659.0
1242112,,LayerNormDeviceOperation,64,11658.0
1476608,,LayerNormDeviceOperation,64,11658.0
567296,,LayerNormDeviceOperation,64,11657.0
529408,,LayerNormDeviceOperation,64,11656.0
1628160,,LayerNormDeviceOperation,64,11654.0
832512,,LayerNormDeviceOperation,64,11649.0
1514496,,LayerNormDeviceOperation,64,11649.0
163840,,TilizeWithValPaddingDeviceOperation,43,11643.0
121856,,TilizeWithValPaddingDeviceOperation,43,11639.0
1362944,,LayerNormDeviceOperation,64,11635.0
1831936,1,LayerNormDeviceOperation,32,11630.0
73728,,TilizeWithValPaddingDeviceOperation,43,11620.0
195584,,TilizeWithValPaddingDeviceOperation,43,11613.0
261120,,TilizeWithValPaddingDeviceOperation,43,11610.0
245760,,TilizeWithValPaddingDeviceOperation,43,11588.0
105472,,TilizeWithValPaddingDeviceOperation,43,11577.0
155648,,TilizeWithValPaddingDeviceOperation,43,11572.0
229376,,TilizeWithValPaddingDeviceOperation,43,11565.0
2828288,1,LayerNormDeviceOperation,28,11552.0
2894848,1,LayerNormDeviceOperation,28,11529.0
57344,,TilizeWithValPaddingDeviceOperation,43,11524.0
2364416,1,LayerNormDeviceOperation,32,11523.0
2250752,1,LayerNormDeviceOperation,32,11515.0
277504,,TilizeWithValPaddingDeviceOperation,43,11501.0
221184,,TilizeWithValPaddingDeviceOperation,43,11496.0
2326528,1,LayerNormDeviceOperation,32,11492.0
270336,,TilizeWithValPaddingDeviceOperation,43,11484.0
40960,,TilizeWithValPaddingDeviceOperation,43,11481.0
106496,,TilizeWithValPaddingDeviceOperation,43,11480.0
80896,,TilizeWithValPaddingDeviceOperation,43,11471.0
16384,,TilizeWithValPaddingDeviceOperation,43,11452.0
146432,,TilizeWithValPaddingDeviceOperation,43,11446.0
293888,,TilizeWithValPaddingDeviceOperation,43,11444.0
147456,,TilizeWithValPaddingDeviceOperation,43,11436.0
188416,,TilizeWithValPaddingDeviceOperation,43,11432.0
1956864,1,LayerNormDeviceOperation,32,11428.0
8192,,TilizeWithValPaddingDeviceOperation,43,11418.0
2402304,1,LayerNormDeviceOperation,32,11417.0
252928,,TilizeWithValPaddingDeviceOperation,43,11393.0
39936,,TilizeWithValPaddingDeviceOperation,43,11391.0
130048,,TilizeWithValPaddingDeviceOperation,43,11382.0
2638848,1,LayerNormDeviceOperation,32,11371.0
278528,,TilizeWithValPaddingDeviceOperation,43,11370.0
244736,,TilizeWithValPaddingDeviceOperation,43,11351.0
49152,,TilizeWithValPaddingDeviceOperation,43,11347.0
3084288,1,LayerNormDeviceOperation,16,11347.0
179200,,TilizeWithValPaddingDeviceOperation,43,11343.0
2288640,1,LayerNormDeviceOperation,32,11343.0
131072,,TilizeWithValPaddingDeviceOperation,43,11339.0
203776,,TilizeWithValPaddingDeviceOperation,43,11338.0
2099200,1,LayerNormDeviceOperation,32,11336.0
154624,,TilizeWithValPaddingDeviceOperation,43,11333.0
171008,,TilizeWithValPaddingDeviceOperation,43,11331.0
286720,,TilizeWithValPaddingDeviceOperation,43,11331.0
162816,,TilizeWithValPaddingDeviceOperation,43,11330.0
1871872,1,LayerNormDeviceOperation,32,11329.0
2487296,1,LayerNormDeviceOperation,32,11328.0
2032640,1,LayerNormDeviceOperation,32,11319.0
64512,,TilizeWithValPaddingDeviceOperation,43,11317.0
2856960,1,LayerNormDeviceOperation,28,11316.0
23552,,TilizeWithValPaddingDeviceOperation,43,11306.0
211968,,TilizeWithValPaddingDeviceOperation,43,11306.0
97280,,TilizeWithValPaddingDeviceOperation,43,11302.0
2335744,1,LayerNormDeviceOperation,32,11302.0
2553856,1,LayerNormDeviceOperation,32,11301.0
1024,,TilizeWithValPaddingDeviceOperation,43,11300.0
31744,,TilizeWithValPaddingDeviceOperation,43,11300.0
56320,,TilizeWithValPaddingDeviceOperation,43,11297.0
2070528,1,LayerNormDeviceOperation,32,11297.0
90112,,TilizeWithValPaddingDeviceOperation,43,11292.0
114688,,TilizeWithValPaddingDeviceOperation,43,11289.0
113664,,TilizeWithValPaddingDeviceOperation,43,11286.0
196608,,TilizeWithValPaddingDeviceOperation,43,11281.0
2023424,1,LayerNormDeviceOperation,32,11280.0
32768,,TilizeWithValPaddingDeviceOperation,43,11274.0
262144,,TilizeWithValPaddingDeviceOperation,43,11271.0
2478080,1,LayerNormDeviceOperation,32,11270.0
253952,,TilizeWithValPaddingDeviceOperation,43,11265.0
180224,,TilizeWithValPaddingDeviceOperation,43,11261.0
220160,,TilizeWithValPaddingDeviceOperation,43,11256.0
269312,,TilizeWithValPaddingDeviceOperation,43,11254.0
212992,,TilizeWithValPaddingDeviceOperation,43,11252.0
1985536,1,LayerNormDeviceOperation,32,11249.0
228352,,TilizeWithValPaddingDeviceOperation,43,11240.0
138240,,TilizeWithValPaddingDeviceOperation,43,11234.0
2440192,1,LayerNormDeviceOperation,32,11233.0
3008512,1,LayerNormDeviceOperation,16,11230.0
2212864,1,LayerNormDeviceOperation,32,11225.0
48128,,TilizeWithValPaddingDeviceOperation,43,11222.0
187392,,TilizeWithValPaddingDeviceOperation,43,11216.0
2970624,1,LayerNormDeviceOperation,16,11215.0
204800,,TilizeWithValPaddingDeviceOperation,43,11212.0
2866176,1,LayerNormDeviceOperation,28,11211.0
139264,,TilizeWithValPaddingDeviceOperation,43,11209.0
294912,,TilizeWithValPaddingDeviceOperation,43,11202.0
2137088,1,LayerNormDeviceOperation,32,11196.0
24576,,TilizeWithValPaddingDeviceOperation,43,11194.0
2705408,1,LayerNormDeviceOperation,32,11179.0
2932736,1,LayerNormDeviceOperation,28,11178.0
72704,,TilizeWithValPaddingDeviceOperation,43,11176.0
237568,,TilizeWithValPaddingDeviceOperation,43,11173.0
2781184,1,LayerNormDeviceOperation,31,11173.0
2449408,1,LayerNormDeviceOperation,32,11172.0
2174976,1,LayerNormDeviceOperation,32,11169.0
2563072,1,LayerNormDeviceOperation,32,11158.0
236544,,TilizeWithValPaddingDeviceOperation,43,11156.0
2411520,1,LayerNormDeviceOperation,32,11141.0
2629632,1,LayerNormDeviceOperation,32,11139.0
89088,,TilizeWithValPaddingDeviceOperation,43,11131.0
2297856,1,LayerNormDeviceOperation,32,11130.0
1813504,1,LayerNormDeviceOperation,32,11119.0
3046400,1,LayerNormDeviceOperation,16,11114.0
2061312,1,LayerNormDeviceOperation,32,11098.0
2373632,1,LayerNormDeviceOperation,32,11095.0
2591744,1,LayerNormDeviceOperation,32,11095.0
1947648,1,LayerNormDeviceOperation,32,11092.0
3122176,1,LayerNormDeviceOperation,16,11089.0
2743296,1,LayerNormDeviceOperation,32,11086.0
3131392,1,LayerNormDeviceOperation,16,11076.0
2819072,1,LayerNormDeviceOperation,31,11068.0
2146304,1,LayerNormDeviceOperation,32,11064.0
2515968,1,LayerNormDeviceOperation,32,11048.0
2525184,1,LayerNormDeviceOperation,32,11035.0
2222080,1,LayerNormDeviceOperation,32,11025.0
1881088,1,LayerNormDeviceOperation,32,11024.0
2667520,1,LayerNormDeviceOperation,32,11015.0
122880,,TilizeWithValPaddingDeviceOperation,43,11009.0
172032,,TilizeWithValPaddingDeviceOperation,43,11009.0
2714624,1,LayerNormDeviceOperation,32,11008.0
2752512,1,LayerNormDeviceOperation,32,11003.0
1994752,1,LayerNormDeviceOperation,32,10968.0
1909760,1,LayerNormDeviceOperation,32,10961.0
2600960,1,LayerNormDeviceOperation,32,10954.0
2790400,1,LayerNormDeviceOperation,31,10952.0
3169280,1,LayerNormDeviceOperation,16,10951.0
1918976,1,LayerNormDeviceOperation,32,10942.0
2676736,1,LayerNormDeviceOperation,32,10941.0
2904064,1,LayerNormDeviceOperation,28,10938.0
2184192,1,LayerNormDeviceOperation,32,10934.0
2941952,1,LayerNormDeviceOperation,28,10921.0
3017728,1,LayerNormDeviceOperation,16,10914.0
2108416,1,LayerNormDeviceOperation,32,10908.0
2979840,1,LayerNormDeviceOperation,16,10882.0
3055616,1,LayerNormDeviceOperation,16,10874.0
3093504,1,LayerNormDeviceOperation,16,10850.0
2259968,1,LayerNormDeviceOperation,32,10773.0
3160064,1,LayerNormDeviceOperation,16,10741.0
658432,,LayerNormDeviceOperation,32,10156.0
1406976,,LayerNormDeviceOperation,32,10149.0
573440,,LayerNormDeviceOperation,32,10144.0
923648,,LayerNormDeviceOperation,32,10140.0
1075200,,LayerNormDeviceOperation,32,10140.0
1672192,,LayerNormDeviceOperation,32,10139.0
363520,,LayerNormDeviceOperation,32,10137.0
1340416,,LayerNormDeviceOperation,32,10135.0
952320,,LayerNormDeviceOperation,32,10131.0
1103872,,LayerNormDeviceOperation,32,10129.0
1369088,,LayerNormDeviceOperation,32,10127.0
990208,,LayerNormDeviceOperation,32,10123.0
1065984,,LayerNormDeviceOperation,32,10123.0
838656,,LayerNormDeviceOperation,32,10122.0
497664,,LayerNormDeviceOperation,32,10121.0
1596416,,LayerNormDeviceOperation,32,10121.0
734208,,LayerNormDeviceOperation,32,10119.0
1302528,,LayerNormDeviceOperation,32,10119.0
459776,,LayerNormDeviceOperation,32,10118.0
1681408,,LayerNormDeviceOperation,32,10118.0
421888,,LayerNormDeviceOperation,32,10117.0
1643520,,LayerNormDeviceOperation,32,10116.0
582656,,LayerNormDeviceOperation,32,10114.0
468992,,LayerNormDeviceOperation,32,10113.0
809984,,LayerNormDeviceOperation,32,10113.0
1264640,,LayerNormDeviceOperation,32,10112.0
876544,,LayerNormDeviceOperation,32,10111.0
535552,,LayerNormDeviceOperation,32,10110.0
687104,,LayerNormDeviceOperation,32,10110.0
1454080,,LayerNormDeviceOperation,32,10110.0
1179648,,LayerNormDeviceOperation,32,10109.0
1520640,,LayerNormDeviceOperation,32,10109.0
1416192,,LayerNormDeviceOperation,32,10108.0
724992,,LayerNormDeviceOperation,32,10107.0
1150976,,LayerNormDeviceOperation,32,10105.0
1529856,,LayerNormDeviceOperation,32,10104.0
431104,,LayerNormDeviceOperation,32,10103.0
620544,,LayerNormDeviceOperation,32,10103.0
800768,,LayerNormDeviceOperation,32,10103.0
1113088,,LayerNormDeviceOperation,32,10103.0
1491968,,LayerNormDeviceOperation,32,10101.0
1558528,,LayerNormDeviceOperation,32,10101.0
506880,,LayerNormDeviceOperation,32,10100.0
999424,,LayerNormDeviceOperation,32,10099.0
1444864,,LayerNormDeviceOperation,32,10098.0
961536,,LayerNormDeviceOperation,32,10096.0
1719296,,LayerNormDeviceOperation,32,10095.0
649216,,LayerNormDeviceOperation,32,10094.0
1037312,,LayerNormDeviceOperation,32,10094.0
1331200,,LayerNormDeviceOperation,32,10094.0
611328,,LayerNormDeviceOperation,32,10092.0
1028096,,LayerNormDeviceOperation,32,10092.0
1141760,,LayerNormDeviceOperation,32,10091.0
1634304,,LayerNormDeviceOperation,32,10091.0
696320,,LayerNormDeviceOperation,32,10089.0
762880,,LayerNormDeviceOperation,32,10089.0
1255424,,LayerNormDeviceOperation,32,10089.0
1293312,,LayerNormDeviceOperation,32,10089.0
1188864,,LayerNormDeviceOperation,32,10088.0
885760,,LayerNormDeviceOperation,32,10085.0
381952,,LayerNormDeviceOperation,32,10083.0
1710080,,LayerNormDeviceOperation,32,10082.0
914432,,LayerNormDeviceOperation,32,10081.0
847872,,LayerNormDeviceOperation,32,10078.0
1226752,,LayerNormDeviceOperation,32,10076.0
1378304,,LayerNormDeviceOperation,32,10075.0
544768,,LayerNormDeviceOperation,32,10070.0
1217536,,LayerNormDeviceOperation,32,10069.0
1567744,,LayerNormDeviceOperation,32,10069.0
772096,,LayerNormDeviceOperation,32,10062.0
1605632,,LayerNormDeviceOperation,32,10060.0
1482752,,LayerNormDeviceOperation,32,10057.0
1840128,1,TilizeDeviceOperation,32,9850.0
398336,,FillPadDeviceOperation,64,9768.0
1848320,1,FillPadDeviceOperation,64,9507.0
400384,,BinaryNgDeviceOperation,64,8750.0
1850368,1,BinaryNgDeviceOperation,64,7265.0
404480,,NLPConcatHeadsDecodeDeviceOperation,32,7028.0
2801664,1,NLPConcatHeadsDecodeDeviceOperation,31,6918.0
1499136,,TypecastDeviceOperation,64,6906.0
1351680,,NLPConcatHeadsDecodeDeviceOperation,32,6902.0
1086464,,NLPConcatHeadsDecodeDeviceOperation,32,6884.0
745472,,NLPConcatHeadsDecodeDeviceOperation,32,6875.0
821248,,NLPConcatHeadsDecodeDeviceOperation,32,6860.0
859136,,NLPConcatHeadsDecodeDeviceOperation,32,6852.0
1541120,,NLPConcatHeadsDecodeDeviceOperation,32,6847.0
707584,,NLPConcatHeadsDecodeDeviceOperation,32,6843.0
1010688,,NLPConcatHeadsDecodeDeviceOperation,32,6837.0
1503232,,NLPConcatHeadsDecodeDeviceOperation,32,6828.0
1389568,,NLPConcatHeadsDecodeDeviceOperation,32,6823.0
972800,,NLPConcatHeadsDecodeDeviceOperation,32,6822.0
1200128,,NLPConcatHeadsDecodeDeviceOperation,32,6810.0
593920,,NLPConcatHeadsDecodeDeviceOperation,32,6806.0
934912,,NLPConcatHeadsDecodeDeviceOperation,32,6799.0
669696,,NLPConcatHeadsDecodeDeviceOperation,32,6794.0
783360,,NLPConcatHeadsDecodeDeviceOperation,32,6792.0
1124352,,NLPConcatHeadsDecodeDeviceOperation,32,6790.0
1238016,,NLPConcatHeadsDecodeDeviceOperation,32,6783.0
1821696,1,TilizeWithValPaddingDeviceOperation,1,6779.0
1313792,,NLPConcatHeadsDecodeDeviceOperation,32,6757.0
1427456,,NLPConcatHeadsDecodeDeviceOperation,32,6755.0
897024,,NLPConcatHeadsDecodeDeviceOperation,32,6728.0
518144,,NLPConcatHeadsDecodeDeviceOperation,32,6716.0
442368,,NLPConcatHeadsDecodeDeviceOperation,32,6715.0
480256,,NLPConcatHeadsDecodeDeviceOperation,32,6714.0
1275904,,NLPConcatHeadsDecodeDeviceOperation,32,6711.0
1465344,,NLPConcatHeadsDecodeDeviceOperation,32,6694.0
2650112,1,NLPConcatHeadsDecodeDeviceOperation,32,6694.0
1730560,,NLPConcatHeadsDecodeDeviceOperation,32,6689.0
556032,,NLPConcatHeadsDecodeDeviceOperation,32,6677.0
1579008,,NLPConcatHeadsDecodeDeviceOperation,32,6670.0
1654784,,NLPConcatHeadsDecodeDeviceOperation,32,6667.0
2725888,1,NLPConcatHeadsDecodeDeviceOperation,32,6660.0
1785856,1,TilizeWithValPaddingDeviceOperation,1,6657.0
1162240,,NLPConcatHeadsDecodeDeviceOperation,32,6656.0
631808,,NLPConcatHeadsDecodeDeviceOperation,32,6651.0
296960,,TilizeWithValPaddingDeviceOperation,1,6650.0
1801216,1,TilizeWithValPaddingDeviceOperation,1,6650.0
1048576,,NLPConcatHeadsDecodeDeviceOperation,32,6649.0
1692672,,NLPConcatHeadsDecodeDeviceOperation,32,6642.0
1746944,1,TilizeWithValPaddingDeviceOperation,1,6595.0
3028992,1,NLPConcatHeadsDecodeDeviceOperation,16,6591.0
3142656,1,NLPConcatHeadsDecodeDeviceOperation,16,6585.0
1616896,,NLPConcatHeadsDecodeDeviceOperation,32,6576.0
2532352,1,TypecastDeviceOperation,64,6554.0
3180544,1,NLPConcatHeadsDecodeDeviceOperation,16,6551.0
1926144,1,TypecastDeviceOperation,64,6545.0
1196032,,TypecastDeviceOperation,64,6537.0
1347584,,TypecastDeviceOperation,64,6481.0
351232,,TilizeWithValPaddingDeviceOperation,1,6474.0
335872,,TilizeWithValPaddingDeviceOperation,1,6464.0
3100672,1,TypecastDeviceOperation,48,6442.0
371712,,TilizeWithValPaddingDeviceOperation,1,6439.0
2153472,1,TypecastDeviceOperation,64,6404.0
2233344,1,NLPConcatHeadsDecodeDeviceOperation,32,6403.0
1930240,1,NLPConcatHeadsDecodeDeviceOperation,32,6400.0
2081792,1,NLPConcatHeadsDecodeDeviceOperation,32,6388.0
2191360,1,TypecastDeviceOperation,64,6287.0
2077696,1,TypecastDeviceOperation,64,6254.0
2305024,1,TypecastDeviceOperation,64,6245.0
2115584,1,TypecastDeviceOperation,64,6244.0
1385472,,TypecastDeviceOperation,64,6213.0
1006592,,TypecastDeviceOperation,64,6208.0
2195456,1,NLPConcatHeadsDecodeDeviceOperation,32,6198.0
2418688,1,TypecastDeviceOperation,64,6189.0
1574912,,TypecastDeviceOperation,64,6170.0
1854464,1,NLPConcatHeadsDecodeDeviceOperation,32,6161.0
1537024,,TypecastDeviceOperation,64,6158.0
2570240,1,TypecastDeviceOperation,64,6145.0
1888256,1,TypecastDeviceOperation,64,6142.0
2911232,1,TypecastDeviceOperation,60,6140.0
2456576,1,TypecastDeviceOperation,64,6120.0
2915328,1,NLPConcatHeadsDecodeDeviceOperation,28,6120.0
1726464,,TypecastDeviceOperation,64,6112.0
3176448,1,TypecastDeviceOperation,48,6103.0
1968128,1,NLPConcatHeadsDecodeDeviceOperation,32,6096.0
2574336,1,NLPConcatHeadsDecodeDeviceOperation,32,6085.0
3066880,1,NLPConcatHeadsDecodeDeviceOperation,16,6070.0
817152,,TypecastDeviceOperation,64,6066.0
2039808,1,TypecastDeviceOperation,64,6063.0
2991104,1,NLPConcatHeadsDecodeDeviceOperation,16,6059.0
396288,,TypecastDeviceOperation,64,6057.0
2267136,1,TypecastDeviceOperation,64,6055.0
741376,,TypecastDeviceOperation,64,6033.0
1423360,,TypecastDeviceOperation,64,5988.0
2612224,1,NLPConcatHeadsDecodeDeviceOperation,32,5986.0
2646016,1,TypecastDeviceOperation,64,5983.0
2759680,1,TypecastDeviceOperation,64,5982.0
2422784,1,NLPConcatHeadsDecodeDeviceOperation,32,5981.0
438272,,TypecastDeviceOperation,64,5980.0
1309696,,TypecastDeviceOperation,64,5980.0
514048,,TypecastDeviceOperation,64,5979.0
930816,,TypecastDeviceOperation,64,5978.0
2494464,1,TypecastDeviceOperation,64,5978.0
779264,,TypecastDeviceOperation,64,5972.0
1233920,,TypecastDeviceOperation,64,5966.0
2498560,1,NLPConcatHeadsDecodeDeviceOperation,32,5963.0
2608128,1,TypecastDeviceOperation,64,5962.0
1964032,1,TypecastDeviceOperation,64,5960.0
2688000,1,NLPConcatHeadsDecodeDeviceOperation,32,5948.0
476160,,TypecastDeviceOperation,64,5947.0
1892352,1,NLPConcatHeadsDecodeDeviceOperation,32,5942.0
2877440,1,NLPConcatHeadsDecodeDeviceOperation,28,5941.0
855040,,TypecastDeviceOperation,64,5939.0
2380800,1,TypecastDeviceOperation,64,5939.0
2006016,1,NLPConcatHeadsDecodeDeviceOperation,32,5936.0
1846272,1,TypecastDeviceOperation,64,5931.0
2119680,1,NLPConcatHeadsDecodeDeviceOperation,32,5924.0
2953216,1,NLPConcatHeadsDecodeDeviceOperation,16,5923.0
2460672,1,NLPConcatHeadsDecodeDeviceOperation,32,5914.0
703488,,TypecastDeviceOperation,64,5900.0
2043904,1,NLPConcatHeadsDecodeDeviceOperation,32,5899.0
2229248,1,TypecastDeviceOperation,64,5893.0
968704,,TypecastDeviceOperation,64,5882.0
2987008,1,TypecastDeviceOperation,48,5876.0
2342912,1,TypecastDeviceOperation,64,5873.0
2347008,1,NLPConcatHeadsDecodeDeviceOperation,32,5873.0
2683904,1,TypecastDeviceOperation,64,5862.0
2835456,1,TypecastDeviceOperation,60,5857.0
589824,,TypecastDeviceOperation,64,5854.0
2839552,1,NLPConcatHeadsDecodeDeviceOperation,28,5844.0
2721792,1,TypecastDeviceOperation,64,5827.0
551936,,TypecastDeviceOperation,64,5823.0
2126848,1,BinaryNgDeviceOperation,64,5810.0
2998272,1,BinaryNgDeviceOperation,48,5810.0
2695168,1,BinaryNgDeviceOperation,64,5807.0
2949120,1,TypecastDeviceOperation,48,5807.0
2392064,1,BinaryNgDeviceOperation,64,5804.0
2846720,1,BinaryNgDeviceOperation,60,5803.0
2808832,1,BinaryNgDeviceOperation,63,5802.0
1044480,,TypecastDeviceOperation,64,5800.0
2543616,1,BinaryNgDeviceOperation,64,5799.0
2770944,1,BinaryNgDeviceOperation,63,5799.0
2088960,1,BinaryNgDeviceOperation,64,5797.0
2884608,1,BinaryNgDeviceOperation,60,5795.0
2960384,1,BinaryNgDeviceOperation,48,5795.0
2467840,1,BinaryNgDeviceOperation,64,5794.0
2922496,1,BinaryNgDeviceOperation,60,5794.0
2657280,1,BinaryNgDeviceOperation,64,5793.0
1899520,1,BinaryNgDeviceOperation,64,5792.0
2013184,1,BinaryNgDeviceOperation,64,5792.0
2733056,1,BinaryNgDeviceOperation,64,5792.0
627712,,TypecastDeviceOperation,64,5791.0
1861632,1,BinaryNgDeviceOperation,64,5791.0
2240512,1,BinaryNgDeviceOperation,64,5791.0
2051072,1,BinaryNgDeviceOperation,64,5790.0
2278400,1,BinaryNgDeviceOperation,64,5788.0
3111936,1,BinaryNgDeviceOperation,48,5788.0
2202624,1,BinaryNgDeviceOperation,64,5787.0
3187712,1,BinaryNgDeviceOperation,48,5787.0
1975296,1,BinaryNgDeviceOperation,64,5786.0
3074048,1,BinaryNgDeviceOperation,48,5786.0
3036160,1,BinaryNgDeviceOperation,48,5785.0
2316288,1,BinaryNgDeviceOperation,64,5784.0
2619392,1,BinaryNgDeviceOperation,64,5784.0
1612800,,TypecastDeviceOperation,64,5783.0
2164736,1,BinaryNgDeviceOperation,64,5783.0
3149824,1,BinaryNgDeviceOperation,48,5783.0
1937408,1,BinaryNgDeviceOperation,64,5782.0
2354176,1,BinaryNgDeviceOperation,64,5782.0
2581504,1,BinaryNgDeviceOperation,64,5780.0
2797568,1,TypecastDeviceOperation,63,5780.0
2429952,1,BinaryNgDeviceOperation,64,5776.0
2505728,1,BinaryNgDeviceOperation,64,5774.0
3138560,1,TypecastDeviceOperation,48,5727.0
3104768,1,NLPConcatHeadsDecodeDeviceOperation,16,5725.0
2724864,1,TypecastDeviceOperation,64,5722.0
1688576,,TypecastDeviceOperation,64,5720.0
2001920,1,TypecastDeviceOperation,64,5716.0
449536,,BinaryNgDeviceOperation,64,5711.0
411648,,BinaryNgDeviceOperation,64,5703.0
904192,,BinaryNgDeviceOperation,64,5703.0
1510400,,BinaryNgDeviceOperation,64,5700.0
1661952,,BinaryNgDeviceOperation,64,5693.0
1396736,,BinaryNgDeviceOperation,64,5690.0
866304,,BinaryNgDeviceOperation,64,5687.0
1586176,,BinaryNgDeviceOperation,64,5685.0
790528,,BinaryNgDeviceOperation,64,5684.0
1358848,,BinaryNgDeviceOperation,64,5684.0
638976,,BinaryNgDeviceOperation,64,5683.0
563200,,BinaryNgDeviceOperation,64,5682.0
1158144,,TypecastDeviceOperation,64,5681.0
942080,,BinaryNgDeviceOperation,64,5680.0
1131520,,BinaryNgDeviceOperation,64,5680.0
1699840,,BinaryNgDeviceOperation,64,5678.0
1737728,,BinaryNgDeviceOperation,64,5678.0
1055744,,BinaryNgDeviceOperation,64,5677.0
1093632,,BinaryNgDeviceOperation,64,5675.0
676864,,BinaryNgDeviceOperation,64,5673.0
1624064,,BinaryNgDeviceOperation,64,5671.0
714752,,BinaryNgDeviceOperation,64,5670.0
1169408,,BinaryNgDeviceOperation,64,5670.0
1017856,,BinaryNgDeviceOperation,64,5669.0
1207296,,BinaryNgDeviceOperation,64,5669.0
3024896,1,TypecastDeviceOperation,48,5669.0
487424,,BinaryNgDeviceOperation,64,5668.0
828416,,BinaryNgDeviceOperation,64,5668.0
979968,,BinaryNgDeviceOperation,64,5668.0
525312,,BinaryNgDeviceOperation,64,5667.0
752640,,BinaryNgDeviceOperation,64,5667.0
1320960,,BinaryNgDeviceOperation,64,5667.0
2157568,1,NLPConcatHeadsDecodeDeviceOperation,32,5666.0
2271232,1,NLPConcatHeadsDecodeDeviceOperation,32,5666.0
1283072,,BinaryNgDeviceOperation,64,5663.0
1472512,,BinaryNgDeviceOperation,64,5663.0
601088,,BinaryNgDeviceOperation,64,5662.0
1548288,,BinaryNgDeviceOperation,64,5662.0
2763776,1,NLPConcatHeadsDecodeDeviceOperation,32,5662.0
1245184,,BinaryNgDeviceOperation,64,5658.0
2384896,1,NLPConcatHeadsDecodeDeviceOperation,32,5658.0
2873344,1,TypecastDeviceOperation,60,5657.0
1434624,,BinaryNgDeviceOperation,64,5656.0
1120256,,TypecastDeviceOperation,64,5643.0
2649088,1,TypecastDeviceOperation,64,5643.0
2309120,1,NLPConcatHeadsDecodeDeviceOperation,32,5642.0
1461248,,TypecastDeviceOperation,64,5639.0
1082368,,TypecastDeviceOperation,64,5626.0
2762752,1,TypecastDeviceOperation,64,5608.0
1271808,,TypecastDeviceOperation,64,5599.0
1650688,,TypecastDeviceOperation,64,5559.0
388096,,UntilizeWithUnpaddingDeviceOperation,32,5534.0
2536448,1,NLPConcatHeadsDecodeDeviceOperation,32,5522.0
3027968,1,TypecastDeviceOperation,48,5516.0
1967104,1,TypecastDeviceOperation,64,5476.0
2573312,1,TypecastDeviceOperation,64,5467.0
2194432,1,TypecastDeviceOperation,64,5460.0
665600,,TypecastDeviceOperation,64,5449.0
892928,,TypecastDeviceOperation,64,5444.0
3179520,1,TypecastDeviceOperation,48,5440.0
1838080,1,UntilizeWithUnpaddingDeviceOperation,32,5433.0
2838528,1,TypecastDeviceOperation,60,5423.0
3062784,1,TypecastDeviceOperation,48,5422.0
1849344,1,ReduceDeviceOperation,32,5404.0
2611200,1,TypecastDeviceOperation,64,5388.0
2080768,1,TypecastDeviceOperation,64,5385.0
2383872,1,TypecastDeviceOperation,64,5365.0
2914304,1,TypecastDeviceOperation,60,5338.0
2118656,1,TypecastDeviceOperation,64,5328.0
2345984,1,TypecastDeviceOperation,64,5312.0
3141632,1,TypecastDeviceOperation,48,5312.0
2421760,1,TypecastDeviceOperation,64,5295.0
2686976,1,TypecastDeviceOperation,64,5293.0
2876416,1,TypecastDeviceOperation,60,5288.0
3103744,1,TypecastDeviceOperation,48,5286.0
1829888,1,TypecastDeviceOperation,64,5280.0
2004992,1,TypecastDeviceOperation,64,5279.0
1047552,,TypecastDeviceOperation,64,5271.0
2270208,1,TypecastDeviceOperation,64,5253.0
630784,,TypecastDeviceOperation,64,5246.0
441344,,TypecastDeviceOperation,64,5220.0
933888,,TypecastDeviceOperation,64,5210.0
1464320,,TypecastDeviceOperation,64,5204.0
971776,,TypecastDeviceOperation,64,5202.0
555008,,TypecastDeviceOperation,64,5199.0
2800640,1,TypecastDeviceOperation,63,5198.0
379904,,TypecastDeviceOperation,64,5190.0
858112,,TypecastDeviceOperation,64,5181.0
1350656,,TypecastDeviceOperation,64,5181.0
1274880,,TypecastDeviceOperation,64,5174.0
2308096,1,TypecastDeviceOperation,64,5171.0
668672,,TypecastDeviceOperation,64,5170.0
1123328,,TypecastDeviceOperation,64,5169.0
1540096,,TypecastDeviceOperation,64,5163.0
2952192,1,TypecastDeviceOperation,48,5163.0
820224,,TypecastDeviceOperation,64,5157.0
592896,,TypecastDeviceOperation,64,5151.0
479232,,TypecastDeviceOperation,64,5148.0
399360,,ReduceDeviceOperation,32,5143.0
706560,,TypecastDeviceOperation,64,5140.0
392192,,TypecastDeviceOperation,64,5138.0
2232320,1,TypecastDeviceOperation,64,5138.0
1161216,,TypecastDeviceOperation,64,5136.0
2990080,1,TypecastDeviceOperation,48,5136.0
1729536,,TypecastDeviceOperation,64,5132.0
1615872,,TypecastDeviceOperation,64,5131.0
1085440,,TypecastDeviceOperation,64,5128.0
1199104,,TypecastDeviceOperation,64,5127.0
1388544,,TypecastDeviceOperation,64,5125.0
1009664,,TypecastDeviceOperation,64,5122.0
517120,,TypecastDeviceOperation,64,5118.0
1653760,,TypecastDeviceOperation,64,5117.0
1502208,,TypecastDeviceOperation,64,5116.0
1426432,,TypecastDeviceOperation,64,5115.0
782336,,TypecastDeviceOperation,64,5111.0
3065856,1,TypecastDeviceOperation,48,5107.0
1577984,,TypecastDeviceOperation,64,5102.0
1312768,,TypecastDeviceOperation,64,5096.0
1691648,,TypecastDeviceOperation,64,5094.0
403456,,TypecastDeviceOperation,64,5093.0
744448,,TypecastDeviceOperation,64,5093.0
2459648,1,TypecastDeviceOperation,64,5093.0
1236992,,TypecastDeviceOperation,64,5089.0
896000,,TypecastDeviceOperation,64,5064.0
1929216,1,TypecastDeviceOperation,64,5062.0
2535424,1,TypecastDeviceOperation,64,5022.0
2156544,1,TypecastDeviceOperation,64,4987.0
2042880,1,TypecastDeviceOperation,64,4981.0
2497536,1,TypecastDeviceOperation,64,4964.0
1891328,1,TypecastDeviceOperation,64,4954.0
1853440,1,TypecastDeviceOperation,64,4903.0
1842176,1,TypecastDeviceOperation,64,4794.0
2798592,1,InterleavedToShardedDeviceOperation,31,4755.0
2912256,1,InterleavedToShardedDeviceOperation,28,4616.0
2040832,1,InterleavedToShardedDeviceOperation,32,4559.0
2988032,1,InterleavedToShardedDeviceOperation,16,4543.0
1889280,1,InterleavedToShardedDeviceOperation,32,4468.0
704512,,InterleavedToShardedDeviceOperation,32,4397.0
2230272,1,InterleavedToShardedDeviceOperation,32,4312.0
1007616,,InterleavedToShardedDeviceOperation,32,4292.0
2078720,1,InterleavedToShardedDeviceOperation,32,4272.0
1689600,,InterleavedToShardedDeviceOperation,32,4247.0
1121280,,InterleavedToShardedDeviceOperation,32,4245.0
3139584,1,InterleavedToShardedDeviceOperation,16,4236.0
1965056,1,InterleavedToShardedDeviceOperation,32,4191.0
2306048,1,InterleavedToShardedDeviceOperation,32,4179.0
1197056,,InterleavedToShardedDeviceOperation,32,4178.0
2533376,1,InterleavedToShardedDeviceOperation,32,4158.0
1575936,,InterleavedToShardedDeviceOperation,32,4136.0
2002944,1,InterleavedToShardedDeviceOperation,32,4103.0
477184,,InterleavedToShardedDeviceOperation,32,4079.0
1234944,,InterleavedToShardedDeviceOperation,32,4071.0
1613824,,InterleavedToShardedDeviceOperation,32,4064.0
893952,,InterleavedToShardedDeviceOperation,32,4059.0
590848,,InterleavedToShardedDeviceOperation,32,4028.0
1500160,,InterleavedToShardedDeviceOperation,32,4028.0
3177472,1,InterleavedToShardedDeviceOperation,16,4022.0
1424384,,InterleavedToShardedDeviceOperation,32,4007.0
1348608,,InterleavedToShardedDeviceOperation,32,4003.0
1727488,,InterleavedToShardedDeviceOperation,32,3998.0
1538048,,InterleavedToShardedDeviceOperation,32,3995.0
1083392,,InterleavedToShardedDeviceOperation,32,3989.0
2457600,1,InterleavedToShardedDeviceOperation,32,3972.0
931840,,InterleavedToShardedDeviceOperation,32,3963.0
3025920,1,InterleavedToShardedDeviceOperation,16,3939.0
1310720,,InterleavedToShardedDeviceOperation,32,3931.0
2609152,1,InterleavedToShardedDeviceOperation,32,3931.0
666624,,InterleavedToShardedDeviceOperation,32,3924.0
3101696,1,InterleavedToShardedDeviceOperation,16,3921.0
2950144,1,InterleavedToShardedDeviceOperation,16,3919.0
742400,,InterleavedToShardedDeviceOperation,32,3915.0
2760704,1,InterleavedToShardedDeviceOperation,32,3906.0
818176,,InterleavedToShardedDeviceOperation,32,3904.0
1462272,,InterleavedToShardedDeviceOperation,32,3894.0
401408,,InterleavedToShardedDeviceOperation,32,3873.0
969728,,InterleavedToShardedDeviceOperation,32,3873.0
2154496,1,InterleavedToShardedDeviceOperation,32,3851.0
1272832,,InterleavedToShardedDeviceOperation,32,3836.0
515072,,InterleavedToShardedDeviceOperation,32,3833.0
552960,,InterleavedToShardedDeviceOperation,32,3832.0
2268160,1,InterleavedToShardedDeviceOperation,32,3828.0
1159168,,InterleavedToShardedDeviceOperation,32,3820.0
856064,,InterleavedToShardedDeviceOperation,32,3807.0
1841152,1,InterleavedToShardedDeviceOperation,32,3798.0
2495488,1,InterleavedToShardedDeviceOperation,32,3795.0
1927168,1,InterleavedToShardedDeviceOperation,32,3750.0
439296,,InterleavedToShardedDeviceOperation,32,3749.0
1851392,1,InterleavedToShardedDeviceOperation,32,3738.0
1045504,,InterleavedToShardedDeviceOperation,32,3709.0
1822720,1,BinaryNgDeviceOperation,64,3647.0
780288,,InterleavedToShardedDeviceOperation,32,3643.0
1386496,,InterleavedToShardedDeviceOperation,32,3642.0
2343936,1,InterleavedToShardedDeviceOperation,32,3634.0
1651712,,InterleavedToShardedDeviceOperation,32,3617.0
2647040,1,InterleavedToShardedDeviceOperation,32,3609.0
2419712,1,InterleavedToShardedDeviceOperation,32,3576.0
628736,,InterleavedToShardedDeviceOperation,32,3556.0
2874368,1,InterleavedToShardedDeviceOperation,28,3541.0
3063808,1,InterleavedToShardedDeviceOperation,16,3535.0
2192384,1,InterleavedToShardedDeviceOperation,32,3503.0
372736,,BinaryNgDeviceOperation,64,3455.0
1908736,1,ReshardDeviceOperation,32,3448.0
3007488,1,ReshardDeviceOperation,16,3440.0
2060288,1,ReshardDeviceOperation,32,3436.0
2780160,1,ReshardDeviceOperation,31,3424.0
2722816,1,InterleavedToShardedDeviceOperation,32,3399.0
387072,,ShardedToInterleavedDeviceOperation,32,3380.0
2022400,1,ReshardDeviceOperation,32,3368.0
2742272,1,ReshardDeviceOperation,32,3368.0
397312,,ShardedToInterleavedDeviceOperation,32,3366.0
2552832,1,ReshardDeviceOperation,32,3364.0
2116608,1,InterleavedToShardedDeviceOperation,32,3362.0
852992,,CopyDeviceOperation,64,3361.0
2173952,1,ReshardDeviceOperation,32,3357.0
512000,,CopyDeviceOperation,64,3346.0
2855936,1,ReshardDeviceOperation,28,3332.0
1839104,1,RepeatDeviceOperation,64,3326.0
1847296,1,ShardedToInterleavedDeviceOperation,32,3325.0
2865152,1,ReshardDeviceOperation,28,3325.0
389120,,RepeatDeviceOperation,64,3324.0
2136064,1,ReshardDeviceOperation,32,3321.0
3121152,1,ReshardDeviceOperation,16,3303.0
2287616,1,ReshardDeviceOperation,32,3301.0
2675712,1,ReshardDeviceOperation,32,3291.0
2325504,1,ReshardDeviceOperation,32,3283.0
2381824,1,InterleavedToShardedDeviceOperation,32,3271.0
1837056,1,ShardedToInterleavedDeviceOperation,32,3259.0
2477056,1,ReshardDeviceOperation,32,3256.0
2666496,1,ReshardDeviceOperation,32,3247.0
2836480,1,InterleavedToShardedDeviceOperation,28,3246.0
3045376,1,ReshardDeviceOperation,16,3240.0
1724416,,CopyDeviceOperation,64,3231.0
966656,,CopyDeviceOperation,64,3228.0
2439168,1,ReshardDeviceOperation,32,3228.0
739328,,CopyDeviceOperation,64,3225.0
2818048,1,ReshardDeviceOperation,31,3217.0
2514944,1,ReshardDeviceOperation,32,3216.0
1946624,1,ReshardDeviceOperation,32,3211.0
701440,,CopyDeviceOperation,64,3206.0
2571264,1,InterleavedToShardedDeviceOperation,32,3200.0
2590720,1,ReshardDeviceOperation,32,3198.0
2931712,1,ReshardDeviceOperation,28,3189.0
1231872,,CopyDeviceOperation,64,3187.0
352256,,BinaryNgDeviceOperation,64,3184.0
1307648,,CopyDeviceOperation,64,3184.0
2401280,1,ReshardDeviceOperation,32,3183.0
2037760,1,CopyDeviceOperation,64,3181.0
1984512,1,ReshardDeviceOperation,32,3175.0
3083264,1,ReshardDeviceOperation,16,3170.0
2833408,1,CopyDeviceOperation,60,3166.0
1802240,1,BinaryNgDeviceOperation,64,3164.0
2211840,1,ReshardDeviceOperation,32,3161.0
2704384,1,ReshardDeviceOperation,32,3161.0
1459200,,CopyDeviceOperation,64,3150.0
1080320,,CopyDeviceOperation,64,3143.0
1042432,,CopyDeviceOperation,64,3137.0
2265088,1,CopyDeviceOperation,64,3136.0
1648640,,CopyDeviceOperation,64,3130.0
2984960,1,CopyDeviceOperation,48,3126.0
2151424,1,CopyDeviceOperation,64,3121.0
2599936,1,ReshardDeviceOperation,32,3121.0
2454528,1,CopyDeviceOperation,64,3114.0
587776,,CopyDeviceOperation,64,3108.0
2719744,1,CopyDeviceOperation,64,3087.0
2098176,1,ReshardDeviceOperation,32,3085.0
1345536,,CopyDeviceOperation,64,3080.0
2893824,1,ReshardDeviceOperation,28,3076.0
2969600,1,ReshardDeviceOperation,16,3064.0
1004544,,CopyDeviceOperation,64,3060.0
1421312,,CopyDeviceOperation,64,3060.0
2795520,1,CopyDeviceOperation,63,3059.0
391168,,InterleavedToShardedDeviceOperation,32,3058.0
663552,,CopyDeviceOperation,64,3056.0
2145280,1,ReshardDeviceOperation,32,3049.0
549888,,CopyDeviceOperation,64,3048.0
2909184,1,CopyDeviceOperation,60,3046.0
474112,,CopyDeviceOperation,64,3042.0
2378752,1,CopyDeviceOperation,64,3035.0
1857536,1,BinaryNgDeviceOperation,64,3031.0
875520,,ReshardDeviceOperation,32,3030.0
2524160,1,ReshardDeviceOperation,32,3025.0
3016704,1,ReshardDeviceOperation,16,3014.0
1610752,,CopyDeviceOperation,64,3011.0
2363392,1,ReshardDeviceOperation,32,3011.0
2628608,1,ReshardDeviceOperation,32,3009.0
1572864,,CopyDeviceOperation,64,3004.0
1886208,1,CopyDeviceOperation,64,2998.0
2416640,1,CopyDeviceOperation,64,2998.0
1825792,1,UntilizeWithUnpaddingDeviceOperation,1,2997.0
2684928,1,InterleavedToShardedDeviceOperation,32,2993.0
1497088,,CopyDeviceOperation,64,2984.0
2562048,1,ReshardDeviceOperation,32,2981.0
3136512,1,CopyDeviceOperation,48,2980.0
2107392,1,ReshardDeviceOperation,32,2979.0
2189312,1,CopyDeviceOperation,64,2977.0
2249728,1,ReshardDeviceOperation,32,2976.0
2075648,1,CopyDeviceOperation,64,2975.0
2113536,1,CopyDeviceOperation,64,2974.0
1686528,,CopyDeviceOperation,64,2973.0
2757632,1,CopyDeviceOperation,64,2971.0
2334720,1,ReshardDeviceOperation,32,2969.0
1383424,,CopyDeviceOperation,64,2965.0
2258944,1,ReshardDeviceOperation,32,2961.0
2568192,1,CopyDeviceOperation,64,2958.0
3174400,1,CopyDeviceOperation,48,2952.0
1193984,,CopyDeviceOperation,64,2950.0
890880,,CopyDeviceOperation,64,2946.0
2340864,1,CopyDeviceOperation,64,2946.0
1156096,,CopyDeviceOperation,64,2941.0
2448384,1,ReshardDeviceOperation,32,2941.0
2751488,1,ReshardDeviceOperation,32,2941.0
2871296,1,CopyDeviceOperation,60,2941.0
407552,,BinaryNgDeviceOperation,64,2937.0
2530304,1,CopyDeviceOperation,64,2937.0
2302976,1,CopyDeviceOperation,64,2935.0
2947072,1,CopyDeviceOperation,57,2935.0
3130368,1,ReshardDeviceOperation,16,2934.0
1269760,,CopyDeviceOperation,64,2933.0
2940928,1,ReshardDeviceOperation,28,2933.0
625664,,CopyDeviceOperation,64,2926.0
1924096,1,CopyDeviceOperation,64,2924.0
1917952,1,ReshardDeviceOperation,32,2920.0
2031616,1,ReshardDeviceOperation,32,2918.0
1534976,,CopyDeviceOperation,64,2917.0
2606080,1,CopyDeviceOperation,64,2911.0
3060736,1,CopyDeviceOperation,48,2909.0
951296,,ReshardDeviceOperation,32,2908.0
3022848,1,CopyDeviceOperation,48,2901.0
777216,,CopyDeviceOperation,64,2899.0
1961984,1,CopyDeviceOperation,64,2896.0
1880064,1,ReshardDeviceOperation,32,2881.0
815104,,CopyDeviceOperation,64,2877.0
2246656,1,ShardedToInterleavedDeviceOperation,64,2876.0
3165184,1,SliceDeviceOperation,48,2876.0
2643968,1,CopyDeviceOperation,64,2858.0
2492416,1,CopyDeviceOperation,64,2843.0
2296832,1,ReshardDeviceOperation,32,2840.0
2486272,1,ReshardDeviceOperation,32,2840.0
394240,,CopyDeviceOperation,64,2837.0
1870848,1,ReshardDeviceOperation,32,2832.0
3098624,1,CopyDeviceOperation,48,2831.0
2221056,1,ReshardDeviceOperation,32,2825.0
928768,,CopyDeviceOperation,64,2824.0
686080,,ReshardDeviceOperation,32,2820.0
393216,,ShardedToInterleavedDeviceOperation,32,2808.0
2227200,1,CopyDeviceOperation,64,2806.0
3168256,1,ReshardDeviceOperation,16,2799.0
1812480,1,ReshardDeviceOperation,32,2798.0
1993728,1,ReshardDeviceOperation,32,2789.0
2789376,1,ReshardDeviceOperation,31,2771.0
2410496,1,ReshardDeviceOperation,32,2768.0
2681856,1,CopyDeviceOperation,64,2768.0
2069504,1,ReshardDeviceOperation,32,2765.0
1999872,1,CopyDeviceOperation,64,2761.0
1102848,,ReshardDeviceOperation,32,2757.0
1061888,,ShardedToInterleavedDeviceOperation,64,2756.0
1027072,,ReshardDeviceOperation,32,2755.0
1118208,,CopyDeviceOperation,64,2753.0
436224,,CopyDeviceOperation,64,2752.0
2372608,1,ReshardDeviceOperation,32,2744.0
2398208,1,ShardedToInterleavedDeviceOperation,64,2741.0
1905664,1,ShardedToInterleavedDeviceOperation,64,2740.0
2170880,1,ShardedToInterleavedDeviceOperation,64,2740.0
2827264,1,ReshardDeviceOperation,28,2736.0
1339392,,ReshardDeviceOperation,32,2733.0
834560,,ShardedToInterleavedDeviceOperation,64,2732.0
505856,,ReshardDeviceOperation,32,2731.0
2637824,1,ReshardDeviceOperation,32,2728.0
657408,,ReshardDeviceOperation,32,2716.0
1036288,,ReshardDeviceOperation,32,2716.0
420864,,ReshardDeviceOperation,32,2715.0
2183168,1,ReshardDeviceOperation,32,2712.0
375808,,UntilizeWithUnpaddingDeviceOperation,1,2711.0
3092480,1,ReshardDeviceOperation,16,2708.0
2739200,1,ShardedToInterleavedDeviceOperation,64,2694.0
1943552,1,ShardedToInterleavedDeviceOperation,64,2692.0
1786880,1,BinaryNgDeviceOperation,64,2687.0
2625536,1,ShardedToInterleavedDeviceOperation,64,2678.0
1633280,,ReshardDeviceOperation,32,2676.0
1747968,1,BinaryNgDeviceOperation,64,2673.0
1642496,,ReshardDeviceOperation,32,2669.0
989184,,ReshardDeviceOperation,32,2667.0
1519616,,ReshardDeviceOperation,32,2667.0
2713600,1,ReshardDeviceOperation,32,2655.0
1140736,,ReshardDeviceOperation,32,2652.0
1955840,1,ReshardDeviceOperation,32,2652.0
3159040,1,ReshardDeviceOperation,16,2652.0
380928,,ReshardDeviceOperation,32,2646.0
1225728,,ReshardDeviceOperation,32,2646.0
455680,,ShardedToInterleavedDeviceOperation,64,2645.0
1213440,,ShardedToInterleavedDeviceOperation,64,2645.0
2436096,1,ShardedToInterleavedDeviceOperation,64,2644.0
799744,,ReshardDeviceOperation,32,2643.0
362496,,ReshardDeviceOperation,32,2638.0
430080,,ReshardDeviceOperation,32,2635.0
3054592,1,ReshardDeviceOperation,16,2632.0
1263616,,ReshardDeviceOperation,32,2622.0
733184,,ReshardDeviceOperation,32,2620.0
913408,,ReshardDeviceOperation,32,2619.0
998400,,ReshardDeviceOperation,32,2619.0
1149952,,ReshardDeviceOperation,32,2619.0
1216512,,ReshardDeviceOperation,32,2614.0
2978816,1,ReshardDeviceOperation,16,2614.0
1557504,,ReshardDeviceOperation,32,2613.0
1900544,1,ReshardDeviceOperation,48,2602.0
640000,,ReshardDeviceOperation,48,2595.0
2903040,1,ReshardDeviceOperation,28,2590.0
650240,,ShardedToInterleavedDeviceOperation,32,2589.0
1112064,,ReshardDeviceOperation,32,2588.0
2095104,1,ShardedToInterleavedDeviceOperation,64,2588.0
543744,,ReshardDeviceOperation,32,2582.0
1867776,1,ShardedToInterleavedDeviceOperation,64,2581.0
1668096,,ShardedToInterleavedDeviceOperation,64,2577.0
2511872,1,ShardedToInterleavedDeviceOperation,64,2572.0
545792,,ShardedToInterleavedDeviceOperation,32,2566.0
808960,,ReshardDeviceOperation,32,2564.0
1718272,,ReshardDeviceOperation,32,2564.0
761856,,ReshardDeviceOperation,32,2557.0
2360320,1,ShardedToInterleavedDeviceOperation,64,2556.0
1671168,,ReshardDeviceOperation,32,2550.0
583680,,ShardedToInterleavedDeviceOperation,32,2549.0
1440768,,ShardedToInterleavedDeviceOperation,64,2549.0
2587648,1,ShardedToInterleavedDeviceOperation,64,2549.0
1680384,,ReshardDeviceOperation,32,2547.0
1516544,,ShardedToInterleavedDeviceOperation,64,2542.0
837632,,ReshardDeviceOperation,32,2540.0
2701312,1,ShardedToInterleavedDeviceOperation,64,2540.0
791552,,ReshardDeviceOperation,48,2537.0
1064960,,ReshardDeviceOperation,32,2535.0
1604608,,ReshardDeviceOperation,32,2533.0
922624,,ReshardDeviceOperation,32,2531.0
801792,,ShardedToInterleavedDeviceOperation,32,2528.0
581632,,ReshardDeviceOperation,32,2526.0
771072,,ReshardDeviceOperation,32,2525.0
1074176,,ReshardDeviceOperation,32,2517.0
688128,,ShardedToInterleavedDeviceOperation,32,2516.0
695296,,ReshardDeviceOperation,32,2516.0
496640,,ReshardDeviceOperation,32,2509.0
1453056,,ReshardDeviceOperation,32,2508.0
1981440,1,ShardedToInterleavedDeviceOperation,64,2508.0
427008,,SliceDeviceOperation,64,2503.0
1327104,,ShardedToInterleavedDeviceOperation,64,2501.0
610304,,ReshardDeviceOperation,32,2500.0
884736,,ReshardDeviceOperation,32,2494.0
683008,,ShardedToInterleavedDeviceOperation,64,2493.0
839680,,ShardedToInterleavedDeviceOperation,32,2492.0
1187840,,ReshardDeviceOperation,32,2489.0
1289216,,ShardedToInterleavedDeviceOperation,64,2485.0
346112,,ShardedToInterleavedDeviceOperation,64,2484.0
297984,,BinaryNgDeviceOperation,64,2479.0
1405952,,ReshardDeviceOperation,32,2478.0
1402880,,ShardedToInterleavedDeviceOperation,64,2477.0
1024000,,ShardedToInterleavedDeviceOperation,64,2476.0
2663424,1,ShardedToInterleavedDeviceOperation,64,2476.0
2852864,1,ShardedToInterleavedDeviceOperation,60,2476.0
1265664,,ShardedToInterleavedDeviceOperation,32,2470.0
1254400,,ReshardDeviceOperation,32,2469.0
2208768,1,ShardedToInterleavedDeviceOperation,64,2468.0
619520,,ReshardDeviceOperation,32,2467.0
2923520,1,ReshardDeviceOperation,44,2465.0
1478656,,ShardedToInterleavedDeviceOperation,64,2464.0
1377280,,ReshardDeviceOperation,32,2462.0
1559552,,ShardedToInterleavedDeviceOperation,32,2462.0
534528,,ReshardDeviceOperation,32,2461.0
1370112,,ShardedToInterleavedDeviceOperation,32,2461.0
2777088,1,ShardedToInterleavedDeviceOperation,63,2460.0
458752,,ReshardDeviceOperation,32,2459.0
1976320,1,ReshardDeviceOperation,48,2459.0
1606656,,ShardedToInterleavedDeviceOperation,32,2456.0
364544,,ShardedToInterleavedDeviceOperation,32,2455.0
336896,,BinaryNgDeviceOperation,64,2454.0
848896,,ShardedToInterleavedDeviceOperation,32,2454.0
846848,,ReshardDeviceOperation,32,2453.0
1709056,,ReshardDeviceOperation,32,2452.0
2847744,1,ReshardDeviceOperation,44,2451.0
382976,,ShardedToInterleavedDeviceOperation,32,2450.0
1368064,,ReshardDeviceOperation,32,2444.0
2549760,1,ShardedToInterleavedDeviceOperation,64,2444.0
1178624,,ReshardDeviceOperation,32,2443.0
417792,,ShardedToInterleavedDeviceOperation,64,2436.0
564224,,ReshardDeviceOperation,48,2436.0
1630208,,ShardedToInterleavedDeviceOperation,64,2436.0
1705984,,ShardedToInterleavedDeviceOperation,64,2436.0
1566720,,ReshardDeviceOperation,32,2435.0
3042304,1,ShardedToInterleavedDeviceOperation,48,2434.0
602112,,ReshardDeviceOperation,48,2431.0
758784,,ShardedToInterleavedDeviceOperation,64,2428.0
1711104,,ShardedToInterleavedDeviceOperation,32,2427.0
773120,,ShardedToInterleavedDeviceOperation,32,2425.0
1170432,,ReshardDeviceOperation,48,2425.0
1796096,1,ShardedToInterleavedDeviceOperation,64,2422.0
886784,,ShardedToInterleavedDeviceOperation,32,2421.0
2928640,1,ShardedToInterleavedDeviceOperation,60,2420.0
659456,,ShardedToInterleavedDeviceOperation,32,2418.0
960512,,ReshardDeviceOperation,32,2412.0
753664,,ReshardDeviceOperation,48,2409.0
1142784,,ShardedToInterleavedDeviceOperation,32,2408.0
877568,,ShardedToInterleavedDeviceOperation,32,2405.0
1330176,,ReshardDeviceOperation,32,2404.0
2966528,1,ShardedToInterleavedDeviceOperation,48,2404.0
3118080,1,ShardedToInterleavedDeviceOperation,48,2404.0
2809856,1,ReshardDeviceOperation,47,2403.0
1595392,,ReshardDeviceOperation,32,2397.0
531456,,ShardedToInterleavedDeviceOperation,64,2396.0
1443840,,ReshardDeviceOperation,32,2395.0
2630656,1,ShardedToInterleavedDeviceOperation,32,2395.0
1844224,1,CopyDeviceOperation,64,2392.0
811008,,ShardedToInterleavedDeviceOperation,32,2391.0
1227776,,ShardedToInterleavedDeviceOperation,32,2390.0
1682432,,ShardedToInterleavedDeviceOperation,32,2389.0
569344,,ShardedToInterleavedDeviceOperation,64,2388.0
1056768,,ReshardDeviceOperation,48,2387.0
1587200,,ReshardDeviceOperation,48,2385.0
991232,,ShardedToInterleavedDeviceOperation,32,2382.0
1301504,,ReshardDeviceOperation,32,2382.0
648192,,ReshardDeviceOperation,32,2381.0
2132992,1,ShardedToInterleavedDeviceOperation,64,2380.0
3004416,1,ShardedToInterleavedDeviceOperation,48,2380.0
1738752,,ReshardDeviceOperation,48,2378.0
910336,,ShardedToInterleavedDeviceOperation,64,2377.0
2696192,1,ReshardDeviceOperation,48,2377.0
723968,,ReshardDeviceOperation,32,2375.0
607232,,ShardedToInterleavedDeviceOperation,64,2373.0
1321984,,ReshardDeviceOperation,48,2373.0
1415168,,ReshardDeviceOperation,32,2371.0
1445888,,ShardedToInterleavedDeviceOperation,32,2368.0
1180672,,ShardedToInterleavedDeviceOperation,32,2367.0
1530880,,ShardedToInterleavedDeviceOperation,32,2366.0
2100224,1,ShardedToInterleavedDeviceOperation,32,2366.0
1554432,,ShardedToInterleavedDeviceOperation,64,2364.0
1862656,1,ReshardDeviceOperation,48,2361.0
1492992,,ShardedToInterleavedDeviceOperation,32,2359.0
986112,,ShardedToInterleavedDeviceOperation,64,2357.0
572416,,ReshardDeviceOperation,32,2356.0
1644544,,ShardedToInterleavedDeviceOperation,32,2354.0
1246208,,ReshardDeviceOperation,48,2353.0
1662976,,ReshardDeviceOperation,48,2351.0
1114112,,ShardedToInterleavedDeviceOperation,32,2350.0
962560,,ShardedToInterleavedDeviceOperation,32,2349.0
1000448,,ShardedToInterleavedDeviceOperation,32,2349.0
1099776,,ShardedToInterleavedDeviceOperation,64,2349.0
493568,,ShardedToInterleavedDeviceOperation,64,2348.0
796672,,ShardedToInterleavedDeviceOperation,64,2348.0
2322432,1,ShardedToInterleavedDeviceOperation,64,2348.0
1292288,,ReshardDeviceOperation,32,2346.0
1700864,,ReshardDeviceOperation,48,2346.0
2468864,1,ReshardDeviceOperation,48,2346.0
2544640,1,ReshardDeviceOperation,48,2346.0
488448,,ReshardDeviceOperation,48,2344.0
1189888,,ShardedToInterleavedDeviceOperation,32,2344.0
2071552,1,ShardedToInterleavedDeviceOperation,32,2344.0
1018880,,ReshardDeviceOperation,48,2341.0
763904,,ShardedToInterleavedDeviceOperation,32,2339.0
2473984,1,ShardedToInterleavedDeviceOperation,64,2337.0
1417216,,ShardedToInterleavedDeviceOperation,32,2332.0
1568768,,ShardedToInterleavedDeviceOperation,32,2332.0
953344,,ShardedToInterleavedDeviceOperation,32,2331.0
1132544,,ReshardDeviceOperation,48,2331.0
1473536,,ReshardDeviceOperation,48,2331.0
735232,,ShardedToInterleavedDeviceOperation,32,2329.0
1208320,,ReshardDeviceOperation,48,2329.0
460800,,ShardedToInterleavedDeviceOperation,32,2327.0
507904,,ShardedToInterleavedDeviceOperation,32,2324.0
467968,,ReshardDeviceOperation,32,2323.0
1938432,1,ReshardDeviceOperation,48,2322.0
2279424,1,ReshardDeviceOperation,48,2321.0
924672,,ShardedToInterleavedDeviceOperation,32,2320.0
1076224,,ShardedToInterleavedDeviceOperation,32,2317.0
2057216,1,ShardedToInterleavedDeviceOperation,64,2317.0
574464,,ShardedToInterleavedDeviceOperation,32,2314.0
1067008,,ShardedToInterleavedDeviceOperation,32,2314.0
1397760,,ReshardDeviceOperation,48,2313.0
1251328,,ShardedToInterleavedDeviceOperation,64,2310.0
645120,,ShardedToInterleavedDeviceOperation,64,2309.0
867328,,ReshardDeviceOperation,48,2309.0
1364992,,ShardedToInterleavedDeviceOperation,64,2308.0
2019328,1,ShardedToInterleavedDeviceOperation,64,2308.0
2814976,1,ShardedToInterleavedDeviceOperation,63,2308.0
3155968,1,ShardedToInterleavedDeviceOperation,48,2308.0
2052096,1,ReshardDeviceOperation,48,2307.0
715776,,ReshardDeviceOperation,48,2305.0
1435648,,ReshardDeviceOperation,48,2305.0
1152000,,ShardedToInterleavedDeviceOperation,32,2304.0
697344,,ShardedToInterleavedDeviceOperation,32,2303.0
1528832,,ReshardDeviceOperation,32,2301.0
612352,,ShardedToInterleavedDeviceOperation,32,2300.0
905216,,ReshardDeviceOperation,48,2297.0
1635328,,ShardedToInterleavedDeviceOperation,32,2296.0
526336,,ReshardDeviceOperation,48,2295.0
1483776,,ShardedToInterleavedDeviceOperation,32,2295.0
2284544,1,ShardedToInterleavedDeviceOperation,64,2292.0
1038336,,ShardedToInterleavedDeviceOperation,32,2291.0
621568,,ShardedToInterleavedDeviceOperation,32,2287.0
1673216,,ShardedToInterleavedDeviceOperation,32,2286.0
872448,,ShardedToInterleavedDeviceOperation,64,2284.0
1029120,,ShardedToInterleavedDeviceOperation,32,2280.0
1455104,,ShardedToInterleavedDeviceOperation,32,2280.0
1284096,,ReshardDeviceOperation,48,2279.0
1379328,,ShardedToInterleavedDeviceOperation,32,2279.0
1303552,,ShardedToInterleavedDeviceOperation,32,2275.0
1490944,,ReshardDeviceOperation,32,2275.0
422912,,ShardedToInterleavedDeviceOperation,32,2272.0
1991680,1,InterleavedToShardedDeviceOperation,32,2267.0
3013632,1,SliceDeviceOperation,48,2266.0
2355200,1,ReshardDeviceOperation,48,2265.0
432128,,ShardedToInterleavedDeviceOperation,32,2262.0
726016,,ShardedToInterleavedDeviceOperation,32,2261.0
1175552,,ShardedToInterleavedDeviceOperation,64,2260.0
2890752,1,ShardedToInterleavedDeviceOperation,60,2260.0
450560,,ReshardDeviceOperation,48,2259.0
1332224,,ShardedToInterleavedDeviceOperation,32,2259.0
1256448,,ShardedToInterleavedDeviceOperation,32,2258.0
3112960,1,ReshardDeviceOperation,32,2258.0
1359872,,ReshardDeviceOperation,48,2257.0
578560,,SliceDeviceOperation,64,2256.0
1412096,,SliceDeviceOperation,64,2256.0
1720320,,ShardedToInterleavedDeviceOperation,32,2254.0
412672,,ReshardDeviceOperation,48,2252.0
1601536,,SliceDeviceOperation,64,2252.0
915456,,ShardedToInterleavedDeviceOperation,32,2251.0
1094656,,ReshardDeviceOperation,48,2249.0
1294336,,ShardedToInterleavedDeviceOperation,32,2243.0
843776,,SliceDeviceOperation,64,2240.0
1597440,,ShardedToInterleavedDeviceOperation,32,2240.0
3123200,1,ShardedToInterleavedDeviceOperation,16,2240.0
1625088,,ReshardDeviceOperation,48,2239.0
1104896,,ShardedToInterleavedDeviceOperation,32,2238.0
1408000,,ShardedToInterleavedDeviceOperation,32,2237.0
2251776,1,ShardedToInterleavedDeviceOperation,32,2234.0
2374656,1,ShardedToInterleavedDeviceOperation,32,2232.0
2317312,1,ReshardDeviceOperation,48,2231.0
943104,,ReshardDeviceOperation,48,2227.0
2582528,1,ReshardDeviceOperation,48,2225.0
2786304,1,SliceDeviceOperation,63,2225.0
536576,,ShardedToInterleavedDeviceOperation,32,2224.0
498688,,ShardedToInterleavedDeviceOperation,32,2215.0
2298880,1,ShardedToInterleavedDeviceOperation,32,2215.0
1521664,,ShardedToInterleavedDeviceOperation,32,2214.0
470016,,ShardedToInterleavedDeviceOperation,32,2211.0
1218560,,ShardedToInterleavedDeviceOperation,32,2210.0
1986560,1,ShardedToInterleavedDeviceOperation,32,2210.0
957440,,SliceDeviceOperation,64,2209.0
1341440,,ShardedToInterleavedDeviceOperation,32,2209.0
1882112,1,ShardedToInterleavedDeviceOperation,32,2209.0
2430976,1,ReshardDeviceOperation,48,2207.0
1592320,,ShardedToInterleavedDeviceOperation,64,2204.0
1549312,,ReshardDeviceOperation,48,2203.0
677888,,ReshardDeviceOperation,48,2200.0
2488320,1,ShardedToInterleavedDeviceOperation,32,2198.0
948224,,ShardedToInterleavedDeviceOperation,64,2196.0
2620416,1,ReshardDeviceOperation,48,2194.0
1137664,,ShardedToInterleavedDeviceOperation,64,2189.0
2516992,1,ShardedToInterleavedDeviceOperation,32,2189.0
720896,,ShardedToInterleavedDeviceOperation,64,2187.0
2127872,1,ReshardDeviceOperation,48,2178.0
2393088,1,ReshardDeviceOperation,48,2177.0
2771968,1,ReshardDeviceOperation,47,2177.0
2506752,1,ReshardDeviceOperation,48,2167.0
654336,,SliceDeviceOperation,64,2166.0
829440,,ReshardDeviceOperation,48,2162.0
919552,,SliceDeviceOperation,64,2161.0
2104320,1,SliceDeviceOperation,64,2155.0
980992,,ReshardDeviceOperation,48,2154.0
2142208,1,SliceDeviceOperation,64,2154.0
3188736,1,ReshardDeviceOperation,32,2149.0
3051520,1,SliceDeviceOperation,48,2148.0
805888,,SliceDeviceOperation,64,2147.0
2241536,1,ReshardDeviceOperation,48,2146.0
2089984,1,ReshardDeviceOperation,48,2145.0
1146880,,SliceDeviceOperation,64,2142.0
2014208,1,ReshardDeviceOperation,48,2142.0
1481728,,ReshardDeviceOperation,32,2140.0
2203648,1,ReshardDeviceOperation,48,2139.0
1033216,,SliceDeviceOperation,64,2137.0
2658304,1,ReshardDeviceOperation,48,2131.0
1260544,,SliceDeviceOperation,64,2122.0
2483200,1,SliceDeviceOperation,64,2122.0
2715648,1,ShardedToInterleavedDeviceOperation,32,2119.0
1818624,1,SliceDeviceOperation,64,2116.0
376832,,RepeatDeviceOperation,64,2114.0
1826816,1,RepeatDeviceOperation,64,2114.0
2975744,1,SliceDeviceOperation,48,2114.0
2147328,1,ShardedToInterleavedDeviceOperation,32,2113.0
2521088,1,SliceDeviceOperation,64,2112.0
1374208,,SliceDeviceOperation,64,2110.0
1298432,,SliceDeviceOperation,64,2106.0
1511424,,ReshardDeviceOperation,48,2106.0
2407424,1,SliceDeviceOperation,64,2097.0
3080192,1,ShardedToInterleavedDeviceOperation,48,2094.0
2331648,1,SliceDeviceOperation,64,2091.0
2753536,1,ShardedToInterleavedDeviceOperation,32,2090.0
2857984,1,ShardedToInterleavedDeviceOperation,28,2085.0
1184768,,SliceDeviceOperation,64,2082.0
1336320,,SliceDeviceOperation,64,2082.0
2033664,1,ShardedToInterleavedDeviceOperation,32,2081.0
1920000,1,ShardedToInterleavedDeviceOperation,32,2077.0
1843200,1,ShardedToInterleavedDeviceOperation,32,2074.0
3150848,1,ReshardDeviceOperation,32,2073.0
2734080,1,ReshardDeviceOperation,48,2072.0
2403328,1,ShardedToInterleavedDeviceOperation,32,2071.0
2223104,1,ShardedToInterleavedDeviceOperation,32,2069.0
2592768,1,ShardedToInterleavedDeviceOperation,32,2063.0
1487872,,SliceDeviceOperation,64,2060.0
3075072,1,ReshardDeviceOperation,32,2057.0
768000,,SliceDeviceOperation,64,2053.0
540672,,SliceDeviceOperation,64,2052.0
995328,,SliceDeviceOperation,64,2050.0
1125376,,ShardedToInterleavedDeviceOperation,32,2050.0
2885632,1,ReshardDeviceOperation,44,2050.0
2564096,1,ShardedToInterleavedDeviceOperation,32,2045.0
2905088,1,ShardedToInterleavedDeviceOperation,28,2045.0
2961408,1,ReshardDeviceOperation,32,2041.0
2677760,1,ShardedToInterleavedDeviceOperation,32,2040.0
464896,,SliceDeviceOperation,64,2037.0
2445312,1,SliceDeviceOperation,64,2036.0
358400,,TypecastDeviceOperation,4,2032.0
2639872,1,ShardedToInterleavedDeviceOperation,32,2032.0
361472,,TypecastDeviceOperation,4,2030.0
1563648,,SliceDeviceOperation,64,2028.0
2526208,1,ShardedToInterleavedDeviceOperation,32,2028.0
1990656,1,SliceDeviceOperation,64,2023.0
3018752,1,ShardedToInterleavedDeviceOperation,16,2023.0
1525760,,SliceDeviceOperation,64,2020.0
2824192,1,SliceDeviceOperation,60,2018.0
1542144,,ShardedToInterleavedDeviceOperation,32,2017.0
1677312,,SliceDeviceOperation,64,2016.0
2327552,1,ShardedToInterleavedDeviceOperation,32,2016.0
2365440,1,ShardedToInterleavedDeviceOperation,32,2016.0
2899968,1,SliceDeviceOperation,60,2014.0
730112,,SliceDeviceOperation,64,2011.0
2999296,1,ReshardDeviceOperation,32,2010.0
692224,,SliceDeviceOperation,64,2009.0
2634752,1,SliceDeviceOperation,64,2007.0
2165760,1,ReshardDeviceOperation,48,2006.0
1814528,1,ShardedToInterleavedDeviceOperation,32,2005.0
2109440,1,ShardedToInterleavedDeviceOperation,32,2004.0
1108992,,SliceDeviceOperation,64,2002.0
2748416,1,SliceDeviceOperation,64,1999.0
502784,,SliceDeviceOperation,64,1998.0
881664,,SliceDeviceOperation,64,1998.0
616448,,SliceDeviceOperation,64,1995.0
2862080,1,SliceDeviceOperation,60,1994.0
973824,,ShardedToInterleavedDeviceOperation,32,1993.0
1914880,1,SliceDeviceOperation,64,1985.0
2138112,1,ShardedToInterleavedDeviceOperation,32,1977.0
2062336,1,ShardedToInterleavedDeviceOperation,32,1974.0
3161088,1,ShardedToInterleavedDeviceOperation,16,1973.0
1876992,1,SliceDeviceOperation,64,1972.0
2971648,1,ShardedToInterleavedDeviceOperation,16,1972.0
1071104,,SliceDeviceOperation,64,1964.0
519168,,ShardedToInterleavedDeviceOperation,32,1961.0
708608,,ShardedToInterleavedDeviceOperation,32,1961.0
1466368,,ShardedToInterleavedDeviceOperation,32,1961.0
2937856,1,SliceDeviceOperation,60,1961.0
3089408,1,SliceDeviceOperation,48,1956.0
2217984,1,SliceDeviceOperation,64,1954.0
2180096,1,SliceDeviceOperation,64,1953.0
1952768,1,SliceDeviceOperation,64,1950.0
2668544,1,ShardedToInterleavedDeviceOperation,32,1949.0
2791424,1,ShardedToInterleavedDeviceOperation,31,1949.0
2710528,1,SliceDeviceOperation,64,1948.0
3037184,1,ReshardDeviceOperation,32,1945.0
2867200,1,ShardedToInterleavedDeviceOperation,28,1944.0
1872896,1,ShardedToInterleavedDeviceOperation,32,1942.0
1087488,,ShardedToInterleavedDeviceOperation,32,1937.0
1807360,1,UnaryDeviceOperation,64,1937.0
1639424,,SliceDeviceOperation,64,1936.0
2185216,1,ShardedToInterleavedDeviceOperation,32,1934.0
2369536,1,SliceDeviceOperation,64,1931.0
2596864,1,SliceDeviceOperation,64,1929.0
3127296,1,SliceDeviceOperation,48,1926.0
1449984,,SliceDeviceOperation,64,1924.0
368640,,SliceDeviceOperation,64,1922.0
784384,,ShardedToInterleavedDeviceOperation,32,1921.0
1314816,,ShardedToInterleavedDeviceOperation,32,1921.0
2260992,1,ShardedToInterleavedDeviceOperation,32,1921.0
2255872,1,SliceDeviceOperation,64,1920.0
2672640,1,SliceDeviceOperation,64,1915.0
670720,,ShardedToInterleavedDeviceOperation,32,1913.0
2558976,1,SliceDeviceOperation,64,1913.0
1222656,,SliceDeviceOperation,64,1911.0
2441216,1,ShardedToInterleavedDeviceOperation,32,1902.0
3047424,1,ShardedToInterleavedDeviceOperation,16,1901.0
1715200,,SliceDeviceOperation,64,1897.0
3009536,1,ShardedToInterleavedDeviceOperation,16,1896.0
2782208,1,ShardedToInterleavedDeviceOperation,31,1893.0
1995776,1,ShardedToInterleavedDeviceOperation,32,1890.0
2336768,1,ShardedToInterleavedDeviceOperation,32,1890.0
1957888,1,ShardedToInterleavedDeviceOperation,32,1889.0
2744320,1,ShardedToInterleavedDeviceOperation,32,1885.0
2554880,1,ShardedToInterleavedDeviceOperation,32,1883.0
2066432,1,SliceDeviceOperation,64,1882.0
822272,,ShardedToInterleavedDeviceOperation,32,1881.0
3132416,1,ShardedToInterleavedDeviceOperation,16,1879.0
443392,,ShardedToInterleavedDeviceOperation,32,1873.0
594944,,ShardedToInterleavedDeviceOperation,32,1872.0
632832,,ShardedToInterleavedDeviceOperation,32,1872.0
1808384,1,TypecastDeviceOperation,4,1871.0
860160,,ShardedToInterleavedDeviceOperation,32,1868.0
3219456,,UntilizeWithUnpaddingDeviceOperation,1,1864.0
2601984,1,ShardedToInterleavedDeviceOperation,32,1861.0
1811456,1,TypecastDeviceOperation,4,1860.0
557056,,ShardedToInterleavedDeviceOperation,32,1858.0
1830912,1,ReshardDeviceOperation,32,1856.0
405504,,ShardedToInterleavedDeviceOperation,32,1851.0
3196928,,UntilizeWithUnpaddingDeviceOperation,1,1851.0
2028544,1,SliceDeviceOperation,64,1848.0
2479104,1,ShardedToInterleavedDeviceOperation,32,1845.0
3085312,1,ShardedToInterleavedDeviceOperation,16,1845.0
357376,,UnaryDeviceOperation,64,1842.0
481280,,ShardedToInterleavedDeviceOperation,32,1841.0
1390592,,ShardedToInterleavedDeviceOperation,32,1841.0
3228672,,UntilizeWithUnpaddingDeviceOperation,1,1841.0
1655808,,ShardedToInterleavedDeviceOperation,32,1838.0
3204096,,UntilizeWithUnpaddingDeviceOperation,1,1832.0
2942976,1,ShardedToInterleavedDeviceOperation,25,1832.0
2213888,1,ShardedToInterleavedDeviceOperation,32,1831.0
2412544,1,ShardedToInterleavedDeviceOperation,32,1830.0
3233792,,UntilizeWithUnpaddingDeviceOperation,1,1825.0
3201024,,UntilizeWithUnpaddingDeviceOperation,1,1814.0
3210240,,UntilizeWithUnpaddingDeviceOperation,1,1814.0
1910784,1,ShardedToInterleavedDeviceOperation,32,1813.0
2176000,1,ShardedToInterleavedDeviceOperation,32,1813.0
1352704,,ShardedToInterleavedDeviceOperation,32,1812.0
1276928,,ShardedToInterleavedDeviceOperation,32,1809.0
1810432,1,UnaryDeviceOperation,64,1804.0
3226624,,UntilizeWithUnpaddingDeviceOperation,1,1803.0
3222528,,UntilizeWithUnpaddingDeviceOperation,1,1798.0
1011712,,ShardedToInterleavedDeviceOperation,32,1793.0
1239040,,ShardedToInterleavedDeviceOperation,32,1785.0
2289664,1,ShardedToInterleavedDeviceOperation,32,1783.0
1049600,,ShardedToInterleavedDeviceOperation,32,1777.0
2450432,1,ShardedToInterleavedDeviceOperation,32,1773.0
898048,,ShardedToInterleavedDeviceOperation,32,1761.0
2820096,1,ShardedToInterleavedDeviceOperation,30,1760.0
2293760,1,SliceDeviceOperation,64,1756.0
1428480,,ShardedToInterleavedDeviceOperation,32,1753.0
1617920,,ShardedToInterleavedDeviceOperation,32,1753.0
1731584,,ShardedToInterleavedDeviceOperation,32,1745.0
3203072,,UntilizeWithUnpaddingDeviceOperation,1,1741.0
1163264,,ShardedToInterleavedDeviceOperation,32,1737.0
1693696,,ShardedToInterleavedDeviceOperation,32,1737.0
935936,,ShardedToInterleavedDeviceOperation,32,1729.0
3209216,,UntilizeWithUnpaddingDeviceOperation,1,1725.0
1375232,,InterleavedToShardedDeviceOperation,32,1720.0
3207168,,UntilizeWithUnpaddingDeviceOperation,1,1718.0
3197952,,UntilizeWithUnpaddingDeviceOperation,1,1717.0
360448,,UnaryDeviceOperation,64,1715.0
1793024,1,InterleavedToShardedDeviceOperation,64,1713.0
2461696,1,ShardedToInterleavedDeviceOperation,32,1711.0
2895872,1,ShardedToInterleavedDeviceOperation,28,1709.0
2706432,1,ShardedToInterleavedDeviceOperation,32,1707.0
1201152,,ShardedToInterleavedDeviceOperation,32,1705.0
1504256,,ShardedToInterleavedDeviceOperation,32,1705.0
3216384,,UntilizeWithUnpaddingDeviceOperation,1,1703.0
3213312,,UntilizeWithUnpaddingDeviceOperation,1,1702.0
3231744,,UntilizeWithUnpaddingDeviceOperation,1,1701.0
3221504,,UntilizeWithUnpaddingDeviceOperation,1,1699.0
3202048,,UntilizeWithUnpaddingDeviceOperation,1,1698.0
3224576,,UntilizeWithUnpaddingDeviceOperation,1,1698.0
3225600,,UntilizeWithUnpaddingDeviceOperation,1,1694.0
746496,,ShardedToInterleavedDeviceOperation,32,1689.0
3212288,,UntilizeWithUnpaddingDeviceOperation,1,1689.0
3218432,,UntilizeWithUnpaddingDeviceOperation,1,1689.0
3223552,,UntilizeWithUnpaddingDeviceOperation,1,1687.0
655360,,InterleavedToShardedDeviceOperation,32,1686.0
3217408,,UntilizeWithUnpaddingDeviceOperation,1,1686.0
3232768,,UntilizeWithUnpaddingDeviceOperation,1,1686.0
1580032,,ShardedToInterleavedDeviceOperation,32,1683.0
3211264,,UntilizeWithUnpaddingDeviceOperation,1,1679.0
3170304,1,ShardedToInterleavedDeviceOperation,16,1679.0
3230720,,UntilizeWithUnpaddingDeviceOperation,1,1676.0
3200000,,UntilizeWithUnpaddingDeviceOperation,1,1675.0
3215360,,UntilizeWithUnpaddingDeviceOperation,1,1673.0
2829312,1,ShardedToInterleavedDeviceOperation,28,1671.0
3205120,,UntilizeWithUnpaddingDeviceOperation,1,1666.0
3208192,,UntilizeWithUnpaddingDeviceOperation,1,1665.0
3227648,,UntilizeWithUnpaddingDeviceOperation,1,1660.0
3229696,,UntilizeWithUnpaddingDeviceOperation,1,1660.0
2385920,1,ShardedToInterleavedDeviceOperation,32,1657.0
3214336,,UntilizeWithUnpaddingDeviceOperation,1,1655.0
2863104,1,InterleavedToShardedDeviceOperation,28,1653.0
1948672,1,ShardedToInterleavedDeviceOperation,32,1651.0
355328,,ConcatDeviceOperation,4,1649.0
2234368,1,ShardedToInterleavedDeviceOperation,32,1649.0
2689024,1,ShardedToInterleavedDeviceOperation,32,1649.0
3220480,,UntilizeWithUnpaddingDeviceOperation,1,1648.0
3206144,,UntilizeWithUnpaddingDeviceOperation,1,1644.0
503808,,InterleavedToShardedDeviceOperation,32,1641.0
3198976,,UntilizeWithUnpaddingDeviceOperation,1,1639.0
3094528,1,ShardedToInterleavedDeviceOperation,16,1638.0
2272256,1,ShardedToInterleavedDeviceOperation,32,1633.0
1640448,,InterleavedToShardedDeviceOperation,32,1627.0
2802688,1,ShardedToInterleavedDeviceOperation,31,1619.0
2980864,1,ShardedToInterleavedDeviceOperation,16,1605.0
1413120,,InterleavedToShardedDeviceOperation,32,1602.0
1800192,1,TypecastDeviceOperation,1,1599.0
1716224,,InterleavedToShardedDeviceOperation,32,1598.0
1855488,1,ShardedToInterleavedDeviceOperation,32,1598.0
882688,,InterleavedToShardedDeviceOperation,32,1587.0
1451008,,InterleavedToShardedDeviceOperation,32,1575.0
2024448,1,ShardedToInterleavedDeviceOperation,32,1575.0
2499584,1,ShardedToInterleavedDeviceOperation,32,1572.0
348160,,RepeatDeviceOperation,64,1570.0
1798144,1,RepeatDeviceOperation,64,1569.0
2916352,1,ShardedToInterleavedDeviceOperation,28,1569.0
2933760,1,ShardedToInterleavedDeviceOperation,28,1568.0
1805312,1,ConcatDeviceOperation,4,1565.0
617472,,InterleavedToShardedDeviceOperation,32,1554.0
1488896,,InterleavedToShardedDeviceOperation,32,1542.0
958464,,InterleavedToShardedDeviceOperation,32,1540.0
693248,,InterleavedToShardedDeviceOperation,32,1538.0
350208,,TypecastDeviceOperation,1,1535.0
2575360,1,ShardedToInterleavedDeviceOperation,32,1529.0
378880,,InterleavedToShardedDeviceOperation,32,1521.0
428032,,InterleavedToShardedDeviceOperation,32,1521.0
1299456,,InterleavedToShardedDeviceOperation,32,1510.0
1034240,,InterleavedToShardedDeviceOperation,32,1508.0
2537472,1,ShardedToInterleavedDeviceOperation,32,1505.0
1261568,,InterleavedToShardedDeviceOperation,32,1498.0
1110016,,InterleavedToShardedDeviceOperation,32,1496.0
769024,,InterleavedToShardedDeviceOperation,32,1494.0
3056640,1,ShardedToInterleavedDeviceOperation,16,1490.0
369664,,InterleavedToShardedDeviceOperation,32,1489.0
844800,,InterleavedToShardedDeviceOperation,32,1488.0
1788928,1,TypecastDeviceOperation,32,1484.0
338944,,TypecastDeviceOperation,32,1472.0
1602560,,InterleavedToShardedDeviceOperation,32,1466.0
1678336,,InterleavedToShardedDeviceOperation,32,1463.0
1832960,1,ShardedToInterleavedDeviceOperation,32,1463.0
1072128,,InterleavedToShardedDeviceOperation,32,1462.0
2613248,1,ShardedToInterleavedDeviceOperation,32,1459.0
1564672,,InterleavedToShardedDeviceOperation,32,1458.0
2423808,1,ShardedToInterleavedDeviceOperation,32,1458.0
731136,,InterleavedToShardedDeviceOperation,32,1457.0
541696,,InterleavedToShardedDeviceOperation,32,1452.0
2007040,1,ShardedToInterleavedDeviceOperation,32,1449.0
2348032,1,ShardedToInterleavedDeviceOperation,32,1446.0
1526784,,InterleavedToShardedDeviceOperation,32,1443.0
1147904,,InterleavedToShardedDeviceOperation,32,1434.0
465920,,InterleavedToShardedDeviceOperation,32,1433.0
1223680,,InterleavedToShardedDeviceOperation,32,1433.0
2044928,1,ShardedToInterleavedDeviceOperation,32,1433.0
920576,,InterleavedToShardedDeviceOperation,32,1432.0
2310144,1,ShardedToInterleavedDeviceOperation,32,1425.0
996352,,InterleavedToShardedDeviceOperation,32,1424.0
1828864,1,InterleavedToShardedDeviceOperation,32,1423.0
806912,,InterleavedToShardedDeviceOperation,32,1422.0
2726912,1,ShardedToInterleavedDeviceOperation,32,1417.0
2764800,1,ShardedToInterleavedDeviceOperation,32,1415.0
1337344,,InterleavedToShardedDeviceOperation,32,1409.0
579584,,InterleavedToShardedDeviceOperation,32,1403.0
2196480,1,ShardedToInterleavedDeviceOperation,32,1397.0
1185792,,InterleavedToShardedDeviceOperation,32,1389.0
3105792,1,ShardedToInterleavedDeviceOperation,16,1385.0
2954240,1,ShardedToInterleavedDeviceOperation,16,1378.0
2840576,1,ShardedToInterleavedDeviceOperation,28,1376.0
2408448,1,InterleavedToShardedDeviceOperation,32,1366.0
2878464,1,ShardedToInterleavedDeviceOperation,28,1353.0
2976768,1,InterleavedToShardedDeviceOperation,16,1349.0
2673664,1,InterleavedToShardedDeviceOperation,32,1344.0
2938880,1,InterleavedToShardedDeviceOperation,28,1332.0
2120704,1,ShardedToInterleavedDeviceOperation,32,1329.0
2597888,1,InterleavedToShardedDeviceOperation,32,1326.0
2219008,1,InterleavedToShardedDeviceOperation,32,1312.0
2825216,1,InterleavedToShardedDeviceOperation,28,1302.0
2992128,1,ShardedToInterleavedDeviceOperation,16,1297.0
2651136,1,ShardedToInterleavedDeviceOperation,32,1294.0
3143680,1,ShardedToInterleavedDeviceOperation,16,1281.0
343040,,InterleavedToShardedDeviceOperation,64,1278.0
2560000,1,InterleavedToShardedDeviceOperation,32,1277.0
3030016,1,ShardedToInterleavedDeviceOperation,16,1276.0
1915904,1,InterleavedToShardedDeviceOperation,32,1267.0
3166208,1,InterleavedToShardedDeviceOperation,16,1259.0
2067456,1,InterleavedToShardedDeviceOperation,32,1258.0
2256896,1,InterleavedToShardedDeviceOperation,32,1258.0
2635776,1,InterleavedToShardedDeviceOperation,32,1257.0
2787328,1,InterleavedToShardedDeviceOperation,31,1250.0
2158592,1,ShardedToInterleavedDeviceOperation,32,1249.0
1953792,1,InterleavedToShardedDeviceOperation,32,1246.0
1878016,1,InterleavedToShardedDeviceOperation,32,1245.0
2900992,1,InterleavedToShardedDeviceOperation,28,1241.0
2446336,1,InterleavedToShardedDeviceOperation,32,1236.0
2370560,1,InterleavedToShardedDeviceOperation,32,1235.0
3128320,1,InterleavedToShardedDeviceOperation,16,1234.0
2711552,1,InterleavedToShardedDeviceOperation,32,1231.0
1969152,1,ShardedToInterleavedDeviceOperation,32,1230.0
1931264,1,ShardedToInterleavedDeviceOperation,32,1217.0
1893376,1,ShardedToInterleavedDeviceOperation,32,1215.0
2181120,1,InterleavedToShardedDeviceOperation,32,1205.0
2105344,1,InterleavedToShardedDeviceOperation,32,1202.0
2029568,1,InterleavedToShardedDeviceOperation,32,1199.0
2749440,1,InterleavedToShardedDeviceOperation,32,1198.0
2332672,1,InterleavedToShardedDeviceOperation,32,1197.0
2294784,1,InterleavedToShardedDeviceOperation,32,1190.0
2143232,1,InterleavedToShardedDeviceOperation,32,1181.0
2484224,1,InterleavedToShardedDeviceOperation,32,1172.0
2082816,1,ShardedToInterleavedDeviceOperation,32,1170.0
1819648,1,InterleavedToShardedDeviceOperation,32,1167.0
3090432,1,InterleavedToShardedDeviceOperation,16,1158.0
2522112,1,InterleavedToShardedDeviceOperation,32,1135.0
3067904,1,ShardedToInterleavedDeviceOperation,16,1102.0
3181568,1,ShardedToInterleavedDeviceOperation,16,1096.0
3052544,1,InterleavedToShardedDeviceOperation,16,1055.0
3014656,1,InterleavedToShardedDeviceOperation,16,1037.0
332800,,ShardedToInterleavedDeviceOperation,1,927.0
301056,,ShardedToInterleavedDeviceOperation,1,911.0
308224,,ShardedToInterleavedDeviceOperation,1,911.0
318464,,ShardedToInterleavedDeviceOperation,1,911.0
1787904,1,ShardedToInterleavedDeviceOperation,1,911.0
340992,,CopyDeviceOperation,1,889.0
1790976,1,CopyDeviceOperation,1,888.0
299008,,ShardedToInterleavedDeviceOperation,1,859.0
1781760,1,ShardedToInterleavedDeviceOperation,1,847.0
1775616,1,ShardedToInterleavedDeviceOperation,1,846.0
359424,,InterleavedToShardedDeviceOperation,4,841.0
1784832,1,ShardedToInterleavedDeviceOperation,1,841.0
1763328,1,ShardedToInterleavedDeviceOperation,1,832.0
1769472,1,ShardedToInterleavedDeviceOperation,1,827.0
312320,,ShardedToInterleavedDeviceOperation,1,814.0
1772544,1,ShardedToInterleavedDeviceOperation,1,805.0
1766400,1,ShardedToInterleavedDeviceOperation,1,795.0
1778688,1,ShardedToInterleavedDeviceOperation,1,791.0
303104,,ShardedToInterleavedDeviceOperation,1,778.0
1779712,1,ShardedToInterleavedDeviceOperation,1,752.0
325632,,ShardedToInterleavedDeviceOperation,1,751.0
1760256,1,ShardedToInterleavedDeviceOperation,1,750.0
1773568,1,ShardedToInterleavedDeviceOperation,1,749.0
1750016,1,ShardedToInterleavedDeviceOperation,1,747.0
309248,,ShardedToInterleavedDeviceOperation,1,746.0
313344,,ShardedToInterleavedDeviceOperation,1,746.0
317440,,ShardedToInterleavedDeviceOperation,1,746.0
326656,,ShardedToInterleavedDeviceOperation,1,746.0
329728,,ShardedToInterleavedDeviceOperation,1,746.0
1755136,1,ShardedToInterleavedDeviceOperation,1,746.0
1759232,1,ShardedToInterleavedDeviceOperation,1,746.0
1776640,1,ShardedToInterleavedDeviceOperation,1,746.0
305152,,ShardedToInterleavedDeviceOperation,1,745.0
321536,,ShardedToInterleavedDeviceOperation,1,745.0
323584,,ShardedToInterleavedDeviceOperation,1,745.0
337920,,ShardedToInterleavedDeviceOperation,1,745.0
1748992,1,ShardedToInterleavedDeviceOperation,1,745.0
1764352,1,ShardedToInterleavedDeviceOperation,1,745.0
1765376,1,ShardedToInterleavedDeviceOperation,1,745.0
304128,,ShardedToInterleavedDeviceOperation,1,744.0
1757184,1,ShardedToInterleavedDeviceOperation,1,744.0
1761280,1,ShardedToInterleavedDeviceOperation,1,744.0
1783808,1,ShardedToInterleavedDeviceOperation,1,744.0
1770496,1,ShardedToInterleavedDeviceOperation,1,743.0
1777664,1,ShardedToInterleavedDeviceOperation,1,743.0
302080,,ShardedToInterleavedDeviceOperation,1,742.0
310272,,ShardedToInterleavedDeviceOperation,1,742.0
1753088,1,ShardedToInterleavedDeviceOperation,1,742.0
1754112,1,ShardedToInterleavedDeviceOperation,1,742.0
1768448,1,ShardedToInterleavedDeviceOperation,1,742.0
1771520,1,ShardedToInterleavedDeviceOperation,1,742.0
1806336,1,InterleavedToShardedDeviceOperation,4,742.0
1751040,1,ShardedToInterleavedDeviceOperation,1,739.0
1780736,1,ShardedToInterleavedDeviceOperation,1,739.0
307200,,ShardedToInterleavedDeviceOperation,1,736.0
314368,,ShardedToInterleavedDeviceOperation,1,736.0
333824,,ShardedToInterleavedDeviceOperation,1,736.0
306176,,ShardedToInterleavedDeviceOperation,1,735.0
311296,,ShardedToInterleavedDeviceOperation,1,735.0
315392,,ShardedToInterleavedDeviceOperation,1,735.0
319488,,ShardedToInterleavedDeviceOperation,1,735.0
322560,,ShardedToInterleavedDeviceOperation,1,735.0
334848,,ShardedToInterleavedDeviceOperation,1,735.0
1756160,1,ShardedToInterleavedDeviceOperation,1,735.0
300032,,ShardedToInterleavedDeviceOperation,1,734.0
316416,,ShardedToInterleavedDeviceOperation,1,734.0
320512,,ShardedToInterleavedDeviceOperation,1,734.0
324608,,ShardedToInterleavedDeviceOperation,1,734.0
328704,,ShardedToInterleavedDeviceOperation,1,734.0
330752,,ShardedToInterleavedDeviceOperation,1,734.0
331776,,ShardedToInterleavedDeviceOperation,1,734.0
1752064,1,ShardedToInterleavedDeviceOperation,1,734.0
1758208,1,ShardedToInterleavedDeviceOperation,1,734.0
1762304,1,ShardedToInterleavedDeviceOperation,1,734.0
1767424,1,ShardedToInterleavedDeviceOperation,1,734.0
1774592,1,ShardedToInterleavedDeviceOperation,1,734.0
1782784,1,ShardedToInterleavedDeviceOperation,1,734.0
327680,,ShardedToInterleavedDeviceOperation,1,723.0
353280,,ShardedToInterleavedDeviceOperation,2,709.0
356352,,InterleavedToShardedDeviceOperation,4,695.0
1809408,1,InterleavedToShardedDeviceOperation,4,694.0
354304,,ShardedToInterleavedDeviceOperation,2,687.0
2046976,1,BinaryNgDeviceOperation,64,638.0
2774016,1,BinaryNgDeviceOperation,63,631.0
2501632,1,BinaryNgDeviceOperation,64,629.0
1933312,1,BinaryNgDeviceOperation,64,626.0
2312192,1,BinaryNgDeviceOperation,64,625.0
2387968,1,BinaryNgDeviceOperation,64,623.0
2539520,1,BinaryNgDeviceOperation,64,622.0
2615296,1,BinaryNgDeviceOperation,64,622.0
1895424,1,BinaryNgDeviceOperation,64,620.0
2811904,1,BinaryNgDeviceOperation,63,620.0
3183616,1,BinaryNgDeviceOperation,48,620.0
2425856,1,BinaryNgDeviceOperation,64,618.0
2653184,1,BinaryNgDeviceOperation,64,618.0
2728960,1,BinaryNgDeviceOperation,64,618.0
3115008,1,BinaryNgDeviceOperation,48,618.0
2236416,1,BinaryNgDeviceOperation,64,617.0
2842624,1,BinaryNgDeviceOperation,60,617.0
2122752,1,BinaryNgDeviceOperation,64,616.0
2243584,1,BinaryNgDeviceOperation,64,616.0
2274304,1,BinaryNgDeviceOperation,64,616.0
2691072,1,BinaryNgDeviceOperation,64,616.0
2009088,1,BinaryNgDeviceOperation,64,614.0
2804736,1,BinaryNgDeviceOperation,63,614.0
2350080,1,BinaryNgDeviceOperation,64,611.0
2849792,1,BinaryNgDeviceOperation,60,611.0
2198528,1,BinaryNgDeviceOperation,64,610.0
2470912,1,BinaryNgDeviceOperation,64,609.0
2129920,1,BinaryNgDeviceOperation,64,608.0
2160640,1,BinaryNgDeviceOperation,64,608.0
2584576,1,BinaryNgDeviceOperation,64,608.0
2994176,1,BinaryNgDeviceOperation,48,608.0
1971200,1,BinaryNgDeviceOperation,64,607.0
2463744,1,BinaryNgDeviceOperation,64,607.0
2577408,1,BinaryNgDeviceOperation,64,607.0
1864704,1,BinaryNgDeviceOperation,64,606.0
2205696,1,BinaryNgDeviceOperation,64,606.0
3069952,1,BinaryNgDeviceOperation,48,606.0
2880512,1,BinaryNgDeviceOperation,60,605.0
1940480,1,BinaryNgDeviceOperation,64,604.0
1978368,1,BinaryNgDeviceOperation,64,604.0
2281472,1,BinaryNgDeviceOperation,64,604.0
2357248,1,BinaryNgDeviceOperation,64,604.0
2660352,1,BinaryNgDeviceOperation,64,604.0
2887680,1,BinaryNgDeviceOperation,60,604.0
2918400,1,BinaryNgDeviceOperation,60,604.0
2698240,1,BinaryNgDeviceOperation,64,603.0
3001344,1,BinaryNgDeviceOperation,48,603.0
3190784,1,BinaryNgDeviceOperation,48,603.0
2016256,1,BinaryNgDeviceOperation,64,602.0
2319360,1,BinaryNgDeviceOperation,64,602.0
2433024,1,BinaryNgDeviceOperation,64,602.0
2622464,1,BinaryNgDeviceOperation,64,602.0
3032064,1,BinaryNgDeviceOperation,48,602.0
3145728,1,BinaryNgDeviceOperation,48,602.0
1902592,1,BinaryNgDeviceOperation,64,601.0
2054144,1,BinaryNgDeviceOperation,64,601.0
2167808,1,BinaryNgDeviceOperation,64,601.0
2395136,1,BinaryNgDeviceOperation,64,601.0
2766848,1,BinaryNgDeviceOperation,64,601.0
2508800,1,BinaryNgDeviceOperation,64,600.0
2546688,1,BinaryNgDeviceOperation,64,600.0
2736128,1,BinaryNgDeviceOperation,64,600.0
2956288,1,BinaryNgDeviceOperation,48,600.0
3039232,1,BinaryNgDeviceOperation,48,600.0
2092032,1,BinaryNgDeviceOperation,64,599.0
2925568,1,BinaryNgDeviceOperation,60,599.0
2084864,1,BinaryNgDeviceOperation,64,597.0
3107840,1,BinaryNgDeviceOperation,48,597.0
3077120,1,BinaryNgDeviceOperation,48,596.0
2963456,1,BinaryNgDeviceOperation,48,594.0
373760,,ShardedToInterleavedDeviceOperation,4,591.0
803840,,ShardedToInterleavedDeviceOperation,4,591.0
813056,,ShardedToInterleavedDeviceOperation,4,591.0
916480,,ShardedToInterleavedDeviceOperation,4,591.0
917504,,ShardedToInterleavedDeviceOperation,4,591.0
1068032,,ShardedToInterleavedDeviceOperation,4,591.0
1078272,,ShardedToInterleavedDeviceOperation,4,591.0
1105920,,ShardedToInterleavedDeviceOperation,4,591.0
1343488,,ShardedToInterleavedDeviceOperation,4,591.0
1637376,,ShardedToInterleavedDeviceOperation,4,591.0
1803264,1,ShardedToInterleavedDeviceOperation,2,591.0
1144832,,ShardedToInterleavedDeviceOperation,4,589.0
993280,,ShardedToInterleavedDeviceOperation,4,588.0
1030144,,ShardedToInterleavedDeviceOperation,4,588.0
1334272,,ShardedToInterleavedDeviceOperation,4,588.0
3152896,1,BinaryNgDeviceOperation,48,588.0
1181696,,ShardedToInterleavedDeviceOperation,4,587.0
1804288,1,ShardedToInterleavedDeviceOperation,2,587.0
365568,,ShardedToInterleavedDeviceOperation,4,583.0
472064,,ShardedToInterleavedDeviceOperation,4,583.0
547840,,ShardedToInterleavedDeviceOperation,4,583.0
585728,,ShardedToInterleavedDeviceOperation,4,583.0
699392,,ShardedToInterleavedDeviceOperation,4,583.0
765952,,ShardedToInterleavedDeviceOperation,4,583.0
841728,,ShardedToInterleavedDeviceOperation,4,583.0
878592,,ShardedToInterleavedDeviceOperation,4,583.0
888832,,ShardedToInterleavedDeviceOperation,4,583.0
1040384,,ShardedToInterleavedDeviceOperation,4,583.0
1116160,,ShardedToInterleavedDeviceOperation,4,583.0
1153024,,ShardedToInterleavedDeviceOperation,4,583.0
1190912,,ShardedToInterleavedDeviceOperation,4,583.0
1219584,,ShardedToInterleavedDeviceOperation,4,583.0
1229824,,ShardedToInterleavedDeviceOperation,4,583.0
1257472,,ShardedToInterleavedDeviceOperation,4,583.0
1267712,,ShardedToInterleavedDeviceOperation,4,583.0
1409024,,ShardedToInterleavedDeviceOperation,4,583.0
1494016,,ShardedToInterleavedDeviceOperation,4,583.0
1532928,,ShardedToInterleavedDeviceOperation,4,583.0
622592,,ShardedToInterleavedDeviceOperation,4,582.0
1220608,,ShardedToInterleavedDeviceOperation,4,581.0
1570816,,ShardedToInterleavedDeviceOperation,4,581.0
849920,,ShardedToInterleavedDeviceOperation,4,580.0
1447936,,ShardedToInterleavedDeviceOperation,4,580.0
1675264,,ShardedToInterleavedDeviceOperation,4,580.0
1722368,,ShardedToInterleavedDeviceOperation,4,580.0
652288,,ShardedToInterleavedDeviceOperation,4,576.0
1002496,,ShardedToInterleavedDeviceOperation,4,576.0
1143808,,ShardedToInterleavedDeviceOperation,4,576.0
385024,,ShardedToInterleavedDeviceOperation,4,575.0
537600,,ShardedToInterleavedDeviceOperation,4,575.0
613376,,ShardedToInterleavedDeviceOperation,4,575.0
698368,,ShardedToInterleavedDeviceOperation,4,575.0
812032,,ShardedToInterleavedDeviceOperation,4,575.0
964608,,ShardedToInterleavedDeviceOperation,4,575.0
1295360,,ShardedToInterleavedDeviceOperation,4,575.0
1381376,,ShardedToInterleavedDeviceOperation,4,575.0
1456128,,ShardedToInterleavedDeviceOperation,4,575.0
1561600,,ShardedToInterleavedDeviceOperation,4,575.0
508928,,ShardedToInterleavedDeviceOperation,4,574.0
661504,,ShardedToInterleavedDeviceOperation,4,574.0
1077248,,ShardedToInterleavedDeviceOperation,4,574.0
1115136,,ShardedToInterleavedDeviceOperation,4,574.0
764928,,ShardedToInterleavedDeviceOperation,4,573.0
1372160,,ShardedToInterleavedDeviceOperation,4,573.0
1380352,,ShardedToInterleavedDeviceOperation,4,573.0
1646592,,ShardedToInterleavedDeviceOperation,4,573.0
500736,,ShardedToInterleavedDeviceOperation,4,572.0
660480,,ShardedToInterleavedDeviceOperation,4,572.0
1342464,,ShardedToInterleavedDeviceOperation,4,572.0
1419264,,ShardedToInterleavedDeviceOperation,4,572.0
1636352,,ShardedToInterleavedDeviceOperation,4,572.0
1713152,,ShardedToInterleavedDeviceOperation,4,572.0
384000,,ShardedToInterleavedDeviceOperation,4,571.0
366592,,ShardedToInterleavedDeviceOperation,4,569.0
1069056,,ShardedToInterleavedDeviceOperation,4,569.0
1182720,,ShardedToInterleavedDeviceOperation,4,569.0
576512,,ShardedToInterleavedDeviceOperation,4,568.0
651264,,ShardedToInterleavedDeviceOperation,4,567.0
963584,,ShardedToInterleavedDeviceOperation,4,567.0
992256,,ShardedToInterleavedDeviceOperation,4,567.0
1154048,,ShardedToInterleavedDeviceOperation,4,567.0
1266688,,ShardedToInterleavedDeviceOperation,4,567.0
1446912,,ShardedToInterleavedDeviceOperation,4,567.0
471040,,ShardedToInterleavedDeviceOperation,4,566.0
1598464,,ShardedToInterleavedDeviceOperation,4,566.0
1674240,,ShardedToInterleavedDeviceOperation,4,566.0
1031168,,ShardedToInterleavedDeviceOperation,4,564.0
1106944,,ShardedToInterleavedDeviceOperation,4,564.0
1191936,,ShardedToInterleavedDeviceOperation,4,564.0
1495040,,ShardedToInterleavedDeviceOperation,4,564.0
1410048,,ShardedToInterleavedDeviceOperation,4,560.0
737280,,ShardedToInterleavedDeviceOperation,4,559.0
1001472,,ShardedToInterleavedDeviceOperation,4,559.0
1371136,,ShardedToInterleavedDeviceOperation,4,559.0
1418240,,ShardedToInterleavedDeviceOperation,4,559.0
1608704,,ShardedToInterleavedDeviceOperation,4,559.0
955392,,ShardedToInterleavedDeviceOperation,4,557.0
1485824,,ShardedToInterleavedDeviceOperation,4,557.0
424960,,ShardedToInterleavedDeviceOperation,4,556.0
433152,,ShardedToInterleavedDeviceOperation,4,556.0
575488,,ShardedToInterleavedDeviceOperation,4,556.0
850944,,ShardedToInterleavedDeviceOperation,4,556.0
1304576,,ShardedToInterleavedDeviceOperation,4,556.0
499712,,ShardedToInterleavedDeviceOperation,4,551.0
584704,,ShardedToInterleavedDeviceOperation,4,551.0
689152,,ShardedToInterleavedDeviceOperation,4,551.0
774144,,ShardedToInterleavedDeviceOperation,4,551.0
887808,,ShardedToInterleavedDeviceOperation,4,551.0
954368,,ShardedToInterleavedDeviceOperation,4,551.0
1228800,,ShardedToInterleavedDeviceOperation,4,551.0
1522688,,ShardedToInterleavedDeviceOperation,4,551.0
1721344,,ShardedToInterleavedDeviceOperation,4,551.0
423936,,ShardedToInterleavedDeviceOperation,4,549.0
1873920,1,ShardedToInterleavedDeviceOperation,4,549.0
1922048,1,ShardedToInterleavedDeviceOperation,4,547.0
538624,,ShardedToInterleavedDeviceOperation,4,545.0
614400,,ShardedToInterleavedDeviceOperation,4,545.0
2519040,1,ShardedToInterleavedDeviceOperation,4,544.0
2604032,1,ShardedToInterleavedDeviceOperation,4,544.0
728064,,ShardedToInterleavedDeviceOperation,4,543.0
736256,,ShardedToInterleavedDeviceOperation,4,543.0
926720,,ShardedToInterleavedDeviceOperation,4,543.0
1523712,,ShardedToInterleavedDeviceOperation,4,543.0
1684480,,ShardedToInterleavedDeviceOperation,4,543.0
462848,,ShardedToInterleavedDeviceOperation,4,541.0
461824,,ShardedToInterleavedDeviceOperation,4,540.0
623616,,ShardedToInterleavedDeviceOperation,4,540.0
727040,,ShardedToInterleavedDeviceOperation,4,540.0
1296384,,ShardedToInterleavedDeviceOperation,4,540.0
1484800,,ShardedToInterleavedDeviceOperation,4,540.0
1560576,,ShardedToInterleavedDeviceOperation,4,540.0
2594816,1,ShardedToInterleavedDeviceOperation,4,540.0
2784256,1,ShardedToInterleavedDeviceOperation,3,540.0
1874944,1,ShardedToInterleavedDeviceOperation,4,538.0
840704,,ShardedToInterleavedDeviceOperation,4,537.0
1599488,,ShardedToInterleavedDeviceOperation,4,537.0
2026496,1,ShardedToInterleavedDeviceOperation,4,537.0
434176,,ShardedToInterleavedDeviceOperation,4,536.0
509952,,ShardedToInterleavedDeviceOperation,4,536.0
879616,,ShardedToInterleavedDeviceOperation,4,536.0
1258496,,ShardedToInterleavedDeviceOperation,4,536.0
1333248,,ShardedToInterleavedDeviceOperation,4,536.0
1569792,,ShardedToInterleavedDeviceOperation,4,536.0
1607680,,ShardedToInterleavedDeviceOperation,4,536.0
2035712,1,ShardedToInterleavedDeviceOperation,4,536.0
2178048,1,ShardedToInterleavedDeviceOperation,4,536.0
2187264,1,ShardedToInterleavedDeviceOperation,4,536.0
2451456,1,ShardedToInterleavedDeviceOperation,4,536.0
2452480,1,ShardedToInterleavedDeviceOperation,4,536.0
2566144,1,ShardedToInterleavedDeviceOperation,4,536.0
2593792,1,ShardedToInterleavedDeviceOperation,4,536.0
2632704,1,ShardedToInterleavedDeviceOperation,4,536.0
2746368,1,ShardedToInterleavedDeviceOperation,4,536.0
2337792,1,ShardedToInterleavedDeviceOperation,4,535.0
2443264,1,ShardedToInterleavedDeviceOperation,4,535.0
1039360,,ShardedToInterleavedDeviceOperation,4,534.0
775168,,ShardedToInterleavedDeviceOperation,4,533.0
2252800,1,ShardedToInterleavedDeviceOperation,4,533.0
2253824,1,ShardedToInterleavedDeviceOperation,4,533.0
2442240,1,ShardedToInterleavedDeviceOperation,4,533.0
2603008,1,ShardedToInterleavedDeviceOperation,4,533.0
2708480,1,ShardedToInterleavedDeviceOperation,4,533.0
690176,,ShardedToInterleavedDeviceOperation,4,532.0
802816,,ShardedToInterleavedDeviceOperation,4,532.0
1712128,,ShardedToInterleavedDeviceOperation,4,532.0
1835008,1,ShardedToInterleavedDeviceOperation,4,532.0
1884160,1,ShardedToInterleavedDeviceOperation,4,532.0
2490368,1,ShardedToInterleavedDeviceOperation,4,532.0
2556928,1,ShardedToInterleavedDeviceOperation,4,532.0
2670592,1,ShardedToInterleavedDeviceOperation,4,532.0
2679808,1,ShardedToInterleavedDeviceOperation,4,532.0
925696,,ShardedToInterleavedDeviceOperation,4,531.0
1911808,1,ShardedToInterleavedDeviceOperation,4,531.0
1996800,1,ShardedToInterleavedDeviceOperation,4,531.0
2072576,1,ShardedToInterleavedDeviceOperation,4,531.0
2073600,1,ShardedToInterleavedDeviceOperation,4,531.0
2177024,1,ShardedToInterleavedDeviceOperation,4,531.0
2215936,1,ShardedToInterleavedDeviceOperation,4,531.0
2328576,1,ShardedToInterleavedDeviceOperation,4,531.0
2329600,1,ShardedToInterleavedDeviceOperation,4,531.0
2518016,1,ShardedToInterleavedDeviceOperation,4,531.0
2528256,1,ShardedToInterleavedDeviceOperation,4,531.0
2555904,1,ShardedToInterleavedDeviceOperation,4,531.0
2631680,1,ShardedToInterleavedDeviceOperation,4,531.0
2640896,1,ShardedToInterleavedDeviceOperation,4,531.0
2641920,1,ShardedToInterleavedDeviceOperation,4,531.0
2678784,1,ShardedToInterleavedDeviceOperation,4,531.0
2707456,1,ShardedToInterleavedDeviceOperation,4,531.0
2717696,1,ShardedToInterleavedDeviceOperation,4,531.0
2821120,1,ShardedToInterleavedDeviceOperation,2,531.0
1988608,1,ShardedToInterleavedDeviceOperation,4,530.0
2299904,1,ShardedToInterleavedDeviceOperation,4,530.0
1457152,,ShardedToInterleavedDeviceOperation,4,529.0
2064384,1,ShardedToInterleavedDeviceOperation,4,529.0
1823744,1,ShardedToInterleavedDeviceOperation,4,528.0
1997824,1,ShardedToInterleavedDeviceOperation,4,528.0
2102272,1,ShardedToInterleavedDeviceOperation,4,528.0
2149376,1,ShardedToInterleavedDeviceOperation,4,528.0
546816,,ShardedToInterleavedDeviceOperation,4,527.0
1305600,,ShardedToInterleavedDeviceOperation,4,527.0
1531904,,ShardedToInterleavedDeviceOperation,4,527.0
1645568,,ShardedToInterleavedDeviceOperation,4,527.0
1815552,1,ShardedToInterleavedDeviceOperation,4,527.0
1816576,1,ShardedToInterleavedDeviceOperation,4,527.0
1912832,1,ShardedToInterleavedDeviceOperation,4,527.0
1921024,1,ShardedToInterleavedDeviceOperation,4,527.0
1949696,1,ShardedToInterleavedDeviceOperation,4,527.0
1950720,1,ShardedToInterleavedDeviceOperation,4,527.0
1958912,1,ShardedToInterleavedDeviceOperation,4,527.0
1959936,1,ShardedToInterleavedDeviceOperation,4,527.0
1987584,1,ShardedToInterleavedDeviceOperation,4,527.0
2025472,1,ShardedToInterleavedDeviceOperation,4,527.0
2034688,1,ShardedToInterleavedDeviceOperation,4,527.0
2063360,1,ShardedToInterleavedDeviceOperation,4,527.0
2101248,1,ShardedToInterleavedDeviceOperation,4,527.0
2110464,1,ShardedToInterleavedDeviceOperation,4,527.0
2111488,1,ShardedToInterleavedDeviceOperation,4,527.0
2139136,1,ShardedToInterleavedDeviceOperation,4,527.0
2140160,1,ShardedToInterleavedDeviceOperation,4,527.0
2148352,1,ShardedToInterleavedDeviceOperation,4,527.0
2186240,1,ShardedToInterleavedDeviceOperation,4,527.0
2214912,1,ShardedToInterleavedDeviceOperation,4,527.0
2224128,1,ShardedToInterleavedDeviceOperation,4,527.0
2225152,1,ShardedToInterleavedDeviceOperation,4,527.0
2263040,1,ShardedToInterleavedDeviceOperation,4,527.0
2290688,1,ShardedToInterleavedDeviceOperation,4,527.0
2300928,1,ShardedToInterleavedDeviceOperation,4,527.0
2338816,1,ShardedToInterleavedDeviceOperation,4,527.0
2366464,1,ShardedToInterleavedDeviceOperation,4,527.0
2367488,1,ShardedToInterleavedDeviceOperation,4,527.0
2375680,1,ShardedToInterleavedDeviceOperation,4,527.0
2376704,1,ShardedToInterleavedDeviceOperation,4,527.0
2404352,1,ShardedToInterleavedDeviceOperation,4,527.0
2413568,1,ShardedToInterleavedDeviceOperation,4,527.0
2414592,1,ShardedToInterleavedDeviceOperation,4,527.0
2480128,1,ShardedToInterleavedDeviceOperation,4,527.0
2481152,1,ShardedToInterleavedDeviceOperation,4,527.0
2489344,1,ShardedToInterleavedDeviceOperation,4,527.0
2527232,1,ShardedToInterleavedDeviceOperation,4,527.0
2565120,1,ShardedToInterleavedDeviceOperation,4,527.0
2669568,1,ShardedToInterleavedDeviceOperation,4,527.0
2716672,1,ShardedToInterleavedDeviceOperation,4,527.0
2745344,1,ShardedToInterleavedDeviceOperation,4,527.0
2754560,1,ShardedToInterleavedDeviceOperation,4,527.0
2755584,1,ShardedToInterleavedDeviceOperation,4,527.0
2783232,1,ShardedToInterleavedDeviceOperation,3,527.0
2792448,1,ShardedToInterleavedDeviceOperation,3,527.0
1203200,,BinaryNgDeviceOperation,64,526.0
1833984,1,ShardedToInterleavedDeviceOperation,4,526.0
1883136,1,ShardedToInterleavedDeviceOperation,4,525.0
2291712,1,ShardedToInterleavedDeviceOperation,4,525.0
2405376,1,ShardedToInterleavedDeviceOperation,4,525.0
2793472,1,ShardedToInterleavedDeviceOperation,3,525.0
1683456,,ShardedToInterleavedDeviceOperation,4,524.0
2262016,1,ShardedToInterleavedDeviceOperation,4,524.0
1399808,,BinaryNgDeviceOperation,64,520.0
1695744,,BinaryNgDeviceOperation,64,517.0
1089536,,BinaryNgDeviceOperation,64,516.0
717824,,BinaryNgDeviceOperation,64,511.0
1589248,,BinaryNgDeviceOperation,64,511.0
1392640,,BinaryNgDeviceOperation,64,510.0
483328,,BinaryNgDeviceOperation,64,508.0
824320,,BinaryNgDeviceOperation,64,507.0
862208,,BinaryNgDeviceOperation,64,501.0
452608,,BinaryNgDeviceOperation,64,499.0
566272,,BinaryNgDeviceOperation,64,498.0
1051648,,BinaryNgDeviceOperation,64,495.0
1733632,,BinaryNgDeviceOperation,64,495.0
786432,,BinaryNgDeviceOperation,64,494.0
1013760,,BinaryNgDeviceOperation,64,494.0
1286144,,BinaryNgDeviceOperation,64,492.0
414720,,BinaryNgDeviceOperation,64,488.0
793600,,BinaryNgDeviceOperation,64,487.0
490496,,BinaryNgDeviceOperation,64,486.0
1582080,,BinaryNgDeviceOperation,64,486.0
1134592,,BinaryNgDeviceOperation,64,485.0
528384,,BinaryNgDeviceOperation,64,484.0
975872,,BinaryNgDeviceOperation,64,484.0
1278976,,BinaryNgDeviceOperation,64,484.0
445440,,BinaryNgDeviceOperation,64,483.0
937984,,BinaryNgDeviceOperation,64,483.0
1127424,,BinaryNgDeviceOperation,64,483.0
604160,,BinaryNgDeviceOperation,64,482.0
900096,,BinaryNgDeviceOperation,64,482.0
1020928,,BinaryNgDeviceOperation,64,482.0
1058816,,BinaryNgDeviceOperation,64,482.0
1316864,,BinaryNgDeviceOperation,64,482.0
1354752,,BinaryNgDeviceOperation,64,482.0
1506304,,BinaryNgDeviceOperation,64,482.0
1665024,,BinaryNgDeviceOperation,64,482.0
1241088,,BinaryNgDeviceOperation,64,481.0
1324032,,BinaryNgDeviceOperation,64,481.0
1702912,,BinaryNgDeviceOperation,64,481.0
642048,,BinaryNgDeviceOperation,64,480.0
831488,,BinaryNgDeviceOperation,64,480.0
907264,,BinaryNgDeviceOperation,64,480.0
1165312,,BinaryNgDeviceOperation,64,480.0
1210368,,BinaryNgDeviceOperation,64,480.0
1513472,,BinaryNgDeviceOperation,64,480.0
1551360,,BinaryNgDeviceOperation,64,480.0
521216,,BinaryNgDeviceOperation,64,479.0
634880,,BinaryNgDeviceOperation,64,479.0
1096704,,BinaryNgDeviceOperation,64,479.0
1475584,,BinaryNgDeviceOperation,64,479.0
1657856,,BinaryNgDeviceOperation,64,479.0
1172480,,BinaryNgDeviceOperation,64,478.0
672768,,BinaryNgDeviceOperation,64,476.0
679936,,BinaryNgDeviceOperation,64,476.0
1544192,,BinaryNgDeviceOperation,64,476.0
710656,,BinaryNgDeviceOperation,64,475.0
945152,,BinaryNgDeviceOperation,64,473.0
1437696,,BinaryNgDeviceOperation,64,472.0
596992,,BinaryNgDeviceOperation,64,471.0
748544,,BinaryNgDeviceOperation,64,471.0
755712,,BinaryNgDeviceOperation,64,470.0
1430528,,BinaryNgDeviceOperation,64,470.0
1627136,,BinaryNgDeviceOperation,64,470.0
983040,,BinaryNgDeviceOperation,64,469.0
1361920,,BinaryNgDeviceOperation,64,469.0
1619968,,BinaryNgDeviceOperation,64,469.0
559104,,BinaryNgDeviceOperation,64,468.0
869376,,BinaryNgDeviceOperation,64,468.0
1248256,,BinaryNgDeviceOperation,64,467.0
1468416,,BinaryNgDeviceOperation,64,465.0
1740800,,BinaryNgDeviceOperation,64,463.0
