op_id,replay,op_name,cores,duration_ns
1484800,,ArgMaxDeviceOperation,64,2757166.0
2739200,1,ArgMaxDeviceOperation,48,2753665.0
1481728,,MatmulDeviceOperation,64,901795.0
2736128,1,MatmulDeviceOperation,48,886310.0
1483776,,UntilizeDeviceOperation,63,133568.0
2738176,1,UntilizeDeviceOperation,47,131832.0
100352,,TilizeDeviceOperation,64,98623.0
201728,,TilizeDeviceOperation,64,98542.0
83968,,TilizeDeviceOperation,64,98481.0
124928,,TilizeDeviceOperation,64,98394.0
111616,,TilizeDeviceOperation,64,98198.0
43008,,TilizeDeviceOperation,64,98189.0
37888,,TilizeDeviceOperation,64,98022.0
198656,,TilizeDeviceOperation,64,97961.0
193536,,TilizeDeviceOperation,64,97887.0
62464,,TilizeDeviceOperation,64,97867.0
95232,,TilizeDeviceOperation,64,97861.0
46080,,TilizeDeviceOperation,64,97850.0
87040,,TilizeDeviceOperation,64,97470.0
141312,,TilizeDeviceOperation,64,97403.0
59392,,TilizeDeviceOperation,64,97388.0
136192,,TilizeDeviceOperation,64,97364.0
185344,,TilizeDeviceOperation,64,97315.0
182272,,TilizeDeviceOperation,64,97236.0
133120,,TilizeDeviceOperation,64,97081.0
168960,,TilizeDeviceOperation,64,97022.0
5120,,TilizeDeviceOperation,64,96947.0
190464,,TilizeDeviceOperation,64,96935.0
67584,,TilizeDeviceOperation,64,96906.0
206848,,TilizeDeviceOperation,64,96888.0
34816,,TilizeDeviceOperation,64,96871.0
223232,,TilizeDeviceOperation,64,96680.0
2048,,TilizeDeviceOperation,64,96675.0
54272,,TilizeDeviceOperation,64,96647.0
177152,,TilizeDeviceOperation,64,96642.0
108544,,TilizeDeviceOperation,64,96516.0
13312,,TilizeDeviceOperation,64,96489.0
226304,,TilizeDeviceOperation,64,96467.0
78848,,TilizeDeviceOperation,64,96370.0
215040,,TilizeDeviceOperation,64,96279.0
149504,,TilizeDeviceOperation,64,96150.0
92160,,TilizeDeviceOperation,64,96115.0
29696,,TilizeDeviceOperation,64,96057.0
218112,,TilizeDeviceOperation,64,96043.0
70656,,TilizeDeviceOperation,64,96024.0
119808,,TilizeDeviceOperation,64,95790.0
75776,,TilizeDeviceOperation,64,95784.0
18432,,TilizeDeviceOperation,64,95760.0
165888,,TilizeDeviceOperation,64,95759.0
21504,,TilizeDeviceOperation,64,95689.0
209920,,TilizeDeviceOperation,64,95681.0
116736,,TilizeDeviceOperation,64,95680.0
51200,,TilizeDeviceOperation,64,95628.0
152576,,TilizeDeviceOperation,64,95626.0
10240,,TilizeDeviceOperation,64,95562.0
160768,,TilizeDeviceOperation,64,95523.0
174080,,TilizeDeviceOperation,64,95413.0
157696,,TilizeDeviceOperation,64,95379.0
144384,,TilizeDeviceOperation,64,95225.0
26624,,TilizeDeviceOperation,64,95008.0
103424,,TilizeDeviceOperation,64,94995.0
128000,,TilizeDeviceOperation,64,93283.0
49152,,TilizeWithValPaddingDeviceOperation,1,88138.0
1024,,TilizeWithValPaddingDeviceOperation,1,88135.0
220160,,TilizeWithValPaddingDeviceOperation,1,88059.0
23552,,TilizeWithValPaddingDeviceOperation,1,88054.0
98304,,TilizeWithValPaddingDeviceOperation,1,88049.0
171008,,TilizeWithValPaddingDeviceOperation,1,88049.0
16384,,TilizeWithValPaddingDeviceOperation,1,88043.0
64512,,TilizeWithValPaddingDeviceOperation,1,88026.0
147456,,TilizeWithValPaddingDeviceOperation,1,88023.0
187392,,TilizeWithValPaddingDeviceOperation,1,88016.0
24576,,TilizeWithValPaddingDeviceOperation,1,88015.0
72704,,TilizeWithValPaddingDeviceOperation,1,88014.0
106496,,TilizeWithValPaddingDeviceOperation,1,88014.0
121856,,TilizeWithValPaddingDeviceOperation,1,88010.0
122880,,TilizeWithValPaddingDeviceOperation,1,88006.0
146432,,TilizeWithValPaddingDeviceOperation,1,88006.0
204800,,TilizeWithValPaddingDeviceOperation,1,88006.0
195584,,TilizeWithValPaddingDeviceOperation,1,88001.0
39936,,TilizeWithValPaddingDeviceOperation,1,87998.0
221184,,TilizeWithValPaddingDeviceOperation,1,87997.0
57344,,TilizeWithValPaddingDeviceOperation,1,87994.0
105472,,TilizeWithValPaddingDeviceOperation,1,87994.0
228352,,TilizeWithValPaddingDeviceOperation,1,87993.0
196608,,TilizeWithValPaddingDeviceOperation,1,87989.0
154624,,TilizeWithValPaddingDeviceOperation,1,87981.0
48128,,TilizeWithValPaddingDeviceOperation,1,87977.0
97280,,TilizeWithValPaddingDeviceOperation,1,87972.0
89088,,TilizeWithValPaddingDeviceOperation,1,87970.0
138240,,TilizeWithValPaddingDeviceOperation,1,87970.0
56320,,TilizeWithValPaddingDeviceOperation,1,87964.0
203776,,TilizeWithValPaddingDeviceOperation,1,87963.0
155648,,TilizeWithValPaddingDeviceOperation,1,87952.0
73728,,TilizeWithValPaddingDeviceOperation,1,87948.0
172032,,TilizeWithValPaddingDeviceOperation,1,87928.0
188416,,TilizeWithValPaddingDeviceOperation,1,87916.0
211968,,TilizeWithValPaddingDeviceOperation,1,87916.0
15360,,TilizeWithValPaddingDeviceOperation,1,87914.0
130048,,TilizeWithValPaddingDeviceOperation,1,87893.0
163840,,TilizeWithValPaddingDeviceOperation,1,87889.0
229376,,TilizeWithValPaddingDeviceOperation,1,87889.0
65536,,TilizeWithValPaddingDeviceOperation,1,87883.0
131072,,TilizeWithValPaddingDeviceOperation,1,87883.0
180224,,TilizeWithValPaddingDeviceOperation,1,87883.0
7168,,TilizeWithValPaddingDeviceOperation,1,87879.0
40960,,TilizeWithValPaddingDeviceOperation,1,87878.0
212992,,TilizeWithValPaddingDeviceOperation,1,87874.0
90112,,TilizeWithValPaddingDeviceOperation,1,87873.0
80896,,TilizeWithValPaddingDeviceOperation,1,87869.0
179200,,TilizeWithValPaddingDeviceOperation,1,87869.0
32768,,TilizeWithValPaddingDeviceOperation,1,87866.0
81920,,TilizeWithValPaddingDeviceOperation,1,87864.0
162816,,TilizeWithValPaddingDeviceOperation,1,87862.0
8192,,TilizeWithValPaddingDeviceOperation,1,87857.0
31744,,TilizeWithValPaddingDeviceOperation,1,87854.0
113664,,TilizeWithValPaddingDeviceOperation,1,87848.0
139264,,TilizeWithValPaddingDeviceOperation,1,87847.0
114688,,TilizeWithValPaddingDeviceOperation,1,87822.0
2043904,1,SdpaDecodeDeviceOperation,64,72237.0
1577984,1,SdpaDecodeDeviceOperation,64,72022.0
2379776,1,SdpaDecodeDeviceOperation,64,71777.0
137216,,TypecastDeviceOperation,64,71629.0
831488,,SdpaDecodeDeviceOperation,64,71527.0
2589696,1,SdpaDecodeDeviceOperation,60,71241.0
1624064,1,SdpaDecodeDeviceOperation,64,71205.0
1293312,,SdpaDecodeDeviceOperation,64,71048.0
1833984,1,SdpaDecodeDeviceOperation,64,70961.0
621568,,SdpaDecodeDeviceOperation,64,70927.0
1959936,1,SdpaDecodeDeviceOperation,64,70781.0
999424,,SdpaDecodeDeviceOperation,64,70754.0
2085888,1,SdpaDecodeDeviceOperation,64,70750.0
705536,,SdpaDecodeDeviceOperation,64,70742.0
1482752,,ShardedToInterleavedDeviceOperation,64,70619.0
71680,,TypecastDeviceOperation,64,70613.0
1377280,,SdpaDecodeDeviceOperation,64,70612.0
2337792,1,SdpaDecodeDeviceOperation,64,70602.0
2547712,1,SdpaDecodeDeviceOperation,63,70519.0
2127872,1,SdpaDecodeDeviceOperation,64,70508.0
957440,,SdpaDecodeDeviceOperation,64,70476.0
60416,,TypecastDeviceOperation,64,70412.0
1083392,,SdpaDecodeDeviceOperation,64,70406.0
1251328,,SdpaDecodeDeviceOperation,64,70334.0
191488,,TypecastDeviceOperation,64,70306.0
112640,,TypecastDeviceOperation,64,70304.0
747520,,SdpaDecodeDeviceOperation,64,70281.0
6144,,TypecastDeviceOperation,64,70260.0
84992,,TypecastDeviceOperation,64,70208.0
1875968,1,SdpaDecodeDeviceOperation,64,70166.0
1792000,1,SdpaDecodeDeviceOperation,64,70145.0
2673664,1,SdpaDecodeDeviceOperation,56,70048.0
125952,,TypecastDeviceOperation,64,70035.0
19456,,TypecastDeviceOperation,64,70012.0
150528,,TypecastDeviceOperation,64,69970.0
2715648,1,SdpaDecodeDeviceOperation,56,69922.0
2169856,1,SdpaDecodeDeviceOperation,64,69848.0
2295808,1,SdpaDecodeDeviceOperation,64,69837.0
1666048,1,SdpaDecodeDeviceOperation,64,69835.0
2463744,1,SdpaDecodeDeviceOperation,64,69788.0
2253824,1,SdpaDecodeDeviceOperation,64,69750.0
2211840,1,SdpaDecodeDeviceOperation,64,69743.0
1917952,1,SdpaDecodeDeviceOperation,64,69652.0
1167360,,SdpaDecodeDeviceOperation,64,69641.0
1750016,1,SdpaDecodeDeviceOperation,64,69631.0
178176,,TypecastDeviceOperation,64,69527.0
1335296,,SdpaDecodeDeviceOperation,64,69510.0
789504,,SdpaDecodeDeviceOperation,64,69508.0
129024,,TypecastDeviceOperation,64,69449.0
323584,,SdpaDecodeDeviceOperation,64,69449.0
2421760,1,SdpaDecodeDeviceOperation,64,69388.0
35840,,TypecastDeviceOperation,64,69382.0
216064,,TypecastDeviceOperation,64,69379.0
101376,,TypecastDeviceOperation,64,69378.0
47104,,TypecastDeviceOperation,64,69361.0
2631680,1,SdpaDecodeDeviceOperation,60,69339.0
202752,,TypecastDeviceOperation,64,69297.0
1461248,,SdpaDecodeDeviceOperation,64,69247.0
663552,,SdpaDecodeDeviceOperation,64,69246.0
1125376,,SdpaDecodeDeviceOperation,64,69239.0
495616,,SdpaDecodeDeviceOperation,64,69223.0
537600,,SdpaDecodeDeviceOperation,64,69205.0
873472,,SdpaDecodeDeviceOperation,64,69167.0
579584,,SdpaDecodeDeviceOperation,64,69158.0
369664,,SdpaDecodeDeviceOperation,64,69044.0
227328,,TypecastDeviceOperation,64,69005.0
2001920,1,SdpaDecodeDeviceOperation,64,69002.0
55296,,TypecastDeviceOperation,64,68975.0
44032,,TypecastDeviceOperation,64,68951.0
88064,,TypecastDeviceOperation,64,68942.0
1708032,1,SdpaDecodeDeviceOperation,64,68913.0
1209344,,SdpaDecodeDeviceOperation,64,68894.0
161792,,TypecastDeviceOperation,64,68893.0
453632,,SdpaDecodeDeviceOperation,64,68844.0
93184,,TypecastDeviceOperation,64,68820.0
1041408,,SdpaDecodeDeviceOperation,64,68769.0
411648,,SdpaDecodeDeviceOperation,64,68753.0
14336,,TypecastDeviceOperation,64,68713.0
2505728,1,SdpaDecodeDeviceOperation,64,68711.0
1419264,,SdpaDecodeDeviceOperation,64,68694.0
153600,,TypecastDeviceOperation,64,68688.0
145408,,TypecastDeviceOperation,64,68654.0
199680,,TypecastDeviceOperation,64,68491.0
134144,,TypecastDeviceOperation,64,68479.0
915456,,SdpaDecodeDeviceOperation,64,68470.0
183296,,TypecastDeviceOperation,64,68427.0
166912,,TypecastDeviceOperation,64,68392.0
30720,,TypecastDeviceOperation,64,68378.0
96256,,TypecastDeviceOperation,64,68353.0
120832,,TypecastDeviceOperation,64,68353.0
68608,,TypecastDeviceOperation,64,68297.0
109568,,TypecastDeviceOperation,64,68290.0
117760,,TypecastDeviceOperation,64,68276.0
52224,,TypecastDeviceOperation,64,68260.0
63488,,TypecastDeviceOperation,64,68245.0
104448,,TypecastDeviceOperation,64,68241.0
219136,,TypecastDeviceOperation,64,68197.0
142336,,TypecastDeviceOperation,64,68142.0
175104,,TypecastDeviceOperation,64,68141.0
38912,,TypecastDeviceOperation,64,68122.0
79872,,TypecastDeviceOperation,64,68109.0
194560,,TypecastDeviceOperation,64,68099.0
27648,,TypecastDeviceOperation,64,68087.0
22528,,TypecastDeviceOperation,64,68079.0
186368,,TypecastDeviceOperation,64,68045.0
210944,,TypecastDeviceOperation,64,67975.0
158720,,TypecastDeviceOperation,64,67939.0
3072,,TypecastDeviceOperation,64,67933.0
11264,,TypecastDeviceOperation,64,67848.0
169984,,TypecastDeviceOperation,64,67761.0
2737152,1,ShardedToInterleavedDeviceOperation,48,67697.0
76800,,TypecastDeviceOperation,64,67647.0
224256,,TypecastDeviceOperation,64,67574.0
207872,,TypecastDeviceOperation,64,67476.0
1464320,,TernaryDeviceOperation,64,27149.0
498688,,TernaryDeviceOperation,64,27077.0
1086464,,TernaryDeviceOperation,64,27068.0
624640,,TernaryDeviceOperation,64,27048.0
1422336,,TernaryDeviceOperation,64,27043.0
330752,,TernaryDeviceOperation,64,27007.0
918528,,TernaryDeviceOperation,64,26995.0
1128448,,TernaryDeviceOperation,64,26990.0
666624,,TernaryDeviceOperation,64,26984.0
1002496,,TernaryDeviceOperation,64,26981.0
1170432,,TernaryDeviceOperation,64,26973.0
1044480,,TernaryDeviceOperation,64,26964.0
708608,,TernaryDeviceOperation,64,26935.0
540672,,TernaryDeviceOperation,64,26915.0
750592,,TernaryDeviceOperation,64,26904.0
372736,,TernaryDeviceOperation,64,26890.0
960512,,TernaryDeviceOperation,64,26799.0
1254400,,TernaryDeviceOperation,64,26790.0
834560,,TernaryDeviceOperation,64,26784.0
1296384,,TernaryDeviceOperation,64,26783.0
1338368,,TernaryDeviceOperation,64,26774.0
414720,,TernaryDeviceOperation,64,26772.0
456704,,TernaryDeviceOperation,64,26741.0
582656,,TernaryDeviceOperation,64,26737.0
1212416,,TernaryDeviceOperation,64,26733.0
792576,,TernaryDeviceOperation,64,26699.0
1380352,,TernaryDeviceOperation,64,26699.0
876544,,TernaryDeviceOperation,64,26596.0
2634752,1,TernaryDeviceOperation,60,26056.0
2382848,1,TernaryDeviceOperation,64,25932.0
1837056,1,TernaryDeviceOperation,64,25908.0
2214912,1,TernaryDeviceOperation,64,25790.0
2046976,1,TernaryDeviceOperation,64,25729.0
1711104,1,TernaryDeviceOperation,64,25603.0
2466816,1,TernaryDeviceOperation,64,25581.0
2130944,1,TernaryDeviceOperation,64,25548.0
1921024,1,TernaryDeviceOperation,64,25497.0
2004992,1,TernaryDeviceOperation,64,25496.0
1795072,1,TernaryDeviceOperation,64,25457.0
2172928,1,TernaryDeviceOperation,64,25414.0
2088960,1,TernaryDeviceOperation,64,25399.0
2424832,1,TernaryDeviceOperation,64,25386.0
2298880,1,TernaryDeviceOperation,64,25374.0
2340864,1,TernaryDeviceOperation,64,25371.0
2676736,1,TernaryDeviceOperation,56,25353.0
1963008,1,TernaryDeviceOperation,64,25335.0
2256896,1,TernaryDeviceOperation,64,25305.0
2550784,1,TernaryDeviceOperation,62,25284.0
2508800,1,TernaryDeviceOperation,64,25242.0
2592768,1,TernaryDeviceOperation,60,25240.0
2718720,1,TernaryDeviceOperation,56,25147.0
1585152,1,TernaryDeviceOperation,64,25128.0
1753088,1,TernaryDeviceOperation,64,25124.0
1556480,1,TernaryDeviceOperation,64,25087.0
1669120,1,TernaryDeviceOperation,64,25087.0
1627136,1,TernaryDeviceOperation,64,25086.0
1879040,1,TernaryDeviceOperation,64,24994.0
2358272,1,MatmulDeviceOperation,64,24959.0
302080,,TernaryDeviceOperation,64,24730.0
2484224,1,MatmulDeviceOperation,64,24186.0
1850368,1,MatmulDeviceOperation,32,24036.0
2274304,1,MatmulDeviceOperation,64,23948.0
1808384,1,MatmulDeviceOperation,32,23839.0
1938432,1,MatmulDeviceOperation,64,23828.0
2568192,1,MatmulDeviceOperation,60,23745.0
1472512,,MatmulDeviceOperation,48,23732.0
1602560,1,MatmulDeviceOperation,64,23675.0
348160,,MatmulDeviceOperation,64,23629.0
851968,,MatmulDeviceOperation,64,23611.0
2232320,1,MatmulDeviceOperation,64,23611.0
1980416,1,MatmulDeviceOperation,64,23607.0
2354176,1,MatmulDeviceOperation,32,23590.0
1854464,1,MatmulDeviceOperation,64,23573.0
516096,,MatmulDeviceOperation,64,23551.0
2148352,1,MatmulDeviceOperation,64,23542.0
2190336,1,MatmulDeviceOperation,64,23526.0
2480128,1,MatmulDeviceOperation,32,23491.0
1598464,1,MatmulDeviceOperation,32,23484.0
1187840,,MatmulDeviceOperation,64,23479.0
726016,,MatmulDeviceOperation,64,23475.0
2228224,1,MatmulDeviceOperation,32,23466.0
1061888,,MatmulDeviceOperation,64,23432.0
272384,,MatmulDeviceOperation,64,23389.0
2018304,1,MatmulDeviceOperation,32,23389.0
390144,,MatmulDeviceOperation,64,23382.0
1682432,1,MatmulDeviceOperation,32,23372.0
1640448,1,MatmulDeviceOperation,32,23371.0
1439744,,MatmulDeviceOperation,64,23367.0
2064384,1,MatmulDeviceOperation,64,23365.0
768000,,MatmulDeviceOperation,64,23361.0
1766400,1,MatmulDeviceOperation,32,23358.0
684032,,MatmulDeviceOperation,64,23339.0
2522112,1,MatmulDeviceOperation,31,23328.0
2606080,1,MatmulDeviceOperation,28,23328.0
977920,,MatmulDeviceOperation,64,23326.0
1271808,,MatmulDeviceOperation,64,23305.0
2648064,1,MatmulDeviceOperation,28,23300.0
1892352,1,MatmulDeviceOperation,32,23284.0
642048,,MatmulDeviceOperation,64,23263.0
1145856,,MatmulDeviceOperation,64,23255.0
2316288,1,MatmulDeviceOperation,64,23253.0
1313792,,MatmulDeviceOperation,64,23230.0
2144256,1,MatmulDeviceOperation,32,23229.0
2265088,1,MatmulDeviceOperation,48,23229.0
1229824,,MatmulDeviceOperation,64,23158.0
2564096,1,MatmulDeviceOperation,28,23139.0
2391040,1,MatmulDeviceOperation,48,23138.0
1724416,1,MatmulDeviceOperation,32,23105.0
2106368,1,MatmulDeviceOperation,64,23097.0
2433024,1,MatmulDeviceOperation,48,23081.0
893952,,MatmulDeviceOperation,64,23064.0
2270208,1,MatmulDeviceOperation,32,23061.0
474112,,MatmulDeviceOperation,64,23045.0
1103872,,MatmulDeviceOperation,64,23045.0
1355776,,MatmulDeviceOperation,64,23027.0
2732032,1,MatmulDeviceOperation,16,22979.0
1934336,1,MatmulDeviceOperation,32,22977.0
2438144,1,MatmulDeviceOperation,32,22971.0
1430528,,MatmulDeviceOperation,48,22969.0
2396160,1,MatmulDeviceOperation,32,22963.0
1397760,,MatmulDeviceOperation,64,22951.0
716800,,MatmulDeviceOperation,48,22940.0
2312192,1,MatmulDeviceOperation,32,22909.0
1812480,1,MatmulDeviceOperation,64,22886.0
2102272,1,MatmulDeviceOperation,32,22842.0
2186240,1,MatmulDeviceOperation,32,22816.0
1019904,,MatmulDeviceOperation,64,22797.0
2694144,1,MatmulDeviceOperation,56,22797.0
935936,,MatmulDeviceOperation,64,22786.0
432128,,MatmulDeviceOperation,64,22776.0
1976320,1,MatmulDeviceOperation,32,22772.0
1178624,,MatmulDeviceOperation,48,22758.0
2652160,1,MatmulDeviceOperation,60,22722.0
809984,,MatmulDeviceOperation,64,22715.0
1346560,,MatmulDeviceOperation,48,22709.0
800768,,MatmulDeviceOperation,48,22699.0
464896,,MatmulDeviceOperation,48,22665.0
600064,,MatmulDeviceOperation,64,22662.0
558080,,MatmulDeviceOperation,64,22651.0
758784,,MatmulDeviceOperation,48,22637.0
2060288,1,MatmulDeviceOperation,32,22628.0
1225728,,MatmulDeviceOperation,32,22624.0
2442240,1,MatmulDeviceOperation,64,22612.0
1644544,1,MatmulDeviceOperation,64,22602.0
842752,,MatmulDeviceOperation,48,22600.0
2610176,1,MatmulDeviceOperation,60,22593.0
2690048,1,MatmulDeviceOperation,24,22583.0
1099776,,MatmulDeviceOperation,32,22570.0
506880,,MatmulDeviceOperation,48,22564.0
973824,,MatmulDeviceOperation,32,22533.0
1141760,,MatmulDeviceOperation,32,22521.0
386048,,MatmulDeviceOperation,32,22520.0
595968,,MatmulDeviceOperation,32,22517.0
1393664,,MatmulDeviceOperation,32,22510.0
1309696,,MatmulDeviceOperation,32,22507.0
1183744,,MatmulDeviceOperation,32,22504.0
1057792,,MatmulDeviceOperation,32,22499.0
847872,,MatmulDeviceOperation,32,22479.0
931840,,MatmulDeviceOperation,32,22477.0
2475008,1,MatmulDeviceOperation,48,22474.0
2400256,1,MatmulDeviceOperation,64,22472.0
512000,,MatmulDeviceOperation,32,22468.0
805888,,MatmulDeviceOperation,32,22464.0
1435648,,MatmulDeviceOperation,32,22462.0
1526784,1,MatmulDeviceOperation,64,22462.0
679936,,MatmulDeviceOperation,32,22457.0
1267712,,MatmulDeviceOperation,32,22451.0
1770496,1,MatmulDeviceOperation,64,22450.0
637952,,MatmulDeviceOperation,32,22448.0
763904,,MatmulDeviceOperation,32,22442.0
889856,,MatmulDeviceOperation,32,22441.0
428032,,MatmulDeviceOperation,32,22439.0
721920,,MatmulDeviceOperation,32,22436.0
553984,,MatmulDeviceOperation,32,22435.0
2013184,1,MatmulDeviceOperation,48,22418.0
2055168,1,MatmulDeviceOperation,48,22407.0
1477632,,MatmulDeviceOperation,32,22390.0
1351680,,MatmulDeviceOperation,32,22387.0
1015808,,MatmulDeviceOperation,32,22386.0
1010688,,MatmulDeviceOperation,48,22375.0
344064,,MatmulDeviceOperation,32,22373.0
1896448,1,MatmulDeviceOperation,64,22356.0
470016,,MatmulDeviceOperation,32,22328.0
1728512,1,MatmulDeviceOperation,64,22327.0
1686528,1,MatmulDeviceOperation,64,22323.0
422912,,MatmulDeviceOperation,48,22322.0
2526208,1,MatmulDeviceOperation,63,22317.0
674816,,MatmulDeviceOperation,48,22306.0
2022400,1,MatmulDeviceOperation,64,22278.0
1388544,,MatmulDeviceOperation,48,22219.0
1262592,,MatmulDeviceOperation,48,22203.0
1136640,,MatmulDeviceOperation,48,22189.0
1094656,,MatmulDeviceOperation,48,22188.0
1719296,1,MatmulDeviceOperation,48,22143.0
1220608,,MatmulDeviceOperation,48,22046.0
1887232,1,MatmulDeviceOperation,48,22013.0
338944,,MatmulDeviceOperation,48,22008.0
632832,,MatmulDeviceOperation,48,22008.0
1052672,,MatmulDeviceOperation,48,22003.0
968704,,MatmulDeviceOperation,48,21982.0
1803264,1,MatmulDeviceOperation,48,21978.0
1304576,,MatmulDeviceOperation,48,21967.0
1845248,1,MatmulDeviceOperation,48,21880.0
884736,,MatmulDeviceOperation,48,21855.0
1677312,1,MatmulDeviceOperation,48,21741.0
1761280,1,MatmulDeviceOperation,48,21741.0
380928,,MatmulDeviceOperation,48,21735.0
590848,,MatmulDeviceOperation,48,21727.0
926720,,MatmulDeviceOperation,48,21718.0
2139136,1,MatmulDeviceOperation,48,21649.0
2684928,1,MatmulDeviceOperation,40,21643.0
2349056,1,MatmulDeviceOperation,48,21640.0
548864,,MatmulDeviceOperation,48,21639.0
2097152,1,MatmulDeviceOperation,48,21601.0
2223104,1,MatmulDeviceOperation,48,21584.0
1593344,1,MatmulDeviceOperation,48,21489.0
1971200,1,MatmulDeviceOperation,48,21265.0
1929216,1,MatmulDeviceOperation,48,21184.0
2642944,1,MatmulDeviceOperation,44,21108.0
2726912,1,MatmulDeviceOperation,38,20965.0
2516992,1,MatmulDeviceOperation,47,20919.0
2558976,1,MatmulDeviceOperation,44,20906.0
1635328,1,MatmulDeviceOperation,48,20862.0
2181120,1,MatmulDeviceOperation,48,20851.0
2099200,1,MatmulDeviceOperation,48,20747.0
2600960,1,MatmulDeviceOperation,44,20744.0
2307072,1,MatmulDeviceOperation,48,20702.0
1889280,1,MatmulDeviceOperation,48,20258.0
676864,,MatmulDeviceOperation,48,20011.0
1180672,,MatmulDeviceOperation,48,19853.0
550912,,MatmulDeviceOperation,48,19816.0
508928,,MatmulDeviceOperation,48,19658.0
592896,,MatmulDeviceOperation,48,19484.0
1931264,1,MatmulDeviceOperation,48,19480.0
424960,,MatmulDeviceOperation,48,19454.0
2183168,1,MatmulDeviceOperation,48,19390.0
1306624,,MatmulDeviceOperation,48,19377.0
1474560,,MatmulDeviceOperation,48,19372.0
340992,,MatmulDeviceOperation,48,19353.0
1763328,1,MatmulDeviceOperation,48,19347.0
970752,,MatmulDeviceOperation,48,19330.0
760832,,MatmulDeviceOperation,48,19320.0
1348608,,MatmulDeviceOperation,48,19287.0
928768,,MatmulDeviceOperation,48,19225.0
2351104,1,MatmulDeviceOperation,48,19216.0
2309120,1,MatmulDeviceOperation,48,19194.0
1805312,1,MatmulDeviceOperation,48,19164.0
2686976,1,MatmulDeviceOperation,40,19155.0
1973248,1,MatmulDeviceOperation,48,19142.0
1054720,,MatmulDeviceOperation,48,19121.0
1432576,,MatmulDeviceOperation,48,19114.0
1138688,,MatmulDeviceOperation,48,19080.0
1679360,1,MatmulDeviceOperation,48,19068.0
1222656,,MatmulDeviceOperation,48,19060.0
1390592,,MatmulDeviceOperation,48,19045.0
2603008,1,MatmulDeviceOperation,44,19012.0
1847296,1,MatmulDeviceOperation,48,18987.0
886784,,MatmulDeviceOperation,48,18959.0
2644992,1,MatmulDeviceOperation,44,18958.0
2519040,1,MatmulDeviceOperation,47,18948.0
2435072,1,MatmulDeviceOperation,48,18915.0
2477056,1,MatmulDeviceOperation,48,18854.0
2141184,1,MatmulDeviceOperation,48,18833.0
1096704,,MatmulDeviceOperation,48,18764.0
1012736,,MatmulDeviceOperation,48,18733.0
2728960,1,MatmulDeviceOperation,32,18731.0
718848,,MatmulDeviceOperation,48,18716.0
802816,,MatmulDeviceOperation,48,18715.0
2225152,1,MatmulDeviceOperation,48,18671.0
2057216,1,MatmulDeviceOperation,48,18623.0
634880,,MatmulDeviceOperation,48,18539.0
2267136,1,MatmulDeviceOperation,48,18496.0
1595392,1,MatmulDeviceOperation,48,18467.0
844800,,MatmulDeviceOperation,48,18447.0
382976,,MatmulDeviceOperation,48,18387.0
466944,,MatmulDeviceOperation,48,18314.0
1264640,,MatmulDeviceOperation,48,18259.0
2393088,1,MatmulDeviceOperation,48,18240.0
1637376,1,MatmulDeviceOperation,48,18219.0
2561024,1,MatmulDeviceOperation,44,18170.0
1721344,1,MatmulDeviceOperation,48,18114.0
2015232,1,MatmulDeviceOperation,48,17323.0
1572864,1,TilizeWithValPaddingDeviceOperation,32,17156.0
318464,,TilizeWithValPaddingDeviceOperation,32,17063.0
1589248,1,MatmulDeviceOperation,32,16478.0
2722816,1,MatmulDeviceOperation,24,16473.0
2344960,1,MatmulDeviceOperation,32,16436.0
2177024,1,MatmulDeviceOperation,32,16410.0
2386944,1,MatmulDeviceOperation,32,16391.0
1799168,1,MatmulDeviceOperation,32,16386.0
2680832,1,MatmulDeviceOperation,24,16384.0
1715200,1,MatmulDeviceOperation,32,16380.0
266240,,ReshapeViewDeviceOperation,64,16376.0
2093056,1,MatmulDeviceOperation,32,16357.0
1967104,1,MatmulDeviceOperation,32,16345.0
2302976,1,MatmulDeviceOperation,32,16344.0
2596864,1,MatmulDeviceOperation,28,16340.0
1520640,1,ReshapeViewDeviceOperation,64,16331.0
2638848,1,MatmulDeviceOperation,28,16327.0
2512896,1,MatmulDeviceOperation,31,16326.0
1841152,1,MatmulDeviceOperation,32,16322.0
1631232,1,MatmulDeviceOperation,32,16304.0
1673216,1,MatmulDeviceOperation,32,16302.0
2260992,1,MatmulDeviceOperation,32,16294.0
2428928,1,MatmulDeviceOperation,32,16291.0
2135040,1,MatmulDeviceOperation,32,16287.0
1757184,1,MatmulDeviceOperation,32,16264.0
2219008,1,MatmulDeviceOperation,32,16247.0
1925120,1,MatmulDeviceOperation,32,16230.0
2470912,1,MatmulDeviceOperation,32,16220.0
2009088,1,MatmulDeviceOperation,32,16219.0
1883136,1,MatmulDeviceOperation,32,16205.0
2051072,1,MatmulDeviceOperation,32,16204.0
2554880,1,MatmulDeviceOperation,28,16154.0
2538496,1,PagedUpdateCacheDeviceOperation,31,15686.0
1647616,1,PagedUpdateCacheDeviceOperation,32,15471.0
838656,,MatmulDeviceOperation,32,15404.0
2286592,1,PagedUpdateCacheDeviceOperation,32,15401.0
586752,,MatmulDeviceOperation,32,15382.0
628736,,MatmulDeviceOperation,32,15376.0
544768,,MatmulDeviceOperation,32,15374.0
1426432,,MatmulDeviceOperation,32,15373.0
460800,,MatmulDeviceOperation,32,15371.0
376832,,MatmulDeviceOperation,32,15366.0
1132544,,MatmulDeviceOperation,32,15361.0
1258496,,MatmulDeviceOperation,32,15351.0
754688,,MatmulDeviceOperation,32,15350.0
1174528,,MatmulDeviceOperation,32,15346.0
1300480,,MatmulDeviceOperation,32,15344.0
1342464,,MatmulDeviceOperation,32,15337.0
712704,,MatmulDeviceOperation,32,15335.0
880640,,MatmulDeviceOperation,32,15334.0
1468416,,MatmulDeviceOperation,32,15333.0
1006592,,MatmulDeviceOperation,32,15330.0
796672,,MatmulDeviceOperation,32,15308.0
334848,,MatmulDeviceOperation,32,15307.0
1384448,,MatmulDeviceOperation,32,15306.0
502784,,MatmulDeviceOperation,32,15303.0
1048576,,MatmulDeviceOperation,32,15298.0
922624,,MatmulDeviceOperation,32,15296.0
964608,,MatmulDeviceOperation,32,15290.0
418816,,MatmulDeviceOperation,32,15271.0
1216512,,MatmulDeviceOperation,32,15262.0
670720,,MatmulDeviceOperation,32,15260.0
2664448,1,PagedUpdateCacheDeviceOperation,24,15256.0
2496512,1,PagedUpdateCacheDeviceOperation,32,15240.0
1090560,,MatmulDeviceOperation,32,15214.0
1992704,1,PagedUpdateCacheDeviceOperation,32,15207.0
2697216,1,PagedUpdateCacheDeviceOperation,24,15131.0
1908736,1,PagedUpdateCacheDeviceOperation,32,15034.0
2076672,1,PagedUpdateCacheDeviceOperation,32,14790.0
1316864,,PagedUpdateCacheDeviceOperation,32,14755.0
1358848,,PagedUpdateCacheDeviceOperation,32,14710.0
2319360,1,PagedUpdateCacheDeviceOperation,32,14698.0
1731584,1,PagedUpdateCacheDeviceOperation,32,14612.0
2529280,1,PagedUpdateCacheDeviceOperation,31,14601.0
864256,,PagedUpdateCacheDeviceOperation,32,14588.0
2622464,1,PagedUpdateCacheDeviceOperation,28,14588.0
2445312,1,PagedUpdateCacheDeviceOperation,32,14565.0
897024,,PagedUpdateCacheDeviceOperation,32,14563.0
1689600,1,PagedUpdateCacheDeviceOperation,32,14561.0
2370560,1,PagedUpdateCacheDeviceOperation,32,14554.0
2613248,1,PagedUpdateCacheDeviceOperation,28,14547.0
444416,,PagedUpdateCacheDeviceOperation,32,14531.0
645120,,PagedUpdateCacheDeviceOperation,32,14509.0
570368,,PagedUpdateCacheDeviceOperation,32,14501.0
1442816,,PagedUpdateCacheDeviceOperation,32,14500.0
1242112,,PagedUpdateCacheDeviceOperation,32,14485.0
2118656,1,PagedUpdateCacheDeviceOperation,32,14483.0
603136,,PagedUpdateCacheDeviceOperation,32,14458.0
393216,,PagedUpdateCacheDeviceOperation,32,14433.0
738304,,PagedUpdateCacheDeviceOperation,32,14433.0
2328576,1,PagedUpdateCacheDeviceOperation,32,14429.0
1326080,,PagedUpdateCacheDeviceOperation,32,14422.0
1782784,1,PagedUpdateCacheDeviceOperation,32,14417.0
1698816,1,PagedUpdateCacheDeviceOperation,32,14415.0
654336,,PagedUpdateCacheDeviceOperation,32,14413.0
1815552,1,PagedUpdateCacheDeviceOperation,32,14408.0
561152,,PagedUpdateCacheDeviceOperation,32,14403.0
1452032,,PagedUpdateCacheDeviceOperation,32,14401.0
1614848,1,PagedUpdateCacheDeviceOperation,32,14395.0
2244608,1,PagedUpdateCacheDeviceOperation,32,14370.0
1400832,,PagedUpdateCacheDeviceOperation,32,14358.0
1032192,,PagedUpdateCacheDeviceOperation,32,14348.0
1158144,,PagedUpdateCacheDeviceOperation,32,14345.0
1410048,,PagedUpdateCacheDeviceOperation,32,14338.0
519168,,PagedUpdateCacheDeviceOperation,32,14332.0
1824768,1,PagedUpdateCacheDeviceOperation,32,14332.0
486400,,PagedUpdateCacheDeviceOperation,32,14323.0
980992,,PagedUpdateCacheDeviceOperation,32,14314.0
1941504,1,PagedUpdateCacheDeviceOperation,32,14302.0
435200,,PagedUpdateCacheDeviceOperation,32,14301.0
771072,,PagedUpdateCacheDeviceOperation,32,14300.0
1200128,,PagedUpdateCacheDeviceOperation,32,14298.0
1022976,,PagedUpdateCacheDeviceOperation,32,14283.0
1656832,1,PagedUpdateCacheDeviceOperation,32,14280.0
1116160,,PagedUpdateCacheDeviceOperation,32,14279.0
1983488,1,PagedUpdateCacheDeviceOperation,32,14278.0
990208,,PagedUpdateCacheDeviceOperation,32,14277.0
813056,,PagedUpdateCacheDeviceOperation,32,14269.0
780288,,PagedUpdateCacheDeviceOperation,32,14263.0
1064960,,PagedUpdateCacheDeviceOperation,32,14256.0
1106944,,PagedUpdateCacheDeviceOperation,32,14253.0
1950720,1,PagedUpdateCacheDeviceOperation,32,14251.0
402432,,PagedUpdateCacheDeviceOperation,32,14248.0
1232896,,PagedUpdateCacheDeviceOperation,32,14243.0
1773568,1,PagedUpdateCacheDeviceOperation,32,14239.0
906240,,PagedUpdateCacheDeviceOperation,32,14233.0
1074176,,PagedUpdateCacheDeviceOperation,32,14228.0
948224,,PagedUpdateCacheDeviceOperation,32,14224.0
1274880,,PagedUpdateCacheDeviceOperation,32,14223.0
822272,,PagedUpdateCacheDeviceOperation,32,14220.0
351232,,PagedUpdateCacheDeviceOperation,32,14213.0
2202624,1,PagedUpdateCacheDeviceOperation,32,14210.0
2580480,1,PagedUpdateCacheDeviceOperation,28,14207.0
1284096,,PagedUpdateCacheDeviceOperation,32,14206.0
696320,,PagedUpdateCacheDeviceOperation,32,14189.0
1740800,1,PagedUpdateCacheDeviceOperation,32,14182.0
1368064,,PagedUpdateCacheDeviceOperation,32,14181.0
855040,,PagedUpdateCacheDeviceOperation,32,14178.0
477184,,PagedUpdateCacheDeviceOperation,32,14175.0
1148928,,PagedUpdateCacheDeviceOperation,32,14171.0
2109440,1,PagedUpdateCacheDeviceOperation,32,14170.0
687104,,PagedUpdateCacheDeviceOperation,32,14148.0
939008,,PagedUpdateCacheDeviceOperation,32,14129.0
1190912,,PagedUpdateCacheDeviceOperation,32,14129.0
2235392,1,PagedUpdateCacheDeviceOperation,32,14108.0
276480,,PagedUpdateCacheDeviceOperation,32,14103.0
2034688,1,PagedUpdateCacheDeviceOperation,32,14065.0
2193408,1,PagedUpdateCacheDeviceOperation,32,14060.0
297984,,PagedUpdateCacheDeviceOperation,32,14052.0
612352,,PagedUpdateCacheDeviceOperation,32,14048.0
528384,,PagedUpdateCacheDeviceOperation,32,14045.0
729088,,PagedUpdateCacheDeviceOperation,32,14044.0
2151424,1,PagedUpdateCacheDeviceOperation,32,13991.0
2412544,1,PagedUpdateCacheDeviceOperation,32,13987.0
360448,,PagedUpdateCacheDeviceOperation,32,13981.0
2454528,1,PagedUpdateCacheDeviceOperation,32,13964.0
1866752,1,PagedUpdateCacheDeviceOperation,32,13941.0
1605632,1,PagedUpdateCacheDeviceOperation,32,13886.0
1552384,1,PagedUpdateCacheDeviceOperation,32,13876.0
2403328,1,PagedUpdateCacheDeviceOperation,32,13868.0
1899520,1,PagedUpdateCacheDeviceOperation,32,13863.0
2067456,1,PagedUpdateCacheDeviceOperation,32,13863.0
2277376,1,PagedUpdateCacheDeviceOperation,32,13860.0
2025472,1,PagedUpdateCacheDeviceOperation,32,13859.0
2361344,1,PagedUpdateCacheDeviceOperation,32,13854.0
2160640,1,PagedUpdateCacheDeviceOperation,32,13850.0
2487296,1,PagedUpdateCacheDeviceOperation,32,13842.0
2706432,1,PagedUpdateCacheDeviceOperation,24,13829.0
1530880,1,PagedUpdateCacheDeviceOperation,32,13807.0
2571264,1,PagedUpdateCacheDeviceOperation,28,13773.0
702464,,RotaryEmbeddingDeviceOperation,32,13724.0
483328,,RotaryEmbeddingDeviceOperation,32,13700.0
2655232,1,PagedUpdateCacheDeviceOperation,28,13658.0
1857536,1,PagedUpdateCacheDeviceOperation,32,13639.0
366592,,RotaryEmbeddingDeviceOperation,32,13619.0
1239040,,RotaryEmbeddingDeviceOperation,32,13543.0
441344,,RotaryEmbeddingDeviceOperation,32,13532.0
1155072,,RotaryEmbeddingDeviceOperation,32,13520.0
1071104,,RotaryEmbeddingDeviceOperation,32,13500.0
618496,,RotaryEmbeddingDeviceOperation,32,13478.0
294912,,RotaryEmbeddingDeviceOperation,32,13477.0
828416,,RotaryEmbeddingDeviceOperation,32,13464.0
1113088,,RotaryEmbeddingDeviceOperation,32,13464.0
1038336,,RotaryEmbeddingDeviceOperation,32,13452.0
903168,,RotaryEmbeddingDeviceOperation,32,13444.0
1814528,1,NLPCreateQKVHeadsDecodeDeviceOperation,32,13408.0
1248256,,RotaryEmbeddingDeviceOperation,32,13391.0
744448,,RotaryEmbeddingDeviceOperation,32,13382.0
534528,,RotaryEmbeddingDeviceOperation,32,13379.0
567296,,RotaryEmbeddingDeviceOperation,32,13368.0
777216,,RotaryEmbeddingDeviceOperation,32,13365.0
1695744,1,RotaryEmbeddingDeviceOperation,32,13362.0
651264,,RotaryEmbeddingDeviceOperation,32,13341.0
1704960,1,RotaryEmbeddingDeviceOperation,32,13333.0
1080320,,RotaryEmbeddingDeviceOperation,32,13327.0
305152,,TilizeWithValPaddingDeviceOperation,32,13322.0
735232,,RotaryEmbeddingDeviceOperation,32,13319.0
1029120,,RotaryEmbeddingDeviceOperation,32,13279.0
786432,,RotaryEmbeddingDeviceOperation,32,13278.0
1164288,,RotaryEmbeddingDeviceOperation,32,13267.0
1323008,,RotaryEmbeddingDeviceOperation,32,13258.0
987136,,RotaryEmbeddingDeviceOperation,32,13252.0
450560,,RotaryEmbeddingDeviceOperation,32,13247.0
1290240,,RotaryEmbeddingDeviceOperation,32,13243.0
560128,,NLPCreateQKVHeadsDecodeDeviceOperation,32,13238.0
1399808,,NLPCreateQKVHeadsDecodeDeviceOperation,32,13237.0
1147904,,NLPCreateQKVHeadsDecodeDeviceOperation,32,13227.0
609280,,RotaryEmbeddingDeviceOperation,32,13225.0
1105920,,NLPCreateQKVHeadsDecodeDeviceOperation,32,13222.0
861184,,RotaryEmbeddingDeviceOperation,32,13220.0
1416192,,RotaryEmbeddingDeviceOperation,32,13214.0
945152,,RotaryEmbeddingDeviceOperation,32,13212.0
1063936,,NLPCreateQKVHeadsDecodeDeviceOperation,32,13210.0
979968,,NLPCreateQKVHeadsDecodeDeviceOperation,32,13207.0
1281024,,RotaryEmbeddingDeviceOperation,32,13195.0
1364992,,RotaryEmbeddingDeviceOperation,32,13188.0
274432,,NLPCreateQKVHeadsDecodeDeviceOperation,32,13184.0
912384,,RotaryEmbeddingDeviceOperation,32,13181.0
434176,,NLPCreateQKVHeadsDecodeDeviceOperation,32,13171.0
1374208,,RotaryEmbeddingDeviceOperation,32,13169.0
812032,,NLPCreateQKVHeadsDecodeDeviceOperation,32,13168.0
476160,,NLPCreateQKVHeadsDecodeDeviceOperation,32,13167.0
576512,,RotaryEmbeddingDeviceOperation,32,13166.0
2661376,1,RotaryEmbeddingDeviceOperation,27,13165.0
996352,,RotaryEmbeddingDeviceOperation,32,13162.0
896000,,NLPCreateQKVHeadsDecodeDeviceOperation,32,13150.0
518144,,NLPCreateQKVHeadsDecodeDeviceOperation,32,13146.0
392192,,NLPCreateQKVHeadsDecodeDeviceOperation,32,13142.0
1206272,,RotaryEmbeddingDeviceOperation,32,13140.0
1315840,,NLPCreateQKVHeadsDecodeDeviceOperation,32,13139.0
644096,,NLPCreateQKVHeadsDecodeDeviceOperation,32,13135.0
870400,,RotaryEmbeddingDeviceOperation,32,13135.0
1273856,,NLPCreateQKVHeadsDecodeDeviceOperation,32,13133.0
492544,,RotaryEmbeddingDeviceOperation,32,13130.0
693248,,RotaryEmbeddingDeviceOperation,32,13128.0
937984,,NLPCreateQKVHeadsDecodeDeviceOperation,32,13128.0
1332224,,RotaryEmbeddingDeviceOperation,32,13128.0
1021952,,NLPCreateQKVHeadsDecodeDeviceOperation,32,13127.0
854016,,NLPCreateQKVHeadsDecodeDeviceOperation,32,13125.0
1448960,,RotaryEmbeddingDeviceOperation,32,13125.0
819200,,RotaryEmbeddingDeviceOperation,32,13119.0
1197056,,RotaryEmbeddingDeviceOperation,32,13119.0
525312,,RotaryEmbeddingDeviceOperation,32,13113.0
313344,,RotaryEmbeddingDeviceOperation,32,13111.0
602112,,NLPCreateQKVHeadsDecodeDeviceOperation,32,13106.0
1357824,,NLPCreateQKVHeadsDecodeDeviceOperation,32,13103.0
728064,,NLPCreateQKVHeadsDecodeDeviceOperation,32,13097.0
350208,,NLPCreateQKVHeadsDecodeDeviceOperation,32,13083.0
770048,,NLPCreateQKVHeadsDecodeDeviceOperation,32,13083.0
1441792,,NLPCreateQKVHeadsDecodeDeviceOperation,32,13077.0
660480,,RotaryEmbeddingDeviceOperation,32,13074.0
1458176,,RotaryEmbeddingDeviceOperation,32,13073.0
1189888,,NLPCreateQKVHeadsDecodeDeviceOperation,32,13070.0
686080,,NLPCreateQKVHeadsDecodeDeviceOperation,32,13062.0
1231872,,NLPCreateQKVHeadsDecodeDeviceOperation,32,13044.0
1559552,1,TilizeWithValPaddingDeviceOperation,32,13039.0
408576,,RotaryEmbeddingDeviceOperation,32,13030.0
954368,,RotaryEmbeddingDeviceOperation,32,13018.0
357376,,RotaryEmbeddingDeviceOperation,32,12993.0
2241536,1,RotaryEmbeddingDeviceOperation,32,12993.0
1905664,1,RotaryEmbeddingDeviceOperation,32,12989.0
399360,,RotaryEmbeddingDeviceOperation,32,12972.0
2619392,1,RotaryEmbeddingDeviceOperation,28,12943.0
2535424,1,RotaryEmbeddingDeviceOperation,31,12942.0
1406976,,RotaryEmbeddingDeviceOperation,32,12889.0
2696192,1,NLPCreateQKVHeadsDecodeDeviceOperation,24,12863.0
1122304,,RotaryEmbeddingDeviceOperation,32,12845.0
2234368,1,NLPCreateQKVHeadsDecodeDeviceOperation,32,12824.0
1528832,1,NLPCreateQKVHeadsDecodeDeviceOperation,32,12816.0
2150400,1,NLPCreateQKVHeadsDecodeDeviceOperation,32,12807.0
2486272,1,NLPCreateQKVHeadsDecodeDeviceOperation,32,12807.0
1604608,1,NLPCreateQKVHeadsDecodeDeviceOperation,32,12779.0
2066432,1,NLPCreateQKVHeadsDecodeDeviceOperation,32,12745.0
2570240,1,NLPCreateQKVHeadsDecodeDeviceOperation,28,12745.0
1940480,1,NLPCreateQKVHeadsDecodeDeviceOperation,32,12736.0
1688576,1,NLPCreateQKVHeadsDecodeDeviceOperation,32,12724.0
2360320,1,NLPCreateQKVHeadsDecodeDeviceOperation,32,12717.0
1730560,1,NLPCreateQKVHeadsDecodeDeviceOperation,32,12715.0
1982464,1,NLPCreateQKVHeadsDecodeDeviceOperation,32,12710.0
2192384,1,NLPCreateQKVHeadsDecodeDeviceOperation,32,12706.0
2276352,1,NLPCreateQKVHeadsDecodeDeviceOperation,32,12699.0
2402304,1,NLPCreateQKVHeadsDecodeDeviceOperation,32,12697.0
2318336,1,NLPCreateQKVHeadsDecodeDeviceOperation,32,12696.0
1898496,1,NLPCreateQKVHeadsDecodeDeviceOperation,32,12690.0
1856512,1,NLPCreateQKVHeadsDecodeDeviceOperation,32,12684.0
2024448,1,NLPCreateQKVHeadsDecodeDeviceOperation,32,12683.0
2444288,1,NLPCreateQKVHeadsDecodeDeviceOperation,32,12677.0
1772544,1,NLPCreateQKVHeadsDecodeDeviceOperation,32,12674.0
2199552,1,RotaryEmbeddingDeviceOperation,32,12673.0
2115584,1,RotaryEmbeddingDeviceOperation,32,12662.0
2703360,1,RotaryEmbeddingDeviceOperation,24,12659.0
2612224,1,NLPCreateQKVHeadsDecodeDeviceOperation,28,12657.0
1646592,1,NLPCreateQKVHeadsDecodeDeviceOperation,32,12648.0
2108416,1,NLPCreateQKVHeadsDecodeDeviceOperation,32,12642.0
2528256,1,NLPCreateQKVHeadsDecodeDeviceOperation,31,12642.0
2654208,1,NLPCreateQKVHeadsDecodeDeviceOperation,28,12642.0
2577408,1,RotaryEmbeddingDeviceOperation,28,12638.0
1989632,1,RotaryEmbeddingDeviceOperation,32,12601.0
2283520,1,RotaryEmbeddingDeviceOperation,32,12546.0
1653760,1,RotaryEmbeddingDeviceOperation,32,12511.0
2712576,1,RotaryEmbeddingDeviceOperation,24,12498.0
2157568,1,RotaryEmbeddingDeviceOperation,32,12494.0
1737728,1,RotaryEmbeddingDeviceOperation,32,12473.0
1549312,1,RotaryEmbeddingDeviceOperation,32,12462.0
1779712,1,RotaryEmbeddingDeviceOperation,32,12454.0
1821696,1,RotaryEmbeddingDeviceOperation,32,12434.0
2628608,1,RotaryEmbeddingDeviceOperation,28,12429.0
2073600,1,RotaryEmbeddingDeviceOperation,32,12418.0
2586624,1,RotaryEmbeddingDeviceOperation,28,12411.0
2367488,1,RotaryEmbeddingDeviceOperation,32,12403.0
1863680,1,RotaryEmbeddingDeviceOperation,32,12395.0
2031616,1,RotaryEmbeddingDeviceOperation,32,12394.0
2451456,1,RotaryEmbeddingDeviceOperation,32,12386.0
1947648,1,RotaryEmbeddingDeviceOperation,32,12384.0
2409472,1,RotaryEmbeddingDeviceOperation,32,12344.0
2670592,1,RotaryEmbeddingDeviceOperation,24,12293.0
1914880,1,RotaryEmbeddingDeviceOperation,32,12152.0
66560,,TilizeWithValPaddingDeviceOperation,1,12143.0
2124800,1,RotaryEmbeddingDeviceOperation,32,12117.0
1956864,1,RotaryEmbeddingDeviceOperation,32,12092.0
2493440,1,RotaryEmbeddingDeviceOperation,32,12072.0
45056,,TilizeWithValPaddingDeviceOperation,1,12039.0
28672,,TilizeWithValPaddingDeviceOperation,1,12026.0
1567744,1,RotaryEmbeddingDeviceOperation,32,12022.0
123904,,TilizeWithValPaddingDeviceOperation,1,12009.0
2325504,1,RotaryEmbeddingDeviceOperation,32,11983.0
12288,,TilizeWithValPaddingDeviceOperation,1,11979.0
69632,,TilizeWithValPaddingDeviceOperation,1,11971.0
156672,,TilizeWithValPaddingDeviceOperation,1,11968.0
192512,,TilizeWithValPaddingDeviceOperation,1,11967.0
2208768,1,RotaryEmbeddingDeviceOperation,32,11967.0
159744,,TilizeWithValPaddingDeviceOperation,1,11966.0
214016,,TilizeWithValPaddingDeviceOperation,1,11962.0
107520,,TilizeWithValPaddingDeviceOperation,1,11961.0
115712,,TilizeWithValPaddingDeviceOperation,1,11960.0
217088,,TilizeWithValPaddingDeviceOperation,1,11958.0
143360,,TilizeWithValPaddingDeviceOperation,1,11956.0
58368,,TilizeWithValPaddingDeviceOperation,1,11955.0
181248,,TilizeWithValPaddingDeviceOperation,1,11955.0
17408,,TilizeWithValPaddingDeviceOperation,1,11954.0
118784,,TilizeWithValPaddingDeviceOperation,1,11953.0
189440,,TilizeWithValPaddingDeviceOperation,1,11953.0
2376704,1,RotaryEmbeddingDeviceOperation,32,11953.0
140288,,TilizeWithValPaddingDeviceOperation,1,11952.0
25600,,TilizeWithValPaddingDeviceOperation,1,11951.0
82944,,TilizeWithValPaddingDeviceOperation,1,11950.0
91136,,TilizeWithValPaddingDeviceOperation,1,11948.0
4096,,TilizeWithValPaddingDeviceOperation,1,11946.0
167936,,TilizeWithValPaddingDeviceOperation,1,11945.0
33792,,TilizeWithValPaddingDeviceOperation,1,11944.0
50176,,TilizeWithValPaddingDeviceOperation,1,11943.0
99328,,TilizeWithValPaddingDeviceOperation,1,11942.0
132096,,TilizeWithValPaddingDeviceOperation,1,11942.0
135168,,TilizeWithValPaddingDeviceOperation,1,11942.0
94208,,TilizeWithValPaddingDeviceOperation,1,11938.0
41984,,TilizeWithValPaddingDeviceOperation,1,11937.0
61440,,TilizeWithValPaddingDeviceOperation,1,11937.0
222208,,TilizeWithValPaddingDeviceOperation,1,11937.0
86016,,TilizeWithValPaddingDeviceOperation,1,11935.0
164864,,TilizeWithValPaddingDeviceOperation,1,11933.0
200704,,TilizeWithValPaddingDeviceOperation,1,11933.0
77824,,TilizeWithValPaddingDeviceOperation,1,11932.0
20480,,TilizeWithValPaddingDeviceOperation,1,11931.0
74752,,TilizeWithValPaddingDeviceOperation,1,11931.0
36864,,TilizeWithValPaddingDeviceOperation,1,11930.0
184320,,TilizeWithValPaddingDeviceOperation,1,11930.0
151552,,TilizeWithValPaddingDeviceOperation,1,11929.0
176128,,TilizeWithValPaddingDeviceOperation,1,11927.0
205824,,TilizeWithValPaddingDeviceOperation,1,11923.0
208896,,TilizeWithValPaddingDeviceOperation,1,11919.0
102400,,TilizeWithValPaddingDeviceOperation,1,11917.0
110592,,TilizeWithValPaddingDeviceOperation,1,11916.0
225280,,TilizeWithValPaddingDeviceOperation,1,11915.0
230400,,TilizeWithValPaddingDeviceOperation,1,11915.0
197632,,TilizeWithValPaddingDeviceOperation,1,11914.0
126976,,TilizeWithValPaddingDeviceOperation,1,11912.0
148480,,TilizeWithValPaddingDeviceOperation,1,11909.0
173056,,TilizeWithValPaddingDeviceOperation,1,11905.0
9216,,TilizeWithValPaddingDeviceOperation,1,11898.0
1830912,1,RotaryEmbeddingDeviceOperation,32,11895.0
53248,,TilizeWithValPaddingDeviceOperation,1,11894.0
2334720,1,RotaryEmbeddingDeviceOperation,32,11887.0
1788928,1,RotaryEmbeddingDeviceOperation,32,11869.0
1662976,1,RotaryEmbeddingDeviceOperation,32,11867.0
2040832,1,RotaryEmbeddingDeviceOperation,32,11861.0
2460672,1,RotaryEmbeddingDeviceOperation,32,11848.0
2292736,1,RotaryEmbeddingDeviceOperation,32,11844.0
2082816,1,RotaryEmbeddingDeviceOperation,32,11838.0
2418688,1,RotaryEmbeddingDeviceOperation,32,11837.0
2502656,1,RotaryEmbeddingDeviceOperation,32,11832.0
2166784,1,RotaryEmbeddingDeviceOperation,32,11828.0
1611776,1,RotaryEmbeddingDeviceOperation,32,11825.0
1872896,1,RotaryEmbeddingDeviceOperation,32,11823.0
1620992,1,RotaryEmbeddingDeviceOperation,32,11811.0
1998848,1,RotaryEmbeddingDeviceOperation,32,11806.0
2250752,1,RotaryEmbeddingDeviceOperation,32,11799.0
2624512,1,LayerNormDeviceOperation,28,11786.0
2615296,1,LayerNormDeviceOperation,28,11757.0
2699264,1,LayerNormDeviceOperation,24,11757.0
1746944,1,RotaryEmbeddingDeviceOperation,32,11756.0
2544640,1,RotaryEmbeddingDeviceOperation,31,11749.0
1607680,1,LayerNormDeviceOperation,32,11705.0
1775616,1,LayerNormDeviceOperation,32,11692.0
1817600,1,LayerNormDeviceOperation,32,11588.0
1733632,1,LayerNormDeviceOperation,32,11586.0
1563648,1,LayerNormDeviceOperation,32,11577.0
2069504,1,LayerNormDeviceOperation,32,11548.0
2657280,1,LayerNormDeviceOperation,28,11511.0
2363392,1,LayerNormDeviceOperation,32,11492.0
2573312,1,LayerNormDeviceOperation,28,11492.0
2708480,1,LayerNormDeviceOperation,24,11490.0
2321408,1,LayerNormDeviceOperation,32,11472.0
2414592,1,LayerNormDeviceOperation,32,11428.0
1943552,1,LayerNormDeviceOperation,32,11423.0
1901568,1,LayerNormDeviceOperation,32,11408.0
1658880,1,LayerNormDeviceOperation,32,11353.0
2237440,1,LayerNormDeviceOperation,32,11338.0
2288640,1,LayerNormDeviceOperation,32,11337.0
2666496,1,LayerNormDeviceOperation,24,11309.0
2195456,1,LayerNormDeviceOperation,32,11303.0
1994752,1,LayerNormDeviceOperation,32,11270.0
2447360,1,LayerNormDeviceOperation,32,11242.0
2162688,1,LayerNormDeviceOperation,32,11240.0
2153472,1,LayerNormDeviceOperation,32,11239.0
2027520,1,LayerNormDeviceOperation,32,11238.0
1545216,1,LayerNormDeviceOperation,32,11237.0
1985536,1,LayerNormDeviceOperation,32,11225.0
2330624,1,LayerNormDeviceOperation,32,11172.0
2078720,1,LayerNormDeviceOperation,32,11163.0
2456576,1,LayerNormDeviceOperation,32,11163.0
2372608,1,LayerNormDeviceOperation,32,11162.0
2498560,1,LayerNormDeviceOperation,32,11162.0
1616896,1,LayerNormDeviceOperation,32,11139.0
1952768,1,LayerNormDeviceOperation,32,11134.0
2405376,1,LayerNormDeviceOperation,32,11131.0
1784832,1,LayerNormDeviceOperation,32,11122.0
2531328,1,LayerNormDeviceOperation,31,11112.0
1700864,1,LayerNormDeviceOperation,32,11108.0
1910784,1,LayerNormDeviceOperation,32,11107.0
2120704,1,LayerNormDeviceOperation,32,11106.0
1649664,1,LayerNormDeviceOperation,32,11103.0
2279424,1,LayerNormDeviceOperation,32,11101.0
2540544,1,LayerNormDeviceOperation,31,11096.0
1522688,1,EmbeddingsDeviceOperation,1,11095.0
2204672,1,LayerNormDeviceOperation,32,11040.0
1868800,1,LayerNormDeviceOperation,32,11022.0
1826816,1,LayerNormDeviceOperation,32,10999.0
1691648,1,LayerNormDeviceOperation,32,10997.0
2582528,1,LayerNormDeviceOperation,28,10981.0
268288,,EmbeddingsDeviceOperation,1,10980.0
1859584,1,LayerNormDeviceOperation,32,10957.0
1524736,1,LayerNormDeviceOperation,32,10944.0
1742848,1,LayerNormDeviceOperation,32,10940.0
2489344,1,LayerNormDeviceOperation,32,10939.0
2036736,1,LayerNormDeviceOperation,32,10936.0
2246656,1,LayerNormDeviceOperation,32,10893.0
2111488,1,LayerNormDeviceOperation,32,10874.0
2221056,1,LayerNormDeviceOperation,32,10348.0
1969152,1,LayerNormDeviceOperation,32,10319.0
2137088,1,LayerNormDeviceOperation,32,10310.0
2472960,1,LayerNormDeviceOperation,32,10297.0
1885184,1,LayerNormDeviceOperation,32,10265.0
1801216,1,LayerNormDeviceOperation,32,10264.0
1591296,1,LayerNormDeviceOperation,32,10247.0
2053120,1,LayerNormDeviceOperation,32,10223.0
2388992,1,LayerNormDeviceOperation,32,10211.0
941056,,LayerNormDeviceOperation,32,10200.0
1160192,,LayerNormDeviceOperation,32,10170.0
2305024,1,LayerNormDeviceOperation,32,10166.0
1192960,,LayerNormDeviceOperation,32,10163.0
2482176,1,LayerNormDeviceOperation,32,10159.0
1852416,1,LayerNormDeviceOperation,32,10149.0
1034240,,LayerNormDeviceOperation,32,10144.0
1244160,,LayerNormDeviceOperation,32,10141.0
1318912,,LayerNormDeviceOperation,32,10140.0
2146304,1,LayerNormDeviceOperation,32,10139.0
1150976,,LayerNormDeviceOperation,32,10133.0
992256,,LayerNormDeviceOperation,32,10131.0
1276928,,LayerNormDeviceOperation,32,10131.0
1360896,,LayerNormDeviceOperation,32,10129.0
1726464,1,LayerNormDeviceOperation,32,10129.0
2398208,1,LayerNormDeviceOperation,32,10129.0
309248,,LayerNormDeviceOperation,32,10128.0
1067008,,LayerNormDeviceOperation,32,10125.0
2104320,1,LayerNormDeviceOperation,32,10125.0
353280,,LayerNormDeviceOperation,32,10124.0
521216,,LayerNormDeviceOperation,32,10124.0
1402880,,LayerNormDeviceOperation,32,10124.0
2230272,1,LayerNormDeviceOperation,32,10123.0
815104,,LayerNormDeviceOperation,32,10120.0
2062336,1,LayerNormDeviceOperation,32,10118.0
395264,,LayerNormDeviceOperation,32,10114.0
488448,,LayerNormDeviceOperation,32,10114.0
1894400,1,LayerNormDeviceOperation,32,10114.0
446464,,LayerNormDeviceOperation,32,10113.0
479232,,LayerNormDeviceOperation,32,10113.0
362496,,LayerNormDeviceOperation,32,10111.0
731136,,LayerNormDeviceOperation,32,10111.0
908288,,LayerNormDeviceOperation,32,10110.0
1454080,,LayerNormDeviceOperation,32,10108.0
647168,,LayerNormDeviceOperation,32,10106.0
656384,,LayerNormDeviceOperation,32,10106.0
290816,,LayerNormDeviceOperation,32,10105.0
614400,,LayerNormDeviceOperation,32,10103.0
437248,,LayerNormDeviceOperation,32,10100.0
899072,,LayerNormDeviceOperation,32,10100.0
1444864,,LayerNormDeviceOperation,32,10100.0
1642496,1,LayerNormDeviceOperation,32,10100.0
2356224,1,LayerNormDeviceOperation,32,10100.0
2430976,1,LayerNormDeviceOperation,32,10100.0
605184,,LayerNormDeviceOperation,32,10099.0
698368,,LayerNormDeviceOperation,32,10098.0
857088,,LayerNormDeviceOperation,32,10098.0
983040,,LayerNormDeviceOperation,32,10098.0
1234944,,LayerNormDeviceOperation,32,10098.0
1978368,1,LayerNormDeviceOperation,32,10098.0
2188288,1,LayerNormDeviceOperation,32,10098.0
950272,,LayerNormDeviceOperation,32,10096.0
1025024,,LayerNormDeviceOperation,32,10096.0
1118208,,LayerNormDeviceOperation,32,10095.0
1600512,1,LayerNormDeviceOperation,32,10095.0
824320,,LayerNormDeviceOperation,32,10093.0
1370112,,LayerNormDeviceOperation,32,10093.0
404480,,LayerNormDeviceOperation,32,10092.0
530432,,LayerNormDeviceOperation,32,10091.0
563200,,LayerNormDeviceOperation,32,10089.0
689152,,LayerNormDeviceOperation,32,10089.0
740352,,LayerNormDeviceOperation,32,10088.0
782336,,LayerNormDeviceOperation,32,10088.0
1581056,1,FillPadDeviceOperation,64,10088.0
1768448,1,LayerNormDeviceOperation,32,10088.0
2011136,1,LayerNormDeviceOperation,32,10088.0
2020352,1,LayerNormDeviceOperation,32,10088.0
866304,,LayerNormDeviceOperation,32,10087.0
1286144,,LayerNormDeviceOperation,32,10086.0
1684480,1,LayerNormDeviceOperation,32,10086.0
2314240,1,LayerNormDeviceOperation,32,10086.0
2272256,1,LayerNormDeviceOperation,32,10085.0
2263040,1,LayerNormDeviceOperation,32,10084.0
773120,,LayerNormDeviceOperation,32,10081.0
1076224,,LayerNormDeviceOperation,32,10080.0
1412096,,LayerNormDeviceOperation,32,10076.0
1202176,,LayerNormDeviceOperation,32,10075.0
1810432,1,LayerNormDeviceOperation,32,10072.0
1843200,1,LayerNormDeviceOperation,32,10071.0
1717248,1,LayerNormDeviceOperation,32,10070.0
2440192,1,LayerNormDeviceOperation,32,10070.0
572416,,LayerNormDeviceOperation,32,10063.0
1927168,1,LayerNormDeviceOperation,32,10058.0
1936384,1,LayerNormDeviceOperation,32,10056.0
1759232,1,LayerNormDeviceOperation,32,10055.0
2347008,1,LayerNormDeviceOperation,32,10055.0
2095104,1,LayerNormDeviceOperation,32,10053.0
1675264,1,LayerNormDeviceOperation,32,10050.0
2179072,1,LayerNormDeviceOperation,32,10046.0
1108992,,LayerNormDeviceOperation,32,10044.0
1633280,1,LayerNormDeviceOperation,32,10035.0
1328128,,LayerNormDeviceOperation,32,10029.0
2640896,1,LayerNormDeviceOperation,28,10022.0
2556928,1,LayerNormDeviceOperation,28,9911.0
2608128,1,LayerNormDeviceOperation,28,9776.0
2650112,1,LayerNormDeviceOperation,28,9768.0
2566144,1,LayerNormDeviceOperation,28,9760.0
2598912,1,LayerNormDeviceOperation,28,9752.0
2514944,1,LayerNormDeviceOperation,31,9747.0
2724864,1,LayerNormDeviceOperation,22,9732.0
2524160,1,LayerNormDeviceOperation,31,9714.0
2682880,1,LayerNormDeviceOperation,24,9678.0
2692096,1,LayerNormDeviceOperation,24,9670.0
2734080,1,LayerNormDeviceOperation,16,9628.0
1386496,,LayerNormDeviceOperation,32,9617.0
514048,,LayerNormDeviceOperation,32,9609.0
420864,,LayerNormDeviceOperation,32,9607.0
1134592,,LayerNormDeviceOperation,32,9605.0
1218560,,LayerNormDeviceOperation,32,9605.0
1353728,,LayerNormDeviceOperation,32,9604.0
1344512,,LayerNormDeviceOperation,32,9602.0
756736,,LayerNormDeviceOperation,32,9601.0
1143808,,LayerNormDeviceOperation,32,9601.0
1227776,,LayerNormDeviceOperation,32,9600.0
681984,,LayerNormDeviceOperation,32,9599.0
1185792,,LayerNormDeviceOperation,32,9599.0
840704,,LayerNormDeviceOperation,32,9598.0
1479680,,LayerNormDeviceOperation,32,9598.0
765952,,LayerNormDeviceOperation,32,9595.0
346112,,LayerNormDeviceOperation,32,9593.0
798720,,LayerNormDeviceOperation,32,9592.0
849920,,LayerNormDeviceOperation,32,9589.0
1092608,,LayerNormDeviceOperation,32,9587.0
1050624,,LayerNormDeviceOperation,32,9585.0
1008640,,LayerNormDeviceOperation,32,9582.0
336896,,LayerNormDeviceOperation,32,9581.0
1302528,,LayerNormDeviceOperation,32,9581.0
924672,,LayerNormDeviceOperation,32,9579.0
1428480,,LayerNormDeviceOperation,32,9579.0
630784,,LayerNormDeviceOperation,32,9577.0
378880,,LayerNormDeviceOperation,32,9576.0
504832,,LayerNormDeviceOperation,32,9576.0
640000,,LayerNormDeviceOperation,32,9576.0
975872,,LayerNormDeviceOperation,32,9574.0
546816,,LayerNormDeviceOperation,32,9573.0
1176576,,LayerNormDeviceOperation,32,9573.0
1395712,,LayerNormDeviceOperation,32,9569.0
807936,,LayerNormDeviceOperation,32,9567.0
1470464,,LayerNormDeviceOperation,32,9565.0
430080,,LayerNormDeviceOperation,32,9564.0
1260544,,LayerNormDeviceOperation,32,9564.0
270336,,LayerNormDeviceOperation,32,9563.0
933888,,LayerNormDeviceOperation,32,9563.0
714752,,LayerNormDeviceOperation,32,9561.0
966656,,LayerNormDeviceOperation,32,9559.0
598016,,LayerNormDeviceOperation,32,9552.0
1059840,,LayerNormDeviceOperation,32,9549.0
556032,,LayerNormDeviceOperation,32,9548.0
882688,,LayerNormDeviceOperation,32,9548.0
388096,,LayerNormDeviceOperation,32,9544.0
672768,,LayerNormDeviceOperation,32,9541.0
588800,,LayerNormDeviceOperation,32,9540.0
723968,,LayerNormDeviceOperation,32,9540.0
472064,,LayerNormDeviceOperation,32,9539.0
891904,,LayerNormDeviceOperation,32,9538.0
1269760,,LayerNormDeviceOperation,32,9534.0
1311744,,LayerNormDeviceOperation,32,9534.0
1017856,,LayerNormDeviceOperation,32,9530.0
462848,,LayerNormDeviceOperation,32,9529.0
1437696,,LayerNormDeviceOperation,32,9509.0
1101824,,LayerNormDeviceOperation,32,9505.0
326656,,FillPadDeviceOperation,64,9432.0
328704,,BinaryNgDeviceOperation,64,8744.0
1583104,1,BinaryNgDeviceOperation,64,7073.0
2086912,1,TypecastDeviceOperation,64,6930.0
2716672,1,TypecastDeviceOperation,56,6703.0
1516544,1,TilizeWithValPaddingDeviceOperation,1,6649.0
1532928,1,TilizeWithValPaddingDeviceOperation,1,6647.0
231424,,TilizeWithValPaddingDeviceOperation,1,6643.0
1553408,1,TilizeWithValPaddingDeviceOperation,1,6630.0
2296832,1,TypecastDeviceOperation,64,6602.0
538624,,TypecastDeviceOperation,64,6578.0
370688,,TypecastDeviceOperation,64,6557.0
1667072,1,TypecastDeviceOperation,64,6541.0
1485824,1,TilizeWithValPaddingDeviceOperation,1,6516.0
580608,,TypecastDeviceOperation,64,6508.0
299008,,TilizeWithValPaddingDeviceOperation,1,6492.0
278528,,TilizeWithValPaddingDeviceOperation,1,6472.0
262144,,TilizeWithValPaddingDeviceOperation,1,6456.0
1960960,1,TypecastDeviceOperation,64,6392.0
1709056,1,TypecastDeviceOperation,64,6380.0
2002944,1,TypecastDeviceOperation,64,6372.0
1252352,,TypecastDeviceOperation,64,6233.0
748544,,TypecastDeviceOperation,64,6228.0
1126400,,TypecastDeviceOperation,64,6217.0
2506752,1,TypecastDeviceOperation,64,6163.0
2464768,1,TypecastDeviceOperation,64,6135.0
1420288,,TypecastDeviceOperation,64,6133.0
1210368,,TypecastDeviceOperation,64,6125.0
412672,,TypecastDeviceOperation,64,6118.0
2338816,1,TypecastDeviceOperation,64,6107.0
1084416,,TypecastDeviceOperation,64,6056.0
622592,,TypecastDeviceOperation,64,6054.0
2674688,1,TypecastDeviceOperation,56,6045.0
2044928,1,TypecastDeviceOperation,64,6044.0
1378304,,TypecastDeviceOperation,64,6031.0
2254848,1,TypecastDeviceOperation,64,5983.0
1336320,,TypecastDeviceOperation,64,5981.0
958464,,TypecastDeviceOperation,64,5958.0
2548736,1,TypecastDeviceOperation,63,5957.0
1042432,,TypecastDeviceOperation,64,5947.0
1214464,,NLPConcatHeadsDecodeDeviceOperation,16,5938.0
2632704,1,TypecastDeviceOperation,60,5935.0
332800,,NLPConcatHeadsDecodeDeviceOperation,16,5920.0
496640,,TypecastDeviceOperation,64,5912.0
2422784,1,TypecastDeviceOperation,64,5907.0
706560,,TypecastDeviceOperation,64,5891.0
1168384,,TypecastDeviceOperation,64,5885.0
2380800,1,TypecastDeviceOperation,64,5856.0
1046528,,NLPConcatHeadsDecodeDeviceOperation,16,5854.0
710656,,NLPConcatHeadsDecodeDeviceOperation,16,5833.0
790528,,TypecastDeviceOperation,64,5824.0
1294336,,TypecastDeviceOperation,64,5818.0
500736,,NLPConcatHeadsDecodeDeviceOperation,16,5816.0
542720,,NLPConcatHeadsDecodeDeviceOperation,16,5815.0
1298432,,NLPConcatHeadsDecodeDeviceOperation,16,5804.0
668672,,NLPConcatHeadsDecodeDeviceOperation,16,5799.0
1751040,1,TypecastDeviceOperation,64,5799.0
374784,,NLPConcatHeadsDecodeDeviceOperation,16,5798.0
1130496,,NLPConcatHeadsDecodeDeviceOperation,16,5797.0
1424384,,NLPConcatHeadsDecodeDeviceOperation,16,5793.0
1625088,1,TypecastDeviceOperation,64,5792.0
874496,,TypecastDeviceOperation,64,5784.0
2170880,1,TypecastDeviceOperation,64,5781.0
1088512,,NLPConcatHeadsDecodeDeviceOperation,16,5777.0
416768,,NLPConcatHeadsDecodeDeviceOperation,16,5775.0
1172480,,NLPConcatHeadsDecodeDeviceOperation,16,5773.0
878592,,NLPConcatHeadsDecodeDeviceOperation,16,5763.0
1004544,,NLPConcatHeadsDecodeDeviceOperation,16,5757.0
324608,,TypecastDeviceOperation,64,5755.0
752640,,NLPConcatHeadsDecodeDeviceOperation,16,5754.0
626688,,NLPConcatHeadsDecodeDeviceOperation,16,5750.0
1340416,,NLPConcatHeadsDecodeDeviceOperation,16,5750.0
794624,,NLPConcatHeadsDecodeDeviceOperation,16,5748.0
2212864,1,TypecastDeviceOperation,64,5747.0
1256448,,NLPConcatHeadsDecodeDeviceOperation,16,5745.0
1382400,,NLPConcatHeadsDecodeDeviceOperation,16,5743.0
1466368,,NLPConcatHeadsDecodeDeviceOperation,16,5743.0
584704,,NLPConcatHeadsDecodeDeviceOperation,16,5735.0
1918976,1,TypecastDeviceOperation,64,5734.0
920576,,NLPConcatHeadsDecodeDeviceOperation,16,5732.0
2590720,1,TypecastDeviceOperation,60,5727.0
962560,,NLPConcatHeadsDecodeDeviceOperation,16,5725.0
1835008,1,TypecastDeviceOperation,64,5716.0
1587200,1,NLPConcatHeadsDecodeDeviceOperation,16,5714.0
458752,,NLPConcatHeadsDecodeDeviceOperation,16,5713.0
1579008,1,TypecastDeviceOperation,64,5712.0
836608,,NLPConcatHeadsDecodeDeviceOperation,16,5708.0
2128896,1,TypecastDeviceOperation,64,5703.0
1462272,,TypecastDeviceOperation,64,5701.0
1570816,1,UntilizeWithUnpaddingDeviceOperation,32,5670.0
454656,,TypecastDeviceOperation,64,5651.0
832512,,TypecastDeviceOperation,64,5627.0
1000448,,TypecastDeviceOperation,64,5622.0
1876992,1,TypecastDeviceOperation,64,5600.0
1793024,1,TypecastDeviceOperation,64,5576.0
2678784,1,NLPConcatHeadsDecodeDeviceOperation,8,5568.0
664576,,TypecastDeviceOperation,64,5552.0
916480,,TypecastDeviceOperation,64,5544.0
316416,,UntilizeWithUnpaddingDeviceOperation,32,5521.0
1582080,1,ReduceDeviceOperation,32,5495.0
2636800,1,NLPConcatHeadsDecodeDeviceOperation,12,5417.0
1713152,1,NLPConcatHeadsDecodeDeviceOperation,16,5336.0
2720768,1,NLPConcatHeadsDecodeDeviceOperation,8,5320.0
1839104,1,NLPConcatHeadsDecodeDeviceOperation,16,5317.0
1880064,1,TypecastDeviceOperation,64,5314.0
2049024,1,NLPConcatHeadsDecodeDeviceOperation,16,5292.0
1755136,1,NLPConcatHeadsDecodeDeviceOperation,16,5282.0
327680,,ReduceDeviceOperation,32,5280.0
1881088,1,NLPConcatHeadsDecodeDeviceOperation,16,5276.0
1838080,1,TypecastDeviceOperation,64,5275.0
2258944,1,NLPConcatHeadsDecodeDeviceOperation,16,5259.0
2510848,1,NLPConcatHeadsDecodeDeviceOperation,15,5257.0
2299904,1,TypecastDeviceOperation,64,5256.0
1381376,,TypecastDeviceOperation,64,5248.0
2552832,1,NLPConcatHeadsDecodeDeviceOperation,12,5244.0
2468864,1,NLPConcatHeadsDecodeDeviceOperation,16,5243.0
1213440,,TypecastDeviceOperation,64,5232.0
2216960,1,NLPConcatHeadsDecodeDeviceOperation,16,5229.0
2384896,1,NLPConcatHeadsDecodeDeviceOperation,16,5228.0
1712128,1,TypecastDeviceOperation,64,5227.0
835584,,TypecastDeviceOperation,64,5226.0
2007040,1,NLPConcatHeadsDecodeDeviceOperation,16,5209.0
2174976,1,NLPConcatHeadsDecodeDeviceOperation,16,5209.0
2594816,1,NLPConcatHeadsDecodeDeviceOperation,12,5208.0
2300928,1,NLPConcatHeadsDecodeDeviceOperation,16,5203.0
793600,,TypecastDeviceOperation,64,5199.0
1965056,1,NLPConcatHeadsDecodeDeviceOperation,16,5191.0
1629184,1,NLPConcatHeadsDecodeDeviceOperation,16,5185.0
1003520,,TypecastDeviceOperation,64,5184.0
961536,,TypecastDeviceOperation,64,5183.0
2173952,1,TypecastDeviceOperation,64,5183.0
457728,,TypecastDeviceOperation,64,5182.0
2342912,1,NLPConcatHeadsDecodeDeviceOperation,16,5182.0
2132992,1,NLPConcatHeadsDecodeDeviceOperation,16,5181.0
2426880,1,NLPConcatHeadsDecodeDeviceOperation,16,5180.0
877568,,TypecastDeviceOperation,64,5169.0
2091008,1,NLPConcatHeadsDecodeDeviceOperation,16,5168.0
583680,,TypecastDeviceOperation,64,5167.0
1171456,,TypecastDeviceOperation,64,5166.0
709632,,TypecastDeviceOperation,64,5154.0
1255424,,TypecastDeviceOperation,64,5154.0
1087488,,TypecastDeviceOperation,64,5153.0
415744,,TypecastDeviceOperation,64,5152.0
499712,,TypecastDeviceOperation,64,5148.0
667648,,TypecastDeviceOperation,64,5148.0
919552,,TypecastDeviceOperation,64,5148.0
2048000,1,TypecastDeviceOperation,64,5148.0
307200,,TypecastDeviceOperation,64,5146.0
1586176,1,TypecastDeviceOperation,64,5146.0
541696,,TypecastDeviceOperation,64,5143.0
1561600,1,TypecastDeviceOperation,64,5142.0
2006016,1,TypecastDeviceOperation,64,5141.0
1797120,1,NLPConcatHeadsDecodeDeviceOperation,16,5140.0
1423360,,TypecastDeviceOperation,64,5136.0
1671168,1,NLPConcatHeadsDecodeDeviceOperation,16,5135.0
1923072,1,NLPConcatHeadsDecodeDeviceOperation,16,5135.0
320512,,TypecastDeviceOperation,64,5132.0
751616,,TypecastDeviceOperation,64,5130.0
1045504,,TypecastDeviceOperation,64,5120.0
1297408,,TypecastDeviceOperation,64,5117.0
331776,,TypecastDeviceOperation,64,5116.0
2425856,1,TypecastDeviceOperation,64,5114.0
1339392,,TypecastDeviceOperation,64,5110.0
1465344,,TypecastDeviceOperation,64,5106.0
625664,,TypecastDeviceOperation,64,5102.0
2341888,1,TypecastDeviceOperation,64,5102.0
1670144,1,TypecastDeviceOperation,64,5099.0
1129472,,TypecastDeviceOperation,64,5098.0
373760,,TypecastDeviceOperation,64,5097.0
2635776,1,TypecastDeviceOperation,60,5094.0
2383872,1,TypecastDeviceOperation,64,5088.0
1796096,1,TypecastDeviceOperation,64,5068.0
1754112,1,TypecastDeviceOperation,64,5059.0
2257920,1,TypecastDeviceOperation,64,5052.0
1922048,1,TypecastDeviceOperation,64,5051.0
1964032,1,TypecastDeviceOperation,64,5045.0
2089984,1,TypecastDeviceOperation,64,5041.0
1628160,1,TypecastDeviceOperation,64,5031.0
2131968,1,TypecastDeviceOperation,64,5025.0
2467840,1,TypecastDeviceOperation,64,5019.0
2509824,1,TypecastDeviceOperation,63,5010.0
2593792,1,TypecastDeviceOperation,60,4991.0
2551808,1,TypecastDeviceOperation,62,4988.0
2215936,1,TypecastDeviceOperation,64,4985.0
2677760,1,TypecastDeviceOperation,56,4979.0
2719744,1,TypecastDeviceOperation,56,4961.0
2423808,1,InterleavedToShardedDeviceOperation,32,4904.0
1574912,1,TypecastDeviceOperation,64,4898.0
1878016,1,InterleavedToShardedDeviceOperation,32,4458.0
1337344,,InterleavedToShardedDeviceOperation,32,4431.0
413696,,InterleavedToShardedDeviceOperation,32,4414.0
791552,,InterleavedToShardedDeviceOperation,32,4254.0
1421312,,InterleavedToShardedDeviceOperation,32,4233.0
2549760,1,InterleavedToShardedDeviceOperation,31,4228.0
1836032,1,InterleavedToShardedDeviceOperation,32,4225.0
2087936,1,InterleavedToShardedDeviceOperation,32,4217.0
1001472,,InterleavedToShardedDeviceOperation,32,4192.0
707584,,InterleavedToShardedDeviceOperation,32,4191.0
2129920,1,InterleavedToShardedDeviceOperation,32,4162.0
539648,,InterleavedToShardedDeviceOperation,32,4134.0
455680,,InterleavedToShardedDeviceOperation,32,4133.0
875520,,InterleavedToShardedDeviceOperation,32,4068.0
329728,,InterleavedToShardedDeviceOperation,32,4063.0
581632,,InterleavedToShardedDeviceOperation,32,4047.0
1085440,,InterleavedToShardedDeviceOperation,32,4035.0
623616,,InterleavedToShardedDeviceOperation,32,4023.0
497664,,InterleavedToShardedDeviceOperation,32,4018.0
371712,,InterleavedToShardedDeviceOperation,32,4013.0
1752064,1,InterleavedToShardedDeviceOperation,32,3996.0
749568,,InterleavedToShardedDeviceOperation,32,3994.0
1573888,1,InterleavedToShardedDeviceOperation,32,3994.0
1253376,,InterleavedToShardedDeviceOperation,32,3961.0
1295360,,InterleavedToShardedDeviceOperation,32,3960.0
1043456,,InterleavedToShardedDeviceOperation,32,3943.0
1710080,1,InterleavedToShardedDeviceOperation,32,3927.0
1379328,,InterleavedToShardedDeviceOperation,32,3914.0
833536,,InterleavedToShardedDeviceOperation,32,3896.0
917504,,InterleavedToShardedDeviceOperation,32,3894.0
1169408,,InterleavedToShardedDeviceOperation,32,3894.0
2717696,1,InterleavedToShardedDeviceOperation,24,3853.0
1668096,1,InterleavedToShardedDeviceOperation,32,3840.0
1794048,1,InterleavedToShardedDeviceOperation,32,3827.0
1463296,,InterleavedToShardedDeviceOperation,32,3820.0
959488,,InterleavedToShardedDeviceOperation,32,3798.0
1127424,,InterleavedToShardedDeviceOperation,32,3766.0
2003968,1,InterleavedToShardedDeviceOperation,32,3764.0
1961984,1,InterleavedToShardedDeviceOperation,32,3740.0
1211392,,InterleavedToShardedDeviceOperation,32,3734.0
1626112,1,InterleavedToShardedDeviceOperation,32,3718.0
300032,,BinaryNgDeviceOperation,64,3656.0
2045952,1,InterleavedToShardedDeviceOperation,32,3648.0
2297856,1,InterleavedToShardedDeviceOperation,32,3563.0
2507776,1,InterleavedToShardedDeviceOperation,32,3563.0
665600,,InterleavedToShardedDeviceOperation,32,3551.0
2465792,1,InterleavedToShardedDeviceOperation,32,3531.0
2339840,1,InterleavedToShardedDeviceOperation,32,3522.0
1580032,1,ShardedToInterleavedDeviceOperation,32,3483.0
2633728,1,InterleavedToShardedDeviceOperation,28,3458.0
1920000,1,InterleavedToShardedDeviceOperation,32,3436.0
2675712,1,InterleavedToShardedDeviceOperation,24,3430.0
2255872,1,InterleavedToShardedDeviceOperation,32,3398.0
368640,,CopyDeviceOperation,64,3370.0
325632,,ShardedToInterleavedDeviceOperation,32,3362.0
2591744,1,InterleavedToShardedDeviceOperation,28,3355.0
315392,,ShardedToInterleavedDeviceOperation,32,3348.0
1554432,1,BinaryNgDeviceOperation,64,3348.0
1584128,1,InterleavedToShardedDeviceOperation,32,3333.0
1569792,1,ShardedToInterleavedDeviceOperation,32,3299.0
1040384,,CopyDeviceOperation,64,3246.0
322560,,CopyDeviceOperation,64,3230.0
2698240,1,ReshardDeviceOperation,24,3228.0
536576,,CopyDeviceOperation,64,3225.0
746496,,CopyDeviceOperation,64,3220.0
2497536,1,ReshardDeviceOperation,32,3199.0
956416,,CopyDeviceOperation,64,3187.0
2110464,1,ReshardDeviceOperation,32,3185.0
914432,,CopyDeviceOperation,64,3181.0
1665024,1,CopyDeviceOperation,64,3171.0
1334272,,CopyDeviceOperation,64,3154.0
872448,,CopyDeviceOperation,64,3144.0
2381824,1,InterleavedToShardedDeviceOperation,32,3104.0
452608,,CopyDeviceOperation,64,3094.0
494592,,CopyDeviceOperation,64,3094.0
2171904,1,InterleavedToShardedDeviceOperation,32,3089.0
2213888,1,InterleavedToShardedDeviceOperation,32,3079.0
1166336,,CopyDeviceOperation,64,3067.0
578560,,CopyDeviceOperation,64,3060.0
830464,,CopyDeviceOperation,64,3057.0
1533952,1,BinaryNgDeviceOperation,64,3047.0
2539520,1,ReshardDeviceOperation,31,3046.0
1250304,,CopyDeviceOperation,64,3044.0
788480,,CopyDeviceOperation,64,3033.0
1544192,1,ReshardDeviceOperation,32,3017.0
1292288,,CopyDeviceOperation,64,3008.0
613376,,ReshardDeviceOperation,32,3005.0
2336768,1,CopyDeviceOperation,64,2996.0
1359872,,ReshardDeviceOperation,32,2989.0
662528,,CopyDeviceOperation,64,2985.0
1418240,,CopyDeviceOperation,64,2980.0
620544,,CopyDeviceOperation,64,2978.0
1832960,1,CopyDeviceOperation,64,2969.0
1825792,1,ReshardDeviceOperation,32,2967.0
279552,,BinaryNgDeviceOperation,64,2958.0
1557504,1,UntilizeWithUnpaddingDeviceOperation,1,2956.0
704512,,CopyDeviceOperation,64,2949.0
1208320,,CopyDeviceOperation,64,2937.0
1124352,,CopyDeviceOperation,64,2934.0
998400,,CopyDeviceOperation,64,2932.0
2236416,1,ReshardDeviceOperation,32,2923.0
2168832,1,CopyDeviceOperation,64,2919.0
1376256,,CopyDeviceOperation,64,2910.0
2714624,1,CopyDeviceOperation,56,2905.0
289792,,ReshardDeviceOperation,32,2904.0
319488,,InterleavedToShardedDeviceOperation,32,2896.0
2203648,1,ReshardDeviceOperation,32,2889.0
1951744,1,ReshardDeviceOperation,32,2880.0
1984512,1,ReshardDeviceOperation,32,2876.0
1867776,1,ReshardDeviceOperation,32,2872.0
445440,,ReshardDeviceOperation,32,2869.0
1916928,1,CopyDeviceOperation,64,2863.0
2581504,1,ReshardDeviceOperation,28,2857.0
1741824,1,ReshardDeviceOperation,32,2855.0
823296,,ReshardDeviceOperation,32,2853.0
2329600,1,ReshardDeviceOperation,32,2848.0
1993728,1,ReshardDeviceOperation,32,2846.0
520192,,ReshardDeviceOperation,32,2845.0
2278400,1,ReshardDeviceOperation,32,2841.0
2119680,1,ReshardDeviceOperation,32,2840.0
1648640,1,ReshardDeviceOperation,32,2837.0
2026496,1,ReshardDeviceOperation,32,2837.0
410624,,CopyDeviceOperation,64,2836.0
1748992,1,CopyDeviceOperation,64,2835.0
2152448,1,ReshardDeviceOperation,32,2828.0
2446336,1,ReshardDeviceOperation,32,2818.0
1082368,,CopyDeviceOperation,64,2812.0
898048,,ReshardDeviceOperation,32,2811.0
2488320,1,ReshardDeviceOperation,32,2809.0
321536,,ShardedToInterleavedDeviceOperation,32,2807.0
1460224,,CopyDeviceOperation,64,2801.0
1191936,,ReshardDeviceOperation,32,2797.0
2068480,1,ReshardDeviceOperation,32,2792.0
2161664,1,ReshardDeviceOperation,32,2781.0
1900544,1,ReshardDeviceOperation,32,2780.0
1699840,1,ReshardDeviceOperation,32,2774.0
2210816,1,CopyDeviceOperation,64,2772.0
1657856,1,ReshardDeviceOperation,32,2769.0
2665472,1,ReshardDeviceOperation,24,2765.0
2656256,1,ReshardDeviceOperation,28,2764.0
2287616,1,ReshardDeviceOperation,32,2763.0
2194432,1,ReshardDeviceOperation,32,2751.0
2588672,1,CopyDeviceOperation,60,2746.0
1576960,1,CopyDeviceOperation,64,2742.0
2707456,1,ReshardDeviceOperation,24,2741.0
2245632,1,ReshardDeviceOperation,32,2740.0
2630656,1,CopyDeviceOperation,60,2731.0
2371584,1,ReshardDeviceOperation,32,2728.0
1159168,,ReshardDeviceOperation,32,2725.0
2462720,1,CopyDeviceOperation,64,2725.0
1453056,,ReshardDeviceOperation,32,2724.0
2413568,1,ReshardDeviceOperation,32,2712.0
1707008,1,CopyDeviceOperation,64,2711.0
1517568,1,BinaryNgDeviceOperation,64,2706.0
2420736,1,CopyDeviceOperation,64,2706.0
1623040,1,CopyDeviceOperation,64,2705.0
604160,,ReshardDeviceOperation,32,2700.0
2404352,1,ReshardDeviceOperation,32,2697.0
571392,,ReshardDeviceOperation,32,2695.0
1783808,1,ReshardDeviceOperation,32,2693.0
2000896,1,CopyDeviceOperation,64,2691.0
303104,,UntilizeWithUnpaddingDeviceOperation,1,2684.0
655360,,ReshardDeviceOperation,32,2678.0
2572288,1,ReshardDeviceOperation,28,2672.0
1486848,1,BinaryNgDeviceOperation,64,2671.0
2035712,1,ReshardDeviceOperation,32,2668.0
394240,,ReshardDeviceOperation,32,2662.0
814080,,ReshardDeviceOperation,32,2659.0
1690624,1,ReshardDeviceOperation,32,2649.0
2455552,1,ReshardDeviceOperation,32,2649.0
1615872,1,ReshardDeviceOperation,32,2648.0
646144,,ReshardDeviceOperation,32,2644.0
529408,,ReshardDeviceOperation,32,2643.0
2252800,1,CopyDeviceOperation,64,2643.0
1790976,1,CopyDeviceOperation,64,2639.0
2042880,1,CopyDeviceOperation,64,2621.0
730112,,ReshardDeviceOperation,32,2612.0
2294784,1,CopyDeviceOperation,64,2611.0
1075200,,ReshardDeviceOperation,32,2605.0
2546688,1,CopyDeviceOperation,63,2603.0
1327104,,ReshardDeviceOperation,32,2601.0
1606656,1,ReshardDeviceOperation,32,2596.0
1909760,1,ReshardDeviceOperation,32,2593.0
2504704,1,CopyDeviceOperation,64,2593.0
2530304,1,ReshardDeviceOperation,31,2592.0
1858560,1,ReshardDeviceOperation,32,2584.0
2378752,1,CopyDeviceOperation,64,2580.0
2453504,1,InterleavedToShardedDeviceOperation,32,2579.0
2672640,1,CopyDeviceOperation,56,2573.0
2077696,1,ReshardDeviceOperation,32,2570.0
1443840,,ReshardDeviceOperation,32,2569.0
2320384,1,ReshardDeviceOperation,32,2566.0
856064,,ReshardDeviceOperation,32,2563.0
697344,,ReshardDeviceOperation,32,2562.0
352256,,ReshardDeviceOperation,32,2557.0
1774592,1,ReshardDeviceOperation,32,2553.0
1033216,,ReshardDeviceOperation,32,2549.0
772096,,ReshardDeviceOperation,32,2547.0
2154496,1,ShardedToInterleavedDeviceOperation,32,2540.0
739328,,ReshardDeviceOperation,32,2535.0
1874944,1,CopyDeviceOperation,64,2535.0
1958912,1,CopyDeviceOperation,64,2535.0
1024000,,ReshardDeviceOperation,32,2533.0
1317888,,ReshardDeviceOperation,32,2531.0
1243136,,ReshardDeviceOperation,32,2527.0
1732608,1,ReshardDeviceOperation,32,2527.0
2623488,1,ReshardDeviceOperation,28,2527.0
1411072,,ReshardDeviceOperation,32,2523.0
1201152,,ReshardDeviceOperation,32,2519.0
1329152,,ShardedToInterleavedDeviceOperation,32,2517.0
858112,,ShardedToInterleavedDeviceOperation,32,2516.0
1065984,,ReshardDeviceOperation,32,2515.0
1816576,1,ReshardDeviceOperation,32,2513.0
2614272,1,ReshardDeviceOperation,28,2511.0
688128,,ReshardDeviceOperation,32,2502.0
1942528,1,ReshardDeviceOperation,32,2499.0
774144,,ShardedToInterleavedDeviceOperation,32,2492.0
1277952,,ShardedToInterleavedDeviceOperation,32,2492.0
2126848,1,CopyDeviceOperation,64,2491.0
2362368,1,ReshardDeviceOperation,32,2488.0
940032,,ReshardDeviceOperation,32,2484.0
478208,,ReshardDeviceOperation,32,2475.0
232448,,BinaryNgDeviceOperation,64,2473.0
606208,,ShardedToInterleavedDeviceOperation,32,2470.0
2084864,1,CopyDeviceOperation,64,2467.0
1107968,,ReshardDeviceOperation,32,2463.0
436224,,ReshardDeviceOperation,32,2459.0
949248,,ReshardDeviceOperation,32,2459.0
1287168,,ShardedToInterleavedDeviceOperation,32,2454.0
1233920,,ReshardDeviceOperation,32,2453.0
865280,,ReshardDeviceOperation,32,2451.0
1117184,,ReshardDeviceOperation,32,2445.0
263168,,BinaryNgDeviceOperation,64,2443.0
1369088,,ReshardDeviceOperation,32,2443.0
577536,,SliceDeviceOperation,64,2441.0
573440,,ShardedToInterleavedDeviceOperation,32,2430.0
1285120,,ReshardDeviceOperation,32,2427.0
1664000,1,SliceDeviceOperation,64,2417.0
991232,,ReshardDeviceOperation,32,2412.0
1401856,,ReshardDeviceOperation,32,2411.0
648192,,ShardedToInterleavedDeviceOperation,32,2405.0
447488,,ShardedToInterleavedDeviceOperation,32,2404.0
1890304,1,BinaryNgDeviceOperation,64,2398.0
361472,,ReshardDeviceOperation,32,2396.0
562176,,ReshardDeviceOperation,32,2395.0
2562048,1,BinaryNgDeviceOperation,60,2392.0
732160,,ShardedToInterleavedDeviceOperation,32,2391.0
2352128,1,BinaryNgDeviceOperation,64,2391.0
982016,,ReshardDeviceOperation,32,2390.0
1680384,1,BinaryNgDeviceOperation,64,2389.0
2016256,1,BinaryNgDeviceOperation,64,2389.0
2688000,1,BinaryNgDeviceOperation,56,2389.0
1932288,1,BinaryNgDeviceOperation,64,2388.0
781312,,ReshardDeviceOperation,32,2387.0
2142208,1,BinaryNgDeviceOperation,64,2387.0
487424,,ReshardDeviceOperation,32,2385.0
2436096,1,BinaryNgDeviceOperation,64,2385.0
907264,,ReshardDeviceOperation,32,2382.0
993280,,ShardedToInterleavedDeviceOperation,32,2382.0
1119232,,ShardedToInterleavedDeviceOperation,32,2382.0
2268160,1,BinaryNgDeviceOperation,64,2382.0
1974272,1,BinaryNgDeviceOperation,64,2381.0
1764352,1,BinaryNgDeviceOperation,64,2380.0
2310144,1,BinaryNgDeviceOperation,64,2380.0
2520064,1,BinaryNgDeviceOperation,63,2380.0
1806336,1,BinaryNgDeviceOperation,64,2379.0
2226176,1,BinaryNgDeviceOperation,64,2379.0
816128,,ShardedToInterleavedDeviceOperation,32,2378.0
984064,,ShardedToInterleavedDeviceOperation,32,2378.0
2058240,1,BinaryNgDeviceOperation,64,2378.0
2184192,1,BinaryNgDeviceOperation,64,2377.0
2100224,1,BinaryNgDeviceOperation,64,2376.0
1722368,1,BinaryNgDeviceOperation,64,2375.0
2394112,1,BinaryNgDeviceOperation,64,2375.0
2478080,1,BinaryNgDeviceOperation,64,2375.0
405504,,ShardedToInterleavedDeviceOperation,32,2374.0
1026048,,ShardedToInterleavedDeviceOperation,32,2374.0
1638400,1,BinaryNgDeviceOperation,64,2374.0
2604032,1,BinaryNgDeviceOperation,60,2373.0
1371136,,ShardedToInterleavedDeviceOperation,32,2372.0
1848320,1,BinaryNgDeviceOperation,64,2372.0
1275904,,ReshardDeviceOperation,32,2371.0
2729984,1,BinaryNgDeviceOperation,48,2371.0
1596416,1,BinaryNgDeviceOperation,64,2361.0
2646016,1,BinaryNgDeviceOperation,60,2359.0
1193984,,ShardedToInterleavedDeviceOperation,32,2351.0
1455104,,ShardedToInterleavedDeviceOperation,32,2349.0
308224,,ReshardDeviceOperation,32,2348.0
783360,,ShardedToInterleavedDeviceOperation,32,2348.0
867328,,ShardedToInterleavedDeviceOperation,32,2347.0
1149952,,ReshardDeviceOperation,32,2347.0
1361920,,ShardedToInterleavedDeviceOperation,32,2346.0
1319936,,ShardedToInterleavedDeviceOperation,32,2345.0
438272,,ShardedToInterleavedDeviceOperation,32,2342.0
825344,,ShardedToInterleavedDeviceOperation,32,2340.0
1152000,,ShardedToInterleavedDeviceOperation,32,2339.0
564224,,ShardedToInterleavedDeviceOperation,32,2338.0
1077248,,ShardedToInterleavedDeviceOperation,32,2336.0
354304,,ShardedToInterleavedDeviceOperation,32,2335.0
310272,,ShardedToInterleavedDeviceOperation,32,2333.0
403456,,ReshardDeviceOperation,32,2332.0
787456,,SliceDeviceOperation,64,2330.0
2541568,1,ShardedToInterleavedDeviceOperation,31,2329.0
741376,,ShardedToInterleavedDeviceOperation,32,2326.0
615424,,ShardedToInterleavedDeviceOperation,32,2324.0
489472,,ShardedToInterleavedDeviceOperation,32,2323.0
291840,,ShardedToInterleavedDeviceOperation,32,2308.0
1035264,,ShardedToInterleavedDeviceOperation,32,2308.0
535552,,SliceDeviceOperation,64,2304.0
480256,,ShardedToInterleavedDeviceOperation,32,2301.0
1235968,,ShardedToInterleavedDeviceOperation,32,2300.0
699392,,ShardedToInterleavedDeviceOperation,32,2299.0
900096,,ShardedToInterleavedDeviceOperation,32,2294.0
522240,,ShardedToInterleavedDeviceOperation,32,2292.0
887808,,BinaryNgDeviceOperation,64,2290.0
1265664,,BinaryNgDeviceOperation,64,2287.0
719872,,BinaryNgDeviceOperation,64,2286.0
1110016,,ShardedToInterleavedDeviceOperation,32,2283.0
1445888,,ShardedToInterleavedDeviceOperation,32,2283.0
677888,,BinaryNgDeviceOperation,64,2281.0
929792,,BinaryNgDeviceOperation,64,2281.0
635904,,BinaryNgDeviceOperation,64,2279.0
845824,,BinaryNgDeviceOperation,64,2279.0
1055744,,BinaryNgDeviceOperation,64,2279.0
1139712,,BinaryNgDeviceOperation,64,2279.0
694272,,SliceDeviceOperation,64,2278.0
384000,,BinaryNgDeviceOperation,64,2277.0
1349632,,BinaryNgDeviceOperation,64,2277.0
2326528,1,SliceDeviceOperation,64,2277.0
1068032,,ShardedToInterleavedDeviceOperation,32,2275.0
295936,,SliceDeviceOperation,64,2274.0
1307648,,BinaryNgDeviceOperation,64,2274.0
509952,,BinaryNgDeviceOperation,64,2271.0
1181696,,BinaryNgDeviceOperation,64,2270.0
1475584,,BinaryNgDeviceOperation,64,2270.0
2070528,1,ShardedToInterleavedDeviceOperation,32,2270.0
425984,,BinaryNgDeviceOperation,64,2268.0
971776,,BinaryNgDeviceOperation,64,2268.0
1013760,,BinaryNgDeviceOperation,64,2268.0
1391616,,BinaryNgDeviceOperation,64,2268.0
1097728,,BinaryNgDeviceOperation,64,2267.0
1433600,,BinaryNgDeviceOperation,64,2267.0
342016,,BinaryNgDeviceOperation,64,2265.0
761856,,BinaryNgDeviceOperation,64,2265.0
942080,,ShardedToInterleavedDeviceOperation,32,2265.0
551936,,BinaryNgDeviceOperation,64,2264.0
1223680,,BinaryNgDeviceOperation,64,2264.0
803840,,BinaryNgDeviceOperation,64,2263.0
593920,,BinaryNgDeviceOperation,64,2262.0
909312,,ShardedToInterleavedDeviceOperation,32,2262.0
1413120,,ShardedToInterleavedDeviceOperation,32,2262.0
690176,,ShardedToInterleavedDeviceOperation,32,2258.0
467968,,BinaryNgDeviceOperation,64,2257.0
1568768,1,SliceDeviceOperation,64,2256.0
1403904,,ShardedToInterleavedDeviceOperation,32,2254.0
1203200,,ShardedToInterleavedDeviceOperation,32,2252.0
1249280,,SliceDeviceOperation,64,2248.0
1590272,1,BinaryNgDeviceOperation,64,2244.0
1245184,,ShardedToInterleavedDeviceOperation,32,2242.0
657408,,ShardedToInterleavedDeviceOperation,32,2238.0
1161216,,ShardedToInterleavedDeviceOperation,32,2227.0
2704384,1,SliceDeviceOperation,56,2223.0
1324032,,SliceDeviceOperation,64,2219.0
363520,,ShardedToInterleavedDeviceOperation,32,2218.0
396288,,ShardedToInterleavedDeviceOperation,32,2213.0
951296,,ShardedToInterleavedDeviceOperation,32,2210.0
652288,,SliceDeviceOperation,64,2205.0
1915904,1,SliceDeviceOperation,64,2196.0
1986560,1,ShardedToInterleavedDeviceOperation,32,2194.0
1156096,,SliceDeviceOperation,64,2192.0
2251776,1,SliceDeviceOperation,64,2189.0
2364416,1,ShardedToInterleavedDeviceOperation,32,2189.0
955392,,SliceDeviceOperation,64,2187.0
2280448,1,ShardedToInterleavedDeviceOperation,32,2183.0
1944576,1,ShardedToInterleavedDeviceOperation,32,2182.0
2196480,1,ShardedToInterleavedDeviceOperation,32,2182.0
871424,,SliceDeviceOperation,64,2181.0
1747968,1,SliceDeviceOperation,64,2173.0
1612800,1,SliceDeviceOperation,64,2168.0
703488,,SliceDeviceOperation,64,2167.0
531456,,ShardedToInterleavedDeviceOperation,32,2166.0
314368,,SliceDeviceOperation,64,2163.0
2671616,1,SliceDeviceOperation,56,2162.0
1827840,1,ShardedToInterleavedDeviceOperation,32,2159.0
2331648,1,ShardedToInterleavedDeviceOperation,32,2158.0
1860608,1,ShardedToInterleavedDeviceOperation,32,2155.0
2709504,1,ShardedToInterleavedDeviceOperation,24,2154.0
1617920,1,ShardedToInterleavedDeviceOperation,32,2152.0
1776640,1,ShardedToInterleavedDeviceOperation,32,2149.0
778240,,SliceDeviceOperation,64,2147.0
367616,,SliceDeviceOperation,64,2145.0
2616320,1,ShardedToInterleavedDeviceOperation,28,2145.0
619520,,SliceDeviceOperation,64,2139.0
2209792,1,SliceDeviceOperation,64,2136.0
2406400,1,ShardedToInterleavedDeviceOperation,32,2135.0
2448384,1,ShardedToInterleavedDeviceOperation,32,2135.0
2125824,1,SliceDeviceOperation,64,2133.0
946176,,SliceDeviceOperation,64,2130.0
736256,,SliceDeviceOperation,64,2124.0
1650688,1,ShardedToInterleavedDeviceOperation,32,2123.0
2247680,1,ShardedToInterleavedDeviceOperation,32,2121.0
1417216,,SliceDeviceOperation,64,2120.0
335872,,BinaryNgDeviceOperation,64,2119.0
304128,,RepeatDeviceOperation,64,2114.0
1558528,1,RepeatDeviceOperation,64,2114.0
2041856,1,SliceDeviceOperation,64,2112.0
2167808,1,SliceDeviceOperation,64,2112.0
568320,,SliceDeviceOperation,64,2107.0
1990656,1,SliceDeviceOperation,64,2105.0
2503680,1,SliceDeviceOperation,64,2105.0
1282048,,SliceDeviceOperation,64,2102.0
358400,,SliceDeviceOperation,64,2089.0
484352,,SliceDeviceOperation,64,2083.0
1039360,,SliceDeviceOperation,64,2082.0
1123328,,SliceDeviceOperation,64,2080.0
442368,,SliceDeviceOperation,64,2073.0
1822720,1,SliceDeviceOperation,64,2073.0
1333248,,SliceDeviceOperation,64,2072.0
2494464,1,SliceDeviceOperation,64,2072.0
1780736,1,SliceDeviceOperation,64,2070.0
1948672,1,SliceDeviceOperation,64,2070.0
1902592,1,ShardedToInterleavedDeviceOperation,32,2063.0
1906688,1,SliceDeviceOperation,64,2062.0
862208,,SliceDeviceOperation,64,2058.0
1734656,1,ShardedToInterleavedDeviceOperation,32,2057.0
2410496,1,SliceDeviceOperation,64,2056.0
2028544,1,ShardedToInterleavedDeviceOperation,32,2051.0
1654784,1,SliceDeviceOperation,64,2048.0
610304,,SliceDeviceOperation,64,2046.0
1207296,,SliceDeviceOperation,64,2046.0
1408000,,SliceDeviceOperation,64,2046.0
2620416,1,SliceDeviceOperation,60,2045.0
400384,,SliceDeviceOperation,64,2042.0
493568,,SliceDeviceOperation,64,2042.0
2242560,1,SliceDeviceOperation,64,2040.0
2629632,1,SliceDeviceOperation,60,2040.0
285696,,TypecastDeviceOperation,4,2039.0
1165312,,SliceDeviceOperation,64,2036.0
661504,,SliceDeviceOperation,64,2033.0
2578432,1,SliceDeviceOperation,60,2030.0
409600,,SliceDeviceOperation,64,2026.0
904192,,SliceDeviceOperation,64,2024.0
1692672,1,ShardedToInterleavedDeviceOperation,32,2024.0
745472,,SliceDeviceOperation,64,2021.0
1608704,1,ShardedToInterleavedDeviceOperation,32,2021.0
1546240,1,ShardedToInterleavedDeviceOperation,32,2020.0
2112512,1,ShardedToInterleavedDeviceOperation,32,2015.0
2293760,1,SliceDeviceOperation,64,2014.0
1291264,,SliceDeviceOperation,64,2013.0
2587648,1,SliceDeviceOperation,60,2013.0
317440,,RepeatDeviceOperation,64,2011.0
1198080,,SliceDeviceOperation,64,2010.0
1449984,,SliceDeviceOperation,64,2006.0
2545664,1,SliceDeviceOperation,63,2001.0
1957888,1,SliceDeviceOperation,64,2000.0
1831936,1,SliceDeviceOperation,64,1999.0
288768,,TypecastDeviceOperation,4,1998.0
1785856,1,ShardedToInterleavedDeviceOperation,32,1996.0
1030144,,SliceDeviceOperation,64,1991.0
1743872,1,ShardedToInterleavedDeviceOperation,32,1991.0
1953792,1,ShardedToInterleavedDeviceOperation,32,1987.0
2335744,1,SliceDeviceOperation,64,1985.0
2415616,1,ShardedToInterleavedDeviceOperation,32,1985.0
2074624,1,SliceDeviceOperation,64,1984.0
1911808,1,ShardedToInterleavedDeviceOperation,32,1981.0
2158592,1,SliceDeviceOperation,64,1979.0
2713600,1,SliceDeviceOperation,56,1976.0
2284544,1,SliceDeviceOperation,64,1973.0
913408,,SliceDeviceOperation,64,1966.0
2662400,1,SliceDeviceOperation,59,1966.0
2583552,1,ShardedToInterleavedDeviceOperation,28,1965.0
1622016,1,SliceDeviceOperation,64,1964.0
2121728,1,ShardedToInterleavedDeviceOperation,32,1962.0
1072128,,SliceDeviceOperation,64,1960.0
2658304,1,ShardedToInterleavedDeviceOperation,28,1960.0
526336,,SliceDeviceOperation,64,1956.0
1550336,1,SliceDeviceOperation,64,1955.0
1539072,1,UnaryDeviceOperation,64,1952.0
2200576,1,SliceDeviceOperation,64,1952.0
820224,,SliceDeviceOperation,64,1949.0
1081344,,SliceDeviceOperation,64,1946.0
997376,,SliceDeviceOperation,64,1943.0
2083840,1,SliceDeviceOperation,64,1937.0
2368512,1,SliceDeviceOperation,64,1937.0
1366016,,SliceDeviceOperation,64,1932.0
829440,,SliceDeviceOperation,64,1930.0
2238464,1,ShardedToInterleavedDeviceOperation,32,1930.0
2116608,1,SliceDeviceOperation,64,1928.0
988160,,SliceDeviceOperation,64,1924.0
1459200,,SliceDeviceOperation,64,1917.0
1789952,1,SliceDeviceOperation,64,1912.0
2032640,1,SliceDeviceOperation,64,1911.0
1114112,,SliceDeviceOperation,64,1909.0
2536448,1,SliceDeviceOperation,63,1909.0
451584,,SliceDeviceOperation,64,1908.0
1562624,1,ReshardDeviceOperation,32,1905.0
2289664,1,ShardedToInterleavedDeviceOperation,32,1903.0
1864704,1,SliceDeviceOperation,64,1901.0
2452480,1,SliceDeviceOperation,64,1900.0
1575936,1,ShardedToInterleavedDeviceOperation,32,1899.0
1240064,,SliceDeviceOperation,64,1897.0
1738752,1,SliceDeviceOperation,64,1897.0
2419712,1,SliceDeviceOperation,64,1890.0
1104896,,ShardedToInterleavedDeviceOperation,64,1887.0
1818624,1,ShardedToInterleavedDeviceOperation,32,1887.0
2377728,1,SliceDeviceOperation,64,1884.0
1540096,1,TypecastDeviceOperation,4,1879.0
1696768,1,SliceDeviceOperation,64,1879.0
1999872,1,SliceDeviceOperation,64,1878.0
1543168,1,TypecastDeviceOperation,4,1873.0
2149376,1,ShardedToInterleavedDeviceOperation,64,1871.0
2499584,1,ShardedToInterleavedDeviceOperation,32,1869.0
2322432,1,ShardedToInterleavedDeviceOperation,32,1867.0
1375232,,SliceDeviceOperation,64,1866.0
1705984,1,SliceDeviceOperation,64,1865.0
2079744,1,ShardedToInterleavedDeviceOperation,32,1859.0
2490368,1,ShardedToInterleavedDeviceOperation,32,1852.0
284672,,UnaryDeviceOperation,64,1851.0
2700288,1,ShardedToInterleavedDeviceOperation,24,1851.0
1659904,1,ShardedToInterleavedDeviceOperation,32,1836.0
2359296,1,ShardedToInterleavedDeviceOperation,64,1834.0
2742272,,UntilizeWithUnpaddingDeviceOperation,1,1834.0
2233344,1,ShardedToInterleavedDeviceOperation,64,1831.0
2752512,,UntilizeWithUnpaddingDeviceOperation,1,1831.0
2740224,,UntilizeWithUnpaddingDeviceOperation,1,1829.0
2532352,1,ShardedToInterleavedDeviceOperation,31,1827.0
2762752,,UntilizeWithUnpaddingDeviceOperation,1,1825.0
2461696,1,SliceDeviceOperation,64,1821.0
1529856,1,RepeatDeviceOperation,64,1811.0
2205696,1,ShardedToInterleavedDeviceOperation,32,1807.0
1542144,1,UnaryDeviceOperation,64,1806.0
1873920,1,SliceDeviceOperation,64,1802.0
2574336,1,ShardedToInterleavedDeviceOperation,28,1792.0
1701888,1,ShardedToInterleavedDeviceOperation,32,1789.0
1995776,1,ShardedToInterleavedDeviceOperation,32,1784.0
2625536,1,ShardedToInterleavedDeviceOperation,28,1773.0
443392,,InterleavedToShardedDeviceOperation,32,1765.0
2765824,,UntilizeWithUnpaddingDeviceOperation,1,1764.0
2653184,1,ShardedToInterleavedDeviceOperation,60,1755.0
475136,,ShardedToInterleavedDeviceOperation,64,1740.0
2275328,1,ShardedToInterleavedDeviceOperation,64,1736.0
936960,,ShardedToInterleavedDeviceOperation,64,1735.0
2753536,,UntilizeWithUnpaddingDeviceOperation,1,1730.0
601088,,ShardedToInterleavedDeviceOperation,64,1727.0
2757632,,UntilizeWithUnpaddingDeviceOperation,1,1727.0
762880,,ShardedToInterleavedDeviceOperation,48,1722.0
2373632,1,ShardedToInterleavedDeviceOperation,32,1715.0
1062912,,ShardedToInterleavedDeviceOperation,64,1713.0
2750464,,UntilizeWithUnpaddingDeviceOperation,1,1713.0
1230848,,ShardedToInterleavedDeviceOperation,64,1709.0
287744,,UnaryDeviceOperation,64,1707.0
1939456,1,ShardedToInterleavedDeviceOperation,64,1704.0
2741248,,UntilizeWithUnpaddingDeviceOperation,1,1702.0
2457600,1,ShardedToInterleavedDeviceOperation,32,1697.0
2748416,,UntilizeWithUnpaddingDeviceOperation,1,1697.0
1527808,1,ShardedToInterleavedDeviceOperation,64,1695.0
2065408,1,ShardedToInterleavedDeviceOperation,64,1695.0
2754560,,UntilizeWithUnpaddingDeviceOperation,1,1695.0
2759680,,UntilizeWithUnpaddingDeviceOperation,1,1695.0
2766848,,UntilizeWithUnpaddingDeviceOperation,1,1693.0
2037760,1,ShardedToInterleavedDeviceOperation,32,1689.0
1398784,,ShardedToInterleavedDeviceOperation,64,1687.0
2760704,,UntilizeWithUnpaddingDeviceOperation,1,1686.0
2746368,,UntilizeWithUnpaddingDeviceOperation,1,1682.0
2749440,,UntilizeWithUnpaddingDeviceOperation,1,1681.0
433152,,ShardedToInterleavedDeviceOperation,64,1679.0
1098752,,ShardedToInterleavedDeviceOperation,48,1679.0
2768896,,UntilizeWithUnpaddingDeviceOperation,1,1678.0
2755584,,UntilizeWithUnpaddingDeviceOperation,1,1677.0
2745344,,UntilizeWithUnpaddingDeviceOperation,1,1676.0
2758656,,UntilizeWithUnpaddingDeviceOperation,1,1676.0
2761728,,UntilizeWithUnpaddingDeviceOperation,1,1676.0
1020928,,ShardedToInterleavedDeviceOperation,64,1672.0
1146880,,ShardedToInterleavedDeviceOperation,64,1671.0
2763776,,UntilizeWithUnpaddingDeviceOperation,1,1665.0
2764800,,UntilizeWithUnpaddingDeviceOperation,1,1664.0
1981440,1,ShardedToInterleavedDeviceOperation,64,1663.0
2744320,,UntilizeWithUnpaddingDeviceOperation,1,1662.0
2756608,,UntilizeWithUnpaddingDeviceOperation,1,1661.0
2163712,1,ShardedToInterleavedDeviceOperation,32,1660.0
2747392,,UntilizeWithUnpaddingDeviceOperation,1,1659.0
2767872,,UntilizeWithUnpaddingDeviceOperation,1,1656.0
273408,,ShardedToInterleavedDeviceOperation,64,1655.0
1272832,,ShardedToInterleavedDeviceOperation,64,1655.0
2751488,,UntilizeWithUnpaddingDeviceOperation,1,1655.0
2743296,,UntilizeWithUnpaddingDeviceOperation,1,1651.0
1571840,1,RepeatDeviceOperation,64,1650.0
643072,,ShardedToInterleavedDeviceOperation,64,1647.0
685056,,ShardedToInterleavedDeviceOperation,64,1647.0
811008,,ShardedToInterleavedDeviceOperation,64,1647.0
930816,,ShardedToInterleavedDeviceOperation,48,1643.0
1224704,,ShardedToInterleavedDeviceOperation,48,1636.0
275456,,RepeatDeviceOperation,64,1634.0
1531904,1,TypecastDeviceOperation,1,1627.0
972800,,ShardedToInterleavedDeviceOperation,48,1624.0
1188864,,ShardedToInterleavedDeviceOperation,64,1623.0
2569216,1,ShardedToInterleavedDeviceOperation,60,1623.0
282624,,ConcatDeviceOperation,4,1618.0
888832,,ShardedToInterleavedDeviceOperation,48,1618.0
1308672,,ShardedToInterleavedDeviceOperation,48,1615.0
852992,,ShardedToInterleavedDeviceOperation,64,1612.0
1140736,,ShardedToInterleavedDeviceOperation,48,1611.0
1476608,,ShardedToInterleavedDeviceOperation,48,1609.0
1266688,,ShardedToInterleavedDeviceOperation,48,1608.0
1350656,,ShardedToInterleavedDeviceOperation,48,1608.0
1855488,1,ShardedToInterleavedDeviceOperation,64,1608.0
510976,,ShardedToInterleavedDeviceOperation,48,1607.0
1603584,1,ShardedToInterleavedDeviceOperation,64,1607.0
894976,,ShardedToInterleavedDeviceOperation,64,1600.0
846848,,ShardedToInterleavedDeviceOperation,48,1595.0
2667520,1,ShardedToInterleavedDeviceOperation,24,1595.0
636928,,ShardedToInterleavedDeviceOperation,48,1592.0
727040,,ShardedToInterleavedDeviceOperation,64,1588.0
1241088,,InterleavedToShardedDeviceOperation,32,1587.0
2443264,1,ShardedToInterleavedDeviceOperation,64,1585.0
391168,,ShardedToInterleavedDeviceOperation,64,1581.0
349184,,ShardedToInterleavedDeviceOperation,64,1576.0
1869824,1,ShardedToInterleavedDeviceOperation,32,1576.0
821248,,InterleavedToShardedDeviceOperation,32,1573.0
1434624,,ShardedToInterleavedDeviceOperation,48,1568.0
720896,,ShardedToInterleavedDeviceOperation,48,1567.0
2485248,1,ShardedToInterleavedDeviceOperation,64,1567.0
947200,,InterleavedToShardedDeviceOperation,32,1565.0
485376,,InterleavedToShardedDeviceOperation,32,1562.0
2191360,1,ShardedToInterleavedDeviceOperation,64,1560.0
769024,,ShardedToInterleavedDeviceOperation,64,1559.0
1314816,,ShardedToInterleavedDeviceOperation,64,1559.0
1356800,,ShardedToInterleavedDeviceOperation,64,1559.0
1537024,1,ConcatDeviceOperation,4,1559.0
1933312,1,ShardedToInterleavedDeviceOperation,48,1550.0
804864,,ShardedToInterleavedDeviceOperation,48,1544.0
1182720,,ShardedToInterleavedDeviceOperation,48,1544.0
343040,,ShardedToInterleavedDeviceOperation,48,1540.0
552960,,ShardedToInterleavedDeviceOperation,48,1540.0
978944,,ShardedToInterleavedDeviceOperation,64,1537.0
468992,,ShardedToInterleavedDeviceOperation,48,1528.0
559104,,ShardedToInterleavedDeviceOperation,64,1528.0
678912,,ShardedToInterleavedDeviceOperation,48,1523.0
1031168,,InterleavedToShardedDeviceOperation,32,1522.0
1283072,,InterleavedToShardedDeviceOperation,32,1521.0
653312,,InterleavedToShardedDeviceOperation,32,1518.0
1440768,,ShardedToInterleavedDeviceOperation,64,1511.0
1073152,,InterleavedToShardedDeviceOperation,32,1499.0
1014784,,ShardedToInterleavedDeviceOperation,48,1498.0
296960,,InterleavedToShardedDeviceOperation,32,1496.0
1771520,1,ShardedToInterleavedDeviceOperation,64,1496.0
306176,,InterleavedToShardedDeviceOperation,32,1488.0
527360,,InterleavedToShardedDeviceOperation,32,1488.0
695296,,InterleavedToShardedDeviceOperation,32,1488.0
905216,,InterleavedToShardedDeviceOperation,32,1488.0
1325056,,InterleavedToShardedDeviceOperation,32,1488.0
385024,,ShardedToInterleavedDeviceOperation,48,1480.0
1157120,,InterleavedToShardedDeviceOperation,32,1475.0
1367040,,InterleavedToShardedDeviceOperation,32,1474.0
517120,,ShardedToInterleavedDeviceOperation,64,1471.0
1519616,1,TypecastDeviceOperation,32,1466.0
779264,,InterleavedToShardedDeviceOperation,32,1465.0
569344,,InterleavedToShardedDeviceOperation,32,1463.0
277504,,TypecastDeviceOperation,1,1461.0
863232,,InterleavedToShardedDeviceOperation,32,1461.0
1392640,,ShardedToInterleavedDeviceOperation,48,1458.0
1451008,,InterleavedToShardedDeviceOperation,32,1454.0
1560576,1,InterleavedToShardedDeviceOperation,32,1454.0
265216,,TypecastDeviceOperation,32,1453.0
1409024,,InterleavedToShardedDeviceOperation,32,1452.0
427008,,ShardedToInterleavedDeviceOperation,48,1450.0
2317312,1,ShardedToInterleavedDeviceOperation,64,1449.0
2611200,1,ShardedToInterleavedDeviceOperation,60,1449.0
1199104,,InterleavedToShardedDeviceOperation,32,1443.0
1115136,,InterleavedToShardedDeviceOperation,32,1442.0
1597440,1,ShardedToInterleavedDeviceOperation,48,1440.0
1849344,1,ShardedToInterleavedDeviceOperation,48,1440.0
989184,,InterleavedToShardedDeviceOperation,32,1432.0
1729536,1,ShardedToInterleavedDeviceOperation,64,1427.0
611328,,InterleavedToShardedDeviceOperation,32,1422.0
737280,,InterleavedToShardedDeviceOperation,32,1422.0
1723392,1,ShardedToInterleavedDeviceOperation,48,1422.0
2695168,1,ShardedToInterleavedDeviceOperation,56,1419.0
594944,,ShardedToInterleavedDeviceOperation,48,1416.0
359424,,InterleavedToShardedDeviceOperation,32,1415.0
1056768,,ShardedToInterleavedDeviceOperation,48,1408.0
2537472,1,InterleavedToShardedDeviceOperation,31,1408.0
2605056,1,ShardedToInterleavedDeviceOperation,44,1407.0
401408,,InterleavedToShardedDeviceOperation,32,1400.0
2311168,1,ShardedToInterleavedDeviceOperation,48,1400.0
1907712,1,InterleavedToShardedDeviceOperation,32,1396.0
1891328,1,ShardedToInterleavedDeviceOperation,48,1393.0
2059264,1,ShardedToInterleavedDeviceOperation,48,1385.0
2731008,1,ShardedToInterleavedDeviceOperation,32,1384.0
2143232,1,ShardedToInterleavedDeviceOperation,48,1381.0
2621440,1,InterleavedToShardedDeviceOperation,28,1358.0
1897472,1,ShardedToInterleavedDeviceOperation,64,1357.0
1975296,1,ShardedToInterleavedDeviceOperation,48,1349.0
2101248,1,ShardedToInterleavedDeviceOperation,48,1343.0
1687552,1,ShardedToInterleavedDeviceOperation,64,1341.0
2227200,1,ShardedToInterleavedDeviceOperation,48,1337.0
2185216,1,ShardedToInterleavedDeviceOperation,48,1332.0
2437120,1,ShardedToInterleavedDeviceOperation,48,1313.0
2521088,1,ShardedToInterleavedDeviceOperation,47,1311.0
1655808,1,InterleavedToShardedDeviceOperation,32,1310.0
2369536,1,InterleavedToShardedDeviceOperation,32,1310.0
2479104,1,ShardedToInterleavedDeviceOperation,48,1304.0
1551360,1,InterleavedToShardedDeviceOperation,32,1300.0
1564672,1,ShardedToInterleavedDeviceOperation,32,1298.0
2395136,1,ShardedToInterleavedDeviceOperation,48,1294.0
1765376,1,ShardedToInterleavedDeviceOperation,48,1291.0
2107392,1,ShardedToInterleavedDeviceOperation,64,1288.0
2269184,1,ShardedToInterleavedDeviceOperation,48,1272.0
2159616,1,InterleavedToShardedDeviceOperation,32,1268.0
1949696,1,InterleavedToShardedDeviceOperation,32,1267.0
1089536,,ShardedToInterleavedDeviceOperation,16,1257.0
2563072,1,ShardedToInterleavedDeviceOperation,44,1256.0
1813504,1,ShardedToInterleavedDeviceOperation,64,1252.0
2411520,1,InterleavedToShardedDeviceOperation,32,1244.0
2495488,1,InterleavedToShardedDeviceOperation,32,1244.0
1639424,1,ShardedToInterleavedDeviceOperation,48,1239.0
585728,,ShardedToInterleavedDeviceOperation,16,1236.0
1613824,1,InterleavedToShardedDeviceOperation,32,1232.0
1697792,1,InterleavedToShardedDeviceOperation,32,1223.0
333824,,ShardedToInterleavedDeviceOperation,16,1221.0
2353152,1,ShardedToInterleavedDeviceOperation,48,1221.0
2689024,1,ShardedToInterleavedDeviceOperation,40,1221.0
627712,,ShardedToInterleavedDeviceOperation,16,1220.0
1681408,1,ShardedToInterleavedDeviceOperation,48,1219.0
669696,,ShardedToInterleavedDeviceOperation,16,1217.0
1425408,,ShardedToInterleavedDeviceOperation,16,1217.0
2017280,1,ShardedToInterleavedDeviceOperation,48,1215.0
1739776,1,InterleavedToShardedDeviceOperation,32,1214.0
1645568,1,ShardedToInterleavedDeviceOperation,64,1213.0
2527232,1,ShardedToInterleavedDeviceOperation,63,1211.0
417792,,ShardedToInterleavedDeviceOperation,16,1209.0
921600,,ShardedToInterleavedDeviceOperation,16,1209.0
1383424,,ShardedToInterleavedDeviceOperation,16,1209.0
2201600,1,InterleavedToShardedDeviceOperation,32,1204.0
1823744,1,InterleavedToShardedDeviceOperation,32,1203.0
711680,,ShardedToInterleavedDeviceOperation,16,1202.0
963584,,ShardedToInterleavedDeviceOperation,16,1201.0
2705408,1,InterleavedToShardedDeviceOperation,24,1200.0
543744,,ShardedToInterleavedDeviceOperation,16,1197.0
1257472,,ShardedToInterleavedDeviceOperation,16,1196.0
501760,,ShardedToInterleavedDeviceOperation,16,1193.0
2033664,1,InterleavedToShardedDeviceOperation,32,1192.0
2647040,1,ShardedToInterleavedDeviceOperation,44,1192.0
837632,,ShardedToInterleavedDeviceOperation,16,1187.0
753664,,ShardedToInterleavedDeviceOperation,16,1185.0
795648,,ShardedToInterleavedDeviceOperation,16,1183.0
2401280,1,ShardedToInterleavedDeviceOperation,64,1181.0
1341440,,ShardedToInterleavedDeviceOperation,16,1178.0
2243584,1,InterleavedToShardedDeviceOperation,32,1178.0
1215488,,ShardedToInterleavedDeviceOperation,16,1177.0
1299456,,ShardedToInterleavedDeviceOperation,16,1177.0
1131520,,ShardedToInterleavedDeviceOperation,16,1171.0
1807360,1,ShardedToInterleavedDeviceOperation,48,1170.0
1047552,,ShardedToInterleavedDeviceOperation,16,1169.0
1467392,,ShardedToInterleavedDeviceOperation,16,1169.0
2023424,1,ShardedToInterleavedDeviceOperation,64,1153.0
1781760,1,InterleavedToShardedDeviceOperation,32,1146.0
375808,,ShardedToInterleavedDeviceOperation,16,1145.0
1005568,,ShardedToInterleavedDeviceOperation,16,1145.0
879616,,ShardedToInterleavedDeviceOperation,16,1144.0
1173504,,ShardedToInterleavedDeviceOperation,16,1144.0
2117632,1,InterleavedToShardedDeviceOperation,32,1137.0
2579456,1,InterleavedToShardedDeviceOperation,28,1135.0
2075648,1,InterleavedToShardedDeviceOperation,32,1125.0
1588224,1,ShardedToInterleavedDeviceOperation,16,1124.0
1714176,1,ShardedToInterleavedDeviceOperation,16,1122.0
2663424,1,InterleavedToShardedDeviceOperation,27,1119.0
459776,,ShardedToInterleavedDeviceOperation,16,1110.0
1991680,1,InterleavedToShardedDeviceOperation,32,1100.0
1865728,1,InterleavedToShardedDeviceOperation,32,1092.0
2327552,1,InterleavedToShardedDeviceOperation,32,1072.0
2301952,1,ShardedToInterleavedDeviceOperation,16,1064.0
2385920,1,ShardedToInterleavedDeviceOperation,16,1063.0
2285568,1,InterleavedToShardedDeviceOperation,32,1046.0
2259968,1,ShardedToInterleavedDeviceOperation,16,1025.0
2553856,1,ShardedToInterleavedDeviceOperation,12,1020.0
2217984,1,ShardedToInterleavedDeviceOperation,16,1007.0
2176000,1,ShardedToInterleavedDeviceOperation,16,993.0
1630208,1,ShardedToInterleavedDeviceOperation,16,986.0
2679808,1,ShardedToInterleavedDeviceOperation,8,986.0
1756160,1,ShardedToInterleavedDeviceOperation,16,985.0
1882112,1,ShardedToInterleavedDeviceOperation,16,985.0
2134016,1,ShardedToInterleavedDeviceOperation,16,985.0
2511872,1,ShardedToInterleavedDeviceOperation,15,978.0
1798144,1,ShardedToInterleavedDeviceOperation,16,971.0
1672192,1,ShardedToInterleavedDeviceOperation,16,969.0
2469888,1,ShardedToInterleavedDeviceOperation,16,963.0
2008064,1,ShardedToInterleavedDeviceOperation,16,961.0
1840128,1,ShardedToInterleavedDeviceOperation,16,955.0
2050048,1,ShardedToInterleavedDeviceOperation,16,948.0
2343936,1,ShardedToInterleavedDeviceOperation,16,937.0
257024,,ShardedToInterleavedDeviceOperation,1,931.0
264192,,ShardedToInterleavedDeviceOperation,1,929.0
1514496,1,ShardedToInterleavedDeviceOperation,1,921.0
1523712,1,InterleavedToShardedDeviceOperation,32,915.0
2637824,1,ShardedToInterleavedDeviceOperation,12,913.0
2092032,1,ShardedToInterleavedDeviceOperation,16,905.0
1924096,1,ShardedToInterleavedDeviceOperation,16,897.0
2427904,1,ShardedToInterleavedDeviceOperation,16,891.0
267264,,CopyDeviceOperation,1,889.0
927744,,ShardedToInterleavedDeviceOperation,32,879.0
1521664,1,CopyDeviceOperation,1,879.0
1966080,1,ShardedToInterleavedDeviceOperation,16,876.0
515072,,ShardedToInterleavedDeviceOperation,32,870.0
1219584,,ShardedToInterleavedDeviceOperation,32,869.0
2138112,1,ShardedToInterleavedDeviceOperation,32,869.0
715776,,ShardedToInterleavedDeviceOperation,32,863.0
2306048,1,ShardedToInterleavedDeviceOperation,32,863.0
1601536,1,ShardedToInterleavedDeviceOperation,32,862.0
549888,,ShardedToInterleavedDeviceOperation,32,857.0
1347584,,ShardedToInterleavedDeviceOperation,32,857.0
799744,,ShardedToInterleavedDeviceOperation,32,855.0
631808,,ShardedToInterleavedDeviceOperation,32,854.0
1538048,1,InterleavedToShardedDeviceOperation,4,848.0
1387520,,ShardedToInterleavedDeviceOperation,32,847.0
633856,,ShardedToInterleavedDeviceOperation,32,846.0
1177600,,ShardedToInterleavedDeviceOperation,32,846.0
934912,,ShardedToInterleavedDeviceOperation,32,845.0
757760,,ShardedToInterleavedDeviceOperation,32,839.0
1018880,,ShardedToInterleavedDeviceOperation,32,839.0
473088,,ShardedToInterleavedDeviceOperation,32,838.0
1928192,1,ShardedToInterleavedDeviceOperation,32,836.0
2222080,1,ShardedToInterleavedDeviceOperation,32,836.0
381952,,ShardedToInterleavedDeviceOperation,32,831.0
591872,,ShardedToInterleavedDeviceOperation,32,831.0
925696,,ShardedToInterleavedDeviceOperation,32,831.0
1354752,,ShardedToInterleavedDeviceOperation,32,831.0
2147328,1,ShardedToInterleavedDeviceOperation,32,831.0
1312768,,ShardedToInterleavedDeviceOperation,32,830.0
1261568,,ShardedToInterleavedDeviceOperation,32,829.0
1431552,,ShardedToInterleavedDeviceOperation,32,829.0
421888,,ShardedToInterleavedDeviceOperation,32,828.0
1263616,,ShardedToInterleavedDeviceOperation,32,828.0
1511424,1,ShardedToInterleavedDeviceOperation,1,825.0
589824,,ShardedToInterleavedDeviceOperation,32,823.0
1345536,,ShardedToInterleavedDeviceOperation,32,823.0
1505280,1,ShardedToInterleavedDeviceOperation,1,822.0
1685504,1,ShardedToInterleavedDeviceOperation,32,822.0
683008,,ShardedToInterleavedDeviceOperation,32,817.0
389120,,ShardedToInterleavedDeviceOperation,32,815.0
1303552,,ShardedToInterleavedDeviceOperation,32,815.0
717824,,ShardedToInterleavedDeviceOperation,32,814.0
801792,,ShardedToInterleavedDeviceOperation,32,814.0
1438720,,ShardedToInterleavedDeviceOperation,32,814.0
1186816,,ShardedToInterleavedDeviceOperation,32,813.0
1895424,1,ShardedToInterleavedDeviceOperation,32,813.0
599040,,ShardedToInterleavedDeviceOperation,32,812.0
1886208,1,ShardedToInterleavedDeviceOperation,32,812.0
675840,,ShardedToInterleavedDeviceOperation,32,810.0
1135616,,ShardedToInterleavedDeviceOperation,32,810.0
2231296,1,ShardedToInterleavedDeviceOperation,32,810.0
249856,,ShardedToInterleavedDeviceOperation,1,809.0
271360,,ShardedToInterleavedDeviceOperation,32,808.0
724992,,ShardedToInterleavedDeviceOperation,32,808.0
337920,,ShardedToInterleavedDeviceOperation,32,807.0
431104,,ShardedToInterleavedDeviceOperation,32,807.0
463872,,ShardedToInterleavedDeviceOperation,32,807.0
1471488,,ShardedToInterleavedDeviceOperation,32,807.0
1389568,,ShardedToInterleavedDeviceOperation,32,806.0
2348032,1,ShardedToInterleavedDeviceOperation,32,806.0
1053696,,ShardedToInterleavedDeviceOperation,32,805.0
1811456,1,ShardedToInterleavedDeviceOperation,32,804.0
347136,,ShardedToInterleavedDeviceOperation,32,799.0
641024,,ShardedToInterleavedDeviceOperation,32,799.0
892928,,ShardedToInterleavedDeviceOperation,32,799.0
1221632,,ShardedToInterleavedDeviceOperation,32,799.0
883712,,ShardedToInterleavedDeviceOperation,32,798.0
1473536,,ShardedToInterleavedDeviceOperation,32,798.0
1480704,,ReshardDeviceOperation,16,798.0
1508352,1,ShardedToInterleavedDeviceOperation,1,798.0
1429504,,ShardedToInterleavedDeviceOperation,32,794.0
505856,,ShardedToInterleavedDeviceOperation,32,791.0
1144832,,ShardedToInterleavedDeviceOperation,32,791.0
1270784,,ShardedToInterleavedDeviceOperation,32,791.0
1093632,,ShardedToInterleavedDeviceOperation,32,790.0
339968,,ShardedToInterleavedDeviceOperation,32,789.0
673792,,ShardedToInterleavedDeviceOperation,32,789.0
969728,,ShardedToInterleavedDeviceOperation,32,789.0
2063360,1,ShardedToInterleavedDeviceOperation,32,789.0
1095680,,ShardedToInterleavedDeviceOperation,32,788.0
1137664,,ShardedToInterleavedDeviceOperation,32,788.0
2315264,1,ShardedToInterleavedDeviceOperation,32,788.0
379904,,ShardedToInterleavedDeviceOperation,32,787.0
465920,,ShardedToInterleavedDeviceOperation,32,785.0
976896,,ShardedToInterleavedDeviceOperation,32,785.0
2595840,1,ShardedToInterleavedDeviceOperation,12,785.0
885760,,ShardedToInterleavedDeviceOperation,32,783.0
1009664,,ShardedToInterleavedDeviceOperation,32,783.0
1102848,,ShardedToInterleavedDeviceOperation,32,783.0
759808,,ShardedToInterleavedDeviceOperation,32,782.0
1228800,,ShardedToInterleavedDeviceOperation,32,782.0
2012160,1,ShardedToInterleavedDeviceOperation,32,780.0
2721792,1,ShardedToInterleavedDeviceOperation,8,780.0
850944,,ShardedToInterleavedDeviceOperation,32,778.0
808960,,ShardedToInterleavedDeviceOperation,32,777.0
1634304,1,ShardedToInterleavedDeviceOperation,32,777.0
1643520,1,ShardedToInterleavedDeviceOperation,32,776.0
423936,,ShardedToInterleavedDeviceOperation,32,775.0
507904,,ShardedToInterleavedDeviceOperation,32,775.0
547840,,ShardedToInterleavedDeviceOperation,32,775.0
1305600,,ShardedToInterleavedDeviceOperation,32,775.0
2054144,1,ShardedToInterleavedDeviceOperation,32,775.0
2390016,1,ShardedToInterleavedDeviceOperation,32,775.0
1060864,,ShardedToInterleavedDeviceOperation,32,774.0
1179648,,ShardedToInterleavedDeviceOperation,32,774.0
1853440,1,ShardedToInterleavedDeviceOperation,32,774.0
967680,,ShardedToInterleavedDeviceOperation,32,773.0
2399232,1,ShardedToInterleavedDeviceOperation,32,773.0
258048,,ShardedToInterleavedDeviceOperation,1,767.0
2483200,1,ShardedToInterleavedDeviceOperation,32,767.0
2515968,1,ShardedToInterleavedDeviceOperation,31,766.0
1676288,1,ShardedToInterleavedDeviceOperation,32,765.0
1979392,1,ShardedToInterleavedDeviceOperation,32,765.0
2273280,1,ShardedToInterleavedDeviceOperation,32,765.0
2357248,1,ShardedToInterleavedDeviceOperation,32,765.0
766976,,ShardedToInterleavedDeviceOperation,32,764.0
841728,,ShardedToInterleavedDeviceOperation,32,764.0
2021376,1,ShardedToInterleavedDeviceOperation,32,763.0
237568,,ShardedToInterleavedDeviceOperation,1,760.0
557056,,ShardedToInterleavedDeviceOperation,32,759.0
1525760,1,ShardedToInterleavedDeviceOperation,32,759.0
843776,,ShardedToInterleavedDeviceOperation,32,758.0
2609152,1,ShardedToInterleavedDeviceOperation,28,756.0
1727488,1,ShardedToInterleavedDeviceOperation,32,754.0
2266112,1,ShardedToInterleavedDeviceOperation,32,752.0
1051648,,ShardedToInterleavedDeviceOperation,32,751.0
2189312,1,ShardedToInterleavedDeviceOperation,32,751.0
2525184,1,ShardedToInterleavedDeviceOperation,31,751.0
1396736,,ShardedToInterleavedDeviceOperation,32,750.0
1592320,1,ShardedToInterleavedDeviceOperation,32,750.0
2264064,1,ShardedToInterleavedDeviceOperation,32,750.0
1011712,,ShardedToInterleavedDeviceOperation,32,749.0
1970176,1,ShardedToInterleavedDeviceOperation,32,749.0
1846272,1,ShardedToInterleavedDeviceOperation,32,748.0
1937408,1,ShardedToInterleavedDeviceOperation,32,748.0
2432000,1,ShardedToInterleavedDeviceOperation,32,748.0
1494016,1,ShardedToInterleavedDeviceOperation,1,747.0
2105344,1,ShardedToInterleavedDeviceOperation,32,747.0
241664,,ShardedToInterleavedDeviceOperation,1,746.0
248832,,ShardedToInterleavedDeviceOperation,1,746.0
1498112,1,ShardedToInterleavedDeviceOperation,1,746.0
1515520,1,ShardedToInterleavedDeviceOperation,1,746.0
233472,,ShardedToInterleavedDeviceOperation,1,745.0
238592,,ShardedToInterleavedDeviceOperation,1,745.0
1492992,1,ShardedToInterleavedDeviceOperation,1,745.0
1507328,1,ShardedToInterleavedDeviceOperation,1,745.0
245760,,ShardedToInterleavedDeviceOperation,1,744.0
253952,,ShardedToInterleavedDeviceOperation,1,744.0
1489920,1,ShardedToInterleavedDeviceOperation,1,744.0
1501184,1,ShardedToInterleavedDeviceOperation,1,744.0
236544,,ShardedToInterleavedDeviceOperation,1,743.0
244736,,ShardedToInterleavedDeviceOperation,1,743.0
1496064,1,ShardedToInterleavedDeviceOperation,1,743.0
1499136,1,ShardedToInterleavedDeviceOperation,1,743.0
1502208,1,ShardedToInterleavedDeviceOperation,1,743.0
1506304,1,ShardedToInterleavedDeviceOperation,1,743.0
1512448,1,ShardedToInterleavedDeviceOperation,1,743.0
1513472,1,ShardedToInterleavedDeviceOperation,1,743.0
2140160,1,ShardedToInterleavedDeviceOperation,32,743.0
2599936,1,ShardedToInterleavedDeviceOperation,28,743.0
2641920,1,ShardedToInterleavedDeviceOperation,28,743.0
235520,,ShardedToInterleavedDeviceOperation,1,742.0
1500160,1,ShardedToInterleavedDeviceOperation,1,742.0
1504256,1,ShardedToInterleavedDeviceOperation,1,742.0
1718272,1,ShardedToInterleavedDeviceOperation,32,742.0
1769472,1,ShardedToInterleavedDeviceOperation,32,742.0
1802240,1,ShardedToInterleavedDeviceOperation,32,742.0
1495040,1,ShardedToInterleavedDeviceOperation,1,740.0
2392064,1,ShardedToInterleavedDeviceOperation,32,740.0
2441216,1,ShardedToInterleavedDeviceOperation,32,740.0
2557952,1,ShardedToInterleavedDeviceOperation,28,740.0
240640,,ShardedToInterleavedDeviceOperation,1,739.0
234496,,ShardedToInterleavedDeviceOperation,1,736.0
247808,,ShardedToInterleavedDeviceOperation,1,736.0
242688,,ShardedToInterleavedDeviceOperation,1,735.0
246784,,ShardedToInterleavedDeviceOperation,1,735.0
251904,,ShardedToInterleavedDeviceOperation,1,735.0
252928,,ShardedToInterleavedDeviceOperation,1,735.0
256000,,ShardedToInterleavedDeviceOperation,1,735.0
261120,,ShardedToInterleavedDeviceOperation,1,735.0
1491968,1,ShardedToInterleavedDeviceOperation,1,735.0
1518592,1,ShardedToInterleavedDeviceOperation,1,735.0
239616,,ShardedToInterleavedDeviceOperation,1,734.0
243712,,ShardedToInterleavedDeviceOperation,1,734.0
250880,,ShardedToInterleavedDeviceOperation,1,734.0
259072,,ShardedToInterleavedDeviceOperation,1,734.0
260096,,ShardedToInterleavedDeviceOperation,1,734.0
1487872,1,ShardedToInterleavedDeviceOperation,1,734.0
1488896,1,ShardedToInterleavedDeviceOperation,1,734.0
1490944,1,ShardedToInterleavedDeviceOperation,1,734.0
1497088,1,ShardedToInterleavedDeviceOperation,1,734.0
1503232,1,ShardedToInterleavedDeviceOperation,1,734.0
1509376,1,ShardedToInterleavedDeviceOperation,1,734.0
1510400,1,ShardedToInterleavedDeviceOperation,1,734.0
2180096,1,ShardedToInterleavedDeviceOperation,32,734.0
1760256,1,ShardedToInterleavedDeviceOperation,32,733.0
1844224,1,ShardedToInterleavedDeviceOperation,32,733.0
2473984,1,ShardedToInterleavedDeviceOperation,32,733.0
2651136,1,ShardedToInterleavedDeviceOperation,28,733.0
2693120,1,ShardedToInterleavedDeviceOperation,24,733.0
283648,,InterleavedToShardedDeviceOperation,4,731.0
1541120,1,InterleavedToShardedDeviceOperation,4,728.0
2096128,1,ShardedToInterleavedDeviceOperation,32,719.0
2683904,1,ShardedToInterleavedDeviceOperation,24,719.0
2567168,1,ShardedToInterleavedDeviceOperation,28,716.0
269312,,InterleavedToShardedDeviceOperation,32,715.0
281600,,ShardedToInterleavedDeviceOperation,2,714.0
254976,,ShardedToInterleavedDeviceOperation,1,707.0
2098176,1,ShardedToInterleavedDeviceOperation,32,703.0
2725888,1,ShardedToInterleavedDeviceOperation,22,703.0
2350080,1,ShardedToInterleavedDeviceOperation,32,701.0
1762304,1,ShardedToInterleavedDeviceOperation,32,700.0
1930240,1,ShardedToInterleavedDeviceOperation,32,700.0
1594368,1,ShardedToInterleavedDeviceOperation,32,696.0
286720,,InterleavedToShardedDeviceOperation,4,695.0
2014208,1,ShardedToInterleavedDeviceOperation,32,693.0
1636352,1,ShardedToInterleavedDeviceOperation,32,686.0
2685952,1,ShardedToInterleavedDeviceOperation,24,674.0
2735104,1,ReshardDeviceOperation,8,661.0
280576,,ShardedToInterleavedDeviceOperation,2,657.0
2560000,1,ShardedToInterleavedDeviceOperation,28,657.0
1804288,1,ShardedToInterleavedDeviceOperation,32,647.0
1888256,1,ShardedToInterleavedDeviceOperation,32,647.0
2601984,1,ShardedToInterleavedDeviceOperation,28,644.0
2182144,1,ShardedToInterleavedDeviceOperation,32,639.0
2476032,1,ShardedToInterleavedDeviceOperation,32,639.0
1972224,1,ShardedToInterleavedDeviceOperation,32,637.0
2434048,1,ShardedToInterleavedDeviceOperation,32,637.0
2224128,1,ShardedToInterleavedDeviceOperation,32,628.0
2308096,1,ShardedToInterleavedDeviceOperation,32,623.0
2518016,1,ShardedToInterleavedDeviceOperation,31,623.0
1678336,1,ShardedToInterleavedDeviceOperation,32,616.0
2643968,1,ShardedToInterleavedDeviceOperation,28,616.0
1362944,,ShardedToInterleavedDeviceOperation,4,608.0
1720320,1,ShardedToInterleavedDeviceOperation,32,606.0
1112064,,ShardedToInterleavedDeviceOperation,4,598.0
1027072,,ShardedToInterleavedDeviceOperation,4,597.0
1446912,,ShardedToInterleavedDeviceOperation,4,597.0
1238016,,ShardedToInterleavedDeviceOperation,4,596.0
1536000,1,ShardedToInterleavedDeviceOperation,2,594.0
943104,,ShardedToInterleavedDeviceOperation,4,592.0
1069056,,ShardedToInterleavedDeviceOperation,4,592.0
398336,,ShardedToInterleavedDeviceOperation,4,591.0
616448,,ShardedToInterleavedDeviceOperation,4,591.0
658432,,ShardedToInterleavedDeviceOperation,4,591.0
985088,,ShardedToInterleavedDeviceOperation,4,591.0
995328,,ShardedToInterleavedDeviceOperation,4,591.0
1120256,,ShardedToInterleavedDeviceOperation,4,591.0
1457152,,ShardedToInterleavedDeviceOperation,4,591.0
1534976,1,ShardedToInterleavedDeviceOperation,2,591.0
2056192,1,ShardedToInterleavedDeviceOperation,32,591.0
565248,,ShardedToInterleavedDeviceOperation,4,589.0
691200,,ShardedToInterleavedDeviceOperation,4,589.0
1196032,,ShardedToInterleavedDeviceOperation,4,589.0
1320960,,ShardedToInterleavedDeviceOperation,4,589.0
1372160,,ShardedToInterleavedDeviceOperation,4,588.0
524288,,ShardedToInterleavedDeviceOperation,4,586.0
1321984,,ShardedToInterleavedDeviceOperation,4,585.0
406528,,ShardedToInterleavedDeviceOperation,4,583.0
439296,,ShardedToInterleavedDeviceOperation,4,583.0
574464,,ShardedToInterleavedDeviceOperation,4,583.0
617472,,ShardedToInterleavedDeviceOperation,4,583.0
784384,,ShardedToInterleavedDeviceOperation,4,583.0
1236992,,ShardedToInterleavedDeviceOperation,4,583.0
482304,,ShardedToInterleavedDeviceOperation,4,582.0
869376,,ShardedToInterleavedDeviceOperation,4,582.0
1078272,,ShardedToInterleavedDeviceOperation,4,582.0
1079296,,ShardedToInterleavedDeviceOperation,4,582.0
397312,,ShardedToInterleavedDeviceOperation,4,581.0
2103296,1,BinaryNgDeviceOperation,64,581.0
2262016,1,BinaryNgDeviceOperation,64,581.0
356352,,ShardedToInterleavedDeviceOperation,4,580.0
449536,,ShardedToInterleavedDeviceOperation,4,580.0
659456,,ShardedToInterleavedDeviceOperation,4,580.0
1028096,,ShardedToInterleavedDeviceOperation,4,580.0
1205248,,ShardedToInterleavedDeviceOperation,4,580.0
1851392,1,BinaryNgDeviceOperation,64,579.0
364544,,ShardedToInterleavedDeviceOperation,4,578.0
986112,,ShardedToInterleavedDeviceOperation,4,578.0
1977344,1,BinaryNgDeviceOperation,64,578.0
902144,,ShardedToInterleavedDeviceOperation,4,577.0
2565120,1,BinaryNgDeviceOperation,60,577.0
2723840,1,BinaryNgDeviceOperation,56,577.0
533504,,ShardedToInterleavedDeviceOperation,4,576.0
649216,,ShardedToInterleavedDeviceOperation,4,576.0
1121280,,ShardedToInterleavedDeviceOperation,4,576.0
2397184,1,BinaryNgDeviceOperation,64,576.0
575488,,ShardedToInterleavedDeviceOperation,4,575.0
817152,,ShardedToInterleavedDeviceOperation,4,575.0
2229248,1,BinaryNgDeviceOperation,64,575.0
440320,,ShardedToInterleavedDeviceOperation,4,574.0
776192,,ShardedToInterleavedDeviceOperation,4,574.0
785408,,ShardedToInterleavedDeviceOperation,4,574.0
1330176,,ShardedToInterleavedDeviceOperation,4,574.0
523264,,ShardedToInterleavedDeviceOperation,4,573.0
701440,,ShardedToInterleavedDeviceOperation,4,573.0
2187264,1,BinaryNgDeviceOperation,64,573.0
2523136,1,BinaryNgDeviceOperation,63,573.0
2649088,1,BinaryNgDeviceOperation,60,573.0
365568,,ShardedToInterleavedDeviceOperation,4,572.0
733184,,ShardedToInterleavedDeviceOperation,4,572.0
1111040,,ShardedToInterleavedDeviceOperation,4,571.0
1893376,1,BinaryNgDeviceOperation,64,571.0
2145280,1,BinaryNgDeviceOperation,64,571.0
1599488,1,BinaryNgDeviceOperation,64,570.0
1674240,1,BinaryNgDeviceOperation,64,570.0
1884160,1,BinaryNgDeviceOperation,64,570.0
2597888,1,BinaryNgDeviceOperation,60,570.0
1363968,,ShardedToInterleavedDeviceOperation,4,569.0
2271232,1,BinaryNgDeviceOperation,64,569.0
2355200,1,BinaryNgDeviceOperation,64,569.0
1767424,1,BinaryNgDeviceOperation,64,568.0
1809408,1,BinaryNgDeviceOperation,64,568.0
2010112,1,BinaryNgDeviceOperation,64,568.0
301056,,ShardedToInterleavedDeviceOperation,4,567.0
1195008,,ShardedToInterleavedDeviceOperation,4,567.0
2681856,1,BinaryNgDeviceOperation,56,567.0
826368,,ShardedToInterleavedDeviceOperation,4,566.0
1904640,1,ShardedToInterleavedDeviceOperation,4,566.0
2733056,1,BinaryNgDeviceOperation,48,566.0
859136,,ShardedToInterleavedDeviceOperation,4,565.0
1163264,,ShardedToInterleavedDeviceOperation,4,565.0
1842176,1,BinaryNgDeviceOperation,64,565.0
2313216,1,BinaryNgDeviceOperation,64,565.0
2439168,1,BinaryNgDeviceOperation,64,565.0
608256,,ShardedToInterleavedDeviceOperation,4,564.0
775168,,ShardedToInterleavedDeviceOperation,4,564.0
868352,,ShardedToInterleavedDeviceOperation,4,564.0
944128,,ShardedToInterleavedDeviceOperation,4,564.0
1926144,1,BinaryNgDeviceOperation,64,563.0
2019328,1,BinaryNgDeviceOperation,64,563.0
2136064,1,BinaryNgDeviceOperation,64,563.0
2178048,1,BinaryNgDeviceOperation,64,563.0
2094080,1,BinaryNgDeviceOperation,64,562.0
650240,,ShardedToInterleavedDeviceOperation,4,561.0
818176,,ShardedToInterleavedDeviceOperation,4,561.0
1070080,,ShardedToInterleavedDeviceOperation,4,561.0
1404928,,ShardedToInterleavedDeviceOperation,4,561.0
1405952,,ShardedToInterleavedDeviceOperation,4,561.0
1632256,1,BinaryNgDeviceOperation,64,561.0
1758208,1,BinaryNgDeviceOperation,64,561.0
2061312,1,BinaryNgDeviceOperation,64,561.0
2345984,1,BinaryNgDeviceOperation,64,561.0
2513920,1,BinaryNgDeviceOperation,63,561.0
692224,,ShardedToInterleavedDeviceOperation,4,560.0
2052096,1,BinaryNgDeviceOperation,64,560.0
292864,,ShardedToInterleavedDeviceOperation,4,559.0
407552,,ShardedToInterleavedDeviceOperation,4,559.0
734208,,ShardedToInterleavedDeviceOperation,4,559.0
910336,,ShardedToInterleavedDeviceOperation,4,559.0
1162240,,ShardedToInterleavedDeviceOperation,4,559.0
1247232,,ShardedToInterleavedDeviceOperation,4,559.0
1288192,,ShardedToInterleavedDeviceOperation,4,559.0
1289216,,ShardedToInterleavedDeviceOperation,4,559.0
1373184,,ShardedToInterleavedDeviceOperation,4,559.0
2304000,1,BinaryNgDeviceOperation,64,559.0
2471936,1,BinaryNgDeviceOperation,64,559.0
2481152,1,BinaryNgDeviceOperation,64,559.0
2727936,1,ShardedToInterleavedDeviceOperation,16,559.0
1716224,1,BinaryNgDeviceOperation,64,558.0
1800192,1,BinaryNgDeviceOperation,64,558.0
1935360,1,BinaryNgDeviceOperation,64,558.0
2387968,1,BinaryNgDeviceOperation,64,558.0
2429952,1,BinaryNgDeviceOperation,64,558.0
1641472,1,BinaryNgDeviceOperation,64,557.0
2220032,1,BinaryNgDeviceOperation,64,557.0
2555904,1,BinaryNgDeviceOperation,60,557.0
2639872,1,BinaryNgDeviceOperation,60,557.0
2691072,1,BinaryNgDeviceOperation,56,557.0
311296,,ShardedToInterleavedDeviceOperation,4,556.0
952320,,ShardedToInterleavedDeviceOperation,4,556.0
1415168,,ShardedToInterleavedDeviceOperation,4,556.0
2407424,1,ShardedToInterleavedDeviceOperation,4,555.0
2607104,1,BinaryNgDeviceOperation,60,555.0
566272,,ShardedToInterleavedDeviceOperation,4,554.0
1331200,,ShardedToInterleavedDeviceOperation,4,554.0
1735680,1,ShardedToInterleavedDeviceOperation,4,554.0
1968128,1,BinaryNgDeviceOperation,64,554.0
312320,,ShardedToInterleavedDeviceOperation,4,553.0
1683456,1,BinaryNgDeviceOperation,64,552.0
1693696,1,ShardedToInterleavedDeviceOperation,4,552.0
2323456,1,ShardedToInterleavedDeviceOperation,4,552.0
481280,,ShardedToInterleavedDeviceOperation,4,551.0
491520,,ShardedToInterleavedDeviceOperation,4,551.0
827392,,ShardedToInterleavedDeviceOperation,4,551.0
860160,,ShardedToInterleavedDeviceOperation,4,551.0
953344,,ShardedToInterleavedDeviceOperation,4,551.0
1204224,,ShardedToInterleavedDeviceOperation,4,551.0
1456128,,ShardedToInterleavedDeviceOperation,4,551.0
1903616,1,ShardedToInterleavedDeviceOperation,4,551.0
1414144,,ShardedToInterleavedDeviceOperation,4,549.0
1725440,1,BinaryNgDeviceOperation,64,549.0
355328,,ShardedToInterleavedDeviceOperation,4,548.0
1278976,,ShardedToInterleavedDeviceOperation,4,548.0
1736704,1,ShardedToInterleavedDeviceOperation,4,548.0
2239488,1,ShardedToInterleavedDeviceOperation,4,547.0
1154048,,ShardedToInterleavedDeviceOperation,4,546.0
2114560,1,ShardedToInterleavedDeviceOperation,4,546.0
1153024,,ShardedToInterleavedDeviceOperation,4,545.0
742400,,ShardedToInterleavedDeviceOperation,4,543.0
743424,,ShardedToInterleavedDeviceOperation,4,543.0
994304,,ShardedToInterleavedDeviceOperation,4,543.0
1610752,1,ShardedToInterleavedDeviceOperation,4,543.0
1694720,1,ShardedToInterleavedDeviceOperation,4,543.0
2240512,1,ShardedToInterleavedDeviceOperation,4,543.0
448512,,ShardedToInterleavedDeviceOperation,4,542.0
607232,,ShardedToInterleavedDeviceOperation,4,541.0
1037312,,ShardedToInterleavedDeviceOperation,4,541.0
1280000,,ShardedToInterleavedDeviceOperation,4,541.0
1609728,1,ShardedToInterleavedDeviceOperation,4,541.0
1787904,1,ShardedToInterleavedDeviceOperation,4,541.0
2029568,1,ShardedToInterleavedDeviceOperation,4,539.0
2534400,1,ShardedToInterleavedDeviceOperation,3,539.0
293888,,ShardedToInterleavedDeviceOperation,4,536.0
911360,,ShardedToInterleavedDeviceOperation,4,536.0
1618944,1,ShardedToInterleavedDeviceOperation,4,536.0
2408448,1,ShardedToInterleavedDeviceOperation,4,536.0
1661952,1,ShardedToInterleavedDeviceOperation,4,535.0
901120,,ShardedToInterleavedDeviceOperation,4,534.0
1829888,1,ShardedToInterleavedDeviceOperation,4,534.0
2324480,1,ShardedToInterleavedDeviceOperation,4,534.0
2366464,1,ShardedToInterleavedDeviceOperation,4,534.0
1246208,,ShardedToInterleavedDeviceOperation,4,533.0
1778688,1,ShardedToInterleavedDeviceOperation,4,533.0
1828864,1,ShardedToInterleavedDeviceOperation,4,533.0
2458624,1,ShardedToInterleavedDeviceOperation,4,533.0
1619968,1,ShardedToInterleavedDeviceOperation,4,532.0
1861632,1,ShardedToInterleavedDeviceOperation,4,532.0
1870848,1,ShardedToInterleavedDeviceOperation,4,532.0
1912832,1,ShardedToInterleavedDeviceOperation,4,532.0
1913856,1,ShardedToInterleavedDeviceOperation,4,532.0
1988608,1,ShardedToInterleavedDeviceOperation,4,532.0
2155520,1,ShardedToInterleavedDeviceOperation,4,532.0
2291712,1,ShardedToInterleavedDeviceOperation,4,532.0
2417664,1,ShardedToInterleavedDeviceOperation,4,532.0
2491392,1,ShardedToInterleavedDeviceOperation,4,532.0
1703936,1,ShardedToInterleavedDeviceOperation,4,531.0
1997824,1,ShardedToInterleavedDeviceOperation,4,531.0
2207744,1,ShardedToInterleavedDeviceOperation,4,531.0
2333696,1,ShardedToInterleavedDeviceOperation,4,531.0
1547264,1,ShardedToInterleavedDeviceOperation,4,530.0
1702912,1,ShardedToInterleavedDeviceOperation,4,530.0
2198528,1,ShardedToInterleavedDeviceOperation,4,530.0
2543616,1,ShardedToInterleavedDeviceOperation,3,530.0
2072576,1,ShardedToInterleavedDeviceOperation,4,529.0
2081792,1,ShardedToInterleavedDeviceOperation,4,529.0
1555456,1,ShardedToInterleavedDeviceOperation,4,528.0
1955840,1,ShardedToInterleavedDeviceOperation,4,528.0
2113536,1,ShardedToInterleavedDeviceOperation,4,528.0
2282496,1,ShardedToInterleavedDeviceOperation,4,528.0
2375680,1,ShardedToInterleavedDeviceOperation,4,528.0
2450432,1,ShardedToInterleavedDeviceOperation,4,528.0
490496,,ShardedToInterleavedDeviceOperation,4,527.0
532480,,ShardedToInterleavedDeviceOperation,4,527.0
700416,,ShardedToInterleavedDeviceOperation,4,527.0
1036288,,ShardedToInterleavedDeviceOperation,4,527.0
1548288,1,ShardedToInterleavedDeviceOperation,4,527.0
1565696,1,ShardedToInterleavedDeviceOperation,4,527.0
1566720,1,ShardedToInterleavedDeviceOperation,4,527.0
1651712,1,ShardedToInterleavedDeviceOperation,4,527.0
1652736,1,ShardedToInterleavedDeviceOperation,4,527.0
1745920,1,ShardedToInterleavedDeviceOperation,4,527.0
1777664,1,ShardedToInterleavedDeviceOperation,4,527.0
1786880,1,ShardedToInterleavedDeviceOperation,4,527.0
1819648,1,ShardedToInterleavedDeviceOperation,4,527.0
1871872,1,ShardedToInterleavedDeviceOperation,4,527.0
1945600,1,ShardedToInterleavedDeviceOperation,4,527.0
1954816,1,ShardedToInterleavedDeviceOperation,4,527.0
1987584,1,ShardedToInterleavedDeviceOperation,4,527.0
1996800,1,ShardedToInterleavedDeviceOperation,4,527.0
2030592,1,ShardedToInterleavedDeviceOperation,4,527.0
2038784,1,ShardedToInterleavedDeviceOperation,4,527.0
2039808,1,ShardedToInterleavedDeviceOperation,4,527.0
2071552,1,ShardedToInterleavedDeviceOperation,4,527.0
2080768,1,ShardedToInterleavedDeviceOperation,4,527.0
2122752,1,ShardedToInterleavedDeviceOperation,4,527.0
2123776,1,ShardedToInterleavedDeviceOperation,4,527.0
2156544,1,ShardedToInterleavedDeviceOperation,4,527.0
2164736,1,ShardedToInterleavedDeviceOperation,4,527.0
2165760,1,ShardedToInterleavedDeviceOperation,4,527.0
2206720,1,ShardedToInterleavedDeviceOperation,4,527.0
2249728,1,ShardedToInterleavedDeviceOperation,4,527.0
2281472,1,ShardedToInterleavedDeviceOperation,4,527.0
2290688,1,ShardedToInterleavedDeviceOperation,4,527.0
2332672,1,ShardedToInterleavedDeviceOperation,4,527.0
2365440,1,ShardedToInterleavedDeviceOperation,4,527.0
2374656,1,ShardedToInterleavedDeviceOperation,4,527.0
2416640,1,ShardedToInterleavedDeviceOperation,4,527.0
2449408,1,ShardedToInterleavedDeviceOperation,4,527.0
2459648,1,ShardedToInterleavedDeviceOperation,4,527.0
2492416,1,ShardedToInterleavedDeviceOperation,4,527.0
2500608,1,ShardedToInterleavedDeviceOperation,4,527.0
2501632,1,ShardedToInterleavedDeviceOperation,4,527.0
2542592,1,ShardedToInterleavedDeviceOperation,3,527.0
1660928,1,ShardedToInterleavedDeviceOperation,4,526.0
1744896,1,ShardedToInterleavedDeviceOperation,4,525.0
1820672,1,ShardedToInterleavedDeviceOperation,4,525.0
1862656,1,ShardedToInterleavedDeviceOperation,4,525.0
1946624,1,ShardedToInterleavedDeviceOperation,4,525.0
2197504,1,ShardedToInterleavedDeviceOperation,4,525.0
1447936,,ShardedToInterleavedDeviceOperation,4,523.0
2248704,1,ShardedToInterleavedDeviceOperation,4,518.0
2533376,1,ShardedToInterleavedDeviceOperation,3,492.0
923648,,BinaryNgDeviceOperation,64,467.0
1175552,,BinaryNgDeviceOperation,64,461.0
1142784,,BinaryNgDeviceOperation,64,459.0
1436672,,BinaryNgDeviceOperation,64,455.0
1394688,,BinaryNgDeviceOperation,64,453.0
1469440,,BinaryNgDeviceOperation,64,447.0
345088,,BinaryNgDeviceOperation,64,444.0
722944,,BinaryNgDeviceOperation,64,443.0
471040,,BinaryNgDeviceOperation,64,441.0
1091584,,BinaryNgDeviceOperation,64,441.0
1133568,,BinaryNgDeviceOperation,64,441.0
1226752,,BinaryNgDeviceOperation,64,441.0
680960,,BinaryNgDeviceOperation,64,440.0
545792,,BinaryNgDeviceOperation,64,439.0
555008,,BinaryNgDeviceOperation,64,439.0
419840,,BinaryNgDeviceOperation,64,438.0
932864,,BinaryNgDeviceOperation,64,438.0
1007616,,BinaryNgDeviceOperation,64,438.0
1385472,,BinaryNgDeviceOperation,64,438.0
890880,,BinaryNgDeviceOperation,64,437.0
1259520,,BinaryNgDeviceOperation,64,437.0
1427456,,BinaryNgDeviceOperation,64,437.0
387072,,BinaryNgDeviceOperation,64,436.0
513024,,BinaryNgDeviceOperation,64,436.0
1217536,,BinaryNgDeviceOperation,64,436.0
587776,,BinaryNgDeviceOperation,64,435.0
629760,,BinaryNgDeviceOperation,64,435.0
881664,,BinaryNgDeviceOperation,64,435.0
1301504,,BinaryNgDeviceOperation,64,435.0
1184768,,BinaryNgDeviceOperation,64,434.0
377856,,BinaryNgDeviceOperation,64,433.0
596992,,BinaryNgDeviceOperation,64,433.0
1100800,,BinaryNgDeviceOperation,64,433.0
1343488,,BinaryNgDeviceOperation,64,433.0
848896,,BinaryNgDeviceOperation,64,432.0
764928,,BinaryNgDeviceOperation,64,431.0
965632,,BinaryNgDeviceOperation,64,431.0
974848,,BinaryNgDeviceOperation,64,430.0
1058816,,BinaryNgDeviceOperation,64,430.0
1478656,,BinaryNgDeviceOperation,64,430.0
461824,,BinaryNgDeviceOperation,64,429.0
755712,,BinaryNgDeviceOperation,64,428.0
1049600,,BinaryNgDeviceOperation,64,428.0
1268736,,BinaryNgDeviceOperation,64,428.0
503808,,BinaryNgDeviceOperation,64,427.0
671744,,BinaryNgDeviceOperation,64,427.0
839680,,BinaryNgDeviceOperation,64,427.0
429056,,BinaryNgDeviceOperation,64,426.0
797696,,BinaryNgDeviceOperation,64,426.0
638976,,BinaryNgDeviceOperation,64,425.0
1352704,,BinaryNgDeviceOperation,64,425.0
1016832,,BinaryNgDeviceOperation,64,423.0
1310720,,BinaryNgDeviceOperation,64,422.0
806912,,BinaryNgDeviceOperation,64,420.0
713728,,BinaryNgDeviceOperation,64,415.0
