op_id,replay,op_name,cores,duration_ns
2227200,,ArgMaxDeviceOperation,64,2747078.0
3494912,1,ArgMaxDeviceOperation,32,2742035.0
2224128,,MatmulDeviceOperation,64,1794220.0
3491840,1,MatmulDeviceOperation,32,1789737.0
605184,,CopyDeviceOperation,64,418731.0
402432,,CopyDeviceOperation,64,412901.0
866304,,CopyDeviceOperation,64,412692.0
827392,,CopyDeviceOperation,64,411572.0
832512,,CopyDeviceOperation,64,411190.0
670720,,CopyDeviceOperation,64,410374.0
585728,,CopyDeviceOperation,64,410335.0
532480,,CopyDeviceOperation,64,410321.0
400384,,CopyDeviceOperation,64,409732.0
710656,,CopyDeviceOperation,64,409645.0
534528,,CopyDeviceOperation,64,409452.0
867328,,CopyDeviceOperation,64,409161.0
831488,,CopyDeviceOperation,64,409126.0
560128,,CopyDeviceOperation,64,408858.0
285696,,CopyDeviceOperation,64,408703.0
239616,,CopyDeviceOperation,64,408539.0
503808,,CopyDeviceOperation,64,408112.0
265216,,CopyDeviceOperation,64,407927.0
154624,,CopyDeviceOperation,64,407271.0
448512,,CopyDeviceOperation,64,407005.0
576512,,CopyDeviceOperation,64,406821.0
611328,,CopyDeviceOperation,64,406815.0
802816,,CopyDeviceOperation,64,406418.0
805888,,CopyDeviceOperation,64,406367.0
506880,,CopyDeviceOperation,64,405944.0
191488,,CopyDeviceOperation,64,405833.0
531456,,CopyDeviceOperation,64,405798.0
833536,,CopyDeviceOperation,64,405779.0
409600,,CopyDeviceOperation,64,405735.0
957440,,CopyDeviceOperation,64,405419.0
787456,,CopyDeviceOperation,64,405363.0
690176,,CopyDeviceOperation,64,405244.0
613376,,CopyDeviceOperation,64,405114.0
505856,,CopyDeviceOperation,64,404597.0
936960,,CopyDeviceOperation,64,404277.0
588800,,CopyDeviceOperation,64,404269.0
580608,,CopyDeviceOperation,64,403467.0
943104,,CopyDeviceOperation,64,403338.0
953344,,CopyDeviceOperation,64,403234.0
857088,,CopyDeviceOperation,64,403208.0
497664,,CopyDeviceOperation,64,403207.0
959488,,CopyDeviceOperation,64,403022.0
578560,,CopyDeviceOperation,64,402701.0
527360,,CopyDeviceOperation,64,402651.0
635904,,CopyDeviceOperation,64,402634.0
263168,,CopyDeviceOperation,64,402488.0
321536,,CopyDeviceOperation,64,402323.0
582656,,CopyDeviceOperation,64,402317.0
439296,,CopyDeviceOperation,64,401759.0
192512,,CopyDeviceOperation,64,401606.0
441344,,CopyDeviceOperation,64,401518.0
863232,,CopyDeviceOperation,64,401472.0
608256,,CopyDeviceOperation,64,401279.0
559104,,CopyDeviceOperation,64,400223.0
950272,,CopyDeviceOperation,64,399921.0
504832,,CopyDeviceOperation,64,399847.0
958464,,CopyDeviceOperation,64,399700.0
829440,,CopyDeviceOperation,64,399683.0
280576,,CopyDeviceOperation,64,399519.0
380928,,CopyDeviceOperation,64,399389.0
801792,,CopyDeviceOperation,64,399227.0
828416,,CopyDeviceOperation,64,398714.0
264192,,CopyDeviceOperation,64,398690.0
864256,,CopyDeviceOperation,64,398623.0
379904,,CopyDeviceOperation,64,398589.0
442368,,CopyDeviceOperation,64,398008.0
359424,,CopyDeviceOperation,64,396795.0
193536,,CopyDeviceOperation,64,395679.0
834560,,CopyDeviceOperation,64,395595.0
807936,,CopyDeviceOperation,64,395470.0
949248,,CopyDeviceOperation,64,394074.0
185344,,CopyDeviceOperation,64,393353.0
583680,,CopyDeviceOperation,64,295879.0
612352,,CopyDeviceOperation,64,291256.0
561152,,CopyDeviceOperation,64,289328.0
360448,,CopyDeviceOperation,64,288785.0
305152,,CopyDeviceOperation,64,288267.0
804864,,CopyDeviceOperation,64,287275.0
229376,,CopyDeviceOperation,64,287246.0
230400,,CopyDeviceOperation,64,287195.0
190464,,CopyDeviceOperation,64,286724.0
535552,,CopyDeviceOperation,64,286483.0
735232,,CopyDeviceOperation,64,285078.0
528384,,CopyDeviceOperation,64,284738.0
856064,,CopyDeviceOperation,64,284584.0
937984,,CopyDeviceOperation,64,284558.0
214016,,CopyDeviceOperation,64,284466.0
952320,,CopyDeviceOperation,64,284127.0
830464,,CopyDeviceOperation,64,284061.0
862208,,CopyDeviceOperation,64,283402.0
614400,,CopyDeviceOperation,64,283133.0
935936,,CopyDeviceOperation,64,283097.0
337920,,CopyDeviceOperation,64,282760.0
212992,,CopyDeviceOperation,64,282106.0
939008,,CopyDeviceOperation,64,282061.0
868352,,CopyDeviceOperation,64,281955.0
149504,,CopyDeviceOperation,64,281336.0
401408,,CopyDeviceOperation,64,281193.0
581632,,CopyDeviceOperation,64,280571.0
840704,,CopyDeviceOperation,64,279695.0
447488,,CopyDeviceOperation,64,278976.0
529408,,CopyDeviceOperation,64,277996.0
916480,,CopyDeviceOperation,64,277438.0
498688,,CopyDeviceOperation,64,276916.0
616448,,CopyDeviceOperation,64,276848.0
956416,,CopyDeviceOperation,64,276795.0
610304,,CopyDeviceOperation,64,276636.0
507904,,CopyDeviceOperation,64,276531.0
3493888,1,UntilizeDeviceOperation,31,133897.0
2226176,,UntilizeDeviceOperation,63,128902.0
153600,,ConcatDeviceOperation,64,122104.0
654336,,ConcatDeviceOperation,64,122041.0
262144,,ConcatDeviceOperation,64,120481.0
234496,,ConcatDeviceOperation,64,120465.0
709632,,ConcatDeviceOperation,64,118897.0
800768,,ConcatDeviceOperation,64,118593.0
539648,,ConcatDeviceOperation,64,118375.0
826368,,ConcatDeviceOperation,64,118351.0
733184,,ConcatDeviceOperation,64,117718.0
284672,,ConcatDeviceOperation,64,117400.0
406528,,ConcatDeviceOperation,64,117155.0
289792,,ConcatDeviceOperation,64,116637.0
342016,,ConcatDeviceOperation,64,116461.0
2186240,,MatmulDeviceOperation,64,116414.0
2947072,1,MatmulDeviceOperation,64,116329.0
2609152,1,MatmulDeviceOperation,64,116300.0
2305024,1,MatmulDeviceOperation,64,116296.0
2913280,1,MatmulDeviceOperation,64,116275.0
2220032,,MatmulDeviceOperation,64,116242.0
2575360,1,MatmulDeviceOperation,64,116224.0
2642944,1,MatmulDeviceOperation,64,116221.0
791552,,ConcatDeviceOperation,64,116113.0
2778112,1,MatmulDeviceOperation,64,116065.0
2440192,1,MatmulDeviceOperation,64,116050.0
2710528,1,MatmulDeviceOperation,64,116049.0
2879488,1,MatmulDeviceOperation,64,116029.0
3082240,1,MatmulDeviceOperation,64,116026.0
1645568,,MatmulDeviceOperation,64,115971.0
1780736,,MatmulDeviceOperation,64,115970.0
1206272,,MatmulDeviceOperation,64,115934.0
1375232,,MatmulDeviceOperation,64,115918.0
2338816,1,MatmulDeviceOperation,64,115916.0
3217408,1,MatmulDeviceOperation,64,115915.0
2372608,1,MatmulDeviceOperation,64,115861.0
3318784,1,MatmulDeviceOperation,56,115860.0
2676736,1,MatmulDeviceOperation,64,115840.0
2845696,1,MatmulDeviceOperation,64,115837.0
1713152,,MatmulDeviceOperation,64,115815.0
3149824,1,MatmulDeviceOperation,64,115788.0
2811904,1,MatmulDeviceOperation,64,115784.0
2152448,,MatmulDeviceOperation,64,115754.0
2473984,1,MatmulDeviceOperation,64,115709.0
2084864,,MatmulDeviceOperation,64,115705.0
3048448,1,MatmulDeviceOperation,64,115683.0
2051072,,MatmulDeviceOperation,64,115664.0
2980864,1,MatmulDeviceOperation,64,115663.0
3116032,1,MatmulDeviceOperation,64,115653.0
1577984,,MatmulDeviceOperation,64,115628.0
3014656,1,MatmulDeviceOperation,64,115606.0
1307648,,MatmulDeviceOperation,64,115594.0
1882112,,MatmulDeviceOperation,64,115581.0
1679360,,MatmulDeviceOperation,64,115556.0
2406400,1,MatmulDeviceOperation,64,115552.0
1983488,,MatmulDeviceOperation,64,115543.0
2744320,1,MatmulDeviceOperation,64,115538.0
2507776,1,MatmulDeviceOperation,64,115527.0
3284992,1,MatmulDeviceOperation,56,115503.0
1071104,,MatmulDeviceOperation,64,115502.0
1442816,,MatmulDeviceOperation,64,115498.0
3352576,1,MatmulDeviceOperation,56,115497.0
2541568,1,MatmulDeviceOperation,64,115496.0
1848320,,MatmulDeviceOperation,64,115476.0
1240064,,MatmulDeviceOperation,64,115455.0
1611776,,MatmulDeviceOperation,64,115454.0
211968,,ConcatDeviceOperation,64,115417.0
3251200,1,MatmulDeviceOperation,64,115400.0
1341440,,MatmulDeviceOperation,64,115386.0
1814528,,MatmulDeviceOperation,64,115321.0
2017280,,MatmulDeviceOperation,64,115319.0
1273856,,MatmulDeviceOperation,64,115315.0
2118656,,MatmulDeviceOperation,64,115306.0
3183616,1,MatmulDeviceOperation,64,115299.0
1037312,,MatmulDeviceOperation,64,115273.0
238592,,ConcatDeviceOperation,64,115247.0
1510400,,MatmulDeviceOperation,64,115222.0
1949696,,MatmulDeviceOperation,64,115214.0
1544192,,MatmulDeviceOperation,64,115210.0
772096,,ConcatDeviceOperation,64,115207.0
1476608,,MatmulDeviceOperation,64,115170.0
1746944,,MatmulDeviceOperation,64,115159.0
243712,,ConcatDeviceOperation,64,115127.0
1172480,,MatmulDeviceOperation,64,115100.0
1104896,,MatmulDeviceOperation,64,115074.0
1915904,,MatmulDeviceOperation,64,115035.0
1138688,,MatmulDeviceOperation,64,114854.0
446464,,ConcatDeviceOperation,64,114603.0
1409024,,MatmulDeviceOperation,64,114572.0
399360,,ConcatDeviceOperation,64,114477.0
452608,,ConcatDeviceOperation,64,114017.0
839680,,ConcatDeviceOperation,64,113637.0
512000,,ConcatDeviceOperation,64,113445.0
674816,,ConcatDeviceOperation,64,113001.0
934912,,ConcatDeviceOperation,64,112894.0
3453952,1,MatmulDeviceOperation,40,112887.0
886784,,ConcatDeviceOperation,64,112803.0
364544,,ConcatDeviceOperation,64,112749.0
3386368,1,MatmulDeviceOperation,48,112695.0
3420160,1,MatmulDeviceOperation,48,112606.0
558080,,ConcatDeviceOperation,64,112506.0
3487744,1,MatmulDeviceOperation,32,112432.0
739328,,ConcatDeviceOperation,64,112091.0
714752,,ConcatDeviceOperation,64,112014.0
189440,,ConcatDeviceOperation,64,111566.0
2300928,1,MatmulDeviceOperation,64,111097.0
2672640,1,MatmulDeviceOperation,64,110683.0
795648,,ConcatDeviceOperation,64,110679.0
861184,,ConcatDeviceOperation,64,110478.0
2638848,1,MatmulDeviceOperation,64,110419.0
2402304,1,MatmulDeviceOperation,64,110377.0
2774016,1,MatmulDeviceOperation,64,110300.0
1945600,,MatmulDeviceOperation,64,110178.0
2807808,1,MatmulDeviceOperation,64,110118.0
948224,,ConcatDeviceOperation,64,110093.0
2976768,1,MatmulDeviceOperation,64,110072.0
1371136,,MatmulDeviceOperation,64,110058.0
3145728,1,MatmulDeviceOperation,64,110010.0
1438720,,MatmulDeviceOperation,64,110006.0
2183168,,MatmulDeviceOperation,64,110005.0
1270784,,MatmulDeviceOperation,64,109995.0
2368512,1,MatmulDeviceOperation,64,109968.0
2436096,1,MatmulDeviceOperation,64,109964.0
1033216,,MatmulDeviceOperation,64,109951.0
2841600,1,MatmulDeviceOperation,64,109923.0
2504704,1,MatmulDeviceOperation,64,109907.0
1573888,,MatmulDeviceOperation,64,109905.0
1742848,,MatmulDeviceOperation,64,109898.0
1540096,,MatmulDeviceOperation,64,109827.0
2572288,1,MatmulDeviceOperation,64,109824.0
2046976,,MatmulDeviceOperation,64,109803.0
1473536,,MatmulDeviceOperation,64,109785.0
3213312,1,MatmulDeviceOperation,64,109741.0
1135616,,MatmulDeviceOperation,64,109737.0
2334720,1,MatmulDeviceOperation,64,109704.0
1068032,,MatmulDeviceOperation,64,109648.0
2942976,1,MatmulDeviceOperation,64,109637.0
634880,,ConcatDeviceOperation,64,109629.0
1203200,,MatmulDeviceOperation,64,109622.0
1269760,,MatmulDeviceOperation,64,109600.0
2706432,1,MatmulDeviceOperation,64,109595.0
2875392,1,MatmulDeviceOperation,64,109568.0
3247104,1,MatmulDeviceOperation,64,109554.0
1338368,,MatmulDeviceOperation,64,109537.0
2909184,1,MatmulDeviceOperation,64,109523.0
1844224,,MatmulDeviceOperation,64,109506.0
2301952,1,MatmulDeviceOperation,64,109499.0
2740224,1,MatmulDeviceOperation,64,109494.0
2571264,1,MatmulDeviceOperation,64,109480.0
3179520,1,MatmulDeviceOperation,64,109473.0
1879040,,MatmulDeviceOperation,64,109471.0
1912832,,MatmulDeviceOperation,64,109456.0
1034240,,MatmulDeviceOperation,64,109455.0
1676288,,MatmulDeviceOperation,64,109448.0
3010560,1,MatmulDeviceOperation,64,109434.0
2148352,,MatmulDeviceOperation,64,109420.0
1642496,,MatmulDeviceOperation,64,109405.0
2149376,,MatmulDeviceOperation,64,109371.0
1675264,,MatmulDeviceOperation,64,109349.0
2403328,1,MatmulDeviceOperation,64,109337.0
1777664,,MatmulDeviceOperation,64,109314.0
1100800,,MatmulDeviceOperation,64,109304.0
1845248,,MatmulDeviceOperation,64,109299.0
2114560,,MatmulDeviceOperation,64,109299.0
1574912,,MatmulDeviceOperation,64,109276.0
1709056,,MatmulDeviceOperation,64,109272.0
1235968,,MatmulDeviceOperation,64,109269.0
2503680,1,MatmulDeviceOperation,64,109257.0
3112960,1,MatmulDeviceOperation,64,109245.0
1878016,,MatmulDeviceOperation,64,109238.0
2639872,1,MatmulDeviceOperation,64,109228.0
2182144,,MatmulDeviceOperation,64,109219.0
1607680,,MatmulDeviceOperation,64,109218.0
2673664,1,MatmulDeviceOperation,64,109197.0
1810432,,MatmulDeviceOperation,64,109183.0
502784,,ConcatDeviceOperation,64,109170.0
1169408,,MatmulDeviceOperation,64,109168.0
3416064,1,MatmulDeviceOperation,48,109137.0
2605056,1,MatmulDeviceOperation,64,109135.0
2335744,1,MatmulDeviceOperation,64,109120.0
1911808,,MatmulDeviceOperation,64,109096.0
3078144,1,MatmulDeviceOperation,64,109066.0
3314688,1,MatmulDeviceOperation,56,109064.0
1979392,,MatmulDeviceOperation,64,109054.0
1372160,,MatmulDeviceOperation,64,109037.0
1168384,,MatmulDeviceOperation,64,109034.0
2537472,1,MatmulDeviceOperation,64,109022.0
2216960,,MatmulDeviceOperation,64,109011.0
1980416,,MatmulDeviceOperation,64,109004.0
1811456,,MatmulDeviceOperation,64,108980.0
2437120,1,MatmulDeviceOperation,64,108980.0
3348480,1,MatmulDeviceOperation,56,108948.0
1710080,,MatmulDeviceOperation,64,108946.0
3111936,1,MatmulDeviceOperation,64,108895.0
3044352,1,MatmulDeviceOperation,64,108871.0
1506304,,MatmulDeviceOperation,64,108867.0
1608704,,MatmulDeviceOperation,64,108834.0
2115584,,MatmulDeviceOperation,64,108831.0
2048000,,MatmulDeviceOperation,64,108828.0
1472512,,MatmulDeviceOperation,64,108807.0
1641472,,MatmulDeviceOperation,64,108805.0
2013184,,MatmulDeviceOperation,64,108787.0
1067008,,MatmulDeviceOperation,64,108781.0
1541120,,MatmulDeviceOperation,64,108781.0
1743872,,MatmulDeviceOperation,64,108760.0
1946624,,MatmulDeviceOperation,64,108750.0
2775040,1,MatmulDeviceOperation,64,108729.0
3280896,1,MatmulDeviceOperation,56,108697.0
1304576,,MatmulDeviceOperation,64,108689.0
1337344,,MatmulDeviceOperation,64,108685.0
2215936,,MatmulDeviceOperation,64,108684.0
1507328,,MatmulDeviceOperation,64,108683.0
1439744,,MatmulDeviceOperation,64,108680.0
1134592,,MatmulDeviceOperation,64,108644.0
1405952,,MatmulDeviceOperation,64,108634.0
2977792,1,MatmulDeviceOperation,64,108621.0
1236992,,MatmulDeviceOperation,64,108598.0
2080768,,MatmulDeviceOperation,64,108574.0
2369536,1,MatmulDeviceOperation,64,108565.0
2014208,,MatmulDeviceOperation,64,108561.0
2842624,1,MatmulDeviceOperation,64,108551.0
1404928,,MatmulDeviceOperation,64,108487.0
2081792,,MatmulDeviceOperation,64,108465.0
2469888,1,MatmulDeviceOperation,64,108462.0
2808832,1,MatmulDeviceOperation,64,108456.0
1101824,,MatmulDeviceOperation,64,108451.0
1202176,,MatmulDeviceOperation,64,108448.0
1776640,,MatmulDeviceOperation,64,108376.0
3180544,1,MatmulDeviceOperation,64,108372.0
2944000,1,MatmulDeviceOperation,64,108369.0
2910208,1,MatmulDeviceOperation,64,108338.0
3214336,1,MatmulDeviceOperation,64,108319.0
1303552,,MatmulDeviceOperation,64,108316.0
3248128,1,MatmulDeviceOperation,64,108264.0
3011584,1,MatmulDeviceOperation,64,108135.0
3483648,1,MatmulDeviceOperation,32,108103.0
2741248,1,MatmulDeviceOperation,64,108074.0
3045376,1,MatmulDeviceOperation,64,108067.0
2470912,1,MatmulDeviceOperation,64,107987.0
3349504,1,MatmulDeviceOperation,56,107977.0
2876416,1,MatmulDeviceOperation,64,107971.0
3382272,1,MatmulDeviceOperation,48,107928.0
3146752,1,MatmulDeviceOperation,64,107914.0
3450880,1,MatmulDeviceOperation,40,107863.0
2606080,1,MatmulDeviceOperation,64,107795.0
2707456,1,MatmulDeviceOperation,64,107793.0
2538496,1,MatmulDeviceOperation,64,107779.0
3417088,1,MatmulDeviceOperation,48,107699.0
3281920,1,MatmulDeviceOperation,56,107628.0
3315712,1,MatmulDeviceOperation,56,107613.0
3449856,1,MatmulDeviceOperation,40,107526.0
3079168,1,MatmulDeviceOperation,64,107517.0
3484672,1,MatmulDeviceOperation,32,107311.0
3383296,1,MatmulDeviceOperation,48,107276.0
242688,,SliceDeviceOperation,64,98865.0
633856,,SliceDeviceOperation,64,97586.0
288768,,SliceDeviceOperation,64,97403.0
188416,,SliceDeviceOperation,64,96967.0
405504,,SliceDeviceOperation,64,96341.0
261120,,SliceDeviceOperation,64,96113.0
732160,,SliceDeviceOperation,64,96055.0
838656,,SliceDeviceOperation,64,95493.0
673792,,SliceDeviceOperation,64,95471.0
340992,,SliceDeviceOperation,64,94449.0
790528,,SliceDeviceOperation,64,94210.0
501760,,SliceDeviceOperation,64,94114.0
771072,,SliceDeviceOperation,64,94036.0
451584,,SliceDeviceOperation,64,93822.0
398336,,SliceDeviceOperation,64,93556.0
445440,,SliceDeviceOperation,64,93537.0
152576,,SliceDeviceOperation,64,93479.0
738304,,SliceDeviceOperation,64,92962.0
233472,,SliceDeviceOperation,64,92899.0
557056,,SliceDeviceOperation,64,92761.0
885760,,SliceDeviceOperation,64,92275.0
860160,,SliceDeviceOperation,64,92095.0
799744,,SliceDeviceOperation,64,91990.0
510976,,SliceDeviceOperation,64,91984.0
538624,,SliceDeviceOperation,64,91963.0
210944,,SliceDeviceOperation,64,91590.0
237568,,SliceDeviceOperation,64,91179.0
708608,,SliceDeviceOperation,64,91177.0
363520,,SliceDeviceOperation,64,90877.0
933888,,SliceDeviceOperation,64,90865.0
947200,,SliceDeviceOperation,64,90692.0
283648,,SliceDeviceOperation,64,90581.0
794624,,SliceDeviceOperation,64,90528.0
653312,,SliceDeviceOperation,64,90226.0
713728,,SliceDeviceOperation,64,89374.0
825344,,SliceDeviceOperation,64,88256.0
584704,,InterleavedToShardedDeviceOperation,11,81195.0
320512,,InterleavedToShardedDeviceOperation,11,81098.0
408576,,InterleavedToShardedDeviceOperation,11,80982.0
407552,,InterleavedToShardedDeviceOperation,11,80749.0
184320,,InterleavedToShardedDeviceOperation,11,80720.0
796672,,InterleavedToShardedDeviceOperation,11,80705.0
942080,,InterleavedToShardedDeviceOperation,11,80473.0
577536,,InterleavedToShardedDeviceOperation,11,80399.0
944128,,InterleavedToShardedDeviceOperation,11,80395.0
609280,,InterleavedToShardedDeviceOperation,11,80380.0
530432,,InterleavedToShardedDeviceOperation,11,80315.0
734208,,InterleavedToShardedDeviceOperation,11,80252.0
940032,,InterleavedToShardedDeviceOperation,11,80212.0
607232,,InterleavedToShardedDeviceOperation,11,80158.0
954368,,InterleavedToShardedDeviceOperation,11,80150.0
357376,,InterleavedToShardedDeviceOperation,11,80149.0
604160,,InterleavedToShardedDeviceOperation,11,80149.0
586752,,InterleavedToShardedDeviceOperation,11,80140.0
496640,,InterleavedToShardedDeviceOperation,11,80131.0
615424,,InterleavedToShardedDeviceOperation,11,80127.0
322560,,InterleavedToShardedDeviceOperation,11,80116.0
440320,,InterleavedToShardedDeviceOperation,11,80110.0
606208,,InterleavedToShardedDeviceOperation,11,80053.0
941056,,InterleavedToShardedDeviceOperation,11,79938.0
691200,,InterleavedToShardedDeviceOperation,11,79933.0
835584,,InterleavedToShardedDeviceOperation,11,79861.0
587776,,InterleavedToShardedDeviceOperation,11,79807.0
865280,,InterleavedToShardedDeviceOperation,11,79757.0
951296,,InterleavedToShardedDeviceOperation,11,79743.0
803840,,InterleavedToShardedDeviceOperation,11,79705.0
533504,,InterleavedToShardedDeviceOperation,11,79630.0
806912,,InterleavedToShardedDeviceOperation,11,79585.0
358400,,InterleavedToShardedDeviceOperation,11,79573.0
955392,,InterleavedToShardedDeviceOperation,11,79474.0
579584,,InterleavedToShardedDeviceOperation,11,79463.0
669696,,InterleavedToShardedDeviceOperation,11,79453.0
3492864,1,ShardedToInterleavedDeviceOperation,32,69488.0
2225152,,ShardedToInterleavedDeviceOperation,64,66599.0
2034688,,SdpaDecodeDeviceOperation,64,45055.0
2558976,1,SdpaDecodeDeviceOperation,64,44560.0
1662976,,SdpaDecodeDeviceOperation,64,44461.0
3032064,1,SdpaDecodeDeviceOperation,64,44441.0
2356224,1,SdpaDecodeDeviceOperation,64,44421.0
1016832,,SdpaDecodeDeviceOperation,64,44311.0
1122304,,SdpaDecodeDeviceOperation,64,44210.0
1933312,,SdpaDecodeDeviceOperation,64,44137.0
2284544,1,SdpaDecodeDeviceOperation,64,44084.0
1595392,,SdpaDecodeDeviceOperation,64,43977.0
1426432,,SdpaDecodeDeviceOperation,64,43924.0
1156096,,SdpaDecodeDeviceOperation,64,43832.0
2998272,1,SdpaDecodeDeviceOperation,64,43715.0
1967104,,SdpaDecodeDeviceOperation,64,43702.0
1392640,,SdpaDecodeDeviceOperation,64,43698.0
1629184,,SdpaDecodeDeviceOperation,64,43627.0
2626560,1,SdpaDecodeDeviceOperation,64,43553.0
3302400,1,SdpaDecodeDeviceOperation,56,43542.0
2930688,1,SdpaDecodeDeviceOperation,64,43533.0
2660352,1,SdpaDecodeDeviceOperation,64,43463.0
2322432,1,SdpaDecodeDeviceOperation,64,43375.0
1257472,,SdpaDecodeDeviceOperation,64,43340.0
1358848,,SdpaDecodeDeviceOperation,64,43337.0
3437568,1,SdpaDecodeDeviceOperation,48,43309.0
1291264,,SdpaDecodeDeviceOperation,64,43263.0
2694144,1,SdpaDecodeDeviceOperation,64,43163.0
3471360,1,SdpaDecodeDeviceOperation,32,43163.0
1223680,,SdpaDecodeDeviceOperation,64,43115.0
3369984,1,SdpaDecodeDeviceOperation,52,43070.0
1088512,,SdpaDecodeDeviceOperation,64,43042.0
2203648,,SdpaDecodeDeviceOperation,64,43024.0
1189888,,SdpaDecodeDeviceOperation,64,43022.0
3065856,1,SdpaDecodeDeviceOperation,64,43000.0
1054720,,SdpaDecodeDeviceOperation,64,42924.0
1730560,,SdpaDecodeDeviceOperation,64,42865.0
1798144,,SdpaDecodeDeviceOperation,64,42854.0
2169856,,SdpaDecodeDeviceOperation,64,42805.0
1460224,,SdpaDecodeDeviceOperation,64,42779.0
1899520,,SdpaDecodeDeviceOperation,64,42769.0
2000896,,SdpaDecodeDeviceOperation,64,42767.0
2068480,,SdpaDecodeDeviceOperation,64,42757.0
2457600,1,SdpaDecodeDeviceOperation,64,42740.0
1494016,,SdpaDecodeDeviceOperation,64,42610.0
2136064,,SdpaDecodeDeviceOperation,64,42561.0
1831936,,SdpaDecodeDeviceOperation,64,42539.0
1764352,,SdpaDecodeDeviceOperation,64,42535.0
1527808,,SdpaDecodeDeviceOperation,64,42534.0
3201024,1,SdpaDecodeDeviceOperation,64,42494.0
3403776,1,SdpaDecodeDeviceOperation,48,42470.0
3099648,1,SdpaDecodeDeviceOperation,64,42398.0
1325056,,SdpaDecodeDeviceOperation,64,42332.0
2592768,1,SdpaDecodeDeviceOperation,64,42265.0
1696768,,SdpaDecodeDeviceOperation,64,42239.0
2102272,,SdpaDecodeDeviceOperation,64,42233.0
1865728,,SdpaDecodeDeviceOperation,64,42042.0
1561600,,SdpaDecodeDeviceOperation,64,41983.0
2863104,1,SdpaDecodeDeviceOperation,64,41727.0
2896896,1,SdpaDecodeDeviceOperation,64,41527.0
2525184,1,SdpaDecodeDeviceOperation,64,41442.0
3167232,1,SdpaDecodeDeviceOperation,64,41271.0
2829312,1,SdpaDecodeDeviceOperation,64,41221.0
2795520,1,SdpaDecodeDeviceOperation,64,41180.0
2423808,1,SdpaDecodeDeviceOperation,64,41132.0
2727936,1,SdpaDecodeDeviceOperation,64,41104.0
3234816,1,SdpaDecodeDeviceOperation,64,41062.0
3336192,1,SdpaDecodeDeviceOperation,56,40892.0
3268608,1,SdpaDecodeDeviceOperation,60,40862.0
2964480,1,SdpaDecodeDeviceOperation,64,40822.0
3133440,1,SdpaDecodeDeviceOperation,64,40539.0
2390016,1,SdpaDecodeDeviceOperation,64,40352.0
2761728,1,SdpaDecodeDeviceOperation,64,39899.0
2491392,1,SdpaDecodeDeviceOperation,64,39606.0
3221504,1,MatmulDeviceOperation,40,31480.0
2511872,1,MatmulDeviceOperation,40,30722.0
2816000,1,MatmulDeviceOperation,40,30581.0
2613248,1,MatmulDeviceOperation,40,30517.0
2444288,1,MatmulDeviceOperation,40,30513.0
2951168,1,MatmulDeviceOperation,40,30366.0
2984960,1,MatmulDeviceOperation,40,30351.0
3018752,1,MatmulDeviceOperation,40,30298.0
2680832,1,MatmulDeviceOperation,40,30197.0
2917376,1,MatmulDeviceOperation,40,30104.0
2714624,1,MatmulDeviceOperation,40,30006.0
2647040,1,MatmulDeviceOperation,40,29962.0
2478080,1,MatmulDeviceOperation,40,29907.0
2342912,1,MatmulDeviceOperation,40,29897.0
2782208,1,MatmulDeviceOperation,40,29844.0
2748416,1,MatmulDeviceOperation,40,29791.0
3052544,1,MatmulDeviceOperation,40,29775.0
1649664,,MatmulDeviceOperation,40,29761.0
2410496,1,MatmulDeviceOperation,40,29699.0
3153920,1,MatmulDeviceOperation,40,29664.0
3550208,,UntilizeDeviceOperation,64,29664.0
973824,,MatmulDeviceOperation,40,29644.0
1480704,,MatmulDeviceOperation,40,29631.0
3255296,1,MatmulDeviceOperation,39,29589.0
2309120,1,MatmulDeviceOperation,40,29564.0
1413120,,MatmulDeviceOperation,40,29551.0
1751040,,MatmulDeviceOperation,40,29533.0
3120128,1,MatmulDeviceOperation,40,29479.0
2088960,,MatmulDeviceOperation,40,29475.0
3086336,1,MatmulDeviceOperation,40,29433.0
2122752,,MatmulDeviceOperation,40,29389.0
2241536,1,MatmulDeviceOperation,40,29368.0
2883584,1,MatmulDeviceOperation,40,29309.0
2849792,1,MatmulDeviceOperation,40,29289.0
2376704,1,MatmulDeviceOperation,40,29276.0
3187712,1,MatmulDeviceOperation,40,29273.0
1379328,,MatmulDeviceOperation,40,29257.0
2579456,1,MatmulDeviceOperation,40,29256.0
1142784,,MatmulDeviceOperation,40,29236.0
2545664,1,MatmulDeviceOperation,40,29230.0
2156544,,MatmulDeviceOperation,40,29213.0
3546112,,UntilizeDeviceOperation,64,29196.0
1041408,,MatmulDeviceOperation,40,29187.0
3322880,1,MatmulDeviceOperation,32,29150.0
1784832,,MatmulDeviceOperation,40,29127.0
1108992,,MatmulDeviceOperation,40,29073.0
1582080,,MatmulDeviceOperation,40,29061.0
2190336,,MatmulDeviceOperation,40,29019.0
2021376,,MatmulDeviceOperation,40,29012.0
1244160,,MatmulDeviceOperation,40,28979.0
1987584,,MatmulDeviceOperation,40,28962.0
1615872,,MatmulDeviceOperation,40,28944.0
3536896,,UntilizeDeviceOperation,64,28917.0
3356672,1,MatmulDeviceOperation,32,28909.0
3424256,1,MatmulDeviceOperation,24,28876.0
1446912,,MatmulDeviceOperation,40,28857.0
1345536,,MatmulDeviceOperation,40,28855.0
3554304,,UntilizeDeviceOperation,64,28831.0
1210368,,MatmulDeviceOperation,40,28829.0
3597312,,UntilizeDeviceOperation,64,28797.0
3602432,,UntilizeDeviceOperation,64,28750.0
3579904,,UntilizeDeviceOperation,64,28734.0
3548160,,UntilizeDeviceOperation,64,28724.0
3390464,1,MatmulDeviceOperation,24,28723.0
3545088,,UntilizeDeviceOperation,64,28703.0
1953792,,MatmulDeviceOperation,40,28661.0
1920000,,MatmulDeviceOperation,40,28632.0
2055168,,MatmulDeviceOperation,40,28629.0
3539968,,UntilizeDeviceOperation,64,28620.0
3604480,,UntilizeDeviceOperation,64,28593.0
1075200,,MatmulDeviceOperation,40,28577.0
3573760,,UntilizeDeviceOperation,64,28550.0
1683456,,MatmulDeviceOperation,40,28549.0
1548288,,MatmulDeviceOperation,40,28527.0
1176576,,MatmulDeviceOperation,40,28502.0
1311744,,MatmulDeviceOperation,40,28484.0
3542016,,UntilizeDeviceOperation,64,28469.0
1514496,,MatmulDeviceOperation,40,28445.0
3575808,,UntilizeDeviceOperation,64,28440.0
3558400,,UntilizeDeviceOperation,64,28376.0
3562496,,UntilizeDeviceOperation,64,28347.0
3289088,1,MatmulDeviceOperation,32,28329.0
3574784,,UntilizeDeviceOperation,64,28323.0
1717248,,MatmulDeviceOperation,40,28296.0
1277952,,MatmulDeviceOperation,40,28294.0
3564544,,UntilizeDeviceOperation,64,28294.0
1886208,,MatmulDeviceOperation,40,28293.0
3540992,,UntilizeDeviceOperation,64,28292.0
3543040,,UntilizeDeviceOperation,64,28254.0
1818624,,MatmulDeviceOperation,40,28221.0
3569664,,UntilizeDeviceOperation,64,28212.0
3563520,,UntilizeDeviceOperation,64,28208.0
3566592,,UntilizeDeviceOperation,64,28172.0
3567616,,UntilizeDeviceOperation,64,28148.0
3586048,,UntilizeDeviceOperation,64,28143.0
3595264,,UntilizeDeviceOperation,64,28140.0
3544064,,UntilizeDeviceOperation,64,28122.0
3534848,,UntilizeDeviceOperation,64,28117.0
1852416,,MatmulDeviceOperation,40,28097.0
3576832,,UntilizeDeviceOperation,64,28077.0
3605504,,UntilizeDeviceOperation,64,28074.0
3561472,,UntilizeDeviceOperation,64,28047.0
3593216,,UntilizeDeviceOperation,64,28039.0
3587072,,UntilizeDeviceOperation,64,28012.0
3592192,,UntilizeDeviceOperation,64,27995.0
3591168,,UntilizeDeviceOperation,64,27993.0
3570688,,UntilizeDeviceOperation,64,27961.0
3553280,,UntilizeDeviceOperation,64,27932.0
3533824,,UntilizeDeviceOperation,64,27927.0
3547136,,UntilizeDeviceOperation,64,27879.0
3588096,,UntilizeDeviceOperation,64,27848.0
3582976,,UntilizeDeviceOperation,64,27846.0
3571712,,UntilizeDeviceOperation,64,27841.0
3589120,,UntilizeDeviceOperation,64,27793.0
3580928,,UntilizeDeviceOperation,64,27727.0
142336,,TilizeDeviceOperation,64,27714.0
3603456,,UntilizeDeviceOperation,64,27707.0
3552256,,UntilizeDeviceOperation,64,27700.0
3560448,,UntilizeDeviceOperation,64,27640.0
3549184,,UntilizeDeviceOperation,64,27623.0
3572736,,UntilizeDeviceOperation,64,27583.0
3537920,,UntilizeDeviceOperation,64,27577.0
3555328,,UntilizeDeviceOperation,64,27576.0
3578880,,UntilizeDeviceOperation,64,27529.0
3585024,,UntilizeDeviceOperation,64,27522.0
3577856,,UntilizeDeviceOperation,64,27520.0
3551232,,UntilizeDeviceOperation,64,27441.0
3590144,,UntilizeDeviceOperation,64,27428.0
3556352,,UntilizeDeviceOperation,64,27420.0
3557376,,UntilizeDeviceOperation,64,27382.0
3599360,,UntilizeDeviceOperation,64,27369.0
3594240,,UntilizeDeviceOperation,64,27355.0
3565568,,UntilizeDeviceOperation,64,27322.0
3584000,,UntilizeDeviceOperation,64,27315.0
3606528,,UntilizeDeviceOperation,64,27314.0
3598336,,UntilizeDeviceOperation,64,27284.0
3535872,,UntilizeDeviceOperation,64,27280.0
3581952,,UntilizeDeviceOperation,64,27280.0
3600384,,UntilizeDeviceOperation,64,27227.0
105472,,TilizeDeviceOperation,64,27218.0
3601408,,UntilizeDeviceOperation,64,27204.0
3568640,,UntilizeDeviceOperation,64,27201.0
22528,,TilizeDeviceOperation,64,27193.0
2048,,TilizeDeviceOperation,64,27179.0
89088,,TilizeDeviceOperation,64,27119.0
3538944,,UntilizeDeviceOperation,64,27116.0
3559424,,UntilizeDeviceOperation,64,27115.0
145408,,TilizeDeviceOperation,64,27100.0
3596288,,UntilizeDeviceOperation,64,27083.0
97280,,TilizeDeviceOperation,64,26999.0
2172928,,TernaryDeviceOperation,64,26965.0
125952,,TilizeDeviceOperation,64,26963.0
109568,,TilizeDeviceOperation,64,26905.0
1294336,,TernaryDeviceOperation,64,26888.0
1091584,,TernaryDeviceOperation,64,26879.0
1632256,,TernaryDeviceOperation,64,26847.0
2206720,,TernaryDeviceOperation,64,26839.0
2003968,,TernaryDeviceOperation,64,26828.0
1328128,,TernaryDeviceOperation,64,26820.0
92160,,TilizeDeviceOperation,64,26792.0
1361920,,TernaryDeviceOperation,64,26773.0
2139136,,TernaryDeviceOperation,64,26754.0
1226752,,TernaryDeviceOperation,64,26752.0
1767424,,TernaryDeviceOperation,64,26739.0
2105344,,TernaryDeviceOperation,64,26727.0
138240,,TilizeDeviceOperation,64,26724.0
1598464,,TernaryDeviceOperation,64,26724.0
1530880,,TernaryDeviceOperation,64,26719.0
1733632,,TernaryDeviceOperation,64,26717.0
1666048,,TernaryDeviceOperation,64,26715.0
26624,,TilizeDeviceOperation,64,26708.0
1699840,,TernaryDeviceOperation,64,26707.0
1902592,,TernaryDeviceOperation,64,26707.0
1159168,,TernaryDeviceOperation,64,26691.0
1260544,,TernaryDeviceOperation,64,26682.0
113664,,TilizeDeviceOperation,64,26678.0
1868800,,TernaryDeviceOperation,64,26669.0
1429504,,TernaryDeviceOperation,64,26659.0
116736,,TilizeDeviceOperation,64,26655.0
1497088,,TernaryDeviceOperation,64,26654.0
1835008,,TernaryDeviceOperation,64,26651.0
133120,,TilizeDeviceOperation,64,26650.0
1564672,,TernaryDeviceOperation,64,26643.0
1057792,,TernaryDeviceOperation,64,26635.0
1936384,,TernaryDeviceOperation,64,26625.0
1192960,,TernaryDeviceOperation,64,26622.0
67584,,TilizeDeviceOperation,64,26608.0
2037760,,TernaryDeviceOperation,64,26607.0
59392,,TilizeDeviceOperation,64,26600.0
75776,,TilizeDeviceOperation,64,26598.0
1463296,,TernaryDeviceOperation,64,26596.0
51200,,TilizeDeviceOperation,64,26593.0
2071552,,TernaryDeviceOperation,64,26592.0
1395712,,TernaryDeviceOperation,64,26580.0
1970176,,TernaryDeviceOperation,64,26577.0
15360,,TilizeDeviceOperation,64,26556.0
39936,,TilizeDeviceOperation,64,26543.0
1125376,,TernaryDeviceOperation,64,26527.0
84992,,TilizeDeviceOperation,64,26517.0
1024000,,TernaryDeviceOperation,64,26514.0
1801216,,TernaryDeviceOperation,64,26511.0
23552,,TilizeDeviceOperation,64,26497.0
3458048,1,MatmulDeviceOperation,8,26459.0
2871296,1,MatmulDeviceOperation,64,26391.0
137216,,TilizeDeviceOperation,64,26378.0
83968,,TilizeDeviceOperation,64,26363.0
2364416,1,MatmulDeviceOperation,64,26360.0
2663424,1,TernaryDeviceOperation,64,26358.0
64512,,TilizeDeviceOperation,64,26301.0
27648,,TilizeDeviceOperation,64,26281.0
101376,,TilizeDeviceOperation,64,26262.0
2330624,1,MatmulDeviceOperation,64,26257.0
7168,,TilizeDeviceOperation,64,26239.0
3074048,1,MatmulDeviceOperation,64,26238.0
124928,,TilizeDeviceOperation,64,26231.0
3339264,1,TernaryDeviceOperation,56,26231.0
108544,,TilizeDeviceOperation,64,26217.0
141312,,TilizeDeviceOperation,64,26136.0
3243008,1,MatmulDeviceOperation,64,26108.0
2972672,1,MatmulDeviceOperation,64,26050.0
3209216,1,MatmulDeviceOperation,64,26045.0
31744,,TilizeDeviceOperation,64,26019.0
3006464,1,MatmulDeviceOperation,64,25920.0
104448,,TilizeDeviceOperation,64,25897.0
34816,,TilizeDeviceOperation,64,25882.0
2736128,1,MatmulDeviceOperation,64,25857.0
2905088,1,MatmulDeviceOperation,64,25843.0
10240,,TilizeDeviceOperation,64,25837.0
3141632,1,MatmulDeviceOperation,64,25837.0
120832,,TilizeDeviceOperation,64,25823.0
2769920,1,MatmulDeviceOperation,64,25820.0
76800,,TilizeDeviceOperation,64,25819.0
1029120,,MatmulDeviceOperation,64,25815.0
2938880,1,MatmulDeviceOperation,64,25804.0
2359296,1,TernaryDeviceOperation,64,25803.0
1704960,,MatmulDeviceOperation,64,25797.0
71680,,TilizeDeviceOperation,64,25783.0
1873920,,MatmulDeviceOperation,64,25737.0
2595840,1,TernaryDeviceOperation,64,25722.0
3276800,1,MatmulDeviceOperation,56,25706.0
72704,,TilizeDeviceOperation,64,25698.0
3204096,1,TernaryDeviceOperation,64,25692.0
19456,,TilizeDeviceOperation,64,25688.0
117760,,TilizeDeviceOperation,64,25680.0
11264,,TilizeDeviceOperation,64,25679.0
3175424,1,MatmulDeviceOperation,64,25676.0
3035136,1,TernaryDeviceOperation,64,25673.0
14336,,TilizeDeviceOperation,64,25672.0
2499584,1,MatmulDeviceOperation,64,25660.0
6144,,TilizeDeviceOperation,64,25653.0
2697216,1,TernaryDeviceOperation,64,25642.0
112640,,TilizeDeviceOperation,64,25641.0
1671168,,MatmulDeviceOperation,64,25639.0
2533376,1,MatmulDeviceOperation,64,25637.0
96256,,TilizeDeviceOperation,64,25601.0
3001344,1,TernaryDeviceOperation,64,25593.0
2110464,,MatmulDeviceOperation,64,25592.0
52224,,TilizeDeviceOperation,64,25572.0
2803712,1,MatmulDeviceOperation,64,25571.0
3344384,1,MatmulDeviceOperation,56,25567.0
1400832,,MatmulDeviceOperation,64,25566.0
3271680,1,TernaryDeviceOperation,60,25558.0
43008,,TilizeDeviceOperation,64,25537.0
35840,,TilizeDeviceOperation,64,25534.0
1975296,,MatmulDeviceOperation,64,25534.0
2764800,1,TernaryDeviceOperation,64,25529.0
1637376,,MatmulDeviceOperation,64,25519.0
3040256,1,MatmulDeviceOperation,64,25510.0
1231872,,MatmulDeviceOperation,64,25509.0
47104,,TilizeDeviceOperation,64,25497.0
2009088,,MatmulDeviceOperation,64,25467.0
1130496,,MatmulDeviceOperation,64,25463.0
2398208,1,MatmulDeviceOperation,64,25457.0
2933760,1,TernaryDeviceOperation,64,25454.0
134144,,TilizeDeviceOperation,64,25448.0
2296832,1,MatmulDeviceOperation,64,25440.0
1536000,,MatmulDeviceOperation,64,25436.0
146432,,TilizeDeviceOperation,64,25435.0
1569792,,MatmulDeviceOperation,64,25434.0
1840128,,MatmulDeviceOperation,64,25422.0
68608,,TilizeDeviceOperation,64,25415.0
3440640,1,TernaryDeviceOperation,48,25402.0
2866176,1,TernaryDeviceOperation,64,25396.0
3305472,1,TernaryDeviceOperation,56,25396.0
1265664,,MatmulDeviceOperation,64,25379.0
44032,,TilizeDeviceOperation,64,25362.0
2393088,1,TernaryDeviceOperation,64,25348.0
2629632,1,TernaryDeviceOperation,64,25346.0
2460672,1,TernaryDeviceOperation,64,25343.0
2668544,1,MatmulDeviceOperation,64,25339.0
2042880,,MatmulDeviceOperation,64,25338.0
2291712,1,TernaryDeviceOperation,64,25338.0
2634752,1,MatmulDeviceOperation,64,25338.0
3072,,TilizeDeviceOperation,64,25337.0
3406848,1,TernaryDeviceOperation,48,25287.0
2426880,1,TernaryDeviceOperation,64,25280.0
1367040,,MatmulDeviceOperation,64,25278.0
2702336,1,MatmulDeviceOperation,64,25272.0
3102720,1,TernaryDeviceOperation,64,25269.0
38912,,TilizeDeviceOperation,64,25268.0
2562048,1,TernaryDeviceOperation,64,25267.0
2798592,1,TernaryDeviceOperation,64,25258.0
2967552,1,TernaryDeviceOperation,64,25231.0
63488,,TilizeDeviceOperation,64,25227.0
2494464,1,TernaryDeviceOperation,64,25187.0
30720,,TilizeDeviceOperation,64,25179.0
129024,,TilizeDeviceOperation,64,25155.0
2832384,1,TernaryDeviceOperation,64,25145.0
55296,,TilizeDeviceOperation,64,25141.0
2528256,1,TernaryDeviceOperation,64,25132.0
3237888,1,TernaryDeviceOperation,64,25117.0
1062912,,MatmulDeviceOperation,64,25114.0
2144256,,MatmulDeviceOperation,64,25112.0
2899968,1,TernaryDeviceOperation,64,25097.0
80896,,TilizeDeviceOperation,64,25075.0
2731008,1,TernaryDeviceOperation,64,25069.0
2465792,1,MatmulDeviceOperation,64,25068.0
18432,,TilizeDeviceOperation,64,25029.0
3310592,1,MatmulDeviceOperation,56,25025.0
2432000,1,MatmulDeviceOperation,64,25021.0
1941504,,MatmulDeviceOperation,64,25017.0
2325504,1,TernaryDeviceOperation,64,25011.0
1738752,,MatmulDeviceOperation,64,25004.0
100352,,TilizeDeviceOperation,64,25001.0
2600960,1,MatmulDeviceOperation,64,25000.0
2837504,1,MatmulDeviceOperation,64,24998.0
3373056,1,TernaryDeviceOperation,52,24994.0
3474432,1,TernaryDeviceOperation,32,24979.0
3170304,1,TernaryDeviceOperation,64,24975.0
2267136,1,TernaryDeviceOperation,64,24966.0
93184,,TilizeDeviceOperation,64,24947.0
3136512,1,TernaryDeviceOperation,64,24907.0
2211840,,MatmulDeviceOperation,64,24905.0
1907712,,MatmulDeviceOperation,64,24898.0
2567168,1,MatmulDeviceOperation,64,24895.0
2178048,,MatmulDeviceOperation,64,24867.0
1806336,,MatmulDeviceOperation,64,24858.0
1434624,,MatmulDeviceOperation,64,24857.0
3068928,1,TernaryDeviceOperation,64,24853.0
79872,,TilizeDeviceOperation,64,24841.0
1164288,,MatmulDeviceOperation,64,24834.0
1502208,,MatmulDeviceOperation,64,24832.0
130048,,TilizeDeviceOperation,64,24781.0
1096704,,MatmulDeviceOperation,64,24761.0
88064,,TilizeDeviceOperation,64,24753.0
121856,,TilizeDeviceOperation,64,24731.0
56320,,TilizeDeviceOperation,64,24720.0
1468416,,MatmulDeviceOperation,64,24702.0
1299456,,MatmulDeviceOperation,64,24698.0
3107840,1,MatmulDeviceOperation,64,24685.0
2076672,,MatmulDeviceOperation,64,24681.0
999424,,TernaryDeviceOperation,64,24680.0
1198080,,MatmulDeviceOperation,64,24648.0
1603584,,MatmulDeviceOperation,64,24618.0
1333248,,MatmulDeviceOperation,64,24515.0
1772544,,MatmulDeviceOperation,64,24484.0
48128,,TilizeDeviceOperation,64,24151.0
3479552,1,MatmulDeviceOperation,32,23961.0
3411968,1,MatmulDeviceOperation,48,23899.0
3378176,1,MatmulDeviceOperation,48,23886.0
60416,,TilizeDeviceOperation,64,23725.0
3445760,1,MatmulDeviceOperation,46,23711.0
415744,,TilizeWithValPaddingDeviceOperation,1,23143.0
515072,,TilizeWithValPaddingDeviceOperation,1,23051.0
594944,,TilizeWithValPaddingDeviceOperation,1,22945.0
295936,,TilizeWithValPaddingDeviceOperation,1,22922.0
172032,,TilizeWithValPaddingDeviceOperation,1,22916.0
518144,,TilizeWithValPaddingDeviceOperation,1,22915.0
717824,,TilizeWithValPaddingDeviceOperation,1,22914.0
922624,,TilizeWithValPaddingDeviceOperation,1,22913.0
367616,,TilizeWithValPaddingDeviceOperation,1,22912.0
473088,,TilizeWithValPaddingDeviceOperation,1,22912.0
487424,,TilizeWithValPaddingDeviceOperation,1,22909.0
458752,,TilizeWithValPaddingDeviceOperation,1,22908.0
564224,,TilizeWithValPaddingDeviceOperation,1,22908.0
387072,,TilizeWithValPaddingDeviceOperation,1,22902.0
907264,,TilizeWithValPaddingDeviceOperation,1,22902.0
430080,,TilizeWithValPaddingDeviceOperation,1,22900.0
484352,,TilizeWithValPaddingDeviceOperation,1,22899.0
660480,,TilizeWithValPaddingDeviceOperation,1,22898.0
697344,,TilizeWithValPaddingDeviceOperation,1,22898.0
199680,,TilizeWithValPaddingDeviceOperation,1,22895.0
328704,,TilizeWithValPaddingDeviceOperation,1,22895.0
345088,,TilizeWithValPaddingDeviceOperation,1,22894.0
742400,,TilizeWithValPaddingDeviceOperation,1,22893.0
775168,,TilizeWithValPaddingDeviceOperation,1,22893.0
720896,,TilizeWithValPaddingDeviceOperation,1,22892.0
756736,,TilizeWithValPaddingDeviceOperation,1,22892.0
811008,,TilizeWithValPaddingDeviceOperation,1,22892.0
814080,,TilizeWithValPaddingDeviceOperation,1,22891.0
325632,,TilizeWithValPaddingDeviceOperation,1,22890.0
759808,,TilizeWithValPaddingDeviceOperation,1,22890.0
567296,,TilizeWithValPaddingDeviceOperation,1,22889.0
591872,,TilizeWithValPaddingDeviceOperation,1,22888.0
308224,,TilizeWithValPaddingDeviceOperation,1,22887.0
370688,,TilizeWithValPaddingDeviceOperation,1,22886.0
292864,,TilizeWithValPaddingDeviceOperation,1,22885.0
619520,,TilizeWithValPaddingDeviceOperation,1,22884.0
542720,,TilizeWithValPaddingDeviceOperation,1,22882.0
677888,,TilizeWithValPaddingDeviceOperation,1,22882.0
268288,,TilizeWithValPaddingDeviceOperation,1,22879.0
384000,,TilizeWithValPaddingDeviceOperation,1,22878.0
412672,,TilizeWithValPaddingDeviceOperation,1,22878.0
843776,,TilizeWithValPaddingDeviceOperation,1,22873.0
745472,,TilizeWithValPaddingDeviceOperation,1,22871.0
657408,,TilizeWithValPaddingDeviceOperation,1,22867.0
871424,,TilizeWithValPaddingDeviceOperation,1,22867.0
196608,,TilizeWithValPaddingDeviceOperation,1,22866.0
892928,,TilizeWithValPaddingDeviceOperation,1,22865.0
642048,,TilizeWithValPaddingDeviceOperation,1,22864.0
904192,,TilizeWithValPaddingDeviceOperation,1,22863.0
622592,,TilizeWithValPaddingDeviceOperation,1,22862.0
427008,,TilizeWithValPaddingDeviceOperation,1,22861.0
470016,,TilizeWithValPaddingDeviceOperation,1,22857.0
175104,,TilizeWithValPaddingDeviceOperation,1,22853.0
249856,,TilizeWithValPaddingDeviceOperation,1,22851.0
348160,,TilizeWithValPaddingDeviceOperation,1,22848.0
889856,,TilizeWithValPaddingDeviceOperation,1,22848.0
220160,,TilizeWithValPaddingDeviceOperation,1,22846.0
455680,,TilizeWithValPaddingDeviceOperation,1,22846.0
694272,,TilizeWithValPaddingDeviceOperation,1,22843.0
919552,,TilizeWithValPaddingDeviceOperation,1,22843.0
846848,,TilizeWithValPaddingDeviceOperation,1,22841.0
778240,,TilizeWithValPaddingDeviceOperation,1,22836.0
217088,,TilizeWithValPaddingDeviceOperation,1,22831.0
874496,,TilizeWithValPaddingDeviceOperation,1,22829.0
545792,,TilizeWithValPaddingDeviceOperation,1,22828.0
246784,,TilizeWithValPaddingDeviceOperation,1,22827.0
271360,,TilizeWithValPaddingDeviceOperation,1,22826.0
680960,,TilizeWithValPaddingDeviceOperation,1,22823.0
160768,,TilizeWithValPaddingDeviceOperation,1,22814.0
311296,,TilizeWithValPaddingDeviceOperation,1,22813.0
638976,,TilizeWithValPaddingDeviceOperation,1,22808.0
157696,,TilizeWithValPaddingDeviceOperation,1,22795.0
2237440,1,EmbeddingsDeviceOperation,1,20666.0
969728,,EmbeddingsDeviceOperation,1,20065.0
1011712,,TilizeWithValPaddingDeviceOperation,32,17164.0
2279424,1,TilizeWithValPaddingDeviceOperation,32,16836.0
3046400,1,BinaryNgDeviceOperation,64,16719.0
2404352,1,BinaryNgDeviceOperation,64,16531.0
2776064,1,BinaryNgDeviceOperation,64,16524.0
3012608,1,BinaryNgDeviceOperation,64,16522.0
798720,,SliceDeviceOperation,64,16518.0
2877440,1,BinaryNgDeviceOperation,64,16518.0
3080192,1,BinaryNgDeviceOperation,64,16518.0
3350528,1,BinaryNgDeviceOperation,56,16514.0
3384320,1,BinaryNgDeviceOperation,48,16513.0
3418112,1,BinaryNgDeviceOperation,48,16513.0
2573312,1,BinaryNgDeviceOperation,64,16512.0
3316736,1,BinaryNgDeviceOperation,56,16510.0
2674688,1,BinaryNgDeviceOperation,64,16507.0
2742272,1,BinaryNgDeviceOperation,64,16507.0
2809856,1,BinaryNgDeviceOperation,64,16507.0
2302976,1,BinaryNgDeviceOperation,64,16506.0
3113984,1,BinaryNgDeviceOperation,64,16504.0
3249152,1,BinaryNgDeviceOperation,64,16503.0
2539520,1,BinaryNgDeviceOperation,64,16500.0
2505728,1,BinaryNgDeviceOperation,64,16499.0
3215360,1,BinaryNgDeviceOperation,64,16499.0
3282944,1,BinaryNgDeviceOperation,56,16499.0
2640896,1,BinaryNgDeviceOperation,64,16496.0
2911232,1,BinaryNgDeviceOperation,64,16496.0
2471936,1,BinaryNgDeviceOperation,64,16495.0
2945024,1,BinaryNgDeviceOperation,64,16494.0
3181568,1,BinaryNgDeviceOperation,64,16494.0
3485696,1,BinaryNgDeviceOperation,32,16491.0
2607104,1,BinaryNgDeviceOperation,64,16490.0
2978816,1,BinaryNgDeviceOperation,64,16490.0
3147776,1,BinaryNgDeviceOperation,64,16487.0
2336768,1,BinaryNgDeviceOperation,64,16478.0
2708480,1,BinaryNgDeviceOperation,64,16473.0
2843648,1,BinaryNgDeviceOperation,64,16472.0
2438144,1,BinaryNgDeviceOperation,64,16471.0
2370560,1,BinaryNgDeviceOperation,64,16470.0
3451904,1,BinaryNgDeviceOperation,40,16468.0
967680,,ReshapeViewDeviceOperation,64,16441.0
1339392,,BinaryNgDeviceOperation,64,16418.0
1609728,,BinaryNgDeviceOperation,64,16417.0
2116608,,BinaryNgDeviceOperation,64,16415.0
1812480,,BinaryNgDeviceOperation,64,16412.0
1035264,,BinaryNgDeviceOperation,64,16411.0
1913856,,BinaryNgDeviceOperation,64,16411.0
1305600,,BinaryNgDeviceOperation,64,16410.0
1643520,,BinaryNgDeviceOperation,64,16409.0
1677312,,BinaryNgDeviceOperation,64,16405.0
1102848,,BinaryNgDeviceOperation,64,16404.0
1373184,,BinaryNgDeviceOperation,64,16404.0
1474560,,BinaryNgDeviceOperation,64,16403.0
1778688,,BinaryNgDeviceOperation,64,16402.0
1947648,,BinaryNgDeviceOperation,64,16399.0
2184192,,BinaryNgDeviceOperation,64,16399.0
1744896,,BinaryNgDeviceOperation,64,16398.0
1271808,,BinaryNgDeviceOperation,64,16397.0
1981440,,BinaryNgDeviceOperation,64,16397.0
2015232,,BinaryNgDeviceOperation,64,16396.0
1204224,,BinaryNgDeviceOperation,64,16394.0
1069056,,BinaryNgDeviceOperation,64,16393.0
1508352,,BinaryNgDeviceOperation,64,16389.0
1238016,,BinaryNgDeviceOperation,64,16387.0
1542144,,BinaryNgDeviceOperation,64,16386.0
2049024,,BinaryNgDeviceOperation,64,16386.0
1170432,,BinaryNgDeviceOperation,64,16385.0
1711104,,BinaryNgDeviceOperation,64,16384.0
1846272,,BinaryNgDeviceOperation,64,16382.0
2217984,,BinaryNgDeviceOperation,64,16382.0
1575936,,BinaryNgDeviceOperation,64,16381.0
2150400,,BinaryNgDeviceOperation,64,16381.0
1440768,,BinaryNgDeviceOperation,64,16379.0
2082816,,BinaryNgDeviceOperation,64,16379.0
1880064,,BinaryNgDeviceOperation,64,16373.0
1136640,,BinaryNgDeviceOperation,64,16370.0
1406976,,BinaryNgDeviceOperation,64,16366.0
2235392,1,ReshapeViewDeviceOperation,64,16208.0
231424,,SliceDeviceOperation,64,16153.0
788480,,SliceDeviceOperation,64,15964.0
260096,,SliceDeviceOperation,64,15854.0
789504,,SliceDeviceOperation,64,15824.0
499712,,SliceDeviceOperation,64,15788.0
945152,,SliceDeviceOperation,64,15619.0
824320,,SliceDeviceOperation,64,15590.0
240640,,SliceDeviceOperation,64,15580.0
671744,,SliceDeviceOperation,64,15547.0
281600,,SliceDeviceOperation,64,15528.0
396288,,SliceDeviceOperation,64,15495.0
186368,,SliceDeviceOperation,64,15471.0
631808,,SliceDeviceOperation,64,15449.0
443392,,SliceDeviceOperation,64,15411.0
730112,,SliceDeviceOperation,64,15393.0
187392,,SliceDeviceOperation,64,15381.0
362496,,SliceDeviceOperation,64,15377.0
731136,,SliceDeviceOperation,64,15337.0
770048,,SliceDeviceOperation,64,15325.0
500736,,SliceDeviceOperation,64,15252.0
236544,,SliceDeviceOperation,64,15242.0
712704,,SliceDeviceOperation,64,15219.0
836608,,SliceDeviceOperation,64,15205.0
339968,,SliceDeviceOperation,64,15143.0
509952,,SliceDeviceOperation,64,15126.0
444416,,SliceDeviceOperation,64,15121.0
792576,,SliceDeviceOperation,64,15111.0
404480,,SliceDeviceOperation,64,15110.0
736256,,SliceDeviceOperation,64,15082.0
338944,,SliceDeviceOperation,64,15024.0
208896,,SliceDeviceOperation,64,15021.0
737280,,SliceDeviceOperation,64,15011.0
536576,,SliceDeviceOperation,64,14974.0
235520,,SliceDeviceOperation,64,14955.0
797696,,SliceDeviceOperation,64,14955.0
707584,,SliceDeviceOperation,64,14948.0
711680,,SliceDeviceOperation,64,14947.0
769024,,SliceDeviceOperation,64,14947.0
946176,,SliceDeviceOperation,64,14943.0
286720,,SliceDeviceOperation,64,14933.0
932864,,SliceDeviceOperation,64,14930.0
823296,,SliceDeviceOperation,64,14903.0
361472,,SliceDeviceOperation,64,14900.0
150528,,SliceDeviceOperation,64,14895.0
209920,,SliceDeviceOperation,64,14885.0
652288,,SliceDeviceOperation,64,14862.0
537600,,SliceDeviceOperation,64,14855.0
883712,,SliceDeviceOperation,64,14839.0
259072,,SliceDeviceOperation,64,14837.0
403456,,SliceDeviceOperation,64,14831.0
555008,,SliceDeviceOperation,64,14829.0
397312,,SliceDeviceOperation,64,14825.0
232448,,SliceDeviceOperation,64,14802.0
706560,,SliceDeviceOperation,64,14767.0
241664,,SliceDeviceOperation,64,14762.0
859136,,SliceDeviceOperation,64,14757.0
449536,,SliceDeviceOperation,64,14754.0
450560,,SliceDeviceOperation,64,14751.0
793600,,SliceDeviceOperation,64,14733.0
884736,,SliceDeviceOperation,64,14713.0
672768,,SliceDeviceOperation,64,14705.0
282624,,SliceDeviceOperation,64,14695.0
931840,,SliceDeviceOperation,64,14682.0
837632,,SliceDeviceOperation,64,14663.0
632832,,SliceDeviceOperation,64,14594.0
508928,,SliceDeviceOperation,64,14588.0
556032,,SliceDeviceOperation,64,14492.0
151552,,SliceDeviceOperation,64,14482.0
287744,,SliceDeviceOperation,64,14480.0
858112,,SliceDeviceOperation,64,14401.0
651264,,SliceDeviceOperation,64,14212.0
3332096,1,RotaryEmbeddingDeviceOperation,24,13525.0
2385920,1,RotaryEmbeddingDeviceOperation,32,13315.0
2839552,1,LayerNormDeviceOperation,64,13241.0
2270208,1,TilizeWithValPaddingDeviceOperation,32,13228.0
1002496,,TilizeWithValPaddingDeviceOperation,32,13218.0
1687552,,RotaryEmbeddingDeviceOperation,32,13181.0
1349632,,RotaryEmbeddingDeviceOperation,32,13112.0
2239488,1,LayerNormDeviceOperation,64,13101.0
2926592,1,RotaryEmbeddingDeviceOperation,32,13092.0
1320960,,RotaryEmbeddingDeviceOperation,32,13060.0
1045504,,RotaryEmbeddingDeviceOperation,32,13036.0
1113088,,RotaryEmbeddingDeviceOperation,32,13001.0
1552384,,RotaryEmbeddingDeviceOperation,32,12990.0
3346432,1,LayerNormDeviceOperation,56,12967.0
1924096,,RotaryEmbeddingDeviceOperation,32,12950.0
1484800,,RotaryEmbeddingDeviceOperation,32,12935.0
1523712,,RotaryEmbeddingDeviceOperation,32,12935.0
1658880,,RotaryEmbeddingDeviceOperation,32,12926.0
1822720,,RotaryEmbeddingDeviceOperation,32,12917.0
1388544,,RotaryEmbeddingDeviceOperation,32,12907.0
2025472,,RotaryEmbeddingDeviceOperation,32,12902.0
1180672,,RotaryEmbeddingDeviceOperation,32,12899.0
2994176,1,RotaryEmbeddingDeviceOperation,32,12888.0
1315840,,RotaryEmbeddingDeviceOperation,32,12883.0
1383424,,RotaryEmbeddingDeviceOperation,32,12877.0
2199552,,RotaryEmbeddingDeviceOperation,32,12875.0
2126848,,RotaryEmbeddingDeviceOperation,32,12870.0
1518592,,RotaryEmbeddingDeviceOperation,32,12869.0
1253376,,RotaryEmbeddingDeviceOperation,32,12867.0
1079296,,RotaryEmbeddingDeviceOperation,32,12862.0
1929216,,RotaryEmbeddingDeviceOperation,32,12852.0
1619968,,RotaryEmbeddingDeviceOperation,32,12848.0
1354752,,RotaryEmbeddingDeviceOperation,32,12847.0
1963008,,RotaryEmbeddingDeviceOperation,32,12838.0
2093056,,RotaryEmbeddingDeviceOperation,32,12830.0
1653760,,RotaryEmbeddingDeviceOperation,32,12828.0
1185792,,RotaryEmbeddingDeviceOperation,32,12824.0
1794048,,RotaryEmbeddingDeviceOperation,32,12808.0
1557504,,RotaryEmbeddingDeviceOperation,32,12805.0
991232,,RotaryEmbeddingDeviceOperation,32,12790.0
2059264,,RotaryEmbeddingDeviceOperation,32,12790.0
3211264,1,LayerNormDeviceOperation,64,12778.0
2603008,1,LayerNormDeviceOperation,64,12769.0
1146880,,RotaryEmbeddingDeviceOperation,32,12756.0
2165760,,RotaryEmbeddingDeviceOperation,32,12756.0
1721344,,RotaryEmbeddingDeviceOperation,32,12751.0
3143680,1,LayerNormDeviceOperation,64,12750.0
1827840,,RotaryEmbeddingDeviceOperation,32,12746.0
1861632,,RotaryEmbeddingDeviceOperation,32,12738.0
2064384,,RotaryEmbeddingDeviceOperation,32,12737.0
2771968,1,LayerNormDeviceOperation,64,12730.0
1084416,,RotaryEmbeddingDeviceOperation,32,12727.0
1451008,,RotaryEmbeddingDeviceOperation,32,12716.0
2194432,,RotaryEmbeddingDeviceOperation,32,12713.0
1417216,,RotaryEmbeddingDeviceOperation,32,12709.0
1422336,,RotaryEmbeddingDeviceOperation,32,12708.0
1692672,,RotaryEmbeddingDeviceOperation,32,12705.0
2160640,,RotaryEmbeddingDeviceOperation,32,12697.0
2501632,1,LayerNormDeviceOperation,64,12696.0
1788928,,RotaryEmbeddingDeviceOperation,32,12690.0
2636800,1,LayerNormDeviceOperation,64,12682.0
1456128,,RotaryEmbeddingDeviceOperation,32,12681.0
1755136,,RotaryEmbeddingDeviceOperation,32,12680.0
1957888,,RotaryEmbeddingDeviceOperation,32,12674.0
2974720,1,LayerNormDeviceOperation,64,12673.0
3109888,1,LayerNormDeviceOperation,64,12664.0
2419712,1,RotaryEmbeddingDeviceOperation,32,12661.0
1248256,,RotaryEmbeddingDeviceOperation,32,12649.0
2400256,1,LayerNormDeviceOperation,64,12648.0
1214464,,RotaryEmbeddingDeviceOperation,32,12642.0
2131968,,RotaryEmbeddingDeviceOperation,32,12638.0
1219584,,RotaryEmbeddingDeviceOperation,32,12637.0
3196928,1,RotaryEmbeddingDeviceOperation,32,12636.0
1050624,,RotaryEmbeddingDeviceOperation,32,12633.0
1287168,,RotaryEmbeddingDeviceOperation,32,12623.0
1489920,,RotaryEmbeddingDeviceOperation,32,12620.0
1152000,,RotaryEmbeddingDeviceOperation,32,12609.0
2098176,,RotaryEmbeddingDeviceOperation,32,12601.0
3245056,1,LayerNormDeviceOperation,64,12601.0
1282048,,RotaryEmbeddingDeviceOperation,32,12597.0
1991680,,RotaryEmbeddingDeviceOperation,32,12593.0
1591296,,RotaryEmbeddingDeviceOperation,32,12592.0
1760256,,RotaryEmbeddingDeviceOperation,32,12572.0
2030592,,RotaryEmbeddingDeviceOperation,32,12565.0
2467840,1,LayerNormDeviceOperation,64,12565.0
1118208,,RotaryEmbeddingDeviceOperation,32,12564.0
1726464,,RotaryEmbeddingDeviceOperation,32,12552.0
2690048,1,RotaryEmbeddingDeviceOperation,32,12551.0
1586176,,RotaryEmbeddingDeviceOperation,32,12545.0
1996800,,RotaryEmbeddingDeviceOperation,32,12520.0
1890304,,RotaryEmbeddingDeviceOperation,32,12519.0
1856512,,RotaryEmbeddingDeviceOperation,32,12516.0
2907136,1,LayerNormDeviceOperation,64,12511.0
1005568,,RotaryEmbeddingDeviceOperation,32,12468.0
2718720,1,RotaryEmbeddingDeviceOperation,32,12468.0
2569216,1,LayerNormDeviceOperation,64,12463.0
3298304,1,RotaryEmbeddingDeviceOperation,24,12458.0
1895424,,RotaryEmbeddingDeviceOperation,32,12456.0
2521088,1,RotaryEmbeddingDeviceOperation,32,12447.0
1625088,,RotaryEmbeddingDeviceOperation,32,12443.0
3312640,1,LayerNormDeviceOperation,56,12427.0
3320832,1,LayerNormDeviceOperation,56,12414.0
2644992,1,LayerNormDeviceOperation,64,12413.0
2738176,1,LayerNormDeviceOperation,64,12407.0
3481600,1,LayerNormDeviceOperation,32,12406.0
2670592,1,LayerNormDeviceOperation,64,12404.0
2940928,1,LayerNormDeviceOperation,64,12401.0
2374656,1,LayerNormDeviceOperation,64,12386.0
2577408,1,LayerNormDeviceOperation,64,12385.0
3008512,1,LayerNormDeviceOperation,64,12384.0
3253248,1,LayerNormDeviceOperation,63,12383.0
3177472,1,LayerNormDeviceOperation,64,12382.0
2712576,1,LayerNormDeviceOperation,64,12380.0
2960384,1,RotaryEmbeddingDeviceOperation,32,12377.0
3016704,1,LayerNormDeviceOperation,64,12377.0
3354624,1,LayerNormDeviceOperation,56,12369.0
2332672,1,LayerNormDeviceOperation,64,12368.0
3185664,1,LayerNormDeviceOperation,64,12364.0
2366464,1,LayerNormDeviceOperation,64,12363.0
2535424,1,LayerNormDeviceOperation,64,12363.0
2982912,1,LayerNormDeviceOperation,64,12363.0
3076096,1,LayerNormDeviceOperation,64,12363.0
3084288,1,LayerNormDeviceOperation,64,12361.0
2408448,1,LayerNormDeviceOperation,64,12360.0
2543616,1,LayerNormDeviceOperation,64,12360.0
3388416,1,LayerNormDeviceOperation,48,12360.0
2915328,1,LayerNormDeviceOperation,64,12359.0
2949120,1,LayerNormDeviceOperation,64,12359.0
3219456,1,LayerNormDeviceOperation,64,12358.0
2611200,1,LayerNormDeviceOperation,64,12356.0
2813952,1,LayerNormDeviceOperation,64,12355.0
2873344,1,LayerNormDeviceOperation,64,12355.0
2340864,1,LayerNormDeviceOperation,64,12350.0
2881536,1,LayerNormDeviceOperation,64,12348.0
2746368,1,LayerNormDeviceOperation,64,12347.0
3118080,1,LayerNormDeviceOperation,64,12346.0
3278848,1,LayerNormDeviceOperation,56,12345.0
2509824,1,LayerNormDeviceOperation,64,12344.0
2434048,1,LayerNormDeviceOperation,64,12341.0
2476032,1,LayerNormDeviceOperation,64,12341.0
2442240,1,LayerNormDeviceOperation,64,12340.0
2307072,1,LayerNormDeviceOperation,64,12339.0
3151872,1,LayerNormDeviceOperation,64,12338.0
2678784,1,LayerNormDeviceOperation,64,12337.0
2847744,1,LayerNormDeviceOperation,64,12337.0
3287040,1,LayerNormDeviceOperation,56,12337.0
2299904,1,LayerNormDeviceOperation,8,12336.0
2352128,1,RotaryEmbeddingDeviceOperation,32,12335.0
3050496,1,LayerNormDeviceOperation,64,12333.0
2805760,1,LayerNormDeviceOperation,64,12325.0
2780160,1,LayerNormDeviceOperation,64,12316.0
3042304,1,LayerNormDeviceOperation,64,12313.0
2704384,1,LayerNormDeviceOperation,64,12297.0
3129344,1,RotaryEmbeddingDeviceOperation,32,12287.0
2955264,1,RotaryEmbeddingDeviceOperation,32,12264.0
2752512,1,RotaryEmbeddingDeviceOperation,32,12247.0
2453504,1,RotaryEmbeddingDeviceOperation,32,12188.0
2549760,1,RotaryEmbeddingDeviceOperation,32,12172.0
3414016,1,LayerNormDeviceOperation,48,12172.0
2622464,1,RotaryEmbeddingDeviceOperation,32,12152.0
3422208,1,LayerNormDeviceOperation,48,12128.0
3489792,1,LayerNormDeviceOperation,32,12103.0
3456000,1,LayerNormDeviceOperation,32,12100.0
3399680,1,RotaryEmbeddingDeviceOperation,16,12087.0
3259392,1,RotaryEmbeddingDeviceOperation,31,12083.0
3365888,1,RotaryEmbeddingDeviceOperation,24,12068.0
3380224,1,LayerNormDeviceOperation,48,12043.0
3230720,1,RotaryEmbeddingDeviceOperation,32,12039.0
2318336,1,RotaryEmbeddingDeviceOperation,32,12000.0
3433472,1,RotaryEmbeddingDeviceOperation,16,12000.0
2273280,1,RotaryEmbeddingDeviceOperation,32,11997.0
3264512,1,RotaryEmbeddingDeviceOperation,31,11951.0
2554880,1,RotaryEmbeddingDeviceOperation,32,11922.0
2258944,1,RotaryEmbeddingDeviceOperation,32,11883.0
2853888,1,RotaryEmbeddingDeviceOperation,32,11857.0
2989056,1,RotaryEmbeddingDeviceOperation,32,11850.0
2487296,1,RotaryEmbeddingDeviceOperation,32,11839.0
3447808,1,LayerNormDeviceOperation,46,11801.0
2651136,1,RotaryEmbeddingDeviceOperation,32,11730.0
2791424,1,RotaryEmbeddingDeviceOperation,32,11706.0
2757632,1,RotaryEmbeddingDeviceOperation,32,11664.0
2859008,1,RotaryEmbeddingDeviceOperation,32,11648.0
3022848,1,RotaryEmbeddingDeviceOperation,32,11616.0
2684928,1,RotaryEmbeddingDeviceOperation,32,11571.0
2617344,1,RotaryEmbeddingDeviceOperation,32,11566.0
2825216,1,RotaryEmbeddingDeviceOperation,32,11500.0
2656256,1,RotaryEmbeddingDeviceOperation,32,11492.0
3027968,1,RotaryEmbeddingDeviceOperation,32,11478.0
3061760,1,RotaryEmbeddingDeviceOperation,32,11475.0
3163136,1,RotaryEmbeddingDeviceOperation,32,11474.0
3090432,1,RotaryEmbeddingDeviceOperation,32,11439.0
3095552,1,RotaryEmbeddingDeviceOperation,32,11422.0
2892800,1,RotaryEmbeddingDeviceOperation,32,11420.0
2414592,1,RotaryEmbeddingDeviceOperation,32,11389.0
3394560,1,RotaryEmbeddingDeviceOperation,16,11363.0
2380800,1,RotaryEmbeddingDeviceOperation,32,11272.0
3124224,1,RotaryEmbeddingDeviceOperation,32,11235.0
2921472,1,RotaryEmbeddingDeviceOperation,32,11229.0
2053120,,LayerNormDeviceOperation,64,11214.0
2222080,,LayerNormDeviceOperation,64,11213.0
2120704,,LayerNormDeviceOperation,64,11210.0
2086912,,LayerNormDeviceOperation,64,11208.0
2154496,,LayerNormDeviceOperation,64,11208.0
1343488,,LayerNormDeviceOperation,64,11207.0
1951744,,LayerNormDeviceOperation,64,11207.0
1580032,,LayerNormDeviceOperation,64,11205.0
2313216,1,RotaryEmbeddingDeviceOperation,32,11205.0
1917952,,LayerNormDeviceOperation,64,11203.0
2887680,1,RotaryEmbeddingDeviceOperation,32,11201.0
1715200,,LayerNormDeviceOperation,64,11199.0
1850368,,LayerNormDeviceOperation,64,11199.0
1478656,,LayerNormDeviceOperation,64,11198.0
1512448,,LayerNormDeviceOperation,64,11198.0
1106944,,LayerNormDeviceOperation,64,11195.0
1275904,,LayerNormDeviceOperation,64,11195.0
1309696,,LayerNormDeviceOperation,64,11195.0
1411072,,LayerNormDeviceOperation,64,11195.0
1740800,,LayerNormDeviceOperation,64,11192.0
1546240,,LayerNormDeviceOperation,64,11191.0
1242112,,LayerNormDeviceOperation,64,11190.0
1884160,,LayerNormDeviceOperation,64,11189.0
2723840,1,RotaryEmbeddingDeviceOperation,32,11189.0
2820096,1,RotaryEmbeddingDeviceOperation,32,11189.0
3056640,1,RotaryEmbeddingDeviceOperation,32,11189.0
1782784,,LayerNormDeviceOperation,64,11188.0
1174528,,LayerNormDeviceOperation,64,11187.0
1639424,,LayerNormDeviceOperation,64,11187.0
1647616,,LayerNormDeviceOperation,64,11186.0
1748992,,LayerNormDeviceOperation,64,11186.0
1605632,,LayerNormDeviceOperation,64,11185.0
3191808,1,RotaryEmbeddingDeviceOperation,32,11185.0
1073152,,LayerNormDeviceOperation,64,11183.0
1816576,,LayerNormDeviceOperation,64,11182.0
2019328,,LayerNormDeviceOperation,64,11182.0
1208320,,LayerNormDeviceOperation,64,11181.0
1032192,,LayerNormDeviceOperation,8,11179.0
1098752,,LayerNormDeviceOperation,64,11179.0
1377280,,LayerNormDeviceOperation,64,11179.0
1842176,,LayerNormDeviceOperation,64,11179.0
1504256,,LayerNormDeviceOperation,64,11177.0
1707008,,LayerNormDeviceOperation,64,11177.0
1909760,,LayerNormDeviceOperation,64,11176.0
1402880,,LayerNormDeviceOperation,64,11175.0
1681408,,LayerNormDeviceOperation,64,11175.0
2188288,,LayerNormDeviceOperation,64,11175.0
1140736,,LayerNormDeviceOperation,64,11174.0
2078720,,LayerNormDeviceOperation,64,11173.0
1774592,,LayerNormDeviceOperation,64,11172.0
1267712,,LayerNormDeviceOperation,64,11171.0
1613824,,LayerNormDeviceOperation,64,11171.0
1673216,,LayerNormDeviceOperation,64,11171.0
2011136,,LayerNormDeviceOperation,64,11171.0
1538048,,LayerNormDeviceOperation,64,11170.0
1985536,,LayerNormDeviceOperation,64,11170.0
1200128,,LayerNormDeviceOperation,64,11169.0
1335296,,LayerNormDeviceOperation,64,11168.0
1064960,,LayerNormDeviceOperation,64,11167.0
1233920,,LayerNormDeviceOperation,64,11167.0
1301504,,LayerNormDeviceOperation,64,11167.0
1436672,,LayerNormDeviceOperation,64,11166.0
1875968,,LayerNormDeviceOperation,64,11166.0
1166336,,LayerNormDeviceOperation,64,11165.0
2180096,,LayerNormDeviceOperation,64,11165.0
1132544,,LayerNormDeviceOperation,64,11164.0
1571840,,LayerNormDeviceOperation,64,11164.0
1039360,,LayerNormDeviceOperation,64,11163.0
2112512,,LayerNormDeviceOperation,64,11162.0
1369088,,LayerNormDeviceOperation,64,11159.0
1943552,,LayerNormDeviceOperation,64,11158.0
2213888,,LayerNormDeviceOperation,64,11157.0
2044928,,LayerNormDeviceOperation,64,11155.0
1977344,,LayerNormDeviceOperation,64,11153.0
2146304,,LayerNormDeviceOperation,64,11152.0
1808384,,LayerNormDeviceOperation,64,11151.0
1444864,,LayerNormDeviceOperation,64,11148.0
2786304,1,RotaryEmbeddingDeviceOperation,32,11146.0
971776,,LayerNormDeviceOperation,64,11138.0
3326976,1,RotaryEmbeddingDeviceOperation,24,11133.0
1470464,,LayerNormDeviceOperation,64,11127.0
2588672,1,RotaryEmbeddingDeviceOperation,32,11114.0
3360768,1,RotaryEmbeddingDeviceOperation,24,11080.0
2448384,1,RotaryEmbeddingDeviceOperation,32,10996.0
2515968,1,RotaryEmbeddingDeviceOperation,32,10961.0
3225600,1,RotaryEmbeddingDeviceOperation,32,10934.0
3428352,1,RotaryEmbeddingDeviceOperation,16,10852.0
3158016,1,RotaryEmbeddingDeviceOperation,32,10849.0
2347008,1,RotaryEmbeddingDeviceOperation,32,10816.0
2583552,1,RotaryEmbeddingDeviceOperation,32,10742.0
2482176,1,RotaryEmbeddingDeviceOperation,32,10607.0
3293184,1,RotaryEmbeddingDeviceOperation,24,10539.0
2287616,1,FillPadDeviceOperation,64,9671.0
1019904,,FillPadDeviceOperation,64,9567.0
2722816,1,PagedUpdateCacheDeviceOperation,32,9236.0
2615296,1,NLPCreateQKVHeadsDecodeDeviceOperation,32,9141.0
3257344,1,NLPCreateQKVHeadsDecodeDeviceOperation,31,9076.0
2311168,1,NLPCreateQKVHeadsDecodeDeviceOperation,32,8970.0
901120,,TilizeWithValPaddingDeviceOperation,40,8759.0
1021952,,BinaryNgDeviceOperation,64,8695.0
2418688,1,PagedUpdateCacheDeviceOperation,32,8589.0
2954240,1,PagedUpdateCacheDeviceOperation,32,8515.0
1144832,,NLPCreateQKVHeadsDecodeDeviceOperation,32,8495.0
1246208,,NLPCreateQKVHeadsDecodeDeviceOperation,32,8484.0
2192384,,NLPCreateQKVHeadsDecodeDeviceOperation,32,8480.0
1584128,,NLPCreateQKVHeadsDecodeDeviceOperation,32,8476.0
1685504,,NLPCreateQKVHeadsDecodeDeviceOperation,32,8474.0
975872,,NLPCreateQKVHeadsDecodeDeviceOperation,32,8470.0
1617920,,NLPCreateQKVHeadsDecodeDeviceOperation,32,8468.0
1415168,,NLPCreateQKVHeadsDecodeDeviceOperation,32,8467.0
1854464,,NLPCreateQKVHeadsDecodeDeviceOperation,32,8458.0
1077248,,NLPCreateQKVHeadsDecodeDeviceOperation,32,8456.0
1280000,,NLPCreateQKVHeadsDecodeDeviceOperation,32,8453.0
1719296,,NLPCreateQKVHeadsDecodeDeviceOperation,32,8452.0
1448960,,NLPCreateQKVHeadsDecodeDeviceOperation,32,8448.0
1381376,,NLPCreateQKVHeadsDecodeDeviceOperation,32,8447.0
1043456,,NLPCreateQKVHeadsDecodeDeviceOperation,32,8445.0
1550336,,NLPCreateQKVHeadsDecodeDeviceOperation,32,8445.0
2091008,,NLPCreateQKVHeadsDecodeDeviceOperation,32,8442.0
2124800,,NLPCreateQKVHeadsDecodeDeviceOperation,32,8442.0
1989632,,NLPCreateQKVHeadsDecodeDeviceOperation,32,8439.0
2158592,,NLPCreateQKVHeadsDecodeDeviceOperation,32,8434.0
1347584,,NLPCreateQKVHeadsDecodeDeviceOperation,32,8427.0
1786880,,NLPCreateQKVHeadsDecodeDeviceOperation,32,8427.0
1753088,,NLPCreateQKVHeadsDecodeDeviceOperation,32,8423.0
1111040,,NLPCreateQKVHeadsDecodeDeviceOperation,32,8417.0
1024,,TilizeWithValPaddingDeviceOperation,32,8416.0
2058240,,PagedUpdateCacheDeviceOperation,32,8414.0
1516544,,NLPCreateQKVHeadsDecodeDeviceOperation,32,8412.0
1820672,,NLPCreateQKVHeadsDecodeDeviceOperation,32,8411.0
1651712,,NLPCreateQKVHeadsDecodeDeviceOperation,32,8410.0
1922048,,NLPCreateQKVHeadsDecodeDeviceOperation,32,8410.0
1178624,,NLPCreateQKVHeadsDecodeDeviceOperation,32,8408.0
1888256,,NLPCreateQKVHeadsDecodeDeviceOperation,32,8395.0
1955840,,NLPCreateQKVHeadsDecodeDeviceOperation,32,8394.0
2790400,1,PagedUpdateCacheDeviceOperation,32,8391.0
1212416,,NLPCreateQKVHeadsDecodeDeviceOperation,32,8390.0
2023424,,NLPCreateQKVHeadsDecodeDeviceOperation,32,8389.0
1482752,,NLPCreateQKVHeadsDecodeDeviceOperation,32,8380.0
1313792,,NLPCreateQKVHeadsDecodeDeviceOperation,32,8359.0
705536,,TilizeWithValPaddingDeviceOperation,40,8356.0
2057216,,NLPCreateQKVHeadsDecodeDeviceOperation,32,8353.0
521216,,TilizeWithValPaddingDeviceOperation,32,8346.0
668672,,TilizeWithValPaddingDeviceOperation,40,8313.0
95232,,TilizeWithValPaddingDeviceOperation,32,8312.0
645120,,TilizeWithValPaddingDeviceOperation,32,8312.0
94208,,TilizeWithValPaddingDeviceOperation,32,8310.0
2683904,1,PagedUpdateCacheDeviceOperation,32,8307.0
12288,,TilizeWithValPaddingDeviceOperation,32,8304.0
304128,,TilizeWithValPaddingDeviceOperation,40,8284.0
1348608,,PagedUpdateCacheDeviceOperation,32,8271.0
4096,,TilizeWithValPaddingDeviceOperation,32,8267.0
768000,,TilizeWithValPaddingDeviceOperation,40,8254.0
314368,,TilizeWithValPaddingDeviceOperation,32,8249.0
17408,,TilizeWithValPaddingDeviceOperation,32,8248.0
20480,,TilizeWithValPaddingDeviceOperation,32,8233.0
526336,,TilizeWithValPaddingDeviceOperation,40,8233.0
490496,,TilizeWithValPaddingDeviceOperation,32,8230.0
62464,,TilizeWithValPaddingDeviceOperation,32,8229.0
630784,,TilizeWithValPaddingDeviceOperation,40,8210.0
178176,,TilizeWithValPaddingDeviceOperation,32,8207.0
495616,,TilizeWithValPaddingDeviceOperation,40,8207.0
319488,,TilizeWithValPaddingDeviceOperation,40,8206.0
689152,,TilizeWithValPaddingDeviceOperation,40,8200.0
882688,,TilizeWithValPaddingDeviceOperation,40,8198.0
28672,,TilizeWithValPaddingDeviceOperation,32,8196.0
98304,,TilizeWithValPaddingDeviceOperation,32,8196.0
118784,,TilizeWithValPaddingDeviceOperation,32,8196.0
3229696,1,PagedUpdateCacheDeviceOperation,32,8192.0
102400,,TilizeWithValPaddingDeviceOperation,32,8188.0
114688,,TilizeWithValPaddingDeviceOperation,32,8184.0
481280,,TilizeWithValPaddingDeviceOperation,40,8184.0
625664,,TilizeWithValPaddingDeviceOperation,32,8181.0
21504,,TilizeWithValPaddingDeviceOperation,32,8180.0
2198528,,PagedUpdateCacheDeviceOperation,32,8179.0
575488,,TilizeWithValPaddingDeviceOperation,40,8176.0
1624064,,PagedUpdateCacheDeviceOperation,32,8175.0
753664,,TilizeWithValPaddingDeviceOperation,40,8174.0
16384,,TilizeWithValPaddingDeviceOperation,32,8173.0
3026944,1,PagedUpdateCacheDeviceOperation,32,8172.0
2851840,1,NLPCreateQKVHeadsDecodeDeviceOperation,32,8168.0
207872,,TilizeWithValPaddingDeviceOperation,40,8164.0
5120,,TilizeWithValPaddingDeviceOperation,32,8162.0
65536,,TilizeWithValPaddingDeviceOperation,32,8162.0
423936,,TilizeWithValPaddingDeviceOperation,40,8159.0
53248,,TilizeWithValPaddingDeviceOperation,32,8158.0
2412544,1,NLPCreateQKVHeadsDecodeDeviceOperation,32,8155.0
1184768,,PagedUpdateCacheDeviceOperation,32,8154.0
603136,,TilizeWithValPaddingDeviceOperation,40,8151.0
3088384,1,NLPCreateQKVHeadsDecodeDeviceOperation,32,8149.0
106496,,TilizeWithValPaddingDeviceOperation,32,8146.0
748544,,TilizeWithValPaddingDeviceOperation,32,8145.0
684032,,TilizeWithValPaddingDeviceOperation,32,8142.0
1483776,,PagedUpdateCacheDeviceOperation,32,8141.0
2649088,1,NLPCreateQKVHeadsDecodeDeviceOperation,32,8141.0
1759232,,PagedUpdateCacheDeviceOperation,32,8140.0
822272,,TilizeWithValPaddingDeviceOperation,40,8134.0
351232,,TilizeWithValPaddingDeviceOperation,32,8131.0
915456,,TilizeWithValPaddingDeviceOperation,40,8130.0
2243584,1,NLPCreateQKVHeadsDecodeDeviceOperation,32,8129.0
2756608,1,PagedUpdateCacheDeviceOperation,32,8126.0
69632,,TilizeWithValPaddingDeviceOperation,32,8125.0
279552,,TilizeWithValPaddingDeviceOperation,40,8123.0
877568,,TilizeWithValPaddingDeviceOperation,32,8121.0
650240,,TilizeWithValPaddingDeviceOperation,40,8117.0
103424,,TilizeWithValPaddingDeviceOperation,32,8115.0
54272,,TilizeWithValPaddingDeviceOperation,32,8114.0
73728,,TilizeWithValPaddingDeviceOperation,32,8113.0
2480128,1,NLPCreateQKVHeadsDecodeDeviceOperation,32,8110.0
336896,,TilizeWithValPaddingDeviceOperation,40,8108.0
82944,,TilizeWithValPaddingDeviceOperation,32,8106.0
128000,,TilizeWithValPaddingDeviceOperation,32,8106.0
77824,,TilizeWithValPaddingDeviceOperation,32,8105.0
2716672,1,NLPCreateQKVHeadsDecodeDeviceOperation,32,8105.0
1416192,,PagedUpdateCacheDeviceOperation,32,8099.0
553984,,TilizeWithValPaddingDeviceOperation,40,8096.0
1145856,,PagedUpdateCacheDeviceOperation,32,8093.0
925696,,TilizeWithValPaddingDeviceOperation,32,8085.0
817152,,TilizeWithValPaddingDeviceOperation,32,8083.0
2953216,1,NLPCreateQKVHeadsDecodeDeviceOperation,32,8083.0
274432,,TilizeWithValPaddingDeviceOperation,32,8081.0
781312,,TilizeWithValPaddingDeviceOperation,32,8080.0
2446336,1,NLPCreateQKVHeadsDecodeDeviceOperation,32,8080.0
356352,,TilizeWithValPaddingDeviceOperation,40,8079.0
2818048,1,NLPCreateQKVHeadsDecodeDeviceOperation,32,8079.0
13312,,TilizeWithValPaddingDeviceOperation,32,8078.0
183296,,TilizeWithValPaddingDeviceOperation,40,8078.0
2547712,1,NLPCreateQKVHeadsDecodeDeviceOperation,32,8078.0
223232,,TilizeWithValPaddingDeviceOperation,32,8077.0
36864,,TilizeWithValPaddingDeviceOperation,32,8076.0
2682880,1,NLPCreateQKVHeadsDecodeDeviceOperation,32,8075.0
3122176,1,NLPCreateQKVHeadsDecodeDeviceOperation,32,8075.0
32768,,TilizeWithValPaddingDeviceOperation,32,8073.0
378880,,TilizeWithValPaddingDeviceOperation,40,8073.0
2581504,1,NLPCreateQKVHeadsDecodeDeviceOperation,32,8072.0
2344960,1,NLPCreateQKVHeadsDecodeDeviceOperation,32,8070.0
163840,,TilizeWithValPaddingDeviceOperation,32,8069.0
762880,,TilizeWithValPaddingDeviceOperation,32,8068.0
81920,,TilizeWithValPaddingDeviceOperation,32,8067.0
46080,,TilizeWithValPaddingDeviceOperation,32,8064.0
438272,,TilizeWithValPaddingDeviceOperation,40,8060.0
3358720,1,NLPCreateQKVHeadsDecodeDeviceOperation,24,8060.0
395264,,TilizeWithValPaddingDeviceOperation,40,8058.0
3020800,1,NLPCreateQKVHeadsDecodeDeviceOperation,32,8058.0
131072,,TilizeWithValPaddingDeviceOperation,32,8057.0
3155968,1,NLPCreateQKVHeadsDecodeDeviceOperation,32,8057.0
3054592,1,NLPCreateQKVHeadsDecodeDeviceOperation,32,8054.0
2351104,1,PagedUpdateCacheDeviceOperation,32,8053.0
228352,,TilizeWithValPaddingDeviceOperation,40,8050.0
2750464,1,NLPCreateQKVHeadsDecodeDeviceOperation,32,8050.0
107520,,TilizeWithValPaddingDeviceOperation,32,8047.0
122880,,TilizeWithValPaddingDeviceOperation,32,8047.0
24576,,TilizeWithValPaddingDeviceOperation,32,8045.0
66560,,TilizeWithValPaddingDeviceOperation,32,8045.0
910336,,TilizeWithValPaddingDeviceOperation,32,8043.0
2513920,1,NLPCreateQKVHeadsDecodeDeviceOperation,32,8040.0
168960,,TilizeWithValPaddingDeviceOperation,40,8036.0
61440,,TilizeWithValPaddingDeviceOperation,32,8035.0
2885632,1,NLPCreateQKVHeadsDecodeDeviceOperation,32,8033.0
3291136,1,NLPCreateQKVHeadsDecodeDeviceOperation,24,8033.0
3392512,1,NLPCreateQKVHeadsDecodeDeviceOperation,16,8032.0
87040,,TilizeWithValPaddingDeviceOperation,32,8029.0
2919424,1,NLPCreateQKVHeadsDecodeDeviceOperation,32,8027.0
3324928,1,NLPCreateQKVHeadsDecodeDeviceOperation,24,8027.0
90112,,TilizeWithValPaddingDeviceOperation,32,8026.0
729088,,TilizeWithValPaddingDeviceOperation,40,8024.0
37888,,TilizeWithValPaddingDeviceOperation,32,8023.0
2378752,1,NLPCreateQKVHeadsDecodeDeviceOperation,32,8022.0
3426304,1,NLPCreateQKVHeadsDecodeDeviceOperation,16,8022.0
700416,,TilizeWithValPaddingDeviceOperation,32,8021.0
2987008,1,NLPCreateQKVHeadsDecodeDeviceOperation,32,8020.0
119808,,TilizeWithValPaddingDeviceOperation,32,8017.0
25600,,TilizeWithValPaddingDeviceOperation,32,8013.0
3223552,1,NLPCreateQKVHeadsDecodeDeviceOperation,32,8013.0
3189760,1,NLPCreateQKVHeadsDecodeDeviceOperation,32,8012.0
855040,,TilizeWithValPaddingDeviceOperation,40,8005.0
9216,,TilizeWithValPaddingDeviceOperation,32,8003.0
930816,,TilizeWithValPaddingDeviceOperation,40,8001.0
2384896,1,PagedUpdateCacheDeviceOperation,32,8001.0
144384,,TilizeWithValPaddingDeviceOperation,32,7999.0
126976,,TilizeWithValPaddingDeviceOperation,32,7998.0
111616,,TilizeWithValPaddingDeviceOperation,32,7997.0
135168,,TilizeWithValPaddingDeviceOperation,32,7996.0
8192,,TilizeWithValPaddingDeviceOperation,32,7991.0
331776,,TilizeWithValPaddingDeviceOperation,32,7991.0
115712,,TilizeWithValPaddingDeviceOperation,32,7990.0
143360,,TilizeWithValPaddingDeviceOperation,32,7987.0
258048,,TilizeWithValPaddingDeviceOperation,40,7987.0
1387520,,PagedUpdateCacheDeviceOperation,32,7984.0
202752,,TilizeWithValPaddingDeviceOperation,32,7983.0
49152,,TilizeWithValPaddingDeviceOperation,32,7980.0
849920,,TilizeWithValPaddingDeviceOperation,32,7980.0
99328,,TilizeWithValPaddingDeviceOperation,32,7979.0
139264,,TilizeWithValPaddingDeviceOperation,32,7978.0
2784256,1,NLPCreateQKVHeadsDecodeDeviceOperation,32,7978.0
723968,,TilizeWithValPaddingDeviceOperation,32,7977.0
29696,,TilizeWithValPaddingDeviceOperation,32,7975.0
41984,,TilizeWithValPaddingDeviceOperation,32,7975.0
58368,,TilizeWithValPaddingDeviceOperation,32,7975.0
2452480,1,PagedUpdateCacheDeviceOperation,32,7972.0
252928,,TilizeWithValPaddingDeviceOperation,32,7971.0
390144,,TilizeWithValPaddingDeviceOperation,32,7971.0
373760,,TilizeWithValPaddingDeviceOperation,32,7967.0
2024448,,PagedUpdateCacheDeviceOperation,32,7966.0
40960,,TilizeWithValPaddingDeviceOperation,32,7965.0
50176,,TilizeWithValPaddingDeviceOperation,32,7965.0
57344,,TilizeWithValPaddingDeviceOperation,32,7962.0
140288,,TilizeWithValPaddingDeviceOperation,32,7959.0
1618944,,PagedUpdateCacheDeviceOperation,32,7959.0
299008,,TilizeWithValPaddingDeviceOperation,32,7958.0
3331072,1,PagedUpdateCacheDeviceOperation,24,7957.0
123904,,TilizeWithValPaddingDeviceOperation,32,7955.0
433152,,TilizeWithValPaddingDeviceOperation,32,7955.0
86016,,TilizeWithValPaddingDeviceOperation,32,7951.0
461824,,TilizeWithValPaddingDeviceOperation,32,7951.0
570368,,TilizeWithValPaddingDeviceOperation,32,7948.0
78848,,TilizeWithValPaddingDeviceOperation,32,7947.0
33792,,TilizeWithValPaddingDeviceOperation,32,7944.0
663552,,TilizeWithValPaddingDeviceOperation,32,7943.0
1382400,,PagedUpdateCacheDeviceOperation,32,7942.0
2130944,,PagedUpdateCacheDeviceOperation,32,7942.0
896000,,TilizeWithValPaddingDeviceOperation,32,7937.0
1083392,,PagedUpdateCacheDeviceOperation,32,7930.0
466944,,TilizeWithValPaddingDeviceOperation,40,7926.0
70656,,TilizeWithValPaddingDeviceOperation,32,7925.0
136192,,TilizeWithValPaddingDeviceOperation,32,7916.0
91136,,TilizeWithValPaddingDeviceOperation,32,7915.0
110592,,TilizeWithValPaddingDeviceOperation,32,7915.0
45056,,TilizeWithValPaddingDeviceOperation,32,7910.0
1923072,,PagedUpdateCacheDeviceOperation,32,7907.0
418816,,TilizeWithValPaddingDeviceOperation,32,7901.0
74752,,TilizeWithValPaddingDeviceOperation,32,7897.0
476160,,TilizeWithValPaddingDeviceOperation,32,7896.0
2092032,,PagedUpdateCacheDeviceOperation,32,7887.0
786432,,TilizeWithValPaddingDeviceOperation,40,7882.0
1281024,,PagedUpdateCacheDeviceOperation,32,7880.0
148480,,TilizeWithValPaddingDeviceOperation,32,7878.0
1078272,,PagedUpdateCacheDeviceOperation,32,7876.0
2751488,1,PagedUpdateCacheDeviceOperation,32,7868.0
598016,,TilizeWithValPaddingDeviceOperation,32,7867.0
1044480,,PagedUpdateCacheDeviceOperation,32,7860.0
1821696,,PagedUpdateCacheDeviceOperation,32,7859.0
1353728,,PagedUpdateCacheDeviceOperation,32,7846.0
132096,,TilizeWithValPaddingDeviceOperation,32,7845.0
1686528,,PagedUpdateCacheDeviceOperation,32,7842.0
1556480,,PagedUpdateCacheDeviceOperation,32,7825.0
1286144,,PagedUpdateCacheDeviceOperation,32,7821.0
1488896,,PagedUpdateCacheDeviceOperation,32,7817.0
548864,,TilizeWithValPaddingDeviceOperation,32,7810.0
1218560,,PagedUpdateCacheDeviceOperation,32,7807.0
147456,,TilizeWithValPaddingDeviceOperation,32,7802.0
2029568,,PagedUpdateCacheDeviceOperation,32,7797.0
2317312,1,PagedUpdateCacheDeviceOperation,32,7784.0
3060736,1,PagedUpdateCacheDeviceOperation,32,7778.0
1787904,,PagedUpdateCacheDeviceOperation,32,7773.0
1889280,,PagedUpdateCacheDeviceOperation,32,7767.0
2553856,1,PagedUpdateCacheDeviceOperation,32,7752.0
1247232,,PagedUpdateCacheDeviceOperation,32,7741.0
2097152,,PagedUpdateCacheDeviceOperation,32,7739.0
995328,,PagedUpdateCacheDeviceOperation,32,7738.0
1179648,,PagedUpdateCacheDeviceOperation,32,7730.0
2193408,,PagedUpdateCacheDeviceOperation,32,7723.0
2925568,1,PagedUpdateCacheDeviceOperation,32,7722.0
1826816,,PagedUpdateCacheDeviceOperation,32,7720.0
1314816,,PagedUpdateCacheDeviceOperation,32,7719.0
3393536,1,PagedUpdateCacheDeviceOperation,16,7714.0
2164736,,PagedUpdateCacheDeviceOperation,32,7689.0
2159616,,PagedUpdateCacheDeviceOperation,32,7688.0
1252352,,PagedUpdateCacheDeviceOperation,32,7678.0
1517568,,PagedUpdateCacheDeviceOperation,32,7675.0
1657856,,PagedUpdateCacheDeviceOperation,32,7661.0
1117184,,PagedUpdateCacheDeviceOperation,32,7660.0
1995776,,PagedUpdateCacheDeviceOperation,32,7645.0
1990656,,PagedUpdateCacheDeviceOperation,32,7639.0
1855488,,PagedUpdateCacheDeviceOperation,32,7635.0
1860608,,PagedUpdateCacheDeviceOperation,32,7633.0
1213440,,PagedUpdateCacheDeviceOperation,32,7626.0
1956864,,PagedUpdateCacheDeviceOperation,32,7626.0
2413568,1,PagedUpdateCacheDeviceOperation,32,7619.0
1449984,,PagedUpdateCacheDeviceOperation,32,7615.0
1928192,,PagedUpdateCacheDeviceOperation,32,7613.0
1319936,,PagedUpdateCacheDeviceOperation,32,7609.0
1652736,,PagedUpdateCacheDeviceOperation,32,7600.0
1049600,,PagedUpdateCacheDeviceOperation,32,7598.0
2616320,1,PagedUpdateCacheDeviceOperation,32,7598.0
1720320,,PagedUpdateCacheDeviceOperation,32,7588.0
2824192,1,PagedUpdateCacheDeviceOperation,32,7581.0
1585152,,PagedUpdateCacheDeviceOperation,32,7572.0
1150976,,PagedUpdateCacheDeviceOperation,32,7566.0
1522688,,PagedUpdateCacheDeviceOperation,32,7563.0
1691648,,PagedUpdateCacheDeviceOperation,32,7557.0
1725440,,PagedUpdateCacheDeviceOperation,32,7557.0
1112064,,PagedUpdateCacheDeviceOperation,32,7533.0
3297280,1,PagedUpdateCacheDeviceOperation,24,7518.0
1894400,,PagedUpdateCacheDeviceOperation,32,7509.0
1590272,,PagedUpdateCacheDeviceOperation,32,7507.0
1961984,,PagedUpdateCacheDeviceOperation,32,7477.0
2717696,1,PagedUpdateCacheDeviceOperation,32,7473.0
2312192,1,PagedUpdateCacheDeviceOperation,32,7467.0
977920,,PagedUpdateCacheDeviceOperation,32,7459.0
2063360,,PagedUpdateCacheDeviceOperation,32,7447.0
2514944,1,PagedUpdateCacheDeviceOperation,32,7444.0
3156992,1,PagedUpdateCacheDeviceOperation,32,7440.0
2447360,1,PagedUpdateCacheDeviceOperation,32,7409.0
1455104,,PagedUpdateCacheDeviceOperation,32,7370.0
3021824,1,PagedUpdateCacheDeviceOperation,32,7359.0
1754112,,PagedUpdateCacheDeviceOperation,32,7358.0
3364864,1,PagedUpdateCacheDeviceOperation,24,7357.0
2621440,1,PagedUpdateCacheDeviceOperation,32,7339.0
2582528,1,PagedUpdateCacheDeviceOperation,32,7329.0
3162112,1,PagedUpdateCacheDeviceOperation,32,7319.0
1551360,,PagedUpdateCacheDeviceOperation,32,7304.0
2548736,1,PagedUpdateCacheDeviceOperation,32,7298.0
2819072,1,PagedUpdateCacheDeviceOperation,32,7296.0
2125824,,PagedUpdateCacheDeviceOperation,32,7292.0
2886656,1,PagedUpdateCacheDeviceOperation,32,7236.0
3123200,1,PagedUpdateCacheDeviceOperation,32,7223.0
1421312,,PagedUpdateCacheDeviceOperation,32,7222.0
3432448,1,PagedUpdateCacheDeviceOperation,16,7216.0
2655232,1,PagedUpdateCacheDeviceOperation,32,7205.0
3190784,1,PagedUpdateCacheDeviceOperation,32,7200.0
2289664,1,BinaryNgDeviceOperation,64,7199.0
2481152,1,PagedUpdateCacheDeviceOperation,32,7185.0
2689024,1,PagedUpdateCacheDeviceOperation,32,7155.0
2345984,1,PagedUpdateCacheDeviceOperation,32,7138.0
2263040,1,PagedUpdateCacheDeviceOperation,32,7128.0
1793024,,PagedUpdateCacheDeviceOperation,32,7109.0
2245632,1,PagedUpdateCacheDeviceOperation,32,7097.0
3292160,1,PagedUpdateCacheDeviceOperation,24,7097.0
2857984,1,PagedUpdateCacheDeviceOperation,32,7085.0
3398656,1,PagedUpdateCacheDeviceOperation,16,7076.0
3089408,1,PagedUpdateCacheDeviceOperation,32,7074.0
2486272,1,PagedUpdateCacheDeviceOperation,32,7063.0
2891776,1,PagedUpdateCacheDeviceOperation,32,7032.0
3224576,1,PagedUpdateCacheDeviceOperation,32,7012.0
2959360,1,PagedUpdateCacheDeviceOperation,32,6990.0
3094528,1,PagedUpdateCacheDeviceOperation,32,6986.0
3195904,1,PagedUpdateCacheDeviceOperation,32,6982.0
2852864,1,PagedUpdateCacheDeviceOperation,32,6971.0
3263488,1,PagedUpdateCacheDeviceOperation,31,6966.0
2650112,1,PagedUpdateCacheDeviceOperation,32,6952.0
3359744,1,PagedUpdateCacheDeviceOperation,24,6935.0
3427328,1,PagedUpdateCacheDeviceOperation,16,6928.0
2520064,1,PagedUpdateCacheDeviceOperation,32,6921.0
3258368,1,PagedUpdateCacheDeviceOperation,31,6900.0
3325952,1,PagedUpdateCacheDeviceOperation,24,6894.0
2587648,1,PagedUpdateCacheDeviceOperation,32,6889.0
2785280,1,PagedUpdateCacheDeviceOperation,32,6881.0
3128320,1,PagedUpdateCacheDeviceOperation,32,6877.0
2560000,1,TypecastDeviceOperation,64,6869.0
2379776,1,PagedUpdateCacheDeviceOperation,32,6836.0
2920448,1,PagedUpdateCacheDeviceOperation,32,6815.0
2988032,1,PagedUpdateCacheDeviceOperation,32,6803.0
2137088,,TypecastDeviceOperation,64,6791.0
2231296,1,TilizeWithValPaddingDeviceOperation,1,6740.0
2264064,1,TilizeWithValPaddingDeviceOperation,1,6698.0
3055616,1,PagedUpdateCacheDeviceOperation,32,6682.0
2993152,1,PagedUpdateCacheDeviceOperation,32,6681.0
996352,,TilizeWithValPaddingDeviceOperation,1,6672.0
979968,,TilizeWithValPaddingDeviceOperation,1,6656.0
2247680,1,TilizeWithValPaddingDeviceOperation,1,6631.0
2627584,1,TypecastDeviceOperation,64,6623.0
960512,,TilizeWithValPaddingDeviceOperation,1,6621.0
1055744,,TypecastDeviceOperation,64,6555.0
2228224,1,TilizeWithValPaddingDeviceOperation,1,6550.0
3269632,1,TypecastDeviceOperation,60,6521.0
2965504,1,TypecastDeviceOperation,64,6511.0
1832960,,TypecastDeviceOperation,64,6492.0
963584,,TilizeWithValPaddingDeviceOperation,1,6467.0
2458624,1,TypecastDeviceOperation,64,6430.0
2695168,1,TypecastDeviceOperation,64,6429.0
2526208,1,TypecastDeviceOperation,64,6399.0
3134464,1,TypecastDeviceOperation,64,6327.0
3104768,1,NLPConcatHeadsDecodeDeviceOperation,16,6312.0
2931712,1,TypecastDeviceOperation,64,6302.0
1866752,,TypecastDeviceOperation,64,6294.0
3168256,1,TypecastDeviceOperation,64,6287.0
3235840,1,TypecastDeviceOperation,64,6270.0
2530304,1,NLPConcatHeadsDecodeDeviceOperation,16,6252.0
3066880,1,TypecastDeviceOperation,64,6205.0
2728960,1,TypecastDeviceOperation,64,6202.0
1326080,,TypecastDeviceOperation,64,6191.0
1543168,,ReshardDeviceOperation,8,6172.0
1461248,,TypecastDeviceOperation,64,6157.0
3404800,1,TypecastDeviceOperation,48,6154.0
3472384,1,TypecastDeviceOperation,32,6129.0
3438592,1,TypecastDeviceOperation,48,6114.0
1089536,,TypecastDeviceOperation,64,6112.0
1258496,,TypecastDeviceOperation,64,6102.0
1359872,,TypecastDeviceOperation,64,6070.0
2050048,,ReshardDeviceOperation,8,6063.0
3303424,1,TypecastDeviceOperation,56,6063.0
1205248,,ReshardDeviceOperation,8,6062.0
1934336,,TypecastDeviceOperation,64,6055.0
2864128,1,TypecastDeviceOperation,64,6054.0
1731584,,TypecastDeviceOperation,64,6047.0
2151424,,ReshardDeviceOperation,8,6047.0
1562624,,TypecastDeviceOperation,64,6043.0
2103296,,TypecastDeviceOperation,64,6043.0
1596416,,TypecastDeviceOperation,64,6040.0
1968128,,TypecastDeviceOperation,64,6040.0
3033088,1,TypecastDeviceOperation,64,6035.0
1190912,,TypecastDeviceOperation,64,6030.0
1272832,,ReshardDeviceOperation,8,6015.0
2496512,1,NLPConcatHeadsDecodeDeviceOperation,16,6010.0
1528832,,TypecastDeviceOperation,64,6003.0
2357248,1,TypecastDeviceOperation,64,5995.0
2593792,1,TypecastDeviceOperation,64,5995.0
2185216,,ReshardDeviceOperation,8,5992.0
1745920,,ReshardDeviceOperation,8,5985.0
2204672,,TypecastDeviceOperation,64,5983.0
2337792,1,ReshardDeviceOperation,8,5980.0
2661376,1,TypecastDeviceOperation,64,5974.0
2391040,1,TypecastDeviceOperation,64,5959.0
1292288,,TypecastDeviceOperation,64,5958.0
2506752,1,ReshardDeviceOperation,8,5939.0
2323456,1,TypecastDeviceOperation,64,5937.0
2844672,1,ReshardDeviceOperation,8,5935.0
3371008,1,TypecastDeviceOperation,52,5930.0
2170880,,TypecastDeviceOperation,64,5922.0
1070080,,ReshardDeviceOperation,8,5913.0
1881088,,ReshardDeviceOperation,8,5913.0
1495040,,TypecastDeviceOperation,64,5905.0
2371584,1,ReshardDeviceOperation,8,5899.0
2897920,1,TypecastDeviceOperation,64,5897.0
1137664,,ReshardDeviceOperation,8,5891.0
2830336,1,TypecastDeviceOperation,64,5889.0
1026048,,NLPConcatHeadsDecodeDeviceOperation,16,5887.0
2001920,,TypecastDeviceOperation,64,5879.0
1123328,,TypecastDeviceOperation,64,5878.0
1408000,,ReshardDeviceOperation,8,5874.0
1982464,,ReshardDeviceOperation,8,5868.0
2834432,1,NLPConcatHeadsDecodeDeviceOperation,16,5868.0
3100672,1,TypecastDeviceOperation,64,5866.0
1900544,,TypecastDeviceOperation,64,5865.0
1157120,,TypecastDeviceOperation,64,5863.0
1427456,,TypecastDeviceOperation,64,5861.0
1847296,,ReshardDeviceOperation,8,5858.0
1678336,,ReshardDeviceOperation,8,5850.0
2999296,1,TypecastDeviceOperation,64,5848.0
1803264,,NLPConcatHeadsDecodeDeviceOperation,16,5845.0
2574336,1,ReshardDeviceOperation,8,5845.0
2675712,1,ReshardDeviceOperation,8,5845.0
1465344,,NLPConcatHeadsDecodeDeviceOperation,16,5838.0
1036288,,ReshardDeviceOperation,8,5834.0
2107392,,NLPConcatHeadsDecodeDeviceOperation,16,5834.0
1870848,,NLPConcatHeadsDecodeDeviceOperation,16,5833.0
1431552,,NLPConcatHeadsDecodeDeviceOperation,16,5832.0
2405376,1,ReshardDeviceOperation,8,5831.0
2035712,,TypecastDeviceOperation,64,5827.0
2439168,1,ReshardDeviceOperation,8,5824.0
1644544,,ReshardDeviceOperation,8,5823.0
1712128,,ReshardDeviceOperation,8,5822.0
2796544,1,TypecastDeviceOperation,64,5821.0
1161216,,NLPConcatHeadsDecodeDeviceOperation,16,5820.0
1904640,,NLPConcatHeadsDecodeDeviceOperation,16,5818.0
1397760,,NLPConcatHeadsDecodeDeviceOperation,16,5817.0
2540544,1,ReshardDeviceOperation,8,5816.0
1017856,,TypecastDeviceOperation,64,5812.0
1228800,,NLPConcatHeadsDecodeDeviceOperation,16,5810.0
1634304,,NLPConcatHeadsDecodeDeviceOperation,16,5810.0
2073600,,NLPConcatHeadsDecodeDeviceOperation,16,5810.0
1103872,,ReshardDeviceOperation,8,5809.0
2285568,1,TypecastDeviceOperation,64,5808.0
1127424,,NLPConcatHeadsDecodeDeviceOperation,16,5806.0
1363968,,NLPConcatHeadsDecodeDeviceOperation,16,5798.0
1532928,,NLPConcatHeadsDecodeDeviceOperation,16,5795.0
1330176,,NLPConcatHeadsDecodeDeviceOperation,16,5794.0
1701888,,NLPConcatHeadsDecodeDeviceOperation,16,5793.0
1600512,,NLPConcatHeadsDecodeDeviceOperation,16,5792.0
2006016,,NLPConcatHeadsDecodeDeviceOperation,16,5790.0
1668096,,NLPConcatHeadsDecodeDeviceOperation,16,5788.0
2762752,1,TypecastDeviceOperation,64,5785.0
2810880,1,ReshardDeviceOperation,8,5785.0
3250176,1,ReshardDeviceOperation,8,5781.0
3047424,1,ReshardDeviceOperation,8,5774.0
2174976,,NLPConcatHeadsDecodeDeviceOperation,16,5768.0
2039808,,NLPConcatHeadsDecodeDeviceOperation,16,5766.0
1499136,,NLPConcatHeadsDecodeDeviceOperation,16,5761.0
1938432,,NLPConcatHeadsDecodeDeviceOperation,16,5755.0
1224704,,TypecastDeviceOperation,64,5754.0
1765376,,TypecastDeviceOperation,64,5753.0
1093632,,NLPConcatHeadsDecodeDeviceOperation,16,5752.0
2304000,1,ReshardDeviceOperation,8,5751.0
928768,,UntilizeWithUnpaddingDeviceOperation,1,5747.0
2208768,,NLPConcatHeadsDecodeDeviceOperation,16,5747.0
1059840,,NLPConcatHeadsDecodeDeviceOperation,16,5746.0
2141184,,NLPConcatHeadsDecodeDeviceOperation,16,5746.0
2117632,,ReshardDeviceOperation,8,5745.0
1296384,,NLPConcatHeadsDecodeDeviceOperation,16,5740.0
1769472,,NLPConcatHeadsDecodeDeviceOperation,16,5739.0
2912256,1,ReshardDeviceOperation,8,5736.0
1735680,,NLPConcatHeadsDecodeDeviceOperation,16,5735.0
3202048,1,TypecastDeviceOperation,64,5734.0
2492416,1,TypecastDeviceOperation,64,5733.0
1837056,,NLPConcatHeadsDecodeDeviceOperation,16,5727.0
1972224,,NLPConcatHeadsDecodeDeviceOperation,16,5725.0
2016256,,ReshardDeviceOperation,8,5716.0
1262592,,NLPConcatHeadsDecodeDeviceOperation,16,5711.0
2979840,1,ReshardDeviceOperation,8,5710.0
1566720,,NLPConcatHeadsDecodeDeviceOperation,16,5709.0
375808,,UntilizeWithUnpaddingDeviceOperation,1,5704.0
1509376,,ReshardDeviceOperation,8,5697.0
1779712,,ReshardDeviceOperation,8,5696.0
550912,,UntilizeWithUnpaddingDeviceOperation,1,5692.0
1195008,,NLPConcatHeadsDecodeDeviceOperation,16,5689.0
1475584,,ReshardDeviceOperation,8,5688.0
333824,,UntilizeWithUnpaddingDeviceOperation,1,5686.0
687104,,UntilizeWithUnpaddingDeviceOperation,1,5680.0
573440,,UntilizeWithUnpaddingDeviceOperation,1,5675.0
1813504,,ReshardDeviceOperation,8,5675.0
820224,,UntilizeWithUnpaddingDeviceOperation,1,5667.0
750592,,UntilizeWithUnpaddingDeviceOperation,1,5666.0
1697792,,TypecastDeviceOperation,64,5662.0
2424832,1,TypecastDeviceOperation,64,5662.0
666624,,UntilizeWithUnpaddingDeviceOperation,1,5661.0
256000,,UntilizeWithUnpaddingDeviceOperation,1,5659.0
1664000,,TypecastDeviceOperation,64,5654.0
751616,,UntilizeWithUnpaddingDeviceOperation,1,5653.0
879616,,UntilizeWithUnpaddingDeviceOperation,1,5653.0
2743296,1,ReshardDeviceOperation,8,5652.0
2969600,1,NLPConcatHeadsDecodeDeviceOperation,16,5652.0
665600,,UntilizeWithUnpaddingDeviceOperation,1,5651.0
1239040,,ReshardDeviceOperation,8,5650.0
3337216,1,TypecastDeviceOperation,56,5650.0
392192,,UntilizeWithUnpaddingDeviceOperation,1,5644.0
301056,,UntilizeWithUnpaddingDeviceOperation,1,5637.0
1610752,,ReshardDeviceOperation,8,5635.0
913408,,UntilizeWithUnpaddingDeviceOperation,1,5634.0
277504,,UntilizeWithUnpaddingDeviceOperation,1,5631.0
3138560,1,NLPConcatHeadsDecodeDeviceOperation,16,5629.0
765952,,UntilizeWithUnpaddingDeviceOperation,1,5627.0
353280,,UntilizeWithUnpaddingDeviceOperation,1,5622.0
648192,,UntilizeWithUnpaddingDeviceOperation,1,5622.0
166912,,UntilizeWithUnpaddingDeviceOperation,1,5621.0
2946048,1,ReshardDeviceOperation,8,5621.0
3037184,1,NLPConcatHeadsDecodeDeviceOperation,16,5620.0
492544,,UntilizeWithUnpaddingDeviceOperation,1,5619.0
686080,,UntilizeWithUnpaddingDeviceOperation,1,5619.0
1948672,,ReshardDeviceOperation,8,5617.0
421888,,UntilizeWithUnpaddingDeviceOperation,1,5614.0
3013632,1,ReshardDeviceOperation,8,5613.0
1799168,,TypecastDeviceOperation,64,5611.0
1630208,,TypecastDeviceOperation,64,5609.0
2069504,,TypecastDeviceOperation,64,5609.0
3148800,1,ReshardDeviceOperation,8,5604.0
478208,,UntilizeWithUnpaddingDeviceOperation,1,5599.0
180224,,UntilizeWithUnpaddingDeviceOperation,1,5597.0
600064,,UntilizeWithUnpaddingDeviceOperation,1,5596.0
628736,,UntilizeWithUnpaddingDeviceOperation,1,5591.0
601088,,UntilizeWithUnpaddingDeviceOperation,1,5589.0
205824,,UntilizeWithUnpaddingDeviceOperation,1,5588.0
851968,,UntilizeWithUnpaddingDeviceOperation,1,5585.0
3182592,1,ReshardDeviceOperation,8,5583.0
165888,,UntilizeWithUnpaddingDeviceOperation,1,5581.0
899072,,UntilizeWithUnpaddingDeviceOperation,1,5576.0
393216,,UntilizeWithUnpaddingDeviceOperation,1,5573.0
1171456,,ReshardDeviceOperation,8,5571.0
1306624,,ReshardDeviceOperation,8,5571.0
3216384,1,ReshardDeviceOperation,8,5571.0
551936,,UntilizeWithUnpaddingDeviceOperation,1,5568.0
463872,,UntilizeWithUnpaddingDeviceOperation,1,5564.0
2968576,1,TypecastDeviceOperation,64,5562.0
852992,,UntilizeWithUnpaddingDeviceOperation,1,5560.0
703488,,UntilizeWithUnpaddingDeviceOperation,1,5555.0
898048,,UntilizeWithUnpaddingDeviceOperation,1,5555.0
204800,,UntilizeWithUnpaddingDeviceOperation,1,5552.0
479232,,UntilizeWithUnpaddingDeviceOperation,1,5549.0
927744,,UntilizeWithUnpaddingDeviceOperation,1,5549.0
316416,,UntilizeWithUnpaddingDeviceOperation,1,5548.0
225280,,UntilizeWithUnpaddingDeviceOperation,1,5544.0
354304,,UntilizeWithUnpaddingDeviceOperation,1,5544.0
420864,,UntilizeWithUnpaddingDeviceOperation,1,5544.0
727040,,UntilizeWithUnpaddingDeviceOperation,1,5542.0
181248,,UntilizeWithUnpaddingDeviceOperation,1,5539.0
334848,,UntilizeWithUnpaddingDeviceOperation,1,5539.0
1576960,,ReshardDeviceOperation,8,5532.0
226304,,UntilizeWithUnpaddingDeviceOperation,1,5531.0
524288,,UntilizeWithUnpaddingDeviceOperation,1,5525.0
276480,,UntilizeWithUnpaddingDeviceOperation,1,5521.0
1914880,,ReshardDeviceOperation,8,5520.0
702464,,UntilizeWithUnpaddingDeviceOperation,1,5519.0
647168,,UntilizeWithUnpaddingDeviceOperation,1,5517.0
2361344,1,NLPConcatHeadsDecodeDeviceOperation,16,5517.0
784384,,UntilizeWithUnpaddingDeviceOperation,1,5515.0
880640,,UntilizeWithUnpaddingDeviceOperation,1,5513.0
627712,,UntilizeWithUnpaddingDeviceOperation,1,5512.0
254976,,UntilizeWithUnpaddingDeviceOperation,1,5511.0
493568,,UntilizeWithUnpaddingDeviceOperation,1,5511.0
2878464,1,ReshardDeviceOperation,8,5511.0
912384,,UntilizeWithUnpaddingDeviceOperation,1,5510.0
572416,,UntilizeWithUnpaddingDeviceOperation,1,5509.0
523264,,UntilizeWithUnpaddingDeviceOperation,1,5508.0
819200,,UntilizeWithUnpaddingDeviceOperation,1,5505.0
435200,,UntilizeWithUnpaddingDeviceOperation,1,5501.0
302080,,UntilizeWithUnpaddingDeviceOperation,1,5500.0
376832,,UntilizeWithUnpaddingDeviceOperation,1,5488.0
436224,,UntilizeWithUnpaddingDeviceOperation,1,5487.0
726016,,UntilizeWithUnpaddingDeviceOperation,1,5482.0
464896,,UntilizeWithUnpaddingDeviceOperation,1,5478.0
317440,,UntilizeWithUnpaddingDeviceOperation,1,5477.0
783360,,UntilizeWithUnpaddingDeviceOperation,1,5477.0
2277376,1,UntilizeWithUnpaddingDeviceOperation,32,5477.0
2395136,1,NLPConcatHeadsDecodeDeviceOperation,16,5473.0
764928,,UntilizeWithUnpaddingDeviceOperation,1,5469.0
3273728,1,NLPConcatHeadsDecodeDeviceOperation,12,5462.0
1009664,,UntilizeWithUnpaddingDeviceOperation,32,5457.0
3307520,1,NLPConcatHeadsDecodeDeviceOperation,8,5457.0
1393664,,TypecastDeviceOperation,64,5454.0
2766848,1,NLPConcatHeadsDecodeDeviceOperation,16,5452.0
1340416,,ReshardDeviceOperation,8,5448.0
3036160,1,TypecastDeviceOperation,64,5448.0
1020928,,ReduceDeviceOperation,32,5440.0
3407872,1,TypecastDeviceOperation,48,5438.0
3081216,1,ReshardDeviceOperation,8,5431.0
1441792,,ReshardDeviceOperation,8,5421.0
2902016,1,NLPConcatHeadsDecodeDeviceOperation,16,5413.0
2699264,1,NLPConcatHeadsDecodeDeviceOperation,16,5408.0
3103744,1,TypecastDeviceOperation,64,5408.0
2641920,1,ReshardDeviceOperation,8,5404.0
3374080,1,TypecastDeviceOperation,48,5388.0
2698240,1,TypecastDeviceOperation,64,5387.0
2709504,1,ReshardDeviceOperation,8,5387.0
2630656,1,TypecastDeviceOperation,64,5386.0
2327552,1,NLPConcatHeadsDecodeDeviceOperation,16,5379.0
2529280,1,TypecastDeviceOperation,64,5374.0
2083840,,ReshardDeviceOperation,8,5369.0
3341312,1,NLPConcatHeadsDecodeDeviceOperation,8,5365.0
2394112,1,TypecastDeviceOperation,64,5359.0
2293760,1,NLPConcatHeadsDecodeDeviceOperation,16,5357.0
2664448,1,TypecastDeviceOperation,64,5339.0
3340288,1,TypecastDeviceOperation,56,5335.0
2428928,1,NLPConcatHeadsDecodeDeviceOperation,16,5334.0
2733056,1,NLPConcatHeadsDecodeDeviceOperation,16,5334.0
2631680,1,NLPConcatHeadsDecodeDeviceOperation,16,5331.0
2935808,1,NLPConcatHeadsDecodeDeviceOperation,16,5330.0
3441664,1,TypecastDeviceOperation,48,5321.0
1374208,,ReshardDeviceOperation,8,5308.0
3239936,1,NLPConcatHeadsDecodeDeviceOperation,16,5306.0
3070976,1,NLPConcatHeadsDecodeDeviceOperation,16,5305.0
2326528,1,TypecastDeviceOperation,64,5304.0
3003392,1,NLPConcatHeadsDecodeDeviceOperation,16,5304.0
2472960,1,ReshardDeviceOperation,8,5297.0
2765824,1,TypecastDeviceOperation,64,5287.0
2597888,1,NLPConcatHeadsDecodeDeviceOperation,16,5280.0
2462720,1,NLPConcatHeadsDecodeDeviceOperation,16,5274.0
2833408,1,TypecastDeviceOperation,64,5264.0
1937408,,TypecastDeviceOperation,64,5262.0
2219008,,ReshardDeviceOperation,8,5251.0
2461696,1,TypecastDeviceOperation,64,5250.0
2608128,1,ReshardDeviceOperation,8,5248.0
3306496,1,TypecastDeviceOperation,56,5244.0
2665472,1,NLPConcatHeadsDecodeDeviceOperation,16,5243.0
2900992,1,TypecastDeviceOperation,64,5243.0
2800640,1,NLPConcatHeadsDecodeDeviceOperation,16,5239.0
1565696,,TypecastDeviceOperation,64,5235.0
1193984,,TypecastDeviceOperation,64,5229.0
2596864,1,TypecastDeviceOperation,64,5228.0
2777088,1,ReshardDeviceOperation,8,5224.0
2427904,1,TypecastDeviceOperation,64,5218.0
3206144,1,NLPConcatHeadsDecodeDeviceOperation,16,5216.0
2868224,1,NLPConcatHeadsDecodeDeviceOperation,16,5212.0
3172352,1,NLPConcatHeadsDecodeDeviceOperation,16,5208.0
2563072,1,TypecastDeviceOperation,64,5206.0
1396736,,TypecastDeviceOperation,64,5198.0
3137536,1,TypecastDeviceOperation,64,5196.0
1464320,,TypecastDeviceOperation,64,5194.0
3238912,1,TypecastDeviceOperation,64,5193.0
2564096,1,NLPConcatHeadsDecodeDeviceOperation,16,5186.0
3272704,1,TypecastDeviceOperation,60,5181.0
2360320,1,TypecastDeviceOperation,64,5176.0
1430528,,TypecastDeviceOperation,64,5174.0
1633280,,TypecastDeviceOperation,64,5172.0
2173952,,TypecastDeviceOperation,64,5167.0
3002368,1,TypecastDeviceOperation,64,5164.0
1004544,,TypecastDeviceOperation,64,5160.0
1599488,,TypecastDeviceOperation,64,5160.0
1498112,,TypecastDeviceOperation,64,5159.0
2038784,,TypecastDeviceOperation,64,5156.0
1092608,,TypecastDeviceOperation,64,5154.0
1836032,,TypecastDeviceOperation,64,5154.0
3171328,1,TypecastDeviceOperation,64,5153.0
1058816,,TypecastDeviceOperation,64,5149.0
1768448,,TypecastDeviceOperation,64,5148.0
1903616,,TypecastDeviceOperation,64,5147.0
2140160,,TypecastDeviceOperation,64,5145.0
1025024,,TypecastDeviceOperation,64,5144.0
1971200,,TypecastDeviceOperation,64,5142.0
2732032,1,TypecastDeviceOperation,64,5142.0
1802240,,TypecastDeviceOperation,64,5139.0
1329152,,TypecastDeviceOperation,64,5137.0
1531904,,TypecastDeviceOperation,64,5137.0
2004992,,TypecastDeviceOperation,64,5135.0
2072576,,TypecastDeviceOperation,64,5134.0
2106368,,TypecastDeviceOperation,64,5132.0
1013760,,TypecastDeviceOperation,64,5129.0
3069952,1,TypecastDeviceOperation,64,5128.0
2934784,1,TypecastDeviceOperation,64,5125.0
1700864,,TypecastDeviceOperation,64,5122.0
2272256,1,TypecastDeviceOperation,64,5122.0
1734656,,TypecastDeviceOperation,64,5121.0
1126400,,TypecastDeviceOperation,64,5119.0
2207744,,TypecastDeviceOperation,64,5118.0
1261568,,TypecastDeviceOperation,64,5117.0
1160192,,TypecastDeviceOperation,64,5110.0
3205120,1,TypecastDeviceOperation,64,5108.0
1227776,,TypecastDeviceOperation,64,5107.0
1362944,,TypecastDeviceOperation,64,5104.0
1295360,,TypecastDeviceOperation,64,5097.0
1869824,,TypecastDeviceOperation,64,5090.0
1667072,,TypecastDeviceOperation,64,5080.0
2867200,1,TypecastDeviceOperation,64,5060.0
2495488,1,TypecastDeviceOperation,64,5046.0
2292736,1,TypecastDeviceOperation,64,5038.0
2288640,1,ReduceDeviceOperation,32,5013.0
2799616,1,TypecastDeviceOperation,64,5006.0
3115008,1,ReshardDeviceOperation,8,4980.0
3475456,1,TypecastDeviceOperation,32,4968.0
2281472,1,TypecastDeviceOperation,64,4718.0
1631232,,InterleavedToShardedDeviceOperation,32,4365.0
1901568,,InterleavedToShardedDeviceOperation,32,4327.0
1665024,,InterleavedToShardedDeviceOperation,32,4317.0
1563648,,InterleavedToShardedDeviceOperation,32,4254.0
1732608,,InterleavedToShardedDeviceOperation,32,4228.0
1056768,,InterleavedToShardedDeviceOperation,32,4223.0
1225728,,InterleavedToShardedDeviceOperation,32,4203.0
2070528,,InterleavedToShardedDeviceOperation,32,4193.0
1360896,,InterleavedToShardedDeviceOperation,32,4113.0
1428480,,InterleavedToShardedDeviceOperation,32,4094.0
1766400,,InterleavedToShardedDeviceOperation,32,4091.0
1800192,,InterleavedToShardedDeviceOperation,32,4082.0
2036736,,InterleavedToShardedDeviceOperation,32,4047.0
2138112,,InterleavedToShardedDeviceOperation,32,4037.0
1597440,,InterleavedToShardedDeviceOperation,32,4030.0
2002944,,InterleavedToShardedDeviceOperation,32,4020.0
1462272,,InterleavedToShardedDeviceOperation,32,4001.0
1022976,,InterleavedToShardedDeviceOperation,32,3997.0
1090560,,InterleavedToShardedDeviceOperation,32,3975.0
1969152,,InterleavedToShardedDeviceOperation,32,3969.0
2104320,,InterleavedToShardedDeviceOperation,32,3968.0
1293312,,InterleavedToShardedDeviceOperation,32,3962.0
1259520,,InterleavedToShardedDeviceOperation,32,3947.0
1867776,,InterleavedToShardedDeviceOperation,32,3935.0
3338240,1,InterleavedToShardedDeviceOperation,24,3929.0
1496064,,InterleavedToShardedDeviceOperation,32,3921.0
1529856,,InterleavedToShardedDeviceOperation,32,3917.0
1158144,,InterleavedToShardedDeviceOperation,32,3904.0
1698816,,InterleavedToShardedDeviceOperation,32,3904.0
1935360,,InterleavedToShardedDeviceOperation,32,3882.0
1191936,,InterleavedToShardedDeviceOperation,32,3865.0
1124352,,InterleavedToShardedDeviceOperation,32,3859.0
1833984,,InterleavedToShardedDeviceOperation,32,3841.0
2171904,,InterleavedToShardedDeviceOperation,32,3796.0
2205696,,InterleavedToShardedDeviceOperation,32,3766.0
2831360,1,InterleavedToShardedDeviceOperation,32,3764.0
1327104,,InterleavedToShardedDeviceOperation,32,3749.0
2290688,1,InterleavedToShardedDeviceOperation,32,3741.0
1394688,,InterleavedToShardedDeviceOperation,32,3663.0
2358272,1,InterleavedToShardedDeviceOperation,32,3650.0
2594816,1,InterleavedToShardedDeviceOperation,32,3609.0
2763776,1,InterleavedToShardedDeviceOperation,32,3599.0
3135488,1,InterleavedToShardedDeviceOperation,32,3597.0
3270656,1,InterleavedToShardedDeviceOperation,28,3597.0
3169280,1,InterleavedToShardedDeviceOperation,32,3568.0
2932736,1,InterleavedToShardedDeviceOperation,32,3553.0
1008640,,ShardedToInterleavedDeviceOperation,32,3548.0
2276352,1,ShardedToInterleavedDeviceOperation,32,3537.0
2527232,1,InterleavedToShardedDeviceOperation,32,3534.0
2628608,1,InterleavedToShardedDeviceOperation,32,3532.0
3236864,1,InterleavedToShardedDeviceOperation,32,3528.0
997376,,BinaryNgDeviceOperation,64,3515.0
3034112,1,InterleavedToShardedDeviceOperation,32,3503.0
3101696,1,InterleavedToShardedDeviceOperation,32,3501.0
1018880,,ShardedToInterleavedDeviceOperation,32,3494.0
2459648,1,InterleavedToShardedDeviceOperation,32,3485.0
2561024,1,InterleavedToShardedDeviceOperation,32,3423.0
2286592,1,ShardedToInterleavedDeviceOperation,32,3403.0
2265088,1,BinaryNgDeviceOperation,64,3389.0
1459200,,CopyDeviceOperation,64,3377.0
2696192,1,InterleavedToShardedDeviceOperation,32,3371.0
2797568,1,InterleavedToShardedDeviceOperation,32,3354.0
3000320,1,InterleavedToShardedDeviceOperation,32,3342.0
2898944,1,InterleavedToShardedDeviceOperation,32,3324.0
2067456,,CopyDeviceOperation,64,3320.0
3372032,1,InterleavedToShardedDeviceOperation,20,3312.0
3439616,1,InterleavedToShardedDeviceOperation,16,3310.0
1121280,,CopyDeviceOperation,64,3307.0
2729984,1,InterleavedToShardedDeviceOperation,32,3286.0
2425856,1,InterleavedToShardedDeviceOperation,32,3278.0
3335168,1,CopyDeviceOperation,56,3229.0
2033664,,CopyDeviceOperation,64,3228.0
2135040,,CopyDeviceOperation,64,3228.0
3132416,1,CopyDeviceOperation,64,3228.0
1763328,,CopyDeviceOperation,64,3206.0
1526784,,CopyDeviceOperation,64,3190.0
3304448,1,InterleavedToShardedDeviceOperation,24,3168.0
1864704,,CopyDeviceOperation,64,3160.0
381952,,UntilizeWithUnpaddingDeviceOperation,40,3159.0
2202624,,CopyDeviceOperation,64,3159.0
1729536,,CopyDeviceOperation,64,3147.0
1661952,,CopyDeviceOperation,64,3139.0
2865152,1,InterleavedToShardedDeviceOperation,32,3129.0
1830912,,CopyDeviceOperation,64,3124.0
2280448,1,InterleavedToShardedDeviceOperation,32,3124.0
3203072,1,InterleavedToShardedDeviceOperation,32,3123.0
1932288,,CopyDeviceOperation,64,3112.0
1492992,,CopyDeviceOperation,64,3109.0
562176,,UntilizeWithUnpaddingDeviceOperation,40,3107.0
1015808,,CopyDeviceOperation,64,3091.0
1324032,,CopyDeviceOperation,64,3085.0
343040,,UntilizeWithUnpaddingDeviceOperation,40,3081.0
617472,,UntilizeWithUnpaddingDeviceOperation,40,3075.0
424960,,UntilizeWithUnpaddingDeviceOperation,40,3071.0
1012736,,InterleavedToShardedDeviceOperation,32,3070.0
685056,,UntilizeWithUnpaddingDeviceOperation,32,3057.0
482304,,UntilizeWithUnpaddingDeviceOperation,40,3046.0
2966528,1,InterleavedToShardedDeviceOperation,32,3038.0
2101248,,CopyDeviceOperation,64,3031.0
2493440,1,InterleavedToShardedDeviceOperation,32,3029.0
908288,,UntilizeWithUnpaddingDeviceOperation,40,3025.0
1628160,,CopyDeviceOperation,64,3025.0
1966080,,CopyDeviceOperation,64,3023.0
1087488,,CopyDeviceOperation,64,3022.0
1155072,,CopyDeviceOperation,64,3021.0
2248704,1,BinaryNgDeviceOperation,64,3021.0
2490368,1,CopyDeviceOperation,64,3021.0
3067904,1,InterleavedToShardedDeviceOperation,32,3014.0
194560,,UntilizeWithUnpaddingDeviceOperation,40,3011.0
2455552,1,SliceDeviceOperation,64,3006.0
349184,,UntilizeWithUnpaddingDeviceOperation,40,2996.0
740352,,UntilizeWithUnpaddingDeviceOperation,40,2987.0
1053696,,CopyDeviceOperation,64,2987.0
1797120,,CopyDeviceOperation,64,2984.0
773120,,UntilizeWithUnpaddingDeviceOperation,40,2982.0
1594368,,CopyDeviceOperation,64,2981.0
1999872,,CopyDeviceOperation,64,2981.0
2168832,,CopyDeviceOperation,64,2979.0
266240,,UntilizeWithUnpaddingDeviceOperation,40,2976.0
902144,,UntilizeWithUnpaddingDeviceOperation,40,2972.0
306176,,UntilizeWithUnpaddingDeviceOperation,40,2971.0
655360,,UntilizeWithUnpaddingDeviceOperation,40,2971.0
636928,,UntilizeWithUnpaddingDeviceOperation,40,2963.0
890880,,UntilizeWithUnpaddingDeviceOperation,40,2961.0
329728,,UntilizeWithUnpaddingDeviceOperation,40,2960.0
1560576,,CopyDeviceOperation,64,2960.0
589824,,UntilizeWithUnpaddingDeviceOperation,40,2957.0
179200,,UntilizeWithUnpaddingDeviceOperation,32,2955.0
431104,,UntilizeWithUnpaddingDeviceOperation,40,2954.0
1290240,,CopyDeviceOperation,64,2951.0
513024,,UntilizeWithUnpaddingDeviceOperation,40,2950.0
887808,,UntilizeWithUnpaddingDeviceOperation,40,2948.0
841728,,UntilizeWithUnpaddingDeviceOperation,40,2946.0
721920,,UntilizeWithUnpaddingDeviceOperation,40,2943.0
1357824,,CopyDeviceOperation,64,2939.0
169984,,UntilizeWithUnpaddingDeviceOperation,40,2938.0
215040,,UntilizeWithUnpaddingDeviceOperation,40,2938.0
388096,,UntilizeWithUnpaddingDeviceOperation,40,2936.0
692224,,UntilizeWithUnpaddingDeviceOperation,40,2935.0
715776,,UntilizeWithUnpaddingDeviceOperation,40,2922.0
869376,,UntilizeWithUnpaddingDeviceOperation,40,2922.0
290816,,UntilizeWithUnpaddingDeviceOperation,40,2919.0
365568,,UntilizeWithUnpaddingDeviceOperation,40,2915.0
1425408,,CopyDeviceOperation,64,2914.0
1188864,,CopyDeviceOperation,64,2913.0
1222656,,CopyDeviceOperation,64,2913.0
467968,,UntilizeWithUnpaddingDeviceOperation,40,2909.0
1256448,,CopyDeviceOperation,64,2907.0
203776,,UntilizeWithUnpaddingDeviceOperation,32,2905.0
309248,,UntilizeWithUnpaddingDeviceOperation,40,2905.0
620544,,UntilizeWithUnpaddingDeviceOperation,40,2904.0
695296,,UntilizeWithUnpaddingDeviceOperation,40,2903.0
244736,,UntilizeWithUnpaddingDeviceOperation,40,2899.0
323584,,UntilizeWithUnpaddingDeviceOperation,40,2899.0
459776,,UntilizeWithUnpaddingDeviceOperation,40,2899.0
675840,,UntilizeWithUnpaddingDeviceOperation,40,2899.0
808960,,UntilizeWithUnpaddingDeviceOperation,40,2898.0
754688,,UntilizeWithUnpaddingDeviceOperation,40,2897.0
2662400,1,InterleavedToShardedDeviceOperation,32,2897.0
410624,,UntilizeWithUnpaddingDeviceOperation,40,2896.0
471040,,UntilizeWithUnpaddingDeviceOperation,40,2896.0
571392,,UntilizeWithUnpaddingDeviceOperation,32,2896.0
2388992,1,CopyDeviceOperation,64,2893.0
540672,,UntilizeWithUnpaddingDeviceOperation,40,2892.0
872448,,UntilizeWithUnpaddingDeviceOperation,40,2889.0
926720,,UntilizeWithUnpaddingDeviceOperation,32,2889.0
599040,,UntilizeWithUnpaddingDeviceOperation,32,2885.0
746496,,UntilizeWithUnpaddingDeviceOperation,40,2884.0
920576,,UntilizeWithUnpaddingDeviceOperation,40,2883.0
2324480,1,InterleavedToShardedDeviceOperation,32,2883.0
155648,,UntilizeWithUnpaddingDeviceOperation,40,2876.0
1695744,,CopyDeviceOperation,64,2876.0
917504,,UntilizeWithUnpaddingDeviceOperation,40,2874.0
2268160,1,UntilizeWithUnpaddingDeviceOperation,1,2874.0
346112,,UntilizeWithUnpaddingDeviceOperation,40,2869.0
453632,,UntilizeWithUnpaddingDeviceOperation,40,2867.0
681984,,UntilizeWithUnpaddingDeviceOperation,40,2865.0
221184,,UntilizeWithUnpaddingDeviceOperation,40,2862.0
413696,,UntilizeWithUnpaddingDeviceOperation,40,2859.0
247808,,UntilizeWithUnpaddingDeviceOperation,40,2857.0
474112,,UntilizeWithUnpaddingDeviceOperation,40,2856.0
1014784,,ShardedToInterleavedDeviceOperation,32,2855.0
173056,,UntilizeWithUnpaddingDeviceOperation,40,2853.0
980992,,BinaryNgDeviceOperation,64,2852.0
640000,,UntilizeWithUnpaddingDeviceOperation,40,2845.0
161792,,UntilizeWithUnpaddingDeviceOperation,40,2842.0
643072,,UntilizeWithUnpaddingDeviceOperation,40,2841.0
2392064,1,InterleavedToShardedDeviceOperation,32,2838.0
218112,,UntilizeWithUnpaddingDeviceOperation,40,2837.0
776192,,UntilizeWithUnpaddingDeviceOperation,40,2837.0
844800,,UntilizeWithUnpaddingDeviceOperation,40,2837.0
385024,,UntilizeWithUnpaddingDeviceOperation,40,2835.0
546816,,UntilizeWithUnpaddingDeviceOperation,40,2833.0
568320,,UntilizeWithUnpaddingDeviceOperation,40,2831.0
623616,,UntilizeWithUnpaddingDeviceOperation,40,2830.0
658432,,UntilizeWithUnpaddingDeviceOperation,40,2829.0
850944,,UntilizeWithUnpaddingDeviceOperation,32,2829.0
197632,,UntilizeWithUnpaddingDeviceOperation,40,2828.0
416768,,UntilizeWithUnpaddingDeviceOperation,40,2828.0
911360,,UntilizeWithUnpaddingDeviceOperation,32,2827.0
779264,,UntilizeWithUnpaddingDeviceOperation,40,2826.0
3405824,1,InterleavedToShardedDeviceOperation,16,2825.0
878592,,UntilizeWithUnpaddingDeviceOperation,32,2824.0
3301376,1,CopyDeviceOperation,56,2824.0
296960,,UntilizeWithUnpaddingDeviceOperation,40,2823.0
592896,,UntilizeWithUnpaddingDeviceOperation,40,2823.0
718848,,UntilizeWithUnpaddingDeviceOperation,40,2822.0
743424,,UntilizeWithUnpaddingDeviceOperation,40,2820.0
760832,,UntilizeWithUnpaddingDeviceOperation,40,2820.0
664576,,UntilizeWithUnpaddingDeviceOperation,32,2819.0
368640,,UntilizeWithUnpaddingDeviceOperation,40,2814.0
250880,,UntilizeWithUnpaddingDeviceOperation,40,2813.0
519168,,UntilizeWithUnpaddingDeviceOperation,40,2813.0
595968,,UntilizeWithUnpaddingDeviceOperation,40,2813.0
698368,,UntilizeWithUnpaddingDeviceOperation,40,2812.0
678912,,UntilizeWithUnpaddingDeviceOperation,40,2811.0
176128,,UntilizeWithUnpaddingDeviceOperation,40,2810.0
312320,,UntilizeWithUnpaddingDeviceOperation,40,2809.0
1898496,,CopyDeviceOperation,64,2806.0
293888,,UntilizeWithUnpaddingDeviceOperation,40,2804.0
516096,,UntilizeWithUnpaddingDeviceOperation,40,2803.0
847872,,UntilizeWithUnpaddingDeviceOperation,40,2803.0
485376,,UntilizeWithUnpaddingDeviceOperation,40,2801.0
923648,,UntilizeWithUnpaddingDeviceOperation,40,2801.0
875520,,UntilizeWithUnpaddingDeviceOperation,40,2798.0
646144,,UntilizeWithUnpaddingDeviceOperation,32,2797.0
391168,,UntilizeWithUnpaddingDeviceOperation,32,2796.0
549888,,UntilizeWithUnpaddingDeviceOperation,32,2796.0
3098624,1,CopyDeviceOperation,64,2796.0
272384,,UntilizeWithUnpaddingDeviceOperation,40,2795.0
352256,,UntilizeWithUnpaddingDeviceOperation,32,2795.0
200704,,UntilizeWithUnpaddingDeviceOperation,40,2794.0
326656,,UntilizeWithUnpaddingDeviceOperation,40,2792.0
661504,,UntilizeWithUnpaddingDeviceOperation,40,2792.0
815104,,UntilizeWithUnpaddingDeviceOperation,40,2792.0
456704,,UntilizeWithUnpaddingDeviceOperation,40,2790.0
818176,,UntilizeWithUnpaddingDeviceOperation,32,2786.0
371712,,UntilizeWithUnpaddingDeviceOperation,40,2785.0
757760,,UntilizeWithUnpaddingDeviceOperation,40,2784.0
565248,,UntilizeWithUnpaddingDeviceOperation,40,2782.0
164864,,UntilizeWithUnpaddingDeviceOperation,32,2780.0
812032,,UntilizeWithUnpaddingDeviceOperation,40,2779.0
275456,,UntilizeWithUnpaddingDeviceOperation,32,2778.0
749568,,UntilizeWithUnpaddingDeviceOperation,32,2776.0
428032,,UntilizeWithUnpaddingDeviceOperation,40,2772.0
2625536,1,CopyDeviceOperation,64,2772.0
300032,,UntilizeWithUnpaddingDeviceOperation,32,2770.0
543744,,UntilizeWithUnpaddingDeviceOperation,40,2763.0
269312,,UntilizeWithUnpaddingDeviceOperation,40,2761.0
224256,,UntilizeWithUnpaddingDeviceOperation,32,2759.0
522240,,UntilizeWithUnpaddingDeviceOperation,32,2758.0
626688,,UntilizeWithUnpaddingDeviceOperation,32,2758.0
2524160,1,CopyDeviceOperation,64,2754.0
897024,,UntilizeWithUnpaddingDeviceOperation,32,2752.0
1391616,,CopyDeviceOperation,64,2751.0
332800,,UntilizeWithUnpaddingDeviceOperation,32,2748.0
905216,,UntilizeWithUnpaddingDeviceOperation,40,2743.0
158720,,UntilizeWithUnpaddingDeviceOperation,40,2742.0
253952,,UntilizeWithUnpaddingDeviceOperation,32,2741.0
2591744,1,CopyDeviceOperation,64,2738.0
488448,,UntilizeWithUnpaddingDeviceOperation,40,2737.0
3402752,1,CopyDeviceOperation,48,2733.0
477184,,UntilizeWithUnpaddingDeviceOperation,32,2727.0
893952,,UntilizeWithUnpaddingDeviceOperation,40,2727.0
434176,,UntilizeWithUnpaddingDeviceOperation,32,2721.0
701440,,UntilizeWithUnpaddingDeviceOperation,32,2718.0
315392,,UntilizeWithUnpaddingDeviceOperation,32,2716.0
724992,,UntilizeWithUnpaddingDeviceOperation,32,2713.0
491520,,UntilizeWithUnpaddingDeviceOperation,32,2707.0
782336,,UntilizeWithUnpaddingDeviceOperation,32,2704.0
763904,,UntilizeWithUnpaddingDeviceOperation,32,2692.0
3233792,1,CopyDeviceOperation,64,2692.0
2229248,1,BinaryNgDeviceOperation,64,2678.0
1000448,,UntilizeWithUnpaddingDeviceOperation,1,2677.0
2283520,1,CopyDeviceOperation,64,2677.0
2232320,1,BinaryNgDeviceOperation,64,2674.0
2895872,1,CopyDeviceOperation,64,2670.0
374784,,UntilizeWithUnpaddingDeviceOperation,32,2668.0
2321408,1,CopyDeviceOperation,64,2668.0
462848,,UntilizeWithUnpaddingDeviceOperation,32,2665.0
3031040,1,CopyDeviceOperation,64,2656.0
419840,,UntilizeWithUnpaddingDeviceOperation,32,2645.0
2957312,1,SliceDeviceOperation,64,2643.0
961536,,BinaryNgDeviceOperation,64,2622.0
2828288,1,CopyDeviceOperation,64,2618.0
2760704,1,CopyDeviceOperation,64,2616.0
2726912,1,CopyDeviceOperation,64,2590.0
2355200,1,CopyDeviceOperation,64,2586.0
3166208,1,CopyDeviceOperation,64,2582.0
2422784,1,CopyDeviceOperation,64,2581.0
2929664,1,CopyDeviceOperation,64,2573.0
2659328,1,CopyDeviceOperation,64,2566.0
2963456,1,CopyDeviceOperation,64,2540.0
3200000,1,CopyDeviceOperation,64,2540.0
2456576,1,CopyDeviceOperation,64,2537.0
2862080,1,CopyDeviceOperation,64,2532.0
3470336,1,CopyDeviceOperation,32,2499.0
964608,,BinaryNgDeviceOperation,64,2488.0
2794496,1,CopyDeviceOperation,64,2449.0
1317888,,SliceDeviceOperation,64,2418.0
3368960,1,CopyDeviceOperation,55,2413.0
2585600,1,SliceDeviceOperation,64,2407.0
3295232,1,SliceDeviceOperation,56,2372.0
3267584,1,CopyDeviceOperation,60,2366.0
2557952,1,CopyDeviceOperation,64,2359.0
3064832,1,CopyDeviceOperation,64,2356.0
2693120,1,CopyDeviceOperation,64,2348.0
3436544,1,CopyDeviceOperation,48,2325.0
1390592,,SliceDeviceOperation,64,2323.0
3131392,1,SliceDeviceOperation,64,2309.0
2066432,,SliceDeviceOperation,64,2275.0
1030144,,BinaryNgDeviceOperation,64,2271.0
2315264,1,SliceDeviceOperation,64,2267.0
2992128,1,InterleavedToShardedDeviceOperation,32,2256.0
2556928,1,SliceDeviceOperation,64,2255.0
2997248,1,CopyDeviceOperation,64,2245.0
1926144,,SliceDeviceOperation,64,2239.0
1622016,,SliceDeviceOperation,64,2231.0
1486848,,SliceDeviceOperation,64,2194.0
3334144,1,SliceDeviceOperation,56,2182.0
2928640,1,SliceDeviceOperation,64,2180.0
3165184,1,SliceDeviceOperation,64,2177.0
1757184,,SliceDeviceOperation,64,2172.0
1998848,,SliceDeviceOperation,64,2168.0
1655808,,SliceDeviceOperation,64,2167.0
2382848,1,SliceDeviceOperation,64,2160.0
1154048,,SliceDeviceOperation,64,2159.0
1554432,,SliceDeviceOperation,64,2159.0
1796096,,SliceDeviceOperation,64,2150.0
1892352,,SliceDeviceOperation,64,2149.0
2387968,1,SliceDeviceOperation,64,2146.0
2297856,1,BinaryNgDeviceOperation,64,2143.0
1255424,,SliceDeviceOperation,64,2125.0
1453056,,SliceDeviceOperation,64,2125.0
2450432,1,SliceDeviceOperation,64,2117.0
1001472,,RepeatDeviceOperation,64,2115.0
2269184,1,RepeatDeviceOperation,64,2114.0
3266560,1,SliceDeviceOperation,60,2112.0
993280,,SliceDeviceOperation,64,2110.0
1120256,,SliceDeviceOperation,64,2108.0
1385472,,SliceDeviceOperation,64,2105.0
1559552,,SliceDeviceOperation,64,2100.0
2134016,,SliceDeviceOperation,64,2089.0
1007616,,SliceDeviceOperation,64,2087.0
1221632,,SliceDeviceOperation,64,2087.0
1824768,,SliceDeviceOperation,64,2087.0
1187840,,SliceDeviceOperation,64,2086.0
1694720,,SliceDeviceOperation,64,2082.0
2162688,,SliceDeviceOperation,64,2075.0
1587200,,ShardedToInterleavedDeviceOperation,32,2074.0
3126272,1,SliceDeviceOperation,64,2071.0
3160064,1,SliceDeviceOperation,64,2070.0
2128896,,SliceDeviceOperation,64,2069.0
2590720,1,SliceDeviceOperation,64,2067.0
1115136,,SliceDeviceOperation,64,2062.0
1010688,,RepeatDeviceOperation,64,2062.0
1424384,,SliceDeviceOperation,64,2058.0
2793472,1,SliceDeviceOperation,64,2058.0
2855936,1,SliceDeviceOperation,64,2057.0
1086464,,SliceDeviceOperation,64,2056.0
1857536,,ShardedToInterleavedDeviceOperation,32,2050.0
1148928,,SliceDeviceOperation,64,2046.0
1897472,,SliceDeviceOperation,64,2044.0
2167808,,SliceDeviceOperation,64,2036.0
2889728,1,SliceDeviceOperation,64,2035.0
1689600,,SliceDeviceOperation,64,2033.0
1829888,,SliceDeviceOperation,64,2027.0
1992704,,ShardedToInterleavedDeviceOperation,32,2026.0
3232768,1,SliceDeviceOperation,64,2025.0
1627136,,SliceDeviceOperation,64,2024.0
3097600,1,SliceDeviceOperation,64,2024.0
2518016,1,SliceDeviceOperation,64,2021.0
1419264,,SliceDeviceOperation,64,2020.0
1356800,,SliceDeviceOperation,64,2019.0
988160,,TypecastDeviceOperation,4,2018.0
2201600,,SliceDeviceOperation,64,2018.0
2421760,1,SliceDeviceOperation,64,2018.0
1182720,,SliceDeviceOperation,64,2017.0
1418240,,ShardedToInterleavedDeviceOperation,32,2017.0
1931264,,SliceDeviceOperation,64,2016.0
2354176,1,SliceDeviceOperation,64,2016.0
1081344,,SliceDeviceOperation,64,2014.0
2996224,1,SliceDeviceOperation,64,2012.0
1491968,,SliceDeviceOperation,64,2011.0
2416640,1,SliceDeviceOperation,64,2011.0
1795072,,ShardedToInterleavedDeviceOperation,32,2009.0
2619392,1,SliceDeviceOperation,64,2007.0
2822144,1,SliceDeviceOperation,64,2006.0
2032640,,SliceDeviceOperation,64,2005.0
2196480,,SliceDeviceOperation,64,2003.0
3262464,1,InterleavedToShardedDeviceOperation,31,2003.0
2100224,,SliceDeviceOperation,64,2001.0
2692096,1,SliceDeviceOperation,64,2000.0
1728512,,SliceDeviceOperation,64,1998.0
2861056,1,SliceDeviceOperation,64,1997.0
1490944,,ShardedToInterleavedDeviceOperation,32,1996.0
1520640,,SliceDeviceOperation,64,1996.0
1723392,,SliceDeviceOperation,64,1996.0
2027520,,SliceDeviceOperation,64,1994.0
1891328,,ShardedToInterleavedDeviceOperation,32,1993.0
1350656,,ShardedToInterleavedDeviceOperation,32,1991.0
1458176,,SliceDeviceOperation,64,1990.0
2275328,1,SliceDeviceOperation,64,1982.0
2653184,1,SliceDeviceOperation,64,1979.0
1052672,,SliceDeviceOperation,64,1976.0
3024896,1,SliceDeviceOperation,64,1973.0
1351680,,SliceDeviceOperation,64,1969.0
1384448,,ShardedToInterleavedDeviceOperation,32,1969.0
2200576,,ShardedToInterleavedDeviceOperation,32,1969.0
3464192,1,SliceDeviceOperation,32,1968.0
1858560,,SliceDeviceOperation,64,1967.0
2320384,1,SliceDeviceOperation,64,1967.0
2350080,1,InterleavedToShardedDeviceOperation,32,1967.0
1525760,,SliceDeviceOperation,64,1963.0
1588224,,SliceDeviceOperation,64,1960.0
2260992,1,SliceDeviceOperation,64,1960.0
1250304,,SliceDeviceOperation,64,1959.0
1289216,,SliceDeviceOperation,64,1958.0
986112,,TypecastDeviceOperation,4,1957.0
1790976,,SliceDeviceOperation,64,1956.0
1762304,,SliceDeviceOperation,64,1954.0
1863680,,SliceDeviceOperation,64,1954.0
1688576,,ShardedToInterleavedDeviceOperation,32,1952.0
992256,,ShardedToInterleavedDeviceOperation,32,1945.0
1558528,,ShardedToInterleavedDeviceOperation,32,1945.0
2523136,1,SliceDeviceOperation,64,1944.0
2758656,1,ShardedToInterleavedDeviceOperation,32,1941.0
3231744,1,ShardedToInterleavedDeviceOperation,32,1941.0
3198976,1,SliceDeviceOperation,64,1940.0
1046528,,ShardedToInterleavedDeviceOperation,32,1937.0
1660928,,SliceDeviceOperation,64,1936.0
3193856,1,SliceDeviceOperation,64,1936.0
2484224,1,SliceDeviceOperation,64,1935.0
2754560,1,SliceDeviceOperation,64,1933.0
2788352,1,SliceDeviceOperation,64,1932.0
2923520,1,SliceDeviceOperation,64,1932.0
2252800,1,UnaryDeviceOperation,64,1931.0
1216512,,SliceDeviceOperation,64,1928.0
2686976,1,SliceDeviceOperation,64,1928.0
3063808,1,SliceDeviceOperation,64,1928.0
3469312,1,SliceDeviceOperation,32,1928.0
1389568,,ShardedToInterleavedDeviceOperation,32,1927.0
1993728,,SliceDeviceOperation,64,1927.0
3367936,1,SliceDeviceOperation,55,1925.0
2095104,,SliceDeviceOperation,64,1923.0
1249280,,ShardedToInterleavedDeviceOperation,32,1922.0
3261440,1,SliceDeviceOperation,63,1922.0
1051648,,ShardedToInterleavedDeviceOperation,32,1921.0
2759680,1,SliceDeviceOperation,64,1920.0
2827264,1,SliceDeviceOperation,64,1918.0
1284096,,SliceDeviceOperation,64,1916.0
3092480,1,SliceDeviceOperation,64,1915.0
1186816,,ShardedToInterleavedDeviceOperation,32,1914.0
2061312,,SliceDeviceOperation,64,1914.0
1965056,,SliceDeviceOperation,64,1913.0
2255872,1,TypecastDeviceOperation,4,1911.0
1593344,,SliceDeviceOperation,64,1908.0
3300352,1,SliceDeviceOperation,56,1907.0
1047552,,SliceDeviceOperation,64,1905.0
1693696,,ShardedToInterleavedDeviceOperation,32,1905.0
2725888,1,SliceDeviceOperation,64,1904.0
3329024,1,SliceDeviceOperation,56,1904.0
1153024,,ShardedToInterleavedDeviceOperation,32,1902.0
3435520,1,SliceDeviceOperation,48,1899.0
2658304,1,SliceDeviceOperation,64,1898.0
2962432,1,SliceDeviceOperation,64,1897.0
3401728,1,SliceDeviceOperation,48,1895.0
1959936,,SliceDeviceOperation,64,1891.0
2489344,1,SliceDeviceOperation,64,1891.0
1085440,,ShardedToInterleavedDeviceOperation,32,1889.0
1930240,,ShardedToInterleavedDeviceOperation,32,1887.0
1288192,,ShardedToInterleavedDeviceOperation,32,1883.0
3058688,1,SliceDeviceOperation,64,1883.0
1147904,,ShardedToInterleavedDeviceOperation,32,1877.0
1727488,,ShardedToInterleavedDeviceOperation,32,1877.0
1452032,,ShardedToInterleavedDeviceOperation,32,1873.0
2991104,1,SliceDeviceOperation,64,1868.0
1323008,,SliceDeviceOperation,64,1866.0
1756160,,ShardedToInterleavedDeviceOperation,32,1862.0
2253824,1,TypecastDeviceOperation,4,1862.0
3528704,,UntilizeWithUnpaddingDeviceOperation,1,1862.0
1519616,,ShardedToInterleavedDeviceOperation,32,1860.0
3030016,1,SliceDeviceOperation,64,1859.0
1119232,,ShardedToInterleavedDeviceOperation,32,1858.0
2381824,1,ShardedToInterleavedDeviceOperation,32,1858.0
1620992,,ShardedToInterleavedDeviceOperation,32,1857.0
1761280,,ShardedToInterleavedDeviceOperation,32,1855.0
2922496,1,ShardedToInterleavedDeviceOperation,32,1855.0
3526656,,UntilizeWithUnpaddingDeviceOperation,1,1853.0
1321984,,ShardedToInterleavedDeviceOperation,32,1852.0
2551808,1,SliceDeviceOperation,64,1852.0
3227648,1,SliceDeviceOperation,64,1852.0
1654784,,ShardedToInterleavedDeviceOperation,32,1851.0
2894848,1,SliceDeviceOperation,64,1850.0
1283072,,ShardedToInterleavedDeviceOperation,32,1849.0
985088,,UnaryDeviceOperation,64,1845.0
1553408,,ShardedToInterleavedDeviceOperation,32,1844.0
2094080,,ShardedToInterleavedDeviceOperation,32,1843.0
2349056,1,SliceDeviceOperation,64,1843.0
3396608,1,SliceDeviceOperation,48,1843.0
1823744,,ShardedToInterleavedDeviceOperation,32,1838.0
2566144,1,InterleavedToShardedDeviceOperation,8,1836.0
3495936,,UntilizeWithUnpaddingDeviceOperation,1,1835.0
2099200,,ShardedToInterleavedDeviceOperation,32,1833.0
1006592,,ShardedToInterleavedDeviceOperation,32,1825.0
1722368,,ShardedToInterleavedDeviceOperation,32,1825.0
1958912,,ShardedToInterleavedDeviceOperation,32,1825.0
2624512,1,SliceDeviceOperation,64,1825.0
3430400,1,SliceDeviceOperation,48,1825.0
2282496,1,ShardedToInterleavedDeviceOperation,32,1823.0
3529728,,UntilizeWithUnpaddingDeviceOperation,1,1820.0
3362816,1,SliceDeviceOperation,56,1820.0
3520512,,UntilizeWithUnpaddingDeviceOperation,1,1819.0
1828864,,ShardedToInterleavedDeviceOperation,32,1817.0
2720768,1,SliceDeviceOperation,64,1812.0
3499008,,UntilizeWithUnpaddingDeviceOperation,1,1809.0
2618368,1,ShardedToInterleavedDeviceOperation,32,1806.0
1862656,,ShardedToInterleavedDeviceOperation,32,1803.0
2254848,1,UnaryDeviceOperation,64,1803.0
3532800,,UntilizeWithUnpaddingDeviceOperation,1,1798.0
3521536,,UntilizeWithUnpaddingDeviceOperation,1,1797.0
2132992,,ShardedToInterleavedDeviceOperation,32,1794.0
2195456,,ShardedToInterleavedDeviceOperation,32,1794.0
1215488,,ShardedToInterleavedDeviceOperation,32,1793.0
3518464,,UntilizeWithUnpaddingDeviceOperation,1,1793.0
976896,,RepeatDeviceOperation,64,1791.0
2826240,1,ShardedToInterleavedDeviceOperation,32,1786.0
1080320,,ShardedToInterleavedDeviceOperation,32,1785.0
1254400,,ShardedToInterleavedDeviceOperation,32,1783.0
2166784,,ShardedToInterleavedDeviceOperation,32,1783.0
3508224,,UntilizeWithUnpaddingDeviceOperation,1,1783.0
3530752,,UntilizeWithUnpaddingDeviceOperation,1,1783.0
3527680,,UntilizeWithUnpaddingDeviceOperation,1,1780.0
2127872,,ShardedToInterleavedDeviceOperation,32,1779.0
2161664,,ShardedToInterleavedDeviceOperation,32,1778.0
3057664,1,ShardedToInterleavedDeviceOperation,32,1775.0
1316864,,ShardedToInterleavedDeviceOperation,32,1774.0
1114112,,ShardedToInterleavedDeviceOperation,32,1772.0
1220608,,ShardedToInterleavedDeviceOperation,32,1772.0
1457152,,ShardedToInterleavedDeviceOperation,32,1763.0
2065408,,ShardedToInterleavedDeviceOperation,32,1762.0
1925120,,ShardedToInterleavedDeviceOperation,32,1761.0
2031616,,ShardedToInterleavedDeviceOperation,32,1761.0
3062784,1,ShardedToInterleavedDeviceOperation,32,1761.0
2589696,1,ShardedToInterleavedDeviceOperation,32,1759.0
3260416,1,ShardedToInterleavedDeviceOperation,31,1755.0
3429376,1,ShardedToInterleavedDeviceOperation,16,1755.0
1626112,,ShardedToInterleavedDeviceOperation,32,1754.0
1896448,,ShardedToInterleavedDeviceOperation,32,1753.0
2652160,1,ShardedToInterleavedDeviceOperation,32,1746.0
1524736,,ShardedToInterleavedDeviceOperation,32,1745.0
1964032,,ShardedToInterleavedDeviceOperation,32,1745.0
2961408,1,ShardedToInterleavedDeviceOperation,32,1743.0
2449408,1,ShardedToInterleavedDeviceOperation,32,1741.0
1589248,,InterleavedToShardedDeviceOperation,32,1739.0
2259968,1,ShardedToInterleavedDeviceOperation,32,1739.0
1181696,,ShardedToInterleavedDeviceOperation,32,1737.0
3501056,,UntilizeWithUnpaddingDeviceOperation,1,1735.0
2623488,1,ShardedToInterleavedDeviceOperation,32,1731.0
3226624,1,ShardedToInterleavedDeviceOperation,32,1731.0
1592320,,ShardedToInterleavedDeviceOperation,32,1730.0
2890752,1,InterleavedToShardedDeviceOperation,32,1729.0
3505152,,UntilizeWithUnpaddingDeviceOperation,1,1728.0
2927616,1,ShardedToInterleavedDeviceOperation,32,1727.0
3517440,,UntilizeWithUnpaddingDeviceOperation,1,1725.0
3511296,,UntilizeWithUnpaddingDeviceOperation,1,1723.0
1659904,,ShardedToInterleavedDeviceOperation,32,1722.0
3514368,,UntilizeWithUnpaddingDeviceOperation,1,1722.0
3366912,1,ShardedToInterleavedDeviceOperation,23,1722.0
1355776,,ShardedToInterleavedDeviceOperation,32,1721.0
2691072,1,ShardedToInterleavedDeviceOperation,32,1719.0
3502080,,UntilizeWithUnpaddingDeviceOperation,1,1718.0
2685952,1,ShardedToInterleavedDeviceOperation,32,1715.0
2854912,1,ShardedToInterleavedDeviceOperation,32,1715.0
1423360,,ShardedToInterleavedDeviceOperation,32,1714.0
1789952,,ShardedToInterleavedDeviceOperation,32,1713.0
987136,,UnaryDeviceOperation,64,1710.0
1485824,,ShardedToInterleavedDeviceOperation,32,1710.0
3500032,,UntilizeWithUnpaddingDeviceOperation,1,1707.0
318464,,ConcatDeviceOperation,1,1706.0
2415616,1,ShardedToInterleavedDeviceOperation,32,1706.0
3294208,1,ShardedToInterleavedDeviceOperation,24,1706.0
3395584,1,ShardedToInterleavedDeviceOperation,16,1706.0
3513344,,UntilizeWithUnpaddingDeviceOperation,1,1704.0
182272,,ConcatDeviceOperation,1,1701.0
525312,,ConcatDeviceOperation,1,1700.0
602112,,ConcatDeviceOperation,1,1700.0
629760,,ConcatDeviceOperation,1,1700.0
649216,,ConcatDeviceOperation,1,1700.0
3496960,,UntilizeWithUnpaddingDeviceOperation,1,1700.0
3265536,1,ShardedToInterleavedDeviceOperation,30,1700.0
1997824,,ShardedToInterleavedDeviceOperation,32,1697.0
994304,,InterleavedToShardedDeviceOperation,32,1692.0
335872,,ConcatDeviceOperation,1,1691.0
3504128,,UntilizeWithUnpaddingDeviceOperation,1,1690.0
2584576,1,ShardedToInterleavedDeviceOperation,32,1689.0
3516416,,UntilizeWithUnpaddingDeviceOperation,1,1687.0
3525632,,UntilizeWithUnpaddingDeviceOperation,1,1687.0
3531776,,UntilizeWithUnpaddingDeviceOperation,1,1687.0
3509248,,UntilizeWithUnpaddingDeviceOperation,1,1685.0
3523584,,UntilizeWithUnpaddingDeviceOperation,1,1685.0
766976,,ConcatDeviceOperation,1,1684.0
2026496,,ShardedToInterleavedDeviceOperation,32,1681.0
3503104,,UntilizeWithUnpaddingDeviceOperation,1,1680.0
3506176,,UntilizeWithUnpaddingDeviceOperation,1,1679.0
2719744,1,ShardedToInterleavedDeviceOperation,32,1677.0
785408,,ConcatDeviceOperation,1,1676.0
422912,,ConcatDeviceOperation,1,1675.0
2550784,1,ShardedToInterleavedDeviceOperation,32,1675.0
3524608,,UntilizeWithUnpaddingDeviceOperation,1,1674.0
2129920,,InterleavedToShardedDeviceOperation,32,1673.0
821248,,ConcatDeviceOperation,1,1672.0
3023872,1,ShardedToInterleavedDeviceOperation,32,1672.0
2956288,1,ShardedToInterleavedDeviceOperation,32,1671.0
3400704,1,ShardedToInterleavedDeviceOperation,16,1671.0
2353152,1,ShardedToInterleavedDeviceOperation,32,1668.0
3515392,,UntilizeWithUnpaddingDeviceOperation,1,1668.0
3519488,,UntilizeWithUnpaddingDeviceOperation,1,1667.0
1048576,,InterleavedToShardedDeviceOperation,32,1666.0
2060288,,ShardedToInterleavedDeviceOperation,32,1666.0
2274304,1,ShardedToInterleavedDeviceOperation,32,1666.0
2555904,1,ShardedToInterleavedDeviceOperation,32,1666.0
3510272,,UntilizeWithUnpaddingDeviceOperation,1,1665.0
3228672,1,InterleavedToShardedDeviceOperation,32,1663.0
3497984,,UntilizeWithUnpaddingDeviceOperation,1,1662.0
2244608,1,RepeatDeviceOperation,64,1662.0
2246656,1,TypecastDeviceOperation,1,1658.0
3522560,,UntilizeWithUnpaddingDeviceOperation,1,1656.0
2821120,1,ShardedToInterleavedDeviceOperation,32,1650.0
3507200,,UntilizeWithUnpaddingDeviceOperation,1,1648.0
3125248,1,ShardedToInterleavedDeviceOperation,32,1647.0
2250752,1,ConcatDeviceOperation,4,1646.0
3512320,,UntilizeWithUnpaddingDeviceOperation,1,1644.0
2314240,1,ShardedToInterleavedDeviceOperation,32,1638.0
3091456,1,ShardedToInterleavedDeviceOperation,32,1633.0
1859584,,InterleavedToShardedDeviceOperation,32,1632.0
2454528,1,ShardedToInterleavedDeviceOperation,32,1632.0
3361792,1,ShardedToInterleavedDeviceOperation,24,1626.0
983040,,ConcatDeviceOperation,4,1613.0
2278400,1,RepeatDeviceOperation,64,1610.0
3434496,1,ShardedToInterleavedDeviceOperation,16,1610.0
2792448,1,ShardedToInterleavedDeviceOperation,32,1607.0
2893824,1,ShardedToInterleavedDeviceOperation,32,1599.0
1656832,,InterleavedToShardedDeviceOperation,32,1596.0
2990080,1,ShardedToInterleavedDeviceOperation,32,1591.0
3096576,1,ShardedToInterleavedDeviceOperation,32,1591.0
728064,,ConcatDeviceOperation,1,1588.0
1724416,,InterleavedToShardedDeviceOperation,32,1588.0
3130368,1,ShardedToInterleavedDeviceOperation,32,1588.0
460800,,SliceDeviceOperation,1,1586.0
3174400,1,InterleavedToShardedDeviceOperation,8,1585.0
1521664,,InterleavedToShardedDeviceOperation,32,1583.0
3328000,1,ShardedToInterleavedDeviceOperation,24,1581.0
667648,,ConcatDeviceOperation,1,1580.0
2483200,1,ShardedToInterleavedDeviceOperation,32,1572.0
3197952,1,ShardedToInterleavedDeviceOperation,32,1567.0
350208,,SliceDeviceOperation,1,1566.0
1386496,,InterleavedToShardedDeviceOperation,32,1565.0
2062336,,InterleavedToShardedDeviceOperation,32,1562.0
313344,,SliceDeviceOperation,1,1560.0
1183744,,InterleavedToShardedDeviceOperation,32,1560.0
1960960,,InterleavedToShardedDeviceOperation,32,1555.0
876544,,SliceDeviceOperation,1,1554.0
273408,,SliceDeviceOperation,1,1552.0
227328,,ConcatDeviceOperation,1,1550.0
278528,,ConcatDeviceOperation,1,1548.0
167936,,ConcatDeviceOperation,1,1546.0
303104,,ConcatDeviceOperation,1,1545.0
1825792,,InterleavedToShardedDeviceOperation,32,1542.0
257024,,ConcatDeviceOperation,1,1541.0
206848,,ConcatDeviceOperation,1,1540.0
2860032,1,ShardedToInterleavedDeviceOperation,32,1540.0
3028992,1,ShardedToInterleavedDeviceOperation,32,1533.0
2995200,1,ShardedToInterleavedDeviceOperation,32,1532.0
1690624,,InterleavedToShardedDeviceOperation,32,1531.0
394240,,ConcatDeviceOperation,1,1526.0
574464,,ConcatDeviceOperation,1,1526.0
494592,,ConcatDeviceOperation,1,1525.0
355328,,ConcatDeviceOperation,1,1524.0
377856,,ConcatDeviceOperation,1,1524.0
465920,,ConcatDeviceOperation,1,1524.0
552960,,ConcatDeviceOperation,1,1524.0
437248,,ConcatDeviceOperation,1,1523.0
1217536,,InterleavedToShardedDeviceOperation,32,1522.0
1487872,,InterleavedToShardedDeviceOperation,32,1522.0
2197504,,InterleavedToShardedDeviceOperation,32,1521.0
480256,,ConcatDeviceOperation,1,1520.0
2488320,1,ShardedToInterleavedDeviceOperation,32,1520.0
704512,,ConcatDeviceOperation,1,1518.0
688128,,ConcatDeviceOperation,1,1517.0
1792000,,InterleavedToShardedDeviceOperation,32,1517.0
978944,,TypecastDeviceOperation,1,1515.0
1927168,,InterleavedToShardedDeviceOperation,32,1509.0
1555456,,InterleavedToShardedDeviceOperation,32,1508.0
881664,,ConcatDeviceOperation,1,1506.0
900096,,ConcatDeviceOperation,1,1506.0
929792,,ConcatDeviceOperation,1,1506.0
854016,,ConcatDeviceOperation,1,1505.0
752640,,ConcatDeviceOperation,1,1503.0
2516992,1,ShardedToInterleavedDeviceOperation,32,1503.0
2271232,1,InterleavedToShardedDeviceOperation,32,1502.0
914432,,ConcatDeviceOperation,1,1500.0
1285120,,InterleavedToShardedDeviceOperation,32,1500.0
2657280,1,ShardedToInterleavedDeviceOperation,32,1500.0
1623040,,InterleavedToShardedDeviceOperation,32,1494.0
2420736,1,ShardedToInterleavedDeviceOperation,32,1493.0
3333120,1,ShardedToInterleavedDeviceOperation,24,1491.0
330752,,SliceDeviceOperation,1,1488.0
1420288,,InterleavedToShardedDeviceOperation,32,1488.0
2028544,,InterleavedToShardedDeviceOperation,32,1487.0
2522112,1,ShardedToInterleavedDeviceOperation,32,1487.0
2724864,1,ShardedToInterleavedDeviceOperation,32,1485.0
1149952,,InterleavedToShardedDeviceOperation,32,1484.0
2234368,1,TypecastDeviceOperation,32,1480.0
2191360,,ShardedToInterleavedDeviceOperation,40,1479.0
3299328,1,ShardedToInterleavedDeviceOperation,24,1478.0
1893376,,InterleavedToShardedDeviceOperation,32,1475.0
2386944,1,ShardedToInterleavedDeviceOperation,32,1474.0
683008,,SliceDeviceOperation,1,1473.0
1650688,,ShardedToInterleavedDeviceOperation,40,1471.0
1921024,,ShardedToInterleavedDeviceOperation,40,1471.0
1954816,,ShardedToInterleavedDeviceOperation,40,1471.0
2952192,1,ShardedToInterleavedDeviceOperation,40,1471.0
2319360,1,ShardedToInterleavedDeviceOperation,32,1469.0
2586624,1,InterleavedToShardedDeviceOperation,32,1469.0
1758208,,InterleavedToShardedDeviceOperation,32,1466.0
1003520,,InterleavedToShardedDeviceOperation,32,1463.0
1318912,,InterleavedToShardedDeviceOperation,32,1463.0
3159040,1,ShardedToInterleavedDeviceOperation,32,1458.0
1177600,,ShardedToInterleavedDeviceOperation,40,1448.0
2787328,1,ShardedToInterleavedDeviceOperation,32,1447.0
816128,,SliceDeviceOperation,1,1445.0
2464768,1,InterleavedToShardedDeviceOperation,8,1444.0
1352704,,InterleavedToShardedDeviceOperation,32,1443.0
974848,,ShardedToInterleavedDeviceOperation,40,1440.0
1549312,,ShardedToInterleavedDeviceOperation,40,1440.0
2096128,,InterleavedToShardedDeviceOperation,32,1432.0
1454080,,InterleavedToShardedDeviceOperation,32,1429.0
1994752,,InterleavedToShardedDeviceOperation,32,1429.0
2348032,1,ShardedToInterleavedDeviceOperation,32,1425.0
2614272,1,ShardedToInterleavedDeviceOperation,40,1423.0
780288,,SliceDeviceOperation,1,1417.0
1481728,,ShardedToInterleavedDeviceOperation,40,1415.0
644096,,SliceDeviceOperation,1,1411.0
3192832,1,ShardedToInterleavedDeviceOperation,32,1411.0
372736,,SliceDeviceOperation,1,1410.0
662528,,SliceDeviceOperation,1,1410.0
699392,,SliceDeviceOperation,1,1410.0
162816,,SliceDeviceOperation,1,1409.0
2163712,,InterleavedToShardedDeviceOperation,32,1409.0
3164160,1,ShardedToInterleavedDeviceOperation,32,1409.0
432128,,SliceDeviceOperation,1,1408.0
547840,,SliceDeviceOperation,1,1408.0
520192,,SliceDeviceOperation,1,1407.0
1819648,,ShardedToInterleavedDeviceOperation,40,1407.0
201728,,SliceDeviceOperation,1,1406.0
2316288,1,InterleavedToShardedDeviceOperation,32,1406.0
475136,,SliceDeviceOperation,1,1405.0
596992,,SliceDeviceOperation,1,1405.0
722944,,SliceDeviceOperation,1,1405.0
966656,,TypecastDeviceOperation,32,1404.0
909312,,SliceDeviceOperation,1,1403.0
222208,,SliceDeviceOperation,1,1402.0
251904,,SliceDeviceOperation,1,1402.0
1718272,,ShardedToInterleavedDeviceOperation,40,1401.0
569344,,SliceDeviceOperation,1,1400.0
1082368,,InterleavedToShardedDeviceOperation,32,1400.0
177152,,SliceDeviceOperation,1,1399.0
297984,,SliceDeviceOperation,1,1399.0
848896,,SliceDeviceOperation,1,1399.0
1853440,,ShardedToInterleavedDeviceOperation,40,1399.0
1116160,,InterleavedToShardedDeviceOperation,32,1397.0
1251328,,InterleavedToShardedDeviceOperation,32,1397.0
2888704,1,ShardedToInterleavedDeviceOperation,32,1397.0
417792,,SliceDeviceOperation,1,1395.0
389120,,SliceDeviceOperation,1,1394.0
489472,,SliceDeviceOperation,1,1394.0
747520,,SliceDeviceOperation,1,1394.0
624640,,SliceDeviceOperation,1,1393.0
761856,,SliceDeviceOperation,1,1393.0
1988608,,ShardedToInterleavedDeviceOperation,40,1393.0
2753536,1,ShardedToInterleavedDeviceOperation,32,1392.0
894976,,SliceDeviceOperation,1,1390.0
924672,,SliceDeviceOperation,1,1388.0
1278976,,ShardedToInterleavedDeviceOperation,40,1383.0
1312768,,ShardedToInterleavedDeviceOperation,40,1375.0
2022400,,ShardedToInterleavedDeviceOperation,40,1375.0
1042432,,ShardedToInterleavedDeviceOperation,40,1369.0
1110016,,ShardedToInterleavedDeviceOperation,40,1367.0
1583104,,ShardedToInterleavedDeviceOperation,40,1367.0
2056192,,ShardedToInterleavedDeviceOperation,40,1367.0
1887232,,ShardedToInterleavedDeviceOperation,40,1361.0
1346560,,ShardedToInterleavedDeviceOperation,40,1359.0
2681856,1,ShardedToInterleavedDeviceOperation,40,1344.0
1785856,,ShardedToInterleavedDeviceOperation,40,1343.0
1515520,,ShardedToInterleavedDeviceOperation,40,1335.0
1414144,,ShardedToInterleavedDeviceOperation,40,1329.0
1616896,,ShardedToInterleavedDeviceOperation,40,1319.0
1752064,,ShardedToInterleavedDeviceOperation,40,1319.0
2802688,1,InterleavedToShardedDeviceOperation,8,1318.0
1143808,,ShardedToInterleavedDeviceOperation,40,1311.0
2089984,,ShardedToInterleavedDeviceOperation,40,1311.0
2789376,1,InterleavedToShardedDeviceOperation,32,1311.0
1380352,,ShardedToInterleavedDeviceOperation,40,1303.0
2242560,1,ShardedToInterleavedDeviceOperation,40,1298.0
2157568,,ShardedToInterleavedDeviceOperation,40,1297.0
1447936,,ShardedToInterleavedDeviceOperation,40,1295.0
1684480,,ShardedToInterleavedDeviceOperation,40,1288.0
2749440,1,ShardedToInterleavedDeviceOperation,40,1287.0
369664,,SliceDeviceOperation,1,1285.0
2363392,1,InterleavedToShardedDeviceOperation,8,1280.0
3194880,1,InterleavedToShardedDeviceOperation,32,1278.0
2985984,1,ShardedToInterleavedDeviceOperation,40,1274.0
3093504,1,InterleavedToShardedDeviceOperation,32,1274.0
2123776,,ShardedToInterleavedDeviceOperation,40,1271.0
2485248,1,InterleavedToShardedDeviceOperation,32,1269.0
294912,,SliceDeviceOperation,1,1266.0
921600,,SliceDeviceOperation,1,1263.0
1211392,,ShardedToInterleavedDeviceOperation,40,1263.0
425984,,SliceDeviceOperation,1,1262.0
2648064,1,ShardedToInterleavedDeviceOperation,40,1259.0
813056,,SliceDeviceOperation,1,1257.0
2633728,1,InterleavedToShardedDeviceOperation,8,1255.0
2715648,1,ShardedToInterleavedDeviceOperation,40,1255.0
1804288,,ShardedToInterleavedDeviceOperation,16,1251.0
1364992,,ShardedToInterleavedDeviceOperation,16,1249.0
1245184,,ShardedToInterleavedDeviceOperation,40,1240.0
1871872,,ShardedToInterleavedDeviceOperation,16,1236.0
1094656,,ShardedToInterleavedDeviceOperation,16,1234.0
2924544,1,InterleavedToShardedDeviceOperation,32,1234.0
1162240,,ShardedToInterleavedDeviceOperation,16,1233.0
1567744,,ShardedToInterleavedDeviceOperation,16,1233.0
2108416,,ShardedToInterleavedDeviceOperation,16,1233.0
1107968,,ShardedToInterleavedDeviceOperation,64,1228.0
2463744,1,ShardedToInterleavedDeviceOperation,16,1225.0
1838080,,ShardedToInterleavedDeviceOperation,16,1224.0
2532352,1,InterleavedToShardedDeviceOperation,8,1224.0
3256320,1,ShardedToInterleavedDeviceOperation,39,1223.0
2040832,,ShardedToInterleavedDeviceOperation,16,1221.0
327680,,SliceDeviceOperation,1,1217.0
1770496,,ShardedToInterleavedDeviceOperation,16,1217.0
2142208,,ShardedToInterleavedDeviceOperation,16,1217.0
1702912,,ShardedToInterleavedDeviceOperation,16,1210.0
1466368,,ShardedToInterleavedDeviceOperation,16,1209.0
870400,,SliceDeviceOperation,1,1208.0
1263616,,ShardedToInterleavedDeviceOperation,16,1207.0
2817024,1,ShardedToInterleavedDeviceOperation,40,1202.0
2823168,1,InterleavedToShardedDeviceOperation,32,1202.0
873472,,SliceDeviceOperation,1,1201.0
1076224,,ShardedToInterleavedDeviceOperation,40,1201.0
1533952,,ShardedToInterleavedDeviceOperation,16,1201.0
1669120,,ShardedToInterleavedDeviceOperation,16,1201.0
3053568,1,ShardedToInterleavedDeviceOperation,40,1199.0
291840,,SliceDeviceOperation,1,1196.0
1973248,,ShardedToInterleavedDeviceOperation,16,1196.0
2074624,,ShardedToInterleavedDeviceOperation,16,1195.0
1027072,,ShardedToInterleavedDeviceOperation,16,1194.0
1905664,,ShardedToInterleavedDeviceOperation,16,1194.0
1196032,,ShardedToInterleavedDeviceOperation,16,1193.0
1635328,,ShardedToInterleavedDeviceOperation,16,1193.0
2007040,,ShardedToInterleavedDeviceOperation,16,1193.0
2835456,1,ShardedToInterleavedDeviceOperation,16,1193.0
3425280,1,ShardedToInterleavedDeviceOperation,24,1192.0
2310144,1,ShardedToInterleavedDeviceOperation,40,1190.0
344064,,SliceDeviceOperation,1,1188.0
744448,,SliceDeviceOperation,1,1188.0
2176000,,ShardedToInterleavedDeviceOperation,16,1186.0
1297408,,ShardedToInterleavedDeviceOperation,16,1185.0
3087360,1,ShardedToInterleavedDeviceOperation,40,1185.0
1128448,,ShardedToInterleavedDeviceOperation,16,1176.0
3059712,1,InterleavedToShardedDeviceOperation,32,1171.0
1398784,,ShardedToInterleavedDeviceOperation,16,1169.0
1736704,,ShardedToInterleavedDeviceOperation,16,1165.0
1601536,,ShardedToInterleavedDeviceOperation,16,1161.0
2632704,1,ShardedToInterleavedDeviceOperation,16,1161.0
2377728,1,ShardedToInterleavedDeviceOperation,40,1155.0
1500160,,ShardedToInterleavedDeviceOperation,16,1153.0
2054144,,ShardedToInterleavedDeviceOperation,64,1153.0
2767872,1,ShardedToInterleavedDeviceOperation,16,1153.0
3290112,1,ShardedToInterleavedDeviceOperation,32,1151.0
3019776,1,ShardedToInterleavedDeviceOperation,40,1147.0
2209792,,ShardedToInterleavedDeviceOperation,16,1146.0
2497536,1,ShardedToInterleavedDeviceOperation,16,1146.0
2958336,1,InterleavedToShardedDeviceOperation,32,1146.0
1939456,,ShardedToInterleavedDeviceOperation,16,1145.0
563200,,SliceDeviceOperation,1,1143.0
3121152,1,ShardedToInterleavedDeviceOperation,40,1143.0
1331200,,ShardedToInterleavedDeviceOperation,16,1140.0
2519040,1,InterleavedToShardedDeviceOperation,32,1138.0
2417664,1,InterleavedToShardedDeviceOperation,32,1135.0
1952768,,ShardedToInterleavedDeviceOperation,64,1132.0
2735104,1,InterleavedToShardedDeviceOperation,8,1131.0
2445312,1,ShardedToInterleavedDeviceOperation,40,1129.0
1716224,,ShardedToInterleavedDeviceOperation,64,1128.0
3004416,1,ShardedToInterleavedDeviceOperation,16,1126.0
2552832,1,InterleavedToShardedDeviceOperation,32,1125.0
2814976,1,ShardedToInterleavedDeviceOperation,64,1124.0
3073024,1,InterleavedToShardedDeviceOperation,8,1124.0
2646016,1,ShardedToInterleavedDeviceOperation,64,1119.0
3391488,1,ShardedToInterleavedDeviceOperation,24,1119.0
593920,,SliceDeviceOperation,1,1118.0
719872,,SliceDeviceOperation,1,1118.0
1060864,,ShardedToInterleavedDeviceOperation,16,1118.0
3005440,1,InterleavedToShardedDeviceOperation,8,1117.0
248832,,SliceDeviceOperation,1,1116.0
656384,,SliceDeviceOperation,1,1116.0
486400,,SliceDeviceOperation,1,1115.0
621568,,SliceDeviceOperation,1,1114.0
679936,,SliceDeviceOperation,1,1114.0
755712,,SliceDeviceOperation,1,1114.0
270336,,SliceDeviceOperation,1,1113.0
774144,,SliceDeviceOperation,1,1113.0
2430976,1,InterleavedToShardedDeviceOperation,8,1113.0
195584,,SliceDeviceOperation,1,1112.0
198656,,SliceDeviceOperation,1,1112.0
544768,,SliceDeviceOperation,1,1112.0
716800,,SliceDeviceOperation,1,1112.0
891904,,SliceDeviceOperation,1,1112.0
1581056,,ShardedToInterleavedDeviceOperation,64,1112.0
171008,,SliceDeviceOperation,1,1111.0
310272,,SliceDeviceOperation,1,1111.0
414720,,SliceDeviceOperation,1,1111.0
659456,,SliceDeviceOperation,1,1111.0
758784,,SliceDeviceOperation,1,1111.0
809984,,SliceDeviceOperation,1,1111.0
888832,,SliceDeviceOperation,1,1111.0
3154944,1,ShardedToInterleavedDeviceOperation,40,1111.0
216064,,SliceDeviceOperation,1,1110.0
245760,,SliceDeviceOperation,1,1110.0
429056,,SliceDeviceOperation,1,1110.0
457728,,SliceDeviceOperation,1,1110.0
472064,,SliceDeviceOperation,1,1110.0
618496,,SliceDeviceOperation,1,1110.0
676864,,SliceDeviceOperation,1,1110.0
693248,,SliceDeviceOperation,1,1110.0
696320,,SliceDeviceOperation,1,1110.0
906240,,SliceDeviceOperation,1,1110.0
918528,,SliceDeviceOperation,1,1110.0
1445888,,ShardedToInterleavedDeviceOperation,64,1110.0
159744,,SliceDeviceOperation,1,1109.0
307200,,SliceDeviceOperation,1,1109.0
517120,,SliceDeviceOperation,1,1109.0
590848,,SliceDeviceOperation,1,1109.0
637952,,SliceDeviceOperation,1,1109.0
741376,,SliceDeviceOperation,1,1109.0
842752,,SliceDeviceOperation,1,1109.0
267264,,SliceDeviceOperation,1,1108.0
386048,,SliceDeviceOperation,1,1108.0
483328,,SliceDeviceOperation,1,1108.0
514048,,SliceDeviceOperation,1,1108.0
641024,,SliceDeviceOperation,1,1108.0
174080,,SliceDeviceOperation,1,1107.0
324608,,SliceDeviceOperation,1,1107.0
382976,,SliceDeviceOperation,1,1107.0
777216,,SliceDeviceOperation,1,1107.0
845824,,SliceDeviceOperation,1,1107.0
2546688,1,ShardedToInterleavedDeviceOperation,40,1107.0
1432576,,ShardedToInterleavedDeviceOperation,16,1105.0
2565120,1,ShardedToInterleavedDeviceOperation,16,1105.0
3240960,1,ShardedToInterleavedDeviceOperation,16,1105.0
2612224,1,ShardedToInterleavedDeviceOperation,64,1103.0
156672,,SliceDeviceOperation,1,1102.0
219136,,SliceDeviceOperation,1,1102.0
347136,,SliceDeviceOperation,1,1102.0
366592,,SliceDeviceOperation,1,1102.0
541696,,SliceDeviceOperation,1,1102.0
566272,,SliceDeviceOperation,1,1102.0
903168,,SliceDeviceOperation,1,1102.0
1141760,,ShardedToInterleavedDeviceOperation,64,1102.0
468992,,SliceDeviceOperation,1,1101.0
1229824,,ShardedToInterleavedDeviceOperation,16,1101.0
1479680,,ShardedToInterleavedDeviceOperation,64,1101.0
3025920,1,InterleavedToShardedDeviceOperation,32,1099.0
2970624,1,ShardedToInterleavedDeviceOperation,16,1098.0
411648,,SliceDeviceOperation,1,1097.0
454656,,SliceDeviceOperation,1,1097.0
1547264,,ShardedToInterleavedDeviceOperation,64,1096.0
2443264,1,ShardedToInterleavedDeviceOperation,64,1094.0
3127296,1,InterleavedToShardedDeviceOperation,32,1091.0
2429952,1,ShardedToInterleavedDeviceOperation,16,1089.0
3072000,1,ShardedToInterleavedDeviceOperation,16,1089.0
3186688,1,ShardedToInterleavedDeviceOperation,64,1085.0
2155520,,ShardedToInterleavedDeviceOperation,64,1084.0
2328576,1,ShardedToInterleavedDeviceOperation,16,1084.0
2620416,1,InterleavedToShardedDeviceOperation,32,1081.0
3208192,1,InterleavedToShardedDeviceOperation,8,1078.0
1074176,,ShardedToInterleavedDeviceOperation,64,1077.0
2916352,1,ShardedToInterleavedDeviceOperation,64,1075.0
2666496,1,ShardedToInterleavedDeviceOperation,16,1073.0
1412096,,ShardedToInterleavedDeviceOperation,64,1072.0
1750016,,ShardedToInterleavedDeviceOperation,64,1070.0
1885184,,ShardedToInterleavedDeviceOperation,64,1070.0
1918976,,ShardedToInterleavedDeviceOperation,64,1069.0
2700288,1,ShardedToInterleavedDeviceOperation,16,1065.0
3459072,1,ShardedToInterleavedDeviceOperation,8,1064.0
2308096,1,ShardedToInterleavedDeviceOperation,64,1061.0
2087936,,ShardedToInterleavedDeviceOperation,64,1060.0
2189312,,ShardedToInterleavedDeviceOperation,64,1060.0
2020352,,ShardedToInterleavedDeviceOperation,64,1058.0
2075648,,InterleavedToShardedDeviceOperation,8,1057.0
1310720,,ShardedToInterleavedDeviceOperation,64,1056.0
1817600,,ShardedToInterleavedDeviceOperation,64,1056.0
2451456,1,InterleavedToShardedDeviceOperation,32,1055.0
2396160,1,ShardedToInterleavedDeviceOperation,16,1053.0
2479104,1,ShardedToInterleavedDeviceOperation,40,1053.0
2477056,1,ShardedToInterleavedDeviceOperation,64,1051.0
3139584,1,ShardedToInterleavedDeviceOperation,16,1049.0
1771520,,InterleavedToShardedDeviceOperation,8,1048.0
1163264,,InterleavedToShardedDeviceOperation,8,1047.0
1614848,,ShardedToInterleavedDeviceOperation,64,1046.0
1851392,,ShardedToInterleavedDeviceOperation,64,1046.0
2240512,1,ShardedToInterleavedDeviceOperation,64,1044.0
2904064,1,InterleavedToShardedDeviceOperation,8,1044.0
1243136,,ShardedToInterleavedDeviceOperation,64,1041.0
1344512,,ShardedToInterleavedDeviceOperation,64,1041.0
1513472,,ShardedToInterleavedDeviceOperation,64,1041.0
2362368,1,ShardedToInterleavedDeviceOperation,16,1041.0
1636352,,InterleavedToShardedDeviceOperation,8,1040.0
2343936,1,ShardedToInterleavedDeviceOperation,40,1039.0
1534976,,InterleavedToShardedDeviceOperation,8,1037.0
2667520,1,InterleavedToShardedDeviceOperation,8,1037.0
2294784,1,ShardedToInterleavedDeviceOperation,16,1034.0
2544640,1,ShardedToInterleavedDeviceOperation,64,1034.0
1209344,,ShardedToInterleavedDeviceOperation,64,1033.0
2397184,1,InterleavedToShardedDeviceOperation,8,1033.0
2936832,1,ShardedToInterleavedDeviceOperation,16,1033.0
2409472,1,ShardedToInterleavedDeviceOperation,64,1031.0
1568768,,InterleavedToShardedDeviceOperation,8,1030.0
2578432,1,ShardedToInterleavedDeviceOperation,64,1029.0
2882560,1,ShardedToInterleavedDeviceOperation,64,1029.0
2008064,,InterleavedToShardedDeviceOperation,8,1028.0
2850816,1,ShardedToInterleavedDeviceOperation,40,1028.0
2383872,1,InterleavedToShardedDeviceOperation,32,1027.0
3039232,1,InterleavedToShardedDeviceOperation,8,1027.0
1197056,,InterleavedToShardedDeviceOperation,8,1026.0
1501184,,InterleavedToShardedDeviceOperation,8,1026.0
2721792,1,InterleavedToShardedDeviceOperation,32,1026.0
1175552,,ShardedToInterleavedDeviceOperation,64,1025.0
2298880,1,ReshardDeviceOperation,8,1025.0
2654208,1,InterleavedToShardedDeviceOperation,32,1025.0
2971648,1,InterleavedToShardedDeviceOperation,8,1025.0
1028096,,InterleavedToShardedDeviceOperation,8,1024.0
1264640,,InterleavedToShardedDeviceOperation,8,1024.0
1602560,,InterleavedToShardedDeviceOperation,8,1024.0
2498560,1,InterleavedToShardedDeviceOperation,8,1024.0
1061888,,InterleavedToShardedDeviceOperation,8,1023.0
1433600,,InterleavedToShardedDeviceOperation,8,1023.0
1467392,,InterleavedToShardedDeviceOperation,8,1023.0
1839104,,InterleavedToShardedDeviceOperation,8,1023.0
2341888,1,ShardedToInterleavedDeviceOperation,64,1023.0
2701312,1,InterleavedToShardedDeviceOperation,8,1023.0
3085312,1,ShardedToInterleavedDeviceOperation,64,1023.0
1276928,,ShardedToInterleavedDeviceOperation,64,1022.0
2903040,1,ShardedToInterleavedDeviceOperation,16,1022.0
1737728,,InterleavedToShardedDeviceOperation,8,1021.0
3220480,1,ShardedToInterleavedDeviceOperation,64,1021.0
2950144,1,ShardedToInterleavedDeviceOperation,64,1019.0
1366016,,InterleavedToShardedDeviceOperation,8,1018.0
1230848,,InterleavedToShardedDeviceOperation,8,1017.0
1378304,,ShardedToInterleavedDeviceOperation,64,1017.0
1974272,,InterleavedToShardedDeviceOperation,8,1017.0
2848768,1,ShardedToInterleavedDeviceOperation,64,1016.0
2937856,1,InterleavedToShardedDeviceOperation,8,1016.0
3038208,1,ShardedToInterleavedDeviceOperation,16,1016.0
3140608,1,InterleavedToShardedDeviceOperation,8,1016.0
1095680,,InterleavedToShardedDeviceOperation,8,1015.0
1129472,,InterleavedToShardedDeviceOperation,8,1015.0
1332224,,InterleavedToShardedDeviceOperation,8,1015.0
1399808,,InterleavedToShardedDeviceOperation,8,1015.0
1805312,,InterleavedToShardedDeviceOperation,8,1015.0
1940480,,InterleavedToShardedDeviceOperation,8,1015.0
2295808,1,InterleavedToShardedDeviceOperation,8,1015.0
2768896,1,InterleavedToShardedDeviceOperation,8,1015.0
2781184,1,ShardedToInterleavedDeviceOperation,64,1015.0
3173376,1,ShardedToInterleavedDeviceOperation,16,1015.0
1670144,,InterleavedToShardedDeviceOperation,8,1014.0
1682432,,ShardedToInterleavedDeviceOperation,64,1014.0
1703936,,InterleavedToShardedDeviceOperation,8,1014.0
2041856,,InterleavedToShardedDeviceOperation,8,1014.0
2599936,1,InterleavedToShardedDeviceOperation,8,1014.0
972800,,ShardedToInterleavedDeviceOperation,64,1013.0
2747392,1,ShardedToInterleavedDeviceOperation,64,1013.0
2856960,1,InterleavedToShardedDeviceOperation,32,1013.0
1906688,,InterleavedToShardedDeviceOperation,8,1012.0
2109440,,InterleavedToShardedDeviceOperation,8,1012.0
2143232,,InterleavedToShardedDeviceOperation,8,1012.0
1298432,,InterleavedToShardedDeviceOperation,8,1011.0
2177024,,InterleavedToShardedDeviceOperation,8,1011.0
3357696,1,ShardedToInterleavedDeviceOperation,32,1011.0
1783808,,ShardedToInterleavedDeviceOperation,64,1009.0
3106816,1,InterleavedToShardedDeviceOperation,8,1008.0
3152896,1,ShardedToInterleavedDeviceOperation,64,1008.0
2411520,1,ShardedToInterleavedDeviceOperation,40,1007.0
2512896,1,ShardedToInterleavedDeviceOperation,40,1007.0
1648640,,ShardedToInterleavedDeviceOperation,64,1006.0
1872896,,InterleavedToShardedDeviceOperation,8,1006.0
2121728,,ShardedToInterleavedDeviceOperation,64,1005.0
3051520,1,ShardedToInterleavedDeviceOperation,64,1005.0
2329600,1,InterleavedToShardedDeviceOperation,8,1004.0
2679808,1,ShardedToInterleavedDeviceOperation,64,1004.0
2688000,1,InterleavedToShardedDeviceOperation,32,1004.0
2836480,1,InterleavedToShardedDeviceOperation,8,1004.0
2210816,,InterleavedToShardedDeviceOperation,8,1003.0
3363840,1,InterleavedToShardedDeviceOperation,24,1002.0
2734080,1,ShardedToInterleavedDeviceOperation,16,999.0
3017728,1,ShardedToInterleavedDeviceOperation,64,997.0
3119104,1,ShardedToInterleavedDeviceOperation,64,994.0
1040384,,ShardedToInterleavedDeviceOperation,64,992.0
3323904,1,ShardedToInterleavedDeviceOperation,32,991.0
3355648,1,ShardedToInterleavedDeviceOperation,56,990.0
2983936,1,ShardedToInterleavedDeviceOperation,64,989.0
1986560,,ShardedToInterleavedDeviceOperation,64,985.0
2531328,1,ShardedToInterleavedDeviceOperation,16,985.0
2713600,1,ShardedToInterleavedDeviceOperation,64,985.0
2375680,1,ShardedToInterleavedDeviceOperation,64,984.0
3241984,1,InterleavedToShardedDeviceOperation,8,984.0
2870272,1,InterleavedToShardedDeviceOperation,8,982.0
3077120,1,ReshardDeviceOperation,8,979.0
2941952,1,ReshardDeviceOperation,8,974.0
2801664,1,ShardedToInterleavedDeviceOperation,16,969.0
3105792,1,ShardedToInterleavedDeviceOperation,16,966.0
2705408,1,ReshardDeviceOperation,8,961.0
2510848,1,ShardedToInterleavedDeviceOperation,64,960.0
2262016,1,InterleavedToShardedDeviceOperation,32,959.0
3288064,1,ShardedToInterleavedDeviceOperation,56,955.0
2598912,1,ShardedToInterleavedDeviceOperation,16,953.0
3274752,1,ShardedToInterleavedDeviceOperation,8,953.0
2223104,,ReshardDeviceOperation,32,949.0
2918400,1,ShardedToInterleavedDeviceOperation,40,949.0
3246080,1,ReshardDeviceOperation,8,946.0
2783232,1,ShardedToInterleavedDeviceOperation,40,945.0
2580480,1,ShardedToInterleavedDeviceOperation,40,943.0
3222528,1,ShardedToInterleavedDeviceOperation,40,943.0
3144704,1,ReshardDeviceOperation,8,942.0
3161088,1,InterleavedToShardedDeviceOperation,32,938.0
3254272,1,ShardedToInterleavedDeviceOperation,63,934.0
2604032,1,ReshardDeviceOperation,8,930.0
2570240,1,ReshardDeviceOperation,8,928.0
3330048,1,InterleavedToShardedDeviceOperation,24,928.0
2637824,1,ReshardDeviceOperation,8,927.0
2755584,1,InterleavedToShardedDeviceOperation,32,927.0
1031168,,ReshardDeviceOperation,8,926.0
2181120,,ReshardDeviceOperation,8,926.0
2367488,1,ReshardDeviceOperation,8,926.0
2772992,1,ReshardDeviceOperation,8,926.0
2869248,1,ShardedToInterleavedDeviceOperation,16,926.0
1302528,,ReshardDeviceOperation,8,925.0
1606656,,ReshardDeviceOperation,8,925.0
2079744,,ReshardDeviceOperation,8,925.0
1167360,,ReshardDeviceOperation,8,924.0
2739200,1,ReshardDeviceOperation,8,924.0
2975744,1,ReshardDeviceOperation,8,924.0
1065984,,ReshardDeviceOperation,8,923.0
1674240,,ReshardDeviceOperation,8,923.0
1809408,,ReshardDeviceOperation,8,923.0
2045952,,ReshardDeviceOperation,8,923.0
2806784,1,ReshardDeviceOperation,8,923.0
2840576,1,ReshardDeviceOperation,8,923.0
2874368,1,ReshardDeviceOperation,8,923.0
3009536,1,ReshardDeviceOperation,8,923.0
1268736,,ReshardDeviceOperation,8,922.0
1437696,,ReshardDeviceOperation,8,922.0
1944576,,ReshardDeviceOperation,8,922.0
2113536,,ReshardDeviceOperation,8,922.0
2671616,1,ReshardDeviceOperation,8,922.0
1099776,,ReshardDeviceOperation,8,921.0
2435072,1,ReshardDeviceOperation,8,921.0
2536448,1,ReshardDeviceOperation,8,921.0
3110912,1,ReshardDeviceOperation,8,921.0
3207168,1,ShardedToInterleavedDeviceOperation,16,921.0
1370112,,ReshardDeviceOperation,8,920.0
1403904,,ReshardDeviceOperation,8,920.0
1505280,,ReshardDeviceOperation,8,920.0
1572864,,ReshardDeviceOperation,8,920.0
1640448,,ReshardDeviceOperation,8,920.0
1708032,,ReshardDeviceOperation,8,920.0
1910784,,ReshardDeviceOperation,8,920.0
2468864,1,ReshardDeviceOperation,8,920.0
2502656,1,ReshardDeviceOperation,8,920.0
1133568,,ReshardDeviceOperation,8,919.0
1234944,,ReshardDeviceOperation,8,919.0
1336320,,ReshardDeviceOperation,8,919.0
1471488,,ReshardDeviceOperation,8,919.0
1843200,,ReshardDeviceOperation,8,919.0
2012160,,ReshardDeviceOperation,8,919.0
2214912,,ReshardDeviceOperation,8,919.0
1201152,,ReshardDeviceOperation,8,918.0
1876992,,ReshardDeviceOperation,8,918.0
1741824,,ReshardDeviceOperation,8,917.0
1978368,,ReshardDeviceOperation,8,917.0
2401280,1,ReshardDeviceOperation,8,917.0
3178496,1,ReshardDeviceOperation,8,917.0
3212288,1,ReshardDeviceOperation,8,917.0
970752,,InterleavedToShardedDeviceOperation,64,916.0
1775616,,ReshardDeviceOperation,8,916.0
2147328,,ReshardDeviceOperation,8,916.0
2908160,1,ReshardDeviceOperation,8,916.0
1539072,,ReshardDeviceOperation,8,915.0
2333696,1,ReshardDeviceOperation,8,915.0
3043328,1,ReshardDeviceOperation,8,914.0
3321856,1,ShardedToInterleavedDeviceOperation,56,910.0
2884608,1,ShardedToInterleavedDeviceOperation,40,895.0
2233344,1,ShardedToInterleavedDeviceOperation,1,894.0
3342336,1,ShardedToInterleavedDeviceOperation,8,893.0
2236416,1,CopyDeviceOperation,1,879.0
968704,,CopyDeviceOperation,1,878.0
3296256,1,InterleavedToShardedDeviceOperation,24,875.0
3397632,1,InterleavedToShardedDeviceOperation,16,862.0
3431424,1,InterleavedToShardedDeviceOperation,16,862.0
3423232,1,ShardedToInterleavedDeviceOperation,48,852.0
3308544,1,ShardedToInterleavedDeviceOperation,8,841.0
3188736,1,ShardedToInterleavedDeviceOperation,40,835.0
2238464,1,InterleavedToShardedDeviceOperation,64,829.0
3389440,1,ShardedToInterleavedDeviceOperation,48,828.0
3457024,1,ShardedToInterleavedDeviceOperation,32,787.0
2230272,1,ShardedToInterleavedDeviceOperation,1,747.0
965632,,ShardedToInterleavedDeviceOperation,1,746.0
962560,,ShardedToInterleavedDeviceOperation,1,743.0
982016,,ShardedToInterleavedDeviceOperation,2,706.0
2251776,1,InterleavedToShardedDeviceOperation,4,694.0
984064,,InterleavedToShardedDeviceOperation,4,692.0
2249728,1,ShardedToInterleavedDeviceOperation,2,594.0
3244032,1,BinaryNgDeviceOperation,64,586.0
990208,,ShardedToInterleavedDeviceOperation,4,580.0
2770944,1,BinaryNgDeviceOperation,64,575.0
2804736,1,BinaryNgDeviceOperation,64,568.0
3480576,1,BinaryNgDeviceOperation,32,568.0
3176448,1,BinaryNgDeviceOperation,64,567.0
2812928,1,BinaryNgDeviceOperation,64,566.0
2711552,1,BinaryNgDeviceOperation,64,564.0
2365440,1,BinaryNgDeviceOperation,64,561.0
2508800,1,BinaryNgDeviceOperation,64,561.0
2906112,1,BinaryNgDeviceOperation,64,561.0
3454976,1,BinaryNgDeviceOperation,32,561.0
2635776,1,BinaryNgDeviceOperation,64,560.0
2939904,1,BinaryNgDeviceOperation,64,560.0
3083264,1,BinaryNgDeviceOperation,64,560.0
2643968,1,BinaryNgDeviceOperation,64,558.0
2703360,1,BinaryNgDeviceOperation,64,558.0
2601984,1,BinaryNgDeviceOperation,64,557.0
3210240,1,BinaryNgDeviceOperation,64,556.0
2399232,1,BinaryNgDeviceOperation,64,555.0
3319808,1,BinaryNgDeviceOperation,56,555.0
3345408,1,BinaryNgDeviceOperation,56,555.0
3286016,1,BinaryNgDeviceOperation,56,554.0
2838528,1,BinaryNgDeviceOperation,64,553.0
2973696,1,BinaryNgDeviceOperation,64,553.0
3252224,1,BinaryNgDeviceOperation,63,553.0
2737152,1,BinaryNgDeviceOperation,64,552.0
2872320,1,BinaryNgDeviceOperation,64,552.0
3015680,1,BinaryNgDeviceOperation,64,552.0
2500608,1,BinaryNgDeviceOperation,64,551.0
2745344,1,BinaryNgDeviceOperation,64,551.0
3142656,1,BinaryNgDeviceOperation,64,551.0
3387392,1,BinaryNgDeviceOperation,48,551.0
2331648,1,BinaryNgDeviceOperation,64,550.0
3007488,1,BinaryNgDeviceOperation,64,550.0
2466816,1,BinaryNgDeviceOperation,64,549.0
2669568,1,BinaryNgDeviceOperation,64,549.0
3075072,1,BinaryNgDeviceOperation,64,549.0
3353600,1,BinaryNgDeviceOperation,56,549.0
3412992,1,BinaryNgDeviceOperation,48,549.0
2433024,1,BinaryNgDeviceOperation,64,548.0
2441216,1,BinaryNgDeviceOperation,64,548.0
3108864,1,BinaryNgDeviceOperation,64,548.0
3311616,1,BinaryNgDeviceOperation,56,548.0
3446784,1,BinaryNgDeviceOperation,46,548.0
3488768,1,BinaryNgDeviceOperation,32,548.0
2568192,1,BinaryNgDeviceOperation,64,547.0
2948096,1,BinaryNgDeviceOperation,64,546.0
3277824,1,BinaryNgDeviceOperation,56,546.0
2534400,1,BinaryNgDeviceOperation,64,545.0
3041280,1,BinaryNgDeviceOperation,64,545.0
3379200,1,BinaryNgDeviceOperation,48,545.0
2373632,1,BinaryNgDeviceOperation,64,544.0
2542592,1,BinaryNgDeviceOperation,64,544.0
989184,,ShardedToInterleavedDeviceOperation,4,543.0
2914304,1,BinaryNgDeviceOperation,64,542.0
3117056,1,BinaryNgDeviceOperation,64,542.0
2981888,1,BinaryNgDeviceOperation,64,541.0
2339840,1,BinaryNgDeviceOperation,64,539.0
2880512,1,BinaryNgDeviceOperation,64,539.0
3421184,1,BinaryNgDeviceOperation,48,539.0
2677760,1,BinaryNgDeviceOperation,64,538.0
998400,,ShardedToInterleavedDeviceOperation,4,536.0
3184640,1,BinaryNgDeviceOperation,64,536.0
3218432,1,BinaryNgDeviceOperation,64,536.0
2407424,1,BinaryNgDeviceOperation,64,534.0
3150848,1,BinaryNgDeviceOperation,64,532.0
2306048,1,BinaryNgDeviceOperation,64,531.0
3049472,1,BinaryNgDeviceOperation,64,531.0
2779136,1,BinaryNgDeviceOperation,64,530.0
2257920,1,ShardedToInterleavedDeviceOperation,4,529.0
2475008,1,BinaryNgDeviceOperation,64,529.0
2266112,1,ShardedToInterleavedDeviceOperation,4,528.0
2610176,1,BinaryNgDeviceOperation,64,527.0
2846720,1,BinaryNgDeviceOperation,64,523.0
2256896,1,ShardedToInterleavedDeviceOperation,4,522.0
2576384,1,BinaryNgDeviceOperation,64,521.0
1984512,,BinaryNgDeviceOperation,64,491.0
1705984,,BinaryNgDeviceOperation,64,474.0
2077696,,BinaryNgDeviceOperation,64,473.0
1232896,,BinaryNgDeviceOperation,64,471.0
1579008,,BinaryNgDeviceOperation,64,470.0
1266688,,BinaryNgDeviceOperation,64,463.0
1165312,,BinaryNgDeviceOperation,64,460.0
1173504,,BinaryNgDeviceOperation,64,458.0
1646592,,BinaryNgDeviceOperation,64,458.0
1841152,,BinaryNgDeviceOperation,64,457.0
2043904,,BinaryNgDeviceOperation,64,457.0
1207296,,BinaryNgDeviceOperation,64,455.0
1570816,,BinaryNgDeviceOperation,64,455.0
2111488,,BinaryNgDeviceOperation,64,455.0
1368064,,BinaryNgDeviceOperation,64,454.0
1950720,,BinaryNgDeviceOperation,64,454.0
1038336,,BinaryNgDeviceOperation,64,453.0
1435648,,BinaryNgDeviceOperation,64,453.0
1781760,,BinaryNgDeviceOperation,64,453.0
2212864,,BinaryNgDeviceOperation,64,453.0
1638400,,BinaryNgDeviceOperation,64,450.0
1739776,,BinaryNgDeviceOperation,64,450.0
2119680,,BinaryNgDeviceOperation,64,450.0
1097728,,BinaryNgDeviceOperation,64,449.0
1537024,,BinaryNgDeviceOperation,64,448.0
1672192,,BinaryNgDeviceOperation,64,448.0
1680384,,BinaryNgDeviceOperation,64,448.0
1815552,,BinaryNgDeviceOperation,64,448.0
1342464,,BinaryNgDeviceOperation,64,446.0
2221056,,BinaryNgDeviceOperation,64,446.0
2018304,,BinaryNgDeviceOperation,64,445.0
1139712,,BinaryNgDeviceOperation,64,444.0
1511424,,BinaryNgDeviceOperation,64,443.0
1308672,,BinaryNgDeviceOperation,64,442.0
1807360,,BinaryNgDeviceOperation,64,442.0
1908736,,BinaryNgDeviceOperation,64,442.0
2145280,,BinaryNgDeviceOperation,64,442.0
1105920,,BinaryNgDeviceOperation,64,441.0
1131520,,BinaryNgDeviceOperation,64,441.0
1274880,,BinaryNgDeviceOperation,64,441.0
1545216,,BinaryNgDeviceOperation,64,441.0
1604608,,BinaryNgDeviceOperation,64,441.0
2010112,,BinaryNgDeviceOperation,64,441.0
1334272,,BinaryNgDeviceOperation,64,440.0
1714176,,BinaryNgDeviceOperation,64,440.0
1773568,,BinaryNgDeviceOperation,64,440.0
1874944,,BinaryNgDeviceOperation,64,440.0
1199104,,BinaryNgDeviceOperation,64,439.0
1241088,,BinaryNgDeviceOperation,64,438.0
1443840,,BinaryNgDeviceOperation,64,438.0
1942528,,BinaryNgDeviceOperation,64,438.0
1849344,,BinaryNgDeviceOperation,64,437.0
2187264,,BinaryNgDeviceOperation,64,437.0
1300480,,BinaryNgDeviceOperation,64,435.0
1072128,,BinaryNgDeviceOperation,64,434.0
1469440,,BinaryNgDeviceOperation,64,434.0
1883136,,BinaryNgDeviceOperation,64,434.0
2052096,,BinaryNgDeviceOperation,64,434.0
2179072,,BinaryNgDeviceOperation,64,434.0
1477632,,BinaryNgDeviceOperation,64,431.0
1503232,,BinaryNgDeviceOperation,64,431.0
2085888,,BinaryNgDeviceOperation,64,431.0
1376256,,BinaryNgDeviceOperation,64,430.0
1612800,,BinaryNgDeviceOperation,64,430.0
1976320,,BinaryNgDeviceOperation,64,430.0
1747968,,BinaryNgDeviceOperation,64,429.0
1916928,,BinaryNgDeviceOperation,64,429.0
1401856,,BinaryNgDeviceOperation,64,428.0
2153472,,BinaryNgDeviceOperation,64,428.0
1410048,,BinaryNgDeviceOperation,64,427.0
1063936,,BinaryNgDeviceOperation,64,425.0
