op_id,replay,op_name,cores,duration_ns
1788928,,ArgMaxDeviceOperation,64,2724796.0
3171328,1,ArgMaxDeviceOperation,44,2721495.0
1785856,,MatmulDeviceOperation,64,2235682.0
3168256,1,MatmulDeviceOperation,44,2214441.0
374784,,CopyDeviceOperation,64,367930.0
393216,,CopyDeviceOperation,64,366487.0
269312,,CopyDeviceOperation,64,364329.0
365568,,CopyDeviceOperation,64,362335.0
327680,,CopyDeviceOperation,64,362254.0
352256,,CopyDeviceOperation,64,361966.0
400384,,CopyDeviceOperation,64,361762.0
250880,,CopyDeviceOperation,64,360874.0
244736,,CopyDeviceOperation,64,357247.0
223232,,CopyDeviceOperation,64,356342.0
379904,,CopyDeviceOperation,64,355235.0
280576,,CopyDeviceOperation,64,355228.0
314368,,CopyDeviceOperation,64,354980.0
382976,,CopyDeviceOperation,64,354605.0
256000,,CopyDeviceOperation,64,354503.0
261120,,CopyDeviceOperation,64,354295.0
288768,,CopyDeviceOperation,64,354162.0
348160,,CopyDeviceOperation,64,353742.0
349184,,CopyDeviceOperation,64,353579.0
290816,,CopyDeviceOperation,64,353498.0
259072,,CopyDeviceOperation,64,353417.0
361472,,CopyDeviceOperation,64,352748.0
264192,,CopyDeviceOperation,64,351599.0
291840,,CopyDeviceOperation,64,350782.0
396288,,CopyDeviceOperation,64,350301.0
330752,,CopyDeviceOperation,64,350209.0
399360,,CopyDeviceOperation,64,349990.0
318464,,CopyDeviceOperation,64,349759.0
279552,,CopyDeviceOperation,64,349533.0
405504,,CopyDeviceOperation,64,349488.0
406528,,CopyDeviceOperation,64,349461.0
385024,,CopyDeviceOperation,64,349140.0
322560,,CopyDeviceOperation,64,349071.0
287744,,CopyDeviceOperation,64,348905.0
239616,,CopyDeviceOperation,64,348770.0
306176,,CopyDeviceOperation,64,348752.0
232448,,CopyDeviceOperation,64,348601.0
353280,,CopyDeviceOperation,64,348365.0
376832,,CopyDeviceOperation,64,348279.0
274432,,CopyDeviceOperation,64,347858.0
362496,,CopyDeviceOperation,64,347400.0
332800,,CopyDeviceOperation,64,347301.0
325632,,CopyDeviceOperation,64,347272.0
350208,,CopyDeviceOperation,64,347160.0
303104,,CopyDeviceOperation,64,346856.0
334848,,CopyDeviceOperation,64,346532.0
326656,,CopyDeviceOperation,64,346481.0
247808,,CopyDeviceOperation,64,346325.0
242688,,CopyDeviceOperation,64,346148.0
398336,,CopyDeviceOperation,64,345793.0
240640,,CopyDeviceOperation,64,345684.0
268288,,CopyDeviceOperation,64,345546.0
355328,,CopyDeviceOperation,64,345338.0
225280,,CopyDeviceOperation,64,345125.0
315392,,CopyDeviceOperation,64,345125.0
372736,,CopyDeviceOperation,64,344753.0
245760,,CopyDeviceOperation,64,344582.0
270336,,CopyDeviceOperation,64,344268.0
251904,,CopyDeviceOperation,64,344114.0
231424,,CopyDeviceOperation,64,343888.0
241664,,CopyDeviceOperation,64,343835.0
233472,,CopyDeviceOperation,64,343119.0
305152,,CopyDeviceOperation,64,342616.0
384000,,CopyDeviceOperation,64,342595.0
276480,,CopyDeviceOperation,64,342401.0
273408,,CopyDeviceOperation,64,341774.0
302080,,CopyDeviceOperation,64,340992.0
304128,,CopyDeviceOperation,64,340736.0
248832,,CopyDeviceOperation,64,340400.0
377856,,CopyDeviceOperation,64,340300.0
263168,,CopyDeviceOperation,64,339461.0
229376,,CopyDeviceOperation,64,336809.0
258048,,CopyDeviceOperation,64,336154.0
283648,,CopyDeviceOperation,64,331871.0
301056,,CopyDeviceOperation,64,331662.0
342016,,CopyDeviceOperation,64,330516.0
284672,,CopyDeviceOperation,64,330410.0
390144,,CopyDeviceOperation,64,328974.0
254976,,CopyDeviceOperation,64,328905.0
228352,,CopyDeviceOperation,64,328742.0
387072,,CopyDeviceOperation,64,328299.0
328704,,CopyDeviceOperation,64,327388.0
296960,,CopyDeviceOperation,64,327295.0
345088,,CopyDeviceOperation,64,326948.0
373760,,CopyDeviceOperation,64,326690.0
331776,,CopyDeviceOperation,64,326335.0
394240,,CopyDeviceOperation,64,326026.0
404480,,CopyDeviceOperation,64,325706.0
310272,,CopyDeviceOperation,64,325696.0
308224,,CopyDeviceOperation,64,325473.0
313344,,CopyDeviceOperation,64,325142.0
335872,,CopyDeviceOperation,64,324873.0
358400,,CopyDeviceOperation,64,324471.0
329728,,CopyDeviceOperation,64,324423.0
354304,,CopyDeviceOperation,64,323850.0
281600,,CopyDeviceOperation,64,323629.0
311296,,CopyDeviceOperation,64,322227.0
293888,,CopyDeviceOperation,64,321535.0
236544,,CopyDeviceOperation,64,321534.0
271360,,CopyDeviceOperation,64,320589.0
312320,,CopyDeviceOperation,64,320156.0
282624,,CopyDeviceOperation,64,319657.0
227328,,CopyDeviceOperation,64,318934.0
389120,,CopyDeviceOperation,64,318603.0
277504,,CopyDeviceOperation,64,317898.0
403456,,CopyDeviceOperation,64,316142.0
266240,,CopyDeviceOperation,64,314553.0
278528,,CopyDeviceOperation,64,310759.0
297984,,CopyDeviceOperation,64,238431.0
309248,,CopyDeviceOperation,64,234027.0
371712,,CopyDeviceOperation,64,232784.0
246784,,CopyDeviceOperation,64,232694.0
359424,,CopyDeviceOperation,64,232259.0
351232,,CopyDeviceOperation,64,232033.0
397312,,CopyDeviceOperation,64,231758.0
369664,,CopyDeviceOperation,64,231658.0
317440,,CopyDeviceOperation,64,231411.0
356352,,CopyDeviceOperation,64,231000.0
267264,,CopyDeviceOperation,64,229886.0
235520,,CopyDeviceOperation,64,229800.0
395264,,CopyDeviceOperation,64,229727.0
380928,,CopyDeviceOperation,64,229256.0
299008,,CopyDeviceOperation,64,229250.0
391168,,CopyDeviceOperation,64,228912.0
337920,,CopyDeviceOperation,64,228475.0
401408,,CopyDeviceOperation,64,228422.0
357376,,CopyDeviceOperation,64,228348.0
338944,,CopyDeviceOperation,64,228316.0
339968,,CopyDeviceOperation,64,228114.0
265216,,CopyDeviceOperation,64,228061.0
286720,,CopyDeviceOperation,64,227657.0
366592,,CopyDeviceOperation,64,227621.0
347136,,CopyDeviceOperation,64,227494.0
402432,,CopyDeviceOperation,64,227187.0
289792,,CopyDeviceOperation,64,227036.0
292864,,CopyDeviceOperation,64,226528.0
316416,,CopyDeviceOperation,64,226266.0
285696,,CopyDeviceOperation,64,226246.0
294912,,CopyDeviceOperation,64,226226.0
324608,,CopyDeviceOperation,64,225335.0
320512,,CopyDeviceOperation,64,224656.0
307200,,CopyDeviceOperation,64,224426.0
253952,,CopyDeviceOperation,64,224307.0
333824,,CopyDeviceOperation,64,223015.0
319488,,InterleavedToShardedDeviceOperation,12,205010.0
321536,,InterleavedToShardedDeviceOperation,12,200186.0
346112,,InterleavedToShardedDeviceOperation,12,200121.0
243712,,InterleavedToShardedDeviceOperation,12,200076.0
375808,,InterleavedToShardedDeviceOperation,12,199814.0
224256,,InterleavedToShardedDeviceOperation,12,199696.0
386048,,InterleavedToShardedDeviceOperation,12,199614.0
237568,,InterleavedToShardedDeviceOperation,12,199584.0
388096,,InterleavedToShardedDeviceOperation,12,199503.0
275456,,InterleavedToShardedDeviceOperation,12,199397.0
343040,,InterleavedToShardedDeviceOperation,12,199361.0
238592,,InterleavedToShardedDeviceOperation,12,199283.0
234496,,InterleavedToShardedDeviceOperation,12,199206.0
257024,,InterleavedToShardedDeviceOperation,12,199083.0
260096,,InterleavedToShardedDeviceOperation,12,199022.0
336896,,InterleavedToShardedDeviceOperation,12,198992.0
367616,,InterleavedToShardedDeviceOperation,12,198980.0
363520,,InterleavedToShardedDeviceOperation,12,198916.0
392192,,InterleavedToShardedDeviceOperation,12,198864.0
252928,,InterleavedToShardedDeviceOperation,12,198715.0
295936,,InterleavedToShardedDeviceOperation,12,198570.0
262144,,InterleavedToShardedDeviceOperation,12,198558.0
378880,,InterleavedToShardedDeviceOperation,12,198504.0
272384,,InterleavedToShardedDeviceOperation,12,198438.0
230400,,InterleavedToShardedDeviceOperation,12,198336.0
360448,,InterleavedToShardedDeviceOperation,12,198277.0
226304,,InterleavedToShardedDeviceOperation,12,198267.0
249856,,InterleavedToShardedDeviceOperation,12,198263.0
323584,,InterleavedToShardedDeviceOperation,12,197791.0
370688,,InterleavedToShardedDeviceOperation,12,197747.0
340992,,InterleavedToShardedDeviceOperation,12,197634.0
381952,,InterleavedToShardedDeviceOperation,12,197611.0
368640,,InterleavedToShardedDeviceOperation,12,197305.0
344064,,InterleavedToShardedDeviceOperation,12,197173.0
364544,,InterleavedToShardedDeviceOperation,12,197041.0
300032,,InterleavedToShardedDeviceOperation,12,196434.0
3170304,1,UntilizeDeviceOperation,43,137056.0
1787904,,UntilizeDeviceOperation,63,136557.0
2535424,1,MatmulDeviceOperation,64,121785.0
2277376,1,MatmulDeviceOperation,64,121762.0
1945600,1,MatmulDeviceOperation,64,121736.0
2240512,1,MatmulDeviceOperation,64,121735.0
2424832,1,MatmulDeviceOperation,64,121717.0
2719744,1,MatmulDeviceOperation,64,121553.0
2351104,1,MatmulDeviceOperation,64,121533.0
2793472,1,MatmulDeviceOperation,64,121526.0
2019328,1,MatmulDeviceOperation,64,121523.0
2682880,1,MatmulDeviceOperation,64,121516.0
2756608,1,MatmulDeviceOperation,64,121503.0
2646016,1,MatmulDeviceOperation,64,121462.0
2940928,1,MatmulDeviceOperation,60,121458.0
2830336,1,MatmulDeviceOperation,62,121242.0
1871872,1,MatmulDeviceOperation,64,121149.0
1561600,,MatmulDeviceOperation,64,121059.0
2534400,1,MatmulDeviceOperation,64,120937.0
1870848,1,MatmulDeviceOperation,64,120921.0
2792448,1,MatmulDeviceOperation,64,120899.0
2755584,1,MatmulDeviceOperation,64,120832.0
2464768,1,MatmulDeviceOperation,64,120768.0
2644992,1,MatmulDeviceOperation,64,120736.0
2681856,1,MatmulDeviceOperation,64,120731.0
2718720,1,MatmulDeviceOperation,64,120712.0
2350080,1,MatmulDeviceOperation,64,120643.0
2904064,1,MatmulDeviceOperation,60,120643.0
2018304,1,MatmulDeviceOperation,64,120580.0
2796544,1,MatmulDeviceOperation,64,120560.0
2575360,1,MatmulDeviceOperation,64,120526.0
2169856,1,MatmulDeviceOperation,64,120497.0
1944576,1,MatmulDeviceOperation,64,120476.0
2239488,1,MatmulDeviceOperation,64,120462.0
2276352,1,MatmulDeviceOperation,64,120453.0
861184,,MatmulDeviceOperation,64,120452.0
2391040,1,MatmulDeviceOperation,64,120445.0
2939904,1,MatmulDeviceOperation,60,120419.0
2829312,1,MatmulDeviceOperation,63,120418.0
2501632,1,MatmulDeviceOperation,64,120408.0
2833408,1,MatmulDeviceOperation,60,120392.0
2423808,1,MatmulDeviceOperation,64,120391.0
2055168,1,MatmulDeviceOperation,64,120367.0
2870272,1,MatmulDeviceOperation,60,120358.0
1874944,1,MatmulDeviceOperation,64,120356.0
2206720,1,MatmulDeviceOperation,64,120320.0
2612224,1,MatmulDeviceOperation,64,120274.0
1595392,,MatmulDeviceOperation,64,120262.0
1558528,,MatmulDeviceOperation,64,120252.0
1042432,,MatmulDeviceOperation,64,120240.0
1705984,,MatmulDeviceOperation,64,120237.0
2866176,1,MatmulDeviceOperation,60,120232.0
1337344,,MatmulDeviceOperation,64,120230.0
2903040,1,MatmulDeviceOperation,60,120213.0
1262592,,MatmulDeviceOperation,64,120199.0
489472,,MatmulDeviceOperation,64,120186.0
2722816,1,MatmulDeviceOperation,64,120165.0
893952,,MatmulDeviceOperation,64,120161.0
1631232,,MatmulDeviceOperation,64,120151.0
2538496,1,MatmulDeviceOperation,64,120150.0
1907712,1,MatmulDeviceOperation,64,120147.0
1336320,,MatmulDeviceOperation,64,120140.0
2132992,1,MatmulDeviceOperation,64,120139.0
2317312,1,MatmulDeviceOperation,64,120130.0
1115136,,MatmulDeviceOperation,64,120116.0
1079296,,MatmulDeviceOperation,64,120114.0
1520640,,MatmulDeviceOperation,64,120109.0
1411072,,MatmulDeviceOperation,64,120093.0
1447936,,MatmulDeviceOperation,64,120072.0
1672192,,MatmulDeviceOperation,64,120064.0
1263616,,MatmulDeviceOperation,64,120041.0
2759680,1,MatmulDeviceOperation,64,120030.0
1911808,1,MatmulDeviceOperation,64,120027.0
750592,,MatmulDeviceOperation,64,120015.0
747520,,MatmulDeviceOperation,64,120009.0
821248,,MatmulDeviceOperation,64,120007.0
673792,,MatmulDeviceOperation,64,119988.0
1153024,,MatmulDeviceOperation,64,119980.0
1908736,1,MatmulDeviceOperation,64,119970.0
1373184,,MatmulDeviceOperation,64,119968.0
1340416,,MatmulDeviceOperation,64,119958.0
1632256,,MatmulDeviceOperation,64,119957.0
1948672,1,MatmulDeviceOperation,64,119947.0
968704,,MatmulDeviceOperation,64,119933.0
1189888,,MatmulDeviceOperation,64,119933.0
2059264,1,MatmulDeviceOperation,64,119921.0
820224,,MatmulDeviceOperation,64,119912.0
1524736,,MatmulDeviceOperation,64,119911.0
2649088,1,MatmulDeviceOperation,64,119906.0
2608128,1,MatmulDeviceOperation,64,119903.0
2280448,1,MatmulDeviceOperation,64,119902.0
2944000,1,MatmulDeviceOperation,60,119895.0
1082368,,MatmulDeviceOperation,64,119880.0
1414144,,MatmulDeviceOperation,64,119875.0
2092032,1,MatmulDeviceOperation,64,119875.0
1985536,1,MatmulDeviceOperation,64,119866.0
709632,,MatmulDeviceOperation,64,119863.0
1374208,,MatmulDeviceOperation,64,119851.0
1300480,,MatmulDeviceOperation,64,119841.0
2202624,1,MatmulDeviceOperation,64,119826.0
2313216,1,MatmulDeviceOperation,64,119825.0
934912,,MatmulDeviceOperation,64,119821.0
672768,,MatmulDeviceOperation,64,119818.0
1152000,,MatmulDeviceOperation,64,119816.0
1005568,,MatmulDeviceOperation,64,119815.0
784384,,MatmulDeviceOperation,64,119814.0
1669120,,MatmulDeviceOperation,64,119809.0
967680,,MatmulDeviceOperation,64,119790.0
1778688,,MatmulDeviceOperation,64,119786.0
1303552,,MatmulDeviceOperation,64,119777.0
824320,,MatmulDeviceOperation,64,119763.0
1119232,,MatmulDeviceOperation,64,119751.0
1078272,,MatmulDeviceOperation,64,119745.0
787456,,MatmulDeviceOperation,64,119734.0
1742848,,MatmulDeviceOperation,64,119731.0
1484800,,MatmulDeviceOperation,64,119716.0
1225728,,MatmulDeviceOperation,64,119714.0
1521664,,MatmulDeviceOperation,64,119714.0
1745920,,MatmulDeviceOperation,64,119710.0
2386944,1,MatmulDeviceOperation,64,119706.0
898048,,MatmulDeviceOperation,64,119698.0
1483776,,MatmulDeviceOperation,64,119697.0
599040,,MatmulDeviceOperation,64,119696.0
1594368,,MatmulDeviceOperation,64,119691.0
1557504,,MatmulDeviceOperation,64,119686.0
971776,,MatmulDeviceOperation,64,119682.0
1668096,,MatmulDeviceOperation,64,119677.0
1226752,,MatmulDeviceOperation,64,119674.0
1299456,,MatmulDeviceOperation,64,119656.0
488448,,MatmulDeviceOperation,64,119653.0
930816,,MatmulDeviceOperation,64,119650.0
563200,,MatmulDeviceOperation,64,119646.0
1192960,,MatmulDeviceOperation,64,119637.0
1779712,,MatmulDeviceOperation,64,119636.0
2685952,1,MatmulDeviceOperation,64,119631.0
783360,,MatmulDeviceOperation,64,119623.0
600064,,MatmulDeviceOperation,64,119617.0
1741824,,MatmulDeviceOperation,64,119615.0
525312,,MatmulDeviceOperation,64,119600.0
526336,,MatmulDeviceOperation,64,119600.0
1041408,,MatmulDeviceOperation,64,119599.0
857088,,MatmulDeviceOperation,64,119594.0
858112,,MatmulDeviceOperation,64,119588.0
2096128,1,MatmulDeviceOperation,64,119586.0
1008640,,MatmulDeviceOperation,64,119583.0
562176,,MatmulDeviceOperation,64,119580.0
1410048,,MatmulDeviceOperation,64,119574.0
1004544,,MatmulDeviceOperation,64,119570.0
2571264,1,MatmulDeviceOperation,64,119561.0
1487872,,MatmulDeviceOperation,64,119549.0
1704960,,MatmulDeviceOperation,64,119543.0
1709056,,MatmulDeviceOperation,64,119512.0
1981440,1,MatmulDeviceOperation,64,119512.0
1229824,,MatmulDeviceOperation,64,119510.0
931840,,MatmulDeviceOperation,64,119499.0
1446912,,MatmulDeviceOperation,64,119491.0
635904,,MatmulDeviceOperation,64,119489.0
1598464,,MatmulDeviceOperation,64,119488.0
640000,,MatmulDeviceOperation,64,119485.0
713728,,MatmulDeviceOperation,64,119462.0
1188864,,MatmulDeviceOperation,64,119456.0
636928,,MatmulDeviceOperation,64,119451.0
1116160,,MatmulDeviceOperation,64,119445.0
1045504,,MatmulDeviceOperation,64,119429.0
2243584,1,MatmulDeviceOperation,64,119412.0
2354176,1,MatmulDeviceOperation,64,119377.0
894976,,MatmulDeviceOperation,64,119361.0
2497536,1,MatmulDeviceOperation,64,119356.0
746496,,MatmulDeviceOperation,64,119340.0
676864,,MatmulDeviceOperation,64,119335.0
2427904,1,MatmulDeviceOperation,64,119333.0
710656,,MatmulDeviceOperation,64,119330.0
1635328,,MatmulDeviceOperation,64,119328.0
603136,,MatmulDeviceOperation,64,119321.0
2460672,1,MatmulDeviceOperation,64,119297.0
2022400,1,MatmulDeviceOperation,64,119294.0
1266688,,MatmulDeviceOperation,64,119256.0
566272,,MatmulDeviceOperation,64,119233.0
1156096,,MatmulDeviceOperation,64,119231.0
1782784,,MatmulDeviceOperation,64,119217.0
2165760,1,MatmulDeviceOperation,64,119172.0
2128896,1,MatmulDeviceOperation,64,119149.0
2907136,1,MatmulDeviceOperation,60,119133.0
492544,,MatmulDeviceOperation,64,119102.0
1377280,,MatmulDeviceOperation,64,119050.0
529408,,MatmulDeviceOperation,64,118995.0
1451008,,MatmulDeviceOperation,64,118948.0
2609152,1,MatmulDeviceOperation,64,118884.0
2977792,1,MatmulDeviceOperation,48,118812.0
3161088,1,MatmulDeviceOperation,44,118730.0
2314240,1,MatmulDeviceOperation,64,118637.0
2867200,1,MatmulDeviceOperation,60,118606.0
3162112,1,MatmulDeviceOperation,44,118561.0
2461696,1,MatmulDeviceOperation,64,118532.0
2387968,1,MatmulDeviceOperation,64,118529.0
1982464,1,MatmulDeviceOperation,64,118482.0
2056192,1,MatmulDeviceOperation,64,118474.0
2093056,1,MatmulDeviceOperation,64,118467.0
3124224,1,MatmulDeviceOperation,44,118443.0
3014656,1,MatmulDeviceOperation,48,118434.0
3050496,1,MatmulDeviceOperation,44,118397.0
3087360,1,MatmulDeviceOperation,44,118389.0
2337792,1,SdpaDecodeDeviceOperation,64,118351.0
2572288,1,MatmulDeviceOperation,64,118326.0
2166784,1,MatmulDeviceOperation,64,118305.0
3051520,1,MatmulDeviceOperation,44,118275.0
2203648,1,MatmulDeviceOperation,64,118213.0
2129920,1,MatmulDeviceOperation,64,118203.0
2976768,1,MatmulDeviceOperation,48,118198.0
2498560,1,MatmulDeviceOperation,64,118129.0
2300928,1,SdpaDecodeDeviceOperation,64,118120.0
3088384,1,MatmulDeviceOperation,44,118066.0
2964480,1,SdpaDecodeDeviceOperation,48,118041.0
3125248,1,MatmulDeviceOperation,44,118011.0
3013632,1,MatmulDeviceOperation,48,117966.0
2374656,1,SdpaDecodeDeviceOperation,64,117583.0
955392,,SdpaDecodeDeviceOperation,64,117366.0
3017728,1,MatmulDeviceOperation,48,117091.0
2595840,1,SdpaDecodeDeviceOperation,64,117034.0
3128320,1,MatmulDeviceOperation,44,117027.0
1287168,,SdpaDecodeDeviceOperation,64,116814.0
2980864,1,MatmulDeviceOperation,48,116791.0
1324032,,SdpaDecodeDeviceOperation,64,116638.0
3111936,1,SdpaDecodeDeviceOperation,44,116621.0
3054592,1,MatmulDeviceOperation,44,116528.0
3165184,1,MatmulDeviceOperation,44,116503.0
3091456,1,MatmulDeviceOperation,44,116447.0
586752,,SdpaDecodeDeviceOperation,64,116222.0
2669568,1,SdpaDecodeDeviceOperation,64,116000.0
1618944,,SdpaDecodeDeviceOperation,64,115987.0
2227200,1,SdpaDecodeDeviceOperation,64,115926.0
1932288,1,SdpaDecodeDeviceOperation,64,115837.0
2780160,1,SdpaDecodeDeviceOperation,64,115813.0
1029120,,SdpaDecodeDeviceOperation,64,115808.0
2448384,1,SdpaDecodeDeviceOperation,64,115697.0
1397760,,SdpaDecodeDeviceOperation,64,115668.0
807936,,SdpaDecodeDeviceOperation,64,115601.0
2116608,1,SdpaDecodeDeviceOperation,64,115561.0
2817024,1,SdpaDecodeDeviceOperation,63,115547.0
1065984,,SdpaDecodeDeviceOperation,64,115523.0
2632704,1,SdpaDecodeDeviceOperation,64,115441.0
1895424,1,SdpaDecodeDeviceOperation,64,115384.0
2485248,1,SdpaDecodeDeviceOperation,64,115341.0
1729536,,SdpaDecodeDeviceOperation,64,115239.0
2890752,1,SdpaDecodeDeviceOperation,60,115239.0
1508352,,SdpaDecodeDeviceOperation,64,115233.0
1969152,1,SdpaDecodeDeviceOperation,64,115119.0
734208,,SdpaDecodeDeviceOperation,64,115086.0
2743296,1,SdpaDecodeDeviceOperation,64,115014.0
918528,,SdpaDecodeDeviceOperation,64,114809.0
2153472,1,SdpaDecodeDeviceOperation,64,114801.0
2190336,1,SdpaDecodeDeviceOperation,64,114692.0
2522112,1,SdpaDecodeDeviceOperation,64,114681.0
1176576,,SdpaDecodeDeviceOperation,64,114672.0
3038208,1,SdpaDecodeDeviceOperation,48,114639.0
660480,,SdpaDecodeDeviceOperation,64,114626.0
2558976,1,SdpaDecodeDeviceOperation,64,114589.0
844800,,SdpaDecodeDeviceOperation,64,114586.0
2853888,1,SdpaDecodeDeviceOperation,60,114411.0
3148800,1,SdpaDecodeDeviceOperation,44,114258.0
2706432,1,SdpaDecodeDeviceOperation,64,114198.0
1250304,,SdpaDecodeDeviceOperation,64,114190.0
881664,,SdpaDecodeDeviceOperation,64,114098.0
3001344,1,SdpaDecodeDeviceOperation,48,114073.0
1434624,,SdpaDecodeDeviceOperation,64,113956.0
1102848,,SdpaDecodeDeviceOperation,64,113847.0
549888,,SdpaDecodeDeviceOperation,64,113831.0
1139712,,SdpaDecodeDeviceOperation,64,113802.0
3075072,1,SdpaDecodeDeviceOperation,44,113794.0
1213440,,SdpaDecodeDeviceOperation,64,113704.0
992256,,SdpaDecodeDeviceOperation,64,113655.0
3252224,,UntilizeDeviceOperation,64,113643.0
2006016,1,SdpaDecodeDeviceOperation,64,113617.0
2264064,1,SdpaDecodeDeviceOperation,64,113586.0
1471488,,SdpaDecodeDeviceOperation,64,113503.0
2927616,1,SdpaDecodeDeviceOperation,60,113405.0
1852416,1,SdpaDecodeDeviceOperation,64,113376.0
1545216,,SdpaDecodeDeviceOperation,64,113360.0
3211264,,UntilizeDeviceOperation,64,113315.0
1692672,,SdpaDecodeDeviceOperation,64,113301.0
697344,,SdpaDecodeDeviceOperation,64,113096.0
2042880,1,SdpaDecodeDeviceOperation,64,113033.0
771072,,SdpaDecodeDeviceOperation,64,113028.0
513024,,SdpaDecodeDeviceOperation,64,113018.0
623616,,SdpaDecodeDeviceOperation,64,113018.0
1766400,,SdpaDecodeDeviceOperation,64,112914.0
3227648,,UntilizeDeviceOperation,64,112837.0
470016,,SdpaDecodeDeviceOperation,64,112731.0
1360896,,SdpaDecodeDeviceOperation,64,112528.0
1655808,,SdpaDecodeDeviceOperation,64,112281.0
2079744,1,SdpaDecodeDeviceOperation,64,112214.0
3253248,,UntilizeDeviceOperation,64,112205.0
2411520,1,SdpaDecodeDeviceOperation,64,112025.0
1582080,,SdpaDecodeDeviceOperation,64,111912.0
3231744,,UntilizeDeviceOperation,64,111717.0
3246080,,UntilizeDeviceOperation,64,111565.0
3238912,,UntilizeDeviceOperation,64,111315.0
3235840,,UntilizeDeviceOperation,64,111153.0
3219456,,UntilizeDeviceOperation,64,110968.0
3244032,,UntilizeDeviceOperation,64,110950.0
3259392,,UntilizeDeviceOperation,64,110789.0
3221504,,UntilizeDeviceOperation,64,110687.0
3277824,,UntilizeDeviceOperation,64,110609.0
3267584,,UntilizeDeviceOperation,64,110476.0
3228672,,UntilizeDeviceOperation,64,110036.0
3276800,,UntilizeDeviceOperation,64,110024.0
3225600,,UntilizeDeviceOperation,64,110009.0
3274752,,UntilizeDeviceOperation,64,109951.0
3234816,,UntilizeDeviceOperation,64,109909.0
3262464,,UntilizeDeviceOperation,64,109890.0
3260416,,UntilizeDeviceOperation,64,109757.0
3245056,,UntilizeDeviceOperation,64,109745.0
3273728,,UntilizeDeviceOperation,64,109716.0
3212288,,UntilizeDeviceOperation,64,109552.0
3243008,,UntilizeDeviceOperation,64,109531.0
3226624,,UntilizeDeviceOperation,64,109136.0
3229696,,UntilizeDeviceOperation,64,108893.0
3218432,,UntilizeDeviceOperation,64,108877.0
3258368,,UntilizeDeviceOperation,64,108845.0
3224576,,UntilizeDeviceOperation,64,108774.0
3237888,,UntilizeDeviceOperation,64,108544.0
3256320,,UntilizeDeviceOperation,64,108535.0
3241984,,UntilizeDeviceOperation,64,108503.0
3215360,,UntilizeDeviceOperation,64,108454.0
3268608,,UntilizeDeviceOperation,64,108388.0
3214336,,UntilizeDeviceOperation,64,108366.0
3275776,,UntilizeDeviceOperation,64,108344.0
3236864,,UntilizeDeviceOperation,64,108167.0
3222528,,UntilizeDeviceOperation,64,108086.0
3265536,,UntilizeDeviceOperation,64,108029.0
3249152,,UntilizeDeviceOperation,64,108027.0
3271680,,UntilizeDeviceOperation,64,108014.0
3270656,,UntilizeDeviceOperation,64,107929.0
3254272,,UntilizeDeviceOperation,64,107855.0
3220480,,UntilizeDeviceOperation,64,107648.0
3278848,,UntilizeDeviceOperation,64,107643.0
3261440,,UntilizeDeviceOperation,64,107491.0
3210240,,UntilizeDeviceOperation,64,107398.0
3230720,,UntilizeDeviceOperation,64,107391.0
3280896,,UntilizeDeviceOperation,64,107059.0
3269632,,UntilizeDeviceOperation,64,107014.0
3282944,,UntilizeDeviceOperation,64,106978.0
3240960,,UntilizeDeviceOperation,64,106961.0
3272704,,UntilizeDeviceOperation,64,106916.0
3251200,,UntilizeDeviceOperation,64,106814.0
3281920,,UntilizeDeviceOperation,64,106744.0
3239936,,UntilizeDeviceOperation,64,106730.0
3213312,,UntilizeDeviceOperation,64,106682.0
3250176,,UntilizeDeviceOperation,64,106573.0
3233792,,UntilizeDeviceOperation,64,106561.0
3217408,,UntilizeDeviceOperation,64,106552.0
3247104,,UntilizeDeviceOperation,64,106263.0
3255296,,UntilizeDeviceOperation,64,106154.0
3279872,,UntilizeDeviceOperation,64,106126.0
3266560,,UntilizeDeviceOperation,64,106072.0
3248128,,UntilizeDeviceOperation,64,105921.0
3216384,,UntilizeDeviceOperation,64,105819.0
3264512,,UntilizeDeviceOperation,64,105648.0
3232768,,UntilizeDeviceOperation,64,105628.0
3223552,,UntilizeDeviceOperation,64,105086.0
3257344,,UntilizeDeviceOperation,64,104931.0
3263488,,UntilizeDeviceOperation,64,104613.0
10240,,TilizeDeviceOperation,64,99236.0
206848,,TilizeDeviceOperation,64,98224.0
59392,,TilizeDeviceOperation,64,97969.0
81920,,TilizeDeviceOperation,64,97569.0
169984,,TilizeDeviceOperation,64,97519.0
176128,,TilizeDeviceOperation,64,97438.0
8192,,TilizeDeviceOperation,64,97331.0
204800,,TilizeDeviceOperation,64,97205.0
131072,,TilizeDeviceOperation,64,97117.0
139264,,TilizeDeviceOperation,64,97080.0
14336,,TilizeDeviceOperation,64,96954.0
63488,,TilizeDeviceOperation,64,96942.0
102400,,TilizeDeviceOperation,64,96930.0
40960,,TilizeDeviceOperation,64,96859.0
210944,,TilizeDeviceOperation,64,96799.0
77824,,TilizeDeviceOperation,64,96684.0
51200,,TilizeDeviceOperation,64,96681.0
20480,,TilizeDeviceOperation,64,96511.0
32768,,TilizeDeviceOperation,64,96492.0
88064,,TilizeDeviceOperation,64,96490.0
57344,,TilizeDeviceOperation,64,96421.0
149504,,TilizeDeviceOperation,64,96384.0
83968,,TilizeDeviceOperation,64,96301.0
106496,,TilizeDeviceOperation,64,96274.0
200704,,TilizeDeviceOperation,64,96257.0
4096,,TilizeDeviceOperation,64,96239.0
180224,,TilizeDeviceOperation,64,96234.0
53248,,TilizeDeviceOperation,64,96162.0
151552,,TilizeDeviceOperation,64,96136.0
2048,,TilizeDeviceOperation,64,96102.0
108544,,TilizeDeviceOperation,64,96032.0
118784,,TilizeDeviceOperation,64,96031.0
137216,,TilizeDeviceOperation,64,95954.0
157696,,TilizeDeviceOperation,64,95954.0
155648,,TilizeDeviceOperation,64,95890.0
133120,,TilizeDeviceOperation,64,95888.0
28672,,TilizeDeviceOperation,64,95827.0
217088,,TilizeDeviceOperation,64,95725.0
45056,,TilizeDeviceOperation,64,95718.0
198656,,TilizeDeviceOperation,64,95710.0
120832,,TilizeDeviceOperation,64,95673.0
161792,,TilizeDeviceOperation,64,95648.0
163840,,TilizeDeviceOperation,64,95506.0
47104,,TilizeDeviceOperation,64,95459.0
26624,,TilizeDeviceOperation,64,95363.0
114688,,TilizeDeviceOperation,64,95350.0
186368,,TilizeDeviceOperation,64,95338.0
182272,,TilizeDeviceOperation,64,95292.0
65536,,TilizeDeviceOperation,64,95289.0
192512,,TilizeDeviceOperation,64,95271.0
174080,,TilizeDeviceOperation,64,95185.0
16384,,TilizeDeviceOperation,64,95160.0
188416,,TilizeDeviceOperation,64,95088.0
143360,,TilizeDeviceOperation,64,95063.0
212992,,TilizeDeviceOperation,64,94920.0
219136,,TilizeDeviceOperation,64,94882.0
145408,,TilizeDeviceOperation,64,94871.0
94208,,TilizeDeviceOperation,64,94857.0
124928,,TilizeDeviceOperation,64,94789.0
90112,,TilizeDeviceOperation,64,94554.0
38912,,TilizeDeviceOperation,64,94511.0
126976,,TilizeDeviceOperation,64,94510.0
22528,,TilizeDeviceOperation,64,94403.0
112640,,TilizeDeviceOperation,64,94385.0
69632,,TilizeDeviceOperation,64,94243.0
71680,,TilizeDeviceOperation,64,93906.0
75776,,TilizeDeviceOperation,64,93779.0
167936,,TilizeDeviceOperation,64,93743.0
34816,,TilizeDeviceOperation,64,93660.0
96256,,TilizeDeviceOperation,64,93541.0
100352,,TilizeDeviceOperation,64,93479.0
194560,,TilizeDeviceOperation,64,93455.0
2653184,1,MatmulDeviceOperation,64,75861.0
828416,,MatmulDeviceOperation,64,75656.0
2063360,1,MatmulDeviceOperation,64,75590.0
1989632,1,MatmulDeviceOperation,64,75556.0
1915904,1,MatmulDeviceOperation,64,75511.0
1049600,,MatmulDeviceOperation,64,75491.0
2948096,1,MatmulDeviceOperation,60,75488.0
2505728,1,MatmulDeviceOperation,64,75485.0
2800640,1,MatmulDeviceOperation,64,75463.0
2726912,1,MatmulDeviceOperation,64,75452.0
2579456,1,MatmulDeviceOperation,64,75446.0
2284544,1,MatmulDeviceOperation,64,75401.0
2247680,1,MatmulDeviceOperation,64,75399.0
2137088,1,MatmulDeviceOperation,64,75384.0
791552,,MatmulDeviceOperation,64,75345.0
2100224,1,MatmulDeviceOperation,64,75344.0
496640,,MatmulDeviceOperation,64,75331.0
1160192,,MatmulDeviceOperation,64,75321.0
1233920,,MatmulDeviceOperation,64,75307.0
902144,,MatmulDeviceOperation,64,75303.0
2911232,1,MatmulDeviceOperation,60,75295.0
2837504,1,MatmulDeviceOperation,60,75288.0
1879040,1,MatmulDeviceOperation,64,75286.0
2874368,1,MatmulDeviceOperation,60,75243.0
1565696,,MatmulDeviceOperation,64,75213.0
2358272,1,MatmulDeviceOperation,64,75185.0
1197056,,MatmulDeviceOperation,64,75148.0
2173952,1,MatmulDeviceOperation,64,75127.0
975872,,MatmulDeviceOperation,64,75116.0
865280,,MatmulDeviceOperation,64,75101.0
644096,,MatmulDeviceOperation,64,75091.0
1455104,,MatmulDeviceOperation,64,75082.0
1270784,,MatmulDeviceOperation,64,75067.0
1676288,,MatmulDeviceOperation,64,75056.0
2210816,1,MatmulDeviceOperation,64,75047.0
1602560,,MatmulDeviceOperation,64,75037.0
2616320,1,MatmulDeviceOperation,64,75019.0
570368,,MatmulDeviceOperation,64,74991.0
2432000,1,MatmulDeviceOperation,64,74971.0
1344512,,MatmulDeviceOperation,64,74897.0
420864,,MatmulDeviceOperation,64,74896.0
754688,,MatmulDeviceOperation,64,74896.0
717824,,MatmulDeviceOperation,64,74851.0
2026496,1,MatmulDeviceOperation,64,74849.0
533504,,MatmulDeviceOperation,64,74836.0
1639424,,MatmulDeviceOperation,64,74823.0
1803264,1,MatmulDeviceOperation,64,74820.0
2763776,1,MatmulDeviceOperation,64,74792.0
1750016,,MatmulDeviceOperation,64,74787.0
1012736,,MatmulDeviceOperation,64,74776.0
1307648,,MatmulDeviceOperation,64,74768.0
607232,,MatmulDeviceOperation,64,74767.0
680960,,MatmulDeviceOperation,64,74761.0
2321408,1,MatmulDeviceOperation,64,74742.0
2395136,1,MatmulDeviceOperation,64,74733.0
1952768,1,MatmulDeviceOperation,64,74731.0
1491968,,MatmulDeviceOperation,64,74726.0
1528832,,MatmulDeviceOperation,64,74708.0
2690048,1,MatmulDeviceOperation,64,74702.0
2542592,1,MatmulDeviceOperation,64,74695.0
1381376,,MatmulDeviceOperation,64,74631.0
1123328,,MatmulDeviceOperation,64,74624.0
1086464,,MatmulDeviceOperation,64,74593.0
1713152,,MatmulDeviceOperation,64,74567.0
2468864,1,MatmulDeviceOperation,64,74542.0
1418240,,MatmulDeviceOperation,64,74534.0
939008,,MatmulDeviceOperation,64,74368.0
3095552,1,MatmulDeviceOperation,44,73837.0
3132416,1,MatmulDeviceOperation,44,73444.0
2984960,1,MatmulDeviceOperation,48,73360.0
3058688,1,MatmulDeviceOperation,44,73324.0
3021824,1,MatmulDeviceOperation,48,73246.0
3169280,1,ShardedToInterleavedDeviceOperation,44,69685.0
1786880,,ShardedToInterleavedDeviceOperation,64,67880.0
705536,,MatmulDeviceOperation,64,55519.0
1147904,,MatmulDeviceOperation,64,55426.0
1553408,,MatmulDeviceOperation,64,55357.0
558080,,MatmulDeviceOperation,64,55337.0
2161664,1,MatmulDeviceOperation,64,55191.0
779264,,MatmulDeviceOperation,64,55153.0
1866752,1,MatmulDeviceOperation,64,55018.0
1295360,,MatmulDeviceOperation,64,54847.0
2124800,1,MatmulDeviceOperation,64,54839.0
2309120,1,MatmulDeviceOperation,64,54822.0
742400,,MatmulDeviceOperation,64,54801.0
2898944,1,MatmulDeviceOperation,60,54798.0
852992,,MatmulDeviceOperation,64,54768.0
2382848,1,MatmulDeviceOperation,64,54768.0
2087936,1,MatmulDeviceOperation,64,54760.0
2677760,1,MatmulDeviceOperation,64,54728.0
1903616,1,MatmulDeviceOperation,64,54688.0
2825216,1,MatmulDeviceOperation,63,54664.0
1369088,,MatmulDeviceOperation,64,54647.0
2235392,1,MatmulDeviceOperation,64,54640.0
1074176,,MatmulDeviceOperation,64,54627.0
2345984,1,MatmulDeviceOperation,64,54602.0
1737728,,MatmulDeviceOperation,64,54566.0
2198528,1,MatmulDeviceOperation,64,54520.0
2935808,1,MatmulDeviceOperation,60,54516.0
2862080,1,MatmulDeviceOperation,60,54513.0
484352,,MatmulDeviceOperation,64,54512.0
2788352,1,MatmulDeviceOperation,64,54508.0
1111040,,MatmulDeviceOperation,64,54502.0
2530304,1,MatmulDeviceOperation,64,54406.0
1977344,1,MatmulDeviceOperation,64,54382.0
1184768,,MatmulDeviceOperation,64,54344.0
2604032,1,MatmulDeviceOperation,64,54340.0
1442816,,MatmulDeviceOperation,64,54336.0
2456576,1,MatmulDeviceOperation,64,54308.0
1332224,,MatmulDeviceOperation,64,54293.0
668672,,MatmulDeviceOperation,64,54266.0
2751488,1,MatmulDeviceOperation,64,54253.0
2051072,1,MatmulDeviceOperation,64,54204.0
1940480,1,MatmulDeviceOperation,64,54154.0
1590272,,MatmulDeviceOperation,64,54153.0
1479680,,MatmulDeviceOperation,64,54107.0
1258496,,MatmulDeviceOperation,64,54086.0
2640896,1,MatmulDeviceOperation,64,54074.0
816128,,MatmulDeviceOperation,64,54071.0
1405952,,MatmulDeviceOperation,64,54021.0
1516544,,MatmulDeviceOperation,64,54021.0
631808,,MatmulDeviceOperation,64,54000.0
1627136,,MatmulDeviceOperation,64,53988.0
1664000,,MatmulDeviceOperation,64,53967.0
2567168,1,MatmulDeviceOperation,64,53955.0
2014208,1,MatmulDeviceOperation,64,53949.0
2419712,1,MatmulDeviceOperation,64,53895.0
889856,,MatmulDeviceOperation,64,53892.0
521216,,MatmulDeviceOperation,64,53870.0
2493440,1,MatmulDeviceOperation,64,53857.0
1700864,,MatmulDeviceOperation,64,53846.0
1000448,,MatmulDeviceOperation,64,53818.0
963584,,MatmulDeviceOperation,64,53815.0
1037312,,MatmulDeviceOperation,64,53792.0
1221632,,MatmulDeviceOperation,64,53770.0
2272256,1,MatmulDeviceOperation,64,53712.0
594944,,MatmulDeviceOperation,64,53650.0
926720,,MatmulDeviceOperation,64,53546.0
1774592,,MatmulDeviceOperation,64,53528.0
2714624,1,MatmulDeviceOperation,64,53447.0
3083264,1,MatmulDeviceOperation,44,51684.0
3009536,1,MatmulDeviceOperation,48,51325.0
3156992,1,MatmulDeviceOperation,44,51272.0
3120128,1,MatmulDeviceOperation,44,51213.0
2972672,1,MatmulDeviceOperation,48,51166.0
3046400,1,MatmulDeviceOperation,44,51098.0
764928,,PagedUpdateCacheDeviceOperation,32,29377.0
2073600,1,PagedUpdateCacheDeviceOperation,32,28128.0
1052672,,PagedUpdateCacheDeviceOperation,32,28111.0
1575936,,PagedUpdateCacheDeviceOperation,32,28007.0
1281024,,PagedUpdateCacheDeviceOperation,32,27861.0
978944,,PagedUpdateCacheDeviceOperation,32,27725.0
506880,,PagedUpdateCacheDeviceOperation,32,27604.0
794624,,PagedUpdateCacheDeviceOperation,32,27548.0
3098624,1,PagedUpdateCacheDeviceOperation,12,27461.0
1059840,,PagedUpdateCacheDeviceOperation,32,27407.0
1244160,,PagedUpdateCacheDeviceOperation,32,27404.0
1716224,,PagedUpdateCacheDeviceOperation,32,27372.0
1649664,,PagedUpdateCacheDeviceOperation,32,27340.0
2988032,1,PagedUpdateCacheDeviceOperation,16,27292.0
2110464,1,PagedUpdateCacheDeviceOperation,32,27255.0
905216,,PagedUpdateCacheDeviceOperation,32,27228.0
446464,,PagedUpdateCacheDeviceOperation,32,27207.0
1163264,,PagedUpdateCacheDeviceOperation,32,27201.0
684032,,PagedUpdateCacheDeviceOperation,32,27179.0
1096704,,PagedUpdateCacheDeviceOperation,32,27134.0
1421312,,PagedUpdateCacheDeviceOperation,32,27092.0
720896,,PagedUpdateCacheDeviceOperation,32,27050.0
1391616,,PagedUpdateCacheDeviceOperation,32,27010.0
1133568,,PagedUpdateCacheDeviceOperation,32,26999.0
1200128,,PagedUpdateCacheDeviceOperation,32,26936.0
1935360,1,TernaryDeviceOperation,64,26877.0
1605632,,PagedUpdateCacheDeviceOperation,32,26782.0
2700288,1,PagedUpdateCacheDeviceOperation,32,26774.0
1236992,,PagedUpdateCacheDeviceOperation,32,26772.0
1760256,,PagedUpdateCacheDeviceOperation,32,26728.0
1207296,,PagedUpdateCacheDeviceOperation,32,26724.0
424960,,PagedUpdateCacheDeviceOperation,32,26719.0
986112,,PagedUpdateCacheDeviceOperation,32,26704.0
1400832,,TernaryDeviceOperation,64,26622.0
1695744,,TernaryDeviceOperation,64,26617.0
728064,,PagedUpdateCacheDeviceOperation,32,26612.0
1568768,,PagedUpdateCacheDeviceOperation,32,26605.0
700416,,TernaryDeviceOperation,64,26571.0
610304,,PagedUpdateCacheDeviceOperation,32,26561.0
1384448,,PagedUpdateCacheDeviceOperation,32,26547.0
1022976,,PagedUpdateCacheDeviceOperation,32,26538.0
617472,,PagedUpdateCacheDeviceOperation,32,26508.0
1548288,,TernaryDeviceOperation,64,26506.0
479232,,TernaryDeviceOperation,64,26497.0
1142784,,TernaryDeviceOperation,64,26476.0
1474560,,TernaryDeviceOperation,64,26475.0
1511424,,TernaryDeviceOperation,64,26462.0
1769472,,TernaryDeviceOperation,64,26456.0
1732608,,TernaryDeviceOperation,64,26433.0
811008,,TernaryDeviceOperation,64,26414.0
875520,,PagedUpdateCacheDeviceOperation,32,26412.0
1069056,,TernaryDeviceOperation,64,26410.0
580608,,PagedUpdateCacheDeviceOperation,32,26408.0
1290240,,TernaryDeviceOperation,64,26401.0
1327104,,TernaryDeviceOperation,64,26398.0
1642496,,PagedUpdateCacheDeviceOperation,32,26398.0
1658880,,TernaryDeviceOperation,64,26396.0
691200,,PagedUpdateCacheDeviceOperation,32,26381.0
1622016,,TernaryDeviceOperation,64,26381.0
737280,,TernaryDeviceOperation,64,26373.0
516096,,TernaryDeviceOperation,64,26366.0
1105920,,TernaryDeviceOperation,64,26350.0
958464,,TernaryDeviceOperation,64,26342.0
1363968,,TernaryDeviceOperation,64,26342.0
2471936,1,PagedUpdateCacheDeviceOperation,32,26331.0
884736,,TernaryDeviceOperation,64,26329.0
912384,,PagedUpdateCacheDeviceOperation,32,26324.0
1723392,,PagedUpdateCacheDeviceOperation,32,26311.0
774144,,TernaryDeviceOperation,64,26305.0
1179648,,TernaryDeviceOperation,64,26305.0
2405376,1,PagedUpdateCacheDeviceOperation,32,26290.0
801792,,PagedUpdateCacheDeviceOperation,32,26276.0
1437696,,TernaryDeviceOperation,64,26229.0
589824,,TernaryDeviceOperation,64,26222.0
552960,,TernaryDeviceOperation,64,26221.0
1032192,,TernaryDeviceOperation,64,26218.0
831488,,PagedUpdateCacheDeviceOperation,32,26217.0
1428480,,PagedUpdateCacheDeviceOperation,32,26196.0
921600,,TernaryDeviceOperation,64,26187.0
1015808,,PagedUpdateCacheDeviceOperation,32,26177.0
2840576,1,PagedUpdateCacheDeviceOperation,28,26177.0
1502208,,PagedUpdateCacheDeviceOperation,32,26153.0
2729984,1,PagedUpdateCacheDeviceOperation,32,26151.0
626688,,TernaryDeviceOperation,64,26146.0
1253376,,TernaryDeviceOperation,64,26143.0
995328,,TernaryDeviceOperation,64,26136.0
2221056,1,PagedUpdateCacheDeviceOperation,32,26136.0
1216512,,TernaryDeviceOperation,64,26126.0
847872,,TernaryDeviceOperation,64,26109.0
499712,,PagedUpdateCacheDeviceOperation,32,26102.0
1126400,,PagedUpdateCacheDeviceOperation,32,26100.0
1585152,,TernaryDeviceOperation,64,26098.0
573440,,PagedUpdateCacheDeviceOperation,32,26086.0
543744,,PagedUpdateCacheDeviceOperation,32,26081.0
1354752,,PagedUpdateCacheDeviceOperation,32,26072.0
663552,,TernaryDeviceOperation,64,26067.0
2958336,1,PagedUpdateCacheDeviceOperation,25,26046.0
2803712,1,PagedUpdateCacheDeviceOperation,32,26044.0
1089536,,PagedUpdateCacheDeviceOperation,32,26042.0
2598912,1,TernaryDeviceOperation,64,26018.0
3032064,1,PagedUpdateCacheDeviceOperation,16,26017.0
536576,,PagedUpdateCacheDeviceOperation,32,25998.0
2893824,1,TernaryDeviceOperation,60,25998.0
2766848,1,PagedUpdateCacheDeviceOperation,32,25997.0
868352,,PagedUpdateCacheDeviceOperation,32,25993.0
1882112,1,PagedUpdateCacheDeviceOperation,32,25984.0
1458176,,PagedUpdateCacheDeviceOperation,32,25958.0
654336,,PagedUpdateCacheDeviceOperation,32,25918.0
2177024,1,PagedUpdateCacheDeviceOperation,32,25908.0
942080,,PagedUpdateCacheDeviceOperation,32,25901.0
1963008,1,PagedUpdateCacheDeviceOperation,32,25896.0
2663424,1,PagedUpdateCacheDeviceOperation,32,25891.0
1828864,1,PagedUpdateCacheDeviceOperation,32,25885.0
1926144,1,PagedUpdateCacheDeviceOperation,32,25876.0
1317888,,PagedUpdateCacheDeviceOperation,32,25865.0
838656,,PagedUpdateCacheDeviceOperation,32,25856.0
1495040,,PagedUpdateCacheDeviceOperation,32,25835.0
647168,,PagedUpdateCacheDeviceOperation,32,25819.0
2250752,1,PagedUpdateCacheDeviceOperation,32,25793.0
1686528,,PagedUpdateCacheDeviceOperation,32,25773.0
2147328,1,PagedUpdateCacheDeviceOperation,32,25733.0
2930688,1,TernaryDeviceOperation,60,25723.0
1465344,,PagedUpdateCacheDeviceOperation,32,25720.0
1753088,,PagedUpdateCacheDeviceOperation,32,25704.0
1170432,,PagedUpdateCacheDeviceOperation,32,25701.0
949248,,PagedUpdateCacheDeviceOperation,32,25698.0
757760,,PagedUpdateCacheDeviceOperation,32,25669.0
1539072,,PagedUpdateCacheDeviceOperation,32,25648.0
2552832,1,PagedUpdateCacheDeviceOperation,32,25631.0
2709504,1,TernaryDeviceOperation,64,25619.0
1992704,1,PagedUpdateCacheDeviceOperation,32,25609.0
1310720,,PagedUpdateCacheDeviceOperation,32,25607.0
2479104,1,PagedUpdateCacheDeviceOperation,32,25591.0
2029568,1,PagedUpdateCacheDeviceOperation,32,25532.0
2746368,1,TernaryDeviceOperation,64,25525.0
1612800,,PagedUpdateCacheDeviceOperation,32,25523.0
1918976,1,PagedUpdateCacheDeviceOperation,32,25474.0
2672640,1,TernaryDeviceOperation,64,25454.0
1999872,1,PagedUpdateCacheDeviceOperation,32,25445.0
2545664,1,PagedUpdateCacheDeviceOperation,32,25440.0
1898496,1,TernaryDeviceOperation,64,25416.0
1273856,,PagedUpdateCacheDeviceOperation,32,25414.0
2082816,1,TernaryDeviceOperation,64,25401.0
2066432,1,PagedUpdateCacheDeviceOperation,32,25356.0
2140160,1,PagedUpdateCacheDeviceOperation,32,25319.0
2451456,1,TernaryDeviceOperation,64,25314.0
1799168,1,EmbeddingsDeviceOperation,1,25310.0
1347584,,PagedUpdateCacheDeviceOperation,32,25307.0
2257920,1,PagedUpdateCacheDeviceOperation,32,25291.0
1679360,,PagedUpdateCacheDeviceOperation,32,25288.0
2562048,1,TernaryDeviceOperation,64,25281.0
3151872,1,TernaryDeviceOperation,44,25261.0
1889280,1,PagedUpdateCacheDeviceOperation,32,25248.0
2884608,1,PagedUpdateCacheDeviceOperation,28,25199.0
2045952,1,TernaryDeviceOperation,64,25180.0
2582528,1,PagedUpdateCacheDeviceOperation,32,25172.0
2398208,1,PagedUpdateCacheDeviceOperation,32,25171.0
2294784,1,PagedUpdateCacheDeviceOperation,32,25158.0
2193408,1,TernaryDeviceOperation,64,25148.0
2783232,1,TernaryDeviceOperation,64,25126.0
2213888,1,PagedUpdateCacheDeviceOperation,32,25105.0
2230272,1,TernaryDeviceOperation,64,25104.0
2515968,1,PagedUpdateCacheDeviceOperation,32,25093.0
1861632,1,TernaryDeviceOperation,64,25080.0
2995200,1,PagedUpdateCacheDeviceOperation,16,25066.0
1972224,1,TernaryDeviceOperation,64,25060.0
2737152,1,PagedUpdateCacheDeviceOperation,32,25052.0
3078144,1,TernaryDeviceOperation,44,25049.0
416768,,EmbeddingsDeviceOperation,1,25048.0
2368512,1,PagedUpdateCacheDeviceOperation,32,25037.0
3041280,1,TernaryDeviceOperation,48,25022.0
2156544,1,TernaryDeviceOperation,64,25016.0
2287616,1,PagedUpdateCacheDeviceOperation,32,25013.0
3068928,1,PagedUpdateCacheDeviceOperation,12,25013.0
2267136,1,TernaryDeviceOperation,64,25007.0
2635776,1,TernaryDeviceOperation,64,24995.0
2009088,1,TernaryDeviceOperation,64,24989.0
2119680,1,TernaryDeviceOperation,64,24988.0
3004416,1,TernaryDeviceOperation,48,24985.0
3024896,1,PagedUpdateCacheDeviceOperation,16,24984.0
2340864,1,TernaryDeviceOperation,64,24974.0
1807360,1,PagedUpdateCacheDeviceOperation,32,24956.0
2820096,1,TernaryDeviceOperation,63,24922.0
1832960,1,TernaryDeviceOperation,64,24915.0
2435072,1,PagedUpdateCacheDeviceOperation,32,24910.0
2488320,1,TernaryDeviceOperation,64,24907.0
2377728,1,TernaryDeviceOperation,64,24906.0
2967552,1,TernaryDeviceOperation,48,24905.0
2304000,1,TernaryDeviceOperation,64,24893.0
2184192,1,PagedUpdateCacheDeviceOperation,32,24874.0
2693120,1,PagedUpdateCacheDeviceOperation,32,24867.0
2525184,1,TernaryDeviceOperation,64,24864.0
2414592,1,TernaryDeviceOperation,64,24860.0
3115008,1,TernaryDeviceOperation,44,24798.0
2856960,1,TernaryDeviceOperation,60,24780.0
1531904,,PagedUpdateCacheDeviceOperation,32,24710.0
2847744,1,PagedUpdateCacheDeviceOperation,28,24681.0
2914304,1,PagedUpdateCacheDeviceOperation,28,24676.0
2036736,1,PagedUpdateCacheDeviceOperation,32,24674.0
450560,,TernaryDeviceOperation,64,24656.0
2589696,1,PagedUpdateCacheDeviceOperation,32,24641.0
3142656,1,PagedUpdateCacheDeviceOperation,12,24585.0
1955840,1,PagedUpdateCacheDeviceOperation,32,24582.0
2774016,1,PagedUpdateCacheDeviceOperation,32,24561.0
2656256,1,PagedUpdateCacheDeviceOperation,32,24548.0
2324480,1,PagedUpdateCacheDeviceOperation,32,24541.0
2103296,1,PagedUpdateCacheDeviceOperation,32,24529.0
2619392,1,PagedUpdateCacheDeviceOperation,32,24506.0
2921472,1,PagedUpdateCacheDeviceOperation,28,24445.0
2331648,1,PagedUpdateCacheDeviceOperation,32,24421.0
3061760,1,PagedUpdateCacheDeviceOperation,12,24400.0
2508800,1,PagedUpdateCacheDeviceOperation,32,24282.0
2442240,1,PagedUpdateCacheDeviceOperation,32,24249.0
3105792,1,PagedUpdateCacheDeviceOperation,12,24204.0
2361344,1,PagedUpdateCacheDeviceOperation,32,24200.0
2626560,1,PagedUpdateCacheDeviceOperation,32,24173.0
2810880,1,PagedUpdateCacheDeviceOperation,32,23938.0
3135488,1,PagedUpdateCacheDeviceOperation,12,23924.0
2951168,1,PagedUpdateCacheDeviceOperation,28,23722.0
2877440,1,PagedUpdateCacheDeviceOperation,28,22930.0
2581504,1,NLPCreateQKVHeadsDecodeDeviceOperation,32,20131.0
422912,,NLPCreateQKVHeadsDecodeDeviceOperation,32,19847.0
1420288,,NLPCreateQKVHeadsDecodeDeviceOperation,32,19739.0
498688,,NLPCreateQKVHeadsDecodeDeviceOperation,32,19668.0
572416,,NLPCreateQKVHeadsDecodeDeviceOperation,32,19661.0
867328,,NLPCreateQKVHeadsDecodeDeviceOperation,32,19653.0
719872,,NLPCreateQKVHeadsDecodeDeviceOperation,32,19644.0
1162240,,NLPCreateQKVHeadsDecodeDeviceOperation,32,19642.0
904192,,NLPCreateQKVHeadsDecodeDeviceOperation,32,19641.0
1051648,,NLPCreateQKVHeadsDecodeDeviceOperation,32,19636.0
1641472,,NLPCreateQKVHeadsDecodeDeviceOperation,32,19628.0
977920,,NLPCreateQKVHeadsDecodeDeviceOperation,32,19626.0
1604608,,NLPCreateQKVHeadsDecodeDeviceOperation,32,19623.0
1494016,,NLPCreateQKVHeadsDecodeDeviceOperation,32,19619.0
683008,,NLPCreateQKVHeadsDecodeDeviceOperation,32,19617.0
1752064,,NLPCreateQKVHeadsDecodeDeviceOperation,32,19617.0
1125376,,NLPCreateQKVHeadsDecodeDeviceOperation,32,19611.0
1346560,,NLPCreateQKVHeadsDecodeDeviceOperation,32,19609.0
1014784,,NLPCreateQKVHeadsDecodeDeviceOperation,32,19608.0
1088512,,NLPCreateQKVHeadsDecodeDeviceOperation,32,19608.0
756736,,NLPCreateQKVHeadsDecodeDeviceOperation,32,19607.0
1272832,,NLPCreateQKVHeadsDecodeDeviceOperation,32,19604.0
1567744,,NLPCreateQKVHeadsDecodeDeviceOperation,32,19602.0
1678336,,NLPCreateQKVHeadsDecodeDeviceOperation,32,19601.0
1199104,,NLPCreateQKVHeadsDecodeDeviceOperation,32,19600.0
535552,,NLPCreateQKVHeadsDecodeDeviceOperation,32,19592.0
1457152,,NLPCreateQKVHeadsDecodeDeviceOperation,32,19580.0
609280,,NLPCreateQKVHeadsDecodeDeviceOperation,32,19577.0
830464,,NLPCreateQKVHeadsDecodeDeviceOperation,32,19577.0
941056,,NLPCreateQKVHeadsDecodeDeviceOperation,32,19576.0
1309696,,NLPCreateQKVHeadsDecodeDeviceOperation,32,19574.0
1235968,,NLPCreateQKVHeadsDecodeDeviceOperation,32,19573.0
1715200,,NLPCreateQKVHeadsDecodeDeviceOperation,32,19571.0
646144,,NLPCreateQKVHeadsDecodeDeviceOperation,32,19570.0
793600,,NLPCreateQKVHeadsDecodeDeviceOperation,32,19567.0
1530880,,NLPCreateQKVHeadsDecodeDeviceOperation,32,19556.0
1383424,,NLPCreateQKVHeadsDecodeDeviceOperation,32,19555.0
2434048,1,NLPCreateQKVHeadsDecodeDeviceOperation,32,19498.0
1991680,1,NLPCreateQKVHeadsDecodeDeviceOperation,32,19345.0
2728960,1,NLPCreateQKVHeadsDecodeDeviceOperation,32,19319.0
2286592,1,NLPCreateQKVHeadsDecodeDeviceOperation,32,19264.0
1954816,1,NLPCreateQKVHeadsDecodeDeviceOperation,32,19262.0
2212864,1,NLPCreateQKVHeadsDecodeDeviceOperation,32,19262.0
2102272,1,NLPCreateQKVHeadsDecodeDeviceOperation,32,19246.0
1805312,1,NLPCreateQKVHeadsDecodeDeviceOperation,32,19237.0
2655232,1,NLPCreateQKVHeadsDecodeDeviceOperation,32,19232.0
2360320,1,NLPCreateQKVHeadsDecodeDeviceOperation,32,19218.0
2397184,1,NLPCreateQKVHeadsDecodeDeviceOperation,32,19213.0
2139136,1,NLPCreateQKVHeadsDecodeDeviceOperation,32,19208.0
3023872,1,NLPCreateQKVHeadsDecodeDeviceOperation,16,19208.0
2987008,1,NLPCreateQKVHeadsDecodeDeviceOperation,16,19204.0
2507776,1,NLPCreateQKVHeadsDecodeDeviceOperation,32,19200.0
2876416,1,NLPCreateQKVHeadsDecodeDeviceOperation,28,19200.0
2544640,1,NLPCreateQKVHeadsDecodeDeviceOperation,32,19199.0
2470912,1,NLPCreateQKVHeadsDecodeDeviceOperation,32,19198.0
2950144,1,NLPCreateQKVHeadsDecodeDeviceOperation,28,19198.0
1917952,1,NLPCreateQKVHeadsDecodeDeviceOperation,32,19192.0
2176000,1,NLPCreateQKVHeadsDecodeDeviceOperation,32,19192.0
2323456,1,NLPCreateQKVHeadsDecodeDeviceOperation,32,19192.0
2618368,1,NLPCreateQKVHeadsDecodeDeviceOperation,32,19192.0
2765824,1,NLPCreateQKVHeadsDecodeDeviceOperation,32,19191.0
2065408,1,NLPCreateQKVHeadsDecodeDeviceOperation,32,19184.0
1881088,1,NLPCreateQKVHeadsDecodeDeviceOperation,32,19177.0
2802688,1,NLPCreateQKVHeadsDecodeDeviceOperation,32,19173.0
2839552,1,NLPCreateQKVHeadsDecodeDeviceOperation,28,19173.0
2249728,1,NLPCreateQKVHeadsDecodeDeviceOperation,32,19166.0
2692096,1,NLPCreateQKVHeadsDecodeDeviceOperation,32,19155.0
2913280,1,NLPCreateQKVHeadsDecodeDeviceOperation,28,19154.0
3134464,1,NLPCreateQKVHeadsDecodeDeviceOperation,12,19150.0
3097600,1,NLPCreateQKVHeadsDecodeDeviceOperation,12,19133.0
2028544,1,NLPCreateQKVHeadsDecodeDeviceOperation,32,19125.0
3060736,1,NLPCreateQKVHeadsDecodeDeviceOperation,12,19075.0
414720,,ReshapeViewDeviceOperation,64,16422.0
1797120,1,ReshapeViewDeviceOperation,64,16093.0
1946624,1,BinaryNgDeviceOperation,64,14183.0
2868224,1,BinaryNgDeviceOperation,60,14108.0
2978816,1,BinaryNgDeviceOperation,48,14107.0
3052544,1,BinaryNgDeviceOperation,44,14104.0
2757632,1,BinaryNgDeviceOperation,64,14103.0
2499584,1,BinaryNgDeviceOperation,64,14102.0
3015680,1,BinaryNgDeviceOperation,48,14101.0
3163136,1,BinaryNgDeviceOperation,44,14101.0
2388992,1,BinaryNgDeviceOperation,64,14099.0
2057216,1,BinaryNgDeviceOperation,64,14098.0
2130944,1,BinaryNgDeviceOperation,64,14097.0
2094080,1,BinaryNgDeviceOperation,64,14095.0
2315264,1,BinaryNgDeviceOperation,64,14095.0
2941952,1,BinaryNgDeviceOperation,60,14095.0
3089408,1,BinaryNgDeviceOperation,44,14094.0
2425856,1,BinaryNgDeviceOperation,64,14091.0
2610176,1,BinaryNgDeviceOperation,64,14091.0
1983488,1,BinaryNgDeviceOperation,64,14089.0
3126272,1,BinaryNgDeviceOperation,44,14087.0
2204672,1,BinaryNgDeviceOperation,64,14086.0
2573312,1,BinaryNgDeviceOperation,64,14086.0
2462720,1,BinaryNgDeviceOperation,64,14085.0
2167808,1,BinaryNgDeviceOperation,64,14083.0
2536448,1,BinaryNgDeviceOperation,64,14082.0
2905088,1,BinaryNgDeviceOperation,60,14081.0
2020352,1,BinaryNgDeviceOperation,64,14079.0
2278400,1,BinaryNgDeviceOperation,64,14077.0
2241536,1,BinaryNgDeviceOperation,64,14074.0
2647040,1,BinaryNgDeviceOperation,64,14073.0
2831360,1,BinaryNgDeviceOperation,60,14073.0
2683904,1,BinaryNgDeviceOperation,64,14071.0
1909760,1,BinaryNgDeviceOperation,64,14068.0
2720768,1,BinaryNgDeviceOperation,64,14065.0
1872896,1,BinaryNgDeviceOperation,64,14062.0
2352128,1,BinaryNgDeviceOperation,64,14057.0
2794496,1,BinaryNgDeviceOperation,64,14052.0
1006592,,BinaryNgDeviceOperation,64,14022.0
490496,,BinaryNgDeviceOperation,64,14017.0
1227776,,BinaryNgDeviceOperation,64,14016.0
1596416,,BinaryNgDeviceOperation,64,14006.0
1375232,,BinaryNgDeviceOperation,64,13998.0
896000,,BinaryNgDeviceOperation,64,13997.0
1448960,,BinaryNgDeviceOperation,64,13993.0
822272,,BinaryNgDeviceOperation,64,13991.0
1080320,,BinaryNgDeviceOperation,64,13990.0
1412096,,BinaryNgDeviceOperation,64,13988.0
1522688,,BinaryNgDeviceOperation,64,13987.0
637952,,BinaryNgDeviceOperation,64,13985.0
527360,,BinaryNgDeviceOperation,64,13983.0
711680,,BinaryNgDeviceOperation,64,13982.0
748544,,BinaryNgDeviceOperation,64,13982.0
859136,,BinaryNgDeviceOperation,64,13982.0
1190912,,BinaryNgDeviceOperation,64,13982.0
932864,,BinaryNgDeviceOperation,64,13981.0
564224,,BinaryNgDeviceOperation,64,13980.0
1264640,,BinaryNgDeviceOperation,64,13980.0
1485824,,BinaryNgDeviceOperation,64,13979.0
969728,,BinaryNgDeviceOperation,64,13977.0
1043456,,BinaryNgDeviceOperation,64,13977.0
785408,,BinaryNgDeviceOperation,64,13975.0
1670144,,BinaryNgDeviceOperation,64,13975.0
1559552,,BinaryNgDeviceOperation,64,13972.0
1633280,,BinaryNgDeviceOperation,64,13972.0
1301504,,BinaryNgDeviceOperation,64,13970.0
1743872,,BinaryNgDeviceOperation,64,13967.0
1780736,,BinaryNgDeviceOperation,64,13966.0
674816,,BinaryNgDeviceOperation,64,13964.0
601088,,BinaryNgDeviceOperation,64,13961.0
1154048,,BinaryNgDeviceOperation,64,13960.0
1338368,,BinaryNgDeviceOperation,64,13953.0
1707008,,BinaryNgDeviceOperation,64,13953.0
1117184,,BinaryNgDeviceOperation,64,13932.0
1825792,1,RotaryEmbeddingDeviceOperation,32,13700.0
443392,,RotaryEmbeddingDeviceOperation,32,13294.0
460800,,RotaryEmbeddingDeviceOperation,32,13261.0
453632,,TilizeWithValPaddingDeviceOperation,32,13198.0
1836032,1,TilizeWithValPaddingDeviceOperation,32,13190.0
1843200,1,RotaryEmbeddingDeviceOperation,32,12676.0
2070528,1,RotaryEmbeddingDeviceOperation,32,12670.0
1869824,1,LayerNormDeviceOperation,8,12513.0
1027072,,RotaryEmbeddingDeviceOperation,32,12279.0
805888,,RotaryEmbeddingDeviceOperation,32,12262.0
464896,,TilizeDeviceOperation,32,12254.0
761856,,RotaryEmbeddingDeviceOperation,32,12253.0
1757184,,RotaryEmbeddingDeviceOperation,32,12223.0
614400,,RotaryEmbeddingDeviceOperation,32,12206.0
872448,,RotaryEmbeddingDeviceOperation,32,12188.0
1572864,,RotaryEmbeddingDeviceOperation,32,12186.0
1580032,,RotaryEmbeddingDeviceOperation,32,12186.0
688128,,RotaryEmbeddingDeviceOperation,32,12164.0
732160,,RotaryEmbeddingDeviceOperation,32,12146.0
179200,,TilizeWithValPaddingDeviceOperation,1,12145.0
1056768,,RotaryEmbeddingDeviceOperation,32,12136.0
577536,,RotaryEmbeddingDeviceOperation,32,12132.0
1388544,,RotaryEmbeddingDeviceOperation,32,12126.0
95232,,TilizeWithValPaddingDeviceOperation,1,12123.0
168960,,TilizeWithValPaddingDeviceOperation,1,12122.0
503808,,RotaryEmbeddingDeviceOperation,32,12110.0
160768,,TilizeWithValPaddingDeviceOperation,1,12107.0
1653760,,RotaryEmbeddingDeviceOperation,32,12106.0
1321984,,RotaryEmbeddingDeviceOperation,32,12089.0
1211392,,RotaryEmbeddingDeviceOperation,32,12085.0
1019904,,RotaryEmbeddingDeviceOperation,32,12081.0
130048,,TilizeWithValPaddingDeviceOperation,1,12080.0
1536000,,RotaryEmbeddingDeviceOperation,32,12080.0
658432,,RotaryEmbeddingDeviceOperation,32,12079.0
1204224,,RotaryEmbeddingDeviceOperation,32,12066.0
1285120,,RotaryEmbeddingDeviceOperation,32,12063.0
1543168,,RotaryEmbeddingDeviceOperation,32,12060.0
1425408,,RotaryEmbeddingDeviceOperation,32,12044.0
1469440,,RotaryEmbeddingDeviceOperation,32,12041.0
1063936,,RotaryEmbeddingDeviceOperation,32,12039.0
203776,,TilizeWithValPaddingDeviceOperation,1,12038.0
1690624,,RotaryEmbeddingDeviceOperation,32,12032.0
584704,,RotaryEmbeddingDeviceOperation,32,12013.0
487424,,LayerNormDeviceOperation,8,12011.0
1093632,,RotaryEmbeddingDeviceOperation,32,11996.0
1683456,,RotaryEmbeddingDeviceOperation,32,11994.0
101376,,TilizeWithValPaddingDeviceOperation,1,11989.0
1432576,,RotaryEmbeddingDeviceOperation,32,11986.0
1358848,,RotaryEmbeddingDeviceOperation,32,11985.0
148480,,TilizeWithValPaddingDeviceOperation,1,11980.0
74752,,TilizeWithValPaddingDeviceOperation,1,11976.0
1167360,,RotaryEmbeddingDeviceOperation,32,11976.0
222208,,TilizeWithValPaddingDeviceOperation,1,11972.0
27648,,TilizeWithValPaddingDeviceOperation,1,11971.0
99328,,TilizeWithValPaddingDeviceOperation,1,11968.0
62464,,TilizeWithValPaddingDeviceOperation,1,11967.0
111616,,TilizeWithValPaddingDeviceOperation,1,11965.0
1506304,,RotaryEmbeddingDeviceOperation,32,11963.0
1609728,,RotaryEmbeddingDeviceOperation,32,11962.0
769024,,RotaryEmbeddingDeviceOperation,32,11961.0
2642944,1,LayerNormDeviceOperation,40,11960.0
3072,,TilizeWithValPaddingDeviceOperation,1,11959.0
144384,,TilizeWithValPaddingDeviceOperation,1,11958.0
132096,,TilizeWithValPaddingDeviceOperation,1,11957.0
651264,,RotaryEmbeddingDeviceOperation,32,11957.0
156672,,TilizeWithValPaddingDeviceOperation,1,11956.0
990208,,RotaryEmbeddingDeviceOperation,32,11956.0
205824,,TilizeWithValPaddingDeviceOperation,1,11955.0
547840,,RotaryEmbeddingDeviceOperation,32,11952.0
181248,,TilizeWithValPaddingDeviceOperation,1,11950.0
218112,,TilizeWithValPaddingDeviceOperation,1,11950.0
2569216,1,LayerNormDeviceOperation,40,11950.0
105472,,TilizeWithValPaddingDeviceOperation,1,11948.0
7168,,TilizeWithValPaddingDeviceOperation,1,11945.0
46080,,TilizeWithValPaddingDeviceOperation,1,11945.0
185344,,TilizeWithValPaddingDeviceOperation,1,11945.0
25600,,TilizeWithValPaddingDeviceOperation,1,11943.0
123904,,TilizeWithValPaddingDeviceOperation,1,11943.0
209920,,TilizeWithValPaddingDeviceOperation,1,11943.0
76800,,TilizeWithValPaddingDeviceOperation,1,11941.0
37888,,TilizeWithValPaddingDeviceOperation,1,11940.0
119808,,TilizeWithValPaddingDeviceOperation,1,11940.0
138240,,TilizeWithValPaddingDeviceOperation,1,11938.0
193536,,TilizeWithValPaddingDeviceOperation,1,11935.0
50176,,TilizeWithValPaddingDeviceOperation,1,11934.0
21504,,TilizeWithValPaddingDeviceOperation,1,11933.0
1277952,,RotaryEmbeddingDeviceOperation,32,11933.0
58368,,TilizeWithValPaddingDeviceOperation,1,11931.0
125952,,TilizeWithValPaddingDeviceOperation,1,11931.0
33792,,TilizeWithValPaddingDeviceOperation,1,11930.0
175104,,TilizeWithValPaddingDeviceOperation,1,11930.0
31744,,TilizeWithValPaddingDeviceOperation,1,11927.0
82944,,TilizeWithValPaddingDeviceOperation,1,11926.0
2348032,1,LayerNormDeviceOperation,40,11926.0
70656,,TilizeWithValPaddingDeviceOperation,1,11924.0
80896,,TilizeWithValPaddingDeviceOperation,1,11924.0
154624,,TilizeWithValPaddingDeviceOperation,1,11921.0
52224,,TilizeWithValPaddingDeviceOperation,1,11920.0
2237440,1,LayerNormDeviceOperation,40,11919.0
13312,,TilizeWithValPaddingDeviceOperation,1,11918.0
842752,,RotaryEmbeddingDeviceOperation,32,11918.0
173056,,TilizeWithValPaddingDeviceOperation,1,11917.0
197632,,TilizeWithValPaddingDeviceOperation,1,11915.0
150528,,TilizeWithValPaddingDeviceOperation,1,11913.0
199680,,TilizeWithValPaddingDeviceOperation,1,11913.0
9216,,TilizeWithValPaddingDeviceOperation,1,11912.0
56320,,TilizeWithValPaddingDeviceOperation,1,11912.0
87040,,TilizeWithValPaddingDeviceOperation,1,11912.0
211968,,TilizeWithValPaddingDeviceOperation,1,11912.0
136192,,TilizeWithValPaddingDeviceOperation,1,11911.0
162816,,TilizeWithValPaddingDeviceOperation,1,11911.0
1241088,,RotaryEmbeddingDeviceOperation,32,11911.0
107520,,TilizeWithValPaddingDeviceOperation,1,11905.0
1130496,,RotaryEmbeddingDeviceOperation,32,11904.0
1499136,,RotaryEmbeddingDeviceOperation,32,11903.0
909312,,RotaryEmbeddingDeviceOperation,32,11896.0
113664,,TilizeWithValPaddingDeviceOperation,1,11894.0
2274304,1,LayerNormDeviceOperation,40,11885.0
621568,,RotaryEmbeddingDeviceOperation,32,11884.0
2135040,1,LayerNormDeviceOperation,40,11881.0
1950720,1,LayerNormDeviceOperation,40,11880.0
1314816,,RotaryEmbeddingDeviceOperation,32,11878.0
510976,,RotaryEmbeddingDeviceOperation,32,11874.0
1646592,,RotaryEmbeddingDeviceOperation,32,11874.0
3085312,1,LayerNormDeviceOperation,20,11874.0
2495488,1,LayerNormDeviceOperation,40,11868.0
89088,,TilizeWithValPaddingDeviceOperation,1,11867.0
1395712,,RotaryEmbeddingDeviceOperation,32,11864.0
1764352,,RotaryEmbeddingDeviceOperation,32,11863.0
1248256,,RotaryEmbeddingDeviceOperation,32,11858.0
2790400,1,LayerNormDeviceOperation,40,11854.0
39936,,TilizeWithValPaddingDeviceOperation,1,11853.0
216064,,TilizeWithValPaddingDeviceOperation,1,11853.0
2864128,1,LayerNormDeviceOperation,36,11852.0
2384896,1,LayerNormDeviceOperation,40,11850.0
1905664,1,LayerNormDeviceOperation,40,11849.0
2753536,1,LayerNormDeviceOperation,40,11849.0
117760,,TilizeWithValPaddingDeviceOperation,1,11848.0
2900992,1,LayerNormDeviceOperation,36,11847.0
2356224,1,LayerNormDeviceOperation,40,11845.0
15360,,TilizeWithValPaddingDeviceOperation,1,11843.0
1987584,1,LayerNormDeviceOperation,40,11842.0
2937856,1,LayerNormDeviceOperation,36,11842.0
2458624,1,LayerNormDeviceOperation,40,11840.0
2798592,1,LayerNormDeviceOperation,40,11840.0
2053120,1,LayerNormDeviceOperation,40,11839.0
64512,,TilizeWithValPaddingDeviceOperation,1,11838.0
2200576,1,LayerNormDeviceOperation,40,11836.0
2163712,1,LayerNormDeviceOperation,40,11835.0
187392,,TilizeWithValPaddingDeviceOperation,1,11834.0
2429952,1,LayerNormDeviceOperation,40,11834.0
19456,,TilizeWithValPaddingDeviceOperation,1,11833.0
2061312,1,LayerNormDeviceOperation,40,11833.0
2532352,1,LayerNormDeviceOperation,40,11832.0
142336,,TilizeWithValPaddingDeviceOperation,1,11831.0
1942528,1,LayerNormDeviceOperation,40,11831.0
2208768,1,LayerNormDeviceOperation,40,11830.0
93184,,TilizeWithValPaddingDeviceOperation,1,11827.0
166912,,TilizeWithValPaddingDeviceOperation,1,11827.0
983040,,RotaryEmbeddingDeviceOperation,32,11827.0
1876992,1,LayerNormDeviceOperation,40,11827.0
2126848,1,LayerNormDeviceOperation,40,11827.0
2577408,1,LayerNormDeviceOperation,40,11827.0
2827264,1,LayerNormDeviceOperation,39,11827.0
2724864,1,LayerNormDeviceOperation,40,11826.0
2909184,1,LayerNormDeviceOperation,36,11824.0
2016256,1,LayerNormDeviceOperation,40,11823.0
2716672,1,LayerNormDeviceOperation,40,11823.0
68608,,TilizeWithValPaddingDeviceOperation,1,11822.0
916480,,RotaryEmbeddingDeviceOperation,32,11822.0
2098176,1,LayerNormDeviceOperation,40,11822.0
2089984,1,LayerNormDeviceOperation,40,11819.0
2614272,1,LayerNormDeviceOperation,40,11819.0
2679808,1,LayerNormDeviceOperation,40,11818.0
1913856,1,LayerNormDeviceOperation,40,11816.0
2024448,1,LayerNormDeviceOperation,40,11814.0
2466816,1,LayerNormDeviceOperation,40,11813.0
1174528,,RotaryEmbeddingDeviceOperation,32,11809.0
2245632,1,LayerNormDeviceOperation,40,11809.0
191488,,TilizeWithValPaddingDeviceOperation,1,11808.0
2606080,1,LayerNormDeviceOperation,40,11808.0
2311168,1,LayerNormDeviceOperation,40,11807.0
3130368,1,LayerNormDeviceOperation,20,11807.0
835584,,RotaryEmbeddingDeviceOperation,32,11806.0
2282496,1,LayerNormDeviceOperation,40,11803.0
1979392,1,LayerNormDeviceOperation,40,11802.0
2319360,1,LayerNormDeviceOperation,40,11802.0
2872320,1,LayerNormDeviceOperation,36,11800.0
2946048,1,LayerNormDeviceOperation,36,11798.0
2688000,1,LayerNormDeviceOperation,40,11794.0
2503680,1,LayerNormDeviceOperation,40,11793.0
2651136,1,LayerNormDeviceOperation,40,11792.0
2761728,1,LayerNormDeviceOperation,40,11791.0
2835456,1,LayerNormDeviceOperation,36,11784.0
2540544,1,LayerNormDeviceOperation,40,11779.0
540672,,RotaryEmbeddingDeviceOperation,32,11778.0
2421760,1,LayerNormDeviceOperation,40,11774.0
2393088,1,LayerNormDeviceOperation,40,11773.0
3019776,1,LayerNormDeviceOperation,24,11771.0
879616,,RotaryEmbeddingDeviceOperation,32,11765.0
44032,,TilizeWithValPaddingDeviceOperation,1,11762.0
2171904,1,LayerNormDeviceOperation,40,11762.0
1727488,,RotaryEmbeddingDeviceOperation,32,11759.0
1137664,,RotaryEmbeddingDeviceOperation,32,11753.0
1720320,,RotaryEmbeddingDeviceOperation,32,11746.0
3011584,1,LayerNormDeviceOperation,24,11741.0
1351680,,RotaryEmbeddingDeviceOperation,32,11737.0
1616896,,RotaryEmbeddingDeviceOperation,32,11734.0
2974720,1,LayerNormDeviceOperation,24,11733.0
1801216,1,LayerNormDeviceOperation,40,11731.0
2982912,1,LayerNormDeviceOperation,24,11715.0
953344,,RotaryEmbeddingDeviceOperation,32,11694.0
2807808,1,RotaryEmbeddingDeviceOperation,32,11690.0
2621440,1,LayerNormDeviceOperation,32,11661.0
3167232,1,LayerNormDeviceOperation,20,11660.0
3093504,1,LayerNormDeviceOperation,20,11623.0
2328576,1,RotaryEmbeddingDeviceOperation,32,11613.0
946176,,RotaryEmbeddingDeviceOperation,32,11590.0
1100800,,RotaryEmbeddingDeviceOperation,32,11582.0
2881536,1,RotaryEmbeddingDeviceOperation,28,11576.0
1957888,1,LayerNormDeviceOperation,32,11566.0
2844672,1,RotaryEmbeddingDeviceOperation,28,11565.0
2665472,1,LayerNormDeviceOperation,32,11562.0
695296,,RotaryEmbeddingDeviceOperation,32,11548.0
798720,,RotaryEmbeddingDeviceOperation,32,11544.0
3056640,1,LayerNormDeviceOperation,20,11538.0
2038784,1,LayerNormDeviceOperation,32,11528.0
2105344,1,LayerNormDeviceOperation,32,11526.0
2512896,1,RotaryEmbeddingDeviceOperation,32,11514.0
2953216,1,LayerNormDeviceOperation,28,11499.0
2923520,1,LayerNormDeviceOperation,28,11487.0
1994752,1,LayerNormDeviceOperation,32,11483.0
1462272,,RotaryEmbeddingDeviceOperation,32,11480.0
2660352,1,RotaryEmbeddingDeviceOperation,32,11462.0
2254848,1,RotaryEmbeddingDeviceOperation,32,11450.0
2916352,1,LayerNormDeviceOperation,28,11444.0
2215936,1,LayerNormDeviceOperation,32,11435.0
2326528,1,LayerNormDeviceOperation,32,11411.0
2400256,1,LayerNormDeviceOperation,32,11402.0
2697216,1,RotaryEmbeddingDeviceOperation,32,11400.0
1884160,1,LayerNormDeviceOperation,32,11399.0
2918400,1,RotaryEmbeddingDeviceOperation,28,11399.0
2623488,1,RotaryEmbeddingDeviceOperation,32,11398.0
2107392,1,RotaryEmbeddingDeviceOperation,32,11362.0
2289664,1,LayerNormDeviceOperation,32,11361.0
2584576,1,LayerNormDeviceOperation,32,11353.0
2217984,1,RotaryEmbeddingDeviceOperation,32,11351.0
724992,,RotaryEmbeddingDeviceOperation,32,11345.0
2591744,1,LayerNormDeviceOperation,32,11336.0
2695168,1,LayerNormDeviceOperation,32,11334.0
2068480,1,LayerNormDeviceOperation,32,11328.0
1840128,1,LayerNormDeviceOperation,32,11325.0
2001920,1,LayerNormDeviceOperation,32,11313.0
3159040,1,LayerNormDeviceOperation,20,11310.0
2363392,1,LayerNormDeviceOperation,32,11300.0
2407424,1,LayerNormDeviceOperation,32,11285.0
1819648,1,LayerNormDeviceOperation,32,11283.0
2481152,1,LayerNormDeviceOperation,32,11283.0
1965056,1,LayerNormDeviceOperation,32,11276.0
2181120,1,RotaryEmbeddingDeviceOperation,32,11268.0
2296832,1,LayerNormDeviceOperation,32,11260.0
2510848,1,LayerNormDeviceOperation,32,11254.0
2628608,1,LayerNormDeviceOperation,32,11244.0
2365440,1,RotaryEmbeddingDeviceOperation,32,11242.0
1891328,1,LayerNormDeviceOperation,32,11238.0
2144256,1,RotaryEmbeddingDeviceOperation,32,11235.0
2549760,1,RotaryEmbeddingDeviceOperation,32,11235.0
2879488,1,LayerNormDeviceOperation,28,11234.0
3028992,1,RotaryEmbeddingDeviceOperation,16,11211.0
2033664,1,RotaryEmbeddingDeviceOperation,32,11197.0
3122176,1,LayerNormDeviceOperation,20,11182.0
2075648,1,LayerNormDeviceOperation,32,11169.0
2842624,1,LayerNormDeviceOperation,28,11158.0
2223104,1,LayerNormDeviceOperation,32,11155.0
2112512,1,LayerNormDeviceOperation,32,11152.0
2658304,1,LayerNormDeviceOperation,32,11151.0
2402304,1,RotaryEmbeddingDeviceOperation,32,11149.0
2739200,1,LayerNormDeviceOperation,32,11149.0
2554880,1,LayerNormDeviceOperation,32,11145.0
2805760,1,LayerNormDeviceOperation,32,11139.0
1928192,1,LayerNormDeviceOperation,32,11137.0
2333696,1,LayerNormDeviceOperation,32,11113.0
2518016,1,LayerNormDeviceOperation,32,11104.0
2547712,1,LayerNormDeviceOperation,32,11104.0
2473984,1,LayerNormDeviceOperation,32,11103.0
2990080,1,LayerNormDeviceOperation,16,11103.0
2444288,1,LayerNormDeviceOperation,32,11101.0
2142208,1,LayerNormDeviceOperation,32,11094.0
2259968,1,LayerNormDeviceOperation,32,11086.0
2252800,1,LayerNormDeviceOperation,32,11066.0
2446336,1,RotaryEmbeddingDeviceOperation,32,11038.0
1996800,1,RotaryEmbeddingDeviceOperation,32,11033.0
2734080,1,RotaryEmbeddingDeviceOperation,32,11032.0
2437120,1,LayerNormDeviceOperation,32,11031.0
2768896,1,LayerNormDeviceOperation,32,11027.0
2770944,1,RotaryEmbeddingDeviceOperation,32,11019.0
2812928,1,LayerNormDeviceOperation,32,11016.0
2886656,1,LayerNormDeviceOperation,28,11013.0
3107840,1,LayerNormDeviceOperation,16,11013.0
1921024,1,LayerNormDeviceOperation,32,11004.0
2849792,1,LayerNormDeviceOperation,28,10992.0
3070976,1,LayerNormDeviceOperation,16,10988.0
2732032,1,LayerNormDeviceOperation,32,10977.0
1923072,1,RotaryEmbeddingDeviceOperation,32,10970.0
2179072,1,LayerNormDeviceOperation,32,10963.0
3034112,1,LayerNormDeviceOperation,16,10963.0
3100672,1,LayerNormDeviceOperation,16,10959.0
2476032,1,RotaryEmbeddingDeviceOperation,32,10957.0
2997248,1,LayerNormDeviceOperation,16,10956.0
2702336,1,LayerNormDeviceOperation,32,10953.0
2992128,1,RotaryEmbeddingDeviceOperation,16,10952.0
3144704,1,LayerNormDeviceOperation,16,10948.0
3048448,1,LayerNormDeviceOperation,20,10934.0
2776064,1,LayerNormDeviceOperation,32,10930.0
2031616,1,LayerNormDeviceOperation,32,10923.0
3137536,1,LayerNormDeviceOperation,16,10920.0
2149376,1,LayerNormDeviceOperation,32,10907.0
2186240,1,LayerNormDeviceOperation,32,10897.0
3063808,1,LayerNormDeviceOperation,16,10893.0
2370560,1,LayerNormDeviceOperation,32,10889.0
2439168,1,RotaryEmbeddingDeviceOperation,32,10872.0
2960384,1,LayerNormDeviceOperation,16,10846.0
2955264,1,RotaryEmbeddingDeviceOperation,25,10811.0
2586624,1,RotaryEmbeddingDeviceOperation,32,10805.0
2291712,1,RotaryEmbeddingDeviceOperation,32,10803.0
3036160,1,RotaryEmbeddingDeviceOperation,16,10802.0
3026944,1,LayerNormDeviceOperation,16,10799.0
2335744,1,RotaryEmbeddingDeviceOperation,32,10788.0
2151424,1,RotaryEmbeddingDeviceOperation,32,10761.0
3065856,1,RotaryEmbeddingDeviceOperation,12,10758.0
2188288,1,RotaryEmbeddingDeviceOperation,32,10741.0
2925568,1,RotaryEmbeddingDeviceOperation,28,10740.0
2556928,1,RotaryEmbeddingDeviceOperation,32,10717.0
3139584,1,RotaryEmbeddingDeviceOperation,12,10696.0
2888704,1,RotaryEmbeddingDeviceOperation,28,10692.0
2372608,1,RotaryEmbeddingDeviceOperation,32,10610.0
2077696,1,RotaryEmbeddingDeviceOperation,32,10606.0
2114560,1,RotaryEmbeddingDeviceOperation,32,10605.0
2003968,1,RotaryEmbeddingDeviceOperation,32,10552.0
1886208,1,RotaryEmbeddingDeviceOperation,32,10543.0
2040832,1,RotaryEmbeddingDeviceOperation,32,10534.0
1231872,,LayerNormDeviceOperation,40,10530.0
2704384,1,RotaryEmbeddingDeviceOperation,32,10520.0
2778112,1,RotaryEmbeddingDeviceOperation,32,10511.0
2741248,1,RotaryEmbeddingDeviceOperation,32,10510.0
1784832,,LayerNormDeviceOperation,40,10508.0
2851840,1,RotaryEmbeddingDeviceOperation,28,10504.0
900096,,LayerNormDeviceOperation,40,10497.0
715776,,LayerNormDeviceOperation,40,10493.0
826368,,LayerNormDeviceOperation,40,10488.0
1047552,,LayerNormDeviceOperation,40,10483.0
1195008,,LayerNormDeviceOperation,40,10482.0
1637376,,LayerNormDeviceOperation,40,10482.0
707584,,LayerNormDeviceOperation,40,10481.0
494592,,LayerNormDeviceOperation,40,10479.0
863232,,LayerNormDeviceOperation,40,10473.0
744448,,LayerNormDeviceOperation,40,10472.0
1268736,,LayerNormDeviceOperation,40,10469.0
605184,,LayerNormDeviceOperation,40,10468.0
418816,,LayerNormDeviceOperation,40,10466.0
1416192,,LayerNormDeviceOperation,40,10466.0
1260544,,LayerNormDeviceOperation,40,10464.0
1158144,,LayerNormDeviceOperation,40,10463.0
1305600,,LayerNormDeviceOperation,40,10461.0
1379328,,LayerNormDeviceOperation,40,10461.0
1600512,,LayerNormDeviceOperation,40,10459.0
891904,,LayerNormDeviceOperation,40,10457.0
965632,,LayerNormDeviceOperation,40,10457.0
531456,,LayerNormDeviceOperation,40,10454.0
560128,,LayerNormDeviceOperation,40,10454.0
1489920,,LayerNormDeviceOperation,40,10454.0
633856,,LayerNormDeviceOperation,40,10453.0
1481728,,LayerNormDeviceOperation,40,10453.0
789504,,LayerNormDeviceOperation,40,10449.0
678912,,LayerNormDeviceOperation,40,10448.0
1223680,,LayerNormDeviceOperation,40,10447.0
1334272,,LayerNormDeviceOperation,40,10447.0
1563648,,LayerNormDeviceOperation,40,10446.0
1674240,,LayerNormDeviceOperation,40,10446.0
752640,,LayerNormDeviceOperation,40,10445.0
973824,,LayerNormDeviceOperation,40,10445.0
1959936,1,RotaryEmbeddingDeviceOperation,32,10445.0
1084416,,LayerNormDeviceOperation,40,10443.0
1776640,,LayerNormDeviceOperation,40,10443.0
1739776,,LayerNormDeviceOperation,40,10442.0
1371136,,LayerNormDeviceOperation,40,10440.0
1747968,,LayerNormDeviceOperation,40,10440.0
642048,,LayerNormDeviceOperation,40,10438.0
1453056,,LayerNormDeviceOperation,40,10438.0
1526784,,LayerNormDeviceOperation,40,10438.0
1666048,,LayerNormDeviceOperation,40,10437.0
1930240,1,RotaryEmbeddingDeviceOperation,32,10436.0
568320,,LayerNormDeviceOperation,40,10435.0
781312,,LayerNormDeviceOperation,40,10434.0
928768,,LayerNormDeviceOperation,40,10434.0
1076224,,LayerNormDeviceOperation,40,10434.0
1010688,,LayerNormDeviceOperation,40,10431.0
855040,,LayerNormDeviceOperation,40,10429.0
1629184,,LayerNormDeviceOperation,40,10429.0
1408000,,LayerNormDeviceOperation,40,10426.0
1702912,,LayerNormDeviceOperation,40,10426.0
1711104,,LayerNormDeviceOperation,40,10426.0
1967104,1,RotaryEmbeddingDeviceOperation,32,10426.0
670720,,LayerNormDeviceOperation,40,10425.0
1342464,,LayerNormDeviceOperation,40,10425.0
1186816,,LayerNormDeviceOperation,40,10423.0
1121280,,LayerNormDeviceOperation,40,10422.0
1555456,,LayerNormDeviceOperation,40,10421.0
523264,,LayerNormDeviceOperation,40,10418.0
1149952,,LayerNormDeviceOperation,40,10415.0
936960,,LayerNormDeviceOperation,40,10413.0
1039360,,LayerNormDeviceOperation,40,10413.0
1002496,,LayerNormDeviceOperation,40,10410.0
1518592,,LayerNormDeviceOperation,40,10409.0
818176,,LayerNormDeviceOperation,40,10408.0
1444864,,LayerNormDeviceOperation,40,10404.0
1297408,,LayerNormDeviceOperation,40,10395.0
1592320,,LayerNormDeviceOperation,40,10393.0
1113088,,LayerNormDeviceOperation,40,10388.0
2667520,1,RotaryEmbeddingDeviceOperation,32,10385.0
2520064,1,RotaryEmbeddingDeviceOperation,32,10381.0
596992,,LayerNormDeviceOperation,40,10379.0
1893376,1,RotaryEmbeddingDeviceOperation,32,10357.0
2999296,1,RotaryEmbeddingDeviceOperation,16,10351.0
2630656,1,RotaryEmbeddingDeviceOperation,32,10312.0
2483200,1,RotaryEmbeddingDeviceOperation,32,10278.0
2593792,1,RotaryEmbeddingDeviceOperation,32,10227.0
2262016,1,RotaryEmbeddingDeviceOperation,32,10201.0
2962432,1,RotaryEmbeddingDeviceOperation,16,10198.0
2409472,1,RotaryEmbeddingDeviceOperation,32,10195.0
730112,,LayerNormDeviceOperation,32,10166.0
722944,,LayerNormDeviceOperation,32,10160.0
840704,,LayerNormDeviceOperation,32,10158.0
1393664,,LayerNormDeviceOperation,32,10157.0
1762304,,LayerNormDeviceOperation,32,10155.0
1025024,,LayerNormDeviceOperation,32,10150.0
457728,,LayerNormDeviceOperation,32,10147.0
686080,,LayerNormDeviceOperation,32,10147.0
1209344,,LayerNormDeviceOperation,32,10145.0
1614848,,LayerNormDeviceOperation,32,10141.0
1017856,,LayerNormDeviceOperation,32,10139.0
877568,,LayerNormDeviceOperation,32,10138.0
538624,,LayerNormDeviceOperation,32,10137.0
437248,,LayerNormDeviceOperation,32,10133.0
759808,,LayerNormDeviceOperation,32,10133.0
1386496,,LayerNormDeviceOperation,32,10133.0
619520,,LayerNormDeviceOperation,32,10132.0
1533952,,LayerNormDeviceOperation,32,10132.0
914432,,LayerNormDeviceOperation,32,10130.0
1725440,,LayerNormDeviceOperation,32,10130.0
980992,,LayerNormDeviceOperation,32,10129.0
766976,,LayerNormDeviceOperation,32,10126.0
693248,,LayerNormDeviceOperation,32,10125.0
1128448,,LayerNormDeviceOperation,32,10125.0
575488,,LayerNormDeviceOperation,32,10123.0
1681408,,LayerNormDeviceOperation,32,10123.0
1755136,,LayerNormDeviceOperation,32,10122.0
545792,,LayerNormDeviceOperation,32,10119.0
656384,,LayerNormDeviceOperation,32,10119.0
1054720,,LayerNormDeviceOperation,32,10119.0
1460224,,LayerNormDeviceOperation,32,10119.0
582656,,LayerNormDeviceOperation,32,10118.0
796672,,LayerNormDeviceOperation,32,10116.0
1172480,,LayerNormDeviceOperation,32,10115.0
1423360,,LayerNormDeviceOperation,32,10115.0
988160,,LayerNormDeviceOperation,32,10113.0
1356800,,LayerNormDeviceOperation,32,10113.0
1577984,,LayerNormDeviceOperation,32,10112.0
612352,,LayerNormDeviceOperation,32,10111.0
1349632,,LayerNormDeviceOperation,32,10111.0
1644544,,LayerNormDeviceOperation,32,10111.0
2298880,1,RotaryEmbeddingDeviceOperation,32,10111.0
1430528,,LayerNormDeviceOperation,32,10109.0
1246208,,LayerNormDeviceOperation,32,10108.0
944128,,LayerNormDeviceOperation,32,10107.0
501760,,LayerNormDeviceOperation,32,10106.0
1283072,,LayerNormDeviceOperation,32,10105.0
1467392,,LayerNormDeviceOperation,32,10105.0
1607680,,LayerNormDeviceOperation,32,10105.0
1651712,,LayerNormDeviceOperation,32,10105.0
951296,,LayerNormDeviceOperation,32,10104.0
1312768,,LayerNormDeviceOperation,32,10104.0
1091584,,LayerNormDeviceOperation,32,10102.0
1497088,,LayerNormDeviceOperation,32,10102.0
508928,,LayerNormDeviceOperation,32,10101.0
1165312,,LayerNormDeviceOperation,32,10101.0
1319936,,LayerNormDeviceOperation,32,10101.0
1275904,,LayerNormDeviceOperation,32,10097.0
1688576,,LayerNormDeviceOperation,32,10094.0
870400,,LayerNormDeviceOperation,32,10093.0
1061888,,LayerNormDeviceOperation,32,10093.0
649216,,LayerNormDeviceOperation,32,10091.0
833536,,LayerNormDeviceOperation,32,10091.0
1135616,,LayerNormDeviceOperation,32,10090.0
1504256,,LayerNormDeviceOperation,32,10090.0
1541120,,LayerNormDeviceOperation,32,10090.0
803840,,LayerNormDeviceOperation,32,10088.0
907264,,LayerNormDeviceOperation,32,10087.0
1570816,,LayerNormDeviceOperation,32,10084.0
1202176,,LayerNormDeviceOperation,32,10081.0
1239040,,LayerNormDeviceOperation,32,10080.0
1098752,,LayerNormDeviceOperation,32,10078.0
1718272,,LayerNormDeviceOperation,32,10074.0
2814976,1,RotaryEmbeddingDeviceOperation,31,10054.0
2225152,1,RotaryEmbeddingDeviceOperation,32,9840.0
3102720,1,RotaryEmbeddingDeviceOperation,12,9797.0
1855488,1,FillPadDeviceOperation,64,9784.0
3109888,1,RotaryEmbeddingDeviceOperation,12,9768.0
3073024,1,RotaryEmbeddingDeviceOperation,12,9745.0
473088,,FillPadDeviceOperation,64,9481.0
3146752,1,RotaryEmbeddingDeviceOperation,12,9481.0
1847296,1,TilizeDeviceOperation,32,9185.0
475136,,BinaryNgDeviceOperation,64,8915.0
23552,,TilizeWithValPaddingDeviceOperation,40,8465.0
1024,,TilizeWithValPaddingDeviceOperation,40,8431.0
18432,,TilizeWithValPaddingDeviceOperation,40,8383.0
86016,,TilizeWithValPaddingDeviceOperation,40,8379.0
110592,,TilizeWithValPaddingDeviceOperation,40,8376.0
134144,,TilizeWithValPaddingDeviceOperation,40,8368.0
177152,,TilizeWithValPaddingDeviceOperation,40,8366.0
55296,,TilizeWithValPaddingDeviceOperation,40,8348.0
35840,,TilizeWithValPaddingDeviceOperation,40,8343.0
202752,,TilizeWithValPaddingDeviceOperation,40,8327.0
11264,,TilizeWithValPaddingDeviceOperation,40,8312.0
5120,,TilizeWithValPaddingDeviceOperation,40,8309.0
190464,,TilizeWithValPaddingDeviceOperation,40,8300.0
146432,,TilizeWithValPaddingDeviceOperation,40,8284.0
104448,,TilizeWithValPaddingDeviceOperation,40,8265.0
140288,,TilizeWithValPaddingDeviceOperation,40,8258.0
189440,,TilizeWithValPaddingDeviceOperation,40,8241.0
91136,,TilizeWithValPaddingDeviceOperation,40,8240.0
178176,,TilizeWithValPaddingDeviceOperation,40,8230.0
208896,,TilizeWithValPaddingDeviceOperation,40,8227.0
67584,,TilizeWithValPaddingDeviceOperation,40,8222.0
184320,,TilizeWithValPaddingDeviceOperation,40,8218.0
135168,,TilizeWithValPaddingDeviceOperation,40,8210.0
61440,,TilizeWithValPaddingDeviceOperation,40,8197.0
30720,,TilizeWithValPaddingDeviceOperation,40,8194.0
41984,,TilizeWithValPaddingDeviceOperation,40,8194.0
153600,,TilizeWithValPaddingDeviceOperation,40,8193.0
6144,,TilizeWithValPaddingDeviceOperation,40,8191.0
109568,,TilizeWithValPaddingDeviceOperation,40,8187.0
220160,,TilizeWithValPaddingDeviceOperation,40,8169.0
29696,,TilizeWithValPaddingDeviceOperation,40,8159.0
78848,,TilizeWithValPaddingDeviceOperation,40,8158.0
164864,,TilizeWithValPaddingDeviceOperation,40,8158.0
116736,,TilizeWithValPaddingDeviceOperation,40,8157.0
214016,,TilizeWithValPaddingDeviceOperation,40,8157.0
221184,,TilizeWithValPaddingDeviceOperation,40,8156.0
159744,,TilizeWithValPaddingDeviceOperation,40,8151.0
195584,,TilizeWithValPaddingDeviceOperation,40,8145.0
207872,,TilizeWithValPaddingDeviceOperation,40,8143.0
43008,,TilizeWithValPaddingDeviceOperation,40,8135.0
72704,,TilizeWithValPaddingDeviceOperation,40,8127.0
165888,,TilizeWithValPaddingDeviceOperation,40,8126.0
98304,,TilizeWithValPaddingDeviceOperation,40,8112.0
215040,,TilizeWithValPaddingDeviceOperation,40,8105.0
183296,,TilizeWithValPaddingDeviceOperation,40,8104.0
128000,,TilizeWithValPaddingDeviceOperation,40,8100.0
122880,,TilizeWithValPaddingDeviceOperation,40,8099.0
92160,,TilizeWithValPaddingDeviceOperation,40,8097.0
141312,,TilizeWithValPaddingDeviceOperation,40,8095.0
129024,,TilizeWithValPaddingDeviceOperation,40,8094.0
201728,,TilizeWithValPaddingDeviceOperation,40,8087.0
121856,,TilizeWithValPaddingDeviceOperation,40,8080.0
79872,,TilizeWithValPaddingDeviceOperation,40,8069.0
115712,,TilizeWithValPaddingDeviceOperation,40,8057.0
60416,,TilizeWithValPaddingDeviceOperation,40,8053.0
103424,,TilizeWithValPaddingDeviceOperation,40,8050.0
17408,,TilizeWithValPaddingDeviceOperation,40,8049.0
158720,,TilizeWithValPaddingDeviceOperation,40,8045.0
84992,,TilizeWithValPaddingDeviceOperation,40,8040.0
171008,,TilizeWithValPaddingDeviceOperation,40,8034.0
54272,,TilizeWithValPaddingDeviceOperation,40,8032.0
36864,,TilizeWithValPaddingDeviceOperation,40,8026.0
48128,,TilizeWithValPaddingDeviceOperation,40,8022.0
49152,,TilizeWithValPaddingDeviceOperation,40,8021.0
12288,,TilizeWithValPaddingDeviceOperation,40,8019.0
152576,,TilizeWithValPaddingDeviceOperation,40,8000.0
66560,,TilizeWithValPaddingDeviceOperation,40,7969.0
24576,,TilizeWithValPaddingDeviceOperation,40,7941.0
73728,,TilizeWithValPaddingDeviceOperation,40,7941.0
97280,,TilizeWithValPaddingDeviceOperation,40,7921.0
147456,,TilizeWithValPaddingDeviceOperation,40,7921.0
172032,,TilizeWithValPaddingDeviceOperation,40,7835.0
196608,,TilizeWithValPaddingDeviceOperation,40,7829.0
1857536,1,BinaryNgDeviceOperation,64,6998.0
970752,,ReshardDeviceOperation,8,6950.0
2721792,1,ReshardDeviceOperation,8,6928.0
2648064,1,ReshardDeviceOperation,8,6925.0
2795520,1,ReshardDeviceOperation,8,6893.0
1660928,,NLPConcatHeadsDecodeDeviceOperation,32,6891.0
1255424,,NLPConcatHeadsDecodeDeviceOperation,32,6887.0
481280,,NLPConcatHeadsDecodeDeviceOperation,32,6886.0
514048,,TypecastDeviceOperation,64,6842.0
1144832,,NLPConcatHeadsDecodeDeviceOperation,32,6834.0
1218560,,NLPConcatHeadsDecodeDeviceOperation,32,6822.0
1071104,,NLPConcatHeadsDecodeDeviceOperation,32,6821.0
1107968,,NLPConcatHeadsDecodeDeviceOperation,32,6816.0
1329152,,NLPConcatHeadsDecodeDeviceOperation,32,6802.0
1439744,,NLPConcatHeadsDecodeDeviceOperation,32,6802.0
2979840,1,ReshardDeviceOperation,4,6786.0
886784,,NLPConcatHeadsDecodeDeviceOperation,32,6775.0
1697792,,NLPConcatHeadsDecodeDeviceOperation,32,6769.0
923648,,NLPConcatHeadsDecodeDeviceOperation,32,6767.0
1624064,,NLPConcatHeadsDecodeDeviceOperation,32,6767.0
1587200,,NLPConcatHeadsDecodeDeviceOperation,32,6756.0
776192,,NLPConcatHeadsDecodeDeviceOperation,32,6754.0
2058240,1,ReshardDeviceOperation,8,6754.0
2095104,1,ReshardDeviceOperation,8,6742.0
1181696,,NLPConcatHeadsDecodeDeviceOperation,32,6740.0
2758656,1,ReshardDeviceOperation,8,6739.0
1476608,,NLPConcatHeadsDecodeDeviceOperation,32,6738.0
1771520,,NLPConcatHeadsDecodeDeviceOperation,32,6738.0
2021376,1,ReshardDeviceOperation,8,6736.0
1513472,,NLPConcatHeadsDecodeDeviceOperation,32,6733.0
518144,,NLPConcatHeadsDecodeDeviceOperation,32,6731.0
739328,,NLPConcatHeadsDecodeDeviceOperation,32,6730.0
749568,,ReshardDeviceOperation,8,6726.0
2279424,1,ReshardDeviceOperation,8,6724.0
1550336,,NLPConcatHeadsDecodeDeviceOperation,32,6722.0
2158592,1,NLPConcatHeadsDecodeDeviceOperation,32,6720.0
1402880,,NLPConcatHeadsDecodeDeviceOperation,32,6719.0
1793024,1,TilizeWithValPaddingDeviceOperation,1,6717.0
823296,,ReshardDeviceOperation,8,6715.0
1292288,,NLPConcatHeadsDecodeDeviceOperation,32,6715.0
2500608,1,ReshardDeviceOperation,8,6701.0
2818048,1,TypecastDeviceOperation,63,6699.0
1937408,1,NLPConcatHeadsDecodeDeviceOperation,32,6696.0
1634304,,ReshardDeviceOperation,8,6694.0
960512,,NLPConcatHeadsDecodeDeviceOperation,32,6687.0
555008,,NLPConcatHeadsDecodeDeviceOperation,32,6680.0
2353152,1,ReshardDeviceOperation,8,6677.0
1910784,1,ReshardDeviceOperation,8,6675.0
2426880,1,ReshardDeviceOperation,8,6664.0
813056,,NLPConcatHeadsDecodeDeviceOperation,32,6659.0
702464,,NLPConcatHeadsDecodeDeviceOperation,32,6658.0
638976,,ReshardDeviceOperation,8,6657.0
1809408,1,TilizeWithValPaddingDeviceOperation,1,6655.0
897024,,ReshardDeviceOperation,8,6651.0
849920,,NLPConcatHeadsDecodeDeviceOperation,32,6646.0
2537472,1,ReshardDeviceOperation,8,6646.0
591872,,NLPConcatHeadsDecodeDeviceOperation,32,6643.0
665600,,NLPConcatHeadsDecodeDeviceOperation,32,6638.0
1947648,1,ReshardDeviceOperation,8,6637.0
2011136,1,NLPConcatHeadsDecodeDeviceOperation,32,6637.0
628736,,NLPConcatHeadsDecodeDeviceOperation,32,6636.0
3043328,1,NLPConcatHeadsDecodeDeviceOperation,12,6634.0
1486848,,ReshardDeviceOperation,8,6633.0
2242560,1,ReshardDeviceOperation,8,6631.0
1366016,,NLPConcatHeadsDecodeDeviceOperation,32,6630.0
1413120,,ReshardDeviceOperation,8,6630.0
997376,,NLPConcatHeadsDecodeDeviceOperation,32,6629.0
1734656,,NLPConcatHeadsDecodeDeviceOperation,32,6624.0
407552,,TilizeWithValPaddingDeviceOperation,1,6608.0
2168832,1,ReshardDeviceOperation,8,6607.0
1789952,1,TilizeWithValPaddingDeviceOperation,1,6604.0
2205696,1,ReshardDeviceOperation,8,6603.0
2131968,1,ReshardDeviceOperation,8,6596.0
1376256,,ReshardDeviceOperation,8,6590.0
1034240,,NLPConcatHeadsDecodeDeviceOperation,32,6589.0
624640,,TypecastDeviceOperation,64,6586.0
1730560,,TypecastDeviceOperation,64,6560.0
3006464,1,NLPConcatHeadsDecodeDeviceOperation,16,6559.0
2684928,1,ReshardDeviceOperation,8,6554.0
993280,,TypecastDeviceOperation,64,6551.0
2574336,1,ReshardDeviceOperation,8,6543.0
1873920,1,ReshardDeviceOperation,8,6536.0
1302528,,ReshardDeviceOperation,8,6527.0
1523712,,ReshardDeviceOperation,8,6523.0
3117056,1,NLPConcatHeadsDecodeDeviceOperation,12,6515.0
447488,,TilizeWithValPaddingDeviceOperation,1,6510.0
2342912,1,NLPConcatHeadsDecodeDeviceOperation,32,6509.0
860160,,ReshardDeviceOperation,8,6504.0
1155072,,ReshardDeviceOperation,8,6503.0
1984512,1,ReshardDeviceOperation,8,6496.0
1546240,,TypecastDeviceOperation,64,6494.0
1177600,,TypecastDeviceOperation,64,6493.0
2412544,1,TypecastDeviceOperation,64,6491.0
1118208,,ReshardDeviceOperation,8,6481.0
2869248,1,ReshardDeviceOperation,4,6479.0
2942976,1,ReshardDeviceOperation,4,6479.0
2316288,1,ReshardDeviceOperation,8,6476.0
845824,,TypecastDeviceOperation,64,6475.0
410624,,TilizeWithValPaddingDeviceOperation,1,6474.0
2390016,1,ReshardDeviceOperation,8,6474.0
427008,,TilizeWithValPaddingDeviceOperation,1,6470.0
1081344,,ReshardDeviceOperation,8,6465.0
2490368,1,NLPConcatHeadsDecodeDeviceOperation,32,6446.0
1597440,,ReshardDeviceOperation,8,6445.0
1265664,,ReshardDeviceOperation,8,6434.0
1744896,,ReshardDeviceOperation,8,6434.0
2932736,1,NLPConcatHeadsDecodeDeviceOperation,28,6433.0
1829888,1,TilizeWithValPaddingDeviceOperation,1,6407.0
2596864,1,TypecastDeviceOperation,64,6405.0
2832384,1,ReshardDeviceOperation,4,6394.0
1044480,,ReshardDeviceOperation,8,6392.0
3080192,1,NLPConcatHeadsDecodeDeviceOperation,12,6389.0
808960,,TypecastDeviceOperation,64,6387.0
2969600,1,NLPConcatHeadsDecodeDeviceOperation,16,6376.0
712704,,ReshardDeviceOperation,8,6369.0
1339392,,ReshardDeviceOperation,8,6363.0
1671168,,ReshardDeviceOperation,8,6360.0
602112,,ReshardDeviceOperation,8,6359.0
1767424,,TypecastDeviceOperation,64,6358.0
2154496,1,TypecastDeviceOperation,64,6357.0
1781760,,ReshardDeviceOperation,8,6352.0
1228800,,ReshardDeviceOperation,8,6344.0
2906112,1,ReshardDeviceOperation,4,6334.0
1449984,,ReshardDeviceOperation,8,6332.0
1191936,,ReshardDeviceOperation,8,6329.0
1560576,,ReshardDeviceOperation,8,6320.0
675840,,ReshardDeviceOperation,8,6319.0
2637824,1,NLPConcatHeadsDecodeDeviceOperation,32,6315.0
491520,,ReshardDeviceOperation,8,6309.0
1398784,,TypecastDeviceOperation,64,6300.0
2463744,1,ReshardDeviceOperation,8,6299.0
2527232,1,NLPConcatHeadsDecodeDeviceOperation,32,6293.0
1007616,,ReshardDeviceOperation,8,6286.0
2560000,1,TypecastDeviceOperation,64,6278.0
786432,,ReshardDeviceOperation,8,6277.0
2611200,1,ReshardDeviceOperation,8,6271.0
1708032,,ReshardDeviceOperation,8,6270.0
2416640,1,NLPConcatHeadsDecodeDeviceOperation,32,6268.0
565248,,ReshardDeviceOperation,8,6266.0
2564096,1,NLPConcatHeadsDecodeDeviceOperation,32,6255.0
2674688,1,NLPConcatHeadsDecodeDeviceOperation,32,6244.0
1896448,1,TypecastDeviceOperation,64,6235.0
698368,,TypecastDeviceOperation,64,6229.0
1970176,1,TypecastDeviceOperation,64,6223.0
2195456,1,NLPConcatHeadsDecodeDeviceOperation,32,6217.0
1853440,1,TypecastDeviceOperation,64,6199.0
2523136,1,TypecastDeviceOperation,64,6157.0
528384,,ReshardDeviceOperation,8,6135.0
1325056,,TypecastDeviceOperation,64,6109.0
2117632,1,TypecastDeviceOperation,64,6100.0
772096,,TypecastDeviceOperation,64,6098.0
2744320,1,TypecastDeviceOperation,64,6091.0
919552,,TypecastDeviceOperation,64,6089.0
3153920,1,NLPConcatHeadsDecodeDeviceOperation,12,6074.0
735232,,TypecastDeviceOperation,64,6068.0
550912,,TypecastDeviceOperation,64,6067.0
2822144,1,NLPConcatHeadsDecodeDeviceOperation,31,6065.0
462848,,UntilizeWithUnpaddingDeviceOperation,32,6064.0
882688,,TypecastDeviceOperation,64,6059.0
1583104,,TypecastDeviceOperation,64,6054.0
3076096,1,TypecastDeviceOperation,44,6048.0
2928640,1,TypecastDeviceOperation,60,6047.0
1214464,,TypecastDeviceOperation,64,6043.0
2338816,1,TypecastDeviceOperation,64,6037.0
2711552,1,NLPConcatHeadsDecodeDeviceOperation,32,6033.0
1361920,,TypecastDeviceOperation,64,6032.0
2854912,1,TypecastDeviceOperation,60,6006.0
933888,,ReshardDeviceOperation,8,6000.0
1067008,,TypecastDeviceOperation,64,5992.0
2449408,1,TypecastDeviceOperation,64,5991.0
2048000,1,NLPConcatHeadsDecodeDeviceOperation,32,5975.0
471040,,TypecastDeviceOperation,64,5973.0
1619968,,TypecastDeviceOperation,64,5966.0
1933312,1,TypecastDeviceOperation,64,5964.0
1656832,,TypecastDeviceOperation,64,5960.0
2785280,1,NLPConcatHeadsDecodeDeviceOperation,32,5923.0
3039232,1,TypecastDeviceOperation,48,5919.0
2895872,1,NLPConcatHeadsDecodeDeviceOperation,28,5917.0
1693696,,TypecastDeviceOperation,64,5892.0
2191360,1,TypecastDeviceOperation,64,5887.0
661504,,TypecastDeviceOperation,64,5879.0
3149824,1,TypecastDeviceOperation,44,5877.0
1288192,,TypecastDeviceOperation,64,5868.0
1435648,,TypecastDeviceOperation,64,5842.0
2043904,1,TypecastDeviceOperation,64,5834.0
2965504,1,TypecastDeviceOperation,48,5834.0
1030144,,TypecastDeviceOperation,64,5831.0
2379776,1,NLPConcatHeadsDecodeDeviceOperation,32,5824.0
2633728,1,TypecastDeviceOperation,64,5824.0
2600960,1,NLPConcatHeadsDecodeDeviceOperation,32,5812.0
2859008,1,NLPConcatHeadsDecodeDeviceOperation,28,5807.0
1509376,,TypecastDeviceOperation,64,5804.0
1974272,1,NLPConcatHeadsDecodeDeviceOperation,32,5794.0
2007040,1,TypecastDeviceOperation,64,5786.0
2080768,1,TypecastDeviceOperation,64,5785.0
2486272,1,TypecastDeviceOperation,64,5775.0
2748416,1,NLPConcatHeadsDecodeDeviceOperation,32,5767.0
1863680,1,NLPConcatHeadsDecodeDeviceOperation,32,5751.0
2306048,1,NLPConcatHeadsDecodeDeviceOperation,32,5745.0
956416,,TypecastDeviceOperation,64,5738.0
3016704,1,ReshardDeviceOperation,4,5737.0
2781184,1,TypecastDeviceOperation,64,5730.0
3112960,1,TypecastDeviceOperation,44,5729.0
1103872,,TypecastDeviceOperation,64,5719.0
2670592,1,TypecastDeviceOperation,64,5706.0
587776,,TypecastDeviceOperation,64,5701.0
2121728,1,NLPConcatHeadsDecodeDeviceOperation,32,5699.0
2453504,1,NLPConcatHeadsDecodeDeviceOperation,32,5693.0
2228224,1,TypecastDeviceOperation,64,5679.0
2232320,1,NLPConcatHeadsDecodeDeviceOperation,32,5659.0
2301952,1,TypecastDeviceOperation,64,5616.0
1900544,1,NLPConcatHeadsDecodeDeviceOperation,32,5601.0
1472512,,TypecastDeviceOperation,64,5587.0
2375680,1,TypecastDeviceOperation,64,5578.0
2265088,1,TypecastDeviceOperation,64,5565.0
1140736,,TypecastDeviceOperation,64,5555.0
2707456,1,TypecastDeviceOperation,64,5554.0
1251328,,TypecastDeviceOperation,64,5536.0
3002368,1,TypecastDeviceOperation,48,5509.0
2891776,1,TypecastDeviceOperation,60,5477.0
2269184,1,NLPConcatHeadsDecodeDeviceOperation,32,5459.0
474112,,ReduceDeviceOperation,32,5458.0
2415616,1,TypecastDeviceOperation,64,5455.0
2931712,1,TypecastDeviceOperation,60,5425.0
2084864,1,NLPConcatHeadsDecodeDeviceOperation,32,5401.0
2821120,1,TypecastDeviceOperation,63,5377.0
2894848,1,TypecastDeviceOperation,60,5354.0
1936384,1,TypecastDeviceOperation,64,5338.0
1849344,1,TypecastDeviceOperation,64,5315.0
2194432,1,TypecastDeviceOperation,64,5314.0
2046976,1,TypecastDeviceOperation,64,5313.0
2599936,1,TypecastDeviceOperation,64,5306.0
1899520,1,TypecastDeviceOperation,64,5304.0
2157568,1,TypecastDeviceOperation,64,5299.0
2563072,1,TypecastDeviceOperation,64,5295.0
2968576,1,TypecastDeviceOperation,48,5261.0
664576,,TypecastDeviceOperation,64,5253.0
3042304,1,TypecastDeviceOperation,44,5245.0
2378752,1,TypecastDeviceOperation,64,5239.0
775168,,TypecastDeviceOperation,64,5238.0
2305024,1,TypecastDeviceOperation,64,5238.0
2452480,1,TypecastDeviceOperation,64,5232.0
2747392,1,TypecastDeviceOperation,64,5232.0
3079168,1,TypecastDeviceOperation,44,5229.0
3116032,1,TypecastDeviceOperation,44,5221.0
1856512,1,ReduceDeviceOperation,32,5216.0
812032,,TypecastDeviceOperation,64,5206.0
1438720,,TypecastDeviceOperation,64,5205.0
1623040,,TypecastDeviceOperation,64,5201.0
1586176,,TypecastDeviceOperation,64,5192.0
2857984,1,TypecastDeviceOperation,60,5191.0
1143808,,TypecastDeviceOperation,64,5187.0
959488,,TypecastDeviceOperation,64,5181.0
1070080,,TypecastDeviceOperation,64,5181.0
1549312,,TypecastDeviceOperation,64,5177.0
2526208,1,TypecastDeviceOperation,64,5176.0
1973248,1,TypecastDeviceOperation,64,5170.0
2120704,1,TypecastDeviceOperation,64,5166.0
1659904,,TypecastDeviceOperation,64,5165.0
738304,,TypecastDeviceOperation,64,5161.0
2083840,1,TypecastDeviceOperation,64,5159.0
553984,,TypecastDeviceOperation,64,5151.0
1254400,,TypecastDeviceOperation,64,5149.0
480256,,TypecastDeviceOperation,64,5148.0
1291264,,TypecastDeviceOperation,64,5148.0
701440,,TypecastDeviceOperation,64,5147.0
1401856,,TypecastDeviceOperation,64,5147.0
1180672,,TypecastDeviceOperation,64,5146.0
2341888,1,TypecastDeviceOperation,64,5146.0
1512448,,TypecastDeviceOperation,64,5145.0
1364992,,TypecastDeviceOperation,64,5144.0
466944,,TypecastDeviceOperation,64,5140.0
996352,,TypecastDeviceOperation,64,5138.0
2489344,1,TypecastDeviceOperation,64,5138.0
3005440,1,TypecastDeviceOperation,48,5138.0
1475584,,TypecastDeviceOperation,64,5137.0
455680,,TypecastDeviceOperation,64,5136.0
627712,,TypecastDeviceOperation,64,5131.0
1733632,,TypecastDeviceOperation,64,5127.0
2710528,1,TypecastDeviceOperation,64,5123.0
1770496,,TypecastDeviceOperation,64,5121.0
2231296,1,TypecastDeviceOperation,64,5121.0
2636800,1,TypecastDeviceOperation,64,5120.0
1033216,,TypecastDeviceOperation,64,5119.0
1106944,,TypecastDeviceOperation,64,5117.0
590848,,TypecastDeviceOperation,64,5113.0
848896,,TypecastDeviceOperation,64,5113.0
922624,,TypecastDeviceOperation,64,5113.0
1328128,,TypecastDeviceOperation,64,5112.0
2268160,1,TypecastDeviceOperation,64,5101.0
2673664,1,TypecastDeviceOperation,64,5101.0
885760,,TypecastDeviceOperation,64,5097.0
1217536,,TypecastDeviceOperation,64,5096.0
1696768,,TypecastDeviceOperation,64,5096.0
517120,,TypecastDeviceOperation,64,5087.0
2010112,1,TypecastDeviceOperation,64,5086.0
2784256,1,TypecastDeviceOperation,64,5079.0
1845248,1,UntilizeWithUnpaddingDeviceOperation,32,5059.0
1838080,1,TypecastDeviceOperation,64,5015.0
1862656,1,TypecastDeviceOperation,64,5001.0
3152896,1,TypecastDeviceOperation,44,4992.0
1178624,,InterleavedToShardedDeviceOperation,32,4552.0
2118656,1,InterleavedToShardedDeviceOperation,32,4375.0
994304,,InterleavedToShardedDeviceOperation,32,4323.0
551936,,InterleavedToShardedDeviceOperation,32,4298.0
588800,,InterleavedToShardedDeviceOperation,32,4294.0
957440,,InterleavedToShardedDeviceOperation,32,4290.0
1897472,1,InterleavedToShardedDeviceOperation,32,4237.0
1362944,,InterleavedToShardedDeviceOperation,32,4191.0
1436672,,InterleavedToShardedDeviceOperation,32,4170.0
1694720,,InterleavedToShardedDeviceOperation,32,4154.0
662528,,InterleavedToShardedDeviceOperation,32,4130.0
1657856,,InterleavedToShardedDeviceOperation,32,4130.0
2855936,1,InterleavedToShardedDeviceOperation,28,4116.0
1068032,,InterleavedToShardedDeviceOperation,32,4068.0
2966528,1,InterleavedToShardedDeviceOperation,16,4059.0
846848,,InterleavedToShardedDeviceOperation,32,4056.0
920576,,InterleavedToShardedDeviceOperation,32,4039.0
477184,,InterleavedToShardedDeviceOperation,32,4030.0
1584128,,InterleavedToShardedDeviceOperation,32,4026.0
2266112,1,InterleavedToShardedDeviceOperation,32,4006.0
1215488,,InterleavedToShardedDeviceOperation,32,3996.0
1031168,,InterleavedToShardedDeviceOperation,32,3993.0
2044928,1,InterleavedToShardedDeviceOperation,32,3993.0
1289216,,InterleavedToShardedDeviceOperation,32,3990.0
1768448,,InterleavedToShardedDeviceOperation,32,3977.0
625664,,InterleavedToShardedDeviceOperation,32,3972.0
1141760,,InterleavedToShardedDeviceOperation,32,3964.0
1326080,,InterleavedToShardedDeviceOperation,32,3958.0
1510400,,InterleavedToShardedDeviceOperation,32,3948.0
699392,,InterleavedToShardedDeviceOperation,32,3919.0
883712,,InterleavedToShardedDeviceOperation,32,3915.0
1731584,,InterleavedToShardedDeviceOperation,32,3915.0
1399808,,InterleavedToShardedDeviceOperation,32,3914.0
2081792,1,InterleavedToShardedDeviceOperation,32,3906.0
1473536,,InterleavedToShardedDeviceOperation,32,3905.0
515072,,InterleavedToShardedDeviceOperation,32,3894.0
773120,,InterleavedToShardedDeviceOperation,32,3883.0
1620992,,InterleavedToShardedDeviceOperation,32,3873.0
2819072,1,InterleavedToShardedDeviceOperation,31,3864.0
809984,,InterleavedToShardedDeviceOperation,32,3832.0
1252352,,InterleavedToShardedDeviceOperation,32,3830.0
2413568,1,InterleavedToShardedDeviceOperation,32,3817.0
2302976,1,InterleavedToShardedDeviceOperation,32,3805.0
2597888,1,InterleavedToShardedDeviceOperation,32,3767.0
448512,,BinaryNgDeviceOperation,64,3753.0
2376704,1,InterleavedToShardedDeviceOperation,32,3752.0
736256,,InterleavedToShardedDeviceOperation,32,3729.0
2192384,1,InterleavedToShardedDeviceOperation,32,3729.0
1547264,,InterleavedToShardedDeviceOperation,32,3716.0
1104896,,InterleavedToShardedDeviceOperation,32,3708.0
2487296,1,InterleavedToShardedDeviceOperation,32,3687.0
1934336,1,InterleavedToShardedDeviceOperation,32,3684.0
2634752,1,InterleavedToShardedDeviceOperation,32,3674.0
2155520,1,InterleavedToShardedDeviceOperation,32,3653.0
2455552,1,InterleavedToShardedDeviceOperation,8,3579.0
3077120,1,InterleavedToShardedDeviceOperation,12,3573.0
1971200,1,InterleavedToShardedDeviceOperation,32,3565.0
2561024,1,InterleavedToShardedDeviceOperation,32,3564.0
2929664,1,InterleavedToShardedDeviceOperation,28,3487.0
2229248,1,InterleavedToShardedDeviceOperation,32,3478.0
1883136,1,ReshardDeviceOperation,32,3472.0
2524160,1,InterleavedToShardedDeviceOperation,32,3457.0
2671616,1,InterleavedToShardedDeviceOperation,32,3453.0
465920,,InterleavedToShardedDeviceOperation,32,3436.0
2339840,1,InterleavedToShardedDeviceOperation,32,3436.0
3113984,1,InterleavedToShardedDeviceOperation,12,3411.0
1830912,1,BinaryNgDeviceOperation,64,3407.0
2450432,1,InterleavedToShardedDeviceOperation,32,3404.0
3040256,1,InterleavedToShardedDeviceOperation,16,3399.0
2008064,1,InterleavedToShardedDeviceOperation,32,3397.0
1765376,,CopyDeviceOperation,64,3381.0
1854464,1,ShardedToInterleavedDeviceOperation,32,3381.0
1844224,1,ShardedToInterleavedDeviceOperation,32,3371.0
917504,,CopyDeviceOperation,64,3355.0
659456,,CopyDeviceOperation,64,3353.0
463872,,RepeatDeviceOperation,64,3352.0
485376,,BinaryNgDeviceOperation,64,3322.0
1848320,1,InterleavedToShardedDeviceOperation,32,3298.0
461824,,ShardedToInterleavedDeviceOperation,32,3282.0
3150848,1,InterleavedToShardedDeviceOperation,12,3269.0
3003392,1,InterleavedToShardedDeviceOperation,16,3256.0
2892800,1,InterleavedToShardedDeviceOperation,28,3214.0
696320,,CopyDeviceOperation,64,3208.0
2074624,1,ReshardDeviceOperation,32,3207.0
472064,,ShardedToInterleavedDeviceOperation,32,3205.0
1064960,,CopyDeviceOperation,64,3199.0
1956864,1,ReshardDeviceOperation,32,3198.0
733184,,CopyDeviceOperation,64,3192.0
1396736,,CopyDeviceOperation,64,3168.0
2222080,1,ReshardDeviceOperation,32,3141.0
2963456,1,CopyDeviceOperation,48,3135.0
2745344,1,InterleavedToShardedDeviceOperation,32,3133.0
2708480,1,InterleavedToShardedDeviceOperation,32,3128.0
1581056,,CopyDeviceOperation,64,3125.0
880640,,CopyDeviceOperation,64,3123.0
1544192,,CopyDeviceOperation,64,3118.0
2332672,1,ReshardDeviceOperation,32,3118.0
2926592,1,CopyDeviceOperation,60,3112.0
2178048,1,ReshardDeviceOperation,32,3110.0
548864,,CopyDeviceOperation,64,3099.0
1028096,,CopyDeviceOperation,64,3085.0
2369536,1,ReshardDeviceOperation,32,3080.0
1433600,,CopyDeviceOperation,64,3073.0
1507328,,CopyDeviceOperation,64,3072.0
1138688,,CopyDeviceOperation,64,3063.0
1323008,,CopyDeviceOperation,64,3062.0
2299904,1,CopyDeviceOperation,64,3049.0
2782208,1,InterleavedToShardedDeviceOperation,32,3048.0
1810432,1,BinaryNgDeviceOperation,64,3044.0
770048,,CopyDeviceOperation,64,3041.0
1606656,,ReshardDeviceOperation,32,3033.0
1249280,,CopyDeviceOperation,64,3031.0
2308096,1,InterleavedToShardedDeviceOperation,8,3015.0
1175552,,CopyDeviceOperation,64,3008.0
1691648,,CopyDeviceOperation,64,3008.0
1470464,,CopyDeviceOperation,64,3007.0
843776,,CopyDeviceOperation,64,2994.0
3143680,1,ReshardDeviceOperation,16,2988.0
1654784,,CopyDeviceOperation,64,2982.0
3037184,1,CopyDeviceOperation,48,2982.0
3110912,1,CopyDeviceOperation,44,2977.0
1867776,1,BinaryNgDeviceOperation,64,2968.0
2443264,1,ReshardDeviceOperation,32,2966.0
512000,,CopyDeviceOperation,64,2962.0
991232,,CopyDeviceOperation,64,2961.0
2889728,1,CopyDeviceOperation,60,2949.0
1859584,1,InterleavedToShardedDeviceOperation,32,2946.0
1212416,,CopyDeviceOperation,64,2940.0
1833984,1,UntilizeWithUnpaddingDeviceOperation,1,2932.0
2627584,1,ReshardDeviceOperation,32,2932.0
954368,,CopyDeviceOperation,64,2929.0
2185216,1,ReshardDeviceOperation,32,2929.0
2705408,1,CopyDeviceOperation,64,2929.0
2731008,1,ReshardDeviceOperation,32,2927.0
585728,,CopyDeviceOperation,64,2925.0
1617920,,CopyDeviceOperation,64,2923.0
1286144,,CopyDeviceOperation,64,2919.0
2878464,1,ReshardDeviceOperation,28,2916.0
2373632,1,CopyDeviceOperation,64,2906.0
428032,,BinaryNgDeviceOperation,64,2896.0
468992,,CopyDeviceOperation,64,2893.0
2263040,1,CopyDeviceOperation,64,2893.0
1968128,1,CopyDeviceOperation,64,2891.0
2738176,1,ReshardDeviceOperation,32,2890.0
544768,,ReshardDeviceOperation,32,2886.0
3074048,1,CopyDeviceOperation,44,2885.0
1359872,,CopyDeviceOperation,64,2884.0
1643520,,ReshardDeviceOperation,32,2884.0
1794048,1,BinaryNgDeviceOperation,64,2884.0
2846720,1,InterleavedToShardedDeviceOperation,28,2884.0
622592,,CopyDeviceOperation,64,2882.0
2041856,1,CopyDeviceOperation,64,2879.0
1846272,1,RepeatDeviceOperation,64,2875.0
2258944,1,ReshardDeviceOperation,32,2872.0
3000320,1,CopyDeviceOperation,48,2865.0
2775040,1,ReshardDeviceOperation,32,2862.0
1466368,,ReshardDeviceOperation,32,2861.0
456704,,ReshardDeviceOperation,32,2859.0
2148352,1,ReshardDeviceOperation,32,2857.0
2779136,1,CopyDeviceOperation,64,2850.0
2509824,1,ReshardDeviceOperation,32,2849.0
1790976,1,BinaryNgDeviceOperation,64,2831.0
979968,,ReshardDeviceOperation,32,2828.0
2816000,1,CopyDeviceOperation,63,2827.0
2767872,1,ReshardDeviceOperation,32,2824.0
1060864,,ReshardDeviceOperation,32,2821.0
2516992,1,ReshardDeviceOperation,32,2820.0
1728512,,CopyDeviceOperation,64,2819.0
2804736,1,ReshardDeviceOperation,32,2814.0
2922496,1,ReshardDeviceOperation,28,2812.0
1392640,,ReshardDeviceOperation,32,2811.0
2152448,1,CopyDeviceOperation,64,2809.0
2030592,1,ReshardDeviceOperation,32,2806.0
2594816,1,CopyDeviceOperation,64,2801.0
1976320,1,InterleavedToShardedDeviceOperation,8,2797.0
2885632,1,ReshardDeviceOperation,28,2797.0
2590720,1,ReshardDeviceOperation,32,2792.0
2701312,1,ReshardDeviceOperation,32,2788.0
2251776,1,ReshardDeviceOperation,32,2784.0
2841600,1,ReshardDeviceOperation,28,2782.0
3069952,1,ReshardDeviceOperation,16,2780.0
2336768,1,CopyDeviceOperation,64,2779.0
950272,,ReshardDeviceOperation,32,2777.0
1355776,,ReshardDeviceOperation,32,2775.0
2004992,1,CopyDeviceOperation,64,2771.0
2852864,1,CopyDeviceOperation,60,2768.0
1459200,,ReshardDeviceOperation,32,2764.0
2226176,1,CopyDeviceOperation,64,2763.0
648192,,ReshardDeviceOperation,32,2761.0
2989056,1,ReshardDeviceOperation,16,2759.0
3147776,1,CopyDeviceOperation,44,2759.0
2325504,1,ReshardDeviceOperation,32,2752.0
1087488,,ShardedToInterleavedDeviceOperation,64,2749.0
1101824,,CopyDeviceOperation,64,2748.0
2362368,1,ReshardDeviceOperation,32,2745.0
1238016,,ReshardDeviceOperation,32,2740.0
2546688,1,ReshardDeviceOperation,32,2739.0
2189312,1,CopyDeviceOperation,64,2738.0
1714176,,ShardedToInterleavedDeviceOperation,64,2736.0
2553856,1,ReshardDeviceOperation,32,2732.0
806912,,CopyDeviceOperation,64,2730.0
1687552,,ReshardDeviceOperation,32,2730.0
3033088,1,ReshardDeviceOperation,16,2728.0
903168,,ShardedToInterleavedDeviceOperation,64,2724.0
2557952,1,CopyDeviceOperation,64,2723.0
2141184,1,ReshardDeviceOperation,32,2720.0
729088,,ReshardDeviceOperation,32,2715.0
1724416,,ReshardDeviceOperation,32,2708.0
1311744,,ReshardDeviceOperation,32,2707.0
792576,,ShardedToInterleavedDeviceOperation,64,2701.0
1761280,,ReshardDeviceOperation,32,2699.0
2631680,1,CopyDeviceOperation,64,2696.0
2848768,1,ReshardDeviceOperation,28,2692.0
1751040,,ShardedToInterleavedDeviceOperation,64,2689.0
2657280,1,ReshardDeviceOperation,32,2689.0
2809856,1,InterleavedToShardedDeviceOperation,32,2689.0
2521088,1,CopyDeviceOperation,64,2686.0
2330624,1,InterleavedToShardedDeviceOperation,32,2685.0
2406400,1,ReshardDeviceOperation,32,2684.0
721920,,ReshardDeviceOperation,32,2683.0
2484224,1,CopyDeviceOperation,64,2682.0
3062784,1,ReshardDeviceOperation,16,2682.0
2295808,1,ReshardDeviceOperation,32,2679.0
2067456,1,ReshardDeviceOperation,32,2677.0
1851392,1,CopyDeviceOperation,64,2676.0
1931264,1,CopyDeviceOperation,64,2675.0
2410496,1,CopyDeviceOperation,64,2675.0
1894400,1,CopyDeviceOperation,64,2672.0
1818624,1,ReshardDeviceOperation,32,2671.0
2994176,1,InterleavedToShardedDeviceOperation,16,2671.0
2472960,1,ReshardDeviceOperation,32,2657.0
2996224,1,ReshardDeviceOperation,16,2656.0
2111488,1,ReshardDeviceOperation,32,2654.0
3099648,1,ReshardDeviceOperation,16,2654.0
2952192,1,ReshardDeviceOperation,28,2653.0
1496064,,ReshardDeviceOperation,32,2652.0
2480128,1,ReshardDeviceOperation,32,2650.0
1927168,1,ReshardDeviceOperation,32,2649.0
1318912,,ReshardDeviceOperation,32,2644.0
1993728,1,ReshardDeviceOperation,32,2640.0
451584,,UntilizeWithUnpaddingDeviceOperation,1,2637.0
839680,,ReshardDeviceOperation,32,2635.0
3106816,1,ReshardDeviceOperation,16,2631.0
3136512,1,ReshardDeviceOperation,16,2630.0
2742272,1,CopyDeviceOperation,64,2628.0
869376,,ReshardDeviceOperation,32,2627.0
2183168,1,InterleavedToShardedDeviceOperation,32,2622.0
2959360,1,ReshardDeviceOperation,25,2616.0
2115584,1,CopyDeviceOperation,64,2614.0
2214912,1,ReshardDeviceOperation,32,2609.0
421888,,ShardedToInterleavedDeviceOperation,64,2608.0
1540096,,ReshardDeviceOperation,32,2605.0
876544,,ReshardDeviceOperation,32,2603.0
2447360,1,CopyDeviceOperation,64,2601.0
1348608,,ReshardDeviceOperation,32,2598.0
1053696,,ReshardDeviceOperation,32,2594.0
2000896,1,ReshardDeviceOperation,32,2591.0
2104320,1,ReshardDeviceOperation,32,2589.0
2037760,1,ReshardDeviceOperation,32,2588.0
2787328,1,InterleavedToShardedDeviceOperation,8,2584.0
497664,,ShardedToInterleavedDeviceOperation,64,2581.0
571392,,ShardedToInterleavedDeviceOperation,64,2580.0
618496,,ReshardDeviceOperation,32,2580.0
2811904,1,ReshardDeviceOperation,32,2576.0
841728,,ShardedToInterleavedDeviceOperation,32,2574.0
1890304,1,ReshardDeviceOperation,32,2574.0
574464,,ReshardDeviceOperation,32,2572.0
467968,,ShardedToInterleavedDeviceOperation,32,2570.0
1198080,,ShardedToInterleavedDeviceOperation,64,2570.0
2078720,1,CopyDeviceOperation,64,2570.0
2694144,1,ReshardDeviceOperation,32,2569.0
685056,,ReshardDeviceOperation,32,2565.0
507904,,ReshardDeviceOperation,32,2562.0
3025920,1,ReshardDeviceOperation,16,2561.0
509952,,ShardedToInterleavedDeviceOperation,32,2558.0
1964032,1,ReshardDeviceOperation,32,2557.0
2288640,1,ReshardDeviceOperation,32,2557.0
2436096,1,ReshardDeviceOperation,32,2557.0
2699264,1,InterleavedToShardedDeviceOperation,32,2557.0
829440,,ShardedToInterleavedDeviceOperation,64,2555.0
1127424,,ReshardDeviceOperation,32,2548.0
1677312,,ShardedToInterleavedDeviceOperation,64,2548.0
1171456,,ReshardDeviceOperation,32,2547.0
1532928,,ReshardDeviceOperation,32,2547.0
1680384,,ReshardDeviceOperation,32,2541.0
2620416,1,ReshardDeviceOperation,32,2541.0
2664448,1,ReshardDeviceOperation,32,2540.0
1208320,,ReshardDeviceOperation,32,2532.0
1422336,,ReshardDeviceOperation,32,2531.0
537600,,ReshardDeviceOperation,32,2530.0
1579008,,ShardedToInterleavedDeviceOperation,32,2528.0
834560,,ShardedToInterleavedDeviceOperation,32,2526.0
755712,,ShardedToInterleavedDeviceOperation,64,2525.0
1717248,,ReshardDeviceOperation,32,2525.0
2514944,1,InterleavedToShardedDeviceOperation,32,2525.0
500736,,ReshardDeviceOperation,32,2524.0
866304,,ShardedToInterleavedDeviceOperation,64,2524.0
436224,,ReshardDeviceOperation,32,2523.0
1134592,,ReshardDeviceOperation,32,2509.0
1613824,,ReshardDeviceOperation,32,2508.0
2543616,1,ShardedToInterleavedDeviceOperation,64,2503.0
765952,,ReshardDeviceOperation,32,2501.0
1282048,,ReshardDeviceOperation,32,2500.0
1953792,1,ShardedToInterleavedDeviceOperation,64,2499.0
2064384,1,ShardedToInterleavedDeviceOperation,64,2498.0
987136,,ReshardDeviceOperation,32,2495.0
1024000,,ReshardDeviceOperation,32,2495.0
1719296,,ShardedToInterleavedDeviceOperation,32,2495.0
2583552,1,ReshardDeviceOperation,32,2493.0
2668544,1,CopyDeviceOperation,64,2492.0
832512,,ReshardDeviceOperation,32,2491.0
1503232,,ReshardDeviceOperation,32,2491.0
1016832,,ReshardDeviceOperation,32,2490.0
2915328,1,ReshardDeviceOperation,28,2489.0
408576,,BinaryNgDeviceOperation,64,2486.0
1173504,,ShardedToInterleavedDeviceOperation,32,2486.0
797696,,ShardedToInterleavedDeviceOperation,32,2482.0
2506752,1,ShardedToInterleavedDeviceOperation,64,2480.0
758784,,ReshardDeviceOperation,32,2478.0
2138112,1,ShardedToInterleavedDeviceOperation,64,2478.0
1271808,,ShardedToInterleavedDeviceOperation,64,2477.0
1456128,,ShardedToInterleavedDeviceOperation,64,2477.0
952320,,ShardedToInterleavedDeviceOperation,32,2476.0
1385472,,ReshardDeviceOperation,32,2474.0
1916928,1,ShardedToInterleavedDeviceOperation,64,2474.0
1090560,,ReshardDeviceOperation,32,2469.0
2211840,1,ShardedToInterleavedDeviceOperation,64,2469.0
3059712,1,ShardedToInterleavedDeviceOperation,44,2469.0
795648,,ReshardDeviceOperation,32,2467.0
723968,,ShardedToInterleavedDeviceOperation,32,2465.0
2399232,1,ReshardDeviceOperation,32,2465.0
1201152,,ReshardDeviceOperation,32,2461.0
611328,,ReshardDeviceOperation,32,2460.0
1615872,,ShardedToInterleavedDeviceOperation,32,2458.0
1468416,,ShardedToInterleavedDeviceOperation,32,2457.0
1652736,,ShardedToInterleavedDeviceOperation,32,2456.0
1234944,,ShardedToInterleavedDeviceOperation,64,2452.0
2875392,1,ShardedToInterleavedDeviceOperation,60,2448.0
438272,,ShardedToInterleavedDeviceOperation,32,2443.0
1382400,,ShardedToInterleavedDeviceOperation,64,2443.0
1920000,1,ReshardDeviceOperation,32,2443.0
760832,,ShardedToInterleavedDeviceOperation,32,2442.0
1166336,,ShardedToInterleavedDeviceOperation,32,2442.0
608256,,ShardedToInterleavedDeviceOperation,64,2436.0
650240,,ShardedToInterleavedDeviceOperation,32,2431.0
411648,,BinaryNgDeviceOperation,64,2426.0
871424,,ShardedToInterleavedDeviceOperation,32,2424.0
943104,,ReshardDeviceOperation,32,2420.0
1013760,,ShardedToInterleavedDeviceOperation,64,2420.0
3096576,1,ShardedToInterleavedDeviceOperation,44,2420.0
1313792,,ShardedToInterleavedDeviceOperation,32,2419.0
1026048,,ShardedToInterleavedDeviceOperation,32,2415.0
1461248,,ShardedToInterleavedDeviceOperation,32,2415.0
2838528,1,ShardedToInterleavedDeviceOperation,60,2414.0
1161216,,ShardedToInterleavedDeviceOperation,64,2413.0
2949120,1,ShardedToInterleavedDeviceOperation,60,2408.0
906240,,ReshardDeviceOperation,32,2406.0
913408,,ReshardDeviceOperation,32,2405.0
1429504,,ReshardDeviceOperation,32,2404.0
458752,,ShardedToInterleavedDeviceOperation,32,2403.0
1650688,,ReshardDeviceOperation,32,2403.0
915456,,ShardedToInterleavedDeviceOperation,32,2398.0
1850368,1,ShardedToInterleavedDeviceOperation,32,2397.0
1308672,,ShardedToInterleavedDeviceOperation,64,2395.0
1062912,,ShardedToInterleavedDeviceOperation,32,2383.0
1492992,,ShardedToInterleavedDeviceOperation,64,2383.0
1345536,,ShardedToInterleavedDeviceOperation,64,2382.0
1505280,,ShardedToInterleavedDeviceOperation,32,2382.0
2654208,1,ShardedToInterleavedDeviceOperation,64,2381.0
1726464,,ShardedToInterleavedDeviceOperation,32,2376.0
692224,,ReshardDeviceOperation,32,2372.0
1640448,,ShardedToInterleavedDeviceOperation,64,2372.0
539648,,ShardedToInterleavedDeviceOperation,32,2368.0
1754112,,ReshardDeviceOperation,32,2365.0
3022848,1,ShardedToInterleavedDeviceOperation,48,2364.0
804864,,ShardedToInterleavedDeviceOperation,32,2363.0
1247232,,ShardedToInterleavedDeviceOperation,32,2363.0
2290688,1,ShardedToInterleavedDeviceOperation,32,2359.0
718848,,ShardedToInterleavedDeviceOperation,64,2356.0
1274880,,ReshardDeviceOperation,32,2353.0
1099776,,ShardedToInterleavedDeviceOperation,32,2350.0
1569792,,ReshardDeviceOperation,32,2350.0
1245184,,ReshardDeviceOperation,32,2349.0
1164288,,ReshardDeviceOperation,32,2342.0
1050624,,ShardedToInterleavedDeviceOperation,64,2340.0
2027520,1,ShardedToInterleavedDeviceOperation,64,2337.0
908288,,ShardedToInterleavedDeviceOperation,32,2336.0
681984,,ShardedToInterleavedDeviceOperation,64,2334.0
1689600,,ShardedToInterleavedDeviceOperation,32,2334.0
657408,,ShardedToInterleavedDeviceOperation,32,2332.0
2801664,1,ShardedToInterleavedDeviceOperation,64,2330.0
1357824,,ShardedToInterleavedDeviceOperation,32,2326.0
1603584,,ShardedToInterleavedDeviceOperation,64,2325.0
502784,,ShardedToInterleavedDeviceOperation,32,2324.0
694272,,ShardedToInterleavedDeviceOperation,32,2323.0
802816,,ReshardDeviceOperation,32,2323.0
2617344,1,ShardedToInterleavedDeviceOperation,64,2323.0
1424384,,ShardedToInterleavedDeviceOperation,32,2321.0
2919424,1,SliceDeviceOperation,60,2321.0
534528,,ShardedToInterleavedDeviceOperation,64,2316.0
1608704,,ShardedToInterleavedDeviceOperation,32,2315.0
945152,,ShardedToInterleavedDeviceOperation,32,2314.0
2550784,1,SliceDeviceOperation,64,2314.0
878592,,ShardedToInterleavedDeviceOperation,32,2313.0
1350656,,ShardedToInterleavedDeviceOperation,32,2311.0
1763328,,ShardedToInterleavedDeviceOperation,32,2310.0
1576960,,ReshardDeviceOperation,32,2308.0
2396160,1,ShardedToInterleavedDeviceOperation,64,2307.0
1534976,,ShardedToInterleavedDeviceOperation,32,2306.0
1240064,,ShardedToInterleavedDeviceOperation,32,2305.0
2727936,1,ShardedToInterleavedDeviceOperation,64,2304.0
687104,,ShardedToInterleavedDeviceOperation,32,2303.0
982016,,ShardedToInterleavedDeviceOperation,32,2303.0
1394688,,ShardedToInterleavedDeviceOperation,32,2303.0
620544,,ShardedToInterleavedDeviceOperation,32,2302.0
1566720,,ShardedToInterleavedDeviceOperation,64,2300.0
1284096,,ShardedToInterleavedDeviceOperation,32,2298.0
3133440,1,ShardedToInterleavedDeviceOperation,44,2298.0
1387520,,ShardedToInterleavedDeviceOperation,32,2297.0
2661376,1,SliceDeviceOperation,64,2297.0
2322432,1,ShardedToInterleavedDeviceOperation,64,2296.0
3031040,1,InterleavedToShardedDeviceOperation,16,2293.0
2691072,1,ShardedToInterleavedDeviceOperation,64,2292.0
655360,,ReshardDeviceOperation,32,2291.0
645120,,ShardedToInterleavedDeviceOperation,64,2290.0
2106368,1,ShardedToInterleavedDeviceOperation,32,2290.0
1203200,,ShardedToInterleavedDeviceOperation,32,2289.0
613376,,ShardedToInterleavedDeviceOperation,32,2288.0
1431552,,ShardedToInterleavedDeviceOperation,32,2288.0
2912256,1,ShardedToInterleavedDeviceOperation,60,2288.0
1571840,,ShardedToInterleavedDeviceOperation,32,2279.0
1529856,,ShardedToInterleavedDeviceOperation,64,2276.0
2101248,1,ShardedToInterleavedDeviceOperation,64,2274.0
576512,,ShardedToInterleavedDeviceOperation,32,2273.0
1210368,,ShardedToInterleavedDeviceOperation,32,2269.0
2469888,1,ShardedToInterleavedDeviceOperation,64,2269.0
1682432,,ShardedToInterleavedDeviceOperation,32,2266.0
2359296,1,ShardedToInterleavedDeviceOperation,64,2266.0
2993152,1,SliceDeviceOperation,48,2265.0
1320960,,ShardedToInterleavedDeviceOperation,32,2263.0
2764800,1,ShardedToInterleavedDeviceOperation,64,2262.0
2666496,1,ShardedToInterleavedDeviceOperation,32,2260.0
1498112,,ShardedToInterleavedDeviceOperation,32,2258.0
1092608,,ShardedToInterleavedDeviceOperation,32,2250.0
2285568,1,ShardedToInterleavedDeviceOperation,64,2246.0
1018880,,ShardedToInterleavedDeviceOperation,32,2242.0
1880064,1,ShardedToInterleavedDeviceOperation,64,2242.0
2580480,1,ShardedToInterleavedDeviceOperation,64,2242.0
583680,,ShardedToInterleavedDeviceOperation,32,2238.0
940032,,ShardedToInterleavedDeviceOperation,64,2237.0
1542144,,ShardedToInterleavedDeviceOperation,32,2236.0
731136,,ShardedToInterleavedDeviceOperation,32,2235.0
546816,,ShardedToInterleavedDeviceOperation,32,2232.0
976896,,ShardedToInterleavedDeviceOperation,64,2228.0
947200,,SliceDeviceOperation,64,2226.0
1129472,,ShardedToInterleavedDeviceOperation,32,2226.0
2248704,1,ShardedToInterleavedDeviceOperation,64,2226.0
581632,,ReshardDeviceOperation,32,2222.0
1136640,,ShardedToInterleavedDeviceOperation,32,2214.0
1055744,,ShardedToInterleavedDeviceOperation,32,2207.0
768000,,ShardedToInterleavedDeviceOperation,32,2206.0
2292736,1,SliceDeviceOperation,64,2205.0
1419264,,ShardedToInterleavedDeviceOperation,64,2204.0
1990656,1,ShardedToInterleavedDeviceOperation,64,2202.0
2662400,1,InterleavedToShardedDeviceOperation,32,2202.0
989184,,ShardedToInterleavedDeviceOperation,32,2196.0
1168384,,SliceDeviceOperation,64,2195.0
1124352,,ShardedToInterleavedDeviceOperation,64,2194.0
1500160,,SliceDeviceOperation,64,2194.0
2813952,1,ShardedToInterleavedDeviceOperation,31,2193.0
1276928,,ShardedToInterleavedDeviceOperation,32,2186.0
2985984,1,ShardedToInterleavedDeviceOperation,48,2186.0
2035712,1,InterleavedToShardedDeviceOperation,32,2182.0
2555904,1,ShardedToInterleavedDeviceOperation,32,2181.0
2433024,1,ShardedToInterleavedDeviceOperation,64,2180.0
1645568,,ShardedToInterleavedDeviceOperation,32,2168.0
1756160,,ShardedToInterleavedDeviceOperation,32,2168.0
2034688,1,SliceDeviceOperation,64,2168.0
1097728,,ReshardDeviceOperation,32,2164.0
910336,,SliceDeviceOperation,64,2162.0
2174976,1,ShardedToInterleavedDeviceOperation,64,2162.0
984064,,SliceDeviceOperation,64,2157.0
1131520,,SliceDeviceOperation,64,2157.0
1929216,1,ShardedToInterleavedDeviceOperation,32,2157.0
2603008,1,InterleavedToShardedDeviceOperation,8,2157.0
1463296,,SliceDeviceOperation,64,2142.0
2002944,1,ShardedToInterleavedDeviceOperation,32,2133.0
2513920,1,SliceDeviceOperation,64,2133.0
2334720,1,ShardedToInterleavedDeviceOperation,32,2127.0
2224128,1,ShardedToInterleavedDeviceOperation,32,2126.0
3030016,1,SliceDeviceOperation,48,2116.0
452608,,RepeatDeviceOperation,64,2115.0
1835008,1,RepeatDeviceOperation,64,2114.0
762880,,SliceDeviceOperation,64,2113.0
2297856,1,ShardedToInterleavedDeviceOperation,32,2109.0
3103744,1,SliceDeviceOperation,44,2109.0
1820672,1,ShardedToInterleavedDeviceOperation,32,2105.0
2897920,1,InterleavedToShardedDeviceOperation,4,2104.0
2329600,1,SliceDeviceOperation,64,2103.0
2364416,1,ShardedToInterleavedDeviceOperation,32,2103.0
2629632,1,ShardedToInterleavedDeviceOperation,32,2102.0
1684480,,SliceDeviceOperation,64,2099.0
1804288,1,ShardedToInterleavedDeviceOperation,64,2098.0
2592768,1,ShardedToInterleavedDeviceOperation,32,2097.0
1145856,,ShardedToInterleavedDeviceOperation,32,2089.0
799744,,SliceDeviceOperation,64,2087.0
2882560,1,SliceDeviceOperation,60,2085.0
541696,,SliceDeviceOperation,64,2082.0
2367488,1,InterleavedToShardedDeviceOperation,32,2082.0
2954240,1,ShardedToInterleavedDeviceOperation,25,2082.0
2624512,1,SliceDeviceOperation,64,2080.0
2824192,1,InterleavedToShardedDeviceOperation,7,2074.0
2219008,1,SliceDeviceOperation,64,2072.0
2917376,1,ShardedToInterleavedDeviceOperation,28,2072.0
1094656,,SliceDeviceOperation,64,2064.0
2735104,1,SliceDeviceOperation,64,2064.0
2234368,1,InterleavedToShardedDeviceOperation,8,2063.0
2271232,1,InterleavedToShardedDeviceOperation,8,2063.0
2113536,1,ShardedToInterleavedDeviceOperation,32,2062.0
726016,,SliceDeviceOperation,64,2061.0
3140608,1,SliceDeviceOperation,44,2057.0
2366464,1,SliceDeviceOperation,64,2056.0
2698240,1,SliceDeviceOperation,64,2054.0
1057792,,SliceDeviceOperation,64,2048.0
2401280,1,ShardedToInterleavedDeviceOperation,32,2048.0
2659328,1,ShardedToInterleavedDeviceOperation,32,2047.0
1892352,1,ShardedToInterleavedDeviceOperation,32,2043.0
2733056,1,ShardedToInterleavedDeviceOperation,32,2042.0
2956288,1,SliceDeviceOperation,57,2042.0
689152,,SliceDeviceOperation,64,2041.0
1352704,,SliceDeviceOperation,64,2037.0
1020928,,SliceDeviceOperation,64,2030.0
1426432,,SliceDeviceOperation,64,2030.0
1721344,,SliceDeviceOperation,64,2030.0
1278976,,SliceDeviceOperation,64,2029.0
1924096,1,SliceDeviceOperation,64,2028.0
1610752,,SliceDeviceOperation,64,2027.0
1315840,,SliceDeviceOperation,64,2026.0
444416,,SliceDeviceOperation,64,2025.0
836608,,SliceDeviceOperation,64,2022.0
1922048,1,ShardedToInterleavedDeviceOperation,32,2020.0
504832,,SliceDeviceOperation,64,2017.0
1839104,1,ReshardDeviceOperation,32,2015.0
1960960,1,SliceDeviceOperation,64,2013.0
1758208,,SliceDeviceOperation,64,2005.0
1958912,1,ShardedToInterleavedDeviceOperation,32,2004.0
2482176,1,ShardedToInterleavedDeviceOperation,32,2004.0
578560,,SliceDeviceOperation,64,2002.0
2418688,1,InterleavedToShardedDeviceOperation,8,2002.0
1997824,1,SliceDeviceOperation,64,2000.0
2511872,1,ShardedToInterleavedDeviceOperation,32,2000.0
2440192,1,SliceDeviceOperation,64,1999.0
1537024,,SliceDeviceOperation,64,1998.0
2381824,1,InterleavedToShardedDeviceOperation,8,1994.0
433152,,TypecastDeviceOperation,4,1993.0
1242112,,SliceDeviceOperation,64,1993.0
1661952,,ShardedToInterleavedDeviceOperation,32,1993.0
2071552,1,SliceDeviceOperation,64,1982.0
652288,,SliceDeviceOperation,64,1979.0
2845696,1,SliceDeviceOperation,60,1972.0
435200,,TypecastDeviceOperation,4,1967.0
1573888,,SliceDeviceOperation,64,1963.0
1980416,1,ReshardDeviceOperation,8,1962.0
2013184,1,InterleavedToShardedDeviceOperation,8,1959.0
2438144,1,ShardedToInterleavedDeviceOperation,32,1958.0
1887232,1,SliceDeviceOperation,64,1954.0
2806784,1,ShardedToInterleavedDeviceOperation,32,1954.0
703488,,ShardedToInterleavedDeviceOperation,32,1953.0
2771968,1,SliceDeviceOperation,64,1953.0
2123776,1,InterleavedToShardedDeviceOperation,8,1951.0
2861056,1,InterleavedToShardedDeviceOperation,4,1951.0
2108416,1,SliceDeviceOperation,64,1945.0
1966080,1,ShardedToInterleavedDeviceOperation,32,1942.0
1205248,,SliceDeviceOperation,64,1937.0
2255872,1,SliceDeviceOperation,64,1936.0
2703360,1,ShardedToInterleavedDeviceOperation,32,1936.0
615424,,SliceDeviceOperation,64,1933.0
1814528,1,UnaryDeviceOperation,64,1933.0
2069504,1,ShardedToInterleavedDeviceOperation,32,1931.0
1293312,,ShardedToInterleavedDeviceOperation,32,1930.0
1698816,,ShardedToInterleavedDeviceOperation,32,1930.0
1477632,,ShardedToInterleavedDeviceOperation,32,1929.0
2475008,1,ShardedToInterleavedDeviceOperation,32,1929.0
1280000,,InterleavedToShardedDeviceOperation,32,1928.0
814080,,ShardedToInterleavedDeviceOperation,32,1927.0
2477056,1,SliceDeviceOperation,64,1926.0
2150400,1,ShardedToInterleavedDeviceOperation,32,1925.0
1182720,,ShardedToInterleavedDeviceOperation,32,1921.0
2769920,1,ShardedToInterleavedDeviceOperation,32,1921.0
629760,,ShardedToInterleavedDeviceOperation,32,1917.0
1772544,,ShardedToInterleavedDeviceOperation,32,1917.0
2587648,1,SliceDeviceOperation,64,1915.0
998400,,ShardedToInterleavedDeviceOperation,32,1914.0
1403904,,ShardedToInterleavedDeviceOperation,32,1913.0
1647616,,SliceDeviceOperation,64,1903.0
2187264,1,ShardedToInterleavedDeviceOperation,32,1902.0
2445312,1,ShardedToInterleavedDeviceOperation,32,1900.0
2216960,1,ShardedToInterleavedDeviceOperation,32,1898.0
1440768,,ShardedToInterleavedDeviceOperation,32,1897.0
2408448,1,ShardedToInterleavedDeviceOperation,32,1894.0
2676736,1,InterleavedToShardedDeviceOperation,8,1892.0
2182144,1,SliceDeviceOperation,64,1890.0
2808832,1,SliceDeviceOperation,64,1889.0
1625088,,ShardedToInterleavedDeviceOperation,32,1888.0
2971648,1,InterleavedToShardedDeviceOperation,4,1887.0
887808,,ShardedToInterleavedDeviceOperation,32,1883.0
2145280,1,SliceDeviceOperation,64,1882.0
1389568,,SliceDeviceOperation,64,1879.0
1826816,1,SliceDeviceOperation,64,1878.0
1551360,,ShardedToInterleavedDeviceOperation,32,1874.0
592896,,ShardedToInterleavedDeviceOperation,32,1873.0
1538048,,InterleavedToShardedDeviceOperation,32,1871.0
2519040,1,ShardedToInterleavedDeviceOperation,32,1871.0
1815552,1,TypecastDeviceOperation,4,1868.0
2934784,1,InterleavedToShardedDeviceOperation,4,1867.0
3180544,,UntilizeWithUnpaddingDeviceOperation,1,1866.0
2260992,1,ShardedToInterleavedDeviceOperation,32,1863.0
1817600,1,TypecastDeviceOperation,4,1862.0
3191808,,UntilizeWithUnpaddingDeviceOperation,1,1862.0
873472,,SliceDeviceOperation,64,1861.0
3209216,,UntilizeWithUnpaddingDeviceOperation,1,1860.0
666624,,ShardedToInterleavedDeviceOperation,32,1849.0
1072128,,ShardedToInterleavedDeviceOperation,32,1849.0
3072000,1,ShardedToInterleavedDeviceOperation,16,1847.0
3186688,,UntilizeWithUnpaddingDeviceOperation,1,1845.0
2039808,1,ShardedToInterleavedDeviceOperation,32,1844.0
2220032,1,InterleavedToShardedDeviceOperation,32,1844.0
2403328,1,SliceDeviceOperation,64,1844.0
1035264,,ShardedToInterleavedDeviceOperation,32,1843.0
3179520,,UntilizeWithUnpaddingDeviceOperation,1,1842.0
3066880,1,SliceDeviceOperation,44,1842.0
432128,,UnaryDeviceOperation,64,1841.0
556032,,ShardedToInterleavedDeviceOperation,32,1841.0
1256448,,ShardedToInterleavedDeviceOperation,32,1841.0
3206144,,UntilizeWithUnpaddingDeviceOperation,1,1838.0
2422784,1,ReshardDeviceOperation,8,1837.0
3172352,,UntilizeWithUnpaddingDeviceOperation,1,1836.0
482304,,ShardedToInterleavedDeviceOperation,32,1833.0
1514496,,ShardedToInterleavedDeviceOperation,32,1833.0
3008512,1,InterleavedToShardedDeviceOperation,4,1831.0
2032640,1,ShardedToInterleavedDeviceOperation,32,1830.0
3195904,,UntilizeWithUnpaddingDeviceOperation,1,1829.0
850944,,ShardedToInterleavedDeviceOperation,32,1825.0
1108992,,ShardedToInterleavedDeviceOperation,32,1823.0
2750464,1,InterleavedToShardedDeviceOperation,8,1823.0
1588224,,ShardedToInterleavedDeviceOperation,32,1810.0
2740224,1,ShardedToInterleavedDeviceOperation,32,1809.0
1219584,,ShardedToInterleavedDeviceOperation,32,1806.0
1816576,1,UnaryDeviceOperation,64,1800.0
2924544,1,ShardedToInterleavedDeviceOperation,28,1778.0
961536,,ShardedToInterleavedDeviceOperation,32,1777.0
2478080,1,InterleavedToShardedDeviceOperation,32,1774.0
1885184,1,ShardedToInterleavedDeviceOperation,32,1773.0
2197504,1,InterleavedToShardedDeviceOperation,8,1773.0
2253824,1,ShardedToInterleavedDeviceOperation,32,1770.0
2548736,1,ShardedToInterleavedDeviceOperation,32,1767.0
2086912,1,InterleavedToShardedDeviceOperation,8,1765.0
777216,,ShardedToInterleavedDeviceOperation,32,1763.0
1995776,1,ShardedToInterleavedDeviceOperation,32,1762.0
2180096,1,ShardedToInterleavedDeviceOperation,32,1760.0
3193856,,UntilizeWithUnpaddingDeviceOperation,1,1760.0
3173376,,UntilizeWithUnpaddingDeviceOperation,1,1759.0
3145728,1,ShardedToInterleavedDeviceOperation,16,1758.0
2585600,1,ShardedToInterleavedDeviceOperation,32,1754.0
740352,,ShardedToInterleavedDeviceOperation,32,1753.0
2529280,1,InterleavedToShardedDeviceOperation,8,1753.0
1367040,,ShardedToInterleavedDeviceOperation,32,1745.0
2777088,1,ShardedToInterleavedDeviceOperation,32,1742.0
2713600,1,InterleavedToShardedDeviceOperation,8,1739.0
1735680,,ShardedToInterleavedDeviceOperation,32,1738.0
924672,,ShardedToInterleavedDeviceOperation,32,1737.0
2143232,1,ShardedToInterleavedDeviceOperation,32,1737.0
520192,,InterleavedToShardedDeviceOperation,8,1732.0
1589248,,InterleavedToShardedDeviceOperation,8,1728.0
1220608,,InterleavedToShardedDeviceOperation,8,1726.0
1827840,1,InterleavedToShardedDeviceOperation,32,1726.0
3182592,,UntilizeWithUnpaddingDeviceOperation,1,1726.0
434176,,UnaryDeviceOperation,64,1720.0
3183616,,UntilizeWithUnpaddingDeviceOperation,1,1717.0
3176448,,UntilizeWithUnpaddingDeviceOperation,1,1714.0
3201024,,UntilizeWithUnpaddingDeviceOperation,1,1714.0
1330176,,ShardedToInterleavedDeviceOperation,32,1713.0
2160640,1,InterleavedToShardedDeviceOperation,8,1710.0
3185664,,UntilizeWithUnpaddingDeviceOperation,1,1710.0
2696192,1,ShardedToInterleavedDeviceOperation,32,1709.0
3188736,,UntilizeWithUnpaddingDeviceOperation,1,1708.0
2880512,1,ShardedToInterleavedDeviceOperation,28,1706.0
3204096,,UntilizeWithUnpaddingDeviceOperation,1,1705.0
2371584,1,ShardedToInterleavedDeviceOperation,32,1704.0
2850816,1,ShardedToInterleavedDeviceOperation,28,1699.0
557056,,InterleavedToShardedDeviceOperation,8,1698.0
741376,,InterleavedToShardedDeviceOperation,8,1698.0
1404928,,InterleavedToShardedDeviceOperation,8,1698.0
2961408,1,ShardedToInterleavedDeviceOperation,16,1697.0
925696,,InterleavedToShardedDeviceOperation,8,1696.0
3207168,,UntilizeWithUnpaddingDeviceOperation,1,1696.0
3196928,,UntilizeWithUnpaddingDeviceOperation,1,1690.0
1515520,,InterleavedToShardedDeviceOperation,8,1687.0
3192832,,UntilizeWithUnpaddingDeviceOperation,1,1687.0
593920,,InterleavedToShardedDeviceOperation,8,1686.0
3197952,,UntilizeWithUnpaddingDeviceOperation,1,1686.0
3108864,1,ShardedToInterleavedDeviceOperation,16,1685.0
3198976,,UntilizeWithUnpaddingDeviceOperation,1,1683.0
3181568,,UntilizeWithUnpaddingDeviceOperation,1,1682.0
3194880,,UntilizeWithUnpaddingDeviceOperation,1,1682.0
3175424,,UntilizeWithUnpaddingDeviceOperation,1,1679.0
1865728,1,InterleavedToShardedDeviceOperation,8,1675.0
888832,,InterleavedToShardedDeviceOperation,8,1674.0
2991104,1,ShardedToInterleavedDeviceOperation,16,1674.0
519168,,ShardedToInterleavedDeviceOperation,32,1673.0
2639872,1,InterleavedToShardedDeviceOperation,8,1673.0
2404352,1,InterleavedToShardedDeviceOperation,32,1672.0
3205120,,UntilizeWithUnpaddingDeviceOperation,1,1672.0
2196480,1,ShardedToInterleavedDeviceOperation,32,1671.0
1901568,1,ShardedToInterleavedDeviceOperation,32,1670.0
3200000,,UntilizeWithUnpaddingDeviceOperation,1,1670.0
1806336,1,RepeatDeviceOperation,64,1669.0
3202048,,UntilizeWithUnpaddingDeviceOperation,1,1668.0
667648,,InterleavedToShardedDeviceOperation,8,1666.0
3189760,,UntilizeWithUnpaddingDeviceOperation,1,1666.0
3190784,,UntilizeWithUnpaddingDeviceOperation,1,1664.0
3187712,,UntilizeWithUnpaddingDeviceOperation,1,1662.0
851968,,InterleavedToShardedDeviceOperation,8,1661.0
1146880,,InterleavedToShardedDeviceOperation,8,1661.0
3184640,,UntilizeWithUnpaddingDeviceOperation,1,1659.0
2050048,1,InterleavedToShardedDeviceOperation,8,1657.0
1110016,,InterleavedToShardedDeviceOperation,8,1654.0
815104,,InterleavedToShardedDeviceOperation,8,1653.0
1390592,,InterleavedToShardedDeviceOperation,32,1653.0
2492416,1,InterleavedToShardedDeviceOperation,8,1653.0
778240,,InterleavedToShardedDeviceOperation,8,1652.0
1808384,1,TypecastDeviceOperation,1,1652.0
1331200,,InterleavedToShardedDeviceOperation,8,1651.0
3178496,,UntilizeWithUnpaddingDeviceOperation,1,1651.0
3203072,,UntilizeWithUnpaddingDeviceOperation,1,1650.0
3101696,1,ShardedToInterleavedDeviceOperation,16,1647.0
2622464,1,ShardedToInterleavedDeviceOperation,32,1646.0
962560,,InterleavedToShardedDeviceOperation,8,1641.0
2344960,1,InterleavedToShardedDeviceOperation,8,1640.0
2998272,1,ShardedToInterleavedDeviceOperation,16,1640.0
3177472,,UntilizeWithUnpaddingDeviceOperation,1,1639.0
1169408,,InterleavedToShardedDeviceOperation,32,1632.0
1036288,,InterleavedToShardedDeviceOperation,8,1630.0
2565120,1,ShardedToInterleavedDeviceOperation,32,1630.0
3174400,,UntilizeWithUnpaddingDeviceOperation,1,1629.0
505856,,InterleavedToShardedDeviceOperation,32,1628.0
630784,,InterleavedToShardedDeviceOperation,8,1627.0
3138560,1,ShardedToInterleavedDeviceOperation,16,1627.0
2159616,1,ShardedToInterleavedDeviceOperation,32,1625.0
3208192,,UntilizeWithUnpaddingDeviceOperation,1,1624.0
1722368,,InterleavedToShardedDeviceOperation,32,1623.0
1183744,,InterleavedToShardedDeviceOperation,8,1621.0
1257472,,InterleavedToShardedDeviceOperation,8,1621.0
1478656,,InterleavedToShardedDeviceOperation,8,1621.0
999424,,InterleavedToShardedDeviceOperation,8,1620.0
1501184,,InterleavedToShardedDeviceOperation,32,1620.0
1626112,,InterleavedToShardedDeviceOperation,8,1618.0
1699840,,InterleavedToShardedDeviceOperation,8,1618.0
1812480,1,ConcatDeviceOperation,4,1618.0
2843648,1,ShardedToInterleavedDeviceOperation,28,1618.0
704512,,InterleavedToShardedDeviceOperation,8,1615.0
1073152,,InterleavedToShardedDeviceOperation,8,1615.0
3081216,1,ShardedToInterleavedDeviceOperation,12,1613.0
483328,,InterleavedToShardedDeviceOperation,8,1609.0
1441792,,InterleavedToShardedDeviceOperation,8,1608.0
1736704,,InterleavedToShardedDeviceOperation,8,1603.0
800768,,InterleavedToShardedDeviceOperation,32,1600.0
1368064,,InterleavedToShardedDeviceOperation,8,1598.0
1552384,,InterleavedToShardedDeviceOperation,8,1598.0
1294336,,InterleavedToShardedDeviceOperation,8,1596.0
454656,,InterleavedToShardedDeviceOperation,32,1595.0
1648640,,InterleavedToShardedDeviceOperation,32,1595.0
1841152,1,ShardedToInterleavedDeviceOperation,32,1589.0
1662976,,InterleavedToShardedDeviceOperation,8,1588.0
423936,,RepeatDeviceOperation,64,1586.0
1773568,,InterleavedToShardedDeviceOperation,8,1585.0
2570240,1,ReshardDeviceOperation,8,1585.0
2454528,1,ShardedToInterleavedDeviceOperation,32,1577.0
2865152,1,ReshardDeviceOperation,4,1571.0
2127872,1,ReshardDeviceOperation,8,1567.0
690176,,InterleavedToShardedDeviceOperation,32,1565.0
985088,,InterleavedToShardedDeviceOperation,32,1564.0
430080,,ConcatDeviceOperation,4,1546.0
1939456,1,InterleavedToShardedDeviceOperation,8,1544.0
763904,,InterleavedToShardedDeviceOperation,32,1543.0
1427456,,InterleavedToShardedDeviceOperation,32,1541.0
2566144,1,InterleavedToShardedDeviceOperation,8,1541.0
2256896,1,InterleavedToShardedDeviceOperation,32,1534.0
1902592,1,InterleavedToShardedDeviceOperation,8,1533.0
579584,,InterleavedToShardedDeviceOperation,32,1532.0
1574912,,InterleavedToShardedDeviceOperation,32,1532.0
2270208,1,ShardedToInterleavedDeviceOperation,32,1529.0
1058816,,InterleavedToShardedDeviceOperation,32,1521.0
1759232,,InterleavedToShardedDeviceOperation,32,1521.0
874496,,InterleavedToShardedDeviceOperation,32,1508.0
2887680,1,ShardedToInterleavedDeviceOperation,28,1508.0
616448,,InterleavedToShardedDeviceOperation,32,1505.0
2675712,1,ShardedToInterleavedDeviceOperation,32,1502.0
413696,,TypecastDeviceOperation,32,1497.0
1796096,1,TypecastDeviceOperation,32,1497.0
2012160,1,ShardedToInterleavedDeviceOperation,32,1497.0
1132544,,InterleavedToShardedDeviceOperation,32,1496.0
1464320,,InterleavedToShardedDeviceOperation,32,1489.0
2883584,1,InterleavedToShardedDeviceOperation,28,1489.0
653312,,InterleavedToShardedDeviceOperation,32,1487.0
2786304,1,ShardedToInterleavedDeviceOperation,32,1481.0
2327552,1,ShardedToInterleavedDeviceOperation,32,1480.0
1206272,,InterleavedToShardedDeviceOperation,32,1477.0
1243136,,InterleavedToShardedDeviceOperation,32,1476.0
1938432,1,ShardedToInterleavedDeviceOperation,32,1474.0
3027968,1,ShardedToInterleavedDeviceOperation,16,1474.0
948224,,InterleavedToShardedDeviceOperation,32,1472.0
2712576,1,ShardedToInterleavedDeviceOperation,32,1471.0
425984,,TypecastDeviceOperation,1,1469.0
1316864,,InterleavedToShardedDeviceOperation,32,1465.0
1353728,,InterleavedToShardedDeviceOperation,32,1463.0
445440,,InterleavedToShardedDeviceOperation,32,1456.0
1864704,1,ShardedToInterleavedDeviceOperation,32,1454.0
3012608,1,ReshardDeviceOperation,4,1452.0
3154944,1,ShardedToInterleavedDeviceOperation,12,1449.0
2275328,1,ReshardDeviceOperation,8,1448.0
1611776,,InterleavedToShardedDeviceOperation,32,1442.0
3141632,1,InterleavedToShardedDeviceOperation,12,1441.0
1095680,,InterleavedToShardedDeviceOperation,32,1435.0
1858560,1,ShardedToInterleavedDeviceOperation,32,1435.0
727040,,InterleavedToShardedDeviceOperation,32,1433.0
1021952,,InterleavedToShardedDeviceOperation,32,1432.0
1685504,,InterleavedToShardedDeviceOperation,32,1432.0
1837056,1,InterleavedToShardedDeviceOperation,32,1432.0
542720,,InterleavedToShardedDeviceOperation,32,1429.0
2076672,1,ShardedToInterleavedDeviceOperation,32,1427.0
2749440,1,ShardedToInterleavedDeviceOperation,32,1420.0
2233344,1,ShardedToInterleavedDeviceOperation,32,1417.0
2551808,1,InterleavedToShardedDeviceOperation,32,1415.0
2491392,1,ShardedToInterleavedDeviceOperation,32,1414.0
3035136,1,ShardedToInterleavedDeviceOperation,16,1412.0
911360,,InterleavedToShardedDeviceOperation,32,1410.0
2085888,1,ShardedToInterleavedDeviceOperation,32,1404.0
837632,,InterleavedToShardedDeviceOperation,32,1397.0
1925120,1,InterleavedToShardedDeviceOperation,32,1390.0
3118080,1,ShardedToInterleavedDeviceOperation,12,1382.0
2601984,1,ShardedToInterleavedDeviceOperation,32,1369.0
3064832,1,ShardedToInterleavedDeviceOperation,16,1368.0
476160,,ShardedToInterleavedDeviceOperation,32,1367.0
2860032,1,ShardedToInterleavedDeviceOperation,28,1361.0
1961984,1,InterleavedToShardedDeviceOperation,32,1356.0
2588672,1,InterleavedToShardedDeviceOperation,32,1355.0
2307072,1,ShardedToInterleavedDeviceOperation,32,1346.0
1998848,1,InterleavedToShardedDeviceOperation,32,1334.0
2896896,1,ShardedToInterleavedDeviceOperation,28,1326.0
2072576,1,InterleavedToShardedDeviceOperation,32,1325.0
2957312,1,InterleavedToShardedDeviceOperation,25,1323.0
2380800,1,ShardedToInterleavedDeviceOperation,32,1321.0
2049024,1,ShardedToInterleavedDeviceOperation,32,1318.0
2122752,1,ShardedToInterleavedDeviceOperation,32,1313.0
2343936,1,ShardedToInterleavedDeviceOperation,32,1313.0
2417664,1,ShardedToInterleavedDeviceOperation,32,1313.0
2717696,1,ReshardDeviceOperation,8,1313.0
2528256,1,ShardedToInterleavedDeviceOperation,32,1305.0
2823168,1,ShardedToInterleavedDeviceOperation,31,1305.0
2772992,1,InterleavedToShardedDeviceOperation,32,1300.0
1888256,1,InterleavedToShardedDeviceOperation,32,1289.0
3007488,1,ShardedToInterleavedDeviceOperation,16,1289.0
2109440,1,InterleavedToShardedDeviceOperation,32,1288.0
2146304,1,InterleavedToShardedDeviceOperation,32,1279.0
1975296,1,ShardedToInterleavedDeviceOperation,32,1273.0
2638848,1,ShardedToInterleavedDeviceOperation,32,1273.0
2441216,1,InterleavedToShardedDeviceOperation,32,1268.0
478208,,InterleavedToShardedDeviceOperation,32,1267.0
2736128,1,InterleavedToShardedDeviceOperation,32,1245.0
2625536,1,InterleavedToShardedDeviceOperation,32,1244.0
2933760,1,ShardedToInterleavedDeviceOperation,28,1241.0
3044352,1,ShardedToInterleavedDeviceOperation,12,1241.0
2920448,1,InterleavedToShardedDeviceOperation,28,1229.0
2970624,1,ShardedToInterleavedDeviceOperation,16,1193.0
2293760,1,InterleavedToShardedDeviceOperation,32,1169.0
441344,,CopyDeviceOperation,4,1163.0
2762752,1,ReshardDeviceOperation,8,1154.0
1842176,1,CopyDeviceOperation,4,1149.0
1823744,1,CopyDeviceOperation,4,1148.0
2689024,1,ReshardDeviceOperation,8,1144.0
2504704,1,ReshardDeviceOperation,8,1141.0
2799616,1,ReshardDeviceOperation,8,1141.0
2209792,1,ReshardDeviceOperation,8,1137.0
2652160,1,ReshardDeviceOperation,8,1137.0
2136064,1,ReshardDeviceOperation,8,1135.0
2062336,1,ReshardDeviceOperation,8,1134.0
2357248,1,ReshardDeviceOperation,8,1133.0
1914880,1,ReshardDeviceOperation,8,1131.0
1048576,,ReshardDeviceOperation,8,1130.0
2578432,1,ReshardDeviceOperation,8,1130.0
2283520,1,ReshardDeviceOperation,8,1128.0
1878016,1,ReshardDeviceOperation,8,1127.0
2091008,1,ReshardDeviceOperation,8,1127.0
2099200,1,ReshardDeviceOperation,8,1127.0
2320384,1,ReshardDeviceOperation,8,1127.0
2467840,1,ReshardDeviceOperation,8,1127.0
2615296,1,ReshardDeviceOperation,8,1127.0
2643968,1,ReshardDeviceOperation,8,1127.0
2201600,1,ReshardDeviceOperation,8,1126.0
966656,,ReshardDeviceOperation,8,1125.0
1159168,,ReshardDeviceOperation,8,1125.0
2725888,1,ReshardDeviceOperation,8,1125.0
3020800,1,ReshardDeviceOperation,4,1125.0
1445888,,ReshardDeviceOperation,8,1124.0
2754560,1,ReshardDeviceOperation,8,1124.0
419840,,ReshardDeviceOperation,8,1123.0
1630208,,ReshardDeviceOperation,8,1123.0
1802240,1,ReshardDeviceOperation,8,1123.0
2533376,1,ReshardDeviceOperation,8,1123.0
2828288,1,ReshardDeviceOperation,7,1123.0
2312192,1,ReshardDeviceOperation,8,1122.0
2349056,1,ReshardDeviceOperation,8,1122.0
2385920,1,ReshardDeviceOperation,8,1122.0
2607104,1,ReshardDeviceOperation,8,1122.0
2791424,1,ReshardDeviceOperation,8,1122.0
2983936,1,ReshardDeviceOperation,4,1122.0
2017280,1,ReshardDeviceOperation,8,1121.0
2246656,1,ReshardDeviceOperation,8,1121.0
679936,,ReshardDeviceOperation,8,1120.0
864256,,ReshardDeviceOperation,8,1120.0
1085440,,ReshardDeviceOperation,8,1120.0
1564672,,ReshardDeviceOperation,8,1120.0
1951744,1,ReshardDeviceOperation,8,1120.0
2430976,1,ReshardDeviceOperation,8,1120.0
2459648,1,ReshardDeviceOperation,8,1120.0
2680832,1,ReshardDeviceOperation,8,1120.0
1409024,,ReshardDeviceOperation,8,1119.0
1906688,1,ReshardDeviceOperation,8,1119.0
1988608,1,ReshardDeviceOperation,8,1119.0
2054144,1,ReshardDeviceOperation,8,1119.0
2164736,1,ReshardDeviceOperation,8,1119.0
2238464,1,ReshardDeviceOperation,8,1119.0
2496512,1,ReshardDeviceOperation,8,1119.0
1777664,,ReshardDeviceOperation,8,1118.0
2025472,1,ReshardDeviceOperation,8,1118.0
495616,,ReshardDeviceOperation,8,1117.0
937984,,ReshardDeviceOperation,8,1117.0
1372160,,ReshardDeviceOperation,8,1117.0
1454080,,ReshardDeviceOperation,8,1117.0
1482752,,ReshardDeviceOperation,8,1117.0
1593344,,ReshardDeviceOperation,8,1117.0
1638400,,ReshardDeviceOperation,8,1117.0
1748992,,ReshardDeviceOperation,8,1117.0
2172928,1,ReshardDeviceOperation,8,1117.0
2394112,1,ReshardDeviceOperation,8,1117.0
634880,,ReshardDeviceOperation,8,1116.0
671744,,ReshardDeviceOperation,8,1116.0
745472,,ReshardDeviceOperation,8,1116.0
819200,,ReshardDeviceOperation,8,1116.0
856064,,ReshardDeviceOperation,8,1116.0
901120,,ReshardDeviceOperation,8,1116.0
1011712,,ReshardDeviceOperation,8,1116.0
1196032,,ReshardDeviceOperation,8,1116.0
1232896,,ReshardDeviceOperation,8,1116.0
1269760,,ReshardDeviceOperation,8,1116.0
1306624,,ReshardDeviceOperation,8,1116.0
1490944,,ReshardDeviceOperation,8,1116.0
1712128,,ReshardDeviceOperation,8,1116.0
561152,,ReshardDeviceOperation,8,1115.0
569344,,ReshardDeviceOperation,8,1115.0
598016,,ReshardDeviceOperation,8,1115.0
606208,,ReshardDeviceOperation,8,1115.0
708608,,ReshardDeviceOperation,8,1115.0
716800,,ReshardDeviceOperation,8,1115.0
753664,,ReshardDeviceOperation,8,1115.0
782336,,ReshardDeviceOperation,8,1115.0
974848,,ReshardDeviceOperation,8,1115.0
1040384,,ReshardDeviceOperation,8,1115.0
1122304,,ReshardDeviceOperation,8,1115.0
1150976,,ReshardDeviceOperation,8,1115.0
1224704,,ReshardDeviceOperation,8,1115.0
1335296,,ReshardDeviceOperation,8,1115.0
1343488,,ReshardDeviceOperation,8,1115.0
1740800,,ReshardDeviceOperation,8,1115.0
643072,,ReshardDeviceOperation,8,1114.0
1114112,,ReshardDeviceOperation,8,1114.0
1187840,,ReshardDeviceOperation,8,1114.0
1261568,,ReshardDeviceOperation,8,1114.0
1675264,,ReshardDeviceOperation,8,1114.0
1703936,,ReshardDeviceOperation,8,1114.0
2541568,1,ReshardDeviceOperation,8,1114.0
1298432,,ReshardDeviceOperation,8,1112.0
1601536,,ReshardDeviceOperation,8,1112.0
524288,,ReshardDeviceOperation,8,1111.0
929792,,ReshardDeviceOperation,8,1111.0
1943552,1,ReshardDeviceOperation,8,1111.0
486400,,ReshardDeviceOperation,8,1109.0
892928,,ReshardDeviceOperation,8,1109.0
1519616,,ReshardDeviceOperation,8,1109.0
1527808,,ReshardDeviceOperation,8,1109.0
1556480,,ReshardDeviceOperation,8,1109.0
532480,,ReshardDeviceOperation,8,1107.0
790528,,ReshardDeviceOperation,8,1107.0
827392,,ReshardDeviceOperation,8,1107.0
1003520,,ReshardDeviceOperation,8,1107.0
1417216,,ReshardDeviceOperation,8,1107.0
1667072,,ReshardDeviceOperation,8,1107.0
1380352,,ReshardDeviceOperation,8,1106.0
2910208,1,ReshardDeviceOperation,4,1105.0
1077248,,ReshardDeviceOperation,8,1104.0
3067904,1,InterleavedToShardedDeviceOperation,12,1104.0
417792,,InterleavedToShardedDeviceOperation,40,1101.0
442368,,CopyDeviceOperation,4,1097.0
2947072,1,ReshardDeviceOperation,4,1097.0
459776,,CopyDeviceOperation,4,1089.0
2836480,1,ReshardDeviceOperation,4,1087.0
2975744,1,ReshardDeviceOperation,4,1087.0
2873344,1,ReshardDeviceOperation,4,1085.0
1868800,1,ReshardDeviceOperation,8,1083.0
1800192,1,InterleavedToShardedDeviceOperation,40,1082.0
2902016,1,ReshardDeviceOperation,4,1068.0
2938880,1,ReshardDeviceOperation,4,1066.0
1824768,1,CopyDeviceOperation,4,989.0
1860608,1,InterleavedToShardedDeviceOperation,32,989.0
3104768,1,InterleavedToShardedDeviceOperation,12,947.0
1798144,1,CopyDeviceOperation,1,880.0
415744,,CopyDeviceOperation,1,878.0
431104,,InterleavedToShardedDeviceOperation,4,847.0
412672,,ShardedToInterleavedDeviceOperation,1,745.0
1795072,1,ShardedToInterleavedDeviceOperation,1,744.0
429056,,ShardedToInterleavedDeviceOperation,2,743.0
409600,,ShardedToInterleavedDeviceOperation,1,734.0
1813504,1,InterleavedToShardedDeviceOperation,4,729.0
1792000,1,ShardedToInterleavedDeviceOperation,1,726.0
2789376,1,BinaryNgDeviceOperation,64,604.0
3084288,1,BinaryNgDeviceOperation,44,604.0
2097152,1,BinaryNgDeviceOperation,64,603.0
2539520,1,BinaryNgDeviceOperation,64,601.0
2797568,1,BinaryNgDeviceOperation,64,601.0
3018752,1,BinaryNgDeviceOperation,48,600.0
2457600,1,BinaryNgDeviceOperation,64,599.0
2899968,1,BinaryNgDeviceOperation,60,598.0
3092480,1,BinaryNgDeviceOperation,44,598.0
1949696,1,BinaryNgDeviceOperation,64,597.0
2650112,1,BinaryNgDeviceOperation,64,597.0
3166208,1,BinaryNgDeviceOperation,44,597.0
2981888,1,BinaryNgDeviceOperation,48,593.0
2723840,1,BinaryNgDeviceOperation,64,592.0
439296,,ShardedToInterleavedDeviceOperation,4,591.0
2355200,1,BinaryNgDeviceOperation,64,591.0
2125824,1,BinaryNgDeviceOperation,64,590.0
2568192,1,BinaryNgDeviceOperation,64,590.0
2347008,1,BinaryNgDeviceOperation,64,589.0
2494464,1,BinaryNgDeviceOperation,64,587.0
3158016,1,BinaryNgDeviceOperation,44,587.0
2023424,1,BinaryNgDeviceOperation,64,586.0
2760704,1,BinaryNgDeviceOperation,64,586.0
1941504,1,BinaryNgDeviceOperation,64,584.0
1811456,1,ShardedToInterleavedDeviceOperation,2,583.0
1978368,1,BinaryNgDeviceOperation,64,583.0
2134016,1,BinaryNgDeviceOperation,64,582.0
2318336,1,BinaryNgDeviceOperation,64,581.0
2392064,1,BinaryNgDeviceOperation,64,581.0
3129344,1,BinaryNgDeviceOperation,44,581.0
2052096,1,BinaryNgDeviceOperation,64,580.0
2273280,1,BinaryNgDeviceOperation,64,580.0
2281472,1,BinaryNgDeviceOperation,64,580.0
2531328,1,BinaryNgDeviceOperation,64,580.0
2678784,1,BinaryNgDeviceOperation,64,579.0
3047424,1,BinaryNgDeviceOperation,44,579.0
3121152,1,BinaryNgDeviceOperation,44,578.0
2641920,1,BinaryNgDeviceOperation,64,577.0
2162688,1,BinaryNgDeviceOperation,64,576.0
2465792,1,BinaryNgDeviceOperation,64,576.0
2715648,1,BinaryNgDeviceOperation,64,576.0
3010560,1,BinaryNgDeviceOperation,48,576.0
449536,,ShardedToInterleavedDeviceOperation,4,575.0
1875968,1,BinaryNgDeviceOperation,64,575.0
1904640,1,BinaryNgDeviceOperation,64,574.0
1986560,1,BinaryNgDeviceOperation,64,574.0
2936832,1,BinaryNgDeviceOperation,60,574.0
2060288,1,BinaryNgDeviceOperation,64,573.0
2826240,1,BinaryNgDeviceOperation,63,573.0
2863104,1,BinaryNgDeviceOperation,60,573.0
2088960,1,BinaryNgDeviceOperation,64,572.0
2170880,1,BinaryNgDeviceOperation,64,571.0
2236416,1,BinaryNgDeviceOperation,64,571.0
2428928,1,BinaryNgDeviceOperation,64,571.0
2908160,1,BinaryNgDeviceOperation,60,571.0
2015232,1,BinaryNgDeviceOperation,64,570.0
2199552,1,BinaryNgDeviceOperation,64,570.0
2752512,1,BinaryNgDeviceOperation,64,570.0
2973696,1,BinaryNgDeviceOperation,48,569.0
1912832,1,BinaryNgDeviceOperation,64,568.0
2207744,1,BinaryNgDeviceOperation,64,568.0
2502656,1,BinaryNgDeviceOperation,64,568.0
2605056,1,BinaryNgDeviceOperation,64,567.0
2871296,1,BinaryNgDeviceOperation,60,566.0
2576384,1,BinaryNgDeviceOperation,64,565.0
2244608,1,BinaryNgDeviceOperation,64,564.0
3055616,1,BinaryNgDeviceOperation,44,564.0
2613248,1,BinaryNgDeviceOperation,64,562.0
2945024,1,BinaryNgDeviceOperation,60,562.0
2420736,1,BinaryNgDeviceOperation,64,561.0
2310144,1,BinaryNgDeviceOperation,64,559.0
2834432,1,BinaryNgDeviceOperation,60,558.0
2686976,1,BinaryNgDeviceOperation,64,557.0
2383872,1,BinaryNgDeviceOperation,64,554.0
440320,,ShardedToInterleavedDeviceOperation,4,548.0
1831936,1,ShardedToInterleavedDeviceOperation,4,539.0
1822720,1,ShardedToInterleavedDeviceOperation,4,532.0
1821696,1,ShardedToInterleavedDeviceOperation,4,527.0
1628160,,BinaryNgDeviceOperation,64,512.0
751616,,BinaryNgDeviceOperation,64,507.0
964608,,BinaryNgDeviceOperation,64,507.0
1378304,,BinaryNgDeviceOperation,64,507.0
1267712,,BinaryNgDeviceOperation,64,506.0
493568,,BinaryNgDeviceOperation,64,504.0
1075200,,BinaryNgDeviceOperation,64,499.0
1259520,,BinaryNgDeviceOperation,64,499.0
1046528,,BinaryNgDeviceOperation,64,497.0
1083392,,BinaryNgDeviceOperation,64,493.0
1554432,,BinaryNgDeviceOperation,64,493.0
1009664,,BinaryNgDeviceOperation,64,492.0
1001472,,BinaryNgDeviceOperation,64,491.0
641024,,BinaryNgDeviceOperation,64,490.0
1525760,,BinaryNgDeviceOperation,64,489.0
1738752,,BinaryNgDeviceOperation,64,489.0
935936,,BinaryNgDeviceOperation,64,488.0
1406976,,BinaryNgDeviceOperation,64,488.0
669696,,BinaryNgDeviceOperation,64,484.0
890880,,BinaryNgDeviceOperation,64,484.0
1591296,,BinaryNgDeviceOperation,64,483.0
714752,,BinaryNgDeviceOperation,64,482.0
817152,,BinaryNgDeviceOperation,64,482.0
567296,,BinaryNgDeviceOperation,64,481.0
927744,,BinaryNgDeviceOperation,64,481.0
1333248,,BinaryNgDeviceOperation,64,481.0
1341440,,BinaryNgDeviceOperation,64,481.0
1517568,,BinaryNgDeviceOperation,64,481.0
1599488,,BinaryNgDeviceOperation,64,481.0
1665024,,BinaryNgDeviceOperation,64,481.0
1775616,,BinaryNgDeviceOperation,64,481.0
1443840,,BinaryNgDeviceOperation,64,480.0
1038336,,BinaryNgDeviceOperation,64,479.0
1230848,,BinaryNgDeviceOperation,64,479.0
972800,,BinaryNgDeviceOperation,64,478.0
1746944,,BinaryNgDeviceOperation,64,478.0
604160,,BinaryNgDeviceOperation,64,477.0
677888,,BinaryNgDeviceOperation,64,477.0
788480,,BinaryNgDeviceOperation,64,477.0
1415168,,BinaryNgDeviceOperation,64,477.0
559104,,BinaryNgDeviceOperation,64,476.0
632832,,BinaryNgDeviceOperation,64,476.0
706560,,BinaryNgDeviceOperation,64,476.0
1185792,,BinaryNgDeviceOperation,64,476.0
1783808,,BinaryNgDeviceOperation,64,476.0
530432,,BinaryNgDeviceOperation,64,475.0
1304576,,BinaryNgDeviceOperation,64,475.0
1701888,,BinaryNgDeviceOperation,64,475.0
780288,,BinaryNgDeviceOperation,64,474.0
1148928,,BinaryNgDeviceOperation,64,474.0
595968,,BinaryNgDeviceOperation,64,473.0
1370112,,BinaryNgDeviceOperation,64,473.0
1673216,,BinaryNgDeviceOperation,64,473.0
899072,,BinaryNgDeviceOperation,64,472.0
854016,,BinaryNgDeviceOperation,64,471.0
1112064,,BinaryNgDeviceOperation,64,471.0
1562624,,BinaryNgDeviceOperation,64,471.0
1710080,,BinaryNgDeviceOperation,64,471.0
1480704,,BinaryNgDeviceOperation,64,470.0
1120256,,BinaryNgDeviceOperation,64,469.0
522240,,BinaryNgDeviceOperation,64,468.0
1488896,,BinaryNgDeviceOperation,64,468.0
743424,,BinaryNgDeviceOperation,64,466.0
862208,,BinaryNgDeviceOperation,64,466.0
1222656,,BinaryNgDeviceOperation,64,466.0
1636352,,BinaryNgDeviceOperation,64,466.0
1193984,,BinaryNgDeviceOperation,64,465.0
1296384,,BinaryNgDeviceOperation,64,465.0
1452032,,BinaryNgDeviceOperation,64,465.0
1157120,,BinaryNgDeviceOperation,64,464.0
825344,,BinaryNgDeviceOperation,64,459.0
