op_id,replay,op_name,cores,duration_ns
1551360,,ArgMaxDeviceOperation,64,2723611.0
2786304,1,ArgMaxDeviceOperation,52,2722332.0
1548288,,MatmulDeviceOperation,64,1788310.0
2783232,1,MatmulDeviceOperation,52,1784016.0
300032,,InterleavedToShardedDeviceOperation,11,247168.0
236544,,InterleavedToShardedDeviceOperation,11,246848.0
259072,,InterleavedToShardedDeviceOperation,11,246596.0
217088,,InterleavedToShardedDeviceOperation,11,246082.0
312320,,InterleavedToShardedDeviceOperation,11,245908.0
276480,,InterleavedToShardedDeviceOperation,11,245178.0
182272,,InterleavedToShardedDeviceOperation,11,244766.0
191488,,InterleavedToShardedDeviceOperation,11,244747.0
221184,,InterleavedToShardedDeviceOperation,11,244731.0
238592,,InterleavedToShardedDeviceOperation,11,244188.0
244736,,InterleavedToShardedDeviceOperation,11,244140.0
249856,,InterleavedToShardedDeviceOperation,11,244076.0
190464,,InterleavedToShardedDeviceOperation,11,244068.0
256000,,InterleavedToShardedDeviceOperation,11,244015.0
254976,,InterleavedToShardedDeviceOperation,11,243977.0
305152,,InterleavedToShardedDeviceOperation,11,243829.0
311296,,InterleavedToShardedDeviceOperation,11,243752.0
295936,,InterleavedToShardedDeviceOperation,11,243749.0
277504,,InterleavedToShardedDeviceOperation,11,243716.0
189440,,InterleavedToShardedDeviceOperation,11,243659.0
200704,,InterleavedToShardedDeviceOperation,11,243593.0
195584,,InterleavedToShardedDeviceOperation,11,243547.0
299008,,InterleavedToShardedDeviceOperation,11,243479.0
286720,,InterleavedToShardedDeviceOperation,11,243326.0
240640,,InterleavedToShardedDeviceOperation,11,243219.0
216064,,InterleavedToShardedDeviceOperation,11,243017.0
302080,,InterleavedToShardedDeviceOperation,11,242867.0
202752,,InterleavedToShardedDeviceOperation,11,241880.0
215040,,InterleavedToShardedDeviceOperation,12,218942.0
292864,,InterleavedToShardedDeviceOperation,12,218738.0
228352,,InterleavedToShardedDeviceOperation,12,218606.0
314368,,InterleavedToShardedDeviceOperation,12,218605.0
296960,,InterleavedToShardedDeviceOperation,12,218520.0
207872,,InterleavedToShardedDeviceOperation,12,218489.0
232448,,InterleavedToShardedDeviceOperation,12,218306.0
183296,,InterleavedToShardedDeviceOperation,12,218024.0
316416,,InterleavedToShardedDeviceOperation,12,217946.0
225280,,InterleavedToShardedDeviceOperation,12,217840.0
278528,,InterleavedToShardedDeviceOperation,12,217794.0
218112,,InterleavedToShardedDeviceOperation,12,217781.0
297984,,InterleavedToShardedDeviceOperation,12,217776.0
272384,,InterleavedToShardedDeviceOperation,12,217684.0
174080,,InterleavedToShardedDeviceOperation,12,217635.0
192512,,InterleavedToShardedDeviceOperation,12,217566.0
230400,,InterleavedToShardedDeviceOperation,12,217538.0
214016,,InterleavedToShardedDeviceOperation,12,217501.0
310272,,InterleavedToShardedDeviceOperation,12,217462.0
242688,,InterleavedToShardedDeviceOperation,12,217426.0
186368,,InterleavedToShardedDeviceOperation,12,217392.0
282624,,InterleavedToShardedDeviceOperation,12,217357.0
196608,,InterleavedToShardedDeviceOperation,12,217347.0
211968,,InterleavedToShardedDeviceOperation,12,217337.0
252928,,InterleavedToShardedDeviceOperation,12,217219.0
227328,,InterleavedToShardedDeviceOperation,12,217210.0
204800,,InterleavedToShardedDeviceOperation,12,217146.0
280576,,InterleavedToShardedDeviceOperation,12,217129.0
281600,,InterleavedToShardedDeviceOperation,12,217098.0
180224,,InterleavedToShardedDeviceOperation,12,217059.0
264192,,InterleavedToShardedDeviceOperation,12,217018.0
187392,,InterleavedToShardedDeviceOperation,12,217010.0
284672,,InterleavedToShardedDeviceOperation,12,216998.0
198656,,InterleavedToShardedDeviceOperation,12,216953.0
219136,,InterleavedToShardedDeviceOperation,12,216915.0
291840,,InterleavedToShardedDeviceOperation,12,216883.0
257024,,InterleavedToShardedDeviceOperation,12,216789.0
308224,,InterleavedToShardedDeviceOperation,12,216758.0
267264,,InterleavedToShardedDeviceOperation,12,216714.0
246784,,InterleavedToShardedDeviceOperation,12,216654.0
210944,,InterleavedToShardedDeviceOperation,12,216612.0
309248,,InterleavedToShardedDeviceOperation,12,216603.0
287744,,InterleavedToShardedDeviceOperation,12,216597.0
178176,,InterleavedToShardedDeviceOperation,12,216582.0
261120,,InterleavedToShardedDeviceOperation,12,216572.0
201728,,InterleavedToShardedDeviceOperation,12,216558.0
245760,,InterleavedToShardedDeviceOperation,12,216470.0
315392,,InterleavedToShardedDeviceOperation,12,216428.0
262144,,InterleavedToShardedDeviceOperation,12,216423.0
181248,,InterleavedToShardedDeviceOperation,12,216382.0
301056,,InterleavedToShardedDeviceOperation,12,216362.0
283648,,InterleavedToShardedDeviceOperation,12,216307.0
265216,,InterleavedToShardedDeviceOperation,12,216079.0
247808,,InterleavedToShardedDeviceOperation,12,215895.0
279552,,InterleavedToShardedDeviceOperation,12,215885.0
233472,,InterleavedToShardedDeviceOperation,12,215561.0
271360,,InterleavedToShardedDeviceOperation,12,156257.0
248832,,InterleavedToShardedDeviceOperation,12,154362.0
263168,,InterleavedToShardedDeviceOperation,12,154226.0
224256,,InterleavedToShardedDeviceOperation,12,153961.0
237568,,InterleavedToShardedDeviceOperation,12,153286.0
203776,,InterleavedToShardedDeviceOperation,12,153257.0
226304,,InterleavedToShardedDeviceOperation,12,153239.0
234496,,InterleavedToShardedDeviceOperation,12,153070.0
175104,,InterleavedToShardedDeviceOperation,12,152991.0
303104,,InterleavedToShardedDeviceOperation,12,152951.0
289792,,InterleavedToShardedDeviceOperation,12,152822.0
293888,,InterleavedToShardedDeviceOperation,12,152674.0
260096,,InterleavedToShardedDeviceOperation,12,152464.0
185344,,InterleavedToShardedDeviceOperation,12,152374.0
273408,,InterleavedToShardedDeviceOperation,12,152349.0
194560,,InterleavedToShardedDeviceOperation,12,152161.0
229376,,InterleavedToShardedDeviceOperation,12,151978.0
184320,,InterleavedToShardedDeviceOperation,12,151928.0
176128,,InterleavedToShardedDeviceOperation,12,151897.0
231424,,InterleavedToShardedDeviceOperation,12,151886.0
241664,,InterleavedToShardedDeviceOperation,12,151712.0
222208,,InterleavedToShardedDeviceOperation,12,151679.0
199680,,InterleavedToShardedDeviceOperation,12,151286.0
270336,,InterleavedToShardedDeviceOperation,12,151249.0
179200,,InterleavedToShardedDeviceOperation,12,151094.0
274432,,InterleavedToShardedDeviceOperation,12,150925.0
197632,,InterleavedToShardedDeviceOperation,12,150168.0
223232,,InterleavedToShardedDeviceOperation,12,150153.0
2785280,1,UntilizeDeviceOperation,51,137973.0
1550336,,UntilizeDeviceOperation,63,130449.0
2590720,1,SdpaDecodeDeviceOperation,63,116154.0
893952,,SdpaDecodeDeviceOperation,64,115709.0
684032,,SdpaDecodeDeviceOperation,64,115524.0
1145856,,SdpaDecodeDeviceOperation,64,114803.0
1618944,1,SdpaDecodeDeviceOperation,64,114717.0
1709056,1,SdpaDecodeDeviceOperation,64,114486.0
1835008,1,SdpaDecodeDeviceOperation,64,114391.0
2506752,1,SdpaDecodeDeviceOperation,64,114236.0
2422784,1,SdpaDecodeDeviceOperation,64,114171.0
2170880,1,SdpaDecodeDeviceOperation,64,114015.0
1103872,,SdpaDecodeDeviceOperation,64,113921.0
2086912,1,SdpaDecodeDeviceOperation,64,113809.0
2464768,1,SdpaDecodeDeviceOperation,64,113676.0
642048,,SdpaDecodeDeviceOperation,64,113533.0
977920,,SdpaDecodeDeviceOperation,64,113312.0
2044928,1,SdpaDecodeDeviceOperation,64,113305.0
2869248,,UntilizeDeviceOperation,64,113220.0
1481728,,SdpaDecodeDeviceOperation,64,113173.0
851968,,SdpaDecodeDeviceOperation,64,113042.0
1187840,,SdpaDecodeDeviceOperation,64,112862.0
1397760,,SdpaDecodeDeviceOperation,64,112704.0
384000,,SdpaDecodeDeviceOperation,64,112443.0
1355776,,SdpaDecodeDeviceOperation,64,112328.0
1793024,1,SdpaDecodeDeviceOperation,64,112316.0
2254848,1,SdpaDecodeDeviceOperation,64,112309.0
2338816,1,SdpaDecodeDeviceOperation,64,112258.0
726016,,SdpaDecodeDeviceOperation,64,112110.0
516096,,SdpaDecodeDeviceOperation,64,112106.0
1751040,1,SdpaDecodeDeviceOperation,64,112067.0
2716672,1,SdpaDecodeDeviceOperation,60,112059.0
1019904,,SdpaDecodeDeviceOperation,64,112048.0
558080,,SdpaDecodeDeviceOperation,64,111970.0
1229824,,SdpaDecodeDeviceOperation,64,111905.0
2212864,1,SdpaDecodeDeviceOperation,64,111894.0
1523712,,SdpaDecodeDeviceOperation,64,111876.0
1271808,,SdpaDecodeDeviceOperation,64,111628.0
1313792,,SdpaDecodeDeviceOperation,64,111596.0
474112,,SdpaDecodeDeviceOperation,64,111588.0
600064,,SdpaDecodeDeviceOperation,64,111559.0
1061888,,SdpaDecodeDeviceOperation,64,111441.0
432128,,SdpaDecodeDeviceOperation,64,111315.0
1439744,,SdpaDecodeDeviceOperation,64,111296.0
2863104,,UntilizeDeviceOperation,64,111279.0
2854912,,UntilizeDeviceOperation,64,110978.0
2870272,,UntilizeDeviceOperation,64,110977.0
2829312,,UntilizeDeviceOperation,64,110959.0
2821120,,UntilizeDeviceOperation,64,110942.0
2674688,1,SdpaDecodeDeviceOperation,60,110737.0
2548736,1,SdpaDecodeDeviceOperation,64,110708.0
2862080,,UntilizeDeviceOperation,64,110689.0
768000,,SdpaDecodeDeviceOperation,64,110679.0
809984,,SdpaDecodeDeviceOperation,64,110655.0
1876992,1,SdpaDecodeDeviceOperation,64,110505.0
1960960,1,SdpaDecodeDeviceOperation,64,110476.0
2868224,,UntilizeDeviceOperation,64,110475.0
2851840,,UntilizeDeviceOperation,64,110473.0
935936,,SdpaDecodeDeviceOperation,64,110216.0
2853888,,UntilizeDeviceOperation,64,110097.0
2002944,1,SdpaDecodeDeviceOperation,64,109960.0
2296832,1,SdpaDecodeDeviceOperation,64,109895.0
2844672,,UntilizeDeviceOperation,64,109861.0
2128896,1,SdpaDecodeDeviceOperation,64,109779.0
2830336,,UntilizeDeviceOperation,64,109718.0
2758656,1,SdpaDecodeDeviceOperation,60,109595.0
2850816,,UntilizeDeviceOperation,64,109549.0
2872320,,UntilizeDeviceOperation,64,109511.0
2380800,1,SdpaDecodeDeviceOperation,64,109506.0
2852864,,UntilizeDeviceOperation,64,109479.0
2871296,,UntilizeDeviceOperation,64,109300.0
2846720,,UntilizeDeviceOperation,64,109152.0
2845696,,UntilizeDeviceOperation,64,109091.0
1667072,1,SdpaDecodeDeviceOperation,64,109066.0
1918976,1,SdpaDecodeDeviceOperation,64,109020.0
2837504,,UntilizeDeviceOperation,64,108993.0
2843648,,UntilizeDeviceOperation,64,108925.0
2835456,,UntilizeDeviceOperation,64,108907.0
2836480,,UntilizeDeviceOperation,64,108646.0
2822144,,UntilizeDeviceOperation,64,108609.0
2838528,,UntilizeDeviceOperation,64,108545.0
2632704,1,SdpaDecodeDeviceOperation,60,108286.0
2824192,,UntilizeDeviceOperation,64,108256.0
2820096,,UntilizeDeviceOperation,64,108054.0
2864128,,UntilizeDeviceOperation,64,108039.0
2818048,,UntilizeDeviceOperation,64,108029.0
2855936,,UntilizeDeviceOperation,64,107984.0
2856960,,UntilizeDeviceOperation,64,107834.0
2861056,,UntilizeDeviceOperation,64,107755.0
2819072,,UntilizeDeviceOperation,64,107634.0
2823168,,UntilizeDeviceOperation,64,107209.0
2873344,,UntilizeDeviceOperation,64,107050.0
2828288,,UntilizeDeviceOperation,64,107023.0
2825216,,UntilizeDeviceOperation,64,106873.0
2840576,,UntilizeDeviceOperation,64,106716.0
2859008,,UntilizeDeviceOperation,64,106596.0
2826240,,UntilizeDeviceOperation,64,106566.0
2832384,,UntilizeDeviceOperation,64,106539.0
2833408,,UntilizeDeviceOperation,64,106522.0
2827264,,UntilizeDeviceOperation,64,106501.0
2860032,,UntilizeDeviceOperation,64,106467.0
2847744,,UntilizeDeviceOperation,64,106466.0
2857984,,UntilizeDeviceOperation,64,106433.0
2841600,,UntilizeDeviceOperation,64,106275.0
2867200,,UntilizeDeviceOperation,64,106145.0
2831360,,UntilizeDeviceOperation,64,106126.0
2842624,,UntilizeDeviceOperation,64,106010.0
2865152,,UntilizeDeviceOperation,64,105892.0
2839552,,UntilizeDeviceOperation,64,105770.0
2849792,,UntilizeDeviceOperation,64,105670.0
2866176,,UntilizeDeviceOperation,64,105596.0
2817024,,UntilizeDeviceOperation,64,105076.0
2848768,,UntilizeDeviceOperation,64,104893.0
2834432,,UntilizeDeviceOperation,64,104121.0
4096,,TilizeDeviceOperation,64,99796.0
151552,,TilizeDeviceOperation,64,98593.0
155648,,TilizeDeviceOperation,64,98078.0
108544,,TilizeDeviceOperation,64,97906.0
131072,,TilizeDeviceOperation,64,97696.0
53248,,TilizeDeviceOperation,64,97543.0
71680,,TilizeDeviceOperation,64,97439.0
161792,,TilizeDeviceOperation,64,97259.0
83968,,TilizeDeviceOperation,64,97148.0
126976,,TilizeDeviceOperation,64,96998.0
34816,,TilizeDeviceOperation,64,96893.0
26624,,TilizeDeviceOperation,64,96675.0
90112,,TilizeDeviceOperation,64,96664.0
8192,,TilizeDeviceOperation,64,96647.0
149504,,TilizeDeviceOperation,64,96626.0
157696,,TilizeDeviceOperation,64,96576.0
28672,,TilizeDeviceOperation,64,96571.0
112640,,TilizeDeviceOperation,64,96472.0
106496,,TilizeDeviceOperation,64,96464.0
59392,,TilizeDeviceOperation,64,96418.0
57344,,TilizeDeviceOperation,64,96391.0
14336,,TilizeDeviceOperation,64,96373.0
75776,,TilizeDeviceOperation,64,96304.0
163840,,TilizeDeviceOperation,64,96303.0
133120,,TilizeDeviceOperation,64,96252.0
114688,,TilizeDeviceOperation,64,96092.0
100352,,TilizeDeviceOperation,64,96051.0
77824,,TilizeDeviceOperation,64,95910.0
16384,,TilizeDeviceOperation,64,95901.0
45056,,TilizeDeviceOperation,64,95866.0
38912,,TilizeDeviceOperation,64,95837.0
102400,,TilizeDeviceOperation,64,95837.0
65536,,TilizeDeviceOperation,64,95819.0
51200,,TilizeDeviceOperation,64,95714.0
96256,,TilizeDeviceOperation,64,95637.0
143360,,TilizeDeviceOperation,64,95533.0
47104,,TilizeDeviceOperation,64,95387.0
63488,,TilizeDeviceOperation,64,95345.0
94208,,TilizeDeviceOperation,64,95311.0
20480,,TilizeDeviceOperation,64,95196.0
32768,,TilizeDeviceOperation,64,95172.0
137216,,TilizeDeviceOperation,64,95148.0
81920,,TilizeDeviceOperation,64,95083.0
169984,,TilizeDeviceOperation,64,94956.0
69632,,TilizeDeviceOperation,64,94946.0
124928,,TilizeDeviceOperation,64,94919.0
145408,,TilizeDeviceOperation,64,94884.0
2048,,TilizeDeviceOperation,64,94601.0
167936,,TilizeDeviceOperation,64,94529.0
139264,,TilizeDeviceOperation,64,94430.0
120832,,TilizeDeviceOperation,64,94415.0
10240,,TilizeDeviceOperation,64,94281.0
40960,,TilizeDeviceOperation,64,94121.0
118784,,TilizeDeviceOperation,64,93975.0
88064,,TilizeDeviceOperation,64,93645.0
22528,,TilizeDeviceOperation,64,92835.0
239616,,InterleavedToShardedDeviceOperation,11,81266.0
250880,,InterleavedToShardedDeviceOperation,11,80991.0
258048,,InterleavedToShardedDeviceOperation,11,80779.0
188416,,InterleavedToShardedDeviceOperation,11,80776.0
285696,,InterleavedToShardedDeviceOperation,11,80701.0
206848,,InterleavedToShardedDeviceOperation,11,80693.0
306176,,InterleavedToShardedDeviceOperation,11,80582.0
290816,,InterleavedToShardedDeviceOperation,11,80561.0
243712,,InterleavedToShardedDeviceOperation,11,80544.0
304128,,InterleavedToShardedDeviceOperation,11,80500.0
253952,,InterleavedToShardedDeviceOperation,11,80414.0
212992,,InterleavedToShardedDeviceOperation,11,80394.0
251904,,InterleavedToShardedDeviceOperation,11,80331.0
307200,,InterleavedToShardedDeviceOperation,11,80243.0
294912,,InterleavedToShardedDeviceOperation,11,80218.0
288768,,InterleavedToShardedDeviceOperation,11,80170.0
266240,,InterleavedToShardedDeviceOperation,11,80139.0
269312,,InterleavedToShardedDeviceOperation,11,80107.0
209920,,InterleavedToShardedDeviceOperation,11,80055.0
193536,,InterleavedToShardedDeviceOperation,11,80015.0
235520,,InterleavedToShardedDeviceOperation,11,79983.0
205824,,InterleavedToShardedDeviceOperation,11,79960.0
220160,,InterleavedToShardedDeviceOperation,11,79946.0
275456,,InterleavedToShardedDeviceOperation,11,79919.0
208896,,InterleavedToShardedDeviceOperation,11,79916.0
177152,,InterleavedToShardedDeviceOperation,11,79875.0
268288,,InterleavedToShardedDeviceOperation,11,79769.0
313344,,InterleavedToShardedDeviceOperation,11,79567.0
2317312,1,MatmulDeviceOperation,64,69027.0
2784256,1,ShardedToInterleavedDeviceOperation,52,68518.0
2485248,1,MatmulDeviceOperation,64,68367.0
1687552,1,MatmulDeviceOperation,64,68194.0
956416,,MatmulDeviceOperation,64,68124.0
2569216,1,MatmulDeviceOperation,64,68048.0
1124352,,MatmulDeviceOperation,64,67774.0
2611200,1,MatmulDeviceOperation,60,67750.0
1981440,1,MatmulDeviceOperation,64,67686.0
1208320,,MatmulDeviceOperation,64,67676.0
1897472,1,MatmulDeviceOperation,64,67669.0
872448,,MatmulDeviceOperation,64,67651.0
1082368,,MatmulDeviceOperation,64,67651.0
2359296,1,MatmulDeviceOperation,64,67606.0
788480,,MatmulDeviceOperation,64,67575.0
1292288,,MatmulDeviceOperation,64,67560.0
2023424,1,MatmulDeviceOperation,64,67554.0
2191360,1,MatmulDeviceOperation,64,67547.0
2737152,1,MatmulDeviceOperation,60,67522.0
1166336,,MatmulDeviceOperation,64,67517.0
1771520,1,MatmulDeviceOperation,64,67471.0
2233344,1,MatmulDeviceOperation,64,67462.0
1813504,1,MatmulDeviceOperation,64,67450.0
410624,,MatmulDeviceOperation,64,67436.0
536576,,MatmulDeviceOperation,64,67412.0
2107392,1,MatmulDeviceOperation,64,67393.0
2653184,1,MatmulDeviceOperation,60,67365.0
2065408,1,MatmulDeviceOperation,64,67356.0
1729536,1,MatmulDeviceOperation,64,67354.0
1645568,1,MatmulDeviceOperation,64,67345.0
620544,,MatmulDeviceOperation,64,67343.0
1376256,,MatmulDeviceOperation,64,67313.0
2695168,1,MatmulDeviceOperation,60,67299.0
452608,,MatmulDeviceOperation,64,67258.0
2527232,1,MatmulDeviceOperation,64,67255.0
578560,,MatmulDeviceOperation,64,67246.0
2443264,1,MatmulDeviceOperation,64,67244.0
1334272,,MatmulDeviceOperation,64,67229.0
1502208,,MatmulDeviceOperation,64,67186.0
662528,,MatmulDeviceOperation,64,67117.0
494592,,MatmulDeviceOperation,64,67097.0
2275328,1,MatmulDeviceOperation,64,67042.0
1040384,,MatmulDeviceOperation,64,67011.0
746496,,MatmulDeviceOperation,64,67007.0
1250304,,MatmulDeviceOperation,64,66991.0
2149376,1,MatmulDeviceOperation,64,66990.0
2401280,1,MatmulDeviceOperation,64,66960.0
1855488,1,MatmulDeviceOperation,64,66957.0
914432,,MatmulDeviceOperation,64,66910.0
704512,,MatmulDeviceOperation,64,66904.0
1939456,1,MatmulDeviceOperation,64,66879.0
1460224,,MatmulDeviceOperation,64,66858.0
830464,,MatmulDeviceOperation,64,66736.0
1418240,,MatmulDeviceOperation,64,66729.0
1544192,,MatmulDeviceOperation,64,66684.0
1549312,,ShardedToInterleavedDeviceOperation,64,66665.0
998400,,MatmulDeviceOperation,64,66499.0
2779136,1,MatmulDeviceOperation,52,65355.0
2522112,1,MatmulDeviceOperation,64,63055.0
2270208,1,MatmulDeviceOperation,64,62175.0
2438144,1,MatmulDeviceOperation,64,61787.0
1934336,1,MatmulDeviceOperation,64,61510.0
1724416,1,MatmulDeviceOperation,64,61383.0
782336,,MatmulDeviceOperation,64,61333.0
1161216,,MatmulDeviceOperation,64,61308.0
2521088,1,MatmulDeviceOperation,64,61292.0
866304,,MatmulDeviceOperation,64,61139.0
2395136,1,MatmulDeviceOperation,64,61129.0
1286144,,MatmulDeviceOperation,64,61127.0
908288,,MatmulDeviceOperation,64,61108.0
1933312,1,MatmulDeviceOperation,64,61106.0
1203200,,MatmulDeviceOperation,64,61100.0
1454080,,MatmulDeviceOperation,64,61088.0
1160192,,MatmulDeviceOperation,64,61074.0
698368,,MatmulDeviceOperation,64,61065.0
405504,,MatmulDeviceOperation,64,61053.0
404480,,MatmulDeviceOperation,64,61046.0
2186240,1,MatmulDeviceOperation,64,61040.0
1244160,,MatmulDeviceOperation,64,61038.0
740352,,MatmulDeviceOperation,64,61019.0
1119232,,MatmulDeviceOperation,64,61010.0
1287168,,MatmulDeviceOperation,64,60991.0
1639424,1,MatmulDeviceOperation,64,60986.0
951296,,MatmulDeviceOperation,64,60985.0
1849344,1,MatmulDeviceOperation,64,60985.0
741376,,MatmulDeviceOperation,64,60976.0
1328128,,MatmulDeviceOperation,64,60969.0
1329152,,MatmulDeviceOperation,64,60969.0
1371136,,MatmulDeviceOperation,64,60969.0
1538048,,MatmulDeviceOperation,64,60966.0
2563072,1,MatmulDeviceOperation,64,60961.0
1034240,,MatmulDeviceOperation,64,60957.0
1539072,,MatmulDeviceOperation,64,60950.0
1118208,,MatmulDeviceOperation,64,60922.0
1976320,1,MatmulDeviceOperation,64,60921.0
909312,,MatmulDeviceOperation,64,60919.0
2227200,1,MatmulDeviceOperation,64,60909.0
447488,,MatmulDeviceOperation,64,60894.0
2269184,1,MatmulDeviceOperation,64,60894.0
1975296,1,MatmulDeviceOperation,64,60886.0
1076224,,MatmulDeviceOperation,64,60877.0
446464,,MatmulDeviceOperation,64,60875.0
489472,,MatmulDeviceOperation,64,60874.0
614400,,MatmulDeviceOperation,64,60870.0
2017280,1,MatmulDeviceOperation,64,60867.0
1455104,,MatmulDeviceOperation,64,60860.0
1413120,,MatmulDeviceOperation,64,60857.0
657408,,MatmulDeviceOperation,64,60853.0
488448,,MatmulDeviceOperation,64,60838.0
1245184,,MatmulDeviceOperation,64,60834.0
1370112,,MatmulDeviceOperation,64,60833.0
824320,,MatmulDeviceOperation,64,60824.0
2353152,1,MatmulDeviceOperation,64,60819.0
1202176,,MatmulDeviceOperation,64,60817.0
656384,,MatmulDeviceOperation,64,60805.0
1765376,1,MatmulDeviceOperation,64,60801.0
530432,,MatmulDeviceOperation,64,60788.0
2354176,1,MatmulDeviceOperation,64,60784.0
573440,,MatmulDeviceOperation,64,60776.0
1412096,,MatmulDeviceOperation,64,60770.0
867328,,MatmulDeviceOperation,64,60767.0
699392,,MatmulDeviceOperation,64,60762.0
1497088,,MatmulDeviceOperation,64,60758.0
615424,,MatmulDeviceOperation,64,60742.0
950272,,MatmulDeviceOperation,64,60730.0
1496064,,MatmulDeviceOperation,64,60722.0
783360,,MatmulDeviceOperation,64,60719.0
531456,,MatmulDeviceOperation,64,60711.0
993280,,MatmulDeviceOperation,64,60698.0
1077248,,MatmulDeviceOperation,64,60688.0
2437120,1,MatmulDeviceOperation,64,60685.0
2059264,1,MatmulDeviceOperation,64,60681.0
2102272,1,MatmulDeviceOperation,64,60672.0
1035264,,MatmulDeviceOperation,64,60669.0
1681408,1,MatmulDeviceOperation,64,60668.0
2101248,1,MatmulDeviceOperation,64,60644.0
2311168,1,MatmulDeviceOperation,64,60634.0
2479104,1,MatmulDeviceOperation,64,60634.0
1891328,1,MatmulDeviceOperation,64,60632.0
2647040,1,MatmulDeviceOperation,60,60632.0
992256,,MatmulDeviceOperation,64,60620.0
825344,,MatmulDeviceOperation,64,60608.0
2731008,1,MatmulDeviceOperation,60,60608.0
2689024,1,MatmulDeviceOperation,60,60607.0
572416,,MatmulDeviceOperation,64,60601.0
1723392,1,MatmulDeviceOperation,64,60599.0
2018304,1,MatmulDeviceOperation,64,60558.0
1850368,1,MatmulDeviceOperation,64,60557.0
2143232,1,MatmulDeviceOperation,64,60551.0
2605056,1,MatmulDeviceOperation,60,60533.0
1807360,1,MatmulDeviceOperation,64,60517.0
1766400,1,MatmulDeviceOperation,64,60507.0
2185216,1,MatmulDeviceOperation,64,60351.0
2144256,1,MatmulDeviceOperation,64,60228.0
1640448,1,MatmulDeviceOperation,64,60225.0
2480128,1,MatmulDeviceOperation,64,60202.0
2564096,1,MatmulDeviceOperation,64,60182.0
1892352,1,MatmulDeviceOperation,64,60130.0
2772992,1,MatmulDeviceOperation,56,60082.0
1682432,1,MatmulDeviceOperation,64,60081.0
2312192,1,MatmulDeviceOperation,64,60079.0
2690048,1,MatmulDeviceOperation,60,60021.0
1808384,1,MatmulDeviceOperation,64,59976.0
2228224,1,MatmulDeviceOperation,64,59876.0
2648064,1,MatmulDeviceOperation,60,59834.0
2606080,1,MatmulDeviceOperation,60,59832.0
2060288,1,MatmulDeviceOperation,64,59794.0
2396160,1,MatmulDeviceOperation,64,59666.0
2774016,1,MatmulDeviceOperation,56,59648.0
2732032,1,MatmulDeviceOperation,60,59574.0
1817600,1,MatmulDeviceOperation,64,44627.0
1901568,1,MatmulDeviceOperation,64,44573.0
1985536,1,MatmulDeviceOperation,64,43973.0
2741248,1,MatmulDeviceOperation,60,43808.0
1044480,,MatmulDeviceOperation,64,43753.0
708608,,MatmulDeviceOperation,64,43735.0
1691648,1,MatmulDeviceOperation,64,43732.0
918528,,MatmulDeviceOperation,64,43673.0
2699264,1,MatmulDeviceOperation,60,43598.0
498688,,MatmulDeviceOperation,64,43579.0
2195456,1,MatmulDeviceOperation,64,43553.0
2279424,1,MatmulDeviceOperation,64,43548.0
2489344,1,MatmulDeviceOperation,64,43548.0
2111488,1,MatmulDeviceOperation,64,43527.0
1380352,,MatmulDeviceOperation,64,43518.0
1422336,,MatmulDeviceOperation,64,43513.0
2237440,1,MatmulDeviceOperation,64,43509.0
792576,,MatmulDeviceOperation,64,43485.0
1086464,,MatmulDeviceOperation,64,43464.0
2531328,1,MatmulDeviceOperation,64,43443.0
1859584,1,MatmulDeviceOperation,64,43421.0
2615296,1,MatmulDeviceOperation,60,43373.0
1128448,,MatmulDeviceOperation,64,43364.0
1649664,1,MatmulDeviceOperation,64,43342.0
876544,,MatmulDeviceOperation,64,43323.0
2069504,1,MatmulDeviceOperation,64,43310.0
1212416,,MatmulDeviceOperation,64,43270.0
1775616,1,MatmulDeviceOperation,64,43247.0
2573312,1,MatmulDeviceOperation,64,43207.0
2027520,1,MatmulDeviceOperation,64,43199.0
1464320,,MatmulDeviceOperation,64,43195.0
2363392,1,MatmulDeviceOperation,64,43193.0
2405376,1,MatmulDeviceOperation,64,43187.0
1002496,,MatmulDeviceOperation,64,43184.0
624640,,MatmulDeviceOperation,64,43138.0
1565696,1,MatmulDeviceOperation,64,43125.0
1296384,,MatmulDeviceOperation,64,43113.0
1506304,,MatmulDeviceOperation,64,43096.0
666624,,MatmulDeviceOperation,64,43095.0
834560,,MatmulDeviceOperation,64,43074.0
2447360,1,MatmulDeviceOperation,64,43033.0
2153472,1,MatmulDeviceOperation,64,42986.0
2321408,1,MatmulDeviceOperation,64,42982.0
1943552,1,MatmulDeviceOperation,64,42975.0
750592,,MatmulDeviceOperation,64,42974.0
414720,,MatmulDeviceOperation,64,42971.0
1733632,1,MatmulDeviceOperation,64,42951.0
456704,,MatmulDeviceOperation,64,42915.0
330752,,MatmulDeviceOperation,64,42897.0
1338368,,MatmulDeviceOperation,64,42896.0
1170432,,MatmulDeviceOperation,64,42869.0
582656,,MatmulDeviceOperation,64,42861.0
2657280,1,MatmulDeviceOperation,60,42842.0
1254400,,MatmulDeviceOperation,64,42830.0
540672,,MatmulDeviceOperation,64,42679.0
960512,,MatmulDeviceOperation,64,42591.0
627712,,PagedUpdateCacheDeviceOperation,32,32043.0
1138688,,PagedUpdateCacheDeviceOperation,32,30267.0
508928,,PagedUpdateCacheDeviceOperation,32,30115.0
669696,,PagedUpdateCacheDeviceOperation,32,30021.0
1257472,,PagedUpdateCacheDeviceOperation,32,29581.0
760832,,PagedUpdateCacheDeviceOperation,32,29554.0
718848,,PagedUpdateCacheDeviceOperation,32,29503.0
543744,,PagedUpdateCacheDeviceOperation,32,29465.0
424960,,PagedUpdateCacheDeviceOperation,32,29451.0
1869824,1,PagedUpdateCacheDeviceOperation,32,29408.0
1467392,,PagedUpdateCacheDeviceOperation,32,29362.0
466944,,PagedUpdateCacheDeviceOperation,32,29330.0
1743872,1,PagedUpdateCacheDeviceOperation,32,29316.0
2282496,1,PagedUpdateCacheDeviceOperation,32,29314.0
2331648,1,PagedUpdateCacheDeviceOperation,32,29311.0
879616,,PagedUpdateCacheDeviceOperation,32,29287.0
2114560,1,PagedUpdateCacheDeviceOperation,32,29174.0
802816,,PagedUpdateCacheDeviceOperation,32,29101.0
1432576,,PagedUpdateCacheDeviceOperation,32,29086.0
886784,,PagedUpdateCacheDeviceOperation,32,28969.0
1173504,,PagedUpdateCacheDeviceOperation,32,28956.0
2205696,1,PagedUpdateCacheDeviceOperation,32,28949.0
2072576,1,PagedUpdateCacheDeviceOperation,32,28861.0
1012736,,PagedUpdateCacheDeviceOperation,32,28852.0
2744320,1,PagedUpdateCacheDeviceOperation,28,28842.0
837632,,PagedUpdateCacheDeviceOperation,32,28839.0
1383424,,PagedUpdateCacheDeviceOperation,32,28801.0
2541568,1,PagedUpdateCacheDeviceOperation,32,28771.0
501760,,PagedUpdateCacheDeviceOperation,32,28659.0
1904640,1,PagedUpdateCacheDeviceOperation,32,28627.0
1089536,,PagedUpdateCacheDeviceOperation,32,28554.0
1005568,,PagedUpdateCacheDeviceOperation,32,28551.0
2030592,1,PagedUpdateCacheDeviceOperation,32,28551.0
2079744,1,PagedUpdateCacheDeviceOperation,32,28523.0
1827840,1,PagedUpdateCacheDeviceOperation,32,28513.0
1659904,1,PagedUpdateCacheDeviceOperation,32,28488.0
2037760,1,PagedUpdateCacheDeviceOperation,32,28453.0
550912,,PagedUpdateCacheDeviceOperation,32,28427.0
1306624,,PagedUpdateCacheDeviceOperation,32,28422.0
2247680,1,PagedUpdateCacheDeviceOperation,32,28410.0
928768,,PagedUpdateCacheDeviceOperation,32,28406.0
1694720,1,PagedUpdateCacheDeviceOperation,32,28325.0
2156544,1,PagedUpdateCacheDeviceOperation,32,28315.0
1348608,,PagedUpdateCacheDeviceOperation,32,28310.0
1054720,,PagedUpdateCacheDeviceOperation,32,28252.0
1180672,,PagedUpdateCacheDeviceOperation,32,28213.0
1995776,1,PagedUpdateCacheDeviceOperation,32,28139.0
2583552,1,PagedUpdateCacheDeviceOperation,31,28098.0
1701888,1,PagedUpdateCacheDeviceOperation,32,28074.0
2709504,1,PagedUpdateCacheDeviceOperation,28,28028.0
1911808,1,PagedUpdateCacheDeviceOperation,32,28023.0
2289664,1,PagedUpdateCacheDeviceOperation,32,28008.0
1425408,,PagedUpdateCacheDeviceOperation,32,27941.0
1509376,,PagedUpdateCacheDeviceOperation,32,27934.0
1778688,1,PagedUpdateCacheDeviceOperation,32,27907.0
358400,,PagedUpdateCacheDeviceOperation,32,27905.0
2324480,1,PagedUpdateCacheDeviceOperation,32,27887.0
2660352,1,PagedUpdateCacheDeviceOperation,28,27873.0
585728,,PagedUpdateCacheDeviceOperation,32,27866.0
711680,,PagedUpdateCacheDeviceOperation,32,27850.0
592896,,PagedUpdateCacheDeviceOperation,32,27837.0
676864,,PagedUpdateCacheDeviceOperation,32,27835.0
2457600,1,PagedUpdateCacheDeviceOperation,32,27796.0
1946624,1,PagedUpdateCacheDeviceOperation,32,27791.0
2121728,1,PagedUpdateCacheDeviceOperation,32,27770.0
1652736,1,PagedUpdateCacheDeviceOperation,32,27738.0
1516544,,PagedUpdateCacheDeviceOperation,32,27731.0
921600,,PagedUpdateCacheDeviceOperation,32,27695.0
2702336,1,PagedUpdateCacheDeviceOperation,28,27631.0
970752,,PagedUpdateCacheDeviceOperation,32,27628.0
1096704,,PagedUpdateCacheDeviceOperation,32,27611.0
795648,,PagedUpdateCacheDeviceOperation,32,27607.0
2576384,1,PagedUpdateCacheDeviceOperation,31,27560.0
753664,,PagedUpdateCacheDeviceOperation,32,27465.0
2373632,1,PagedUpdateCacheDeviceOperation,32,27399.0
1785856,1,PagedUpdateCacheDeviceOperation,32,27380.0
2534400,1,PagedUpdateCacheDeviceOperation,32,27347.0
2667520,1,PagedUpdateCacheDeviceOperation,28,27347.0
2198528,1,PagedUpdateCacheDeviceOperation,32,27281.0
2499584,1,PagedUpdateCacheDeviceOperation,32,27204.0
1736704,1,PagedUpdateCacheDeviceOperation,32,27154.0
1222656,,PagedUpdateCacheDeviceOperation,32,27151.0
963584,,PagedUpdateCacheDeviceOperation,32,27126.0
2163712,1,PagedUpdateCacheDeviceOperation,32,27004.0
1474560,,PagedUpdateCacheDeviceOperation,32,26985.0
1131520,,PagedUpdateCacheDeviceOperation,32,26938.0
459776,,PagedUpdateCacheDeviceOperation,32,26890.0
1953792,1,PagedUpdateCacheDeviceOperation,32,26886.0
844800,,PagedUpdateCacheDeviceOperation,32,26832.0
2450432,1,PagedUpdateCacheDeviceOperation,32,26793.0
2640896,1,MatmulDeviceOperation,60,26731.0
393216,,TernaryDeviceOperation,64,26680.0
1484800,,TernaryDeviceOperation,64,26649.0
334848,,PagedUpdateCacheDeviceOperation,32,26611.0
729088,,TernaryDeviceOperation,64,26599.0
1047552,,PagedUpdateCacheDeviceOperation,32,26588.0
813056,,TernaryDeviceOperation,64,26573.0
1390592,,PagedUpdateCacheDeviceOperation,32,26524.0
687104,,TernaryDeviceOperation,64,26508.0
2625536,1,PagedUpdateCacheDeviceOperation,28,26502.0
1341440,,PagedUpdateCacheDeviceOperation,32,26496.0
980992,,TernaryDeviceOperation,64,26495.0
1358848,,TernaryDeviceOperation,64,26475.0
1106944,,TernaryDeviceOperation,64,26465.0
1299456,,PagedUpdateCacheDeviceOperation,32,26435.0
519168,,TernaryDeviceOperation,64,26434.0
1022976,,TernaryDeviceOperation,64,26424.0
2366464,1,PagedUpdateCacheDeviceOperation,32,26423.0
477184,,TernaryDeviceOperation,64,26417.0
1862656,1,PagedUpdateCacheDeviceOperation,32,26414.0
1190912,,TernaryDeviceOperation,64,26395.0
561152,,TernaryDeviceOperation,64,26391.0
1442816,,TernaryDeviceOperation,64,26380.0
2415616,1,PagedUpdateCacheDeviceOperation,32,26373.0
771072,,TernaryDeviceOperation,64,26354.0
1148928,,TernaryDeviceOperation,64,26349.0
939008,,TernaryDeviceOperation,64,26339.0
1526784,,TernaryDeviceOperation,64,26334.0
1274880,,TernaryDeviceOperation,64,26331.0
1593344,1,PagedUpdateCacheDeviceOperation,32,26307.0
855040,,TernaryDeviceOperation,64,26305.0
897024,,TernaryDeviceOperation,64,26283.0
435200,,TernaryDeviceOperation,64,26280.0
1232896,,TernaryDeviceOperation,64,26255.0
1316864,,TernaryDeviceOperation,64,26243.0
1064960,,TernaryDeviceOperation,64,26219.0
1717248,1,MatmulDeviceOperation,64,26208.0
634880,,PagedUpdateCacheDeviceOperation,32,26161.0
417792,,PagedUpdateCacheDeviceOperation,32,26154.0
2299904,1,TernaryDeviceOperation,64,26128.0
2472960,1,MatmulDeviceOperation,64,26112.0
603136,,TernaryDeviceOperation,64,26105.0
2556928,1,MatmulDeviceOperation,64,26102.0
1820672,1,PagedUpdateCacheDeviceOperation,32,26090.0
2751488,1,PagedUpdateCacheDeviceOperation,28,26061.0
2766848,1,MatmulDeviceOperation,59,26052.0
1215488,,PagedUpdateCacheDeviceOperation,32,26036.0
2682880,1,MatmulDeviceOperation,60,26017.0
2467840,1,TernaryDeviceOperation,64,26008.0
645120,,TernaryDeviceOperation,64,26003.0
1712128,1,TernaryDeviceOperation,64,25993.0
2137088,1,MatmulDeviceOperation,64,25946.0
1400832,,TernaryDeviceOperation,64,25941.0
2347008,1,MatmulDeviceOperation,64,25904.0
1885184,1,MatmulDeviceOperation,64,25900.0
1569792,1,PagedUpdateCacheDeviceOperation,32,25808.0
1531904,,MatmulDeviceOperation,64,25786.0
1880064,1,TernaryDeviceOperation,64,25784.0
1112064,,MatmulDeviceOperation,64,25763.0
2221056,1,MatmulDeviceOperation,64,25737.0
2215936,1,TernaryDeviceOperation,64,25709.0
2492416,1,PagedUpdateCacheDeviceOperation,32,25703.0
2011136,1,MatmulDeviceOperation,64,25654.0
1264640,,PagedUpdateCacheDeviceOperation,32,25646.0
1675264,1,MatmulDeviceOperation,64,25635.0
1154048,,MatmulDeviceOperation,64,25616.0
2388992,1,MatmulDeviceOperation,64,25614.0
2430976,1,MatmulDeviceOperation,64,25612.0
2514944,1,MatmulDeviceOperation,64,25597.0
692224,,MatmulDeviceOperation,64,25552.0
1447936,,MatmulDeviceOperation,64,25545.0
1801216,1,MatmulDeviceOperation,64,25532.0
2635776,1,TernaryDeviceOperation,60,25517.0
860160,,MatmulDeviceOperation,64,25501.0
1927168,1,MatmulDeviceOperation,64,25490.0
776192,,MatmulDeviceOperation,64,25478.0
1489920,,MatmulDeviceOperation,64,25445.0
608256,,MatmulDeviceOperation,64,25432.0
2240512,1,PagedUpdateCacheDeviceOperation,32,25419.0
2179072,1,MatmulDeviceOperation,64,25402.0
1969152,1,MatmulDeviceOperation,64,25370.0
2305024,1,MatmulDeviceOperation,64,25352.0
1759232,1,MatmulDeviceOperation,64,25339.0
1321984,,MatmulDeviceOperation,64,25337.0
1628160,1,TernaryDeviceOperation,64,25333.0
482304,,MatmulDeviceOperation,64,25326.0
1988608,1,PagedUpdateCacheDeviceOperation,32,25311.0
2341888,1,TernaryDeviceOperation,64,25282.0
2724864,1,MatmulDeviceOperation,60,25272.0
2618368,1,PagedUpdateCacheDeviceOperation,28,25270.0
1843200,1,MatmulDeviceOperation,64,25245.0
1633280,1,MatmulDeviceOperation,64,25203.0
1280000,,MatmulDeviceOperation,64,25195.0
440320,,MatmulDeviceOperation,64,25194.0
2383872,1,TernaryDeviceOperation,64,25184.0
1670144,1,TernaryDeviceOperation,64,25173.0
1964032,1,TernaryDeviceOperation,64,25148.0
2263040,1,MatmulDeviceOperation,64,25146.0
2719744,1,TernaryDeviceOperation,60,25142.0
524288,,MatmulDeviceOperation,64,25141.0
1238016,,MatmulDeviceOperation,64,25138.0
1838080,1,TernaryDeviceOperation,64,25117.0
2598912,1,MatmulDeviceOperation,60,25092.0
818176,,MatmulDeviceOperation,64,25087.0
902144,,MatmulDeviceOperation,64,25085.0
2551808,1,TernaryDeviceOperation,64,25077.0
398336,,MatmulDeviceOperation,64,24998.0
1922048,1,TernaryDeviceOperation,64,24981.0
2593792,1,TernaryDeviceOperation,63,24961.0
2048000,1,TernaryDeviceOperation,64,24960.0
1597440,1,TernaryDeviceOperation,64,24956.0
1754112,1,TernaryDeviceOperation,64,24929.0
2053120,1,MatmulDeviceOperation,64,24923.0
2095104,1,MatmulDeviceOperation,64,24913.0
2509824,1,TernaryDeviceOperation,64,24909.0
2425856,1,TernaryDeviceOperation,64,24878.0
734208,,MatmulDeviceOperation,64,24876.0
2006016,1,TernaryDeviceOperation,64,24863.0
2677760,1,TernaryDeviceOperation,60,24860.0
2761728,1,TernaryDeviceOperation,59,24860.0
2257920,1,TernaryDeviceOperation,64,24855.0
944128,,MatmulDeviceOperation,64,24845.0
2131968,1,TernaryDeviceOperation,64,24826.0
1796096,1,TernaryDeviceOperation,64,24808.0
2089984,1,TernaryDeviceOperation,64,24786.0
2173952,1,TernaryDeviceOperation,64,24782.0
2408448,1,PagedUpdateCacheDeviceOperation,32,24766.0
1405952,,MatmulDeviceOperation,64,24739.0
986112,,MatmulDeviceOperation,64,24712.0
566272,,MatmulDeviceOperation,64,24706.0
1028096,,MatmulDeviceOperation,64,24688.0
650240,,MatmulDeviceOperation,64,24687.0
362496,,TernaryDeviceOperation,64,24683.0
1196032,,MatmulDeviceOperation,64,24642.0
1070080,,MatmulDeviceOperation,64,24586.0
1363968,,MatmulDeviceOperation,64,24575.0
1561600,1,EmbeddingsDeviceOperation,1,20289.0
326656,,EmbeddingsDeviceOperation,1,20162.0
1613824,1,TilizeWithValPaddingDeviceOperation,32,17380.0
378880,,TilizeWithValPaddingDeviceOperation,32,17217.0
324608,,ReshapeViewDeviceOperation,64,16465.0
589824,,RotaryEmbeddingDeviceOperation,32,16187.0
1559552,1,ReshapeViewDeviceOperation,64,16135.0
799744,,RotaryEmbeddingDeviceOperation,32,16114.0
505856,,RotaryEmbeddingDeviceOperation,32,16003.0
1219584,,RotaryEmbeddingDeviceOperation,32,15897.0
596992,,RotaryEmbeddingDeviceOperation,32,15786.0
1471488,,RotaryEmbeddingDeviceOperation,32,15770.0
547840,,RotaryEmbeddingDeviceOperation,32,15751.0
715776,,RotaryEmbeddingDeviceOperation,32,15734.0
925696,,RotaryEmbeddingDeviceOperation,32,15705.0
1051648,,RotaryEmbeddingDeviceOperation,32,15704.0
1142784,,RotaryEmbeddingDeviceOperation,32,15697.0
680960,,RotaryEmbeddingDeviceOperation,32,15690.0
1177600,,RotaryEmbeddingDeviceOperation,32,15677.0
1268736,,RotaryEmbeddingDeviceOperation,32,15670.0
1303552,,RotaryEmbeddingDeviceOperation,32,15644.0
932864,,RotaryEmbeddingDeviceOperation,32,15635.0
471040,,RotaryEmbeddingDeviceOperation,32,15634.0
555008,,RotaryEmbeddingDeviceOperation,32,15622.0
463872,,RotaryEmbeddingDeviceOperation,32,15589.0
1058816,,RotaryEmbeddingDeviceOperation,32,15573.0
1436672,,RotaryEmbeddingDeviceOperation,32,15566.0
757760,,RotaryEmbeddingDeviceOperation,32,15541.0
1345536,,RotaryEmbeddingDeviceOperation,32,15514.0
513024,,RotaryEmbeddingDeviceOperation,32,15513.0
1261568,,RotaryEmbeddingDeviceOperation,32,15507.0
1394688,,RotaryEmbeddingDeviceOperation,32,15504.0
841728,,RotaryEmbeddingDeviceOperation,32,15487.0
1100800,,RotaryEmbeddingDeviceOperation,32,15478.0
631808,,RotaryEmbeddingDeviceOperation,32,15458.0
1478656,,RotaryEmbeddingDeviceOperation,32,15447.0
1016832,,RotaryEmbeddingDeviceOperation,32,15437.0
1135616,,RotaryEmbeddingDeviceOperation,32,15409.0
1009664,,RotaryEmbeddingDeviceOperation,32,15400.0
883712,,RotaryEmbeddingDeviceOperation,32,15399.0
1226752,,RotaryEmbeddingDeviceOperation,32,15369.0
722944,,RotaryEmbeddingDeviceOperation,32,15367.0
1093632,,RotaryEmbeddingDeviceOperation,32,15346.0
1310720,,RotaryEmbeddingDeviceOperation,32,15330.0
1429504,,RotaryEmbeddingDeviceOperation,32,15290.0
764928,,RotaryEmbeddingDeviceOperation,32,15276.0
1513472,,RotaryEmbeddingDeviceOperation,32,15275.0
1520640,,RotaryEmbeddingDeviceOperation,32,15275.0
890880,,RotaryEmbeddingDeviceOperation,32,15267.0
673792,,RotaryEmbeddingDeviceOperation,32,15230.0
1387520,,RotaryEmbeddingDeviceOperation,32,15224.0
806912,,RotaryEmbeddingDeviceOperation,32,15216.0
974848,,RotaryEmbeddingDeviceOperation,32,15201.0
1184768,,RotaryEmbeddingDeviceOperation,32,15168.0
638976,,RotaryEmbeddingDeviceOperation,32,15139.0
967680,,RotaryEmbeddingDeviceOperation,32,15125.0
848896,,RotaryEmbeddingDeviceOperation,32,15114.0
421888,,RotaryEmbeddingDeviceOperation,32,15111.0
1352704,,RotaryEmbeddingDeviceOperation,32,15052.0
429056,,RotaryEmbeddingDeviceOperation,32,15017.0
2286592,1,RotaryEmbeddingDeviceOperation,32,14862.0
2202624,1,RotaryEmbeddingDeviceOperation,32,14818.0
2370560,1,RotaryEmbeddingDeviceOperation,32,14519.0
2617344,1,NLPCreateQKVHeadsDecodeDeviceOperation,28,13733.0
1735680,1,NLPCreateQKVHeadsDecodeDeviceOperation,32,13624.0
2701312,1,NLPCreateQKVHeadsDecodeDeviceOperation,28,13594.0
2533376,1,NLPCreateQKVHeadsDecodeDeviceOperation,32,13570.0
2076672,1,RotaryEmbeddingDeviceOperation,32,13545.0
2580480,1,RotaryEmbeddingDeviceOperation,31,13534.0
2412544,1,RotaryEmbeddingDeviceOperation,32,13474.0
1950720,1,RotaryEmbeddingDeviceOperation,32,13440.0
2244608,1,RotaryEmbeddingDeviceOperation,32,13418.0
1782784,1,RotaryEmbeddingDeviceOperation,32,13404.0
1740800,1,RotaryEmbeddingDeviceOperation,32,13396.0
1908736,1,RotaryEmbeddingDeviceOperation,32,13391.0
373760,,RotaryEmbeddingDeviceOperation,32,13370.0
365568,,TilizeWithValPaddingDeviceOperation,32,13360.0
2118656,1,RotaryEmbeddingDeviceOperation,32,13353.0
2160640,1,RotaryEmbeddingDeviceOperation,32,13351.0
1866752,1,RotaryEmbeddingDeviceOperation,32,13349.0
1600512,1,TilizeWithValPaddingDeviceOperation,32,13338.0
355328,,RotaryEmbeddingDeviceOperation,32,13286.0
1382400,,NLPCreateQKVHeadsDecodeDeviceOperation,32,13274.0
1698816,1,RotaryEmbeddingDeviceOperation,32,13269.0
2125824,1,RotaryEmbeddingDeviceOperation,32,13235.0
1656832,1,RotaryEmbeddingDeviceOperation,32,13230.0
710656,,NLPCreateQKVHeadsDecodeDeviceOperation,32,13219.0
1508352,,NLPCreateQKVHeadsDecodeDeviceOperation,32,13213.0
542720,,NLPCreateQKVHeadsDecodeDeviceOperation,32,13203.0
1298432,,NLPCreateQKVHeadsDecodeDeviceOperation,32,13193.0
458752,,NLPCreateQKVHeadsDecodeDeviceOperation,32,13187.0
1424384,,NLPCreateQKVHeadsDecodeDeviceOperation,32,13186.0
836608,,NLPCreateQKVHeadsDecodeDeviceOperation,32,13185.0
584704,,NLPCreateQKVHeadsDecodeDeviceOperation,32,13179.0
2545664,1,RotaryEmbeddingDeviceOperation,32,13178.0
2538496,1,RotaryEmbeddingDeviceOperation,32,13165.0
1088512,,NLPCreateQKVHeadsDecodeDeviceOperation,32,13164.0
626688,,NLPCreateQKVHeadsDecodeDeviceOperation,32,13163.0
794624,,NLPCreateQKVHeadsDecodeDeviceOperation,32,13163.0
920576,,NLPCreateQKVHeadsDecodeDeviceOperation,32,13153.0
1130496,,NLPCreateQKVHeadsDecodeDeviceOperation,32,13152.0
1873920,1,RotaryEmbeddingDeviceOperation,32,13152.0
1256448,,NLPCreateQKVHeadsDecodeDeviceOperation,32,13145.0
1466368,,NLPCreateQKVHeadsDecodeDeviceOperation,32,13145.0
416768,,NLPCreateQKVHeadsDecodeDeviceOperation,32,13144.0
878592,,NLPCreateQKVHeadsDecodeDeviceOperation,32,13144.0
962560,,NLPCreateQKVHeadsDecodeDeviceOperation,32,13141.0
1590272,1,RotaryEmbeddingDeviceOperation,32,13134.0
1831936,1,RotaryEmbeddingDeviceOperation,32,13127.0
332800,,NLPCreateQKVHeadsDecodeDeviceOperation,32,13124.0
2461696,1,RotaryEmbeddingDeviceOperation,32,13123.0
752640,,NLPCreateQKVHeadsDecodeDeviceOperation,32,13118.0
1172480,,NLPCreateQKVHeadsDecodeDeviceOperation,32,13118.0
668672,,NLPCreateQKVHeadsDecodeDeviceOperation,32,13117.0
1340416,,NLPCreateQKVHeadsDecodeDeviceOperation,32,13110.0
500736,,NLPCreateQKVHeadsDecodeDeviceOperation,32,13109.0
1004544,,NLPCreateQKVHeadsDecodeDeviceOperation,32,13102.0
1563648,1,LayerNormDeviceOperation,64,13102.0
1046528,,NLPCreateQKVHeadsDecodeDeviceOperation,32,13081.0
1214464,,NLPCreateQKVHeadsDecodeDeviceOperation,32,13072.0
2083840,1,RotaryEmbeddingDeviceOperation,32,13065.0
1824768,1,RotaryEmbeddingDeviceOperation,32,13061.0
1705984,1,RotaryEmbeddingDeviceOperation,32,13035.0
2454528,1,RotaryEmbeddingDeviceOperation,32,13029.0
2496512,1,RotaryEmbeddingDeviceOperation,32,13018.0
2209792,1,RotaryEmbeddingDeviceOperation,32,13006.0
2622464,1,RotaryEmbeddingDeviceOperation,28,12993.0
1789952,1,RotaryEmbeddingDeviceOperation,32,12988.0
2328576,1,RotaryEmbeddingDeviceOperation,32,12955.0
1957888,1,RotaryEmbeddingDeviceOperation,32,12950.0
1999872,1,RotaryEmbeddingDeviceOperation,32,12935.0
2335744,1,RotaryEmbeddingDeviceOperation,32,12931.0
2575360,1,NLPCreateQKVHeadsDecodeDeviceOperation,32,12929.0
2377728,1,RotaryEmbeddingDeviceOperation,32,12924.0
1664000,1,RotaryEmbeddingDeviceOperation,32,12922.0
2281472,1,NLPCreateQKVHeadsDecodeDeviceOperation,32,12890.0
2293760,1,RotaryEmbeddingDeviceOperation,32,12862.0
2034688,1,RotaryEmbeddingDeviceOperation,32,12856.0
1992704,1,RotaryEmbeddingDeviceOperation,32,12833.0
2629632,1,RotaryEmbeddingDeviceOperation,28,12827.0
2664448,1,RotaryEmbeddingDeviceOperation,28,12826.0
2309120,1,LayerNormDeviceOperation,64,12824.0
2407424,1,NLPCreateQKVHeadsDecodeDeviceOperation,32,12814.0
2503680,1,RotaryEmbeddingDeviceOperation,32,12806.0
2071552,1,NLPCreateQKVHeadsDecodeDeviceOperation,32,12805.0
1903616,1,NLPCreateQKVHeadsDecodeDeviceOperation,32,12798.0
1777664,1,NLPCreateQKVHeadsDecodeDeviceOperation,32,12791.0
2419712,1,RotaryEmbeddingDeviceOperation,32,12781.0
2323456,1,NLPCreateQKVHeadsDecodeDeviceOperation,32,12766.0
1651712,1,NLPCreateQKVHeadsDecodeDeviceOperation,32,12763.0
2197504,1,NLPCreateQKVHeadsDecodeDeviceOperation,32,12759.0
1819648,1,NLPCreateQKVHeadsDecodeDeviceOperation,32,12754.0
1945600,1,NLPCreateQKVHeadsDecodeDeviceOperation,32,12754.0
2449408,1,NLPCreateQKVHeadsDecodeDeviceOperation,32,12753.0
2365440,1,NLPCreateQKVHeadsDecodeDeviceOperation,32,12752.0
2113536,1,NLPCreateQKVHeadsDecodeDeviceOperation,32,12730.0
2743296,1,NLPCreateQKVHeadsDecodeDeviceOperation,28,12728.0
2155520,1,NLPCreateQKVHeadsDecodeDeviceOperation,32,12727.0
1567744,1,NLPCreateQKVHeadsDecodeDeviceOperation,32,12726.0
2029568,1,NLPCreateQKVHeadsDecodeDeviceOperation,32,12724.0
2659328,1,NLPCreateQKVHeadsDecodeDeviceOperation,28,12724.0
2748416,1,RotaryEmbeddingDeviceOperation,28,12721.0
1747968,1,RotaryEmbeddingDeviceOperation,32,12719.0
1987584,1,NLPCreateQKVHeadsDecodeDeviceOperation,32,12715.0
2251776,1,RotaryEmbeddingDeviceOperation,32,12714.0
1861632,1,NLPCreateQKVHeadsDecodeDeviceOperation,32,12713.0
1693696,1,NLPCreateQKVHeadsDecodeDeviceOperation,32,12703.0
2239488,1,NLPCreateQKVHeadsDecodeDeviceOperation,32,12700.0
2491392,1,NLPCreateQKVHeadsDecodeDeviceOperation,32,12692.0
2755584,1,RotaryEmbeddingDeviceOperation,28,12676.0
2041856,1,RotaryEmbeddingDeviceOperation,32,12652.0
1915904,1,RotaryEmbeddingDeviceOperation,32,12632.0
1638400,1,LayerNormDeviceOperation,8,12630.0
2393088,1,LayerNormDeviceOperation,64,12621.0
2706432,1,RotaryEmbeddingDeviceOperation,28,12613.0
2167808,1,RotaryEmbeddingDeviceOperation,32,12598.0
2587648,1,RotaryEmbeddingDeviceOperation,31,12570.0
2713600,1,RotaryEmbeddingDeviceOperation,28,12558.0
2183168,1,LayerNormDeviceOperation,64,12549.0
2267136,1,LayerNormDeviceOperation,64,12548.0
1847296,1,LayerNormDeviceOperation,64,12524.0
1931264,1,LayerNormDeviceOperation,64,12454.0
2351104,1,LayerNormDeviceOperation,64,12438.0
2686976,1,LayerNormDeviceOperation,60,12432.0
2603008,1,LayerNormDeviceOperation,60,12431.0
2141184,1,LayerNormDeviceOperation,64,12424.0
2519040,1,LayerNormDeviceOperation,64,12422.0
2644992,1,LayerNormDeviceOperation,60,12419.0
2477056,1,LayerNormDeviceOperation,64,12416.0
2099200,1,LayerNormDeviceOperation,64,12412.0
1608704,1,RotaryEmbeddingDeviceOperation,32,12411.0
2015232,1,LayerNormDeviceOperation,64,12411.0
1889280,1,LayerNormDeviceOperation,64,12410.0
1721344,1,LayerNormDeviceOperation,64,12409.0
2435072,1,LayerNormDeviceOperation,64,12405.0
2225152,1,LayerNormDeviceOperation,64,12403.0
2057216,1,LayerNormDeviceOperation,64,12390.0
2770944,1,LayerNormDeviceOperation,56,12389.0
2445312,1,LayerNormDeviceOperation,64,12385.0
1679360,1,LayerNormDeviceOperation,64,12384.0
2109440,1,LayerNormDeviceOperation,64,12383.0
1731584,1,LayerNormDeviceOperation,64,12377.0
1899520,1,LayerNormDeviceOperation,64,12376.0
1805312,1,LayerNormDeviceOperation,64,12375.0
2655232,1,LayerNormDeviceOperation,60,12375.0
2781184,1,LayerNormDeviceOperation,52,12375.0
2361344,1,LayerNormDeviceOperation,64,12374.0
2697216,1,LayerNormDeviceOperation,60,12374.0
2671616,1,RotaryEmbeddingDeviceOperation,28,12373.0
2728960,1,LayerNormDeviceOperation,60,12372.0
1647616,1,LayerNormDeviceOperation,64,12371.0
2235392,1,LayerNormDeviceOperation,64,12371.0
2487296,1,LayerNormDeviceOperation,64,12370.0
2403328,1,LayerNormDeviceOperation,64,12369.0
1689600,1,LayerNormDeviceOperation,64,12367.0
1763328,1,LayerNormDeviceOperation,64,12367.0
1773568,1,LayerNormDeviceOperation,64,12367.0
1941504,1,LayerNormDeviceOperation,64,12364.0
2277376,1,LayerNormDeviceOperation,64,12364.0
2025472,1,LayerNormDeviceOperation,64,12363.0
2571264,1,LayerNormDeviceOperation,64,12361.0
2613248,1,LayerNormDeviceOperation,60,12361.0
2739200,1,LayerNormDeviceOperation,60,12361.0
1857536,1,LayerNormDeviceOperation,64,12360.0
2561024,1,LayerNormDeviceOperation,64,12359.0
1815552,1,LayerNormDeviceOperation,64,12356.0
2529280,1,LayerNormDeviceOperation,64,12350.0
1983488,1,LayerNormDeviceOperation,64,12349.0
2151424,1,LayerNormDeviceOperation,64,12348.0
2067456,1,LayerNormDeviceOperation,64,12345.0
2319360,1,LayerNormDeviceOperation,64,12344.0
2193408,1,LayerNormDeviceOperation,64,12342.0
1973248,1,LayerNormDeviceOperation,64,12321.0
107520,,TilizeWithValPaddingDeviceOperation,1,12122.0
160768,,TilizeWithValPaddingDeviceOperation,1,12111.0
105472,,TilizeWithValPaddingDeviceOperation,1,12093.0
33792,,TilizeWithValPaddingDeviceOperation,1,12006.0
39936,,TilizeWithValPaddingDeviceOperation,1,12006.0
76800,,TilizeWithValPaddingDeviceOperation,1,11984.0
148480,,TilizeWithValPaddingDeviceOperation,1,11972.0
21504,,TilizeWithValPaddingDeviceOperation,1,11968.0
9216,,TilizeWithValPaddingDeviceOperation,1,11964.0
113664,,TilizeWithValPaddingDeviceOperation,1,11964.0
15360,,TilizeWithValPaddingDeviceOperation,1,11959.0
89088,,TilizeWithValPaddingDeviceOperation,1,11959.0
95232,,TilizeWithValPaddingDeviceOperation,1,11957.0
130048,,TilizeWithValPaddingDeviceOperation,1,11948.0
144384,,TilizeWithValPaddingDeviceOperation,1,11948.0
7168,,TilizeWithValPaddingDeviceOperation,1,11947.0
111616,,TilizeWithValPaddingDeviceOperation,1,11947.0
99328,,TilizeWithValPaddingDeviceOperation,1,11946.0
173056,,TilizeWithValPaddingDeviceOperation,1,11946.0
64512,,TilizeWithValPaddingDeviceOperation,1,11945.0
70656,,TilizeWithValPaddingDeviceOperation,1,11942.0
132096,,TilizeWithValPaddingDeviceOperation,1,11941.0
168960,,TilizeWithValPaddingDeviceOperation,1,11940.0
52224,,TilizeWithValPaddingDeviceOperation,1,11939.0
156672,,TilizeWithValPaddingDeviceOperation,1,11939.0
93184,,TilizeWithValPaddingDeviceOperation,1,11935.0
150528,,TilizeWithValPaddingDeviceOperation,1,11935.0
50176,,TilizeWithValPaddingDeviceOperation,1,11934.0
119808,,TilizeWithValPaddingDeviceOperation,1,11934.0
82944,,TilizeWithValPaddingDeviceOperation,1,11933.0
46080,,TilizeWithValPaddingDeviceOperation,1,11932.0
58368,,TilizeWithValPaddingDeviceOperation,1,11925.0
162816,,TilizeWithValPaddingDeviceOperation,1,11923.0
3072,,TilizeWithValPaddingDeviceOperation,1,11918.0
68608,,TilizeWithValPaddingDeviceOperation,1,11917.0
25600,,TilizeWithValPaddingDeviceOperation,1,11913.0
31744,,TilizeWithValPaddingDeviceOperation,1,11909.0
101376,,TilizeWithValPaddingDeviceOperation,1,11908.0
138240,,TilizeWithValPaddingDeviceOperation,1,11908.0
27648,,TilizeWithValPaddingDeviceOperation,1,11906.0
142336,,TilizeWithValPaddingDeviceOperation,1,11901.0
44032,,TilizeWithValPaddingDeviceOperation,1,11897.0
136192,,TilizeWithValPaddingDeviceOperation,1,11893.0
154624,,TilizeWithValPaddingDeviceOperation,1,11892.0
19456,,TilizeWithValPaddingDeviceOperation,1,11891.0
125952,,TilizeWithValPaddingDeviceOperation,1,11888.0
123904,,TilizeWithValPaddingDeviceOperation,1,11840.0
74752,,TilizeWithValPaddingDeviceOperation,1,11798.0
117760,,TilizeWithValPaddingDeviceOperation,1,11775.0
56320,,TilizeWithValPaddingDeviceOperation,1,11764.0
80896,,TilizeWithValPaddingDeviceOperation,1,11763.0
37888,,TilizeWithValPaddingDeviceOperation,1,11762.0
87040,,TilizeWithValPaddingDeviceOperation,1,11759.0
13312,,TilizeWithValPaddingDeviceOperation,1,11754.0
166912,,TilizeWithValPaddingDeviceOperation,1,11740.0
62464,,TilizeWithValPaddingDeviceOperation,1,11739.0
1604608,1,LayerNormDeviceOperation,32,11673.0
2753536,1,LayerNormDeviceOperation,28,11331.0
1703936,1,LayerNormDeviceOperation,32,11290.0
2123776,1,LayerNormDeviceOperation,32,11287.0
1582080,1,LayerNormDeviceOperation,32,11281.0
1654784,1,LayerNormDeviceOperation,32,11276.0
2165760,1,LayerNormDeviceOperation,32,11247.0
2746368,1,LayerNormDeviceOperation,28,11243.0
1913856,1,LayerNormDeviceOperation,32,11230.0
664576,,LayerNormDeviceOperation,64,11227.0
1252352,,LayerNormDeviceOperation,64,11215.0
1294336,,LayerNormDeviceOperation,64,11215.0
2039808,1,LayerNormDeviceOperation,32,11215.0
580608,,LayerNormDeviceOperation,64,11214.0
916480,,LayerNormDeviceOperation,64,11214.0
906240,,LayerNormDeviceOperation,64,11212.0
454656,,LayerNormDeviceOperation,64,11209.0
1462272,,LayerNormDeviceOperation,64,11204.0
2368512,1,LayerNormDeviceOperation,32,11203.0
1168384,,LayerNormDeviceOperation,64,11202.0
874496,,LayerNormDeviceOperation,64,11200.0
1410048,,LayerNormDeviceOperation,64,11200.0
1420288,,LayerNormDeviceOperation,64,11200.0
1210368,,LayerNormDeviceOperation,64,11197.0
1378304,,LayerNormDeviceOperation,64,11197.0
570368,,LayerNormDeviceOperation,64,11196.0
2333696,1,LayerNormDeviceOperation,32,11196.0
538624,,LayerNormDeviceOperation,64,11195.0
696320,,LayerNormDeviceOperation,64,11195.0
1326080,,LayerNormDeviceOperation,64,11194.0
706560,,LayerNormDeviceOperation,64,11193.0
1042432,,LayerNormDeviceOperation,64,11192.0
622592,,LayerNormDeviceOperation,64,11191.0
832512,,LayerNormDeviceOperation,64,11190.0
496640,,LayerNormDeviceOperation,64,11189.0
1200128,,LayerNormDeviceOperation,64,11189.0
1242112,,LayerNormDeviceOperation,64,11189.0
1126400,,LayerNormDeviceOperation,64,11188.0
1504256,,LayerNormDeviceOperation,64,11187.0
948224,,LayerNormDeviceOperation,64,11185.0
1158144,,LayerNormDeviceOperation,64,11185.0
1084416,,LayerNormDeviceOperation,64,11183.0
1116160,,LayerNormDeviceOperation,64,11183.0
822272,,LayerNormDeviceOperation,64,11182.0
1546240,,LayerNormDeviceOperation,64,11182.0
958464,,LayerNormDeviceOperation,64,11181.0
528384,,LayerNormDeviceOperation,64,11180.0
612352,,LayerNormDeviceOperation,64,11180.0
748544,,LayerNormDeviceOperation,64,11180.0
990208,,LayerNormDeviceOperation,64,11180.0
2669568,1,LayerNormDeviceOperation,28,11180.0
864256,,LayerNormDeviceOperation,64,11179.0
1368064,,LayerNormDeviceOperation,64,11176.0
328704,,LayerNormDeviceOperation,64,11175.0
486400,,LayerNormDeviceOperation,64,11175.0
1536000,,LayerNormDeviceOperation,64,11171.0
780288,,LayerNormDeviceOperation,64,11169.0
790528,,LayerNormDeviceOperation,64,11169.0
1284096,,LayerNormDeviceOperation,64,11169.0
1336320,,LayerNormDeviceOperation,64,11169.0
1000448,,LayerNormDeviceOperation,64,11167.0
1955840,1,LayerNormDeviceOperation,32,11166.0
1494016,,LayerNormDeviceOperation,64,11165.0
738304,,LayerNormDeviceOperation,64,11160.0
1452032,,LayerNormDeviceOperation,64,11158.0
2585600,1,LayerNormDeviceOperation,31,11157.0
444416,,LayerNormDeviceOperation,64,11156.0
1032192,,LayerNormDeviceOperation,64,11154.0
412672,,LayerNormDeviceOperation,64,11151.0
1074176,,LayerNormDeviceOperation,64,11147.0
2417664,1,LayerNormDeviceOperation,32,11137.0
654336,,LayerNormDeviceOperation,64,11135.0
2249728,1,LayerNormDeviceOperation,32,11124.0
1906688,1,LayerNormDeviceOperation,32,11121.0
2494464,1,LayerNormDeviceOperation,32,11110.0
1738752,1,LayerNormDeviceOperation,32,11096.0
2074624,1,LayerNormDeviceOperation,32,11094.0
2116608,1,LayerNormDeviceOperation,32,11081.0
1871872,1,LayerNormDeviceOperation,32,11071.0
1829888,1,LayerNormDeviceOperation,32,11068.0
1822720,1,LayerNormDeviceOperation,32,11057.0
2620416,1,LayerNormDeviceOperation,28,11055.0
2536448,1,LayerNormDeviceOperation,32,11050.0
2704384,1,LayerNormDeviceOperation,28,11049.0
2459648,1,LayerNormDeviceOperation,32,11041.0
1745920,1,LayerNormDeviceOperation,32,11039.0
2410496,1,LayerNormDeviceOperation,32,11039.0
2291712,1,LayerNormDeviceOperation,32,11038.0
2081792,1,LayerNormDeviceOperation,32,11032.0
2158592,1,LayerNormDeviceOperation,32,11022.0
1787904,1,LayerNormDeviceOperation,32,11021.0
403456,,LayerNormDeviceOperation,8,11018.0
1948672,1,LayerNormDeviceOperation,32,11016.0
2662400,1,LayerNormDeviceOperation,28,11014.0
2326528,1,LayerNormDeviceOperation,32,11010.0
2452480,1,LayerNormDeviceOperation,32,10992.0
2242560,1,LayerNormDeviceOperation,32,10989.0
2627584,1,LayerNormDeviceOperation,28,10984.0
2284544,1,LayerNormDeviceOperation,32,10976.0
1696768,1,LayerNormDeviceOperation,32,10975.0
1997824,1,LayerNormDeviceOperation,32,10974.0
2207744,1,LayerNormDeviceOperation,32,10969.0
1661952,1,LayerNormDeviceOperation,32,10957.0
2543616,1,LayerNormDeviceOperation,32,10950.0
2578432,1,LayerNormDeviceOperation,31,10940.0
1990656,1,LayerNormDeviceOperation,32,10929.0
2501632,1,LayerNormDeviceOperation,32,10919.0
2711552,1,LayerNormDeviceOperation,28,10913.0
1864704,1,LayerNormDeviceOperation,32,10912.0
2375680,1,LayerNormDeviceOperation,32,10881.0
2032640,1,LayerNormDeviceOperation,32,10879.0
2200576,1,LayerNormDeviceOperation,32,10865.0
1780736,1,LayerNormDeviceOperation,32,10827.0
461824,,LayerNormDeviceOperation,32,10175.0
720896,,LayerNormDeviceOperation,32,10172.0
1469440,,LayerNormDeviceOperation,32,10168.0
1308672,,LayerNormDeviceOperation,32,10163.0
1133568,,LayerNormDeviceOperation,32,10152.0
347136,,LayerNormDeviceOperation,32,10151.0
797696,,LayerNormDeviceOperation,32,10148.0
1511424,,LayerNormDeviceOperation,32,10147.0
587776,,LayerNormDeviceOperation,32,10146.0
629760,,LayerNormDeviceOperation,32,10143.0
503808,,LayerNormDeviceOperation,32,10140.0
636928,,LayerNormDeviceOperation,32,10134.0
930816,,LayerNormDeviceOperation,32,10133.0
1224704,,LayerNormDeviceOperation,32,10133.0
1385472,,LayerNormDeviceOperation,32,10131.0
1098752,,LayerNormDeviceOperation,32,10129.0
1476608,,LayerNormDeviceOperation,32,10129.0
427008,,LayerNormDeviceOperation,32,10128.0
1091584,,LayerNormDeviceOperation,32,10122.0
1259520,,LayerNormDeviceOperation,32,10121.0
1014784,,LayerNormDeviceOperation,32,10119.0
1343488,,LayerNormDeviceOperation,32,10119.0
1049600,,LayerNormDeviceOperation,32,10118.0
552960,,LayerNormDeviceOperation,32,10117.0
972800,,LayerNormDeviceOperation,32,10116.0
839680,,LayerNormDeviceOperation,32,10115.0
545792,,LayerNormDeviceOperation,32,10114.0
1175552,,LayerNormDeviceOperation,32,10114.0
594944,,LayerNormDeviceOperation,32,10112.0
468992,,LayerNormDeviceOperation,32,10109.0
846848,,LayerNormDeviceOperation,32,10107.0
1266688,,LayerNormDeviceOperation,32,10106.0
888832,,LayerNormDeviceOperation,32,10104.0
755712,,LayerNormDeviceOperation,32,10103.0
1301504,,LayerNormDeviceOperation,32,10103.0
369664,,LayerNormDeviceOperation,32,10102.0
419840,,LayerNormDeviceOperation,32,10102.0
671744,,LayerNormDeviceOperation,32,10102.0
678912,,LayerNormDeviceOperation,32,10102.0
1434624,,LayerNormDeviceOperation,32,10100.0
510976,,LayerNormDeviceOperation,32,10099.0
762880,,LayerNormDeviceOperation,32,10097.0
1007616,,LayerNormDeviceOperation,32,10097.0
1427456,,LayerNormDeviceOperation,32,10097.0
1518592,,LayerNormDeviceOperation,32,10097.0
1140736,,LayerNormDeviceOperation,32,10095.0
713728,,LayerNormDeviceOperation,32,10093.0
1217536,,LayerNormDeviceOperation,32,10090.0
965632,,LayerNormDeviceOperation,32,10088.0
923648,,LayerNormDeviceOperation,32,10086.0
1182720,,LayerNormDeviceOperation,32,10083.0
804864,,LayerNormDeviceOperation,32,10079.0
1056768,,LayerNormDeviceOperation,32,10077.0
881664,,LayerNormDeviceOperation,32,10070.0
1392640,,LayerNormDeviceOperation,32,10059.0
1350656,,LayerNormDeviceOperation,32,10057.0
387072,,FillPadDeviceOperation,64,9393.0
1622016,1,FillPadDeviceOperation,64,9379.0
389120,,BinaryNgDeviceOperation,64,8932.0
1641472,1,BinaryNgDeviceOperation,64,8832.0
1809408,1,BinaryNgDeviceOperation,64,8808.0
1767424,1,BinaryNgDeviceOperation,64,8806.0
2313216,1,BinaryNgDeviceOperation,64,8799.0
2649088,1,BinaryNgDeviceOperation,60,8799.0
2229248,1,BinaryNgDeviceOperation,64,8798.0
2565120,1,BinaryNgDeviceOperation,64,8795.0
2061312,1,BinaryNgDeviceOperation,64,8789.0
2481152,1,BinaryNgDeviceOperation,64,8788.0
2145280,1,BinaryNgDeviceOperation,64,8787.0
2733056,1,BinaryNgDeviceOperation,60,8787.0
2355200,1,BinaryNgDeviceOperation,64,8786.0
1893376,1,BinaryNgDeviceOperation,64,8785.0
2397184,1,BinaryNgDeviceOperation,64,8785.0
2775040,1,BinaryNgDeviceOperation,56,8785.0
2019328,1,BinaryNgDeviceOperation,64,8784.0
1683456,1,BinaryNgDeviceOperation,64,8781.0
2691072,1,BinaryNgDeviceOperation,60,8780.0
1935360,1,BinaryNgDeviceOperation,64,8779.0
2607104,1,BinaryNgDeviceOperation,60,8778.0
1977344,1,BinaryNgDeviceOperation,64,8777.0
2103296,1,BinaryNgDeviceOperation,64,8777.0
1851392,1,BinaryNgDeviceOperation,64,8776.0
2187264,1,BinaryNgDeviceOperation,64,8776.0
2439168,1,BinaryNgDeviceOperation,64,8776.0
2271232,1,BinaryNgDeviceOperation,64,8775.0
1725440,1,BinaryNgDeviceOperation,64,8768.0
2523136,1,BinaryNgDeviceOperation,64,8757.0
826368,,BinaryNgDeviceOperation,64,8741.0
1078272,,BinaryNgDeviceOperation,64,8722.0
1036288,,BinaryNgDeviceOperation,64,8710.0
406528,,BinaryNgDeviceOperation,64,8705.0
784384,,BinaryNgDeviceOperation,64,8704.0
1414144,,BinaryNgDeviceOperation,64,8700.0
448512,,BinaryNgDeviceOperation,64,8697.0
1288192,,BinaryNgDeviceOperation,64,8695.0
1372160,,BinaryNgDeviceOperation,64,8695.0
574464,,BinaryNgDeviceOperation,64,8694.0
1246208,,BinaryNgDeviceOperation,64,8686.0
1162240,,BinaryNgDeviceOperation,64,8684.0
1498112,,BinaryNgDeviceOperation,64,8677.0
868352,,BinaryNgDeviceOperation,64,8676.0
532480,,BinaryNgDeviceOperation,64,8675.0
658432,,BinaryNgDeviceOperation,64,8674.0
1204224,,BinaryNgDeviceOperation,64,8670.0
490496,,BinaryNgDeviceOperation,64,8669.0
1120256,,BinaryNgDeviceOperation,64,8666.0
742400,,BinaryNgDeviceOperation,64,8665.0
910336,,BinaryNgDeviceOperation,64,8665.0
1540096,,BinaryNgDeviceOperation,64,8665.0
700416,,BinaryNgDeviceOperation,64,8663.0
952320,,BinaryNgDeviceOperation,64,8659.0
994304,,BinaryNgDeviceOperation,64,8656.0
616448,,BinaryNgDeviceOperation,64,8651.0
1330176,,BinaryNgDeviceOperation,64,8648.0
1456128,,BinaryNgDeviceOperation,64,8647.0
115712,,TilizeWithValPaddingDeviceOperation,32,8330.0
92160,,TilizeWithValPaddingDeviceOperation,32,8257.0
158720,,TilizeWithValPaddingDeviceOperation,32,8246.0
66560,,TilizeWithValPaddingDeviceOperation,32,8242.0
48128,,TilizeWithValPaddingDeviceOperation,32,8228.0
60416,,TilizeWithValPaddingDeviceOperation,32,8219.0
121856,,TilizeWithValPaddingDeviceOperation,32,8209.0
1024,,TilizeWithValPaddingDeviceOperation,32,8201.0
159744,,TilizeWithValPaddingDeviceOperation,32,8198.0
91136,,TilizeWithValPaddingDeviceOperation,32,8192.0
147456,,TilizeWithValPaddingDeviceOperation,32,8155.0
35840,,TilizeWithValPaddingDeviceOperation,32,8151.0
79872,,TilizeWithValPaddingDeviceOperation,32,8135.0
103424,,TilizeWithValPaddingDeviceOperation,32,8132.0
29696,,TilizeWithValPaddingDeviceOperation,32,8121.0
72704,,TilizeWithValPaddingDeviceOperation,32,8116.0
86016,,TilizeWithValPaddingDeviceOperation,32,8110.0
129024,,TilizeWithValPaddingDeviceOperation,32,8101.0
84992,,TilizeWithValPaddingDeviceOperation,32,8097.0
153600,,TilizeWithValPaddingDeviceOperation,32,8096.0
171008,,TilizeWithValPaddingDeviceOperation,32,8094.0
110592,,TilizeWithValPaddingDeviceOperation,32,8083.0
128000,,TilizeWithValPaddingDeviceOperation,32,8076.0
36864,,TilizeWithValPaddingDeviceOperation,32,8059.0
41984,,TilizeWithValPaddingDeviceOperation,32,8054.0
30720,,TilizeWithValPaddingDeviceOperation,32,8051.0
17408,,TilizeWithValPaddingDeviceOperation,32,8050.0
164864,,TilizeWithValPaddingDeviceOperation,32,8046.0
54272,,TilizeWithValPaddingDeviceOperation,32,8044.0
78848,,TilizeWithValPaddingDeviceOperation,32,8043.0
152576,,TilizeWithValPaddingDeviceOperation,32,8036.0
11264,,TilizeWithValPaddingDeviceOperation,32,8028.0
24576,,TilizeWithValPaddingDeviceOperation,32,8025.0
55296,,TilizeWithValPaddingDeviceOperation,32,8024.0
134144,,TilizeWithValPaddingDeviceOperation,32,8019.0
43008,,TilizeWithValPaddingDeviceOperation,32,8018.0
5120,,TilizeWithValPaddingDeviceOperation,32,8009.0
18432,,TilizeWithValPaddingDeviceOperation,32,7995.0
98304,,TilizeWithValPaddingDeviceOperation,32,7983.0
67584,,TilizeWithValPaddingDeviceOperation,32,7970.0
135168,,TilizeWithValPaddingDeviceOperation,32,7953.0
97280,,TilizeWithValPaddingDeviceOperation,32,7952.0
109568,,TilizeWithValPaddingDeviceOperation,32,7945.0
49152,,TilizeWithValPaddingDeviceOperation,32,7943.0
6144,,TilizeWithValPaddingDeviceOperation,32,7937.0
122880,,TilizeWithValPaddingDeviceOperation,32,7934.0
172032,,TilizeWithValPaddingDeviceOperation,32,7922.0
146432,,TilizeWithValPaddingDeviceOperation,32,7919.0
61440,,TilizeWithValPaddingDeviceOperation,32,7918.0
165888,,TilizeWithValPaddingDeviceOperation,32,7916.0
23552,,TilizeWithValPaddingDeviceOperation,32,7906.0
140288,,TilizeWithValPaddingDeviceOperation,32,7905.0
116736,,TilizeWithValPaddingDeviceOperation,32,7903.0
141312,,TilizeWithValPaddingDeviceOperation,32,7886.0
104448,,TilizeWithValPaddingDeviceOperation,32,7880.0
12288,,TilizeWithValPaddingDeviceOperation,32,7835.0
73728,,TilizeWithValPaddingDeviceOperation,32,7802.0
1624064,1,BinaryNgDeviceOperation,64,7125.0
1555456,1,TilizeWithValPaddingDeviceOperation,1,6721.0
1571840,1,TilizeWithValPaddingDeviceOperation,1,6649.0
317440,,TilizeWithValPaddingDeviceOperation,1,6628.0
2675712,1,TypecastDeviceOperation,60,6626.0
2087936,1,TypecastDeviceOperation,64,6583.0
1552384,1,TilizeWithValPaddingDeviceOperation,1,6566.0
336896,,TilizeWithValPaddingDeviceOperation,1,6501.0
359424,,TilizeWithValPaddingDeviceOperation,1,6491.0
1752064,1,TypecastDeviceOperation,64,6487.0
320512,,TilizeWithValPaddingDeviceOperation,1,6450.0
2633728,1,TypecastDeviceOperation,60,6448.0
1619968,1,TypecastDeviceOperation,64,6435.0
1272832,,TypecastDeviceOperation,64,6430.0
1594368,1,TilizeWithValPaddingDeviceOperation,1,6330.0
559104,,TypecastDeviceOperation,64,6322.0
475136,,TypecastDeviceOperation,64,6290.0
2549760,1,TypecastDeviceOperation,64,6284.0
811008,,TypecastDeviceOperation,64,6211.0
1836032,1,TypecastDeviceOperation,64,6187.0
2297856,1,TypecastDeviceOperation,64,6175.0
936960,,TypecastDeviceOperation,64,6173.0
2717696,1,TypecastDeviceOperation,60,6140.0
1794048,1,TypecastDeviceOperation,64,6127.0
1668096,1,TypecastDeviceOperation,64,6126.0
685056,,TypecastDeviceOperation,64,6120.0
894976,,TypecastDeviceOperation,64,6103.0
1020928,,TypecastDeviceOperation,64,6097.0
2213888,1,TypecastDeviceOperation,64,6093.0
1440768,,TypecastDeviceOperation,64,6092.0
769024,,TypecastDeviceOperation,64,6088.0
2129920,1,TypecastDeviceOperation,64,6073.0
1710080,1,TypecastDeviceOperation,64,6055.0
1062912,,TypecastDeviceOperation,64,6050.0
1146880,,TypecastDeviceOperation,64,6048.0
2423808,1,TypecastDeviceOperation,64,6023.0
2591744,1,TypecastDeviceOperation,63,6019.0
517120,,TypecastDeviceOperation,64,6016.0
1356800,,TypecastDeviceOperation,64,6008.0
852992,,TypecastDeviceOperation,64,5988.0
1961984,1,TypecastDeviceOperation,64,5986.0
2465792,1,TypecastDeviceOperation,64,5984.0
2255872,1,TypecastDeviceOperation,64,5964.0
1188864,,TypecastDeviceOperation,64,5962.0
2045952,1,TypecastDeviceOperation,64,5960.0
2759680,1,TypecastDeviceOperation,59,5902.0
2339840,1,TypecastDeviceOperation,64,5898.0
433152,,TypecastDeviceOperation,64,5897.0
1398784,,TypecastDeviceOperation,64,5887.0
1482752,,TypecastDeviceOperation,64,5880.0
983040,,NLPConcatHeadsDecodeDeviceOperation,16,5867.0
1108992,,NLPConcatHeadsDecodeDeviceOperation,16,5845.0
2507776,1,TypecastDeviceOperation,64,5842.0
385024,,TypecastDeviceOperation,64,5838.0
647168,,NLPConcatHeadsDecodeDeviceOperation,16,5829.0
479232,,NLPConcatHeadsDecodeDeviceOperation,16,5824.0
1528832,,NLPConcatHeadsDecodeDeviceOperation,16,5820.0
395264,,NLPConcatHeadsDecodeDeviceOperation,16,5812.0
1150976,,NLPConcatHeadsDecodeDeviceOperation,16,5805.0
1486848,,NLPConcatHeadsDecodeDeviceOperation,16,5804.0
605184,,NLPConcatHeadsDecodeDeviceOperation,16,5802.0
1276928,,NLPConcatHeadsDecodeDeviceOperation,16,5801.0
689152,,NLPConcatHeadsDecodeDeviceOperation,16,5800.0
1318912,,NLPConcatHeadsDecodeDeviceOperation,16,5794.0
1444864,,NLPConcatHeadsDecodeDeviceOperation,16,5787.0
815104,,NLPConcatHeadsDecodeDeviceOperation,16,5785.0
731136,,NLPConcatHeadsDecodeDeviceOperation,16,5780.0
941056,,NLPConcatHeadsDecodeDeviceOperation,16,5777.0
1360896,,NLPConcatHeadsDecodeDeviceOperation,16,5774.0
1615872,1,TypecastDeviceOperation,64,5774.0
857088,,NLPConcatHeadsDecodeDeviceOperation,16,5773.0
1234944,,NLPConcatHeadsDecodeDeviceOperation,16,5772.0
899072,,NLPConcatHeadsDecodeDeviceOperation,16,5765.0
1067008,,NLPConcatHeadsDecodeDeviceOperation,16,5762.0
1402880,,NLPConcatHeadsDecodeDeviceOperation,16,5761.0
1025024,,NLPConcatHeadsDecodeDeviceOperation,16,5753.0
563200,,NLPConcatHeadsDecodeDeviceOperation,16,5750.0
1623040,1,ReduceDeviceOperation,32,5742.0
1192960,,NLPConcatHeadsDecodeDeviceOperation,16,5739.0
1878016,1,TypecastDeviceOperation,64,5737.0
521216,,NLPConcatHeadsDecodeDeviceOperation,16,5732.0
2381824,1,TypecastDeviceOperation,64,5731.0
437248,,NLPConcatHeadsDecodeDeviceOperation,16,5721.0
773120,,NLPConcatHeadsDecodeDeviceOperation,16,5721.0
1230848,,TypecastDeviceOperation,64,5715.0
727040,,TypecastDeviceOperation,64,5711.0
1104896,,TypecastDeviceOperation,64,5648.0
2003968,1,TypecastDeviceOperation,64,5639.0
1920000,1,TypecastDeviceOperation,64,5611.0
1524736,,TypecastDeviceOperation,64,5603.0
1611776,1,UntilizeWithUnpaddingDeviceOperation,32,5590.0
1314816,,TypecastDeviceOperation,64,5585.0
978944,,TypecastDeviceOperation,64,5479.0
601088,,TypecastDeviceOperation,64,5466.0
2171904,1,TypecastDeviceOperation,64,5379.0
2259968,1,NLPConcatHeadsDecodeDeviceOperation,16,5372.0
1671168,1,TypecastDeviceOperation,64,5351.0
643072,,TypecastDeviceOperation,64,5340.0
2174976,1,TypecastDeviceOperation,64,5334.0
2176000,1,NLPConcatHeadsDecodeDeviceOperation,16,5333.0
1672192,1,NLPConcatHeadsDecodeDeviceOperation,16,5326.0
2763776,1,NLPConcatHeadsDecodeDeviceOperation,11,5310.0
2049024,1,TypecastDeviceOperation,64,5301.0
2217984,1,NLPConcatHeadsDecodeDeviceOperation,16,5283.0
2762752,1,TypecastDeviceOperation,59,5281.0
2050048,1,NLPConcatHeadsDecodeDeviceOperation,16,5275.0
2385920,1,NLPConcatHeadsDecodeDeviceOperation,16,5271.0
1602560,1,TypecastDeviceOperation,64,5261.0
376832,,UntilizeWithUnpaddingDeviceOperation,32,5258.0
1331200,,ReshardDeviceOperation,8,5256.0
1798144,1,NLPConcatHeadsDecodeDeviceOperation,16,5246.0
562176,,TypecastDeviceOperation,64,5245.0
388096,,ReduceDeviceOperation,32,5240.0
575488,,ReshardDeviceOperation,8,5240.0
1714176,1,NLPConcatHeadsDecodeDeviceOperation,16,5238.0
2469888,1,NLPConcatHeadsDecodeDeviceOperation,16,5236.0
2134016,1,NLPConcatHeadsDecodeDeviceOperation,16,5232.0
1924096,1,NLPConcatHeadsDecodeDeviceOperation,16,5229.0
1966080,1,NLPConcatHeadsDecodeDeviceOperation,16,5228.0
2511872,1,NLPConcatHeadsDecodeDeviceOperation,16,5228.0
1756160,1,NLPConcatHeadsDecodeDeviceOperation,16,5225.0
2343936,1,NLPConcatHeadsDecodeDeviceOperation,16,5223.0
827392,,ReshardDeviceOperation,8,5219.0
1630208,1,NLPConcatHeadsDecodeDeviceOperation,16,5213.0
1882112,1,NLPConcatHeadsDecodeDeviceOperation,16,5210.0
2008064,1,NLPConcatHeadsDecodeDeviceOperation,16,5210.0
2301952,1,NLPConcatHeadsDecodeDeviceOperation,16,5209.0
2314240,1,ReshardDeviceOperation,8,5199.0
2553856,1,NLPConcatHeadsDecodeDeviceOperation,16,5199.0
856064,,TypecastDeviceOperation,64,5198.0
940032,,TypecastDeviceOperation,64,5197.0
1191936,,TypecastDeviceOperation,64,5196.0
2342912,1,TypecastDeviceOperation,64,5192.0
2637824,1,NLPConcatHeadsDecodeDeviceOperation,12,5191.0
2482176,1,ReshardDeviceOperation,8,5187.0
2720768,1,TypecastDeviceOperation,60,5185.0
953344,,ReshardDeviceOperation,8,5184.0
1443840,,TypecastDeviceOperation,64,5181.0
2679808,1,NLPConcatHeadsDecodeDeviceOperation,12,5180.0
1415168,,ReshardDeviceOperation,8,5175.0
2427904,1,NLPConcatHeadsDecodeDeviceOperation,16,5174.0
2595840,1,NLPConcatHeadsDecodeDeviceOperation,14,5173.0
2721792,1,NLPConcatHeadsDecodeDeviceOperation,12,5172.0
1149952,,TypecastDeviceOperation,64,5164.0
1359872,,TypecastDeviceOperation,64,5162.0
869376,,ReshardDeviceOperation,8,5161.0
1317888,,TypecastDeviceOperation,64,5158.0
2092032,1,NLPConcatHeadsDecodeDeviceOperation,16,5149.0
1755136,1,TypecastDeviceOperation,64,5147.0
730112,,TypecastDeviceOperation,64,5146.0
688128,,TypecastDeviceOperation,64,5145.0
1233920,,TypecastDeviceOperation,64,5140.0
646144,,TypecastDeviceOperation,64,5139.0
982016,,TypecastDeviceOperation,64,5139.0
898048,,TypecastDeviceOperation,64,5137.0
2384896,1,TypecastDeviceOperation,64,5128.0
1024000,,TypecastDeviceOperation,64,5126.0
1275904,,TypecastDeviceOperation,64,5125.0
520192,,TypecastDeviceOperation,64,5123.0
394240,,TypecastDeviceOperation,64,5122.0
1485824,,TypecastDeviceOperation,64,5122.0
1247232,,ReshardDeviceOperation,8,5121.0
478208,,TypecastDeviceOperation,64,5119.0
1401856,,TypecastDeviceOperation,64,5119.0
2510848,1,TypecastDeviceOperation,64,5119.0
380928,,TypecastDeviceOperation,64,5117.0
1079296,,ReshardDeviceOperation,8,5116.0
2468864,1,TypecastDeviceOperation,64,5116.0
1107968,,TypecastDeviceOperation,64,5110.0
604160,,TypecastDeviceOperation,64,5109.0
1121280,,ReshardDeviceOperation,8,5108.0
436224,,TypecastDeviceOperation,64,5105.0
1629184,1,TypecastDeviceOperation,64,5105.0
772096,,TypecastDeviceOperation,64,5103.0
367616,,TypecastDeviceOperation,64,5102.0
2188288,1,ReshardDeviceOperation,8,5100.0
449536,,ReshardDeviceOperation,8,5098.0
701440,,ReshardDeviceOperation,8,5098.0
814080,,TypecastDeviceOperation,64,5098.0
1527808,,TypecastDeviceOperation,64,5097.0
1923072,1,TypecastDeviceOperation,64,5097.0
1840128,1,NLPConcatHeadsDecodeDeviceOperation,16,5096.0
2007040,1,TypecastDeviceOperation,64,5095.0
2440192,1,ReshardDeviceOperation,8,5093.0
2258944,1,TypecastDeviceOperation,64,5084.0
1065984,,TypecastDeviceOperation,64,5083.0
2678784,1,TypecastDeviceOperation,60,5077.0
1839104,1,TypecastDeviceOperation,64,5074.0
2594816,1,TypecastDeviceOperation,63,5071.0
533504,,ReshardDeviceOperation,8,5060.0
491520,,ReshardDeviceOperation,8,5057.0
743424,,ReshardDeviceOperation,8,5056.0
1037312,,ReshardDeviceOperation,8,5051.0
1289216,,ReshardDeviceOperation,8,5047.0
2091008,1,TypecastDeviceOperation,64,5046.0
2216960,1,TypecastDeviceOperation,64,5046.0
1726464,1,ReshardDeviceOperation,8,5042.0
1373184,,ReshardDeviceOperation,8,5037.0
1713152,1,TypecastDeviceOperation,64,5033.0
785408,,ReshardDeviceOperation,8,5010.0
2650112,1,ReshardDeviceOperation,4,5010.0
911360,,ReshardDeviceOperation,8,5009.0
2062336,1,ReshardDeviceOperation,8,5009.0
2426880,1,TypecastDeviceOperation,64,5007.0
407552,,ReshardDeviceOperation,8,5002.0
1205248,,ReshardDeviceOperation,8,5002.0
2552832,1,TypecastDeviceOperation,64,5000.0
2300928,1,TypecastDeviceOperation,64,4985.0
1797120,1,TypecastDeviceOperation,64,4984.0
2636800,1,TypecastDeviceOperation,60,4984.0
1499136,,ReshardDeviceOperation,8,4969.0
2104320,1,ReshardDeviceOperation,8,4967.0
2132992,1,TypecastDeviceOperation,64,4965.0
2272256,1,ReshardDeviceOperation,8,4963.0
659456,,ReshardDeviceOperation,8,4961.0
1163264,,ReshardDeviceOperation,8,4960.0
2692096,1,ReshardDeviceOperation,4,4957.0
1965056,1,TypecastDeviceOperation,64,4956.0
2524160,1,ReshardDeviceOperation,8,4937.0
1541120,,ReshardDeviceOperation,8,4936.0
1881088,1,TypecastDeviceOperation,64,4934.0
2356224,1,ReshardDeviceOperation,8,4931.0
1852416,1,ReshardDeviceOperation,8,4924.0
2608128,1,ReshardDeviceOperation,4,4886.0
2398208,1,ReshardDeviceOperation,8,4879.0
617472,,ReshardDeviceOperation,8,4844.0
2776064,1,ReshardDeviceOperation,4,4832.0
1457152,,ReshardDeviceOperation,8,4828.0
1810432,1,ReshardDeviceOperation,8,4825.0
1768448,1,ReshardDeviceOperation,8,4817.0
1684480,1,ReshardDeviceOperation,8,4813.0
2230272,1,ReshardDeviceOperation,8,4801.0
2020352,1,ReshardDeviceOperation,8,4788.0
2734080,1,ReshardDeviceOperation,4,4771.0
1894400,1,ReshardDeviceOperation,8,4769.0
995328,,ReshardDeviceOperation,8,4761.0
2146304,1,ReshardDeviceOperation,8,4738.0
1642496,1,ReshardDeviceOperation,8,4719.0
1936384,1,ReshardDeviceOperation,8,4694.0
2566144,1,ReshardDeviceOperation,8,4673.0
1978368,1,ReshardDeviceOperation,8,4666.0
686080,,InterleavedToShardedDeviceOperation,32,4464.0
2172928,1,InterleavedToShardedDeviceOperation,32,4251.0
2592768,1,InterleavedToShardedDeviceOperation,31,4227.0
391168,,InterleavedToShardedDeviceOperation,32,4224.0
896000,,InterleavedToShardedDeviceOperation,32,4215.0
1315840,,InterleavedToShardedDeviceOperation,32,4200.0
1021952,,InterleavedToShardedDeviceOperation,32,4191.0
476160,,InterleavedToShardedDeviceOperation,32,4188.0
644096,,InterleavedToShardedDeviceOperation,32,4178.0
854016,,InterleavedToShardedDeviceOperation,32,4135.0
728064,,InterleavedToShardedDeviceOperation,32,4103.0
937984,,InterleavedToShardedDeviceOperation,32,4100.0
2088960,1,InterleavedToShardedDeviceOperation,32,4036.0
434176,,InterleavedToShardedDeviceOperation,32,4034.0
2046976,1,InterleavedToShardedDeviceOperation,32,4031.0
1231872,,InterleavedToShardedDeviceOperation,32,4028.0
1357824,,InterleavedToShardedDeviceOperation,32,4024.0
2298880,1,InterleavedToShardedDeviceOperation,32,4021.0
518144,,InterleavedToShardedDeviceOperation,32,4001.0
2004992,1,InterleavedToShardedDeviceOperation,32,3993.0
560128,,InterleavedToShardedDeviceOperation,32,3964.0
1273856,,InterleavedToShardedDeviceOperation,32,3948.0
1147904,,InterleavedToShardedDeviceOperation,32,3936.0
602112,,InterleavedToShardedDeviceOperation,32,3925.0
1063936,,InterleavedToShardedDeviceOperation,32,3906.0
1483776,,InterleavedToShardedDeviceOperation,32,3906.0
1525760,,InterleavedToShardedDeviceOperation,32,3906.0
812032,,InterleavedToShardedDeviceOperation,32,3903.0
770048,,InterleavedToShardedDeviceOperation,32,3884.0
1441792,,InterleavedToShardedDeviceOperation,32,3882.0
2382848,1,InterleavedToShardedDeviceOperation,32,3793.0
1189888,,InterleavedToShardedDeviceOperation,32,3786.0
2424832,1,InterleavedToShardedDeviceOperation,32,3773.0
979968,,InterleavedToShardedDeviceOperation,32,3766.0
1105920,,InterleavedToShardedDeviceOperation,32,3750.0
1669120,1,InterleavedToShardedDeviceOperation,32,3750.0
2760704,1,InterleavedToShardedDeviceOperation,27,3750.0
360448,,BinaryNgDeviceOperation,64,3748.0
1332224,,ShardedToInterleavedDeviceOperation,8,3723.0
2676736,1,InterleavedToShardedDeviceOperation,28,3721.0
1164288,,ShardedToInterleavedDeviceOperation,8,3691.0
408576,,ShardedToInterleavedDeviceOperation,8,3676.0
1399808,,InterleavedToShardedDeviceOperation,32,3675.0
1963008,1,InterleavedToShardedDeviceOperation,32,3665.0
1921024,1,InterleavedToShardedDeviceOperation,32,3663.0
1080320,,ShardedToInterleavedDeviceOperation,8,3641.0
660480,,ShardedToInterleavedDeviceOperation,8,3636.0
1416192,,ShardedToInterleavedDeviceOperation,8,3628.0
492544,,ShardedToInterleavedDeviceOperation,8,3619.0
954368,,ShardedToInterleavedDeviceOperation,8,3613.0
996352,,ShardedToInterleavedDeviceOperation,8,3597.0
1248256,,ShardedToInterleavedDeviceOperation,8,3595.0
786432,,ShardedToInterleavedDeviceOperation,8,3592.0
1458176,,ShardedToInterleavedDeviceOperation,8,3587.0
576512,,ShardedToInterleavedDeviceOperation,8,3571.0
2634752,1,InterleavedToShardedDeviceOperation,28,3565.0
450560,,ShardedToInterleavedDeviceOperation,8,3564.0
2466816,1,InterleavedToShardedDeviceOperation,32,3554.0
828416,,ShardedToInterleavedDeviceOperation,8,3539.0
1122304,,ShardedToInterleavedDeviceOperation,8,3536.0
1206272,,ShardedToInterleavedDeviceOperation,8,3529.0
1753088,1,InterleavedToShardedDeviceOperation,32,3525.0
1620992,1,ShardedToInterleavedDeviceOperation,32,3501.0
1038336,,ShardedToInterleavedDeviceOperation,8,3493.0
702464,,ShardedToInterleavedDeviceOperation,8,3482.0
2340864,1,InterleavedToShardedDeviceOperation,32,3477.0
912384,,ShardedToInterleavedDeviceOperation,8,3476.0
2718720,1,InterleavedToShardedDeviceOperation,28,3473.0
1500160,,ShardedToInterleavedDeviceOperation,8,3468.0
1290240,,ShardedToInterleavedDeviceOperation,8,3466.0
1542144,,ShardedToInterleavedDeviceOperation,8,3461.0
2745344,1,ReshardDeviceOperation,28,3448.0
870400,,ShardedToInterleavedDeviceOperation,8,3447.0
2130944,1,InterleavedToShardedDeviceOperation,32,3432.0
534528,,ShardedToInterleavedDeviceOperation,8,3427.0
618496,,ShardedToInterleavedDeviceOperation,8,3411.0
1374208,,ShardedToInterleavedDeviceOperation,8,3411.0
744448,,ShardedToInterleavedDeviceOperation,8,3408.0
386048,,ShardedToInterleavedDeviceOperation,32,3404.0
2550784,1,InterleavedToShardedDeviceOperation,32,3321.0
2214912,1,InterleavedToShardedDeviceOperation,32,3318.0
766976,,CopyDeviceOperation,64,3317.0
2256896,1,InterleavedToShardedDeviceOperation,32,3297.0
1879040,1,InterleavedToShardedDeviceOperation,32,3292.0
2508800,1,InterleavedToShardedDeviceOperation,32,3245.0
1626112,1,InterleavedToShardedDeviceOperation,32,3234.0
1711104,1,InterleavedToShardedDeviceOperation,32,3233.0
1595392,1,BinaryNgDeviceOperation,64,3230.0
1837056,1,InterleavedToShardedDeviceOperation,32,3203.0
1572864,1,BinaryNgDeviceOperation,64,3201.0
375808,,ShardedToInterleavedDeviceOperation,32,3196.0
1270784,,CopyDeviceOperation,64,3178.0
1480704,,CopyDeviceOperation,64,3175.0
2752512,1,ReshardDeviceOperation,28,3168.0
1653760,1,ReshardDeviceOperation,32,3165.0
1144832,,CopyDeviceOperation,64,3147.0
431104,,CopyDeviceOperation,64,3141.0
683008,,CopyDeviceOperation,64,3135.0
1617920,1,CopyDeviceOperation,64,3127.0
2295808,1,CopyDeviceOperation,64,3125.0
1438720,,CopyDeviceOperation,64,3122.0
1312768,,CopyDeviceOperation,64,3119.0
976896,,CopyDeviceOperation,64,3117.0
1060864,,CopyDeviceOperation,64,3115.0
641024,,CopyDeviceOperation,64,3107.0
1614848,1,InterleavedToShardedDeviceOperation,32,3105.0
1610752,1,ShardedToInterleavedDeviceOperation,32,3101.0
1795072,1,InterleavedToShardedDeviceOperation,32,3100.0
1307648,,ReshardDeviceOperation,32,3099.0
599040,,CopyDeviceOperation,64,3080.0
2715648,1,CopyDeviceOperation,60,3079.0
1522688,,CopyDeviceOperation,64,3072.0
379904,,InterleavedToShardedDeviceOperation,32,3071.0
557056,,CopyDeviceOperation,64,3028.0
1853440,1,ShardedToInterleavedDeviceOperation,8,3028.0
1186816,,CopyDeviceOperation,64,3022.0
473088,,CopyDeviceOperation,64,3014.0
2367488,1,ReshardDeviceOperation,32,3013.0
2122752,1,ReshardDeviceOperation,32,3009.0
787456,,InterleavedToShardedDeviceOperation,8,3007.0
2567168,1,ShardedToInterleavedDeviceOperation,8,3006.0
2626560,1,ReshardDeviceOperation,28,3005.0
382976,,CopyDeviceOperation,64,3000.0
1102848,,CopyDeviceOperation,64,2990.0
1354752,,CopyDeviceOperation,64,2983.0
850944,,CopyDeviceOperation,64,2977.0
1123328,,InterleavedToShardedDeviceOperation,8,2976.0
337920,,BinaryNgDeviceOperation,64,2974.0
1912832,1,ReshardDeviceOperation,32,2972.0
1917952,1,CopyDeviceOperation,64,2967.0
808960,,CopyDeviceOperation,64,2950.0
2115584,1,ReshardDeviceOperation,32,2950.0
1954816,1,ReshardDeviceOperation,32,2948.0
1769472,1,ShardedToInterleavedDeviceOperation,8,2947.0
1937408,1,ShardedToInterleavedDeviceOperation,8,2947.0
1598464,1,UntilizeWithUnpaddingDeviceOperation,1,2946.0
661504,,InterleavedToShardedDeviceOperation,8,2940.0
2619392,1,ReshardDeviceOperation,28,2940.0
1018880,,CopyDeviceOperation,64,2937.0
1702912,1,ReshardDeviceOperation,32,2937.0
2315264,1,ShardedToInterleavedDeviceOperation,8,2937.0
2547712,1,CopyDeviceOperation,64,2937.0
409600,,InterleavedToShardedDeviceOperation,8,2932.0
887808,,ReshardDeviceOperation,32,2923.0
381952,,ShardedToInterleavedDeviceOperation,32,2921.0
2290688,1,ReshardDeviceOperation,32,2920.0
2357248,1,ShardedToInterleavedDeviceOperation,8,2920.0
1396736,,CopyDeviceOperation,64,2919.0
1870848,1,ReshardDeviceOperation,32,2917.0
934912,,CopyDeviceOperation,64,2916.0
1165312,,InterleavedToShardedDeviceOperation,8,2912.0
1996800,1,ReshardDeviceOperation,32,2911.0
1517568,,ReshardDeviceOperation,32,2906.0
745472,,InterleavedToShardedDeviceOperation,8,2899.0
2106368,1,InterleavedToShardedDeviceOperation,8,2899.0
619520,,InterleavedToShardedDeviceOperation,8,2897.0
1249280,,InterleavedToShardedDeviceOperation,8,2897.0
2463744,1,CopyDeviceOperation,64,2897.0
2416640,1,ReshardDeviceOperation,32,2896.0
1228800,,CopyDeviceOperation,64,2893.0
724992,,CopyDeviceOperation,64,2882.0
1786880,1,ReshardDeviceOperation,32,2881.0
451584,,InterleavedToShardedDeviceOperation,8,2877.0
871424,,InterleavedToShardedDeviceOperation,8,2877.0
1417216,,InterleavedToShardedDeviceOperation,8,2875.0
913408,,InterleavedToShardedDeviceOperation,8,2874.0
2584576,1,ReshardDeviceOperation,31,2872.0
703488,,InterleavedToShardedDeviceOperation,8,2868.0
892928,,CopyDeviceOperation,64,2864.0
1459200,,InterleavedToShardedDeviceOperation,8,2856.0
1695744,1,ReshardDeviceOperation,32,2856.0
1875968,1,CopyDeviceOperation,64,2848.0
577536,,InterleavedToShardedDeviceOperation,8,2846.0
1737728,1,ReshardDeviceOperation,32,2844.0
955392,,InterleavedToShardedDeviceOperation,8,2841.0
2199552,1,ReshardDeviceOperation,32,2838.0
1660928,1,ReshardDeviceOperation,32,2837.0
2483200,1,ShardedToInterleavedDeviceOperation,8,2837.0
1727488,1,ShardedToInterleavedDeviceOperation,8,2834.0
2164736,1,ReshardDeviceOperation,32,2832.0
1039360,,InterleavedToShardedDeviceOperation,8,2829.0
2693120,1,ShardedToInterleavedDeviceOperation,4,2827.0
1013760,,ReshardDeviceOperation,32,2826.0
2332672,1,ReshardDeviceOperation,32,2822.0
535552,,InterleavedToShardedDeviceOperation,8,2820.0
1581056,1,ReshardDeviceOperation,32,2820.0
515072,,CopyDeviceOperation,64,2817.0
1895424,1,ShardedToInterleavedDeviceOperation,8,2817.0
1174528,,ReshardDeviceOperation,32,2814.0
2651136,1,ShardedToInterleavedDeviceOperation,4,2813.0
1291264,,InterleavedToShardedDeviceOperation,8,2811.0
1333248,,InterleavedToShardedDeviceOperation,8,2811.0
1685504,1,ShardedToInterleavedDeviceOperation,8,2810.0
493568,,InterleavedToShardedDeviceOperation,8,2809.0
1770496,1,InterleavedToShardedDeviceOperation,8,2809.0
1728512,1,InterleavedToShardedDeviceOperation,8,2808.0
2105344,1,ShardedToInterleavedDeviceOperation,8,2804.0
2399232,1,ShardedToInterleavedDeviceOperation,8,2803.0
803840,,ReshardDeviceOperation,32,2802.0
1828864,1,ReshardDeviceOperation,32,2794.0
2241536,1,ReshardDeviceOperation,32,2793.0
922624,,ReshardDeviceOperation,32,2791.0
829440,,InterleavedToShardedDeviceOperation,8,2788.0
1081344,,InterleavedToShardedDeviceOperation,8,2788.0
2206720,1,ReshardDeviceOperation,32,2787.0
2525184,1,ShardedToInterleavedDeviceOperation,8,2787.0
1979392,1,ShardedToInterleavedDeviceOperation,8,2785.0
1811456,1,ShardedToInterleavedDeviceOperation,8,2784.0
1666048,1,CopyDeviceOperation,64,2783.0
2038784,1,ReshardDeviceOperation,32,2783.0
2441216,1,ShardedToInterleavedDeviceOperation,8,2783.0
1750016,1,CopyDeviceOperation,64,2779.0
2036736,1,InterleavedToShardedDeviceOperation,32,2775.0
2735104,1,ShardedToInterleavedDeviceOperation,4,2775.0
2063360,1,ShardedToInterleavedDeviceOperation,8,2774.0
2542592,1,ReshardDeviceOperation,32,2773.0
2609152,1,ShardedToInterleavedDeviceOperation,4,2773.0
2189312,1,ShardedToInterleavedDeviceOperation,8,2772.0
1543168,,InterleavedToShardedDeviceOperation,8,2765.0
2668544,1,ReshardDeviceOperation,28,2765.0
997376,,InterleavedToShardedDeviceOperation,8,2764.0
2273280,1,ShardedToInterleavedDeviceOperation,8,2760.0
2458624,1,ReshardDeviceOperation,32,2760.0
1207296,,InterleavedToShardedDeviceOperation,8,2752.0
1556480,1,BinaryNgDeviceOperation,64,2751.0
346112,,ReshardDeviceOperation,32,2748.0
2451456,1,ReshardDeviceOperation,32,2748.0
2442240,1,InterleavedToShardedDeviceOperation,8,2747.0
2248704,1,ReshardDeviceOperation,32,2744.0
2283520,1,ReshardDeviceOperation,32,2742.0
2147328,1,ShardedToInterleavedDeviceOperation,8,2735.0
628736,,ReshardDeviceOperation,32,2733.0
593920,,ReshardDeviceOperation,32,2731.0
2231296,1,ShardedToInterleavedDeviceOperation,8,2723.0
2500608,1,ReshardDeviceOperation,32,2723.0
1501184,,InterleavedToShardedDeviceOperation,8,2720.0
502784,,ReshardDeviceOperation,32,2717.0
2535424,1,ReshardDeviceOperation,32,2710.0
2021376,1,ShardedToInterleavedDeviceOperation,8,2709.0
1863680,1,ReshardDeviceOperation,32,2705.0
1938432,1,InterleavedToShardedDeviceOperation,8,2702.0
1643520,1,ShardedToInterleavedDeviceOperation,8,2700.0
1947648,1,ReshardDeviceOperation,32,2700.0
1989632,1,ReshardDeviceOperation,32,2697.0
2703360,1,ReshardDeviceOperation,28,2695.0
1375232,,InterleavedToShardedDeviceOperation,8,2689.0
2073600,1,ReshardDeviceOperation,32,2687.0
670720,,ReshardDeviceOperation,32,2685.0
712704,,ReshardDeviceOperation,32,2685.0
2673664,1,CopyDeviceOperation,60,2681.0
1821696,1,ReshardDeviceOperation,32,2679.0
2568192,1,InterleavedToShardedDeviceOperation,8,2679.0
2157568,1,ReshardDeviceOperation,32,2675.0
1553408,1,BinaryNgDeviceOperation,64,2674.0
363520,,UntilizeWithUnpaddingDeviceOperation,1,2673.0
1779712,1,ReshardDeviceOperation,32,2673.0
2325504,1,ReshardDeviceOperation,32,2673.0
2694144,1,InterleavedToShardedDeviceOperation,4,2672.0
1744896,1,ReshardDeviceOperation,32,2670.0
2493440,1,ReshardDeviceOperation,32,2670.0
2577408,1,ReshardDeviceOperation,31,2669.0
2379776,1,CopyDeviceOperation,64,2663.0
796672,,ReshardDeviceOperation,32,2658.0
418816,,ReshardDeviceOperation,32,2657.0
2358272,1,InterleavedToShardedDeviceOperation,8,2655.0
2661376,1,ReshardDeviceOperation,28,2645.0
1090560,,ReshardDeviceOperation,32,2635.0
1812480,1,InterleavedToShardedDeviceOperation,8,2635.0
677888,,ReshardDeviceOperation,32,2629.0
2190336,1,InterleavedToShardedDeviceOperation,8,2628.0
1216512,,ReshardDeviceOperation,32,2627.0
1905664,1,ReshardDeviceOperation,32,2624.0
2080768,1,ReshardDeviceOperation,32,2622.0
964608,,ReshardDeviceOperation,32,2618.0
2031616,1,ReshardDeviceOperation,32,2617.0
2710528,1,ReshardDeviceOperation,28,2614.0
719872,,ReshardDeviceOperation,32,2613.0
2253824,1,CopyDeviceOperation,64,2613.0
1223680,,ReshardDeviceOperation,32,2611.0
1468416,,ReshardDeviceOperation,32,2611.0
318464,,BinaryNgDeviceOperation,64,2604.0
2421760,1,CopyDeviceOperation,64,2602.0
761856,,ReshardDeviceOperation,32,2598.0
2409472,1,ReshardDeviceOperation,32,2592.0
2610176,1,InterleavedToShardedDeviceOperation,4,2591.0
621568,,BinaryNgDeviceOperation,64,2581.0
1475584,,ReshardDeviceOperation,32,2580.0
2022400,1,InterleavedToShardedDeviceOperation,8,2580.0
2505728,1,CopyDeviceOperation,64,2580.0
1545216,,BinaryNgDeviceOperation,64,2579.0
1792000,1,CopyDeviceOperation,64,2579.0
1959936,1,CopyDeviceOperation,64,2575.0
2043904,1,CopyDeviceOperation,64,2575.0
495616,,BinaryNgDeviceOperation,64,2574.0
2631680,1,CopyDeviceOperation,60,2572.0
1041408,,BinaryNgDeviceOperation,64,2571.0
579584,,BinaryNgDeviceOperation,64,2570.0
2001920,1,CopyDeviceOperation,64,2569.0
411648,,BinaryNgDeviceOperation,64,2565.0
663552,,BinaryNgDeviceOperation,64,2565.0
1426432,,ReshardDeviceOperation,32,2565.0
1377280,,BinaryNgDeviceOperation,64,2564.0
1167360,,BinaryNgDeviceOperation,64,2563.0
546816,,ShardedToInterleavedDeviceOperation,32,2552.0
1335296,,BinaryNgDeviceOperation,64,2551.0
1139712,,ReshardDeviceOperation,32,2550.0
831488,,BinaryNgDeviceOperation,64,2549.0
880640,,ReshardDeviceOperation,32,2548.0
537600,,BinaryNgDeviceOperation,64,2547.0
1854464,1,InterleavedToShardedDeviceOperation,8,2546.0
1125376,,BinaryNgDeviceOperation,64,2545.0
2374656,1,ReshardDeviceOperation,32,2544.0
957440,,BinaryNgDeviceOperation,64,2538.0
999424,,BinaryNgDeviceOperation,64,2535.0
586752,,ReshardDeviceOperation,32,2533.0
453632,,BinaryNgDeviceOperation,64,2532.0
1419264,,BinaryNgDeviceOperation,64,2531.0
1251328,,BinaryNgDeviceOperation,64,2529.0
1461248,,BinaryNgDeviceOperation,64,2529.0
1092608,,ShardedToInterleavedDeviceOperation,32,2527.0
2211840,1,CopyDeviceOperation,64,2526.0
1503232,,BinaryNgDeviceOperation,64,2520.0
1209344,,BinaryNgDeviceOperation,64,2518.0
1512448,,ShardedToInterleavedDeviceOperation,32,2518.0
1181696,,ReshardDeviceOperation,32,2517.0
635904,,ReshardDeviceOperation,32,2515.0
705536,,BinaryNgDeviceOperation,64,2515.0
2064384,1,InterleavedToShardedDeviceOperation,8,2515.0
789504,,BinaryNgDeviceOperation,64,2514.0
1055744,,ReshardDeviceOperation,32,2509.0
1300480,,ReshardDeviceOperation,32,2509.0
1083392,,BinaryNgDeviceOperation,64,2507.0
1293312,,BinaryNgDeviceOperation,64,2507.0
873472,,BinaryNgDeviceOperation,64,2502.0
915456,,BinaryNgDeviceOperation,64,2502.0
1391616,,ReshardDeviceOperation,32,2499.0
2169856,1,CopyDeviceOperation,64,2498.0
1342464,,ReshardDeviceOperation,32,2494.0
2337792,1,CopyDeviceOperation,64,2492.0
1006592,,ReshardDeviceOperation,32,2486.0
1510400,,ReshardDeviceOperation,32,2485.0
1644544,1,InterleavedToShardedDeviceOperation,8,2478.0
798720,,ShardedToInterleavedDeviceOperation,32,2477.0
2127872,1,CopyDeviceOperation,64,2475.0
747520,,BinaryNgDeviceOperation,64,2468.0
370688,,ShardedToInterleavedDeviceOperation,32,2466.0
2232320,1,InterleavedToShardedDeviceOperation,8,2463.0
509952,,ReshardDeviceOperation,32,2461.0
1349632,,ReshardDeviceOperation,32,2461.0
551936,,ReshardDeviceOperation,32,2458.0
321536,,BinaryNgDeviceOperation,64,2455.0
425984,,ReshardDeviceOperation,32,2453.0
467968,,ReshardDeviceOperation,32,2453.0
460800,,ReshardDeviceOperation,32,2451.0
1258496,,ReshardDeviceOperation,32,2451.0
1433600,,ReshardDeviceOperation,32,2451.0
1008640,,ShardedToInterleavedDeviceOperation,32,2450.0
1134592,,ShardedToInterleavedDeviceOperation,32,2449.0
1141760,,ShardedToInterleavedDeviceOperation,32,2447.0
1384448,,ReshardDeviceOperation,32,2445.0
1980416,1,InterleavedToShardedDeviceOperation,8,2445.0
971776,,ReshardDeviceOperation,32,2442.0
2780160,1,BinaryNgDeviceOperation,52,2441.0
714752,,ShardedToInterleavedDeviceOperation,32,2431.0
973824,,ShardedToInterleavedDeviceOperation,32,2431.0
754688,,ReshardDeviceOperation,32,2428.0
462848,,ShardedToInterleavedDeviceOperation,32,2427.0
763904,,ShardedToInterleavedDeviceOperation,32,2424.0
931840,,ShardedToInterleavedDeviceOperation,32,2423.0
2526208,1,InterleavedToShardedDeviceOperation,8,2418.0
1048576,,ReshardDeviceOperation,32,2412.0
544768,,ReshardDeviceOperation,32,2410.0
1225728,,ShardedToInterleavedDeviceOperation,32,2409.0
1814528,1,BinaryNgDeviceOperation,64,2400.0
1470464,,ShardedToInterleavedDeviceOperation,32,2392.0
1686528,1,InterleavedToShardedDeviceOperation,8,2392.0
721920,,ShardedToInterleavedDeviceOperation,32,2391.0
2085888,1,CopyDeviceOperation,64,2391.0
504832,,ShardedToInterleavedDeviceOperation,32,2384.0
1057792,,ShardedToInterleavedDeviceOperation,32,2383.0
2400256,1,InterleavedToShardedDeviceOperation,8,2380.0
838656,,ReshardDeviceOperation,32,2378.0
595968,,ShardedToInterleavedDeviceOperation,32,2375.0
1267712,,ShardedToInterleavedDeviceOperation,32,2374.0
2652160,1,InterleavedToShardedDeviceOperation,4,2372.0
2757632,1,CopyDeviceOperation,60,2371.0
1097728,,ReshardDeviceOperation,32,2370.0
1183744,,ShardedToInterleavedDeviceOperation,32,2366.0
929792,,ReshardDeviceOperation,32,2364.0
840704,,ShardedToInterleavedDeviceOperation,32,2362.0
348160,,ShardedToInterleavedDeviceOperation,32,2358.0
1428480,,ShardedToInterleavedDeviceOperation,32,2354.0
1833984,1,CopyDeviceOperation,64,2350.0
637952,,ShardedToInterleavedDeviceOperation,32,2349.0
2148352,1,InterleavedToShardedDeviceOperation,8,2346.0
1265664,,ReshardDeviceOperation,32,2342.0
1519616,,ShardedToInterleavedDeviceOperation,32,2337.0
1132544,,ReshardDeviceOperation,32,2331.0
2589696,1,CopyDeviceOperation,63,2330.0
512000,,ShardedToInterleavedDeviceOperation,32,2325.0
588800,,ShardedToInterleavedDeviceOperation,32,2325.0
2316288,1,InterleavedToShardedDeviceOperation,8,2325.0
845824,,ReshardDeviceOperation,32,2324.0
1386496,,ShardedToInterleavedDeviceOperation,32,2324.0
1898496,1,BinaryNgDeviceOperation,64,2320.0
1982464,1,BinaryNgDeviceOperation,64,2311.0
1218560,,ShardedToInterleavedDeviceOperation,32,2310.0
2274304,1,InterleavedToShardedDeviceOperation,8,2305.0
1015808,,ShardedToInterleavedDeviceOperation,32,2303.0
1050624,,ShardedToInterleavedDeviceOperation,32,2299.0
420864,,ShardedToInterleavedDeviceOperation,32,2298.0
2738176,1,BinaryNgDeviceOperation,60,2298.0
2484224,1,InterleavedToShardedDeviceOperation,8,2296.0
2460672,1,ShardedToInterleavedDeviceOperation,32,2293.0
2736128,1,InterleavedToShardedDeviceOperation,4,2292.0
924672,,ShardedToInterleavedDeviceOperation,32,2287.0
2528256,1,BinaryNgDeviceOperation,64,2286.0
1616896,1,ShardedToInterleavedDeviceOperation,32,2284.0
1309696,,ShardedToInterleavedDeviceOperation,32,2282.0
679936,,ShardedToInterleavedDeviceOperation,32,2281.0
966656,,ShardedToInterleavedDeviceOperation,32,2281.0
1393664,,ShardedToInterleavedDeviceOperation,32,2281.0
723968,,SliceDeviceOperation,64,2280.0
2360320,1,BinaryNgDeviceOperation,64,2280.0
1435648,,ShardedToInterleavedDeviceOperation,32,2277.0
2570240,1,BinaryNgDeviceOperation,64,2276.0
368640,,ReshardDeviceOperation,32,2275.0
2444288,1,BinaryNgDeviceOperation,64,2272.0
672768,,ShardedToInterleavedDeviceOperation,32,2271.0
2654208,1,BinaryNgDeviceOperation,60,2267.0
1940480,1,BinaryNgDeviceOperation,64,2265.0
889856,,ShardedToInterleavedDeviceOperation,32,2263.0
1344512,,ShardedToInterleavedDeviceOperation,32,2263.0
2276352,1,BinaryNgDeviceOperation,64,2263.0
1099776,,ShardedToInterleavedDeviceOperation,32,2262.0
2192384,1,BinaryNgDeviceOperation,64,2261.0
1176576,,ShardedToInterleavedDeviceOperation,32,2260.0
1867776,1,SliceDeviceOperation,64,2259.0
2612224,1,BinaryNgDeviceOperation,60,2259.0
1856512,1,BinaryNgDeviceOperation,64,2257.0
1351680,,ShardedToInterleavedDeviceOperation,32,2254.0
553984,,ShardedToInterleavedDeviceOperation,32,2253.0
756736,,ShardedToInterleavedDeviceOperation,32,2253.0
1178624,,SliceDeviceOperation,64,2253.0
1477632,,ShardedToInterleavedDeviceOperation,32,2253.0
2066432,1,BinaryNgDeviceOperation,64,2251.0
1730560,1,BinaryNgDeviceOperation,64,2250.0
1909760,1,SliceDeviceOperation,64,2250.0
428032,,ShardedToInterleavedDeviceOperation,32,2248.0
847872,,ShardedToInterleavedDeviceOperation,32,2247.0
1395712,,SliceDeviceOperation,64,2245.0
1688576,1,BinaryNgDeviceOperation,64,2245.0
1739776,1,ShardedToInterleavedDeviceOperation,32,2244.0
2150400,1,BinaryNgDeviceOperation,64,2244.0
630784,,ShardedToInterleavedDeviceOperation,32,2243.0
1302528,,ShardedToInterleavedDeviceOperation,32,2243.0
2035712,1,SliceDeviceOperation,64,2243.0
2234368,1,BinaryNgDeviceOperation,64,2239.0
1772544,1,BinaryNgDeviceOperation,64,2237.0
2696192,1,BinaryNgDeviceOperation,60,2237.0
1708032,1,CopyDeviceOperation,64,2236.0
2402304,1,BinaryNgDeviceOperation,64,2236.0
590848,,SliceDeviceOperation,64,2235.0
2579456,1,ShardedToInterleavedDeviceOperation,31,2229.0
2108416,1,BinaryNgDeviceOperation,64,2226.0
1260544,,ShardedToInterleavedDeviceOperation,32,2225.0
1874944,1,SliceDeviceOperation,64,2225.0
1916928,1,SliceDeviceOperation,64,2225.0
2486272,1,BinaryNgDeviceOperation,64,2225.0
2024448,1,BinaryNgDeviceOperation,64,2223.0
399360,,BinaryNgDeviceOperation,64,2222.0
882688,,ShardedToInterleavedDeviceOperation,32,2219.0
1896448,1,InterleavedToShardedDeviceOperation,8,2219.0
2318336,1,BinaryNgDeviceOperation,64,2217.0
2455552,1,SliceDeviceOperation,64,2215.0
884736,,SliceDeviceOperation,64,2211.0
1010688,,SliceDeviceOperation,64,2210.0
470016,,ShardedToInterleavedDeviceOperation,32,2205.0
1823744,1,ShardedToInterleavedDeviceOperation,32,2203.0
1646592,1,BinaryNgDeviceOperation,64,2199.0
1591296,1,SliceDeviceOperation,64,2197.0
805888,,ShardedToInterleavedDeviceOperation,32,2191.0
2336768,1,SliceDeviceOperation,64,2190.0
356352,,SliceDeviceOperation,64,2187.0
464896,,SliceDeviceOperation,64,2180.0
598016,,SliceDeviceOperation,64,2180.0
1304576,,SliceDeviceOperation,64,2168.0
1872896,1,ShardedToInterleavedDeviceOperation,32,2165.0
1430528,,SliceDeviceOperation,64,2164.0
2210816,1,SliceDeviceOperation,64,2163.0
1707008,1,SliceDeviceOperation,64,2160.0
472064,,SliceDeviceOperation,64,2159.0
1993728,1,SliceDeviceOperation,64,2155.0
1634304,1,BinaryNgDeviceOperation,64,2153.0
556032,,SliceDeviceOperation,64,2148.0
1951744,1,SliceDeviceOperation,64,2148.0
2707456,1,SliceDeviceOperation,60,2143.0
1514496,,SliceDeviceOperation,64,2141.0
1741824,1,SliceDeviceOperation,64,2141.0
2168832,1,SliceDeviceOperation,64,2136.0
807936,,SliceDeviceOperation,64,2125.0
2203648,1,SliceDeviceOperation,64,2125.0
800768,,SliceDeviceOperation,64,2115.0
1599488,1,RepeatDeviceOperation,64,2115.0
2420736,1,SliceDeviceOperation,64,2114.0
364544,,RepeatDeviceOperation,64,2114.0
1101824,,SliceDeviceOperation,64,2110.0
1825792,1,SliceDeviceOperation,64,2110.0
2628608,1,ShardedToInterleavedDeviceOperation,28,2109.0
2378752,1,SliceDeviceOperation,64,2106.0
2586624,1,ShardedToInterleavedDeviceOperation,31,2106.0
1017856,,SliceDeviceOperation,64,2105.0
2429952,1,InterleavedToShardedDeviceOperation,8,2105.0
681984,,SliceDeviceOperation,64,2101.0
374784,,SliceDeviceOperation,64,2100.0
1185792,,SliceDeviceOperation,64,2097.0
674816,,SliceDeviceOperation,64,2095.0
640000,,SliceDeviceOperation,64,2091.0
926720,,SliceDeviceOperation,64,2086.0
1136640,,SliceDeviceOperation,64,2084.0
1790976,1,SliceDeviceOperation,64,2079.0
1388544,,SliceDeviceOperation,64,2078.0
1907712,1,ShardedToInterleavedDeviceOperation,32,2078.0
1699840,1,SliceDeviceOperation,64,2077.0
1269760,,SliceDeviceOperation,64,2076.0
2126848,1,SliceDeviceOperation,64,2075.0
765952,,SliceDeviceOperation,64,2071.0
548864,,SliceDeviceOperation,64,2070.0
842752,,SliceDeviceOperation,64,2070.0
1830912,1,ShardedToInterleavedDeviceOperation,32,2067.0
2119680,1,SliceDeviceOperation,64,2064.0
1949696,1,ShardedToInterleavedDeviceOperation,32,2063.0
2243584,1,ShardedToInterleavedDeviceOperation,32,2063.0
2539520,1,SliceDeviceOperation,64,2063.0
2042880,1,SliceDeviceOperation,64,2061.0
1665024,1,SliceDeviceOperation,64,2060.0
1227776,,SliceDeviceOperation,64,2059.0
1655808,1,ShardedToInterleavedDeviceOperation,32,2059.0
1657856,1,SliceDeviceOperation,64,2057.0
1437696,,SliceDeviceOperation,64,2055.0
1220608,,SliceDeviceOperation,64,2053.0
1094656,,SliceDeviceOperation,64,2046.0
758784,,SliceDeviceOperation,64,2044.0
1052672,,SliceDeviceOperation,64,2044.0
1832960,1,SliceDeviceOperation,64,2044.0
2376704,1,ShardedToInterleavedDeviceOperation,32,2042.0
1958912,1,SliceDeviceOperation,64,2041.0
2077696,1,SliceDeviceOperation,64,2041.0
2166784,1,ShardedToInterleavedDeviceOperation,32,2041.0
430080,,SliceDeviceOperation,64,2038.0
1311744,,SliceDeviceOperation,64,2038.0
1521664,,SliceDeviceOperation,64,2037.0
2712576,1,ShardedToInterleavedDeviceOperation,28,2037.0
2250752,1,ShardedToInterleavedDeviceOperation,32,2034.0
2462720,1,SliceDeviceOperation,64,2032.0
2630656,1,SliceDeviceOperation,60,2032.0
2495488,1,ShardedToInterleavedDeviceOperation,32,2030.0
2504704,1,SliceDeviceOperation,64,2030.0
343040,,TypecastDeviceOperation,4,2029.0
2546688,1,SliceDeviceOperation,64,2027.0
1346560,,SliceDeviceOperation,64,2026.0
2413568,1,SliceDeviceOperation,64,2026.0
345088,,TypecastDeviceOperation,4,2025.0
2714624,1,SliceDeviceOperation,60,2025.0
2756608,1,SliceDeviceOperation,60,2025.0
1479680,,SliceDeviceOperation,64,2021.0
422912,,SliceDeviceOperation,64,2020.0
716800,,SliceDeviceOperation,64,2020.0
2329600,1,SliceDeviceOperation,64,2019.0
2000896,1,SliceDeviceOperation,64,2017.0
975872,,SliceDeviceOperation,64,2013.0
2497536,1,SliceDeviceOperation,64,2009.0
2161664,1,SliceDeviceOperation,64,2002.0
2334720,1,ShardedToInterleavedDeviceOperation,32,2002.0
2252800,1,SliceDeviceOperation,64,2001.0
2371584,1,SliceDeviceOperation,64,2001.0
1059840,,SliceDeviceOperation,64,2000.0
2075648,1,ShardedToInterleavedDeviceOperation,32,1999.0
1783808,1,SliceDeviceOperation,64,1998.0
632832,,SliceDeviceOperation,64,1996.0
2749440,1,SliceDeviceOperation,60,1995.0
891904,,SliceDeviceOperation,64,1991.0
377856,,RepeatDeviceOperation,64,1990.0
2672640,1,SliceDeviceOperation,60,1989.0
2084864,1,SliceDeviceOperation,64,1986.0
2327552,1,ShardedToInterleavedDeviceOperation,32,1986.0
2665472,1,SliceDeviceOperation,60,1985.0
2287616,1,SliceDeviceOperation,64,1984.0
1262592,,SliceDeviceOperation,64,1982.0
2285568,1,ShardedToInterleavedDeviceOperation,32,1982.0
2292736,1,ShardedToInterleavedDeviceOperation,32,1982.0
968704,,SliceDeviceOperation,64,1980.0
1609728,1,SliceDeviceOperation,64,1977.0
1788928,1,ShardedToInterleavedDeviceOperation,32,1976.0
2294784,1,SliceDeviceOperation,64,1975.0
2623488,1,SliceDeviceOperation,60,1970.0
514048,,SliceDeviceOperation,64,1969.0
849920,,SliceDeviceOperation,64,1965.0
1865728,1,ShardedToInterleavedDeviceOperation,32,1962.0
2308096,1,InterleavedToShardedDeviceOperation,64,1961.0
2418688,1,ShardedToInterleavedDeviceOperation,32,1953.0
2159616,1,ShardedToInterleavedDeviceOperation,32,1948.0
933888,,SliceDeviceOperation,64,1946.0
1576960,1,UnaryDeviceOperation,64,1943.0
2588672,1,SliceDeviceOperation,63,1943.0
1603584,1,ReshardDeviceOperation,32,1942.0
2245632,1,SliceDeviceOperation,64,1942.0
2411520,1,ShardedToInterleavedDeviceOperation,32,1942.0
2581504,1,SliceDeviceOperation,63,1941.0
2033664,1,ShardedToInterleavedDeviceOperation,32,1939.0
2369536,1,ShardedToInterleavedDeviceOperation,32,1930.0
2117632,1,ShardedToInterleavedDeviceOperation,32,1929.0
1353728,,SliceDeviceOperation,64,1927.0
1748992,1,SliceDeviceOperation,64,1927.0
1143808,,SliceDeviceOperation,64,1922.0
1991680,1,ShardedToInterleavedDeviceOperation,32,1922.0
1472512,,SliceDeviceOperation,64,1916.0
1956864,1,ShardedToInterleavedDeviceOperation,32,1901.0
506880,,SliceDeviceOperation,64,1900.0
2040832,1,ShardedToInterleavedDeviceOperation,32,1878.0
1781760,1,ShardedToInterleavedDeviceOperation,32,1872.0
1998848,1,ShardedToInterleavedDeviceOperation,32,1871.0
1577984,1,TypecastDeviceOperation,4,1864.0
1580032,1,TypecastDeviceOperation,4,1859.0
1704960,1,ShardedToInterleavedDeviceOperation,32,1847.0
2453504,1,ShardedToInterleavedDeviceOperation,32,1845.0
342016,,UnaryDeviceOperation,64,1842.0
2208768,1,ShardedToInterleavedDeviceOperation,32,1834.0
2787328,,UntilizeWithUnpaddingDeviceOperation,1,1817.0
2705408,1,ShardedToInterleavedDeviceOperation,28,1817.0
1914880,1,ShardedToInterleavedDeviceOperation,32,1816.0
1579008,1,UnaryDeviceOperation,64,1815.0
1746944,1,ShardedToInterleavedDeviceOperation,32,1814.0
625664,,ShardedToInterleavedDeviceOperation,64,1813.0
751616,,ShardedToInterleavedDeviceOperation,64,1801.0
2802688,,UntilizeWithUnpaddingDeviceOperation,1,1801.0
2805760,,UntilizeWithUnpaddingDeviceOperation,1,1795.0
2201600,1,ShardedToInterleavedDeviceOperation,32,1794.0
1662976,1,ShardedToInterleavedDeviceOperation,32,1791.0
2502656,1,ShardedToInterleavedDeviceOperation,32,1785.0
1697792,1,ShardedToInterleavedDeviceOperation,32,1781.0
2747392,1,ShardedToInterleavedDeviceOperation,28,1780.0
2754560,1,ShardedToInterleavedDeviceOperation,28,1775.0
2124800,1,ShardedToInterleavedDeviceOperation,32,1773.0
2082816,1,ShardedToInterleavedDeviceOperation,32,1762.0
2794496,,UntilizeWithUnpaddingDeviceOperation,1,1762.0
2544640,1,ShardedToInterleavedDeviceOperation,32,1759.0
1583104,1,ShardedToInterleavedDeviceOperation,32,1757.0
2663424,1,ShardedToInterleavedDeviceOperation,28,1746.0
541696,,ShardedToInterleavedDeviceOperation,64,1743.0
2154496,1,ShardedToInterleavedDeviceOperation,64,1733.0
1297408,,ShardedToInterleavedDeviceOperation,64,1727.0
2811904,,UntilizeWithUnpaddingDeviceOperation,1,1721.0
339968,,ConcatDeviceOperation,4,1720.0
793600,,ShardedToInterleavedDeviceOperation,64,1719.0
1507328,,ShardedToInterleavedDeviceOperation,64,1719.0
2798592,,UntilizeWithUnpaddingDeviceOperation,1,1710.0
2616320,1,ShardedToInterleavedDeviceOperation,60,1709.0
2809856,,UntilizeWithUnpaddingDeviceOperation,1,1706.0
919552,,ShardedToInterleavedDeviceOperation,64,1703.0
2800640,,UntilizeWithUnpaddingDeviceOperation,1,1702.0
2391040,1,ShardedToInterleavedDeviceOperation,64,1698.0
2808832,,UntilizeWithUnpaddingDeviceOperation,1,1695.0
344064,,UnaryDeviceOperation,64,1693.0
1003520,,ShardedToInterleavedDeviceOperation,64,1693.0
2788352,,UntilizeWithUnpaddingDeviceOperation,1,1691.0
2804736,,UntilizeWithUnpaddingDeviceOperation,1,1690.0
2797568,,UntilizeWithUnpaddingDeviceOperation,1,1688.0
1129472,,ShardedToInterleavedDeviceOperation,64,1687.0
2813952,,UntilizeWithUnpaddingDeviceOperation,1,1683.0
2799616,,UntilizeWithUnpaddingDeviceOperation,1,1679.0
2803712,,UntilizeWithUnpaddingDeviceOperation,1,1678.0
2801664,,UntilizeWithUnpaddingDeviceOperation,1,1674.0
2810880,,UntilizeWithUnpaddingDeviceOperation,1,1674.0
2816000,,UntilizeWithUnpaddingDeviceOperation,1,1674.0
2537472,1,ShardedToInterleavedDeviceOperation,32,1673.0
2792448,,UntilizeWithUnpaddingDeviceOperation,1,1672.0
2812928,,UntilizeWithUnpaddingDeviceOperation,1,1672.0
2806784,,UntilizeWithUnpaddingDeviceOperation,1,1671.0
667648,,ShardedToInterleavedDeviceOperation,64,1669.0
2793472,,UntilizeWithUnpaddingDeviceOperation,1,1669.0
2814976,,UntilizeWithUnpaddingDeviceOperation,1,1667.0
2791424,,UntilizeWithUnpaddingDeviceOperation,1,1657.0
2621440,1,ShardedToInterleavedDeviceOperation,28,1656.0
331776,,ShardedToInterleavedDeviceOperation,64,1655.0
2790400,,UntilizeWithUnpaddingDeviceOperation,1,1655.0
583680,,ShardedToInterleavedDeviceOperation,64,1653.0
2807808,,UntilizeWithUnpaddingDeviceOperation,1,1651.0
2789376,,UntilizeWithUnpaddingDeviceOperation,1,1647.0
2795520,,UntilizeWithUnpaddingDeviceOperation,1,1646.0
2796544,,UntilizeWithUnpaddingDeviceOperation,1,1646.0
1179648,,InterleavedToShardedDeviceOperation,32,1633.0
1389568,,InterleavedToShardedDeviceOperation,32,1633.0
1574912,1,ConcatDeviceOperation,4,1626.0
1339392,,ShardedToInterleavedDeviceOperation,64,1624.0
1473536,,InterleavedToShardedDeviceOperation,32,1620.0
2070528,1,ShardedToInterleavedDeviceOperation,64,1620.0
415744,,ShardedToInterleavedDeviceOperation,64,1615.0
1213440,,ShardedToInterleavedDeviceOperation,64,1615.0
1255424,,ShardedToInterleavedDeviceOperation,64,1615.0
1944576,1,ShardedToInterleavedDeviceOperation,64,1615.0
1171456,,ShardedToInterleavedDeviceOperation,64,1613.0
333824,,RepeatDeviceOperation,64,1611.0
1568768,1,RepeatDeviceOperation,64,1611.0
1011712,,InterleavedToShardedDeviceOperation,32,1607.0
1465344,,ShardedToInterleavedDeviceOperation,64,1607.0
2670592,1,ShardedToInterleavedDeviceOperation,28,1605.0
1818624,1,ShardedToInterleavedDeviceOperation,64,1603.0
2406400,1,ShardedToInterleavedDeviceOperation,64,1601.0
2742272,1,ShardedToInterleavedDeviceOperation,60,1600.0
961536,,ShardedToInterleavedDeviceOperation,64,1599.0
1053696,,InterleavedToShardedDeviceOperation,32,1598.0
1986560,1,ShardedToInterleavedDeviceOperation,64,1595.0
2364416,1,ShardedToInterleavedDeviceOperation,64,1590.0
2448384,1,ShardedToInterleavedDeviceOperation,64,1581.0
1650688,1,ShardedToInterleavedDeviceOperation,64,1578.0
457728,,ShardedToInterleavedDeviceOperation,64,1576.0
877568,,ShardedToInterleavedDeviceOperation,64,1575.0
927744,,InterleavedToShardedDeviceOperation,32,1575.0
2196480,1,ShardedToInterleavedDeviceOperation,64,1574.0
2238464,1,ShardedToInterleavedDeviceOperation,64,1574.0
1566720,1,ShardedToInterleavedDeviceOperation,64,1570.0
499712,,ShardedToInterleavedDeviceOperation,64,1566.0
1045504,,ShardedToInterleavedDeviceOperation,64,1565.0
835584,,ShardedToInterleavedDeviceOperation,64,1563.0
1692672,1,ShardedToInterleavedDeviceOperation,64,1562.0
1902592,1,ShardedToInterleavedDeviceOperation,64,1558.0
2532352,1,ShardedToInterleavedDeviceOperation,64,1557.0
1423360,,ShardedToInterleavedDeviceOperation,64,1552.0
759808,,InterleavedToShardedDeviceOperation,32,1542.0
1381376,,ShardedToInterleavedDeviceOperation,64,1542.0
1515520,,InterleavedToShardedDeviceOperation,32,1541.0
2322432,1,ShardedToInterleavedDeviceOperation,64,1541.0
1612800,1,RepeatDeviceOperation,64,1539.0
1734656,1,ShardedToInterleavedDeviceOperation,64,1538.0
1558528,1,TypecastDeviceOperation,32,1537.0
2574336,1,ShardedToInterleavedDeviceOperation,64,1537.0
2112512,1,ShardedToInterleavedDeviceOperation,64,1536.0
1087488,,ShardedToInterleavedDeviceOperation,64,1533.0
2658304,1,ShardedToInterleavedDeviceOperation,60,1533.0
885760,,InterleavedToShardedDeviceOperation,32,1531.0
2280448,1,ShardedToInterleavedDeviceOperation,64,1530.0
709632,,ShardedToInterleavedDeviceOperation,64,1527.0
1776640,1,ShardedToInterleavedDeviceOperation,64,1525.0
335872,,TypecastDeviceOperation,1,1523.0
1095680,,InterleavedToShardedDeviceOperation,32,1523.0
1198080,,ShardedToInterleavedDeviceOperation,64,1520.0
1570816,1,TypecastDeviceOperation,1,1516.0
1605632,1,ShardedToInterleavedDeviceOperation,32,1515.0
2345984,1,InterleavedToShardedDeviceOperation,8,1509.0
323584,,TypecastDeviceOperation,32,1505.0
507904,,InterleavedToShardedDeviceOperation,32,1498.0
1221632,,InterleavedToShardedDeviceOperation,32,1497.0
465920,,InterleavedToShardedDeviceOperation,32,1495.0
1592320,1,InterleavedToShardedDeviceOperation,32,1494.0
1860608,1,ShardedToInterleavedDeviceOperation,64,1493.0
843776,,InterleavedToShardedDeviceOperation,32,1488.0
2513920,1,InterleavedToShardedDeviceOperation,8,1486.0
1137664,,InterleavedToShardedDeviceOperation,32,1485.0
1601536,1,InterleavedToShardedDeviceOperation,32,1477.0
2700288,1,ShardedToInterleavedDeviceOperation,60,1472.0
675840,,InterleavedToShardedDeviceOperation,32,1469.0
2490368,1,ShardedToInterleavedDeviceOperation,64,1469.0
1431552,,InterleavedToShardedDeviceOperation,32,1466.0
366592,,InterleavedToShardedDeviceOperation,32,1465.0
423936,,InterleavedToShardedDeviceOperation,32,1462.0
1625088,1,ShardedToInterleavedDeviceOperation,32,1460.0
1449984,,ShardedToInterleavedDeviceOperation,64,1457.0
862208,,ShardedToInterleavedDeviceOperation,64,1451.0
988160,,ShardedToInterleavedDeviceOperation,64,1445.0
736256,,ShardedToInterleavedDeviceOperation,64,1443.0
1305600,,InterleavedToShardedDeviceOperation,32,1443.0
357376,,InterleavedToShardedDeviceOperation,32,1442.0
1114112,,ShardedToInterleavedDeviceOperation,64,1436.0
633856,,InterleavedToShardedDeviceOperation,32,1434.0
400384,,ShardedToInterleavedDeviceOperation,64,1433.0
549888,,InterleavedToShardedDeviceOperation,32,1433.0
2094080,1,InterleavedToShardedDeviceOperation,8,1433.0
717824,,InterleavedToShardedDeviceOperation,32,1432.0
1366016,,ShardedToInterleavedDeviceOperation,64,1431.0
1347584,,InterleavedToShardedDeviceOperation,32,1430.0
801792,,InterleavedToShardedDeviceOperation,32,1422.0
820224,,ShardedToInterleavedDeviceOperation,64,1419.0
1263616,,InterleavedToShardedDeviceOperation,32,1419.0
969728,,InterleavedToShardedDeviceOperation,32,1415.0
2028544,1,ShardedToInterleavedDeviceOperation,64,1414.0
1408000,,ShardedToInterleavedDeviceOperation,64,1413.0
2475008,1,ShardedToInterleavedDeviceOperation,64,1403.0
610304,,ShardedToInterleavedDeviceOperation,64,1402.0
591872,,InterleavedToShardedDeviceOperation,32,1400.0
1533952,,ShardedToInterleavedDeviceOperation,64,1399.0
1845248,1,ShardedToInterleavedDeviceOperation,64,1399.0
2055168,1,ShardedToInterleavedDeviceOperation,64,1398.0
2456576,1,InterleavedToShardedDeviceOperation,32,1398.0
1072128,,ShardedToInterleavedDeviceOperation,64,1397.0
2181120,1,ShardedToInterleavedDeviceOperation,64,1392.0
2288640,1,InterleavedToShardedDeviceOperation,32,1391.0
1632256,1,InterleavedToShardedDeviceOperation,8,1387.0
946176,,ShardedToInterleavedDeviceOperation,64,1370.0
1324032,,ShardedToInterleavedDeviceOperation,64,1370.0
2726912,1,ShardedToInterleavedDeviceOperation,60,1369.0
904192,,ShardedToInterleavedDeviceOperation,64,1366.0
2139136,1,ShardedToInterleavedDeviceOperation,64,1364.0
526336,,ShardedToInterleavedDeviceOperation,64,1362.0
2433024,1,ShardedToInterleavedDeviceOperation,64,1360.0
1971200,1,ShardedToInterleavedDeviceOperation,64,1358.0
2262016,1,InterleavedToShardedDeviceOperation,8,1356.0
1674240,1,InterleavedToShardedDeviceOperation,8,1344.0
2582528,1,InterleavedToShardedDeviceOperation,31,1344.0
390144,,ShardedToInterleavedDeviceOperation,32,1343.0
1887232,1,ShardedToInterleavedDeviceOperation,64,1342.0
2558976,1,ShardedToInterleavedDeviceOperation,64,1340.0
2684928,1,ShardedToInterleavedDeviceOperation,60,1340.0
2516992,1,ShardedToInterleavedDeviceOperation,64,1339.0
778240,,ShardedToInterleavedDeviceOperation,64,1333.0
1240064,,ShardedToInterleavedDeviceOperation,64,1330.0
1677312,1,ShardedToInterleavedDeviceOperation,64,1327.0
652288,,ShardedToInterleavedDeviceOperation,64,1324.0
1156096,,ShardedToInterleavedDeviceOperation,64,1324.0
2372608,1,InterleavedToShardedDeviceOperation,32,1323.0
2246656,1,InterleavedToShardedDeviceOperation,32,1321.0
1803264,1,ShardedToInterleavedDeviceOperation,64,1320.0
568320,,ShardedToInterleavedDeviceOperation,64,1314.0
442368,,ShardedToInterleavedDeviceOperation,64,1313.0
1719296,1,ShardedToInterleavedDeviceOperation,64,1312.0
2349056,1,ShardedToInterleavedDeviceOperation,64,1308.0
2010112,1,InterleavedToShardedDeviceOperation,8,1303.0
2078720,1,InterleavedToShardedDeviceOperation,32,1300.0
694272,,ShardedToInterleavedDeviceOperation,64,1299.0
1868800,1,InterleavedToShardedDeviceOperation,32,1298.0
1282048,,ShardedToInterleavedDeviceOperation,64,1296.0
352256,,CopyDeviceOperation,4,1290.0
1758208,1,InterleavedToShardedDeviceOperation,8,1287.0
1929216,1,ShardedToInterleavedDeviceOperation,64,1281.0
1826816,1,InterleavedToShardedDeviceOperation,32,1276.0
2162688,1,InterleavedToShardedDeviceOperation,32,1276.0
2178048,1,InterleavedToShardedDeviceOperation,8,1276.0
2600960,1,ShardedToInterleavedDeviceOperation,60,1275.0
1361920,,ShardedToInterleavedDeviceOperation,16,1273.0
1658880,1,InterleavedToShardedDeviceOperation,32,1270.0
484352,,ShardedToInterleavedDeviceOperation,64,1268.0
1030144,,ShardedToInterleavedDeviceOperation,64,1266.0
2394112,1,ReshardDeviceOperation,8,1266.0
2498560,1,InterleavedToShardedDeviceOperation,32,1266.0
2666496,1,InterleavedToShardedDeviceOperation,28,1266.0
2708480,1,InterleavedToShardedDeviceOperation,28,1266.0
1491968,,ShardedToInterleavedDeviceOperation,64,1264.0
1883136,1,ShardedToInterleavedDeviceOperation,16,1260.0
2414592,1,InterleavedToShardedDeviceOperation,32,1260.0
1700864,1,InterleavedToShardedDeviceOperation,32,1259.0
2013184,1,ShardedToInterleavedDeviceOperation,64,1255.0
1587200,1,CopyDeviceOperation,4,1254.0
1110016,,ShardedToInterleavedDeviceOperation,16,1253.0
1635328,1,ShardedToInterleavedDeviceOperation,64,1250.0
2330624,1,InterleavedToShardedDeviceOperation,32,1248.0
2304000,1,InterleavedToShardedDeviceOperation,8,1245.0
1842176,1,InterleavedToShardedDeviceOperation,8,1244.0
1910784,1,InterleavedToShardedDeviceOperation,32,1243.0
1277952,,ShardedToInterleavedDeviceOperation,16,1241.0
732160,,ShardedToInterleavedDeviceOperation,16,1239.0
2136064,1,InterleavedToShardedDeviceOperation,8,1238.0
2223104,1,ShardedToInterleavedDeviceOperation,64,1237.0
2540544,1,InterleavedToShardedDeviceOperation,32,1235.0
690176,,ShardedToInterleavedDeviceOperation,16,1233.0
522240,,ShardedToInterleavedDeviceOperation,16,1228.0
1152000,,ShardedToInterleavedDeviceOperation,16,1225.0
2642944,1,ShardedToInterleavedDeviceOperation,60,1225.0
2750464,1,InterleavedToShardedDeviceOperation,28,1223.0
1761280,1,ShardedToInterleavedDeviceOperation,64,1219.0
774144,,ShardedToInterleavedDeviceOperation,16,1218.0
984064,,ShardedToInterleavedDeviceOperation,16,1216.0
2058240,1,ReshardDeviceOperation,8,1215.0
396288,,ShardedToInterleavedDeviceOperation,16,1214.0
1319936,,ShardedToInterleavedDeviceOperation,16,1204.0
2555904,1,InterleavedToShardedDeviceOperation,8,1202.0
900096,,ShardedToInterleavedDeviceOperation,16,1201.0
1068032,,ShardedToInterleavedDeviceOperation,16,1201.0
1487872,,ShardedToInterleavedDeviceOperation,16,1201.0
2052096,1,InterleavedToShardedDeviceOperation,8,1201.0
2265088,1,ShardedToInterleavedDeviceOperation,64,1194.0
2307072,1,ShardedToInterleavedDeviceOperation,64,1194.0
564224,,ShardedToInterleavedDeviceOperation,16,1193.0
2226176,1,ReshardDeviceOperation,8,1192.0
1742848,1,InterleavedToShardedDeviceOperation,32,1191.0
2597888,1,InterleavedToShardedDeviceOperation,4,1191.0
1800192,1,InterleavedToShardedDeviceOperation,8,1188.0
1445888,,ShardedToInterleavedDeviceOperation,16,1185.0
1199104,,InterleavedToShardedDeviceOperation,64,1181.0
2387968,1,InterleavedToShardedDeviceOperation,8,1180.0
2768896,1,ShardedToInterleavedDeviceOperation,59,1180.0
606208,,ShardedToInterleavedDeviceOperation,16,1178.0
438272,,ShardedToInterleavedDeviceOperation,16,1177.0
480256,,ShardedToInterleavedDeviceOperation,16,1177.0
648192,,ShardedToInterleavedDeviceOperation,16,1177.0
1026048,,ShardedToInterleavedDeviceOperation,16,1173.0
779264,,InterleavedToShardedDeviceOperation,64,1169.0
816128,,ShardedToInterleavedDeviceOperation,16,1169.0
858112,,ShardedToInterleavedDeviceOperation,16,1169.0
392192,,InterleavedToShardedDeviceOperation,32,1168.0
1952768,1,InterleavedToShardedDeviceOperation,32,1168.0
1403904,,ShardedToInterleavedDeviceOperation,16,1161.0
1529856,,ShardedToInterleavedDeviceOperation,16,1161.0
2097152,1,ShardedToInterleavedDeviceOperation,64,1161.0
1806336,1,ReshardDeviceOperation,8,1160.0
485376,,InterleavedToShardedDeviceOperation,64,1157.0
2220032,1,InterleavedToShardedDeviceOperation,8,1156.0
401408,,InterleavedToShardedDeviceOperation,64,1155.0
1193984,,ShardedToInterleavedDeviceOperation,16,1155.0
2302976,1,ShardedToInterleavedDeviceOperation,16,1150.0
2470912,1,ShardedToInterleavedDeviceOperation,16,1148.0
2681856,1,InterleavedToShardedDeviceOperation,4,1148.0
1606656,1,CopyDeviceOperation,4,1146.0
2120704,1,InterleavedToShardedDeviceOperation,32,1146.0
989184,,InterleavedToShardedDeviceOperation,64,1144.0
1157120,,InterleavedToShardedDeviceOperation,64,1144.0
1325056,,InterleavedToShardedDeviceOperation,64,1136.0
1784832,1,InterleavedToShardedDeviceOperation,32,1136.0
1241088,,InterleavedToShardedDeviceOperation,64,1133.0
2135040,1,ShardedToInterleavedDeviceOperation,16,1131.0
737280,,InterleavedToShardedDeviceOperation,64,1127.0
1585152,1,CopyDeviceOperation,4,1124.0
1926144,1,InterleavedToShardedDeviceOperation,8,1124.0
1994752,1,InterleavedToShardedDeviceOperation,32,1124.0
1716224,1,InterleavedToShardedDeviceOperation,8,1123.0
1235968,,ShardedToInterleavedDeviceOperation,16,1121.0
2177024,1,ShardedToInterleavedDeviceOperation,16,1121.0
353280,,CopyDeviceOperation,4,1116.0
569344,,InterleavedToShardedDeviceOperation,64,1116.0
2051072,1,ShardedToInterleavedDeviceOperation,16,1113.0
372736,,CopyDeviceOperation,4,1112.0
443392,,InterleavedToShardedDeviceOperation,64,1111.0
1031168,,InterleavedToShardedDeviceOperation,64,1111.0
1607680,1,CopyDeviceOperation,4,1105.0
2471936,1,InterleavedToShardedDeviceOperation,8,1104.0
947200,,InterleavedToShardedDeviceOperation,64,1103.0
1409024,,InterleavedToShardedDeviceOperation,64,1103.0
2386944,1,ShardedToInterleavedDeviceOperation,16,1102.0
350208,,CopyDeviceOperation,4,1100.0
863232,,InterleavedToShardedDeviceOperation,64,1100.0
1757184,1,ShardedToInterleavedDeviceOperation,16,1097.0
1115136,,InterleavedToShardedDeviceOperation,64,1095.0
527360,,InterleavedToShardedDeviceOperation,64,1094.0
1884160,1,InterleavedToShardedDeviceOperation,8,1092.0
942080,,ShardedToInterleavedDeviceOperation,16,1090.0
1073152,,InterleavedToShardedDeviceOperation,64,1090.0
1283072,,InterleavedToShardedDeviceOperation,64,1090.0
1451008,,InterleavedToShardedDeviceOperation,64,1090.0
1492992,,InterleavedToShardedDeviceOperation,64,1090.0
1534976,,InterleavedToShardedDeviceOperation,64,1090.0
611328,,InterleavedToShardedDeviceOperation,64,1082.0
695296,,InterleavedToShardedDeviceOperation,64,1082.0
905216,,InterleavedToShardedDeviceOperation,64,1082.0
1967104,1,ShardedToInterleavedDeviceOperation,16,1082.0
1367040,,InterleavedToShardedDeviceOperation,64,1081.0
481280,,InterleavedToShardedDeviceOperation,8,1079.0
1762304,1,InterleavedToShardedDeviceOperation,64,1079.0
2260992,1,ShardedToInterleavedDeviceOperation,16,1074.0
2512896,1,ShardedToInterleavedDeviceOperation,16,1070.0
653312,,InterleavedToShardedDeviceOperation,64,1067.0
354304,,CopyDeviceOperation,4,1063.0
2624512,1,InterleavedToShardedDeviceOperation,28,1062.0
371712,,CopyDeviceOperation,4,1058.0
2204672,1,InterleavedToShardedDeviceOperation,32,1056.0
1195008,,InterleavedToShardedDeviceOperation,8,1055.0
1446912,,InterleavedToShardedDeviceOperation,8,1052.0
2554880,1,ShardedToInterleavedDeviceOperation,16,1049.0
1488896,,InterleavedToShardedDeviceOperation,8,1048.0
565248,,InterleavedToShardedDeviceOperation,8,1047.0
1968128,1,InterleavedToShardedDeviceOperation,8,1047.0
821248,,InterleavedToShardedDeviceOperation,64,1045.0
1804288,1,InterleavedToShardedDeviceOperation,64,1045.0
1636352,1,InterleavedToShardedDeviceOperation,64,1044.0
1111040,,InterleavedToShardedDeviceOperation,8,1040.0
439296,,InterleavedToShardedDeviceOperation,8,1039.0
985088,,InterleavedToShardedDeviceOperation,8,1034.0
1627136,1,InterleavedToShardedDeviceOperation,32,1034.0
1925120,1,ShardedToInterleavedDeviceOperation,16,1034.0
733184,,InterleavedToShardedDeviceOperation,8,1033.0
943104,,InterleavedToShardedDeviceOperation,8,1033.0
901120,,InterleavedToShardedDeviceOperation,8,1025.0
1027072,,InterleavedToShardedDeviceOperation,8,1024.0
1153024,,InterleavedToShardedDeviceOperation,8,1024.0
1236992,,InterleavedToShardedDeviceOperation,8,1024.0
1069056,,InterleavedToShardedDeviceOperation,8,1023.0
2009088,1,ShardedToInterleavedDeviceOperation,16,1023.0
397312,,InterleavedToShardedDeviceOperation,8,1018.0
1362944,,InterleavedToShardedDeviceOperation,8,1018.0
859136,,InterleavedToShardedDeviceOperation,8,1016.0
607232,,InterleavedToShardedDeviceOperation,8,1015.0
1278976,,InterleavedToShardedDeviceOperation,8,1015.0
1404928,,InterleavedToShardedDeviceOperation,8,1015.0
1530880,,InterleavedToShardedDeviceOperation,8,1014.0
2643968,1,InterleavedToShardedDeviceOperation,60,1014.0
775168,,InterleavedToShardedDeviceOperation,8,1012.0
817152,,InterleavedToShardedDeviceOperation,8,1012.0
691200,,InterleavedToShardedDeviceOperation,8,1011.0
1673216,1,ShardedToInterleavedDeviceOperation,16,1009.0
1320960,,InterleavedToShardedDeviceOperation,8,1004.0
2601984,1,InterleavedToShardedDeviceOperation,60,1004.0
1547264,,ReshardDeviceOperation,32,1002.0
523264,,InterleavedToShardedDeviceOperation,8,998.0
2344960,1,ShardedToInterleavedDeviceOperation,16,998.0
649216,,InterleavedToShardedDeviceOperation,8,994.0
1715200,1,ShardedToInterleavedDeviceOperation,16,985.0
1799168,1,ShardedToInterleavedDeviceOperation,16,982.0
2093056,1,ShardedToInterleavedDeviceOperation,16,982.0
2560000,1,InterleavedToShardedDeviceOperation,64,982.0
1589248,1,CopyDeviceOperation,4,975.0
1588224,1,CopyDeviceOperation,4,973.0
1648640,1,ReshardDeviceOperation,8,972.0
2404352,1,ReshardDeviceOperation,8,972.0
2219008,1,ShardedToInterleavedDeviceOperation,16,970.0
2068480,1,ReshardDeviceOperation,8,967.0
2320384,1,ReshardDeviceOperation,8,967.0
2110464,1,ReshardDeviceOperation,8,966.0
2026496,1,ReshardDeviceOperation,8,965.0
2639872,1,InterleavedToShardedDeviceOperation,4,965.0
1637376,1,ReshardDeviceOperation,8,964.0
1732608,1,ReshardDeviceOperation,8,964.0
1984512,1,ReshardDeviceOperation,8,963.0
1690624,1,ReshardDeviceOperation,8,962.0
2362368,1,ReshardDeviceOperation,8,962.0
2446336,1,ReshardDeviceOperation,8,962.0
2727936,1,InterleavedToShardedDeviceOperation,60,962.0
1858560,1,ReshardDeviceOperation,8,958.0
2723840,1,InterleavedToShardedDeviceOperation,4,958.0
1900544,1,ReshardDeviceOperation,8,957.0
1942528,1,ReshardDeviceOperation,8,957.0
2488320,1,ReshardDeviceOperation,8,957.0
2236416,1,ReshardDeviceOperation,8,955.0
2572288,1,ReshardDeviceOperation,8,954.0
2765824,1,InterleavedToShardedDeviceOperation,4,954.0
2530304,1,ReshardDeviceOperation,8,952.0
1848320,1,ReshardDeviceOperation,8,949.0
413696,,ReshardDeviceOperation,8,946.0
571392,,ReshardDeviceOperation,8,945.0
2194432,1,ReshardDeviceOperation,8,945.0
2278400,1,ReshardDeviceOperation,8,945.0
1816576,1,ReshardDeviceOperation,8,944.0
2520064,1,ReshardDeviceOperation,8,944.0
581632,,ReshardDeviceOperation,8,943.0
1043456,,ReshardDeviceOperation,8,941.0
1421312,,ReshardDeviceOperation,8,941.0
791552,,ReshardDeviceOperation,8,940.0
1379328,,ReshardDeviceOperation,8,940.0
1564672,1,ReshardDeviceOperation,8,940.0
833536,,ReshardDeviceOperation,8,939.0
2152448,1,ReshardDeviceOperation,8,939.0
665600,,ReshardDeviceOperation,8,938.0
1463296,,ReshardDeviceOperation,8,938.0
487424,,ReshardDeviceOperation,8,937.0
1169408,,ReshardDeviceOperation,8,937.0
707584,,ReshardDeviceOperation,8,935.0
875520,,ReshardDeviceOperation,8,935.0
1159168,,ReshardDeviceOperation,8,935.0
1253376,,ReshardDeviceOperation,8,935.0
1337344,,ReshardDeviceOperation,8,935.0
497664,,ReshardDeviceOperation,8,934.0
623616,,ReshardDeviceOperation,8,934.0
1001472,,ReshardDeviceOperation,8,934.0
1127424,,ReshardDeviceOperation,8,934.0
2098176,1,InterleavedToShardedDeviceOperation,64,934.0
455680,,ReshardDeviceOperation,8,933.0
539648,,ReshardDeviceOperation,8,933.0
739328,,ReshardDeviceOperation,8,933.0
1505280,,ReshardDeviceOperation,8,933.0
749568,,ReshardDeviceOperation,8,932.0
1369088,,ReshardDeviceOperation,8,932.0
917504,,ReshardDeviceOperation,8,931.0
991232,,ReshardDeviceOperation,8,930.0
1085440,,ReshardDeviceOperation,8,930.0
1117184,,ReshardDeviceOperation,8,930.0
445440,,ReshardDeviceOperation,8,929.0
697344,,ReshardDeviceOperation,8,929.0
949248,,ReshardDeviceOperation,8,929.0
1295360,,ReshardDeviceOperation,8,929.0
2698240,1,ReshardDeviceOperation,4,929.0
781312,,ReshardDeviceOperation,8,928.0
1033216,,ReshardDeviceOperation,8,928.0
1211392,,ReshardDeviceOperation,8,928.0
1495040,,ReshardDeviceOperation,8,928.0
1774592,1,ReshardDeviceOperation,8,928.0
529408,,ReshardDeviceOperation,8,927.0
1285120,,ReshardDeviceOperation,8,927.0
959488,,ReshardDeviceOperation,8,926.0
2436096,1,ReshardDeviceOperation,8,926.0
655360,,ReshardDeviceOperation,8,925.0
865280,,ReshardDeviceOperation,8,925.0
907264,,ReshardDeviceOperation,8,925.0
1327104,,ReshardDeviceOperation,8,925.0
2016256,1,ReshardDeviceOperation,8,925.0
2266112,1,InterleavedToShardedDeviceOperation,64,925.0
2614272,1,ReshardDeviceOperation,4,925.0
1722368,1,ReshardDeviceOperation,8,924.0
1932288,1,ReshardDeviceOperation,8,924.0
402432,,ReshardDeviceOperation,8,923.0
1243136,,ReshardDeviceOperation,8,923.0
2184192,1,ReshardDeviceOperation,8,923.0
2656256,1,ReshardDeviceOperation,4,923.0
823296,,ReshardDeviceOperation,8,922.0
1890304,1,ReshardDeviceOperation,8,922.0
2142208,1,ReshardDeviceOperation,8,922.0
2562048,1,ReshardDeviceOperation,8,922.0
2688000,1,ReshardDeviceOperation,4,922.0
1411072,,ReshardDeviceOperation,8,921.0
1537024,,ReshardDeviceOperation,8,921.0
2740224,1,ReshardDeviceOperation,4,921.0
1764352,1,ReshardDeviceOperation,8,920.0
2478080,1,ReshardDeviceOperation,8,920.0
329728,,ReshardDeviceOperation,8,919.0
613376,,ReshardDeviceOperation,8,919.0
1075200,,ReshardDeviceOperation,8,919.0
1201152,,ReshardDeviceOperation,8,919.0
2310144,1,ReshardDeviceOperation,8,919.0
2729984,1,ReshardDeviceOperation,4,919.0
2771968,1,ReshardDeviceOperation,4,919.0
1453056,,ReshardDeviceOperation,8,918.0
1930240,1,InterleavedToShardedDeviceOperation,64,918.0
1974272,1,ReshardDeviceOperation,8,918.0
2100224,1,ReshardDeviceOperation,8,918.0
2268160,1,ReshardDeviceOperation,8,917.0
2685952,1,InterleavedToShardedDeviceOperation,60,917.0
2352128,1,ReshardDeviceOperation,8,916.0
1680384,1,ReshardDeviceOperation,8,915.0
2604032,1,ReshardDeviceOperation,4,914.0
2182144,1,InterleavedToShardedDeviceOperation,64,913.0
2646016,1,ReshardDeviceOperation,4,911.0
2596864,1,ShardedToInterleavedDeviceOperation,12,905.0
1678336,1,InterleavedToShardedDeviceOperation,64,904.0
1846272,1,InterleavedToShardedDeviceOperation,64,902.0
1972224,1,InterleavedToShardedDeviceOperation,64,898.0
1631232,1,ShardedToInterleavedDeviceOperation,16,897.0
2350080,1,InterleavedToShardedDeviceOperation,64,895.0
325632,,CopyDeviceOperation,1,891.0
2428928,1,ShardedToInterleavedDeviceOperation,16,890.0
1557504,1,ShardedToInterleavedDeviceOperation,1,883.0
2224128,1,InterleavedToShardedDeviceOperation,64,881.0
1560576,1,CopyDeviceOperation,1,880.0
2722816,1,ShardedToInterleavedDeviceOperation,12,876.0
2782208,1,ReshardDeviceOperation,20,874.0
1841152,1,ShardedToInterleavedDeviceOperation,16,873.0
1888256,1,InterleavedToShardedDeviceOperation,64,872.0
2056192,1,InterleavedToShardedDeviceOperation,64,863.0
1720320,1,InterleavedToShardedDeviceOperation,64,862.0
2476032,1,InterleavedToShardedDeviceOperation,64,860.0
2680832,1,ShardedToInterleavedDeviceOperation,12,858.0
327680,,InterleavedToShardedDeviceOperation,64,850.0
2434048,1,InterleavedToShardedDeviceOperation,64,847.0
2769920,1,InterleavedToShardedDeviceOperation,56,847.0
1562624,1,InterleavedToShardedDeviceOperation,64,841.0
2392064,1,InterleavedToShardedDeviceOperation,64,836.0
2014208,1,InterleavedToShardedDeviceOperation,64,826.0
2518016,1,InterleavedToShardedDeviceOperation,64,804.0
2140160,1,InterleavedToShardedDeviceOperation,64,772.0
2638848,1,ShardedToInterleavedDeviceOperation,12,770.0
2764800,1,ShardedToInterleavedDeviceOperation,11,770.0
1554432,1,ShardedToInterleavedDeviceOperation,1,747.0
322560,,ShardedToInterleavedDeviceOperation,1,736.0
319488,,ShardedToInterleavedDeviceOperation,1,735.0
338944,,ShardedToInterleavedDeviceOperation,2,702.0
340992,,InterleavedToShardedDeviceOperation,4,694.0
1575936,1,InterleavedToShardedDeviceOperation,4,694.0
1573888,1,ShardedToInterleavedDeviceOperation,2,584.0
349184,,ShardedToInterleavedDeviceOperation,4,575.0
361472,,ShardedToInterleavedDeviceOperation,4,573.0
1802240,1,BinaryNgDeviceOperation,64,573.0
2222080,1,BinaryNgDeviceOperation,64,571.0
2096128,1,BinaryNgDeviceOperation,64,563.0
2264064,1,BinaryNgDeviceOperation,64,562.0
2432000,1,BinaryNgDeviceOperation,64,561.0
1676288,1,BinaryNgDeviceOperation,64,560.0
1844224,1,BinaryNgDeviceOperation,64,560.0
1970176,1,BinaryNgDeviceOperation,64,559.0
2138112,1,BinaryNgDeviceOperation,64,558.0
2557952,1,BinaryNgDeviceOperation,64,558.0
351232,,ShardedToInterleavedDeviceOperation,4,557.0
1760256,1,BinaryNgDeviceOperation,64,557.0
1886208,1,BinaryNgDeviceOperation,64,557.0
1928192,1,BinaryNgDeviceOperation,64,556.0
2012160,1,BinaryNgDeviceOperation,64,556.0
2180096,1,BinaryNgDeviceOperation,64,555.0
2306048,1,BinaryNgDeviceOperation,64,555.0
2348032,1,BinaryNgDeviceOperation,64,555.0
2515968,1,BinaryNgDeviceOperation,64,554.0
2641920,1,BinaryNgDeviceOperation,60,554.0
2390016,1,BinaryNgDeviceOperation,64,553.0
2473984,1,BinaryNgDeviceOperation,64,553.0
2683904,1,BinaryNgDeviceOperation,60,552.0
2767872,1,BinaryNgDeviceOperation,59,551.0
2054144,1,BinaryNgDeviceOperation,64,546.0
2725888,1,BinaryNgDeviceOperation,60,546.0
2599936,1,BinaryNgDeviceOperation,60,544.0
1718272,1,BinaryNgDeviceOperation,64,543.0
1586176,1,ShardedToInterleavedDeviceOperation,4,535.0
1584128,1,ShardedToInterleavedDeviceOperation,4,529.0
1596416,1,ShardedToInterleavedDeviceOperation,4,529.0
1071104,,BinaryNgDeviceOperation,64,481.0
1323008,,BinaryNgDeviceOperation,64,475.0
735232,,BinaryNgDeviceOperation,64,473.0
819200,,BinaryNgDeviceOperation,64,471.0
1029120,,BinaryNgDeviceOperation,64,471.0
483328,,BinaryNgDeviceOperation,64,467.0
1490944,,BinaryNgDeviceOperation,64,459.0
1532928,,BinaryNgDeviceOperation,64,457.0
903168,,BinaryNgDeviceOperation,64,456.0
777216,,BinaryNgDeviceOperation,64,455.0
1113088,,BinaryNgDeviceOperation,64,452.0
861184,,BinaryNgDeviceOperation,64,451.0
987136,,BinaryNgDeviceOperation,64,445.0
567296,,BinaryNgDeviceOperation,64,444.0
693248,,BinaryNgDeviceOperation,64,442.0
1197056,,BinaryNgDeviceOperation,64,442.0
525312,,BinaryNgDeviceOperation,64,441.0
1239040,,BinaryNgDeviceOperation,64,441.0
651264,,BinaryNgDeviceOperation,64,438.0
945152,,BinaryNgDeviceOperation,64,438.0
1364992,,BinaryNgDeviceOperation,64,438.0
1448960,,BinaryNgDeviceOperation,64,435.0
609280,,BinaryNgDeviceOperation,64,434.0
1406976,,BinaryNgDeviceOperation,64,434.0
1281024,,BinaryNgDeviceOperation,64,433.0
441344,,BinaryNgDeviceOperation,64,432.0
1155072,,BinaryNgDeviceOperation,64,423.0
