op_id,replay,op_name,cores,duration_ns
3231744,1,MatmulDeviceOperation,44,3548021.0
1854464,,MatmulDeviceOperation,64,3547946.0
1857536,,ArgMaxDeviceOperation,64,2730019.0
3234816,1,ArgMaxDeviceOperation,44,2726708.0
396288,,CopyDeviceOperation,64,856526.0
296960,,CopyDeviceOperation,64,830911.0
365568,,CopyDeviceOperation,64,822442.0
399360,,CopyDeviceOperation,64,819205.0
439296,,CopyDeviceOperation,64,817318.0
337920,,CopyDeviceOperation,64,811989.0
429056,,CopyDeviceOperation,64,811619.0
404480,,CopyDeviceOperation,64,808764.0
425984,,CopyDeviceOperation,64,801636.0
361472,,CopyDeviceOperation,64,801292.0
362496,,CopyDeviceOperation,64,798338.0
344064,,CopyDeviceOperation,64,797751.0
473088,,CopyDeviceOperation,64,797180.0
348160,,CopyDeviceOperation,64,796763.0
436224,,CopyDeviceOperation,64,795880.0
322560,,CopyDeviceOperation,64,795595.0
458752,,CopyDeviceOperation,64,793650.0
401408,,CopyDeviceOperation,64,793065.0
422912,,CopyDeviceOperation,64,792628.0
350208,,CopyDeviceOperation,64,790981.0
388096,,CopyDeviceOperation,64,790776.0
427008,,CopyDeviceOperation,64,790285.0
299008,,CopyDeviceOperation,64,790204.0
377856,,CopyDeviceOperation,64,790123.0
406528,,CopyDeviceOperation,64,789285.0
457728,,CopyDeviceOperation,64,788913.0
435200,,CopyDeviceOperation,64,788361.0
347136,,CopyDeviceOperation,64,787695.0
318464,,CopyDeviceOperation,64,786974.0
480256,,CopyDeviceOperation,64,786607.0
319488,,CopyDeviceOperation,64,786224.0
474112,,CopyDeviceOperation,64,786028.0
389120,,CopyDeviceOperation,64,785611.0
450560,,CopyDeviceOperation,64,785084.0
472064,,CopyDeviceOperation,64,784526.0
376832,,CopyDeviceOperation,64,784301.0
378880,,CopyDeviceOperation,64,782866.0
325632,,CopyDeviceOperation,64,782668.0
334848,,CopyDeviceOperation,64,782578.0
448512,,CopyDeviceOperation,64,782510.0
456704,,CopyDeviceOperation,64,782484.0
423936,,CopyDeviceOperation,64,782104.0
342016,,CopyDeviceOperation,64,781563.0
466944,,CopyDeviceOperation,64,781041.0
453632,,CopyDeviceOperation,64,780888.0
379904,,CopyDeviceOperation,64,780025.0
392192,,CopyDeviceOperation,64,779689.0
321536,,CopyDeviceOperation,64,779298.0
303104,,CopyDeviceOperation,64,778769.0
451584,,CopyDeviceOperation,64,778497.0
313344,,CopyDeviceOperation,64,778349.0
343040,,CopyDeviceOperation,64,777692.0
364544,,CopyDeviceOperation,64,777660.0
316416,,CopyDeviceOperation,64,777554.0
479232,,CopyDeviceOperation,64,774135.0
408576,,CopyDeviceOperation,64,774081.0
336896,,CopyDeviceOperation,64,773739.0
421888,,CopyDeviceOperation,64,773031.0
332800,,CopyDeviceOperation,64,772708.0
306176,,CopyDeviceOperation,64,770205.0
324608,,CopyDeviceOperation,64,769625.0
375808,,CopyDeviceOperation,64,769135.0
329728,,CopyDeviceOperation,64,767940.0
354304,,CopyDeviceOperation,64,767037.0
305152,,CopyDeviceOperation,64,766676.0
446464,,CopyDeviceOperation,64,765648.0
314368,,CopyDeviceOperation,64,764942.0
307200,,CopyDeviceOperation,64,764143.0
400384,,CopyDeviceOperation,64,763229.0
315392,,CopyDeviceOperation,64,761837.0
470016,,CopyDeviceOperation,64,758260.0
353280,,CopyDeviceOperation,64,757698.0
358400,,CopyDeviceOperation,64,756087.0
402432,,CopyDeviceOperation,64,755777.0
355328,,CopyDeviceOperation,64,748891.0
301056,,CopyDeviceOperation,64,742949.0
351232,,CopyDeviceOperation,64,741456.0
384000,,CopyDeviceOperation,64,736883.0
428032,,CopyDeviceOperation,64,732969.0
403456,,CopyDeviceOperation,64,731863.0
385024,,CopyDeviceOperation,64,724153.0
477184,,CopyDeviceOperation,64,723262.0
370688,,CopyDeviceOperation,64,721931.0
302080,,CopyDeviceOperation,64,721729.0
374784,,CopyDeviceOperation,64,720916.0
460800,,CopyDeviceOperation,64,718932.0
463872,,CopyDeviceOperation,64,717785.0
409600,,CopyDeviceOperation,64,714866.0
415744,,CopyDeviceOperation,64,713410.0
339968,,CopyDeviceOperation,64,711797.0
478208,,CopyDeviceOperation,64,710828.0
462848,,CopyDeviceOperation,64,706405.0
386048,,CopyDeviceOperation,64,705779.0
356352,,CopyDeviceOperation,64,705207.0
418816,,CopyDeviceOperation,64,704360.0
467968,,CopyDeviceOperation,64,699735.0
387072,,CopyDeviceOperation,64,697944.0
328704,,CopyDeviceOperation,64,697887.0
432128,,CopyDeviceOperation,64,695133.0
447488,,CopyDeviceOperation,64,694912.0
381952,,CopyDeviceOperation,64,692229.0
405504,,CopyDeviceOperation,64,691116.0
331776,,CopyDeviceOperation,64,689903.0
310272,,CopyDeviceOperation,64,689677.0
352256,,CopyDeviceOperation,64,682590.0
367616,,CopyDeviceOperation,64,680996.0
357376,,CopyDeviceOperation,64,678955.0
345088,,CopyDeviceOperation,64,666445.0
413696,,CopyDeviceOperation,64,406892.0
424960,,CopyDeviceOperation,64,405638.0
440320,,CopyDeviceOperation,64,403035.0
380928,,CopyDeviceOperation,64,402571.0
368640,,CopyDeviceOperation,64,400515.0
398336,,CopyDeviceOperation,64,399563.0
464896,,CopyDeviceOperation,64,399413.0
471040,,CopyDeviceOperation,64,398680.0
433152,,CopyDeviceOperation,64,398596.0
391168,,CopyDeviceOperation,64,397451.0
366592,,CopyDeviceOperation,64,397222.0
430080,,CopyDeviceOperation,64,396149.0
394240,,CopyDeviceOperation,64,395946.0
320512,,CopyDeviceOperation,64,394977.0
454656,,CopyDeviceOperation,64,394815.0
327680,,CopyDeviceOperation,64,393923.0
431104,,CopyDeviceOperation,64,393006.0
468992,,CopyDeviceOperation,64,391148.0
407552,,CopyDeviceOperation,64,390491.0
360448,,CopyDeviceOperation,64,389696.0
412672,,CopyDeviceOperation,64,389596.0
372736,,CopyDeviceOperation,64,389393.0
338944,,CopyDeviceOperation,64,388930.0
390144,,CopyDeviceOperation,64,388759.0
309248,,CopyDeviceOperation,64,388667.0
340992,,CopyDeviceOperation,64,388652.0
382976,,CopyDeviceOperation,64,388558.0
445440,,CopyDeviceOperation,64,388335.0
420864,,CopyDeviceOperation,64,387622.0
363520,,CopyDeviceOperation,64,387328.0
443392,,CopyDeviceOperation,64,387214.0
359424,,CopyDeviceOperation,64,386578.0
475136,,CopyDeviceOperation,64,386335.0
371712,,CopyDeviceOperation,64,383676.0
411648,,CopyDeviceOperation,64,382103.0
476160,,CopyDeviceOperation,64,382072.0
434176,,CopyDeviceOperation,64,285780.0
449536,,CopyDeviceOperation,64,285064.0
437248,,CopyDeviceOperation,64,281336.0
311296,,CopyDeviceOperation,64,278847.0
438272,,CopyDeviceOperation,64,263555.0
346112,,CopyDeviceOperation,64,263283.0
441344,,CopyDeviceOperation,64,262993.0
465920,,CopyDeviceOperation,64,262921.0
395264,,CopyDeviceOperation,64,262452.0
330752,,CopyDeviceOperation,64,261048.0
419840,,CopyDeviceOperation,64,260880.0
335872,,CopyDeviceOperation,64,260877.0
416768,,CopyDeviceOperation,64,260742.0
373760,,CopyDeviceOperation,64,259387.0
461824,,CopyDeviceOperation,64,259355.0
349184,,CopyDeviceOperation,64,259210.0
317440,,CopyDeviceOperation,64,258285.0
300032,,CopyDeviceOperation,64,258171.0
444416,,CopyDeviceOperation,64,257883.0
312320,,CopyDeviceOperation,64,256996.0
410624,,CopyDeviceOperation,64,256855.0
459776,,CopyDeviceOperation,64,256853.0
297984,,CopyDeviceOperation,64,256747.0
304128,,CopyDeviceOperation,64,256219.0
397312,,CopyDeviceOperation,64,256184.0
414720,,CopyDeviceOperation,64,255821.0
308224,,CopyDeviceOperation,64,255552.0
323584,,CopyDeviceOperation,64,254812.0
333824,,CopyDeviceOperation,64,254647.0
393216,,CopyDeviceOperation,64,254643.0
326656,,CopyDeviceOperation,64,253280.0
369664,,CopyDeviceOperation,64,253107.0
417792,,CopyDeviceOperation,64,252778.0
452608,,CopyDeviceOperation,64,252401.0
455680,,CopyDeviceOperation,64,252154.0
442368,,CopyDeviceOperation,64,251242.0
782336,,MatmulDeviceOperation,64,222655.0
2823168,1,MatmulDeviceOperation,64,222429.0
2343936,1,MatmulDeviceOperation,64,222391.0
1040384,,MatmulDeviceOperation,64,222280.0
1150976,,MatmulDeviceOperation,64,222237.0
2528256,1,MatmulDeviceOperation,64,222237.0
1593344,,MatmulDeviceOperation,64,222229.0
2786304,1,MatmulDeviceOperation,64,222205.0
2491392,1,MatmulDeviceOperation,64,222152.0
1851392,,MatmulDeviceOperation,64,222119.0
1261568,,MatmulDeviceOperation,64,222077.0
1630208,,MatmulDeviceOperation,64,222071.0
2675712,1,MatmulDeviceOperation,64,222038.0
1298432,,MatmulDeviceOperation,64,222017.0
2970624,1,MatmulDeviceOperation,60,222010.0
2454528,1,MatmulDeviceOperation,64,222006.0
1938432,1,MatmulDeviceOperation,64,221948.0
966656,,MatmulDeviceOperation,64,221939.0
1335296,,MatmulDeviceOperation,64,221936.0
1814528,,MatmulDeviceOperation,64,221933.0
856064,,MatmulDeviceOperation,64,221926.0
929792,,MatmulDeviceOperation,64,221912.0
2601984,1,MatmulDeviceOperation,64,221912.0
2712576,1,MatmulDeviceOperation,64,221886.0
2085888,1,MatmulDeviceOperation,64,221850.0
2122752,1,MatmulDeviceOperation,64,221824.0
819200,,MatmulDeviceOperation,64,221822.0
2012160,1,MatmulDeviceOperation,64,221819.0
1482752,,MatmulDeviceOperation,64,221813.0
2270208,1,MatmulDeviceOperation,64,221803.0
2933760,1,MatmulDeviceOperation,60,221797.0
2159616,1,MatmulDeviceOperation,64,221784.0
2233344,1,MatmulDeviceOperation,64,221784.0
2860032,1,MatmulDeviceOperation,64,221782.0
2749440,1,MatmulDeviceOperation,64,221768.0
1445888,,MatmulDeviceOperation,64,221756.0
2417664,1,MatmulDeviceOperation,64,221739.0
598016,,MatmulDeviceOperation,64,221710.0
2049024,1,MatmulDeviceOperation,64,221680.0
2638848,1,MatmulDeviceOperation,64,221662.0
634880,,MatmulDeviceOperation,64,221657.0
708608,,MatmulDeviceOperation,64,221642.0
1003520,,MatmulDeviceOperation,64,221630.0
2196480,1,MatmulDeviceOperation,64,221620.0
1519616,,MatmulDeviceOperation,64,221602.0
1975296,1,MatmulDeviceOperation,64,221570.0
2565120,1,MatmulDeviceOperation,64,221549.0
671744,,MatmulDeviceOperation,64,221535.0
1703936,,MatmulDeviceOperation,64,221525.0
2380800,1,MatmulDeviceOperation,64,221517.0
3007488,1,MatmulDeviceOperation,60,221517.0
1556480,,MatmulDeviceOperation,64,221482.0
2307072,1,MatmulDeviceOperation,64,221406.0
1077248,,MatmulDeviceOperation,64,221400.0
1667072,,MatmulDeviceOperation,64,221394.0
1409024,,MatmulDeviceOperation,64,221387.0
1777664,,MatmulDeviceOperation,64,221365.0
1372160,,MatmulDeviceOperation,64,221317.0
745472,,MatmulDeviceOperation,64,221295.0
2896896,1,MatmulDeviceOperation,60,221279.0
1740800,,MatmulDeviceOperation,64,221268.0
1114112,,MatmulDeviceOperation,64,221266.0
1224704,,MatmulDeviceOperation,64,221240.0
892928,,MatmulDeviceOperation,64,221232.0
1187840,,MatmulDeviceOperation,64,221153.0
561152,,MatmulDeviceOperation,64,220919.0
3081216,1,MatmulDeviceOperation,48,219442.0
3118080,1,MatmulDeviceOperation,44,219350.0
3044352,1,MatmulDeviceOperation,48,219329.0
3003392,1,MatmulDeviceOperation,60,219304.0
742400,,MatmulDeviceOperation,64,219279.0
3154944,1,MatmulDeviceOperation,44,219211.0
3191808,1,MatmulDeviceOperation,44,219207.0
3228672,1,MatmulDeviceOperation,44,219178.0
851968,,MatmulDeviceOperation,64,219146.0
1700864,,MatmulDeviceOperation,64,219101.0
1184768,,MatmulDeviceOperation,64,219061.0
2967552,1,MatmulDeviceOperation,60,219047.0
741376,,MatmulDeviceOperation,64,219027.0
816128,,MatmulDeviceOperation,64,218977.0
2339840,1,MatmulDeviceOperation,64,218949.0
1295360,,MatmulDeviceOperation,64,218887.0
888832,,MatmulDeviceOperation,64,218869.0
1258496,,MatmulDeviceOperation,64,218810.0
1553408,,MatmulDeviceOperation,64,218800.0
1589248,,MatmulDeviceOperation,64,218799.0
2745344,1,MatmulDeviceOperation,64,218778.0
1626112,,MatmulDeviceOperation,64,218762.0
1147904,,MatmulDeviceOperation,64,218751.0
1074176,,MatmulDeviceOperation,64,218748.0
2524160,1,MatmulDeviceOperation,64,218724.0
1811456,,MatmulDeviceOperation,64,218710.0
2634752,1,MatmulDeviceOperation,64,218681.0
2377728,1,MatmulDeviceOperation,64,218679.0
1971200,1,MatmulDeviceOperation,64,218678.0
704512,,MatmulDeviceOperation,64,218636.0
1111040,,MatmulDeviceOperation,64,218624.0
2450432,1,MatmulDeviceOperation,64,218614.0
631808,,MatmulDeviceOperation,64,218603.0
1220608,,MatmulDeviceOperation,64,218598.0
1146880,,MatmulDeviceOperation,64,218575.0
1257472,,MatmulDeviceOperation,64,218574.0
1627136,,MatmulDeviceOperation,64,218566.0
1332224,,MatmulDeviceOperation,64,218538.0
1934336,1,MatmulDeviceOperation,64,218531.0
1662976,,MatmulDeviceOperation,64,218521.0
889856,,MatmulDeviceOperation,64,218519.0
594944,,MatmulDeviceOperation,64,218500.0
852992,,MatmulDeviceOperation,64,218498.0
999424,,MatmulDeviceOperation,64,218481.0
1369088,,MatmulDeviceOperation,64,218472.0
1479680,,MatmulDeviceOperation,64,218469.0
2782208,1,MatmulDeviceOperation,64,218469.0
2856960,1,MatmulDeviceOperation,64,218466.0
1441792,,MatmulDeviceOperation,64,218464.0
1331200,,MatmulDeviceOperation,64,218457.0
1368064,,MatmulDeviceOperation,64,218451.0
2155520,1,MatmulDeviceOperation,64,218447.0
630784,,MatmulDeviceOperation,64,218438.0
2929664,1,MatmulDeviceOperation,60,218434.0
1699840,,MatmulDeviceOperation,64,218430.0
2525184,1,MatmulDeviceOperation,64,218423.0
2340864,1,MatmulDeviceOperation,64,218416.0
1590272,,MatmulDeviceOperation,64,218407.0
1036288,,MatmulDeviceOperation,64,218391.0
2230272,1,MatmulDeviceOperation,64,218383.0
2451456,1,MatmulDeviceOperation,64,218375.0
1037312,,MatmulDeviceOperation,64,218369.0
2487296,1,MatmulDeviceOperation,64,218362.0
2708480,1,MatmulDeviceOperation,64,218358.0
1000448,,MatmulDeviceOperation,64,218352.0
1110016,,MatmulDeviceOperation,64,218348.0
1405952,,MatmulDeviceOperation,64,218342.0
963584,,MatmulDeviceOperation,64,218331.0
2413568,1,MatmulDeviceOperation,64,218331.0
815104,,MatmulDeviceOperation,64,218328.0
2118656,1,MatmulDeviceOperation,64,218307.0
593920,,MatmulDeviceOperation,64,218301.0
1221632,,MatmulDeviceOperation,64,218300.0
2635776,1,MatmulDeviceOperation,64,218296.0
3187712,1,MatmulDeviceOperation,44,218293.0
1294336,,MatmulDeviceOperation,64,218292.0
557056,,MatmulDeviceOperation,64,218290.0
1552384,,MatmulDeviceOperation,64,218284.0
1442816,,MatmulDeviceOperation,64,218274.0
962560,,MatmulDeviceOperation,64,218264.0
925696,,MatmulDeviceOperation,64,218261.0
2266112,1,MatmulDeviceOperation,64,218250.0
1736704,,MatmulDeviceOperation,64,218244.0
2709504,1,MatmulDeviceOperation,64,218238.0
2819072,1,MatmulDeviceOperation,64,218234.0
2082816,1,MatmulDeviceOperation,64,218227.0
2229248,1,MatmulDeviceOperation,64,218225.0
2008064,1,MatmulDeviceOperation,64,218213.0
558080,,MatmulDeviceOperation,64,218209.0
1774592,,MatmulDeviceOperation,64,218204.0
2156544,1,MatmulDeviceOperation,64,218198.0
1737728,,MatmulDeviceOperation,64,218186.0
1810432,,MatmulDeviceOperation,64,218175.0
2820096,1,MatmulDeviceOperation,64,218172.0
1183744,,MatmulDeviceOperation,64,218162.0
2783232,1,MatmulDeviceOperation,64,218150.0
2081792,1,MatmulDeviceOperation,64,218145.0
2192384,1,MatmulDeviceOperation,64,218137.0
667648,,MatmulDeviceOperation,64,218129.0
779264,,MatmulDeviceOperation,64,218128.0
3004416,1,MatmulDeviceOperation,60,218109.0
705536,,MatmulDeviceOperation,64,218107.0
926720,,MatmulDeviceOperation,64,218095.0
2302976,1,MatmulDeviceOperation,64,218095.0
1516544,,MatmulDeviceOperation,64,218092.0
1847296,,MatmulDeviceOperation,64,218092.0
1404928,,MatmulDeviceOperation,64,218085.0
1073152,,MatmulDeviceOperation,64,218084.0
3188736,1,MatmulDeviceOperation,44,218083.0
2561024,1,MatmulDeviceOperation,64,218077.0
1515520,,MatmulDeviceOperation,64,218056.0
1478656,,MatmulDeviceOperation,64,218055.0
1664000,,MatmulDeviceOperation,64,218044.0
2892800,1,MatmulDeviceOperation,63,218041.0
2855936,1,MatmulDeviceOperation,64,218038.0
2376704,1,MatmulDeviceOperation,64,218033.0
1773568,,MatmulDeviceOperation,64,218029.0
1848320,,MatmulDeviceOperation,64,218029.0
778240,,MatmulDeviceOperation,64,218021.0
2671616,1,MatmulDeviceOperation,64,218011.0
668672,,MatmulDeviceOperation,64,218009.0
2488320,1,MatmulDeviceOperation,64,217990.0
2746368,1,MatmulDeviceOperation,64,217971.0
3224576,1,MatmulDeviceOperation,44,217942.0
2930688,1,MatmulDeviceOperation,60,217936.0
2045952,1,MatmulDeviceOperation,64,217868.0
2009088,1,MatmulDeviceOperation,64,217867.0
2304000,1,MatmulDeviceOperation,64,217843.0
3151872,1,MatmulDeviceOperation,44,217840.0
3041280,1,MatmulDeviceOperation,48,217834.0
3225600,1,MatmulDeviceOperation,44,217819.0
1972224,1,MatmulDeviceOperation,64,217792.0
3115008,1,MatmulDeviceOperation,44,217782.0
3077120,1,MatmulDeviceOperation,48,217780.0
2597888,1,MatmulDeviceOperation,64,217752.0
2598912,1,MatmulDeviceOperation,64,217751.0
3113984,1,MatmulDeviceOperation,44,217750.0
2044928,1,MatmulDeviceOperation,64,217635.0
3150848,1,MatmulDeviceOperation,44,217623.0
2966528,1,MatmulDeviceOperation,60,217585.0
1935360,1,MatmulDeviceOperation,64,217578.0
3040256,1,MatmulDeviceOperation,48,217562.0
2193408,1,MatmulDeviceOperation,64,217553.0
2562048,1,MatmulDeviceOperation,64,217497.0
3078144,1,MatmulDeviceOperation,48,217482.0
2119680,1,MatmulDeviceOperation,64,217420.0
2672640,1,MatmulDeviceOperation,64,217373.0
2267136,1,MatmulDeviceOperation,64,217294.0
2893824,1,MatmulDeviceOperation,63,217292.0
2414592,1,MatmulDeviceOperation,64,217188.0
1856512,,UntilizeDeviceOperation,63,137416.0
3233792,1,UntilizeDeviceOperation,43,133228.0
2937856,1,MatmulDeviceOperation,60,116915.0
3011584,1,MatmulDeviceOperation,60,115914.0
2642944,1,MatmulDeviceOperation,64,115817.0
2126848,1,MatmulDeviceOperation,64,115781.0
1044480,,MatmulDeviceOperation,64,115721.0
2053120,1,MatmulDeviceOperation,64,115680.0
2458624,1,MatmulDeviceOperation,64,115673.0
2827264,1,MatmulDeviceOperation,64,115620.0
2348032,1,MatmulDeviceOperation,64,115602.0
1979392,1,MatmulDeviceOperation,64,115520.0
2716672,1,MatmulDeviceOperation,64,115501.0
2274304,1,MatmulDeviceOperation,64,115457.0
2200576,1,MatmulDeviceOperation,64,115447.0
1671168,,MatmulDeviceOperation,64,115444.0
2974720,1,MatmulDeviceOperation,60,115434.0
1118208,,MatmulDeviceOperation,64,115420.0
2753536,1,MatmulDeviceOperation,64,115416.0
2900992,1,MatmulDeviceOperation,60,115404.0
2089984,1,MatmulDeviceOperation,64,115368.0
897024,,MatmulDeviceOperation,64,115359.0
2790400,1,MatmulDeviceOperation,64,115286.0
638976,,MatmulDeviceOperation,64,115272.0
2532352,1,MatmulDeviceOperation,64,115248.0
2163712,1,MatmulDeviceOperation,64,115230.0
2864128,1,MatmulDeviceOperation,64,115212.0
2384896,1,MatmulDeviceOperation,64,115193.0
2569216,1,MatmulDeviceOperation,64,115186.0
1081344,,MatmulDeviceOperation,64,115180.0
1155072,,MatmulDeviceOperation,64,115165.0
1265664,,MatmulDeviceOperation,64,115165.0
1007616,,MatmulDeviceOperation,64,115161.0
2606080,1,MatmulDeviceOperation,64,115161.0
1376256,,MatmulDeviceOperation,64,115159.0
2421760,1,MatmulDeviceOperation,64,115155.0
675840,,MatmulDeviceOperation,64,115150.0
1708032,,MatmulDeviceOperation,64,115150.0
1634304,,MatmulDeviceOperation,64,115127.0
712704,,MatmulDeviceOperation,64,115120.0
933888,,MatmulDeviceOperation,64,115108.0
2495488,1,MatmulDeviceOperation,64,115100.0
494592,,MatmulDeviceOperation,64,115097.0
2311168,1,MatmulDeviceOperation,64,115092.0
1302528,,MatmulDeviceOperation,64,115080.0
860160,,MatmulDeviceOperation,64,115079.0
565248,,MatmulDeviceOperation,64,115077.0
1597440,,MatmulDeviceOperation,64,115077.0
1449984,,MatmulDeviceOperation,64,115072.0
1781760,,MatmulDeviceOperation,64,115046.0
2679808,1,MatmulDeviceOperation,64,115025.0
1560576,,MatmulDeviceOperation,64,114995.0
1744896,,MatmulDeviceOperation,64,114994.0
1942528,1,MatmulDeviceOperation,64,114969.0
2237440,1,MatmulDeviceOperation,64,114967.0
602112,,MatmulDeviceOperation,64,114949.0
2016256,1,MatmulDeviceOperation,64,114932.0
970752,,MatmulDeviceOperation,64,114928.0
1486848,,MatmulDeviceOperation,64,114922.0
1339392,,MatmulDeviceOperation,64,114889.0
1818624,,MatmulDeviceOperation,64,114859.0
823296,,MatmulDeviceOperation,64,114848.0
1413120,,MatmulDeviceOperation,64,114810.0
1228800,,MatmulDeviceOperation,64,114799.0
1523712,,MatmulDeviceOperation,64,114760.0
1871872,1,MatmulDeviceOperation,64,114734.0
749568,,MatmulDeviceOperation,64,114715.0
1191936,,MatmulDeviceOperation,64,114540.0
786432,,MatmulDeviceOperation,64,114529.0
3048448,1,MatmulDeviceOperation,48,114488.0
3085312,1,MatmulDeviceOperation,48,114397.0
3195904,1,MatmulDeviceOperation,44,114091.0
3159040,1,MatmulDeviceOperation,44,114061.0
3122176,1,MatmulDeviceOperation,44,113967.0
231424,,TilizeDeviceOperation,64,99161.0
247808,,TilizeDeviceOperation,64,99060.0
201728,,TilizeDeviceOperation,64,98998.0
136192,,TilizeDeviceOperation,64,98891.0
165888,,TilizeDeviceOperation,64,98836.0
59392,,TilizeDeviceOperation,64,98716.0
128000,,TilizeDeviceOperation,64,98641.0
198656,,TilizeDeviceOperation,64,98562.0
87040,,TilizeDeviceOperation,64,98475.0
70656,,TilizeDeviceOperation,64,98400.0
21504,,TilizeDeviceOperation,64,98368.0
256000,,TilizeDeviceOperation,64,98009.0
280576,,TilizeDeviceOperation,64,97931.0
34816,,TilizeDeviceOperation,64,97883.0
177152,,TilizeDeviceOperation,64,97810.0
100352,,TilizeDeviceOperation,64,97808.0
2048,,TilizeDeviceOperation,64,97779.0
75776,,TilizeDeviceOperation,64,97772.0
67584,,TilizeDeviceOperation,64,97728.0
193536,,TilizeDeviceOperation,64,97659.0
46080,,TilizeDeviceOperation,64,97266.0
43008,,TilizeDeviceOperation,64,97176.0
250880,,TilizeDeviceOperation,64,97079.0
272384,,TilizeDeviceOperation,64,96931.0
37888,,TilizeDeviceOperation,64,96894.0
29696,,TilizeDeviceOperation,64,96885.0
185344,,TilizeDeviceOperation,64,96861.0
174080,,TilizeDeviceOperation,64,96816.0
291840,,TilizeDeviceOperation,64,96807.0
283648,,TilizeDeviceOperation,64,96784.0
26624,,TilizeDeviceOperation,64,96774.0
83968,,TilizeDeviceOperation,64,96723.0
103424,,TilizeDeviceOperation,64,96697.0
190464,,TilizeDeviceOperation,64,96642.0
259072,,TilizeDeviceOperation,64,96635.0
242688,,TilizeDeviceOperation,64,96618.0
223232,,TilizeDeviceOperation,64,96611.0
62464,,TilizeDeviceOperation,64,96595.0
215040,,TilizeDeviceOperation,64,96563.0
149504,,TilizeDeviceOperation,64,96519.0
51200,,TilizeDeviceOperation,64,96474.0
116736,,TilizeDeviceOperation,64,96407.0
95232,,TilizeDeviceOperation,64,96357.0
226304,,TilizeDeviceOperation,64,96306.0
264192,,TilizeDeviceOperation,64,96305.0
92160,,TilizeDeviceOperation,64,96215.0
18432,,TilizeDeviceOperation,64,96186.0
218112,,TilizeDeviceOperation,64,96180.0
152576,,TilizeDeviceOperation,64,96132.0
10240,,TilizeDeviceOperation,64,96079.0
119808,,TilizeDeviceOperation,64,96070.0
275456,,TilizeDeviceOperation,64,96015.0
239616,,TilizeDeviceOperation,64,95928.0
5120,,TilizeDeviceOperation,64,95918.0
160768,,TilizeDeviceOperation,64,95882.0
157696,,TilizeDeviceOperation,64,95845.0
206848,,TilizeDeviceOperation,64,95761.0
168960,,TilizeDeviceOperation,64,95671.0
288768,,TilizeDeviceOperation,64,95658.0
78848,,TilizeDeviceOperation,64,95653.0
182272,,TilizeDeviceOperation,64,95642.0
141312,,TilizeDeviceOperation,64,95639.0
267264,,TilizeDeviceOperation,64,95622.0
144384,,TilizeDeviceOperation,64,95619.0
111616,,TilizeDeviceOperation,64,95583.0
54272,,TilizeDeviceOperation,64,95414.0
234496,,TilizeDeviceOperation,64,95251.0
133120,,TilizeDeviceOperation,64,95182.0
124928,,TilizeDeviceOperation,64,95178.0
209920,,TilizeDeviceOperation,64,94678.0
108544,,TilizeDeviceOperation,64,94532.0
13312,,TilizeDeviceOperation,64,94208.0
2298880,1,MatmulDeviceOperation,64,81977.0
2704384,1,MatmulDeviceOperation,64,81275.0
1967104,1,MatmulDeviceOperation,64,81232.0
2446336,1,MatmulDeviceOperation,64,81209.0
663552,,MatmulDeviceOperation,64,81201.0
2741248,1,MatmulDeviceOperation,64,81181.0
1548288,,MatmulDeviceOperation,64,81174.0
2409472,1,MatmulDeviceOperation,64,81142.0
2520064,1,MatmulDeviceOperation,64,81055.0
2225152,1,MatmulDeviceOperation,64,81051.0
2999296,1,MatmulDeviceOperation,60,81028.0
2077696,1,MatmulDeviceOperation,64,81026.0
2888704,1,MatmulDeviceOperation,63,80998.0
2003968,1,MatmulDeviceOperation,64,80972.0
1474560,,MatmulDeviceOperation,64,80971.0
2556928,1,MatmulDeviceOperation,64,80963.0
1142784,,MatmulDeviceOperation,64,80931.0
1069056,,MatmulDeviceOperation,64,80912.0
1732608,,MatmulDeviceOperation,64,80902.0
995328,,MatmulDeviceOperation,64,80896.0
2483200,1,MatmulDeviceOperation,64,80886.0
1930240,1,MatmulDeviceOperation,64,80884.0
1216512,,MatmulDeviceOperation,64,80861.0
2851840,1,MatmulDeviceOperation,64,80858.0
1585152,,MatmulDeviceOperation,64,80831.0
2151424,1,MatmulDeviceOperation,64,80823.0
921600,,MatmulDeviceOperation,64,80817.0
589824,,MatmulDeviceOperation,64,80776.0
1843200,,MatmulDeviceOperation,64,80735.0
774144,,MatmulDeviceOperation,64,80729.0
847872,,MatmulDeviceOperation,64,80723.0
2814976,1,MatmulDeviceOperation,64,80712.0
2372608,1,MatmulDeviceOperation,64,80709.0
1327104,,MatmulDeviceOperation,64,80705.0
1105920,,MatmulDeviceOperation,64,80704.0
700416,,MatmulDeviceOperation,64,80686.0
958464,,MatmulDeviceOperation,64,80659.0
2925568,1,MatmulDeviceOperation,60,80654.0
1179648,,MatmulDeviceOperation,64,80612.0
2593792,1,MatmulDeviceOperation,64,80610.0
1622016,,MatmulDeviceOperation,64,80606.0
1511424,,MatmulDeviceOperation,64,80604.0
2778112,1,MatmulDeviceOperation,64,80601.0
2667520,1,MatmulDeviceOperation,64,80595.0
1658880,,MatmulDeviceOperation,64,80587.0
2188288,1,MatmulDeviceOperation,64,80520.0
1806336,,MatmulDeviceOperation,64,80504.0
626688,,MatmulDeviceOperation,64,80498.0
1032192,,MatmulDeviceOperation,64,80498.0
1290240,,MatmulDeviceOperation,64,80496.0
2114560,1,MatmulDeviceOperation,64,80496.0
1253376,,MatmulDeviceOperation,64,80492.0
737280,,MatmulDeviceOperation,64,80482.0
1437696,,MatmulDeviceOperation,64,80479.0
884736,,MatmulDeviceOperation,64,80478.0
2040832,1,MatmulDeviceOperation,64,80464.0
1769472,,MatmulDeviceOperation,64,80427.0
1363968,,MatmulDeviceOperation,64,80415.0
2335744,1,MatmulDeviceOperation,64,80372.0
2262016,1,MatmulDeviceOperation,64,80336.0
1695744,,MatmulDeviceOperation,64,80267.0
552960,,MatmulDeviceOperation,64,80221.0
811008,,MatmulDeviceOperation,64,80202.0
1400832,,MatmulDeviceOperation,64,80174.0
2630656,1,MatmulDeviceOperation,64,80171.0
2962432,1,MatmulDeviceOperation,60,80111.0
3036160,1,MatmulDeviceOperation,48,79794.0
3146752,1,MatmulDeviceOperation,44,79436.0
3183616,1,MatmulDeviceOperation,44,79410.0
3073024,1,MatmulDeviceOperation,48,79392.0
3109888,1,MatmulDeviceOperation,44,79267.0
3220480,1,MatmulDeviceOperation,44,79164.0
1917952,1,SdpaDecodeDeviceOperation,64,74765.0
2548736,1,SdpaDecodeDeviceOperation,64,74511.0
3064832,1,SdpaDecodeDeviceOperation,48,74424.0
2216960,1,SdpaDecodeDeviceOperation,64,73730.0
1835008,,SdpaDecodeDeviceOperation,64,73431.0
1798144,,SdpaDecodeDeviceOperation,64,73415.0
3138560,1,SdpaDecodeDeviceOperation,44,73326.0
2622464,1,SdpaDecodeDeviceOperation,64,73248.0
2253824,1,SdpaDecodeDeviceOperation,64,73152.0
2475008,1,SdpaDecodeDeviceOperation,64,73146.0
2401280,1,SdpaDecodeDeviceOperation,64,73131.0
2180096,1,SdpaDecodeDeviceOperation,64,73109.0
1687552,,SdpaDecodeDeviceOperation,64,72976.0
1355776,,SdpaDecodeDeviceOperation,64,72946.0
1060864,,SdpaDecodeDeviceOperation,64,72895.0
802816,,SdpaDecodeDeviceOperation,64,72856.0
765952,,SdpaDecodeDeviceOperation,64,72817.0
1958912,1,SdpaDecodeDeviceOperation,64,72763.0
2843648,1,SdpaDecodeDeviceOperation,64,72731.0
2106368,1,SdpaDecodeDeviceOperation,64,72725.0
1995776,1,SdpaDecodeDeviceOperation,64,72715.0
2438144,1,SdpaDecodeDeviceOperation,64,72593.0
1503232,,SdpaDecodeDeviceOperation,64,72517.0
1208320,,SdpaDecodeDeviceOperation,64,72516.0
1318912,,SdpaDecodeDeviceOperation,64,72509.0
3175424,1,SdpaDecodeDeviceOperation,44,72463.0
2806784,1,SdpaDecodeDeviceOperation,64,72450.0
1466368,,SdpaDecodeDeviceOperation,64,72378.0
2069504,1,SdpaDecodeDeviceOperation,64,72375.0
2880512,1,SdpaDecodeDeviceOperation,64,72341.0
2585600,1,SdpaDecodeDeviceOperation,64,72299.0
3212288,1,SdpaDecodeDeviceOperation,44,72161.0
3027968,1,SdpaDecodeDeviceOperation,48,72109.0
1761280,,SdpaDecodeDeviceOperation,64,72099.0
692224,,SdpaDecodeDeviceOperation,64,72058.0
1650688,,SdpaDecodeDeviceOperation,64,71950.0
3101696,1,SdpaDecodeDeviceOperation,48,71929.0
2327552,1,SdpaDecodeDeviceOperation,64,71865.0
2954240,1,SdpaDecodeDeviceOperation,60,71859.0
2733056,1,SdpaDecodeDeviceOperation,64,71772.0
2696192,1,SdpaDecodeDeviceOperation,64,71728.0
540672,,SdpaDecodeDeviceOperation,64,71716.0
2032640,1,SdpaDecodeDeviceOperation,64,71695.0
913408,,SdpaDecodeDeviceOperation,64,71686.0
950272,,SdpaDecodeDeviceOperation,64,71564.0
1724416,,SdpaDecodeDeviceOperation,64,71551.0
581632,,SdpaDecodeDeviceOperation,64,71550.0
2769920,1,SdpaDecodeDeviceOperation,64,71386.0
1282048,,SdpaDecodeDeviceOperation,64,71370.0
2290688,1,SdpaDecodeDeviceOperation,64,71348.0
2364416,1,SdpaDecodeDeviceOperation,64,71330.0
1134592,,SdpaDecodeDeviceOperation,64,71323.0
2659328,1,SdpaDecodeDeviceOperation,64,71323.0
1576960,,SdpaDecodeDeviceOperation,64,71299.0
1613824,,SdpaDecodeDeviceOperation,64,71158.0
876544,,SdpaDecodeDeviceOperation,64,71091.0
2917376,1,SdpaDecodeDeviceOperation,60,71024.0
839680,,SdpaDecodeDeviceOperation,64,71022.0
987136,,SdpaDecodeDeviceOperation,64,71007.0
729088,,SdpaDecodeDeviceOperation,64,71006.0
1171456,,SdpaDecodeDeviceOperation,64,70957.0
1392640,,SdpaDecodeDeviceOperation,64,70904.0
2143232,1,SdpaDecodeDeviceOperation,64,70900.0
1097728,,SdpaDecodeDeviceOperation,64,70886.0
2991104,1,SdpaDecodeDeviceOperation,60,70884.0
191488,,TypecastDeviceOperation,64,70715.0
2511872,1,SdpaDecodeDeviceOperation,64,70653.0
243712,,TypecastDeviceOperation,64,70561.0
101376,,TypecastDeviceOperation,64,70499.0
655360,,SdpaDecodeDeviceOperation,64,70465.0
1540096,,SdpaDecodeDeviceOperation,64,70423.0
1245184,,SdpaDecodeDeviceOperation,64,70415.0
1429504,,SdpaDecodeDeviceOperation,64,70364.0
150528,,TypecastDeviceOperation,64,70350.0
1024000,,SdpaDecodeDeviceOperation,64,70344.0
47104,,TypecastDeviceOperation,64,70289.0
88064,,TypecastDeviceOperation,64,70273.0
166912,,TypecastDeviceOperation,64,70255.0
112640,,TypecastDeviceOperation,64,70095.0
618496,,SdpaDecodeDeviceOperation,64,70068.0
1855488,,ShardedToInterleavedDeviceOperation,64,70048.0
6144,,TypecastDeviceOperation,64,70033.0
268288,,TypecastDeviceOperation,64,70027.0
178176,,TypecastDeviceOperation,64,69962.0
142336,,TypecastDeviceOperation,64,69799.0
273408,,TypecastDeviceOperation,64,69778.0
161792,,TypecastDeviceOperation,64,69673.0
137216,,TypecastDeviceOperation,64,69671.0
219136,,TypecastDeviceOperation,64,69608.0
257024,,TypecastDeviceOperation,64,69590.0
63488,,TypecastDeviceOperation,64,69560.0
232448,,TypecastDeviceOperation,64,69557.0
96256,,TypecastDeviceOperation,64,69502.0
153600,,TypecastDeviceOperation,64,69420.0
260096,,TypecastDeviceOperation,64,69364.0
3232768,1,ShardedToInterleavedDeviceOperation,44,69338.0
125952,,TypecastDeviceOperation,64,69320.0
281600,,TypecastDeviceOperation,64,69315.0
19456,,TypecastDeviceOperation,64,69292.0
22528,,TypecastDeviceOperation,64,69272.0
14336,,TypecastDeviceOperation,64,69234.0
76800,,TypecastDeviceOperation,64,69222.0
60416,,TypecastDeviceOperation,64,69207.0
11264,,TypecastDeviceOperation,64,69204.0
289792,,TypecastDeviceOperation,64,69191.0
129024,,TypecastDeviceOperation,64,69187.0
284672,,TypecastDeviceOperation,64,69171.0
71680,,TypecastDeviceOperation,64,69133.0
79872,,TypecastDeviceOperation,64,69104.0
216064,,TypecastDeviceOperation,64,69066.0
292864,,TypecastDeviceOperation,64,69063.0
35840,,TypecastDeviceOperation,64,69058.0
186368,,TypecastDeviceOperation,64,69052.0
84992,,TypecastDeviceOperation,64,68945.0
27648,,TypecastDeviceOperation,64,68903.0
183296,,TypecastDeviceOperation,64,68898.0
120832,,TypecastDeviceOperation,64,68858.0
235520,,TypecastDeviceOperation,64,68736.0
207872,,TypecastDeviceOperation,64,68727.0
3072,,TypecastDeviceOperation,64,68638.0
30720,,TypecastDeviceOperation,64,68592.0
117760,,TypecastDeviceOperation,64,68586.0
93184,,TypecastDeviceOperation,64,68569.0
52224,,TypecastDeviceOperation,64,68535.0
202752,,TypecastDeviceOperation,64,68509.0
227328,,TypecastDeviceOperation,64,68365.0
210944,,TypecastDeviceOperation,64,68288.0
55296,,TypecastDeviceOperation,64,68279.0
194560,,TypecastDeviceOperation,64,68239.0
251904,,TypecastDeviceOperation,64,68200.0
134144,,TypecastDeviceOperation,64,68148.0
158720,,TypecastDeviceOperation,64,68139.0
248832,,TypecastDeviceOperation,64,68085.0
169984,,TypecastDeviceOperation,64,68069.0
175104,,TypecastDeviceOperation,64,68034.0
44032,,TypecastDeviceOperation,64,67965.0
240640,,TypecastDeviceOperation,64,67924.0
109568,,TypecastDeviceOperation,64,67887.0
104448,,TypecastDeviceOperation,64,67860.0
265216,,TypecastDeviceOperation,64,67572.0
145408,,TypecastDeviceOperation,64,67563.0
38912,,TypecastDeviceOperation,64,67522.0
199680,,TypecastDeviceOperation,64,67521.0
224256,,TypecastDeviceOperation,64,67364.0
68608,,TypecastDeviceOperation,64,67256.0
276480,,TypecastDeviceOperation,64,66987.0
490496,,EmbeddingsDeviceOperation,1,39467.0
1867776,1,EmbeddingsDeviceOperation,1,39104.0
621568,,TernaryDeviceOperation,64,27026.0
1100800,,TernaryDeviceOperation,64,27026.0
1616896,,TernaryDeviceOperation,64,26905.0
842752,,TernaryDeviceOperation,64,26866.0
1801216,,TernaryDeviceOperation,64,26836.0
1137664,,TernaryDeviceOperation,64,26803.0
1063936,,TernaryDeviceOperation,64,26784.0
1248256,,TernaryDeviceOperation,64,26776.0
1764352,,TernaryDeviceOperation,64,26776.0
1727488,,TernaryDeviceOperation,64,26750.0
769024,,TernaryDeviceOperation,64,26744.0
1211392,,TernaryDeviceOperation,64,26737.0
1174528,,TernaryDeviceOperation,64,26710.0
1690624,,TernaryDeviceOperation,64,26700.0
1321984,,TernaryDeviceOperation,64,26684.0
1432576,,TernaryDeviceOperation,64,26677.0
1838080,,TernaryDeviceOperation,64,26674.0
584704,,TernaryDeviceOperation,64,26668.0
1653760,,TernaryDeviceOperation,64,26664.0
1027072,,TernaryDeviceOperation,64,26659.0
695296,,TernaryDeviceOperation,64,26613.0
1580032,,TernaryDeviceOperation,64,26609.0
1469440,,TernaryDeviceOperation,64,26606.0
658432,,TernaryDeviceOperation,64,26591.0
1395712,,TernaryDeviceOperation,64,26580.0
732160,,TernaryDeviceOperation,64,26577.0
1285120,,TernaryDeviceOperation,64,26575.0
1506304,,TernaryDeviceOperation,64,26575.0
879616,,TernaryDeviceOperation,64,26566.0
916480,,TernaryDeviceOperation,64,26563.0
547840,,TernaryDeviceOperation,64,26543.0
990208,,TernaryDeviceOperation,64,26543.0
953344,,TernaryDeviceOperation,64,26513.0
805888,,TernaryDeviceOperation,64,26507.0
1543168,,TernaryDeviceOperation,64,26481.0
1358848,,TernaryDeviceOperation,64,26441.0
2809856,1,TernaryDeviceOperation,64,26150.0
2699264,1,TernaryDeviceOperation,64,25914.0
2920448,1,TernaryDeviceOperation,60,25794.0
2293760,1,TernaryDeviceOperation,64,25735.0
3104768,1,TernaryDeviceOperation,48,25684.0
1961984,1,TernaryDeviceOperation,64,25609.0
2514944,1,TernaryDeviceOperation,64,25596.0
1998848,1,TernaryDeviceOperation,64,25513.0
2736128,1,TernaryDeviceOperation,64,25497.0
2404352,1,TernaryDeviceOperation,64,25469.0
2957312,1,TernaryDeviceOperation,60,25408.0
3178496,1,TernaryDeviceOperation,44,25396.0
2256896,1,TernaryDeviceOperation,64,25377.0
2994176,1,TernaryDeviceOperation,60,25361.0
2551808,1,TernaryDeviceOperation,64,25355.0
3067904,1,TernaryDeviceOperation,48,25353.0
2183168,1,TernaryDeviceOperation,64,25320.0
2146304,1,TernaryDeviceOperation,64,25307.0
2220032,1,TernaryDeviceOperation,64,25296.0
2772992,1,TernaryDeviceOperation,64,25260.0
3141632,1,TernaryDeviceOperation,44,25255.0
3215360,1,TernaryDeviceOperation,44,25231.0
2478080,1,TernaryDeviceOperation,64,25222.0
2625536,1,TernaryDeviceOperation,64,25207.0
2035712,1,TernaryDeviceOperation,64,25190.0
2588672,1,TernaryDeviceOperation,64,25120.0
2662400,1,TernaryDeviceOperation,64,25111.0
2883584,1,TernaryDeviceOperation,63,25111.0
3031040,1,TernaryDeviceOperation,48,25100.0
2109440,1,TernaryDeviceOperation,64,25087.0
2367488,1,TernaryDeviceOperation,64,25067.0
2441216,1,TernaryDeviceOperation,64,25059.0
2330624,1,TernaryDeviceOperation,64,25033.0
522240,,TernaryDeviceOperation,64,24987.0
2072576,1,TernaryDeviceOperation,64,24961.0
1925120,1,TernaryDeviceOperation,64,24921.0
1899520,1,TernaryDeviceOperation,64,24810.0
2846720,1,TernaryDeviceOperation,64,24808.0
1981440,1,NLPCreateQKVHeadsDecodeDeviceOperation,32,20334.0
1378304,,NLPCreateQKVHeadsDecodeDeviceOperation,32,19707.0
1673216,,NLPCreateQKVHeadsDecodeDeviceOperation,32,19706.0
1525760,,NLPCreateQKVHeadsDecodeDeviceOperation,32,19697.0
935936,,NLPCreateQKVHeadsDecodeDeviceOperation,32,19666.0
1009664,,NLPCreateQKVHeadsDecodeDeviceOperation,32,19661.0
1193984,,NLPCreateQKVHeadsDecodeDeviceOperation,32,19661.0
1083392,,NLPCreateQKVHeadsDecodeDeviceOperation,32,19660.0
1488896,,NLPCreateQKVHeadsDecodeDeviceOperation,32,19659.0
496640,,NLPCreateQKVHeadsDecodeDeviceOperation,32,19637.0
1304576,,NLPCreateQKVHeadsDecodeDeviceOperation,32,19632.0
604160,,NLPCreateQKVHeadsDecodeDeviceOperation,32,19628.0
677888,,NLPCreateQKVHeadsDecodeDeviceOperation,32,19628.0
751616,,NLPCreateQKVHeadsDecodeDeviceOperation,32,19628.0
788480,,NLPCreateQKVHeadsDecodeDeviceOperation,32,19628.0
1341440,,NLPCreateQKVHeadsDecodeDeviceOperation,32,19628.0
1415168,,NLPCreateQKVHeadsDecodeDeviceOperation,32,19626.0
1452032,,NLPCreateQKVHeadsDecodeDeviceOperation,32,19624.0
1230848,,NLPCreateQKVHeadsDecodeDeviceOperation,32,19622.0
825344,,NLPCreateQKVHeadsDecodeDeviceOperation,32,19618.0
862208,,NLPCreateQKVHeadsDecodeDeviceOperation,32,19616.0
1157120,,NLPCreateQKVHeadsDecodeDeviceOperation,32,19614.0
1599488,,NLPCreateQKVHeadsDecodeDeviceOperation,32,19601.0
714752,,NLPCreateQKVHeadsDecodeDeviceOperation,32,19600.0
641024,,NLPCreateQKVHeadsDecodeDeviceOperation,32,19598.0
567296,,NLPCreateQKVHeadsDecodeDeviceOperation,32,19597.0
1120256,,NLPCreateQKVHeadsDecodeDeviceOperation,32,19596.0
972800,,NLPCreateQKVHeadsDecodeDeviceOperation,32,19592.0
1267712,,NLPCreateQKVHeadsDecodeDeviceOperation,32,19590.0
1783808,,NLPCreateQKVHeadsDecodeDeviceOperation,32,19588.0
1710080,,NLPCreateQKVHeadsDecodeDeviceOperation,32,19586.0
1636352,,NLPCreateQKVHeadsDecodeDeviceOperation,32,19585.0
1562624,,NLPCreateQKVHeadsDecodeDeviceOperation,32,19578.0
1820672,,NLPCreateQKVHeadsDecodeDeviceOperation,32,19578.0
1046528,,NLPCreateQKVHeadsDecodeDeviceOperation,32,19570.0
899072,,NLPCreateQKVHeadsDecodeDeviceOperation,32,19558.0
1746944,,NLPCreateQKVHeadsDecodeDeviceOperation,32,19558.0
2092032,1,NLPCreateQKVHeadsDecodeDeviceOperation,32,19376.0
2460672,1,NLPCreateQKVHeadsDecodeDeviceOperation,32,19361.0
2939904,1,NLPCreateQKVHeadsDecodeDeviceOperation,28,19338.0
2313216,1,NLPCreateQKVHeadsDecodeDeviceOperation,32,19294.0
2497536,1,NLPCreateQKVHeadsDecodeDeviceOperation,32,19287.0
2055168,1,NLPCreateQKVHeadsDecodeDeviceOperation,32,19284.0
2423808,1,NLPCreateQKVHeadsDecodeDeviceOperation,32,19282.0
2534400,1,NLPCreateQKVHeadsDecodeDeviceOperation,32,19275.0
2903040,1,NLPCreateQKVHeadsDecodeDeviceOperation,28,19264.0
2829312,1,NLPCreateQKVHeadsDecodeDeviceOperation,32,19253.0
1944576,1,NLPCreateQKVHeadsDecodeDeviceOperation,32,19250.0
2350080,1,NLPCreateQKVHeadsDecodeDeviceOperation,32,19249.0
2755584,1,NLPCreateQKVHeadsDecodeDeviceOperation,32,19244.0
2239488,1,NLPCreateQKVHeadsDecodeDeviceOperation,32,19239.0
2386944,1,NLPCreateQKVHeadsDecodeDeviceOperation,32,19237.0
2644992,1,NLPCreateQKVHeadsDecodeDeviceOperation,32,19237.0
2571264,1,NLPCreateQKVHeadsDecodeDeviceOperation,32,19235.0
2276352,1,NLPCreateQKVHeadsDecodeDeviceOperation,32,19232.0
2792448,1,NLPCreateQKVHeadsDecodeDeviceOperation,32,19232.0
2608128,1,NLPCreateQKVHeadsDecodeDeviceOperation,32,19231.0
2866176,1,NLPCreateQKVHeadsDecodeDeviceOperation,32,19230.0
2165760,1,NLPCreateQKVHeadsDecodeDeviceOperation,32,19228.0
2128896,1,NLPCreateQKVHeadsDecodeDeviceOperation,32,19219.0
2202624,1,NLPCreateQKVHeadsDecodeDeviceOperation,32,19217.0
2018304,1,NLPCreateQKVHeadsDecodeDeviceOperation,32,19210.0
3013632,1,NLPCreateQKVHeadsDecodeDeviceOperation,28,19210.0
2718720,1,NLPCreateQKVHeadsDecodeDeviceOperation,32,19209.0
2976768,1,NLPCreateQKVHeadsDecodeDeviceOperation,28,19206.0
2681856,1,NLPCreateQKVHeadsDecodeDeviceOperation,32,19195.0
1873920,1,NLPCreateQKVHeadsDecodeDeviceOperation,32,19175.0
3124224,1,NLPCreateQKVHeadsDecodeDeviceOperation,12,19172.0
3050496,1,NLPCreateQKVHeadsDecodeDeviceOperation,16,19171.0
3197952,1,NLPCreateQKVHeadsDecodeDeviceOperation,12,19113.0
3087360,1,NLPCreateQKVHeadsDecodeDeviceOperation,16,19109.0
3161088,1,NLPCreateQKVHeadsDecodeDeviceOperation,12,19079.0
2247680,1,PagedUpdateCacheDeviceOperation,32,17447.0
2867200,1,PagedUpdateCacheDeviceOperation,32,17081.0
2616320,1,PagedUpdateCacheDeviceOperation,32,16849.0
1195008,,PagedUpdateCacheDeviceOperation,32,16725.0
1933312,1,LayerNormDeviceOperation,8,16652.0
2210816,1,PagedUpdateCacheDeviceOperation,32,16612.0
2284544,1,PagedUpdateCacheDeviceOperation,32,16563.0
1973248,1,BinaryNgDeviceOperation,64,16534.0
2231296,1,BinaryNgDeviceOperation,64,16534.0
2026496,1,PagedUpdateCacheDeviceOperation,32,16531.0
2452480,1,BinaryNgDeviceOperation,64,16527.0
2526208,1,BinaryNgDeviceOperation,64,16526.0
2489344,1,BinaryNgDeviceOperation,64,16524.0
3226624,1,BinaryNgDeviceOperation,44,16524.0
2599936,1,BinaryNgDeviceOperation,64,16520.0
3189760,1,BinaryNgDeviceOperation,44,16520.0
2636800,1,BinaryNgDeviceOperation,64,16519.0
2710528,1,BinaryNgDeviceOperation,64,16519.0
2120704,1,BinaryNgDeviceOperation,64,16518.0
2378752,1,BinaryNgDeviceOperation,64,16518.0
2083840,1,BinaryNgDeviceOperation,64,16517.0
2784256,1,BinaryNgDeviceOperation,64,16517.0
2931712,1,BinaryNgDeviceOperation,60,16517.0
2305024,1,BinaryNgDeviceOperation,64,16516.0
2157568,1,BinaryNgDeviceOperation,64,16514.0
2194432,1,BinaryNgDeviceOperation,64,16514.0
2341888,1,BinaryNgDeviceOperation,64,16513.0
2673664,1,BinaryNgDeviceOperation,64,16512.0
2821120,1,BinaryNgDeviceOperation,64,16512.0
2563072,1,BinaryNgDeviceOperation,64,16511.0
2415616,1,BinaryNgDeviceOperation,64,16509.0
2747392,1,BinaryNgDeviceOperation,64,16509.0
2894848,1,BinaryNgDeviceOperation,63,16509.0
2268160,1,BinaryNgDeviceOperation,64,16508.0
3005440,1,BinaryNgDeviceOperation,60,16508.0
3079168,1,BinaryNgDeviceOperation,48,16508.0
2046976,1,BinaryNgDeviceOperation,64,16507.0
2857984,1,BinaryNgDeviceOperation,64,16507.0
3152896,1,BinaryNgDeviceOperation,44,16507.0
1936384,1,BinaryNgDeviceOperation,64,16506.0
3042304,1,BinaryNgDeviceOperation,48,16506.0
3116032,1,BinaryNgDeviceOperation,44,16504.0
2968576,1,BinaryNgDeviceOperation,60,16500.0
2010112,1,BinaryNgDeviceOperation,64,16499.0
2173952,1,PagedUpdateCacheDeviceOperation,32,16498.0
488448,,ReshapeViewDeviceOperation,64,16459.0
817152,,BinaryNgDeviceOperation,64,16435.0
1259520,,BinaryNgDeviceOperation,64,16427.0
1701888,,BinaryNgDeviceOperation,64,16426.0
1665024,,BinaryNgDeviceOperation,64,16424.0
632832,,BinaryNgDeviceOperation,64,16419.0
595968,,BinaryNgDeviceOperation,64,16415.0
1480704,,BinaryNgDeviceOperation,64,16413.0
518144,,PagedUpdateCacheDeviceOperation,32,16410.0
1406976,,BinaryNgDeviceOperation,64,16408.0
964608,,BinaryNgDeviceOperation,64,16407.0
1001472,,BinaryNgDeviceOperation,64,16407.0
1075200,,BinaryNgDeviceOperation,64,16407.0
1112064,,BinaryNgDeviceOperation,64,16407.0
1812480,,BinaryNgDeviceOperation,64,16405.0
1185792,,BinaryNgDeviceOperation,64,16404.0
1222656,,BinaryNgDeviceOperation,64,16404.0
1333248,,BinaryNgDeviceOperation,64,16404.0
1775616,,BinaryNgDeviceOperation,64,16404.0
1517568,,BinaryNgDeviceOperation,64,16403.0
927744,,BinaryNgDeviceOperation,64,16401.0
1038336,,BinaryNgDeviceOperation,64,16401.0
1554432,,BinaryNgDeviceOperation,64,16401.0
669696,,BinaryNgDeviceOperation,64,16400.0
1738752,,BinaryNgDeviceOperation,64,16393.0
1148928,,BinaryNgDeviceOperation,64,16392.0
1849344,,BinaryNgDeviceOperation,64,16392.0
706560,,BinaryNgDeviceOperation,64,16388.0
780288,,BinaryNgDeviceOperation,64,16387.0
1591296,,BinaryNgDeviceOperation,64,16386.0
854016,,BinaryNgDeviceOperation,64,16383.0
1628160,,BinaryNgDeviceOperation,64,16382.0
743424,,BinaryNgDeviceOperation,64,16380.0
1296384,,BinaryNgDeviceOperation,64,16380.0
1443840,,BinaryNgDeviceOperation,64,16377.0
559104,,BinaryNgDeviceOperation,64,16375.0
1370112,,BinaryNgDeviceOperation,64,16370.0
890880,,BinaryNgDeviceOperation,64,16366.0
2572288,1,PagedUpdateCacheDeviceOperation,32,16278.0
2726912,1,PagedUpdateCacheDeviceOperation,32,16264.0
1865728,1,ReshapeViewDeviceOperation,64,16238.0
2542592,1,PagedUpdateCacheDeviceOperation,32,16227.0
2321408,1,PagedUpdateCacheDeviceOperation,32,16222.0
678912,,PagedUpdateCacheDeviceOperation,32,16220.0
2093056,1,PagedUpdateCacheDeviceOperation,32,16184.0
789504,,PagedUpdateCacheDeviceOperation,32,16161.0
612352,,PagedUpdateCacheDeviceOperation,32,16133.0
1644544,,PagedUpdateCacheDeviceOperation,32,16105.0
2874368,1,PagedUpdateCacheDeviceOperation,32,16052.0
2756608,1,PagedUpdateCacheDeviceOperation,32,15981.0
2690048,1,PagedUpdateCacheDeviceOperation,32,15956.0
2830336,1,PagedUpdateCacheDeviceOperation,32,15945.0
1952768,1,PagedUpdateCacheDeviceOperation,32,15926.0
3162112,1,PagedUpdateCacheDeviceOperation,12,15926.0
568320,,PagedUpdateCacheDeviceOperation,32,15875.0
3095552,1,PagedUpdateCacheDeviceOperation,16,15835.0
2984960,1,PagedUpdateCacheDeviceOperation,28,15831.0
1489920,,PagedUpdateCacheDeviceOperation,32,15785.0
2837504,1,PagedUpdateCacheDeviceOperation,32,15776.0
1349632,,PagedUpdateCacheDeviceOperation,32,15772.0
2203648,1,PagedUpdateCacheDeviceOperation,32,15752.0
2505728,1,PagedUpdateCacheDeviceOperation,32,15741.0
2793472,1,PagedUpdateCacheDeviceOperation,32,15724.0
2763776,1,PagedUpdateCacheDeviceOperation,32,15701.0
1989632,1,PagedUpdateCacheDeviceOperation,32,15672.0
649216,,PagedUpdateCacheDeviceOperation,32,15654.0
2719744,1,PagedUpdateCacheDeviceOperation,32,15653.0
715776,,PagedUpdateCacheDeviceOperation,32,15617.0
1563648,,PagedUpdateCacheDeviceOperation,32,15604.0
1017856,,PagedUpdateCacheDeviceOperation,32,15565.0
3088384,1,PagedUpdateCacheDeviceOperation,16,15545.0
642048,,PagedUpdateCacheDeviceOperation,32,15544.0
1010688,,PagedUpdateCacheDeviceOperation,32,15535.0
1312768,,PagedUpdateCacheDeviceOperation,32,15533.0
2351104,1,PagedUpdateCacheDeviceOperation,32,15530.0
2358272,1,PagedUpdateCacheDeviceOperation,32,15504.0
1453056,,PagedUpdateCacheDeviceOperation,32,15492.0
3014656,1,PagedUpdateCacheDeviceOperation,28,15492.0
1875968,1,PagedUpdateCacheDeviceOperation,32,15485.0
1047552,,PagedUpdateCacheDeviceOperation,32,15435.0
2911232,1,PagedUpdateCacheDeviceOperation,28,15426.0
1674240,,PagedUpdateCacheDeviceOperation,32,15417.0
3198976,1,PagedUpdateCacheDeviceOperation,12,15394.0
535552,,TilizeDeviceOperation,32,15375.0
2277376,1,PagedUpdateCacheDeviceOperation,32,15370.0
833536,,PagedUpdateCacheDeviceOperation,32,15356.0
2646016,1,PagedUpdateCacheDeviceOperation,32,15341.0
936960,,PagedUpdateCacheDeviceOperation,32,15340.0
826368,,PagedUpdateCacheDeviceOperation,32,15304.0
2129920,1,PagedUpdateCacheDeviceOperation,32,15272.0
2682880,1,PagedUpdateCacheDeviceOperation,32,15266.0
2653184,1,PagedUpdateCacheDeviceOperation,32,15225.0
1533952,,PagedUpdateCacheDeviceOperation,32,15221.0
1128448,,PagedUpdateCacheDeviceOperation,32,15205.0
1084416,,PagedUpdateCacheDeviceOperation,32,15190.0
2468864,1,PagedUpdateCacheDeviceOperation,32,15185.0
944128,,PagedUpdateCacheDeviceOperation,32,15174.0
1275904,,PagedUpdateCacheDeviceOperation,32,15163.0
3021824,1,PagedUpdateCacheDeviceOperation,28,15159.0
2166784,1,PagedUpdateCacheDeviceOperation,32,15115.0
1268736,,PagedUpdateCacheDeviceOperation,32,15112.0
863232,,PagedUpdateCacheDeviceOperation,32,15107.0
1460224,,PagedUpdateCacheDeviceOperation,32,15102.0
1982464,1,PagedUpdateCacheDeviceOperation,32,15100.0
2056192,1,PagedUpdateCacheDeviceOperation,32,15065.0
1828864,,PagedUpdateCacheDeviceOperation,32,15047.0
722944,,PagedUpdateCacheDeviceOperation,32,15035.0
2904064,1,PagedUpdateCacheDeviceOperation,28,15012.0
575488,,PagedUpdateCacheDeviceOperation,32,15007.0
1637376,,PagedUpdateCacheDeviceOperation,32,15001.0
3125248,1,PagedUpdateCacheDeviceOperation,12,14999.0
556032,,LayerNormDeviceOperation,8,14984.0
3132416,1,PagedUpdateCacheDeviceOperation,12,14971.0
2535424,1,PagedUpdateCacheDeviceOperation,32,14970.0
605184,,PagedUpdateCacheDeviceOperation,32,14937.0
1342464,,PagedUpdateCacheDeviceOperation,32,14918.0
1607680,,PagedUpdateCacheDeviceOperation,32,14910.0
1718272,,PagedUpdateCacheDeviceOperation,32,14873.0
2063360,1,PagedUpdateCacheDeviceOperation,32,14873.0
1305600,,PagedUpdateCacheDeviceOperation,32,14868.0
1091584,,PagedUpdateCacheDeviceOperation,32,14859.0
3169280,1,PagedUpdateCacheDeviceOperation,12,14859.0
498688,,PagedUpdateCacheDeviceOperation,32,14845.0
3051520,1,PagedUpdateCacheDeviceOperation,16,14838.0
1386496,,PagedUpdateCacheDeviceOperation,32,14836.0
2432000,1,PagedUpdateCacheDeviceOperation,32,14781.0
1423360,,PagedUpdateCacheDeviceOperation,32,14775.0
1681408,,PagedUpdateCacheDeviceOperation,32,14772.0
1231872,,PagedUpdateCacheDeviceOperation,32,14718.0
1202176,,PagedUpdateCacheDeviceOperation,32,14700.0
907264,,PagedUpdateCacheDeviceOperation,32,14684.0
752640,,PagedUpdateCacheDeviceOperation,32,14682.0
1165312,,PagedUpdateCacheDeviceOperation,32,14675.0
1755136,,PagedUpdateCacheDeviceOperation,32,14675.0
2240512,1,PagedUpdateCacheDeviceOperation,32,14634.0
2395136,1,PagedUpdateCacheDeviceOperation,32,14628.0
2424832,1,PagedUpdateCacheDeviceOperation,32,14613.0
1416192,,PagedUpdateCacheDeviceOperation,32,14601.0
3206144,1,PagedUpdateCacheDeviceOperation,12,14581.0
1158144,,PagedUpdateCacheDeviceOperation,32,14578.0
2137088,1,PagedUpdateCacheDeviceOperation,32,14552.0
1711104,,PagedUpdateCacheDeviceOperation,32,14548.0
759808,,PagedUpdateCacheDeviceOperation,32,14542.0
1379328,,PagedUpdateCacheDeviceOperation,32,14534.0
1747968,,PagedUpdateCacheDeviceOperation,32,14503.0
2100224,1,PagedUpdateCacheDeviceOperation,32,14470.0
686080,,PagedUpdateCacheDeviceOperation,32,14453.0
2579456,1,PagedUpdateCacheDeviceOperation,32,14443.0
1121280,,PagedUpdateCacheDeviceOperation,32,14437.0
1784832,,PagedUpdateCacheDeviceOperation,32,14433.0
3058688,1,PagedUpdateCacheDeviceOperation,16,14429.0
1821696,,PagedUpdateCacheDeviceOperation,32,14427.0
2800640,1,PagedUpdateCacheDeviceOperation,32,14427.0
870400,,PagedUpdateCacheDeviceOperation,32,14420.0
1526784,,PagedUpdateCacheDeviceOperation,32,14402.0
2019328,1,PagedUpdateCacheDeviceOperation,32,14401.0
3018752,1,RotaryEmbeddingDeviceOperation,28,14390.0
980992,,PagedUpdateCacheDeviceOperation,32,14379.0
1945600,1,PagedUpdateCacheDeviceOperation,32,14370.0
1497088,,PagedUpdateCacheDeviceOperation,32,14368.0
1600512,,PagedUpdateCacheDeviceOperation,32,14358.0
1239040,,PagedUpdateCacheDeviceOperation,32,14357.0
796672,,PagedUpdateCacheDeviceOperation,32,14356.0
1054720,,PagedUpdateCacheDeviceOperation,32,14352.0
973824,,PagedUpdateCacheDeviceOperation,32,14299.0
2387968,1,PagedUpdateCacheDeviceOperation,32,14285.0
1792000,,PagedUpdateCacheDeviceOperation,32,14258.0
900096,,PagedUpdateCacheDeviceOperation,32,14257.0
2609152,1,PagedUpdateCacheDeviceOperation,32,14240.0
2498560,1,PagedUpdateCacheDeviceOperation,32,14209.0
1895424,1,PagedUpdateCacheDeviceOperation,32,14195.0
1570816,,PagedUpdateCacheDeviceOperation,32,14176.0
2314240,1,PagedUpdateCacheDeviceOperation,32,14080.0
2940928,1,PagedUpdateCacheDeviceOperation,28,14072.0
2281472,1,RotaryEmbeddingDeviceOperation,32,14069.0
2948096,1,PagedUpdateCacheDeviceOperation,28,14032.0
2977792,1,PagedUpdateCacheDeviceOperation,28,14010.0
2461696,1,PagedUpdateCacheDeviceOperation,32,13926.0
1464320,,RotaryEmbeddingDeviceOperation,32,13651.0
1199104,,RotaryEmbeddingDeviceOperation,32,13648.0
985088,,RotaryEmbeddingDeviceOperation,32,13635.0
515072,,RotaryEmbeddingDeviceOperation,32,13630.0
1567744,,RotaryEmbeddingDeviceOperation,32,13583.0
1759232,,RotaryEmbeddingDeviceOperation,32,13581.0
1420288,,RotaryEmbeddingDeviceOperation,32,13544.0
1611776,,RotaryEmbeddingDeviceOperation,32,13541.0
1722368,,RotaryEmbeddingDeviceOperation,32,13539.0
1162240,,RotaryEmbeddingDeviceOperation,32,13523.0
1206272,,RotaryEmbeddingDeviceOperation,32,13520.0
830464,,RotaryEmbeddingDeviceOperation,32,13512.0
977920,,RotaryEmbeddingDeviceOperation,32,13512.0
1014784,,RotaryEmbeddingDeviceOperation,32,13511.0
683008,,RotaryEmbeddingDeviceOperation,32,13506.0
1457152,,RotaryEmbeddingDeviceOperation,32,13501.0
1641472,,RotaryEmbeddingDeviceOperation,32,13475.0
948224,,RotaryEmbeddingDeviceOperation,32,13459.0
874496,,RotaryEmbeddingDeviceOperation,32,13450.0
1752064,,RotaryEmbeddingDeviceOperation,32,13440.0
1309696,,RotaryEmbeddingDeviceOperation,32,13438.0
1678336,,RotaryEmbeddingDeviceOperation,32,13436.0
2264064,1,LayerNormDeviceOperation,64,13421.0
1869824,1,LayerNormDeviceOperation,64,13420.0
525312,,TilizeWithValPaddingDeviceOperation,32,13418.0
1538048,,RotaryEmbeddingDeviceOperation,32,13410.0
1051648,,RotaryEmbeddingDeviceOperation,32,13406.0
1825792,,RotaryEmbeddingDeviceOperation,32,13376.0
1427456,,RotaryEmbeddingDeviceOperation,32,13369.0
1604608,,RotaryEmbeddingDeviceOperation,32,13366.0
609280,,RotaryEmbeddingDeviceOperation,32,13356.0
616448,,RotaryEmbeddingDeviceOperation,32,13356.0
1169408,,RotaryEmbeddingDeviceOperation,32,13344.0
1272832,,RotaryEmbeddingDeviceOperation,32,13342.0
719872,,RotaryEmbeddingDeviceOperation,32,13335.0
1243136,,RotaryEmbeddingDeviceOperation,32,13329.0
1832960,,RotaryEmbeddingDeviceOperation,32,13320.0
653312,,RotaryEmbeddingDeviceOperation,32,13317.0
904192,,RotaryEmbeddingDeviceOperation,32,13309.0
690176,,RotaryEmbeddingDeviceOperation,32,13308.0
1383424,,RotaryEmbeddingDeviceOperation,32,13299.0
1501184,,RotaryEmbeddingDeviceOperation,32,13298.0
1796096,,RotaryEmbeddingDeviceOperation,32,13293.0
756736,,RotaryEmbeddingDeviceOperation,32,13289.0
793600,,RotaryEmbeddingDeviceOperation,32,13266.0
1280000,,RotaryEmbeddingDeviceOperation,32,13256.0
1494016,,RotaryEmbeddingDeviceOperation,32,13248.0
1132544,,RotaryEmbeddingDeviceOperation,32,13241.0
1574912,,RotaryEmbeddingDeviceOperation,32,13240.0
646144,,RotaryEmbeddingDeviceOperation,32,13233.0
1715200,,RotaryEmbeddingDeviceOperation,32,13221.0
1788928,,RotaryEmbeddingDeviceOperation,32,13218.0
572416,,RotaryEmbeddingDeviceOperation,32,13210.0
1095680,,RotaryEmbeddingDeviceOperation,32,13203.0
1390592,,RotaryEmbeddingDeviceOperation,32,13198.0
531456,,RotaryEmbeddingDeviceOperation,32,13192.0
2558976,1,LayerNormDeviceOperation,64,13191.0
2908160,1,RotaryEmbeddingDeviceOperation,28,13190.0
1648640,,RotaryEmbeddingDeviceOperation,32,13187.0
1058816,,RotaryEmbeddingDeviceOperation,32,13170.0
2853888,1,LayerNormDeviceOperation,64,13156.0
1530880,,RotaryEmbeddingDeviceOperation,32,13153.0
867328,,RotaryEmbeddingDeviceOperation,32,13149.0
1235968,,RotaryEmbeddingDeviceOperation,32,13149.0
579584,,RotaryEmbeddingDeviceOperation,32,13145.0
1902592,1,TilizeWithValPaddingDeviceOperation,32,13144.0
911360,,RotaryEmbeddingDeviceOperation,32,13143.0
763904,,RotaryEmbeddingDeviceOperation,32,13141.0
1125376,,RotaryEmbeddingDeviceOperation,32,13140.0
941056,,RotaryEmbeddingDeviceOperation,32,13121.0
1353728,,RotaryEmbeddingDeviceOperation,32,13120.0
800768,,RotaryEmbeddingDeviceOperation,32,13116.0
2006016,1,LayerNormDeviceOperation,64,13109.0
2780160,1,LayerNormDeviceOperation,64,13107.0
1021952,,RotaryEmbeddingDeviceOperation,32,13104.0
1986560,1,RotaryEmbeddingDeviceOperation,32,13100.0
2190336,1,LayerNormDeviceOperation,64,13073.0
2485248,1,LayerNormDeviceOperation,64,13067.0
2153472,1,LayerNormDeviceOperation,64,13064.0
2419712,1,LayerNormDeviceOperation,64,13056.0
2927616,1,LayerNormDeviceOperation,60,13048.0
3001344,1,LayerNormDeviceOperation,60,13048.0
3075072,1,LayerNormDeviceOperation,48,13038.0
837632,,RotaryEmbeddingDeviceOperation,32,13037.0
2989056,1,RotaryEmbeddingDeviceOperation,28,13032.0
2116608,1,LayerNormDeviceOperation,64,13027.0
2706432,1,LayerNormDeviceOperation,64,13027.0
2613248,1,RotaryEmbeddingDeviceOperation,32,13024.0
2337792,1,LayerNormDeviceOperation,64,13014.0
2632704,1,LayerNormDeviceOperation,64,13014.0
1088512,,RotaryEmbeddingDeviceOperation,32,12992.0
1685504,,RotaryEmbeddingDeviceOperation,32,12989.0
727040,,RotaryEmbeddingDeviceOperation,32,12987.0
1316864,,RotaryEmbeddingDeviceOperation,32,12959.0
2576384,1,RotaryEmbeddingDeviceOperation,32,12958.0
2539520,1,RotaryEmbeddingDeviceOperation,32,12957.0
1969152,1,LayerNormDeviceOperation,64,12947.0
1346560,,RotaryEmbeddingDeviceOperation,32,12946.0
2087936,1,LayerNormDeviceOperation,64,12928.0
2411520,1,LayerNormDeviceOperation,64,12924.0
3120128,1,LayerNormDeviceOperation,44,12916.0
2751488,1,LayerNormDeviceOperation,64,12907.0
2161664,1,LayerNormDeviceOperation,64,12902.0
2309120,1,LayerNormDeviceOperation,64,12901.0
2382848,1,LayerNormDeviceOperation,64,12900.0
2972672,1,LayerNormDeviceOperation,60,12900.0
1940480,1,LayerNormDeviceOperation,64,12896.0
2677760,1,LayerNormDeviceOperation,64,12894.0
2051072,1,LayerNormDeviceOperation,64,12892.0
2456576,1,LayerNormDeviceOperation,64,12887.0
2731008,1,RotaryEmbeddingDeviceOperation,32,12886.0
1977344,1,LayerNormDeviceOperation,64,12885.0
2825216,1,LayerNormDeviceOperation,64,12885.0
2530304,1,LayerNormDeviceOperation,64,12883.0
2374656,1,LayerNormDeviceOperation,64,12879.0
2604032,1,LayerNormDeviceOperation,64,12878.0
2890752,1,LayerNormDeviceOperation,63,12874.0
2448384,1,LayerNormDeviceOperation,64,12873.0
3111936,1,LayerNormDeviceOperation,44,12872.0
2898944,1,LayerNormDeviceOperation,60,12870.0
2493440,1,LayerNormDeviceOperation,64,12869.0
2743296,1,LayerNormDeviceOperation,64,12868.0
2964480,1,LayerNormDeviceOperation,60,12868.0
2170880,1,RotaryEmbeddingDeviceOperation,32,12867.0
2227200,1,LayerNormDeviceOperation,64,12867.0
2714624,1,LayerNormDeviceOperation,64,12867.0
3193856,1,LayerNormDeviceOperation,44,12867.0
2345984,1,LayerNormDeviceOperation,64,12866.0
2235392,1,LayerNormDeviceOperation,64,12864.0
2079744,1,LayerNormDeviceOperation,64,12860.0
2669568,1,LayerNormDeviceOperation,64,12860.0
2935808,1,LayerNormDeviceOperation,60,12860.0
2945024,1,RotaryEmbeddingDeviceOperation,28,12852.0
2522112,1,LayerNormDeviceOperation,64,12851.0
2640896,1,LayerNormDeviceOperation,64,12851.0
2198528,1,LayerNormDeviceOperation,64,12849.0
2788352,1,LayerNormDeviceOperation,64,12848.0
2300928,1,LayerNormDeviceOperation,64,12847.0
2042880,1,LayerNormDeviceOperation,64,12844.0
2567168,1,LayerNormDeviceOperation,64,12844.0
2862080,1,LayerNormDeviceOperation,64,12843.0
2251776,1,RotaryEmbeddingDeviceOperation,32,12839.0
2272256,1,LayerNormDeviceOperation,64,12831.0
3046400,1,LayerNormDeviceOperation,48,12831.0
3009536,1,LayerNormDeviceOperation,60,12829.0
3185664,1,LayerNormDeviceOperation,44,12827.0
2124800,1,LayerNormDeviceOperation,64,12824.0
2014208,1,LayerNormDeviceOperation,64,12818.0
2686976,1,RotaryEmbeddingDeviceOperation,32,12792.0
2595840,1,LayerNormDeviceOperation,64,12787.0
2767872,1,RotaryEmbeddingDeviceOperation,32,12773.0
3038208,1,LayerNormDeviceOperation,48,12772.0
2817024,1,LayerNormDeviceOperation,64,12766.0
1908736,1,RotaryEmbeddingDeviceOperation,32,12744.0
3083264,1,LayerNormDeviceOperation,48,12734.0
2952192,1,RotaryEmbeddingDeviceOperation,28,12732.0
2760704,1,RotaryEmbeddingDeviceOperation,32,12720.0
2509824,1,RotaryEmbeddingDeviceOperation,32,12694.0
3025920,1,RotaryEmbeddingDeviceOperation,16,12666.0
2981888,1,RotaryEmbeddingDeviceOperation,28,12642.0
2214912,1,RotaryEmbeddingDeviceOperation,32,12640.0
2060288,1,RotaryEmbeddingDeviceOperation,32,12635.0
2325504,1,RotaryEmbeddingDeviceOperation,32,12634.0
1956864,1,RotaryEmbeddingDeviceOperation,32,12626.0
2436096,1,RotaryEmbeddingDeviceOperation,32,12596.0
2915328,1,RotaryEmbeddingDeviceOperation,28,12593.0
2465792,1,RotaryEmbeddingDeviceOperation,32,12588.0
2244608,1,RotaryEmbeddingDeviceOperation,32,12582.0
2030592,1,RotaryEmbeddingDeviceOperation,32,12573.0
2657280,1,RotaryEmbeddingDeviceOperation,32,12570.0
2723840,1,RotaryEmbeddingDeviceOperation,32,12552.0
2178048,1,RotaryEmbeddingDeviceOperation,32,12548.0
2067456,1,RotaryEmbeddingDeviceOperation,32,12540.0
2620416,1,RotaryEmbeddingDeviceOperation,32,12537.0
2023424,1,RotaryEmbeddingDeviceOperation,32,12534.0
2134016,1,RotaryEmbeddingDeviceOperation,32,12533.0
2797568,1,RotaryEmbeddingDeviceOperation,32,12532.0
3203072,1,RotaryEmbeddingDeviceOperation,12,12523.0
3062784,1,RotaryEmbeddingDeviceOperation,16,12516.0
2502656,1,RotaryEmbeddingDeviceOperation,32,12512.0
2428928,1,RotaryEmbeddingDeviceOperation,32,12504.0
3156992,1,LayerNormDeviceOperation,44,12494.0
3230720,1,LayerNormDeviceOperation,44,12483.0
2355200,1,RotaryEmbeddingDeviceOperation,32,12472.0
2097152,1,RotaryEmbeddingDeviceOperation,32,12469.0
3099648,1,RotaryEmbeddingDeviceOperation,16,12460.0
2207744,1,RotaryEmbeddingDeviceOperation,32,12458.0
2804736,1,RotaryEmbeddingDeviceOperation,32,12455.0
1949696,1,RotaryEmbeddingDeviceOperation,32,12454.0
2141184,1,RotaryEmbeddingDeviceOperation,32,12444.0
2392064,1,RotaryEmbeddingDeviceOperation,32,12444.0
2650112,1,RotaryEmbeddingDeviceOperation,32,12443.0
2472960,1,RotaryEmbeddingDeviceOperation,32,12441.0
2871296,1,RotaryEmbeddingDeviceOperation,32,12436.0
2834432,1,RotaryEmbeddingDeviceOperation,32,12417.0
2362368,1,RotaryEmbeddingDeviceOperation,32,12415.0
2288640,1,RotaryEmbeddingDeviceOperation,32,12405.0
3222528,1,LayerNormDeviceOperation,44,12377.0
1993728,1,RotaryEmbeddingDeviceOperation,32,12375.0
2583552,1,RotaryEmbeddingDeviceOperation,32,12356.0
2104320,1,RotaryEmbeddingDeviceOperation,32,12343.0
2318336,1,RotaryEmbeddingDeviceOperation,32,12250.0
3148800,1,LayerNormDeviceOperation,44,12241.0
2694144,1,RotaryEmbeddingDeviceOperation,32,12200.0
3166208,1,RotaryEmbeddingDeviceOperation,12,12181.0
2399232,1,RotaryEmbeddingDeviceOperation,32,12152.0
3055616,1,RotaryEmbeddingDeviceOperation,16,12148.0
295936,,TilizeWithValPaddingDeviceOperation,1,12134.0
2841600,1,RotaryEmbeddingDeviceOperation,32,12109.0
197632,,TilizeWithValPaddingDeviceOperation,1,12094.0
3092480,1,RotaryEmbeddingDeviceOperation,16,12080.0
184320,,TilizeWithValPaddingDeviceOperation,1,12074.0
2878464,1,RotaryEmbeddingDeviceOperation,32,12067.0
1912832,1,TilizeDeviceOperation,32,12041.0
2546688,1,RotaryEmbeddingDeviceOperation,32,12039.0
151552,,TilizeWithValPaddingDeviceOperation,1,12015.0
61440,,TilizeWithValPaddingDeviceOperation,1,11995.0
140288,,TilizeWithValPaddingDeviceOperation,1,11973.0
189440,,TilizeWithValPaddingDeviceOperation,1,11971.0
4096,,TilizeWithValPaddingDeviceOperation,1,11968.0
33792,,TilizeWithValPaddingDeviceOperation,1,11966.0
132096,,TilizeWithValPaddingDeviceOperation,1,11966.0
173056,,TilizeWithValPaddingDeviceOperation,1,11965.0
222208,,TilizeWithValPaddingDeviceOperation,1,11961.0
126976,,TilizeWithValPaddingDeviceOperation,1,11958.0
167936,,TilizeWithValPaddingDeviceOperation,1,11958.0
82944,,TilizeWithValPaddingDeviceOperation,1,11955.0
28672,,TilizeWithValPaddingDeviceOperation,1,11952.0
230400,,TilizeWithValPaddingDeviceOperation,1,11952.0
246784,,TilizeWithValPaddingDeviceOperation,1,11952.0
102400,,TilizeWithValPaddingDeviceOperation,1,11951.0
181248,,TilizeWithValPaddingDeviceOperation,1,11951.0
41984,,TilizeWithValPaddingDeviceOperation,1,11950.0
107520,,TilizeWithValPaddingDeviceOperation,1,11950.0
200704,,TilizeWithValPaddingDeviceOperation,1,11950.0
69632,,TilizeWithValPaddingDeviceOperation,1,11949.0
36864,,TilizeWithValPaddingDeviceOperation,1,11948.0
279552,,TilizeWithValPaddingDeviceOperation,1,11948.0
233472,,TilizeWithValPaddingDeviceOperation,1,11947.0
118784,,TilizeWithValPaddingDeviceOperation,1,11946.0
225280,,TilizeWithValPaddingDeviceOperation,1,11946.0
282624,,TilizeWithValPaddingDeviceOperation,1,11945.0
159744,,TilizeWithValPaddingDeviceOperation,1,11941.0
258048,,TilizeWithValPaddingDeviceOperation,1,11941.0
266240,,TilizeWithValPaddingDeviceOperation,1,11940.0
53248,,TilizeWithValPaddingDeviceOperation,1,11939.0
115712,,TilizeWithValPaddingDeviceOperation,1,11938.0
9216,,TilizeWithValPaddingDeviceOperation,1,11937.0
50176,,TilizeWithValPaddingDeviceOperation,1,11936.0
74752,,TilizeWithValPaddingDeviceOperation,1,11936.0
214016,,TilizeWithValPaddingDeviceOperation,1,11935.0
17408,,TilizeWithValPaddingDeviceOperation,1,11934.0
217088,,TilizeWithValPaddingDeviceOperation,1,11932.0
66560,,TilizeWithValPaddingDeviceOperation,1,11930.0
205824,,TilizeWithValPaddingDeviceOperation,1,11930.0
238592,,TilizeWithValPaddingDeviceOperation,1,11930.0
20480,,TilizeWithValPaddingDeviceOperation,1,11928.0
91136,,TilizeWithValPaddingDeviceOperation,1,11926.0
254976,,TilizeWithValPaddingDeviceOperation,1,11925.0
148480,,TilizeWithValPaddingDeviceOperation,1,11924.0
192512,,TilizeWithValPaddingDeviceOperation,1,11918.0
94208,,TilizeWithValPaddingDeviceOperation,1,11915.0
164864,,TilizeWithValPaddingDeviceOperation,1,11915.0
249856,,TilizeWithValPaddingDeviceOperation,1,11914.0
287744,,TilizeWithValPaddingDeviceOperation,1,11911.0
86016,,TilizeWithValPaddingDeviceOperation,1,11910.0
99328,,TilizeWithValPaddingDeviceOperation,1,11909.0
271360,,TilizeWithValPaddingDeviceOperation,1,11904.0
3210240,1,RotaryEmbeddingDeviceOperation,12,11904.0
1892352,1,RotaryEmbeddingDeviceOperation,32,11903.0
263168,,TilizeWithValPaddingDeviceOperation,1,11901.0
135168,,TilizeWithValPaddingDeviceOperation,1,11885.0
290816,,TilizeWithValPaddingDeviceOperation,1,11880.0
56320,,TilizeWithValPaddingDeviceOperation,43,11875.0
143360,,TilizeWithValPaddingDeviceOperation,1,11871.0
45056,,TilizeWithValPaddingDeviceOperation,1,11853.0
110592,,TilizeWithValPaddingDeviceOperation,1,11853.0
274432,,TilizeWithValPaddingDeviceOperation,1,11853.0
241664,,TilizeWithValPaddingDeviceOperation,1,11847.0
12288,,TilizeWithValPaddingDeviceOperation,1,11834.0
208896,,TilizeWithValPaddingDeviceOperation,1,11834.0
176128,,TilizeWithValPaddingDeviceOperation,1,11833.0
77824,,TilizeWithValPaddingDeviceOperation,1,11830.0
58368,,TilizeWithValPaddingDeviceOperation,1,11761.0
156672,,TilizeWithValPaddingDeviceOperation,1,11752.0
123904,,TilizeWithValPaddingDeviceOperation,1,11749.0
1853440,,LayerNormDeviceOperation,64,11748.0
2942976,1,LayerNormDeviceOperation,28,11748.0
25600,,TilizeWithValPaddingDeviceOperation,1,11747.0
1447936,,LayerNormDeviceOperation,64,11742.0
1476608,,LayerNormDeviceOperation,64,11734.0
968704,,LayerNormDeviceOperation,64,11733.0
80896,,TilizeWithValPaddingDeviceOperation,43,11728.0
3129344,1,RotaryEmbeddingDeviceOperation,12,11728.0
1624064,,LayerNormDeviceOperation,64,11727.0
1816576,,LayerNormDeviceOperation,64,11727.0
858112,,LayerNormDeviceOperation,64,11725.0
1808384,,LayerNormDeviceOperation,64,11724.0
1255424,,LayerNormDeviceOperation,64,11723.0
563200,,LayerNormDeviceOperation,64,11722.0
960512,,LayerNormDeviceOperation,64,11722.0
628736,,LayerNormDeviceOperation,64,11721.0
813056,,LayerNormDeviceOperation,64,11721.0
1374208,,LayerNormDeviceOperation,64,11717.0
1402880,,LayerNormDeviceOperation,64,11715.0
600064,,LayerNormDeviceOperation,64,11713.0
931840,,LayerNormDeviceOperation,64,11713.0
1153024,,LayerNormDeviceOperation,64,11712.0
1771520,,LayerNormDeviceOperation,64,11712.0
1366016,,LayerNormDeviceOperation,64,11711.0
591872,,LayerNormDeviceOperation,64,11710.0
849920,,LayerNormDeviceOperation,64,11710.0
1292288,,LayerNormDeviceOperation,64,11710.0
1439744,,LayerNormDeviceOperation,64,11710.0
1263616,,LayerNormDeviceOperation,64,11709.0
1411072,,LayerNormDeviceOperation,64,11706.0
1669120,,LayerNormDeviceOperation,64,11706.0
1079296,,LayerNormDeviceOperation,64,11705.0
1632256,,LayerNormDeviceOperation,64,11703.0
1697792,,LayerNormDeviceOperation,64,11703.0
636928,,LayerNormDeviceOperation,64,11697.0
673792,,LayerNormDeviceOperation,64,11697.0
1484800,,LayerNormDeviceOperation,64,11697.0
1329152,,LayerNormDeviceOperation,64,11696.0
1779712,,LayerNormDeviceOperation,64,11696.0
1107968,,LayerNormDeviceOperation,64,11695.0
1300480,,LayerNormDeviceOperation,64,11695.0
1734656,,LayerNormDeviceOperation,64,11694.0
1189888,,LayerNormDeviceOperation,64,11693.0
188416,,TilizeWithValPaddingDeviceOperation,43,11692.0
739328,,LayerNormDeviceOperation,64,11692.0
1005568,,LayerNormDeviceOperation,64,11691.0
1042432,,LayerNormDeviceOperation,64,11691.0
997376,,LayerNormDeviceOperation,64,11689.0
131072,,TilizeWithValPaddingDeviceOperation,43,11687.0
886784,,LayerNormDeviceOperation,64,11687.0
1587200,,LayerNormDeviceOperation,64,11687.0
1906688,1,LayerNormDeviceOperation,32,11686.0
747520,,LayerNormDeviceOperation,64,11685.0
1116160,,LayerNormDeviceOperation,64,11685.0
1513472,,LayerNormDeviceOperation,64,11685.0
492544,,LayerNormDeviceOperation,64,11683.0
1550336,,LayerNormDeviceOperation,64,11683.0
1218560,,LayerNormDeviceOperation,64,11681.0
1521664,,LayerNormDeviceOperation,64,11680.0
1226752,,LayerNormDeviceOperation,64,11678.0
1181696,,LayerNormDeviceOperation,64,11675.0
1595392,,LayerNormDeviceOperation,64,11675.0
1742848,,LayerNormDeviceOperation,64,11675.0
1558528,,LayerNormDeviceOperation,64,11674.0
1705984,,LayerNormDeviceOperation,64,11674.0
40960,,TilizeWithValPaddingDeviceOperation,43,11672.0
1034240,,LayerNormDeviceOperation,64,11672.0
784384,,LayerNormDeviceOperation,64,11669.0
821248,,LayerNormDeviceOperation,64,11669.0
665600,,LayerNormDeviceOperation,64,11668.0
1845248,,LayerNormDeviceOperation,64,11668.0
73728,,TilizeWithValPaddingDeviceOperation,43,11665.0
702464,,LayerNormDeviceOperation,64,11662.0
923648,,LayerNormDeviceOperation,64,11661.0
776192,,LayerNormDeviceOperation,64,11659.0
1337344,,LayerNormDeviceOperation,64,11659.0
894976,,LayerNormDeviceOperation,64,11657.0
278528,,TilizeWithValPaddingDeviceOperation,43,11656.0
1144832,,LayerNormDeviceOperation,64,11655.0
1660928,,LayerNormDeviceOperation,64,11653.0
1071104,,LayerNormDeviceOperation,64,11646.0
710656,,LayerNormDeviceOperation,64,11644.0
162816,,TilizeWithValPaddingDeviceOperation,43,11596.0
3016704,1,LayerNormDeviceOperation,28,11585.0
245760,,TilizeWithValPaddingDeviceOperation,43,11583.0
270336,,TilizeWithValPaddingDeviceOperation,43,11550.0
64512,,TilizeWithValPaddingDeviceOperation,43,11533.0
203776,,TilizeWithValPaddingDeviceOperation,43,11524.0
277504,,TilizeWithValPaddingDeviceOperation,43,11523.0
122880,,TilizeWithValPaddingDeviceOperation,43,11522.0
2168832,1,LayerNormDeviceOperation,32,11502.0
31744,,TilizeWithValPaddingDeviceOperation,43,11488.0
180224,,TilizeWithValPaddingDeviceOperation,43,11481.0
2795520,1,LayerNormDeviceOperation,32,11475.0
172032,,TilizeWithValPaddingDeviceOperation,43,11473.0
187392,,TilizeWithValPaddingDeviceOperation,43,11459.0
114688,,TilizeWithValPaddingDeviceOperation,43,11454.0
269312,,TilizeWithValPaddingDeviceOperation,43,11453.0
262144,,TilizeWithValPaddingDeviceOperation,43,11448.0
1024,,TilizeWithValPaddingDeviceOperation,43,11444.0
81920,,TilizeWithValPaddingDeviceOperation,43,11443.0
72704,,TilizeWithValPaddingDeviceOperation,43,11435.0
2544640,1,LayerNormDeviceOperation,32,11434.0
8192,,TilizeWithValPaddingDeviceOperation,43,11432.0
23552,,TilizeWithValPaddingDeviceOperation,43,11431.0
196608,,TilizeWithValPaddingDeviceOperation,43,11429.0
244736,,TilizeWithValPaddingDeviceOperation,43,11428.0
2058240,1,LayerNormDeviceOperation,32,11414.0
2279424,1,LayerNormDeviceOperation,32,11414.0
3136512,1,RotaryEmbeddingDeviceOperation,12,11413.0
171008,,TilizeWithValPaddingDeviceOperation,43,11411.0
294912,,TilizeWithValPaddingDeviceOperation,43,11407.0
39936,,TilizeWithValPaddingDeviceOperation,43,11393.0
195584,,TilizeWithValPaddingDeviceOperation,43,11391.0
139264,,TilizeWithValPaddingDeviceOperation,43,11383.0
147456,,TilizeWithValPaddingDeviceOperation,43,11381.0
228352,,TilizeWithValPaddingDeviceOperation,43,11381.0
16384,,TilizeWithValPaddingDeviceOperation,43,11380.0
293888,,TilizeWithValPaddingDeviceOperation,43,11379.0
204800,,TilizeWithValPaddingDeviceOperation,43,11371.0
2426880,1,LayerNormDeviceOperation,32,11366.0
2500608,1,LayerNormDeviceOperation,32,11366.0
212992,,TilizeWithValPaddingDeviceOperation,43,11363.0
221184,,TilizeWithValPaddingDeviceOperation,43,11359.0
2765824,1,LayerNormDeviceOperation,32,11358.0
89088,,TilizeWithValPaddingDeviceOperation,43,11357.0
253952,,TilizeWithValPaddingDeviceOperation,43,11354.0
65536,,TilizeWithValPaddingDeviceOperation,43,11353.0
130048,,TilizeWithValPaddingDeviceOperation,43,11343.0
211968,,TilizeWithValPaddingDeviceOperation,43,11342.0
2913280,1,LayerNormDeviceOperation,28,11327.0
32768,,TilizeWithValPaddingDeviceOperation,43,11323.0
138240,,TilizeWithValPaddingDeviceOperation,43,11323.0
2131968,1,LayerNormDeviceOperation,32,11321.0
163840,,TilizeWithValPaddingDeviceOperation,43,11316.0
15360,,TilizeWithValPaddingDeviceOperation,43,11309.0
97280,,TilizeWithValPaddingDeviceOperation,43,11308.0
154624,,TilizeWithValPaddingDeviceOperation,43,11308.0
2065408,1,LayerNormDeviceOperation,32,11308.0
261120,,TilizeWithValPaddingDeviceOperation,43,11306.0
2979840,1,LayerNormDeviceOperation,28,11296.0
146432,,TilizeWithValPaddingDeviceOperation,43,11291.0
2611200,1,LayerNormDeviceOperation,32,11287.0
179200,,TilizeWithValPaddingDeviceOperation,43,11284.0
98304,,TilizeWithValPaddingDeviceOperation,43,11279.0
2832384,1,LayerNormDeviceOperation,32,11275.0
113664,,TilizeWithValPaddingDeviceOperation,43,11274.0
57344,,TilizeWithValPaddingDeviceOperation,43,11272.0
1984512,1,LayerNormDeviceOperation,32,11271.0
106496,,TilizeWithValPaddingDeviceOperation,43,11261.0
286720,,TilizeWithValPaddingDeviceOperation,43,11249.0
7168,,TilizeWithValPaddingDeviceOperation,43,11246.0
90112,,TilizeWithValPaddingDeviceOperation,43,11243.0
121856,,TilizeWithValPaddingDeviceOperation,43,11243.0
220160,,TilizeWithValPaddingDeviceOperation,43,11243.0
252928,,TilizeWithValPaddingDeviceOperation,43,11238.0
2692096,1,LayerNormDeviceOperation,32,11238.0
2839552,1,LayerNormDeviceOperation,32,11238.0
3173376,1,RotaryEmbeddingDeviceOperation,12,11236.0
285696,,TilizeWithValPaddingDeviceOperation,43,11235.0
49152,,TilizeWithValPaddingDeviceOperation,43,11229.0
1947648,1,LayerNormDeviceOperation,32,11229.0
2721792,1,LayerNormDeviceOperation,32,11223.0
2323456,1,LayerNormDeviceOperation,32,11220.0
24576,,TilizeWithValPaddingDeviceOperation,43,11201.0
229376,,TilizeWithValPaddingDeviceOperation,43,11184.0
2648064,1,LayerNormDeviceOperation,32,11178.0
48128,,TilizeWithValPaddingDeviceOperation,43,11176.0
2618368,1,LayerNormDeviceOperation,32,11172.0
2021376,1,LayerNormDeviceOperation,32,11170.0
2655232,1,LayerNormDeviceOperation,32,11159.0
155648,,TilizeWithValPaddingDeviceOperation,43,11158.0
2316288,1,LayerNormDeviceOperation,32,11155.0
2095104,1,LayerNormDeviceOperation,32,11149.0
237568,,TilizeWithValPaddingDeviceOperation,43,11146.0
3201024,1,LayerNormDeviceOperation,16,11126.0
2434048,1,LayerNormDeviceOperation,32,11125.0
2242560,1,LayerNormDeviceOperation,32,11122.0
2028544,1,LayerNormDeviceOperation,32,11121.0
2684928,1,LayerNormDeviceOperation,32,11119.0
1888256,1,LayerNormDeviceOperation,32,11115.0
2507776,1,LayerNormDeviceOperation,32,11103.0
105472,,TilizeWithValPaddingDeviceOperation,43,11097.0
2390016,1,LayerNormDeviceOperation,32,11091.0
2205696,1,LayerNormDeviceOperation,32,11090.0
2360320,1,LayerNormDeviceOperation,32,11089.0
236544,,TilizeWithValPaddingDeviceOperation,43,11088.0
2876416,1,LayerNormDeviceOperation,32,11084.0
1954816,1,LayerNormDeviceOperation,32,11083.0
2286592,1,LayerNormDeviceOperation,32,11080.0
2728960,1,LayerNormDeviceOperation,32,11063.0
2397184,1,LayerNormDeviceOperation,32,11056.0
3164160,1,LayerNormDeviceOperation,16,11043.0
2470912,1,LayerNormDeviceOperation,32,11034.0
2353152,1,LayerNormDeviceOperation,32,11022.0
3171328,1,LayerNormDeviceOperation,16,11022.0
2176000,1,LayerNormDeviceOperation,32,11021.0
2463744,1,LayerNormDeviceOperation,32,11020.0
2139136,1,LayerNormDeviceOperation,32,11015.0
3090432,1,LayerNormDeviceOperation,16,11006.0
1991680,1,LayerNormDeviceOperation,32,11004.0
2987008,1,LayerNormDeviceOperation,28,11001.0
2758656,1,LayerNormDeviceOperation,32,10988.0
2102272,1,LayerNormDeviceOperation,32,10987.0
2212864,1,LayerNormDeviceOperation,32,10978.0
2906112,1,LayerNormDeviceOperation,28,10972.0
2869248,1,LayerNormDeviceOperation,32,10949.0
2537472,1,LayerNormDeviceOperation,32,10929.0
3053568,1,LayerNormDeviceOperation,16,10928.0
2950144,1,LayerNormDeviceOperation,28,10926.0
3023872,1,LayerNormDeviceOperation,25,10925.0
2574336,1,LayerNormDeviceOperation,32,10915.0
2581504,1,LayerNormDeviceOperation,32,10912.0
3127296,1,LayerNormDeviceOperation,16,10912.0
2802688,1,LayerNormDeviceOperation,32,10903.0
3060736,1,LayerNormDeviceOperation,16,10900.0
3134464,1,LayerNormDeviceOperation,16,10864.0
3208192,1,LayerNormDeviceOperation,16,10854.0
2249728,1,LayerNormDeviceOperation,32,10846.0
3097600,1,LayerNormDeviceOperation,16,10814.0
1408000,,ReshardDeviceOperation,8,10290.0
1462272,,LayerNormDeviceOperation,32,10257.0
577536,,LayerNormDeviceOperation,32,10177.0
1233920,,LayerNormDeviceOperation,32,10161.0
1241088,,LayerNormDeviceOperation,32,10159.0
717824,,LayerNormDeviceOperation,32,10154.0
1388544,,LayerNormDeviceOperation,32,10150.0
510976,,LayerNormDeviceOperation,32,10145.0
570368,,LayerNormDeviceOperation,32,10142.0
1093632,,LayerNormDeviceOperation,32,10142.0
1123328,,LayerNormDeviceOperation,32,10141.0
1683456,,LayerNormDeviceOperation,32,10138.0
1418240,,LayerNormDeviceOperation,32,10132.0
1528832,,LayerNormDeviceOperation,32,10132.0
761856,,LayerNormDeviceOperation,32,10131.0
828416,,LayerNormDeviceOperation,32,10131.0
1344512,,LayerNormDeviceOperation,32,10131.0
1602560,,LayerNormDeviceOperation,32,10131.0
651264,,LayerNormDeviceOperation,32,10128.0
529408,,LayerNormDeviceOperation,32,10127.0
1786880,,LayerNormDeviceOperation,32,10126.0
644096,,LayerNormDeviceOperation,32,10125.0
902144,,LayerNormDeviceOperation,32,10125.0
1646592,,LayerNormDeviceOperation,32,10123.0
607232,,LayerNormDeviceOperation,32,10122.0
1167360,,LayerNormDeviceOperation,32,10122.0
1197056,,LayerNormDeviceOperation,32,10121.0
1676288,,LayerNormDeviceOperation,32,10121.0
1536000,,LayerNormDeviceOperation,32,10120.0
891904,,ReshardDeviceOperation,8,10119.0
1270784,,LayerNormDeviceOperation,32,10119.0
791552,,LayerNormDeviceOperation,32,10118.0
1499136,,LayerNormDeviceOperation,32,10118.0
1565696,,LayerNormDeviceOperation,32,10117.0
1307648,,LayerNormDeviceOperation,32,10115.0
1823744,,LayerNormDeviceOperation,32,10115.0
872448,,LayerNormDeviceOperation,32,10114.0
1019904,,LayerNormDeviceOperation,32,10113.0
754688,,LayerNormDeviceOperation,32,10112.0
1049600,,LayerNormDeviceOperation,32,10112.0
1639424,,LayerNormDeviceOperation,32,10111.0
1056768,,LayerNormDeviceOperation,32,10109.0
1204224,,LayerNormDeviceOperation,32,10109.0
1086464,,LayerNormDeviceOperation,32,10108.0
975872,,LayerNormDeviceOperation,32,10106.0
1713152,,LayerNormDeviceOperation,32,10106.0
1130496,,LayerNormDeviceOperation,32,10105.0
939008,,LayerNormDeviceOperation,32,10102.0
1351680,,LayerNormDeviceOperation,32,10102.0
1425408,,LayerNormDeviceOperation,32,10102.0
680960,,LayerNormDeviceOperation,32,10101.0
1757184,,LayerNormDeviceOperation,32,10101.0
1491968,,LayerNormDeviceOperation,32,10100.0
1160192,,LayerNormDeviceOperation,32,10098.0
1455104,,LayerNormDeviceOperation,32,10098.0
865280,,LayerNormDeviceOperation,32,10096.0
1012736,,LayerNormDeviceOperation,32,10094.0
724992,,LayerNormDeviceOperation,32,10093.0
688128,,LayerNormDeviceOperation,32,10090.0
946176,,LayerNormDeviceOperation,32,10090.0
1830912,,LayerNormDeviceOperation,32,10090.0
1113088,,ReshardDeviceOperation,8,10089.0
1277952,,LayerNormDeviceOperation,32,10089.0
1314816,,LayerNormDeviceOperation,32,10088.0
1609728,,LayerNormDeviceOperation,32,10088.0
1794048,,LayerNormDeviceOperation,32,10087.0
614400,,LayerNormDeviceOperation,32,10086.0
1572864,,LayerNormDeviceOperation,32,10079.0
983040,,LayerNormDeviceOperation,32,10076.0
1381376,,LayerNormDeviceOperation,32,10072.0
2416640,1,ReshardDeviceOperation,8,10070.0
798720,,LayerNormDeviceOperation,32,10069.0
909312,,LayerNormDeviceOperation,32,10066.0
1720320,,LayerNormDeviceOperation,32,10065.0
835584,,LayerNormDeviceOperation,32,10061.0
965632,,ReshardDeviceOperation,8,10059.0
1750016,,LayerNormDeviceOperation,32,10053.0
707584,,ReshardDeviceOperation,8,10040.0
1937408,1,ReshardDeviceOperation,8,10003.0
2711552,1,ReshardDeviceOperation,8,9993.0
1223680,,ReshardDeviceOperation,8,9977.0
1739776,,ReshardDeviceOperation,8,9977.0
2859008,1,ReshardDeviceOperation,8,9974.0
2306048,1,ReshardDeviceOperation,8,9952.0
1002496,,ReshardDeviceOperation,8,9949.0
2269184,1,ReshardDeviceOperation,8,9939.0
2748416,1,ReshardDeviceOperation,8,9926.0
1776640,,ReshardDeviceOperation,8,9869.0
1149952,,ReshardDeviceOperation,8,9864.0
2342912,1,ReshardDeviceOperation,8,9860.0
2121728,1,ReshardDeviceOperation,8,9854.0
2195456,1,ReshardDeviceOperation,8,9854.0
2564096,1,ReshardDeviceOperation,8,9854.0
3006464,1,ReshardDeviceOperation,4,9848.0
1629184,,ReshardDeviceOperation,8,9847.0
2822144,1,ReshardDeviceOperation,8,9847.0
818176,,ReshardDeviceOperation,8,9833.0
1518592,,ReshardDeviceOperation,8,9833.0
1850368,,ReshardDeviceOperation,8,9820.0
781312,,ReshardDeviceOperation,8,9810.0
855040,,ReshardDeviceOperation,8,9810.0
2637824,1,ReshardDeviceOperation,8,9808.0
633856,,ReshardDeviceOperation,8,9807.0
1186816,,ReshardDeviceOperation,8,9807.0
1444864,,ReshardDeviceOperation,8,9806.0
1666048,,ReshardDeviceOperation,8,9804.0
1334272,,ReshardDeviceOperation,8,9796.0
596992,,ReshardDeviceOperation,8,9781.0
1921024,1,FillPadDeviceOperation,64,9773.0
670720,,ReshardDeviceOperation,8,9737.0
1813504,,ReshardDeviceOperation,8,9737.0
2232320,1,ReshardDeviceOperation,8,9703.0
1702912,,ReshardDeviceOperation,8,9701.0
1592320,,ReshardDeviceOperation,8,9699.0
2895872,1,ReshardDeviceOperation,6,9696.0
2674688,1,ReshardDeviceOperation,8,9691.0
2453504,1,ReshardDeviceOperation,8,9676.0
3043328,1,ReshardDeviceOperation,4,9656.0
1555456,,ReshardDeviceOperation,8,9637.0
1260544,,ReshardDeviceOperation,8,9622.0
1974272,1,ReshardDeviceOperation,8,9600.0
2158592,1,ReshardDeviceOperation,8,9599.0
1297408,,ReshardDeviceOperation,8,9581.0
2969600,1,ReshardDeviceOperation,4,9574.0
2785280,1,ReshardDeviceOperation,8,9562.0
2379776,1,ReshardDeviceOperation,8,9552.0
3080192,1,ReshardDeviceOperation,4,9549.0
1371136,,ReshardDeviceOperation,8,9533.0
2490368,1,ReshardDeviceOperation,8,9529.0
560128,,ReshardDeviceOperation,8,9509.0
744448,,ReshardDeviceOperation,8,9508.0
2048000,1,ReshardDeviceOperation,8,9496.0
2011136,1,ReshardDeviceOperation,8,9485.0
543744,,FillPadDeviceOperation,64,9477.0
1481728,,ReshardDeviceOperation,8,9474.0
2527232,1,ReshardDeviceOperation,8,9465.0
2932736,1,ReshardDeviceOperation,4,9453.0
2600960,1,ReshardDeviceOperation,8,9424.0
928768,,ReshardDeviceOperation,8,9411.0
1076224,,ReshardDeviceOperation,8,9337.0
2084864,1,ReshardDeviceOperation,8,9312.0
1039360,,ReshardDeviceOperation,8,9193.0
545792,,BinaryNgDeviceOperation,64,8872.0
2553856,1,NLPConcatHeadsDecodeDeviceOperation,32,7072.0
1923072,1,BinaryNgDeviceOperation,64,6957.0
1688576,,TypecastDeviceOperation,64,6929.0
1213440,,NLPConcatHeadsDecodeDeviceOperation,32,6885.0
1655808,,NLPConcatHeadsDecodeDeviceOperation,32,6860.0
1324032,,NLPConcatHeadsDecodeDeviceOperation,32,6855.0
1250304,,NLPConcatHeadsDecodeDeviceOperation,32,6830.0
481280,,TilizeWithValPaddingDeviceOperation,1,6800.0
955392,,NLPConcatHeadsDecodeDeviceOperation,32,6800.0
2443264,1,NLPConcatHeadsDecodeDeviceOperation,32,6787.0
734208,,NLPConcatHeadsDecodeDeviceOperation,32,6786.0
1803264,,NLPConcatHeadsDecodeDeviceOperation,32,6785.0
660480,,NLPConcatHeadsDecodeDeviceOperation,32,6782.0
623616,,NLPConcatHeadsDecodeDeviceOperation,32,6780.0
1434624,,NLPConcatHeadsDecodeDeviceOperation,32,6777.0
1508352,,NLPConcatHeadsDecodeDeviceOperation,32,6766.0
549888,,NLPConcatHeadsDecodeDeviceOperation,32,6750.0
1766400,,NLPConcatHeadsDecodeDeviceOperation,32,6750.0
1102848,,NLPConcatHeadsDecodeDeviceOperation,32,6749.0
1692672,,NLPConcatHeadsDecodeDeviceOperation,32,6747.0
1729536,,NLPConcatHeadsDecodeDeviceOperation,32,6747.0
881664,,NLPConcatHeadsDecodeDeviceOperation,32,6744.0
844800,,NLPConcatHeadsDecodeDeviceOperation,32,6740.0
1618944,,NLPConcatHeadsDecodeDeviceOperation,32,6739.0
1840128,,NLPConcatHeadsDecodeDeviceOperation,32,6735.0
1287168,,NLPConcatHeadsDecodeDeviceOperation,32,6723.0
3069952,1,NLPConcatHeadsDecodeDeviceOperation,16,6720.0
807936,,NLPConcatHeadsDecodeDeviceOperation,32,6713.0
1139712,,NLPConcatHeadsDecodeDeviceOperation,32,6712.0
771072,,NLPConcatHeadsDecodeDeviceOperation,32,6706.0
1582080,,NLPConcatHeadsDecodeDeviceOperation,32,6696.0
1065984,,NLPConcatHeadsDecodeDeviceOperation,32,6686.0
992256,,NLPConcatHeadsDecodeDeviceOperation,32,6683.0
1176576,,NLPConcatHeadsDecodeDeviceOperation,32,6681.0
1360896,,NLPConcatHeadsDecodeDeviceOperation,32,6681.0
586752,,NLPConcatHeadsDecodeDeviceOperation,32,6680.0
918528,,NLPConcatHeadsDecodeDeviceOperation,32,6677.0
1397760,,NLPConcatHeadsDecodeDeviceOperation,32,6667.0
697344,,NLPConcatHeadsDecodeDeviceOperation,32,6665.0
1861632,1,TilizeWithValPaddingDeviceOperation,1,6661.0
1029120,,NLPConcatHeadsDecodeDeviceOperation,32,6637.0
1896448,1,TilizeWithValPaddingDeviceOperation,1,6634.0
1878016,1,TilizeWithValPaddingDeviceOperation,1,6627.0
1471488,,NLPConcatHeadsDecodeDeviceOperation,32,6621.0
1858560,1,TilizeWithValPaddingDeviceOperation,1,6581.0
1545216,,NLPConcatHeadsDecodeDeviceOperation,32,6579.0
1246208,,TypecastDeviceOperation,64,6556.0
1319936,,TypecastDeviceOperation,64,6524.0
3143680,1,NLPConcatHeadsDecodeDeviceOperation,12,6516.0
500736,,TilizeWithValPaddingDeviceOperation,1,6501.0
519168,,TilizeWithValPaddingDeviceOperation,1,6497.0
3180544,1,NLPConcatHeadsDecodeDeviceOperation,12,6480.0
484352,,TilizeWithValPaddingDeviceOperation,1,6471.0
2922496,1,NLPConcatHeadsDecodeDeviceOperation,28,6460.0
2074624,1,NLPConcatHeadsDecodeDeviceOperation,32,6459.0
1430528,,TypecastDeviceOperation,64,6406.0
3217408,1,NLPConcatHeadsDecodeDeviceOperation,12,6394.0
2701312,1,NLPConcatHeadsDecodeDeviceOperation,32,6386.0
2070528,1,TypecastDeviceOperation,64,6380.0
656384,,TypecastDeviceOperation,64,6365.0
2222080,1,NLPConcatHeadsDecodeDeviceOperation,32,6341.0
2217984,1,TypecastDeviceOperation,64,6340.0
3033088,1,NLPConcatHeadsDecodeDeviceOperation,16,6339.0
1541120,,TypecastDeviceOperation,64,6338.0
2111488,1,NLPConcatHeadsDecodeDeviceOperation,32,6320.0
2295808,1,NLPConcatHeadsDecodeDeviceOperation,32,6286.0
914432,,TypecastDeviceOperation,64,6281.0
988160,,TypecastDeviceOperation,64,6280.0
1918976,1,TypecastDeviceOperation,64,6273.0
1172480,,TypecastDeviceOperation,64,6261.0
2623488,1,TypecastDeviceOperation,64,6245.0
3065856,1,TypecastDeviceOperation,48,6217.0
1725440,,TypecastDeviceOperation,64,6216.0
2254848,1,TypecastDeviceOperation,64,6206.0
2590720,1,NLPConcatHeadsDecodeDeviceOperation,32,6196.0
1964032,1,NLPConcatHeadsDecodeDeviceOperation,32,6191.0
1025024,,TypecastDeviceOperation,64,6189.0
2959360,1,NLPConcatHeadsDecodeDeviceOperation,28,6173.0
2512896,1,TypecastDeviceOperation,64,6170.0
2332672,1,NLPConcatHeadsDecodeDeviceOperation,32,6158.0
2291712,1,TypecastDeviceOperation,64,6150.0
2037760,1,NLPConcatHeadsDecodeDeviceOperation,32,6141.0
2181120,1,TypecastDeviceOperation,64,6128.0
2811904,1,NLPConcatHeadsDecodeDeviceOperation,32,6118.0
2881536,1,TypecastDeviceOperation,64,6094.0
1799168,,TypecastDeviceOperation,64,6092.0
2955264,1,TypecastDeviceOperation,60,6090.0
2734080,1,TypecastDeviceOperation,64,6084.0
3176448,1,TypecastDeviceOperation,44,6084.0
619520,,TypecastDeviceOperation,64,6079.0
1504256,,TypecastDeviceOperation,64,6053.0
1209344,,TypecastDeviceOperation,64,6045.0
2476032,1,TypecastDeviceOperation,64,6028.0
582656,,TypecastDeviceOperation,64,6025.0
2402304,1,TypecastDeviceOperation,64,6018.0
3139584,1,TypecastDeviceOperation,44,6008.0
1577984,,TypecastDeviceOperation,64,6007.0
3213312,1,TypecastDeviceOperation,44,6007.0
693248,,TypecastDeviceOperation,64,5994.0
2738176,1,NLPConcatHeadsDecodeDeviceOperation,32,5992.0
1393664,,TypecastDeviceOperation,64,5990.0
2660352,1,TypecastDeviceOperation,64,5990.0
2549760,1,TypecastDeviceOperation,64,5988.0
2107392,1,TypecastDeviceOperation,64,5985.0
2439168,1,TypecastDeviceOperation,64,5984.0
2586624,1,TypecastDeviceOperation,64,5979.0
2365440,1,TypecastDeviceOperation,64,5973.0
803840,,TypecastDeviceOperation,64,5964.0
2664448,1,NLPConcatHeadsDecodeDeviceOperation,32,5954.0
2992128,1,TypecastDeviceOperation,60,5951.0
1927168,1,NLPConcatHeadsDecodeDeviceOperation,32,5929.0
3106816,1,NLPConcatHeadsDecodeDeviceOperation,16,5922.0
3102720,1,TypecastDeviceOperation,48,5912.0
2918400,1,TypecastDeviceOperation,60,5894.0
541696,,TypecastDeviceOperation,64,5887.0
730112,,TypecastDeviceOperation,64,5887.0
2000896,1,NLPConcatHeadsDecodeDeviceOperation,32,5886.0
1135616,,TypecastDeviceOperation,64,5884.0
2185216,1,NLPConcatHeadsDecodeDeviceOperation,32,5875.0
2848768,1,NLPConcatHeadsDecodeDeviceOperation,32,5844.0
2328576,1,TypecastDeviceOperation,64,5840.0
2807808,1,TypecastDeviceOperation,64,5840.0
2516992,1,NLPConcatHeadsDecodeDeviceOperation,32,5830.0
2258944,1,NLPConcatHeadsDecodeDeviceOperation,32,5800.0
1996800,1,TypecastDeviceOperation,64,5794.0
1651712,,TypecastDeviceOperation,64,5786.0
2406400,1,NLPConcatHeadsDecodeDeviceOperation,32,5783.0
951296,,TypecastDeviceOperation,64,5777.0
1959936,1,TypecastDeviceOperation,64,5775.0
1283072,,TypecastDeviceOperation,64,5769.0
2775040,1,NLPConcatHeadsDecodeDeviceOperation,32,5767.0
1614848,,TypecastDeviceOperation,64,5734.0
1356800,,TypecastDeviceOperation,64,5731.0
840704,,TypecastDeviceOperation,64,5721.0
877568,,TypecastDeviceOperation,64,5721.0
2844672,1,TypecastDeviceOperation,64,5714.0
2144256,1,TypecastDeviceOperation,64,5685.0
2369536,1,NLPConcatHeadsDecodeDeviceOperation,32,5670.0
2480128,1,NLPConcatHeadsDecodeDeviceOperation,32,5666.0
1762304,,TypecastDeviceOperation,64,5665.0
1061888,,TypecastDeviceOperation,64,5662.0
1467392,,TypecastDeviceOperation,64,5656.0
2148352,1,NLPConcatHeadsDecodeDeviceOperation,32,5639.0
2996224,1,NLPConcatHeadsDecodeDeviceOperation,28,5637.0
3028992,1,TypecastDeviceOperation,48,5627.0
2885632,1,NLPConcatHeadsDecodeDeviceOperation,31,5625.0
1910784,1,UntilizeWithUnpaddingDeviceOperation,32,5615.0
2770944,1,TypecastDeviceOperation,64,5611.0
2697216,1,TypecastDeviceOperation,64,5602.0
2033664,1,TypecastDeviceOperation,64,5601.0
1098752,,TypecastDeviceOperation,64,5590.0
533504,,UntilizeWithUnpaddingDeviceOperation,32,5517.0
2810880,1,TypecastDeviceOperation,64,5450.0
2627584,1,NLPConcatHeadsDecodeDeviceOperation,32,5435.0
1836032,,TypecastDeviceOperation,64,5428.0
2847744,1,TypecastDeviceOperation,64,5376.0
2294784,1,TypecastDeviceOperation,64,5363.0
3068928,1,TypecastDeviceOperation,48,5343.0
2921472,1,TypecastDeviceOperation,60,5322.0
2552832,1,TypecastDeviceOperation,64,5284.0
2184192,1,TypecastDeviceOperation,64,5280.0
1963008,1,TypecastDeviceOperation,64,5278.0
2368512,1,TypecastDeviceOperation,64,5270.0
2442240,1,TypecastDeviceOperation,64,5268.0
766976,,TypecastDeviceOperation,64,5257.0
2405376,1,TypecastDeviceOperation,64,5257.0
2073600,1,TypecastDeviceOperation,64,5255.0
1999872,1,TypecastDeviceOperation,64,5251.0
544768,,ReduceDeviceOperation,32,5242.0
2479104,1,TypecastDeviceOperation,64,5241.0
3142656,1,TypecastDeviceOperation,44,5241.0
2884608,1,TypecastDeviceOperation,63,5235.0
2257920,1,TypecastDeviceOperation,64,5219.0
1617920,,TypecastDeviceOperation,64,5215.0
1323008,,TypecastDeviceOperation,64,5208.0
1064960,,TypecastDeviceOperation,64,5205.0
659456,,TypecastDeviceOperation,64,5203.0
2737152,1,TypecastDeviceOperation,64,5197.0
2958336,1,TypecastDeviceOperation,60,5197.0
2147328,1,TypecastDeviceOperation,64,5195.0
2774016,1,TypecastDeviceOperation,64,5190.0
843776,,TypecastDeviceOperation,64,5187.0
1654784,,TypecastDeviceOperation,64,5175.0
1507328,,TypecastDeviceOperation,64,5173.0
585728,,TypecastDeviceOperation,64,5171.0
2995200,1,TypecastDeviceOperation,60,5168.0
1581056,,TypecastDeviceOperation,64,5166.0
1249280,,TypecastDeviceOperation,64,5165.0
2515968,1,TypecastDeviceOperation,64,5164.0
2110464,1,TypecastDeviceOperation,64,5163.0
2589696,1,TypecastDeviceOperation,64,5161.0
2036736,1,TypecastDeviceOperation,64,5160.0
1101824,,TypecastDeviceOperation,64,5159.0
806912,,TypecastDeviceOperation,64,5156.0
527360,,TypecastDeviceOperation,64,5155.0
954368,,TypecastDeviceOperation,64,5155.0
2221056,1,TypecastDeviceOperation,64,5153.0
1728512,,TypecastDeviceOperation,64,5152.0
991232,,TypecastDeviceOperation,64,5150.0
537600,,TypecastDeviceOperation,64,5149.0
1175552,,TypecastDeviceOperation,64,5147.0
1138688,,TypecastDeviceOperation,64,5144.0
696320,,TypecastDeviceOperation,64,5143.0
733184,,TypecastDeviceOperation,64,5139.0
1544192,,TypecastDeviceOperation,64,5137.0
1286144,,TypecastDeviceOperation,64,5133.0
1839104,,TypecastDeviceOperation,64,5132.0
917504,,TypecastDeviceOperation,64,5129.0
622592,,TypecastDeviceOperation,64,5128.0
880640,,TypecastDeviceOperation,64,5125.0
1433600,,TypecastDeviceOperation,64,5124.0
1396736,,TypecastDeviceOperation,64,5123.0
1691648,,TypecastDeviceOperation,64,5121.0
2663424,1,TypecastDeviceOperation,64,5114.0
1765376,,TypecastDeviceOperation,64,5113.0
1470464,,TypecastDeviceOperation,64,5111.0
770048,,TypecastDeviceOperation,64,5106.0
1028096,,TypecastDeviceOperation,64,5106.0
1359872,,TypecastDeviceOperation,64,5106.0
1212416,,TypecastDeviceOperation,64,5104.0
548864,,TypecastDeviceOperation,64,5103.0
2331648,1,TypecastDeviceOperation,64,5096.0
1802240,,TypecastDeviceOperation,64,5084.0
3032064,1,TypecastDeviceOperation,48,5074.0
1904640,1,TypecastDeviceOperation,64,5067.0
2626560,1,TypecastDeviceOperation,64,5037.0
2700288,1,TypecastDeviceOperation,64,5025.0
3105792,1,TypecastDeviceOperation,48,5022.0
1926144,1,TypecastDeviceOperation,64,5001.0
1914880,1,TypecastDeviceOperation,64,4967.0
3216384,1,TypecastDeviceOperation,44,4963.0
3179520,1,TypecastDeviceOperation,44,4957.0
1922048,1,ReduceDeviceOperation,32,4928.0
546816,,InterleavedToShardedDeviceOperation,32,4599.0
1689600,,InterleavedToShardedDeviceOperation,32,4456.0
1173504,,InterleavedToShardedDeviceOperation,32,4401.0
1468416,,InterleavedToShardedDeviceOperation,32,4356.0
1026048,,InterleavedToShardedDeviceOperation,32,4335.0
804864,,InterleavedToShardedDeviceOperation,32,4331.0
1837056,,InterleavedToShardedDeviceOperation,32,4294.0
1960960,1,InterleavedToShardedDeviceOperation,32,4257.0
1136640,,InterleavedToShardedDeviceOperation,32,4202.0
620544,,InterleavedToShardedDeviceOperation,32,4201.0
768000,,InterleavedToShardedDeviceOperation,32,4191.0
1763328,,InterleavedToShardedDeviceOperation,32,4170.0
1726464,,InterleavedToShardedDeviceOperation,32,4166.0
952320,,InterleavedToShardedDeviceOperation,32,4127.0
1579008,,InterleavedToShardedDeviceOperation,32,4106.0
878592,,InterleavedToShardedDeviceOperation,32,4094.0
2735104,1,InterleavedToShardedDeviceOperation,32,4061.0
915456,,InterleavedToShardedDeviceOperation,32,4059.0
989184,,InterleavedToShardedDeviceOperation,32,4059.0
1800192,,InterleavedToShardedDeviceOperation,32,4047.0
694272,,InterleavedToShardedDeviceOperation,32,4039.0
1615872,,InterleavedToShardedDeviceOperation,32,4027.0
1284096,,InterleavedToShardedDeviceOperation,32,4024.0
1913856,1,InterleavedToShardedDeviceOperation,32,4006.0
1247232,,InterleavedToShardedDeviceOperation,32,3995.0
2034688,1,InterleavedToShardedDeviceOperation,32,3995.0
3103744,1,InterleavedToShardedDeviceOperation,16,3983.0
1505280,,InterleavedToShardedDeviceOperation,32,3980.0
1357824,,InterleavedToShardedDeviceOperation,32,3973.0
2440192,1,InterleavedToShardedDeviceOperation,32,3958.0
731136,,InterleavedToShardedDeviceOperation,32,3927.0
2255872,1,InterleavedToShardedDeviceOperation,32,3914.0
1394688,,InterleavedToShardedDeviceOperation,32,3904.0
1652736,,InterleavedToShardedDeviceOperation,32,3904.0
2108416,1,InterleavedToShardedDeviceOperation,32,3897.0
2329600,1,InterleavedToShardedDeviceOperation,32,3897.0
1542144,,InterleavedToShardedDeviceOperation,32,3894.0
542720,,ShardedToInterleavedDeviceOperation,32,3889.0
1320960,,InterleavedToShardedDeviceOperation,32,3873.0
1210368,,InterleavedToShardedDeviceOperation,32,3840.0
3030016,1,InterleavedToShardedDeviceOperation,16,3839.0
1062912,,InterleavedToShardedDeviceOperation,32,3837.0
1099776,,InterleavedToShardedDeviceOperation,32,3817.0
2624512,1,InterleavedToShardedDeviceOperation,32,3816.0
1924096,1,InterleavedToShardedDeviceOperation,32,3785.0
2956288,1,InterleavedToShardedDeviceOperation,28,3777.0
657408,,InterleavedToShardedDeviceOperation,32,3775.0
583680,,InterleavedToShardedDeviceOperation,32,3764.0
2403328,1,InterleavedToShardedDeviceOperation,32,3733.0
841728,,InterleavedToShardedDeviceOperation,32,3709.0
3177472,1,InterleavedToShardedDeviceOperation,12,3709.0
3066880,1,InterleavedToShardedDeviceOperation,16,3708.0
1431552,,InterleavedToShardedDeviceOperation,32,3705.0
520192,,BinaryNgDeviceOperation,64,3700.0
2477056,1,InterleavedToShardedDeviceOperation,32,3698.0
2845696,1,InterleavedToShardedDeviceOperation,32,3692.0
2808832,1,InterleavedToShardedDeviceOperation,32,3672.0
748544,,ReshardDeviceOperation,8,3663.0
711680,,ReshardDeviceOperation,8,3647.0
2850816,1,InterleavedToShardedDeviceOperation,8,3646.0
555008,,ReshardDeviceOperation,8,3632.0
887808,,ReshardDeviceOperation,8,3628.0
2145280,1,InterleavedToShardedDeviceOperation,32,3628.0
637952,,ReshardDeviceOperation,8,3624.0
1448960,,ReshardDeviceOperation,8,3623.0
1909760,1,ShardedToInterleavedDeviceOperation,32,3613.0
896000,,ReshardDeviceOperation,8,3611.0
1264640,,ReshardDeviceOperation,8,3608.0
1043456,,ReshardDeviceOperation,8,3601.0
1145856,,ReshardDeviceOperation,8,3585.0
1698816,,ReshardDeviceOperation,8,3585.0
674816,,ReshardDeviceOperation,8,3581.0
1403904,,ReshardDeviceOperation,8,3579.0
2513920,1,InterleavedToShardedDeviceOperation,32,3570.0
1485824,,ReshardDeviceOperation,8,3568.0
1522688,,ReshardDeviceOperation,8,3568.0
1080320,,ReshardDeviceOperation,8,3565.0
1846272,,ReshardDeviceOperation,8,3558.0
777216,,ReshardDeviceOperation,8,3557.0
785408,,ReshardDeviceOperation,8,3553.0
1108992,,ReshardDeviceOperation,8,3553.0
1440768,,ReshardDeviceOperation,8,3552.0
1809408,,ReshardDeviceOperation,8,3552.0
2219008,1,InterleavedToShardedDeviceOperation,32,3547.0
1772544,,ReshardDeviceOperation,8,3545.0
2182144,1,InterleavedToShardedDeviceOperation,32,3545.0
629760,,ReshardDeviceOperation,8,3544.0
1117184,,ReshardDeviceOperation,8,3539.0
1006592,,ReshardDeviceOperation,8,3538.0
1035264,,ReshardDeviceOperation,8,3531.0
1625088,,ReshardDeviceOperation,8,3528.0
1072128,,ReshardDeviceOperation,8,3525.0
1219584,,ReshardDeviceOperation,8,3523.0
859136,,ReshardDeviceOperation,8,3515.0
1596416,,ReshardDeviceOperation,8,3511.0
532480,,ShardedToInterleavedDeviceOperation,32,3507.0
703488,,ReshardDeviceOperation,8,3504.0
1735680,,ReshardDeviceOperation,8,3501.0
564224,,ReshardDeviceOperation,8,3496.0
1367040,,ReshardDeviceOperation,8,3493.0
1514496,,ReshardDeviceOperation,8,3491.0
1330176,,ReshardDeviceOperation,8,3489.0
2629632,1,InterleavedToShardedDeviceOperation,8,3489.0
1412096,,ReshardDeviceOperation,8,3485.0
1559552,,ReshardDeviceOperation,8,3481.0
850944,,ReshardDeviceOperation,8,3480.0
1670144,,ReshardDeviceOperation,8,3480.0
2587648,1,InterleavedToShardedDeviceOperation,32,3478.0
1154048,,ReshardDeviceOperation,8,3474.0
1707008,,ReshardDeviceOperation,8,3474.0
740352,,ReshardDeviceOperation,8,3471.0
1338368,,ReshardDeviceOperation,8,3470.0
1633280,,ReshardDeviceOperation,8,3470.0
493568,,ReshardDeviceOperation,8,3469.0
822272,,ReshardDeviceOperation,8,3459.0
1897472,1,BinaryNgDeviceOperation,64,3459.0
1190912,,ReshardDeviceOperation,8,3458.0
1301504,,ReshardDeviceOperation,8,3457.0
2740224,1,InterleavedToShardedDeviceOperation,8,3455.0
592896,,ReshardDeviceOperation,8,3452.0
1743872,,ReshardDeviceOperation,8,3447.0
814080,,ReshardDeviceOperation,8,3446.0
3214336,1,InterleavedToShardedDeviceOperation,12,3441.0
1227776,,ReshardDeviceOperation,8,3437.0
1293312,,ReshardDeviceOperation,8,3437.0
924672,,ReshardDeviceOperation,8,3435.0
932864,,ReshardDeviceOperation,8,3435.0
1817600,,ReshardDeviceOperation,8,3435.0
666624,,ReshardDeviceOperation,8,3434.0
2647040,1,ReshardDeviceOperation,32,3434.0
998400,,ReshardDeviceOperation,8,3432.0
1661952,,ReshardDeviceOperation,8,3428.0
1170432,,CopyDeviceOperation,64,3427.0
1256448,,ReshardDeviceOperation,8,3426.0
1477632,,ReshardDeviceOperation,8,3424.0
2002944,1,InterleavedToShardedDeviceOperation,8,3424.0
2057216,1,ReshardDeviceOperation,32,3416.0
1182720,,ReshardDeviceOperation,8,3413.0
1375232,,ReshardDeviceOperation,8,3407.0
2071552,1,InterleavedToShardedDeviceOperation,32,3387.0
764928,,CopyDeviceOperation,64,3385.0
601088,,ReshardDeviceOperation,8,3382.0
2366464,1,InterleavedToShardedDeviceOperation,32,3377.0
1588224,,ReshardDeviceOperation,8,3376.0
2130944,1,ReshardDeviceOperation,32,3369.0
2215936,1,CopyDeviceOperation,64,3362.0
2661376,1,InterleavedToShardedDeviceOperation,32,3357.0
2352128,1,ReshardDeviceOperation,32,3356.0
2204672,1,ReshardDeviceOperation,32,3355.0
2720768,1,ReshardDeviceOperation,32,3352.0
534528,,RepeatDeviceOperation,64,3339.0
1551360,,ReshardDeviceOperation,8,3336.0
2550784,1,InterleavedToShardedDeviceOperation,32,3336.0
961536,,ReshardDeviceOperation,8,3312.0
2919424,1,InterleavedToShardedDeviceOperation,28,3311.0
1780736,,ReshardDeviceOperation,8,3310.0
1612800,,CopyDeviceOperation,64,3309.0
1920000,1,ShardedToInterleavedDeviceOperation,32,3301.0
875520,,CopyDeviceOperation,64,3296.0
2573312,1,ReshardDeviceOperation,32,3288.0
3140608,1,InterleavedToShardedDeviceOperation,12,3287.0
969728,,ReshardDeviceOperation,8,3276.0
2425856,1,ReshardDeviceOperation,32,3272.0
949248,,CopyDeviceOperation,64,3267.0
2698240,1,InterleavedToShardedDeviceOperation,32,3254.0
2547712,1,CopyDeviceOperation,64,3250.0
2020352,1,ReshardDeviceOperation,32,3249.0
2868224,1,ReshardDeviceOperation,32,3249.0
536576,,InterleavedToShardedDeviceOperation,32,3224.0
912384,,CopyDeviceOperation,64,3223.0
2993152,1,InterleavedToShardedDeviceOperation,28,3221.0
1539072,,CopyDeviceOperation,64,3218.0
2941952,1,ReshardDeviceOperation,28,3214.0
654336,,CopyDeviceOperation,64,3210.0
1879040,1,BinaryNgDeviceOperation,64,3209.0
691200,,CopyDeviceOperation,64,3195.0
1059840,,CopyDeviceOperation,64,3195.0
3015680,1,ReshardDeviceOperation,28,3193.0
1932288,1,ReshardDeviceOperation,8,3182.0
1723392,,CopyDeviceOperation,64,3180.0
1281024,,CopyDeviceOperation,64,3175.0
2252800,1,CopyDeviceOperation,64,3174.0
3163136,1,ReshardDeviceOperation,16,3171.0
2499584,1,ReshardDeviceOperation,32,3170.0
2292736,1,InterleavedToShardedDeviceOperation,32,3164.0
2363392,1,CopyDeviceOperation,64,3154.0
1317888,,CopyDeviceOperation,64,3142.0
2882560,1,InterleavedToShardedDeviceOperation,31,3140.0
2248704,1,ReshardDeviceOperation,32,3126.0
580608,,CopyDeviceOperation,64,3109.0
728064,,CopyDeviceOperation,64,3109.0
2278400,1,ReshardDeviceOperation,32,3097.0
1244160,,CopyDeviceOperation,64,3095.0
2732032,1,CopyDeviceOperation,64,3095.0
1022976,,CopyDeviceOperation,64,3094.0
2695168,1,CopyDeviceOperation,64,3093.0
2584576,1,CopyDeviceOperation,64,3089.0
2842624,1,CopyDeviceOperation,64,3086.0
1498112,,ReshardDeviceOperation,32,3084.0
3207168,1,ReshardDeviceOperation,16,3080.0
2265088,1,ReshardDeviceOperation,8,3072.0
1957888,1,CopyDeviceOperation,64,3070.0
501760,,BinaryNgDeviceOperation,64,3059.0
2473984,1,CopyDeviceOperation,64,3058.0
2826240,1,ReshardDeviceOperation,8,3058.0
2510848,1,CopyDeviceOperation,64,3056.0
2707456,1,ReshardDeviceOperation,8,3049.0
1994752,1,CopyDeviceOperation,64,3048.0
2794496,1,ReshardDeviceOperation,32,3042.0
2347008,1,ReshardDeviceOperation,8,3040.0
2088960,1,ReshardDeviceOperation,8,3035.0
2768896,1,CopyDeviceOperation,64,3035.0
2375680,1,ReshardDeviceOperation,8,3032.0
1575936,,CopyDeviceOperation,64,3031.0
2789376,1,ReshardDeviceOperation,8,3024.0
2798592,1,SliceDeviceOperation,64,3023.0
3137536,1,CopyDeviceOperation,44,3023.0
2437120,1,CopyDeviceOperation,64,3021.0
2805760,1,CopyDeviceOperation,64,3012.0
1649664,,CopyDeviceOperation,64,3006.0
2228224,1,ReshardDeviceOperation,8,3004.0
3063808,1,CopyDeviceOperation,48,3002.0
1207296,,CopyDeviceOperation,64,3001.0
1686528,,CopyDeviceOperation,64,2995.0
528384,,ReshardDeviceOperation,32,2993.0
2179072,1,CopyDeviceOperation,64,2992.0
2781184,1,ReshardDeviceOperation,8,2991.0
838656,,CopyDeviceOperation,64,2990.0
2412544,1,ReshardDeviceOperation,8,2989.0
2383872,1,ReshardDeviceOperation,8,2986.0
2523136,1,ReshardDeviceOperation,8,2984.0
2633728,1,ReshardDeviceOperation,8,2984.0
2052096,1,ReshardDeviceOperation,8,2983.0
2117632,1,ReshardDeviceOperation,8,2983.0
716800,,ReshardDeviceOperation,32,2980.0
1997824,1,InterleavedToShardedDeviceOperation,32,2979.0
2863104,1,ReshardDeviceOperation,8,2979.0
2236416,1,ReshardDeviceOperation,8,2978.0
2400256,1,CopyDeviceOperation,64,2976.0
2818048,1,ReshardDeviceOperation,8,2970.0
3089408,1,ReshardDeviceOperation,16,2970.0
2027520,1,ReshardDeviceOperation,32,2969.0
2457600,1,ReshardDeviceOperation,8,2969.0
1428480,,CopyDeviceOperation,64,2968.0
1953792,1,ReshardDeviceOperation,32,2965.0
801792,,CopyDeviceOperation,64,2963.0
2068480,1,CopyDeviceOperation,64,2963.0
2310144,1,ReshardDeviceOperation,8,2963.0
1133568,,CopyDeviceOperation,64,2962.0
1978368,1,ReshardDeviceOperation,8,2962.0
2420736,1,ReshardDeviceOperation,8,2960.0
2568192,1,ReshardDeviceOperation,8,2960.0
1941504,1,ReshardDeviceOperation,8,2959.0
2162688,1,ReshardDeviceOperation,8,2959.0
2678784,1,ReshardDeviceOperation,8,2959.0
1970176,1,ReshardDeviceOperation,8,2958.0
2953216,1,CopyDeviceOperation,60,2958.0
2658304,1,CopyDeviceOperation,64,2956.0
2301952,1,ReshardDeviceOperation,8,2954.0
2752512,1,ReshardDeviceOperation,8,2954.0
2641920,1,ReshardDeviceOperation,8,2952.0
2744320,1,ReshardDeviceOperation,8,2952.0
1833984,,CopyDeviceOperation,64,2947.0
2891776,1,ReshardDeviceOperation,7,2946.0
1096704,,CopyDeviceOperation,64,2944.0
539648,,CopyDeviceOperation,64,2941.0
2007040,1,ReshardDeviceOperation,8,2941.0
1900544,1,UntilizeWithUnpaddingDeviceOperation,1,2938.0
2154496,1,ReshardDeviceOperation,8,2938.0
2199552,1,ReshardDeviceOperation,8,2938.0
2486272,1,ReshardDeviceOperation,8,2936.0
2494464,1,ReshardDeviceOperation,8,2931.0
2531328,1,ReshardDeviceOperation,8,2931.0
1354752,,CopyDeviceOperation,64,2930.0
2125824,1,ReshardDeviceOperation,8,2929.0
2142208,1,CopyDeviceOperation,64,2928.0
2875392,1,ReshardDeviceOperation,32,2926.0
2560000,1,ReshardDeviceOperation,8,2922.0
2043904,1,ReshardDeviceOperation,8,2920.0
2691072,1,ReshardDeviceOperation,32,2920.0
2241536,1,ReshardDeviceOperation,32,2918.0
2879488,1,CopyDeviceOperation,64,2915.0
1391616,,CopyDeviceOperation,64,2912.0
1465344,,CopyDeviceOperation,64,2907.0
1502208,,CopyDeviceOperation,64,2906.0
2289664,1,CopyDeviceOperation,64,2905.0
2191360,1,ReshardDeviceOperation,8,2904.0
553984,,BinaryNgDeviceOperation,64,2903.0
2536448,1,ReshardDeviceOperation,32,2903.0
2854912,1,ReshardDeviceOperation,8,2903.0
2105344,1,CopyDeviceOperation,64,2899.0
2596864,1,ReshardDeviceOperation,8,2898.0
2771968,1,InterleavedToShardedDeviceOperation,32,2897.0
2359296,1,ReshardDeviceOperation,32,2896.0
1870848,1,ReshardDeviceOperation,8,2895.0
2916352,1,CopyDeviceOperation,60,2894.0
1797120,,CopyDeviceOperation,64,2893.0
2285568,1,ReshardDeviceOperation,32,2891.0
2080768,1,ReshardDeviceOperation,8,2887.0
982016,,ReshardDeviceOperation,32,2883.0
986112,,CopyDeviceOperation,64,2878.0
2506752,1,ReshardDeviceOperation,32,2877.0
2449408,1,ReshardDeviceOperation,8,2874.0
2031616,1,CopyDeviceOperation,64,2872.0
2905088,1,ReshardDeviceOperation,28,2872.0
2838528,1,ReshardDeviceOperation,32,2870.0
2949120,1,ReshardDeviceOperation,28,2869.0
2605056,1,ReshardDeviceOperation,8,2865.0
2462720,1,ReshardDeviceOperation,32,2864.0
2113536,1,InterleavedToShardedDeviceOperation,8,2858.0
3026944,1,CopyDeviceOperation,48,2848.0
2670592,1,ReshardDeviceOperation,8,2842.0
2338816,1,ReshardDeviceOperation,8,2840.0
2326528,1,CopyDeviceOperation,64,2839.0
2469888,1,ReshardDeviceOperation,32,2838.0
901120,,ReshardDeviceOperation,32,2835.0
1911808,1,RepeatDeviceOperation,64,2831.0
2174976,1,ReshardDeviceOperation,32,2830.0
2654208,1,ReshardDeviceOperation,32,2830.0
3133440,1,ReshardDeviceOperation,16,2829.0
2273280,1,ReshardDeviceOperation,8,2826.0
2015232,1,ReshardDeviceOperation,8,2824.0
617472,,CopyDeviceOperation,64,2818.0
2912256,1,ReshardDeviceOperation,28,2818.0
2990080,1,CopyDeviceOperation,60,2814.0
3170304,1,ReshardDeviceOperation,16,2814.0
1156096,,ShardedToInterleavedDeviceOperation,64,2812.0
3200000,1,ReshardDeviceOperation,16,2809.0
1603584,,ShardedToInterleavedDeviceOperation,32,2804.0
1990656,1,ReshardDeviceOperation,32,2804.0
1461248,,ReshardDeviceOperation,32,2803.0
2715648,1,ReshardDeviceOperation,8,2803.0
3174400,1,CopyDeviceOperation,44,2803.0
1343488,,ReshardDeviceOperation,32,2797.0
2094080,1,ReshardDeviceOperation,32,2792.0
937984,,ReshardDeviceOperation,32,2789.0
2322432,1,ReshardDeviceOperation,32,2788.0
2167808,1,ReshardDeviceOperation,32,2786.0
1887232,1,ReshardDeviceOperation,32,2784.0
3211264,1,CopyDeviceOperation,44,2783.0
1760256,,CopyDeviceOperation,64,2782.0
2764800,1,ReshardDeviceOperation,32,2772.0
3096576,1,ReshardDeviceOperation,16,2767.0
1011712,,ReshardDeviceOperation,32,2765.0
2683904,1,ReshardDeviceOperation,32,2759.0
3126272,1,ReshardDeviceOperation,16,2759.0
2388992,1,ReshardDeviceOperation,32,2756.0
2578432,1,InterleavedToShardedDeviceOperation,32,2754.0
723968,,ReshardDeviceOperation,32,2748.0
2617344,1,ReshardDeviceOperation,32,2744.0
1756160,,ReshardDeviceOperation,32,2740.0
3059712,1,ReshardDeviceOperation,16,2737.0
3100672,1,CopyDeviceOperation,48,2735.0
1055744,,ReshardDeviceOperation,32,2732.0
2621440,1,CopyDeviceOperation,64,2727.0
2433024,1,ReshardDeviceOperation,32,2720.0
2396160,1,ReshardDeviceOperation,32,2713.0
2610176,1,ReshardDeviceOperation,32,2712.0
3052544,1,ReshardDeviceOperation,16,2712.0
1916928,1,CopyDeviceOperation,64,2709.0
2831360,1,ReshardDeviceOperation,32,2705.0
1417216,,ReshardDeviceOperation,32,2701.0
2985984,1,ReshardDeviceOperation,28,2699.0
1862656,1,BinaryNgDeviceOperation,64,2697.0
2138112,1,ReshardDeviceOperation,32,2693.0
1166336,,ReshardDeviceOperation,32,2692.0
523264,,UntilizeWithUnpaddingDeviceOperation,1,2691.0
2580480,1,ReshardDeviceOperation,32,2686.0
1092608,,ReshardDeviceOperation,32,2684.0
908288,,ReshardDeviceOperation,32,2683.0
2061312,1,SliceDeviceOperation,64,2682.0
2543616,1,ReshardDeviceOperation,32,2680.0
2978816,1,ReshardDeviceOperation,28,2680.0
1793024,,ReshardDeviceOperation,32,2679.0
2211840,1,ReshardDeviceOperation,32,2673.0
2064384,1,ReshardDeviceOperation,32,2671.0
2801664,1,ReshardDeviceOperation,32,2653.0
676864,,ShardedToInterleavedDeviceOperation,64,2651.0
2101248,1,ReshardDeviceOperation,32,2651.0
569344,,ReshardDeviceOperation,32,2646.0
679936,,ReshardDeviceOperation,32,2646.0
509952,,ReshardDeviceOperation,32,2641.0
650240,,ReshardDeviceOperation,32,2641.0
827392,,ReshardDeviceOperation,32,2638.0
1859584,1,BinaryNgDeviceOperation,64,2638.0
1946624,1,ReshardDeviceOperation,32,2637.0
2757632,1,ReshardDeviceOperation,32,2637.0
864256,,ReshardDeviceOperation,32,2635.0
1387520,,ReshardDeviceOperation,32,2628.0
1931264,1,BinaryNgDeviceOperation,64,2628.0
945152,,ReshardDeviceOperation,32,2625.0
3022848,1,ReshardDeviceOperation,25,2621.0
538624,,ShardedToInterleavedDeviceOperation,32,2619.0
1350656,,ReshardDeviceOperation,32,2619.0
1018880,,ReshardDeviceOperation,32,2613.0
797696,,ReshardDeviceOperation,32,2603.0
1082368,,ShardedToInterleavedDeviceOperation,64,2596.0
1598464,,ShardedToInterleavedDeviceOperation,64,2596.0
753664,,ReshardDeviceOperation,32,2594.0
1635328,,ShardedToInterleavedDeviceOperation,64,2589.0
1638400,,ReshardDeviceOperation,32,2582.0
2727936,1,ReshardDeviceOperation,32,2574.0
898048,,ShardedToInterleavedDeviceOperation,64,2572.0
1424384,,ReshardDeviceOperation,32,2572.0
2315264,1,ReshardDeviceOperation,32,2572.0
1943552,1,ShardedToInterleavedDeviceOperation,64,2570.0
760832,,ReshardDeviceOperation,32,2566.0
606208,,ReshardDeviceOperation,32,2563.0
1087488,,ShardedToInterleavedDeviceOperation,32,2563.0
566272,,ShardedToInterleavedDeviceOperation,64,2556.0
1490944,,ReshardDeviceOperation,32,2556.0
1203200,,ReshardDeviceOperation,32,2548.0
613376,,ReshardDeviceOperation,32,2540.0
974848,,ReshardDeviceOperation,32,2539.0
1527808,,ReshardDeviceOperation,32,2539.0
687104,,ReshardDeviceOperation,32,2537.0
1269760,,ReshardDeviceOperation,32,2535.0
792576,,ShardedToInterleavedDeviceOperation,32,2532.0
834560,,ReshardDeviceOperation,32,2532.0
1240064,,ReshardDeviceOperation,32,2531.0
640000,,ShardedToInterleavedDeviceOperation,64,2521.0
1608704,,ReshardDeviceOperation,32,2516.0
3084288,1,ReshardDeviceOperation,4,2515.0
645120,,ShardedToInterleavedDeviceOperation,32,2510.0
940032,,ShardedToInterleavedDeviceOperation,32,2508.0
3010560,1,ReshardDeviceOperation,4,2506.0
1534976,,ReshardDeviceOperation,32,2505.0
2965504,1,ReshardDeviceOperation,4,2505.0
1645568,,ReshardDeviceOperation,32,2502.0
1675264,,ReshardDeviceOperation,32,2501.0
1232896,,ReshardDeviceOperation,32,2500.0
1709056,,ShardedToInterleavedDeviceOperation,64,2500.0
1983488,1,ReshardDeviceOperation,32,2494.0
1787904,,ShardedToInterleavedDeviceOperation,32,2493.0
824320,,ShardedToInterleavedDeviceOperation,64,2492.0
1524736,,ShardedToInterleavedDeviceOperation,64,2492.0
2899968,1,ReshardDeviceOperation,4,2490.0
1048576,,ReshardDeviceOperation,32,2489.0
1712128,,ReshardDeviceOperation,32,2489.0
3047424,1,ReshardDeviceOperation,4,2481.0
1377280,,ShardedToInterleavedDeviceOperation,64,2477.0
2973696,1,ReshardDeviceOperation,4,2477.0
971776,,ShardedToInterleavedDeviceOperation,64,2476.0
1829888,,ReshardDeviceOperation,32,2476.0
482304,,BinaryNgDeviceOperation,64,2472.0
1122304,,ReshardDeviceOperation,32,2468.0
1719296,,ReshardDeviceOperation,32,2464.0
1380352,,ReshardDeviceOperation,32,2462.0
1831936,,ShardedToInterleavedDeviceOperation,32,2460.0
3076096,1,ReshardDeviceOperation,4,2460.0
485376,,BinaryNgDeviceOperation,64,2455.0
787456,,ShardedToInterleavedDeviceOperation,64,2452.0
576512,,ReshardDeviceOperation,32,2451.0
1313792,,ReshardDeviceOperation,32,2445.0
1566720,,ShardedToInterleavedDeviceOperation,32,2445.0
495616,,ShardedToInterleavedDeviceOperation,64,2442.0
2422784,1,ShardedToInterleavedDeviceOperation,64,2440.0
1085440,,ReshardDeviceOperation,32,2437.0
861184,,ShardedToInterleavedDeviceOperation,64,2436.0
1020928,,ShardedToInterleavedDeviceOperation,32,2436.0
689152,,ShardedToInterleavedDeviceOperation,32,2435.0
1159168,,ReshardDeviceOperation,32,2430.0
910336,,ShardedToInterleavedDeviceOperation,32,2429.0
1672192,,ShardedToInterleavedDeviceOperation,64,2428.0
3039232,1,ReshardDeviceOperation,4,2428.0
2936832,1,ReshardDeviceOperation,4,2425.0
871424,,ReshardDeviceOperation,32,2422.0
726016,,ShardedToInterleavedDeviceOperation,32,2421.0
750592,,ShardedToInterleavedDeviceOperation,64,2421.0
2445312,1,InterleavedToShardedDeviceOperation,8,2420.0
790528,,ReshardDeviceOperation,32,2414.0
1564672,,ReshardDeviceOperation,32,2414.0
1119232,,ShardedToInterleavedDeviceOperation,64,2412.0
1745920,,ShardedToInterleavedDeviceOperation,64,2412.0
1785856,,ReshardDeviceOperation,32,2411.0
1456128,,ShardedToInterleavedDeviceOperation,32,2405.0
1822720,,ReshardDeviceOperation,32,2405.0
713728,,ShardedToInterleavedDeviceOperation,64,2404.0
2928640,1,ReshardDeviceOperation,4,2401.0
1340416,,ShardedToInterleavedDeviceOperation,64,2396.0
718848,,ShardedToInterleavedDeviceOperation,32,2392.0
2275328,1,ShardedToInterleavedDeviceOperation,64,2392.0
3002368,1,ReshardDeviceOperation,4,2390.0
829440,,ShardedToInterleavedDeviceOperation,32,2389.0
1198080,,ShardedToInterleavedDeviceOperation,32,2389.0
934912,,ShardedToInterleavedDeviceOperation,64,2388.0
3196928,1,ShardedToInterleavedDeviceOperation,44,2388.0
1196032,,ReshardDeviceOperation,32,2387.0
1050624,,ShardedToInterleavedDeviceOperation,32,2382.0
1819648,,ShardedToInterleavedDeviceOperation,64,2381.0
1571840,,ReshardDeviceOperation,32,2380.0
1748992,,ReshardDeviceOperation,32,2380.0
2575360,1,ShardedToInterleavedDeviceOperation,32,2380.0
1057792,,ShardedToInterleavedDeviceOperation,32,2379.0
1124352,,ShardedToInterleavedDeviceOperation,32,2376.0
1682432,,ReshardDeviceOperation,32,2373.0
1714176,,ShardedToInterleavedDeviceOperation,32,2373.0
1161216,,ShardedToInterleavedDeviceOperation,32,2372.0
1426432,,ShardedToInterleavedDeviceOperation,32,2372.0
947200,,ShardedToInterleavedDeviceOperation,32,2370.0
3012608,1,ShardedToInterleavedDeviceOperation,60,2370.0
1454080,,ReshardDeviceOperation,32,2366.0
1008640,,ShardedToInterleavedDeviceOperation,64,2365.0
643072,,ReshardDeviceOperation,32,2364.0
1131520,,ShardedToInterleavedDeviceOperation,32,2364.0
608256,,ShardedToInterleavedDeviceOperation,32,2363.0
1045504,,ShardedToInterleavedDeviceOperation,64,2356.0
1537024,,ShardedToInterleavedDeviceOperation,32,2356.0
2238464,1,ShardedToInterleavedDeviceOperation,64,2356.0
762880,,ShardedToInterleavedDeviceOperation,32,2355.0
1271808,,ShardedToInterleavedDeviceOperation,32,2355.0
1306624,,ReshardDeviceOperation,32,2355.0
2098176,1,SliceDeviceOperation,64,2355.0
3049472,1,ShardedToInterleavedDeviceOperation,48,2355.0
571392,,ShardedToInterleavedDeviceOperation,32,2351.0
1205248,,ShardedToInterleavedDeviceOperation,32,2351.0
1451008,,ShardedToInterleavedDeviceOperation,64,2349.0
1677312,,ShardedToInterleavedDeviceOperation,32,2342.0
1487872,,ShardedToInterleavedDeviceOperation,64,2340.0
1573888,,ShardedToInterleavedDeviceOperation,32,2340.0
2312192,1,ShardedToInterleavedDeviceOperation,64,2338.0
512000,,ShardedToInterleavedDeviceOperation,32,2337.0
1352704,,ShardedToInterleavedDeviceOperation,32,2332.0
1192960,,ShardedToInterleavedDeviceOperation,64,2331.0
2865152,1,ShardedToInterleavedDeviceOperation,64,2330.0
681984,,ShardedToInterleavedDeviceOperation,32,2329.0
831488,,SliceDeviceOperation,64,2329.0
1795072,,ShardedToInterleavedDeviceOperation,32,2329.0
1389568,,ShardedToInterleavedDeviceOperation,32,2326.0
1129472,,ReshardDeviceOperation,32,2325.0
1276928,,ReshardDeviceOperation,32,2323.0
1463296,,ShardedToInterleavedDeviceOperation,32,2323.0
530432,,ShardedToInterleavedDeviceOperation,32,2322.0
2496512,1,ShardedToInterleavedDeviceOperation,64,2321.0
976896,,ShardedToInterleavedDeviceOperation,32,2320.0
2201600,1,ShardedToInterleavedDeviceOperation,64,2320.0
2902016,1,ShardedToInterleavedDeviceOperation,60,2320.0
1234944,,ShardedToInterleavedDeviceOperation,32,2319.0
799744,,ShardedToInterleavedDeviceOperation,32,2317.0
1824768,,ShardedToInterleavedDeviceOperation,32,2316.0
1758208,,ShardedToInterleavedDeviceOperation,32,2315.0
2385920,1,ShardedToInterleavedDeviceOperation,64,2314.0
903168,,ShardedToInterleavedDeviceOperation,32,2312.0
1529856,,ShardedToInterleavedDeviceOperation,32,2311.0
1242112,,ShardedToInterleavedDeviceOperation,32,2304.0
1980416,1,ShardedToInterleavedDeviceOperation,64,2296.0
2349056,1,ShardedToInterleavedDeviceOperation,64,2291.0
2127872,1,ShardedToInterleavedDeviceOperation,64,2290.0
873472,,ShardedToInterleavedDeviceOperation,32,2288.0
2466816,1,SliceDeviceOperation,64,2287.0
2982912,1,SliceDeviceOperation,60,2287.0
3086336,1,ShardedToInterleavedDeviceOperation,48,2287.0
1500160,,ShardedToInterleavedDeviceOperation,32,2285.0
1561600,,ShardedToInterleavedDeviceOperation,64,2284.0
1419264,,ShardedToInterleavedDeviceOperation,32,2281.0
603136,,ShardedToInterleavedDeviceOperation,64,2276.0
1094656,,ShardedToInterleavedDeviceOperation,32,2273.0
1278976,,ShardedToInterleavedDeviceOperation,32,2273.0
1168384,,ShardedToInterleavedDeviceOperation,32,2272.0
2975744,1,ShardedToInterleavedDeviceOperation,60,2272.0
1308672,,ShardedToInterleavedDeviceOperation,32,2269.0
1872896,1,ShardedToInterleavedDeviceOperation,64,2269.0
1382400,,ShardedToInterleavedDeviceOperation,32,2268.0
755712,,ShardedToInterleavedDeviceOperation,32,2267.0
866304,,ShardedToInterleavedDeviceOperation,32,2267.0
1345536,,ShardedToInterleavedDeviceOperation,32,2267.0
2643968,1,ShardedToInterleavedDeviceOperation,64,2262.0
1684480,,ShardedToInterleavedDeviceOperation,32,2261.0
1303552,,ShardedToInterleavedDeviceOperation,64,2260.0
1414144,,ShardedToInterleavedDeviceOperation,64,2260.0
2054144,1,ShardedToInterleavedDeviceOperation,64,2258.0
2459648,1,ShardedToInterleavedDeviceOperation,64,2258.0
1229824,,ShardedToInterleavedDeviceOperation,64,2257.0
1610752,,ShardedToInterleavedDeviceOperation,32,2257.0
1013760,,ShardedToInterleavedDeviceOperation,32,2255.0
578560,,ShardedToInterleavedDeviceOperation,32,2252.0
1751040,,ShardedToInterleavedDeviceOperation,32,2252.0
2693120,1,ShardedToInterleavedDeviceOperation,32,2249.0
1721344,,ShardedToInterleavedDeviceOperation,32,2244.0
2029568,1,ShardedToInterleavedDeviceOperation,32,2242.0
2754560,1,ShardedToInterleavedDeviceOperation,64,2242.0
615424,,ShardedToInterleavedDeviceOperation,32,2240.0
652288,,ShardedToInterleavedDeviceOperation,32,2236.0
1647616,,ShardedToInterleavedDeviceOperation,32,2236.0
1315840,,ShardedToInterleavedDeviceOperation,32,2233.0
836608,,ShardedToInterleavedDeviceOperation,32,2229.0
1266688,,ShardedToInterleavedDeviceOperation,64,2223.0
1640448,,ShardedToInterleavedDeviceOperation,32,2221.0
2091008,1,ShardedToInterleavedDeviceOperation,64,2219.0
2164736,1,ShardedToInterleavedDeviceOperation,64,2218.0
1679360,,SliceDeviceOperation,64,2211.0
2533376,1,ShardedToInterleavedDeviceOperation,64,2210.0
2828288,1,ShardedToInterleavedDeviceOperation,64,2202.0
1492992,,ShardedToInterleavedDeviceOperation,32,2201.0
2656256,1,ShardedToInterleavedDeviceOperation,32,2200.0
2017280,1,ShardedToInterleavedDeviceOperation,64,2197.0
684032,,SliceDeviceOperation,64,2190.0
1015808,,SliceDeviceOperation,64,2188.0
2607104,1,ShardedToInterleavedDeviceOperation,64,2186.0
2680832,1,ShardedToInterleavedDeviceOperation,64,2182.0
984064,,ShardedToInterleavedDeviceOperation,32,2180.0
3160064,1,ShardedToInterleavedDeviceOperation,44,2179.0
573440,,SliceDeviceOperation,64,2170.0
1421312,,SliceDeviceOperation,64,2165.0
1601536,,ReshardDeviceOperation,32,2165.0
1985536,1,ShardedToInterleavedDeviceOperation,32,2162.0
2938880,1,ShardedToInterleavedDeviceOperation,60,2162.0
1753088,,SliceDeviceOperation,64,2159.0
1716224,,SliceDeviceOperation,64,2154.0
3123200,1,ShardedToInterleavedDeviceOperation,44,2148.0
2791424,1,ShardedToInterleavedDeviceOperation,64,2147.0
1782784,,ShardedToInterleavedDeviceOperation,64,2145.0
2282496,1,SliceDeviceOperation,64,2145.0
1955840,1,ShardedToInterleavedDeviceOperation,32,2143.0
2066432,1,ShardedToInterleavedDeviceOperation,32,2143.0
2280448,1,ShardedToInterleavedDeviceOperation,32,2138.0
2909184,1,SliceDeviceOperation,60,2132.0
1987584,1,SliceDeviceOperation,64,2124.0
2471936,1,ShardedToInterleavedDeviceOperation,32,2124.0
2570240,1,ShardedToInterleavedDeviceOperation,64,2122.0
2717696,1,ShardedToInterleavedDeviceOperation,64,2122.0
2103296,1,ShardedToInterleavedDeviceOperation,32,2118.0
3167232,1,SliceDeviceOperation,44,2116.0
2435072,1,ShardedToInterleavedDeviceOperation,32,2114.0
524288,,RepeatDeviceOperation,64,2114.0
1901568,1,RepeatDeviceOperation,64,2114.0
2324480,1,ShardedToInterleavedDeviceOperation,32,2112.0
2649088,1,ShardedToInterleavedDeviceOperation,32,2107.0
1236992,,SliceDeviceOperation,64,2106.0
2614272,1,SliceDeviceOperation,64,2105.0
2260992,1,InterleavedToShardedDeviceOperation,8,2102.0
1605632,,SliceDeviceOperation,64,2100.0
2877440,1,ShardedToInterleavedDeviceOperation,32,2082.0
2464768,1,ShardedToInterleavedDeviceOperation,32,2076.0
2759680,1,ShardedToInterleavedDeviceOperation,32,2073.0
1495040,,SliceDeviceOperation,64,2072.0
1966080,1,InterleavedToShardedDeviceOperation,8,2071.0
3035136,1,InterleavedToShardedDeviceOperation,4,2070.0
610304,,SliceDeviceOperation,64,2068.0
1052672,,SliceDeviceOperation,64,2064.0
1929216,1,InterleavedToShardedDeviceOperation,8,2064.0
2393088,1,SliceDeviceOperation,64,2062.0
2545664,1,ShardedToInterleavedDeviceOperation,32,2062.0
2398208,1,ShardedToInterleavedDeviceOperation,32,2061.0
3093504,1,SliceDeviceOperation,48,2061.0
1163264,,SliceDeviceOperation,64,2060.0
1458176,,SliceDeviceOperation,64,2060.0
1948672,1,ShardedToInterleavedDeviceOperation,32,2056.0
1789952,,SliceDeviceOperation,64,2055.0
2651136,1,SliceDeviceOperation,64,2054.0
2317312,1,ShardedToInterleavedDeviceOperation,32,2053.0
1089536,,SliceDeviceOperation,64,2049.0
1893376,1,SliceDeviceOperation,64,2049.0
1200128,,SliceDeviceOperation,64,2038.0
1126400,,SliceDeviceOperation,64,2036.0
2150400,1,InterleavedToShardedDeviceOperation,8,2035.0
978944,,SliceDeviceOperation,64,2029.0
942080,,SliceDeviceOperation,64,2028.0
2224128,1,InterleavedToShardedDeviceOperation,8,2025.0
2666496,1,InterleavedToShardedDeviceOperation,8,2024.0
2729984,1,ShardedToInterleavedDeviceOperation,32,2024.0
1384448,,SliceDeviceOperation,64,2022.0
2688000,1,SliceDeviceOperation,64,2022.0
2024448,1,SliceDeviceOperation,64,2021.0
506880,,TypecastDeviceOperation,4,2015.0
2872320,1,SliceDeviceOperation,64,2012.0
2429952,1,SliceDeviceOperation,64,2011.0
905216,,SliceDeviceOperation,64,2009.0
2685952,1,ShardedToInterleavedDeviceOperation,32,2009.0
508928,,TypecastDeviceOperation,4,2008.0
2813952,1,InterleavedToShardedDeviceOperation,8,2004.0
2946048,1,SliceDeviceOperation,60,2004.0
2724864,1,SliceDeviceOperation,64,2003.0
2206720,1,ShardedToInterleavedDeviceOperation,32,1996.0
2761728,1,SliceDeviceOperation,64,1996.0
3019776,1,SliceDeviceOperation,60,1995.0
794624,,SliceDeviceOperation,64,1993.0
2245632,1,SliceDeviceOperation,64,1993.0
1568768,,SliceDeviceOperation,64,1992.0
2140160,1,ShardedToInterleavedDeviceOperation,32,1992.0
2171904,1,SliceDeviceOperation,64,1989.0
2319360,1,SliceDeviceOperation,64,1989.0
919552,,ShardedToInterleavedDeviceOperation,32,1985.0
1310720,,SliceDeviceOperation,64,1985.0
1531904,,SliceDeviceOperation,64,1984.0
2835456,1,SliceDeviceOperation,64,1984.0
2361344,1,ShardedToInterleavedDeviceOperation,32,1983.0
647168,,SliceDeviceOperation,64,1982.0
1030144,,ShardedToInterleavedDeviceOperation,32,1977.0
2619392,1,ShardedToInterleavedDeviceOperation,32,1976.0
2519040,1,InterleavedToShardedDeviceOperation,8,1972.0
2944000,1,ShardedToInterleavedDeviceOperation,28,1972.0
1889280,1,ShardedToInterleavedDeviceOperation,32,1970.0
720896,,SliceDeviceOperation,64,1969.0
1950720,1,SliceDeviceOperation,64,1968.0
516096,,SliceDeviceOperation,64,1967.0
1826816,,SliceDeviceOperation,64,1967.0
2213888,1,ShardedToInterleavedDeviceOperation,32,1963.0
1251328,,ShardedToInterleavedDeviceOperation,32,1961.0
757760,,SliceDeviceOperation,64,1960.0
3204096,1,SliceDeviceOperation,44,1958.0
808960,,ShardedToInterleavedDeviceOperation,32,1953.0
1103872,,ShardedToInterleavedDeviceOperation,32,1953.0
2177024,1,ShardedToInterleavedDeviceOperation,32,1953.0
2503680,1,SliceDeviceOperation,64,1953.0
2582528,1,ShardedToInterleavedDeviceOperation,32,1952.0
2924544,1,InterleavedToShardedDeviceOperation,4,1951.0
2135040,1,SliceDeviceOperation,64,1947.0
2250752,1,ShardedToInterleavedDeviceOperation,32,1945.0
2540544,1,SliceDeviceOperation,64,1945.0
2577408,1,SliceDeviceOperation,64,1943.0
1642496,,SliceDeviceOperation,64,1942.0
1883136,1,UnaryDeviceOperation,64,1940.0
1214464,,ShardedToInterleavedDeviceOperation,32,1937.0
2703360,1,InterleavedToShardedDeviceOperation,8,1937.0
1273856,,SliceDeviceOperation,64,1933.0
2870272,1,ShardedToInterleavedDeviceOperation,32,1932.0
2039808,1,InterleavedToShardedDeviceOperation,8,1928.0
1347584,,SliceDeviceOperation,64,1926.0
2555904,1,InterleavedToShardedDeviceOperation,8,1925.0
1398784,,ShardedToInterleavedDeviceOperation,32,1920.0
2287616,1,ShardedToInterleavedDeviceOperation,32,1920.0
2132992,1,ShardedToInterleavedDeviceOperation,32,1918.0
3056640,1,SliceDeviceOperation,48,1916.0
993280,,ShardedToInterleavedDeviceOperation,32,1913.0
2334720,1,InterleavedToShardedDeviceOperation,8,1912.0
2914304,1,ShardedToInterleavedDeviceOperation,28,1912.0
2356224,1,SliceDeviceOperation,64,1909.0
868352,,SliceDeviceOperation,64,1904.0
2208768,1,SliceDeviceOperation,64,1904.0
3130368,1,SliceDeviceOperation,44,1902.0
1915904,1,ShardedToInterleavedDeviceOperation,32,1898.0
2961408,1,InterleavedToShardedDeviceOperation,4,1898.0
1841152,,ShardedToInterleavedDeviceOperation,32,1894.0
1619968,,ShardedToInterleavedDeviceOperation,32,1881.0
2612224,1,ShardedToInterleavedDeviceOperation,32,1880.0
2803712,1,ShardedToInterleavedDeviceOperation,32,1879.0
2988032,1,ShardedToInterleavedDeviceOperation,28,1879.0
1067008,,ShardedToInterleavedDeviceOperation,32,1878.0
1177600,,ShardedToInterleavedDeviceOperation,32,1876.0
2354176,1,ShardedToInterleavedDeviceOperation,32,1876.0
2508800,1,ShardedToInterleavedDeviceOperation,32,1875.0
1905664,1,ReshardDeviceOperation,32,1874.0
1472512,,ShardedToInterleavedDeviceOperation,32,1873.0
1361920,,ShardedToInterleavedDeviceOperation,32,1870.0
661504,,ShardedToInterleavedDeviceOperation,32,1868.0
2907136,1,ShardedToInterleavedDeviceOperation,28,1868.0
2096128,1,ShardedToInterleavedDeviceOperation,32,1867.0
1656832,,ShardedToInterleavedDeviceOperation,32,1865.0
2840576,1,ShardedToInterleavedDeviceOperation,32,1864.0
1884160,1,TypecastDeviceOperation,4,1860.0
1546240,,ShardedToInterleavedDeviceOperation,32,1857.0
1886208,1,TypecastDeviceOperation,4,1857.0
2833408,1,ShardedToInterleavedDeviceOperation,32,1857.0
505856,,UnaryDeviceOperation,64,1849.0
956416,,ShardedToInterleavedDeviceOperation,32,1848.0
1325056,,ShardedToInterleavedDeviceOperation,32,1844.0
2427904,1,ShardedToInterleavedDeviceOperation,32,1837.0
3235840,,UntilizeWithUnpaddingDeviceOperation,1,1817.0
3251200,,UntilizeWithUnpaddingDeviceOperation,1,1817.0
2766848,1,ShardedToInterleavedDeviceOperation,32,1816.0
1885184,1,UnaryDeviceOperation,64,1813.0
1435648,,ShardedToInterleavedDeviceOperation,32,1810.0
1730560,,ShardedToInterleavedDeviceOperation,32,1809.0
3241984,,UntilizeWithUnpaddingDeviceOperation,1,1806.0
3135488,1,ShardedToInterleavedDeviceOperation,16,1800.0
1288192,,ShardedToInterleavedDeviceOperation,32,1799.0
3259392,,UntilizeWithUnpaddingDeviceOperation,1,1798.0
3240960,,UntilizeWithUnpaddingDeviceOperation,1,1787.0
2391040,1,ShardedToInterleavedDeviceOperation,32,1784.0
1693696,,ShardedToInterleavedDeviceOperation,32,1781.0
624640,,ShardedToInterleavedDeviceOperation,32,1777.0
2482176,1,InterleavedToShardedDeviceOperation,8,1777.0
2501632,1,ShardedToInterleavedDeviceOperation,32,1774.0
1164288,,InterleavedToShardedDeviceOperation,32,1771.0
845824,,ShardedToInterleavedDeviceOperation,32,1770.0
772096,,ShardedToInterleavedDeviceOperation,32,1769.0
2722816,1,ShardedToInterleavedDeviceOperation,32,1768.0
3128320,1,ShardedToInterleavedDeviceOperation,16,1762.0
2059264,1,ShardedToInterleavedDeviceOperation,32,1756.0
550912,,ShardedToInterleavedDeviceOperation,32,1753.0
1804288,,ShardedToInterleavedDeviceOperation,32,1753.0
758784,,InterleavedToShardedDeviceOperation,32,1752.0
1583104,,ShardedToInterleavedDeviceOperation,32,1745.0
698368,,ShardedToInterleavedDeviceOperation,32,1743.0
2169856,1,ShardedToInterleavedDeviceOperation,32,1742.0
3202048,1,ShardedToInterleavedDeviceOperation,16,1739.0
1509376,,ShardedToInterleavedDeviceOperation,32,1737.0
3244032,,UntilizeWithUnpaddingDeviceOperation,1,1736.0
2777088,1,InterleavedToShardedDeviceOperation,8,1731.0
2849792,1,ShardedToInterleavedDeviceOperation,32,1729.0
1436672,,InterleavedToShardedDeviceOperation,8,1728.0
1140736,,ShardedToInterleavedDeviceOperation,32,1721.0
1767424,,ShardedToInterleavedDeviceOperation,32,1721.0
1992704,1,ShardedToInterleavedDeviceOperation,32,1720.0
2297856,1,InterleavedToShardedDeviceOperation,8,1720.0
3072000,1,InterleavedToShardedDeviceOperation,4,1719.0
735232,,ShardedToInterleavedDeviceOperation,32,1713.0
3246080,,UntilizeWithUnpaddingDeviceOperation,1,1713.0
2243584,1,ShardedToInterleavedDeviceOperation,32,1712.0
3250176,,UntilizeWithUnpaddingDeviceOperation,1,1710.0
507904,,UnaryDeviceOperation,64,1709.0
3243008,,UntilizeWithUnpaddingDeviceOperation,1,1707.0
587776,,ShardedToInterleavedDeviceOperation,32,1705.0
882688,,ShardedToInterleavedDeviceOperation,32,1705.0
1031168,,InterleavedToShardedDeviceOperation,8,1705.0
551936,,InterleavedToShardedDeviceOperation,8,1699.0
2592768,1,InterleavedToShardedDeviceOperation,8,1698.0
3262464,,UntilizeWithUnpaddingDeviceOperation,1,1697.0
2980864,1,ShardedToInterleavedDeviceOperation,28,1697.0
2022400,1,ShardedToInterleavedDeviceOperation,32,1696.0
3237888,,UntilizeWithUnpaddingDeviceOperation,1,1696.0
3024896,1,ShardedToInterleavedDeviceOperation,25,1696.0
3165184,1,ShardedToInterleavedDeviceOperation,16,1694.0
3252224,,UntilizeWithUnpaddingDeviceOperation,1,1689.0
3256320,,UntilizeWithUnpaddingDeviceOperation,1,1689.0
2371584,1,InterleavedToShardedDeviceOperation,8,1688.0
3272704,,UntilizeWithUnpaddingDeviceOperation,1,1688.0
2796544,1,ShardedToInterleavedDeviceOperation,32,1687.0
3269632,,UntilizeWithUnpaddingDeviceOperation,1,1687.0
3271680,,UntilizeWithUnpaddingDeviceOperation,1,1687.0
2960384,1,ShardedToInterleavedDeviceOperation,28,1687.0
3258368,,UntilizeWithUnpaddingDeviceOperation,1,1684.0
3245056,,UntilizeWithUnpaddingDeviceOperation,1,1681.0
3238912,,UntilizeWithUnpaddingDeviceOperation,1,1679.0
3263488,,UntilizeWithUnpaddingDeviceOperation,1,1677.0
3249152,,UntilizeWithUnpaddingDeviceOperation,1,1676.0
3255296,,UntilizeWithUnpaddingDeviceOperation,1,1676.0
3267584,,UntilizeWithUnpaddingDeviceOperation,1,1675.0
2887680,1,InterleavedToShardedDeviceOperation,7,1675.0
3239936,,UntilizeWithUnpaddingDeviceOperation,1,1674.0
1496064,,InterleavedToShardedDeviceOperation,32,1673.0
2187264,1,InterleavedToShardedDeviceOperation,8,1673.0
3260416,,UntilizeWithUnpaddingDeviceOperation,1,1671.0
1584128,,InterleavedToShardedDeviceOperation,8,1669.0
3270656,,UntilizeWithUnpaddingDeviceOperation,1,1665.0
3172352,1,ShardedToInterleavedDeviceOperation,16,1665.0
3264512,,UntilizeWithUnpaddingDeviceOperation,1,1663.0
1874944,1,RepeatDeviceOperation,64,1663.0
503808,,ConcatDeviceOperation,4,1659.0
1876992,1,TypecastDeviceOperation,1,1659.0
3261440,,UntilizeWithUnpaddingDeviceOperation,1,1659.0
3236864,,UntilizeWithUnpaddingDeviceOperation,1,1658.0
3248128,,UntilizeWithUnpaddingDeviceOperation,1,1657.0
3253248,,UntilizeWithUnpaddingDeviceOperation,1,1656.0
1348608,,InterleavedToShardedDeviceOperation,32,1655.0
1827840,,InterleavedToShardedDeviceOperation,32,1655.0
2076672,1,InterleavedToShardedDeviceOperation,8,1655.0
3265536,,UntilizeWithUnpaddingDeviceOperation,1,1652.0
3098624,1,ShardedToInterleavedDeviceOperation,16,1651.0
3266560,,UntilizeWithUnpaddingDeviceOperation,1,1650.0
736256,,InterleavedToShardedDeviceOperation,8,1648.0
1362944,,InterleavedToShardedDeviceOperation,8,1648.0
3268608,,UntilizeWithUnpaddingDeviceOperation,1,1647.0
2481152,1,ShardedToInterleavedDeviceOperation,32,1646.0
3254272,,UntilizeWithUnpaddingDeviceOperation,1,1644.0
3257344,,UntilizeWithUnpaddingDeviceOperation,1,1644.0
1473536,,InterleavedToShardedDeviceOperation,8,1643.0
846848,,InterleavedToShardedDeviceOperation,8,1641.0
2998272,1,InterleavedToShardedDeviceOperation,4,1641.0
2408448,1,InterleavedToShardedDeviceOperation,8,1640.0
2554880,1,ShardedToInterleavedDeviceOperation,32,1640.0
3247104,,UntilizeWithUnpaddingDeviceOperation,1,1637.0
1141760,,InterleavedToShardedDeviceOperation,8,1636.0
2886656,1,ShardedToInterleavedDeviceOperation,31,1634.0
1657856,,InterleavedToShardedDeviceOperation,8,1633.0
3061760,1,ShardedToInterleavedDeviceOperation,16,1629.0
2370560,1,ShardedToInterleavedDeviceOperation,32,1626.0
2702336,1,ShardedToInterleavedDeviceOperation,32,1623.0
3020800,1,InterleavedToShardedDeviceOperation,28,1621.0
2504704,1,InterleavedToShardedDeviceOperation,32,1620.0
2538496,1,ShardedToInterleavedDeviceOperation,32,1620.0
1289216,,InterleavedToShardedDeviceOperation,8,1618.0
662528,,InterleavedToShardedDeviceOperation,8,1615.0
883712,,InterleavedToShardedDeviceOperation,8,1614.0
499712,,TypecastDeviceOperation,1,1613.0
588800,,InterleavedToShardedDeviceOperation,8,1608.0
625664,,InterleavedToShardedDeviceOperation,8,1608.0
1510400,,InterleavedToShardedDeviceOperation,8,1607.0
1178624,,InterleavedToShardedDeviceOperation,8,1606.0
920576,,InterleavedToShardedDeviceOperation,8,1603.0
1104896,,InterleavedToShardedDeviceOperation,8,1603.0
1731584,,InterleavedToShardedDeviceOperation,8,1603.0
1215488,,InterleavedToShardedDeviceOperation,8,1599.0
1399808,,InterleavedToShardedDeviceOperation,8,1599.0
1768448,,InterleavedToShardedDeviceOperation,8,1599.0
1326080,,InterleavedToShardedDeviceOperation,8,1598.0
1459200,,InterleavedToShardedDeviceOperation,32,1598.0
1053696,,InterleavedToShardedDeviceOperation,32,1597.0
795648,,InterleavedToShardedDeviceOperation,32,1596.0
994304,,InterleavedToShardedDeviceOperation,8,1596.0
1090560,,InterleavedToShardedDeviceOperation,32,1596.0
1620992,,InterleavedToShardedDeviceOperation,8,1596.0
1842176,,InterleavedToShardedDeviceOperation,8,1596.0
1068032,,InterleavedToShardedDeviceOperation,8,1595.0
1252352,,InterleavedToShardedDeviceOperation,8,1595.0
1805312,,InterleavedToShardedDeviceOperation,8,1595.0
809984,,InterleavedToShardedDeviceOperation,8,1590.0
1547264,,InterleavedToShardedDeviceOperation,8,1587.0
1127424,,InterleavedToShardedDeviceOperation,32,1584.0
3054592,1,ShardedToInterleavedDeviceOperation,16,1583.0
699392,,InterleavedToShardedDeviceOperation,8,1582.0
1881088,1,ConcatDeviceOperation,4,1580.0
773120,,InterleavedToShardedDeviceOperation,8,1579.0
1694720,,InterleavedToShardedDeviceOperation,8,1575.0
957440,,InterleavedToShardedDeviceOperation,8,1574.0
497664,,RepeatDeviceOperation,64,1571.0
2951168,1,ShardedToInterleavedDeviceOperation,28,1570.0
3209216,1,ShardedToInterleavedDeviceOperation,16,1567.0
2149376,1,ShardedToInterleavedDeviceOperation,32,1564.0
3017728,1,ShardedToInterleavedDeviceOperation,28,1562.0
3091456,1,ShardedToInterleavedDeviceOperation,16,1560.0
517120,,InterleavedToShardedDeviceOperation,32,1554.0
2628608,1,ShardedToInterleavedDeviceOperation,32,1545.0
2947072,1,InterleavedToShardedDeviceOperation,28,1542.0
979968,,InterleavedToShardedDeviceOperation,32,1540.0
1201152,,InterleavedToShardedDeviceOperation,32,1532.0
2320384,1,InterleavedToShardedDeviceOperation,32,1531.0
2357248,1,InterleavedToShardedDeviceOperation,32,1531.0
1274880,,InterleavedToShardedDeviceOperation,32,1530.0
3070976,1,ShardedToInterleavedDeviceOperation,16,1529.0
1016832,,InterleavedToShardedDeviceOperation,32,1523.0
943104,,InterleavedToShardedDeviceOperation,32,1522.0
2518016,1,ShardedToInterleavedDeviceOperation,32,1521.0
2923520,1,ShardedToInterleavedDeviceOperation,28,1521.0
1864704,1,TypecastDeviceOperation,32,1512.0
721920,,InterleavedToShardedDeviceOperation,32,1510.0
2776064,1,ShardedToInterleavedDeviceOperation,32,1505.0
1238016,,InterleavedToShardedDeviceOperation,32,1499.0
1754112,,InterleavedToShardedDeviceOperation,32,1499.0
574464,,InterleavedToShardedDeviceOperation,32,1498.0
1569792,,InterleavedToShardedDeviceOperation,32,1497.0
2407424,1,ShardedToInterleavedDeviceOperation,32,1497.0
685056,,InterleavedToShardedDeviceOperation,32,1496.0
3107840,1,ShardedToInterleavedDeviceOperation,12,1496.0
1385472,,InterleavedToShardedDeviceOperation,32,1488.0
1532928,,InterleavedToShardedDeviceOperation,32,1487.0
2136064,1,InterleavedToShardedDeviceOperation,32,1487.0
1643520,,InterleavedToShardedDeviceOperation,32,1486.0
1680384,,InterleavedToShardedDeviceOperation,32,1485.0
832512,,InterleavedToShardedDeviceOperation,32,1477.0
906240,,InterleavedToShardedDeviceOperation,32,1474.0
1907712,1,ShardedToInterleavedDeviceOperation,32,1474.0
3034112,1,ShardedToInterleavedDeviceOperation,16,1473.0
1422336,,InterleavedToShardedDeviceOperation,32,1466.0
2209792,1,InterleavedToShardedDeviceOperation,32,1466.0
1717248,,InterleavedToShardedDeviceOperation,32,1465.0
3057664,1,InterleavedToShardedDeviceOperation,16,1465.0
648192,,InterleavedToShardedDeviceOperation,32,1463.0
487424,,TypecastDeviceOperation,32,1453.0
611328,,InterleavedToShardedDeviceOperation,32,1453.0
1903616,1,InterleavedToShardedDeviceOperation,32,1445.0
2186240,1,ShardedToInterleavedDeviceOperation,32,1434.0
526336,,InterleavedToShardedDeviceOperation,32,1432.0
1311744,,InterleavedToShardedDeviceOperation,32,1430.0
1606656,,InterleavedToShardedDeviceOperation,32,1430.0
2444288,1,ShardedToInterleavedDeviceOperation,32,1425.0
2739200,1,ShardedToInterleavedDeviceOperation,32,1418.0
1790976,,InterleavedToShardedDeviceOperation,32,1409.0
1965056,1,ShardedToInterleavedDeviceOperation,32,1398.0
869376,,InterleavedToShardedDeviceOperation,32,1397.0
2259968,1,ShardedToInterleavedDeviceOperation,32,1393.0
2001920,1,ShardedToInterleavedDeviceOperation,32,1386.0
2112512,1,ShardedToInterleavedDeviceOperation,32,1385.0
2665472,1,ShardedToInterleavedDeviceOperation,32,1385.0
1868800,1,InterleavedToShardedDeviceOperation,64,1374.0
2762752,1,InterleavedToShardedDeviceOperation,32,1367.0
2725888,1,InterleavedToShardedDeviceOperation,32,1353.0
2591744,1,ShardedToInterleavedDeviceOperation,32,1351.0
2873344,1,InterleavedToShardedDeviceOperation,32,1345.0
2025472,1,InterleavedToShardedDeviceOperation,32,1336.0
2075648,1,ShardedToInterleavedDeviceOperation,32,1336.0
2799616,1,InterleavedToShardedDeviceOperation,32,1335.0
2394112,1,InterleavedToShardedDeviceOperation,32,1327.0
2223104,1,ShardedToInterleavedDeviceOperation,32,1326.0
2430976,1,InterleavedToShardedDeviceOperation,32,1323.0
2283520,1,InterleavedToShardedDeviceOperation,32,1312.0
2246656,1,InterleavedToShardedDeviceOperation,32,1311.0
2652160,1,InterleavedToShardedDeviceOperation,32,1298.0
2172928,1,InterleavedToShardedDeviceOperation,32,1292.0
491520,,InterleavedToShardedDeviceOperation,64,1290.0
1928192,1,ShardedToInterleavedDeviceOperation,32,1289.0
2296832,1,ShardedToInterleavedDeviceOperation,32,1289.0
2812928,1,ShardedToInterleavedDeviceOperation,32,1279.0
2615296,1,InterleavedToShardedDeviceOperation,32,1277.0
1951744,1,InterleavedToShardedDeviceOperation,32,1276.0
3094528,1,InterleavedToShardedDeviceOperation,16,1276.0
2997248,1,ShardedToInterleavedDeviceOperation,28,1273.0
2983936,1,InterleavedToShardedDeviceOperation,28,1268.0
2689024,1,InterleavedToShardedDeviceOperation,32,1265.0
1988608,1,InterleavedToShardedDeviceOperation,32,1256.0
2541568,1,InterleavedToShardedDeviceOperation,32,1244.0
3144704,1,ShardedToInterleavedDeviceOperation,12,1238.0
2099200,1,InterleavedToShardedDeviceOperation,32,1217.0
3168256,1,InterleavedToShardedDeviceOperation,12,1190.0
2038784,1,ShardedToInterleavedDeviceOperation,32,1185.0
2836480,1,InterleavedToShardedDeviceOperation,32,1171.0
3181568,1,ShardedToInterleavedDeviceOperation,12,1169.0
2467840,1,InterleavedToShardedDeviceOperation,32,1160.0
2062336,1,InterleavedToShardedDeviceOperation,32,1147.0
3218432,1,ShardedToInterleavedDeviceOperation,12,1126.0
2333696,1,ShardedToInterleavedDeviceOperation,32,1121.0
2910208,1,InterleavedToShardedDeviceOperation,28,1101.0
1894400,1,InterleavedToShardedDeviceOperation,32,1069.0
3131392,1,InterleavedToShardedDeviceOperation,12,1029.0
3205120,1,InterleavedToShardedDeviceOperation,12,1027.0
1863680,1,ShardedToInterleavedDeviceOperation,1,1015.0
489472,,CopyDeviceOperation,1,888.0
1866752,1,CopyDeviceOperation,1,877.0
1860608,1,ShardedToInterleavedDeviceOperation,1,788.0
486400,,ShardedToInterleavedDeviceOperation,1,736.0
483328,,ShardedToInterleavedDeviceOperation,1,734.0
502784,,ShardedToInterleavedDeviceOperation,2,720.0
1882112,1,InterleavedToShardedDeviceOperation,4,695.0
504832,,InterleavedToShardedDeviceOperation,4,694.0
3221504,1,BinaryNgDeviceOperation,44,605.0
3147776,1,BinaryNgDeviceOperation,44,604.0
2189312,1,BinaryNgDeviceOperation,64,603.0
2713600,1,BinaryNgDeviceOperation,64,603.0
2787328,1,BinaryNgDeviceOperation,64,603.0
2447360,1,BinaryNgDeviceOperation,64,602.0
2123776,1,BinaryNgDeviceOperation,64,601.0
2521088,1,BinaryNgDeviceOperation,64,600.0
2668544,1,BinaryNgDeviceOperation,64,600.0
2381824,1,BinaryNgDeviceOperation,64,599.0
3000320,1,BinaryNgDeviceOperation,60,599.0
3119104,1,BinaryNgDeviceOperation,44,598.0
1968128,1,BinaryNgDeviceOperation,64,596.0
2742272,1,BinaryNgDeviceOperation,64,595.0
2779136,1,BinaryNgDeviceOperation,64,595.0
1880064,1,ShardedToInterleavedDeviceOperation,2,594.0
2263040,1,BinaryNgDeviceOperation,64,594.0
2373632,1,BinaryNgDeviceOperation,64,594.0
2852864,1,BinaryNgDeviceOperation,64,594.0
3037184,1,BinaryNgDeviceOperation,48,594.0
3074048,1,BinaryNgDeviceOperation,48,594.0
2115584,1,BinaryNgDeviceOperation,64,593.0
2926592,1,BinaryNgDeviceOperation,60,593.0
2336768,1,BinaryNgDeviceOperation,64,592.0
3082240,1,BinaryNgDeviceOperation,48,591.0
2344960,1,BinaryNgDeviceOperation,64,590.0
2861056,1,BinaryNgDeviceOperation,64,590.0
2639872,1,BinaryNgDeviceOperation,64,589.0
2308096,1,BinaryNgDeviceOperation,64,588.0
3045376,1,BinaryNgDeviceOperation,48,588.0
1939456,1,BinaryNgDeviceOperation,64,586.0
2529280,1,BinaryNgDeviceOperation,64,584.0
2816000,1,BinaryNgDeviceOperation,64,584.0
2889728,1,BinaryNgDeviceOperation,63,584.0
2963456,1,BinaryNgDeviceOperation,60,584.0
3110912,1,BinaryNgDeviceOperation,44,584.0
3184640,1,BinaryNgDeviceOperation,44,584.0
2557952,1,BinaryNgDeviceOperation,64,583.0
2152448,1,BinaryNgDeviceOperation,64,582.0
2594816,1,BinaryNgDeviceOperation,64,582.0
2050048,1,BinaryNgDeviceOperation,64,581.0
2078720,1,BinaryNgDeviceOperation,64,581.0
2676736,1,BinaryNgDeviceOperation,64,581.0
2934784,1,BinaryNgDeviceOperation,60,580.0
3192832,1,BinaryNgDeviceOperation,44,580.0
2004992,1,BinaryNgDeviceOperation,64,579.0
3155968,1,BinaryNgDeviceOperation,44,579.0
2197504,1,BinaryNgDeviceOperation,64,578.0
2234368,1,BinaryNgDeviceOperation,64,578.0
2603008,1,BinaryNgDeviceOperation,64,578.0
1976320,1,BinaryNgDeviceOperation,64,577.0
2631680,1,BinaryNgDeviceOperation,64,577.0
2041856,1,BinaryNgDeviceOperation,64,576.0
2410496,1,BinaryNgDeviceOperation,64,576.0
2824192,1,BinaryNgDeviceOperation,64,576.0
2897920,1,BinaryNgDeviceOperation,60,576.0
2971648,1,BinaryNgDeviceOperation,60,576.0
3008512,1,BinaryNgDeviceOperation,60,575.0
514048,,ShardedToInterleavedDeviceOperation,4,574.0
2013184,1,BinaryNgDeviceOperation,64,574.0
2271232,1,BinaryNgDeviceOperation,64,574.0
3229696,1,BinaryNgDeviceOperation,44,573.0
2086912,1,BinaryNgDeviceOperation,64,572.0
2299904,1,BinaryNgDeviceOperation,64,572.0
2705408,1,BinaryNgDeviceOperation,64,572.0
2750464,1,BinaryNgDeviceOperation,64,572.0
2226176,1,BinaryNgDeviceOperation,64,571.0
2418688,1,BinaryNgDeviceOperation,64,570.0
2492416,1,BinaryNgDeviceOperation,64,569.0
2484224,1,BinaryNgDeviceOperation,64,568.0
521216,,ShardedToInterleavedDeviceOperation,4,567.0
2566144,1,BinaryNgDeviceOperation,64,566.0
513024,,ShardedToInterleavedDeviceOperation,4,564.0
2160640,1,BinaryNgDeviceOperation,64,564.0
2455552,1,BinaryNgDeviceOperation,64,561.0
1898496,1,ShardedToInterleavedDeviceOperation,4,532.0
1890304,1,ShardedToInterleavedDeviceOperation,4,527.0
1891328,1,ShardedToInterleavedDeviceOperation,4,527.0
1262592,,BinaryNgDeviceOperation,64,511.0
1512448,,BinaryNgDeviceOperation,64,509.0
1152000,,BinaryNgDeviceOperation,64,508.0
1336320,,BinaryNgDeviceOperation,64,507.0
562176,,BinaryNgDeviceOperation,64,506.0
1631232,,BinaryNgDeviceOperation,64,502.0
1328128,,BinaryNgDeviceOperation,64,499.0
1410048,,BinaryNgDeviceOperation,64,499.0
1696768,,BinaryNgDeviceOperation,64,499.0
1143808,,BinaryNgDeviceOperation,64,497.0
1438720,,BinaryNgDeviceOperation,64,496.0
930816,,BinaryNgDeviceOperation,64,494.0
820224,,BinaryNgDeviceOperation,64,493.0
635904,,BinaryNgDeviceOperation,64,489.0
893952,,BinaryNgDeviceOperation,64,489.0
1770496,,BinaryNgDeviceOperation,64,489.0
746496,,BinaryNgDeviceOperation,64,487.0
885760,,BinaryNgDeviceOperation,64,487.0
1815552,,BinaryNgDeviceOperation,64,487.0
783360,,BinaryNgDeviceOperation,64,486.0
1217536,,BinaryNgDeviceOperation,64,486.0
590848,,BinaryNgDeviceOperation,64,485.0
672768,,BinaryNgDeviceOperation,64,484.0
922624,,BinaryNgDeviceOperation,64,484.0
1475584,,BinaryNgDeviceOperation,64,484.0
709632,,BinaryNgDeviceOperation,64,482.0
812032,,BinaryNgDeviceOperation,64,481.0
1070080,,BinaryNgDeviceOperation,64,481.0
1106944,,BinaryNgDeviceOperation,64,481.0
1225728,,BinaryNgDeviceOperation,64,481.0
1659904,,BinaryNgDeviceOperation,64,481.0
1254400,,BinaryNgDeviceOperation,64,480.0
1299456,,BinaryNgDeviceOperation,64,480.0
1033216,,BinaryNgDeviceOperation,64,479.0
1483776,,BinaryNgDeviceOperation,64,479.0
1446912,,BinaryNgDeviceOperation,64,478.0
1557504,,BinaryNgDeviceOperation,64,478.0
738304,,BinaryNgDeviceOperation,64,477.0
1004544,,BinaryNgDeviceOperation,64,477.0
1364992,,BinaryNgDeviceOperation,64,477.0
1549312,,BinaryNgDeviceOperation,64,477.0
1668096,,BinaryNgDeviceOperation,64,477.0
1852416,,BinaryNgDeviceOperation,64,477.0
1520640,,BinaryNgDeviceOperation,64,476.0
1733632,,BinaryNgDeviceOperation,64,476.0
701440,,BinaryNgDeviceOperation,64,475.0
857088,,BinaryNgDeviceOperation,64,475.0
1844224,,BinaryNgDeviceOperation,64,475.0
967680,,BinaryNgDeviceOperation,64,474.0
1115136,,BinaryNgDeviceOperation,64,474.0
1188864,,BinaryNgDeviceOperation,64,474.0
1623040,,BinaryNgDeviceOperation,64,474.0
1741824,,BinaryNgDeviceOperation,64,474.0
599040,,BinaryNgDeviceOperation,64,473.0
1704960,,BinaryNgDeviceOperation,64,473.0
627712,,BinaryNgDeviceOperation,64,472.0
1373184,,BinaryNgDeviceOperation,64,472.0
1180672,,BinaryNgDeviceOperation,64,471.0
1778688,,BinaryNgDeviceOperation,64,471.0
959488,,BinaryNgDeviceOperation,64,470.0
1586176,,BinaryNgDeviceOperation,64,470.0
775168,,BinaryNgDeviceOperation,64,469.0
848896,,BinaryNgDeviceOperation,64,469.0
996352,,BinaryNgDeviceOperation,64,469.0
1807360,,BinaryNgDeviceOperation,64,468.0
664576,,BinaryNgDeviceOperation,64,467.0
1291264,,BinaryNgDeviceOperation,64,467.0
1401856,,BinaryNgDeviceOperation,64,467.0
1041408,,BinaryNgDeviceOperation,64,466.0
1078272,,BinaryNgDeviceOperation,64,465.0
1594368,,BinaryNgDeviceOperation,64,465.0
