op_id,replay,op_name,cores,duration_ns
3712000,1,ArgMaxDeviceOperation,32,2753800.0
2262016,,ArgMaxDeviceOperation,64,2750752.0
2258944,,MatmulDeviceOperation,64,1805226.0
3708928,1,MatmulDeviceOperation,32,1797110.0
2260992,,UntilizeDeviceOperation,63,134127.0
3710976,1,UntilizeDeviceOperation,31,130030.0
2449408,1,MatmulDeviceOperation,58,125580.0
406528,,ConcatDeviceOperation,64,125189.0
2374656,1,MatmulDeviceOperation,58,125037.0
1870848,,MatmulDeviceOperation,58,124843.0
1605632,,MatmulDeviceOperation,58,124802.0
2979840,1,MatmulDeviceOperation,58,124792.0
3320832,1,MatmulDeviceOperation,57,124752.0
3358720,1,MatmulDeviceOperation,54,124728.0
1567744,,MatmulDeviceOperation,58,124569.0
2211840,,MatmulDeviceOperation,58,124527.0
2098176,,MatmulDeviceOperation,58,124488.0
3207168,1,MatmulDeviceOperation,58,124482.0
2136064,,MatmulDeviceOperation,58,124461.0
3282944,1,MatmulDeviceOperation,58,124386.0
3586048,1,MatmulDeviceOperation,26,124327.0
2676736,1,MatmulDeviceOperation,58,124177.0
1188864,,MatmulDeviceOperation,58,124150.0
3093504,1,MatmulDeviceOperation,58,124135.0
2638848,1,MatmulDeviceOperation,58,124090.0
924672,,MatmulDeviceOperation,58,124062.0
3548160,1,MatmulDeviceOperation,26,124044.0
2790400,1,MatmulDeviceOperation,58,124027.0
3699712,1,MatmulDeviceOperation,26,124004.0
3131392,1,MatmulDeviceOperation,58,123997.0
3661824,1,MatmulDeviceOperation,26,123960.0
1908736,,MatmulDeviceOperation,58,123954.0
2060288,,MatmulDeviceOperation,58,123950.0
1416192,,MatmulDeviceOperation,58,123887.0
1946624,,MatmulDeviceOperation,58,123871.0
1264640,,MatmulDeviceOperation,58,123818.0
2563072,1,MatmulDeviceOperation,58,123776.0
2525184,1,MatmulDeviceOperation,58,123762.0
1984512,,MatmulDeviceOperation,58,123701.0
2600960,1,MatmulDeviceOperation,58,123597.0
2904064,1,MatmulDeviceOperation,58,123514.0
1340416,,MatmulDeviceOperation,58,123447.0
2411520,1,MatmulDeviceOperation,58,123368.0
2752512,1,MatmulDeviceOperation,58,123365.0
1075200,,MatmulDeviceOperation,58,123357.0
961536,,MatmulDeviceOperation,58,123315.0
2487296,1,MatmulDeviceOperation,58,123301.0
3434496,1,MatmulDeviceOperation,54,123241.0
1226752,,MatmulDeviceOperation,58,123237.0
1795072,,MatmulDeviceOperation,58,123222.0
1757184,,MatmulDeviceOperation,58,123202.0
2828288,1,MatmulDeviceOperation,58,123133.0
1150976,,MatmulDeviceOperation,58,123124.0
3623936,1,MatmulDeviceOperation,26,123116.0
3396608,1,MatmulDeviceOperation,54,123056.0
1454080,,MatmulDeviceOperation,58,123055.0
2249728,,MatmulDeviceOperation,58,122903.0
3055616,1,MatmulDeviceOperation,58,122838.0
1378304,,MatmulDeviceOperation,58,122738.0
3245056,1,MatmulDeviceOperation,58,122688.0
1113088,,MatmulDeviceOperation,58,122656.0
2173952,,MatmulDeviceOperation,58,122654.0
3510272,1,MatmulDeviceOperation,42,122595.0
1719296,,MatmulDeviceOperation,58,122554.0
3472384,1,MatmulDeviceOperation,42,122542.0
2866176,1,MatmulDeviceOperation,58,122530.0
2941952,1,MatmulDeviceOperation,58,122443.0
3169280,1,MatmulDeviceOperation,58,122439.0
2714624,1,MatmulDeviceOperation,58,122359.0
1491968,,MatmulDeviceOperation,58,122333.0
1302528,,MatmulDeviceOperation,58,122322.0
999424,,MatmulDeviceOperation,58,122274.0
1529856,,MatmulDeviceOperation,58,122163.0
1832960,,MatmulDeviceOperation,58,122132.0
1643520,,MatmulDeviceOperation,58,121925.0
3017728,1,MatmulDeviceOperation,58,121889.0
2022400,,MatmulDeviceOperation,58,121826.0
1037312,,MatmulDeviceOperation,58,121754.0
1681408,,MatmulDeviceOperation,58,121178.0
185344,,ConcatDeviceOperation,64,119352.0
619520,,ConcatDeviceOperation,64,119166.0
498688,,ConcatDeviceOperation,64,118134.0
271360,,ConcatDeviceOperation,64,117954.0
642048,,ConcatDeviceOperation,64,117882.0
226304,,ConcatDeviceOperation,64,117315.0
545792,,ConcatDeviceOperation,64,117219.0
2906112,1,MatmulDeviceOperation,58,117141.0
1342464,,MatmulDeviceOperation,58,117063.0
203776,,ConcatDeviceOperation,64,117041.0
318464,,ConcatDeviceOperation,64,116952.0
697344,,ConcatDeviceOperation,64,116933.0
3247104,1,MatmulDeviceOperation,58,116711.0
693248,,ConcatDeviceOperation,64,116603.0
457728,,ConcatDeviceOperation,64,116503.0
480256,,ConcatDeviceOperation,64,116340.0
2678784,1,MatmulDeviceOperation,58,116198.0
2981888,1,MatmulDeviceOperation,58,115541.0
1228800,,MatmulDeviceOperation,58,115539.0
3133440,1,MatmulDeviceOperation,58,115484.0
230400,,ConcatDeviceOperation,64,115452.0
3625984,1,MatmulDeviceOperation,26,115345.0
3588096,1,MatmulDeviceOperation,26,115342.0
2378752,1,MatmulDeviceOperation,64,115306.0
3550208,1,MatmulDeviceOperation,26,115227.0
2944000,1,MatmulDeviceOperation,58,115084.0
3284992,1,MatmulDeviceOperation,58,114925.0
2754560,1,MatmulDeviceOperation,58,114868.0
3019776,1,MatmulDeviceOperation,58,114793.0
2527232,1,MatmulDeviceOperation,58,114580.0
2716672,1,MatmulDeviceOperation,58,114536.0
1039360,,MatmulDeviceOperation,58,114492.0
1531904,,MatmulDeviceOperation,58,114476.0
3322880,1,MatmulDeviceOperation,57,114476.0
3057664,1,MatmulDeviceOperation,58,114439.0
3398656,1,MatmulDeviceOperation,54,114419.0
3436544,1,MatmulDeviceOperation,54,114370.0
2792448,1,MatmulDeviceOperation,58,114338.0
582656,,ConcatDeviceOperation,64,114336.0
1797120,,MatmulDeviceOperation,58,114285.0
2062336,,MatmulDeviceOperation,58,114251.0
812032,,ConcatDeviceOperation,64,114148.0
615424,,ConcatDeviceOperation,64,114097.0
925696,,MatmulDeviceOperation,58,114005.0
1153024,,MatmulDeviceOperation,58,114005.0
1759232,,MatmulDeviceOperation,58,113969.0
2830336,1,MatmulDeviceOperation,58,113948.0
1077248,,MatmulDeviceOperation,58,113911.0
3474432,1,MatmulDeviceOperation,42,113905.0
2640896,1,MatmulDeviceOperation,58,113896.0
2213888,,MatmulDeviceOperation,58,113866.0
222208,,ConcatDeviceOperation,64,113844.0
3171328,1,MatmulDeviceOperation,58,113838.0
2603008,1,MatmulDeviceOperation,58,113749.0
1380352,,MatmulDeviceOperation,58,113730.0
1948672,,MatmulDeviceOperation,58,113726.0
963584,,MatmulDeviceOperation,58,113718.0
1001472,,MatmulDeviceOperation,58,113708.0
1872896,,MatmulDeviceOperation,58,113692.0
723968,,ConcatDeviceOperation,64,113674.0
3512320,1,MatmulDeviceOperation,42,113588.0
1951744,,MatmulDeviceOperation,64,113573.0
2375680,1,MatmulDeviceOperation,58,113501.0
1569792,,MatmulDeviceOperation,58,113487.0
2489344,1,MatmulDeviceOperation,58,113429.0
2492416,1,MatmulDeviceOperation,64,113411.0
1986560,,MatmulDeviceOperation,58,113357.0
2565120,1,MatmulDeviceOperation,58,113325.0
1494016,,MatmulDeviceOperation,58,113252.0
2024448,,MatmulDeviceOperation,58,113195.0
2868224,1,MatmulDeviceOperation,58,113194.0
1190912,,MatmulDeviceOperation,58,113187.0
1607680,,MatmulDeviceOperation,58,113185.0
2138112,,MatmulDeviceOperation,58,113179.0
1721344,,MatmulDeviceOperation,58,113177.0
2251776,,MatmulDeviceOperation,58,113171.0
3209216,1,MatmulDeviceOperation,58,113149.0
1645568,,MatmulDeviceOperation,58,113129.0
2451456,1,MatmulDeviceOperation,58,113106.0
2947072,1,MatmulDeviceOperation,64,113089.0
1910784,,MatmulDeviceOperation,58,113084.0
674816,,ConcatDeviceOperation,64,113037.0
3553280,1,MatmulDeviceOperation,32,113029.0
807936,,ConcatDeviceOperation,64,113015.0
2100224,,MatmulDeviceOperation,58,112990.0
2179072,,MatmulDeviceOperation,64,112930.0
3360768,1,MatmulDeviceOperation,54,112927.0
1115136,,MatmulDeviceOperation,58,112917.0
1838080,,MatmulDeviceOperation,64,112903.0
3095552,1,MatmulDeviceOperation,58,112890.0
1683456,,MatmulDeviceOperation,58,112844.0
1456128,,MatmulDeviceOperation,58,112778.0
3288064,1,MatmulDeviceOperation,63,112760.0
2413568,1,MatmulDeviceOperation,58,112726.0
1304576,,MatmulDeviceOperation,58,112657.0
1835008,,MatmulDeviceOperation,58,112620.0
1418240,,MatmulDeviceOperation,58,112565.0
1004544,,MatmulDeviceOperation,64,112561.0
2176000,,MatmulDeviceOperation,58,112523.0
2454528,1,MatmulDeviceOperation,64,112518.0
2757632,1,MatmulDeviceOperation,64,112498.0
1266688,,MatmulDeviceOperation,58,112448.0
3363840,1,MatmulDeviceOperation,60,112428.0
410624,,ConcatDeviceOperation,64,112403.0
2606080,1,MatmulDeviceOperation,64,112283.0
701440,,ConcatDeviceOperation,64,112203.0
1497088,,MatmulDeviceOperation,64,112196.0
1989632,,MatmulDeviceOperation,64,112143.0
3704832,1,MatmulDeviceOperation,32,112129.0
1421312,,MatmulDeviceOperation,64,112075.0
3212288,1,MatmulDeviceOperation,64,112030.0
928768,,MatmulDeviceOperation,64,111999.0
3060736,1,MatmulDeviceOperation,64,111984.0
1193984,,MatmulDeviceOperation,64,111973.0
1307648,,MatmulDeviceOperation,64,111923.0
3701760,1,MatmulDeviceOperation,26,111805.0
3022848,1,MatmulDeviceOperation,64,111780.0
3174400,1,MatmulDeviceOperation,64,111739.0
336896,,ConcatDeviceOperation,64,111712.0
564224,,ConcatDeviceOperation,64,111665.0
2909184,1,MatmulDeviceOperation,64,111644.0
1913856,,MatmulDeviceOperation,64,111636.0
3663872,1,MatmulDeviceOperation,26,111613.0
2141184,,MatmulDeviceOperation,64,111584.0
2795520,1,MatmulDeviceOperation,64,111583.0
1648640,,MatmulDeviceOperation,64,111550.0
3325952,1,MatmulDeviceOperation,63,111525.0
248832,,ConcatDeviceOperation,64,111468.0
1610752,,MatmulDeviceOperation,64,111455.0
2681856,1,MatmulDeviceOperation,64,111440.0
2027520,,MatmulDeviceOperation,64,111427.0
2254848,,MatmulDeviceOperation,64,111412.0
2065408,,MatmulDeviceOperation,64,111406.0
1042432,,MatmulDeviceOperation,64,111405.0
267264,,ConcatDeviceOperation,64,111389.0
3401728,1,MatmulDeviceOperation,60,111369.0
3477504,1,MatmulDeviceOperation,48,111357.0
3439616,1,MatmulDeviceOperation,60,111353.0
373760,,ConcatDeviceOperation,64,111342.0
2833408,1,MatmulDeviceOperation,64,111302.0
1269760,,MatmulDeviceOperation,64,111291.0
2416640,1,MatmulDeviceOperation,64,111267.0
1156096,,MatmulDeviceOperation,64,111231.0
2719744,1,MatmulDeviceOperation,64,111231.0
719872,,ConcatDeviceOperation,64,111230.0
461824,,ConcatDeviceOperation,64,111191.0
1762304,,MatmulDeviceOperation,64,111081.0
1686528,,MatmulDeviceOperation,64,111048.0
637952,,ConcatDeviceOperation,64,111032.0
1875968,,MatmulDeviceOperation,64,111021.0
152576,,ConcatDeviceOperation,64,110972.0
1080320,,MatmulDeviceOperation,64,110939.0
2103296,,MatmulDeviceOperation,64,110912.0
369664,,ConcatDeviceOperation,64,110908.0
2216960,,MatmulDeviceOperation,64,110843.0
1383424,,MatmulDeviceOperation,64,110738.0
1231872,,MatmulDeviceOperation,64,110737.0
2871296,1,MatmulDeviceOperation,64,110705.0
1534976,,MatmulDeviceOperation,64,110691.0
1572864,,MatmulDeviceOperation,64,110592.0
3629056,1,MatmulDeviceOperation,32,110555.0
3098624,1,MatmulDeviceOperation,64,110546.0
1800192,,MatmulDeviceOperation,64,110505.0
2530304,1,MatmulDeviceOperation,64,110486.0
2984960,1,MatmulDeviceOperation,64,110431.0
3666944,1,MatmulDeviceOperation,32,110403.0
1724416,,MatmulDeviceOperation,64,110390.0
1118208,,MatmulDeviceOperation,64,110278.0
3515392,1,MatmulDeviceOperation,48,110018.0
3250176,1,MatmulDeviceOperation,64,109970.0
2568192,1,MatmulDeviceOperation,64,109946.0
3591168,1,MatmulDeviceOperation,32,109877.0
3136512,1,MatmulDeviceOperation,64,109859.0
2643968,1,MatmulDeviceOperation,64,109845.0
1459200,,MatmulDeviceOperation,64,109784.0
1345536,,MatmulDeviceOperation,64,109776.0
760832,,ConcatDeviceOperation,64,109735.0
966656,,MatmulDeviceOperation,64,109619.0
742400,,ConcatDeviceOperation,64,109188.0
184320,,SliceDeviceOperation,64,102330.0
247808,,SliceDeviceOperation,64,101438.0
741376,,SliceDeviceOperation,64,100898.0
636928,,SliceDeviceOperation,64,98512.0
811008,,SliceDeviceOperation,64,98260.0
202752,,SliceDeviceOperation,64,97372.0
673792,,SliceDeviceOperation,64,97219.0
806912,,SliceDeviceOperation,64,96697.0
497664,,SliceDeviceOperation,64,96128.0
722944,,SliceDeviceOperation,64,95397.0
696320,,SliceDeviceOperation,64,95112.0
317440,,SliceDeviceOperation,64,95072.0
405504,,SliceDeviceOperation,64,94852.0
614400,,SliceDeviceOperation,64,94737.0
581632,,SliceDeviceOperation,64,94732.0
618496,,SliceDeviceOperation,64,94724.0
692224,,SliceDeviceOperation,64,94713.0
225280,,SliceDeviceOperation,64,94704.0
151552,,SliceDeviceOperation,64,94572.0
409600,,SliceDeviceOperation,64,94454.0
229376,,SliceDeviceOperation,64,94439.0
718848,,SliceDeviceOperation,64,93679.0
221184,,SliceDeviceOperation,64,93504.0
372736,,SliceDeviceOperation,64,93317.0
759808,,SliceDeviceOperation,64,93077.0
460800,,SliceDeviceOperation,64,93030.0
456704,,SliceDeviceOperation,64,92572.0
641024,,SliceDeviceOperation,64,92537.0
270336,,SliceDeviceOperation,64,91449.0
335872,,SliceDeviceOperation,64,91443.0
266240,,SliceDeviceOperation,64,91090.0
563200,,SliceDeviceOperation,64,90384.0
700416,,SliceDeviceOperation,64,90115.0
544768,,SliceDeviceOperation,64,90024.0
479232,,SliceDeviceOperation,64,89523.0
368640,,SliceDeviceOperation,64,87793.0
3709952,1,ShardedToInterleavedDeviceOperation,32,70238.0
2259968,,ShardedToInterleavedDeviceOperation,64,67152.0
2400256,1,SdpaDecodeDeviceOperation,64,46327.0
2930688,1,SdpaDecodeDeviceOperation,64,45309.0
2892800,1,SdpaDecodeDeviceOperation,64,44738.0
3082240,1,SdpaDecodeDeviceOperation,64,44577.0
1973248,,SdpaDecodeDeviceOperation,64,44346.0
3195904,1,SdpaDecodeDeviceOperation,64,44325.0
1594368,,SdpaDecodeDeviceOperation,64,44323.0
3385344,1,SdpaDecodeDeviceOperation,60,44276.0
3006464,1,SdpaDecodeDeviceOperation,64,44219.0
3044352,1,SdpaDecodeDeviceOperation,64,44184.0
3309568,1,SdpaDecodeDeviceOperation,63,44184.0
3461120,1,SdpaDecodeDeviceOperation,59,44158.0
1253376,,SdpaDecodeDeviceOperation,64,44154.0
1859584,,SdpaDecodeDeviceOperation,64,44137.0
2476032,1,SdpaDecodeDeviceOperation,64,44107.0
3271680,1,SdpaDecodeDeviceOperation,64,44104.0
2124800,,SdpaDecodeDeviceOperation,64,44034.0
3499008,1,SdpaDecodeDeviceOperation,48,43995.0
2049024,,SdpaDecodeDeviceOperation,64,43977.0
3612672,1,SdpaDecodeDeviceOperation,32,43971.0
2162688,,SdpaDecodeDeviceOperation,64,43939.0
1442816,,SdpaDecodeDeviceOperation,64,43931.0
3423232,1,SdpaDecodeDeviceOperation,60,43929.0
2238464,,SdpaDecodeDeviceOperation,64,43909.0
1935360,,SdpaDecodeDeviceOperation,64,43869.0
2513920,1,SdpaDecodeDeviceOperation,64,43859.0
2665472,1,SdpaDecodeDeviceOperation,64,43840.0
2741248,1,SdpaDecodeDeviceOperation,64,43840.0
988160,,SdpaDecodeDeviceOperation,64,43807.0
2854912,1,SdpaDecodeDeviceOperation,64,43761.0
3233792,1,SdpaDecodeDeviceOperation,64,43759.0
1026048,,SdpaDecodeDeviceOperation,64,43611.0
2968576,1,SdpaDecodeDeviceOperation,64,43569.0
3347456,1,SdpaDecodeDeviceOperation,60,43555.0
3120128,1,SdpaDecodeDeviceOperation,64,43540.0
2703360,1,SdpaDecodeDeviceOperation,64,43529.0
2779136,1,SdpaDecodeDeviceOperation,64,43506.0
2086912,,SdpaDecodeDeviceOperation,64,43468.0
2817024,1,SdpaDecodeDeviceOperation,64,43453.0
1783808,,SdpaDecodeDeviceOperation,64,43438.0
1480704,,SdpaDecodeDeviceOperation,64,43409.0
3536896,1,SdpaDecodeDeviceOperation,40,43403.0
2589696,1,SdpaDecodeDeviceOperation,64,43381.0
1101824,,SdpaDecodeDeviceOperation,64,43357.0
2200576,,SdpaDecodeDeviceOperation,64,43357.0
1518592,,SdpaDecodeDeviceOperation,64,43339.0
1177600,,SdpaDecodeDeviceOperation,64,43316.0
2551808,1,SdpaDecodeDeviceOperation,64,43232.0
909312,,SdpaDecodeDeviceOperation,64,43183.0
1329152,,SdpaDecodeDeviceOperation,64,43139.0
2627584,1,SdpaDecodeDeviceOperation,64,43119.0
1897472,,SdpaDecodeDeviceOperation,64,43063.0
1063936,,SdpaDecodeDeviceOperation,64,43034.0
3650560,1,SdpaDecodeDeviceOperation,32,43022.0
1670144,,SdpaDecodeDeviceOperation,64,42981.0
1291264,,SdpaDecodeDeviceOperation,64,42968.0
1745920,,SdpaDecodeDeviceOperation,64,42956.0
1215488,,SdpaDecodeDeviceOperation,64,42865.0
3158016,1,SdpaDecodeDeviceOperation,64,42819.0
950272,,SdpaDecodeDeviceOperation,64,42712.0
1367040,,SdpaDecodeDeviceOperation,64,42639.0
1139712,,SdpaDecodeDeviceOperation,64,42557.0
3688448,1,SdpaDecodeDeviceOperation,32,42554.0
2011136,,SdpaDecodeDeviceOperation,64,42553.0
1821696,,SdpaDecodeDeviceOperation,64,42283.0
1708032,,SdpaDecodeDeviceOperation,64,42200.0
2359296,1,SdpaDecodeDeviceOperation,64,42146.0
1556480,,SdpaDecodeDeviceOperation,64,42084.0
1632256,,SdpaDecodeDeviceOperation,64,41980.0
1404928,,SdpaDecodeDeviceOperation,64,41794.0
3574784,1,SdpaDecodeDeviceOperation,32,41548.0
2438144,1,SdpaDecodeDeviceOperation,64,40672.0
1046528,,MatmulDeviceOperation,40,30973.0
2875392,1,MatmulDeviceOperation,40,30802.0
3254272,1,MatmulDeviceOperation,40,30594.0
2420736,1,MatmulDeviceOperation,40,30296.0
3026944,1,MatmulDeviceOperation,40,30186.0
2572288,1,MatmulDeviceOperation,40,29977.0
2382848,1,MatmulDeviceOperation,40,29969.0
3064832,1,MatmulDeviceOperation,40,29902.0
3292160,1,MatmulDeviceOperation,39,29745.0
3216384,1,MatmulDeviceOperation,40,29694.0
3102720,1,MatmulDeviceOperation,40,29651.0
2031616,,MatmulDeviceOperation,40,29636.0
862208,,MatmulDeviceOperation,40,29628.0
2837504,1,MatmulDeviceOperation,40,29616.0
1084416,,MatmulDeviceOperation,40,29585.0
1766400,,MatmulDeviceOperation,40,29572.0
2951168,1,MatmulDeviceOperation,40,29565.0
1880064,,MatmulDeviceOperation,40,29523.0
2685952,1,MatmulDeviceOperation,40,29520.0
2913280,1,MatmulDeviceOperation,40,29487.0
2761728,1,MatmulDeviceOperation,40,29479.0
2496512,1,MatmulDeviceOperation,40,29472.0
2312192,1,MatmulDeviceOperation,40,29387.0
2723840,1,MatmulDeviceOperation,40,29369.0
3178496,1,MatmulDeviceOperation,40,29369.0
3405824,1,MatmulDeviceOperation,36,29369.0
2610176,1,MatmulDeviceOperation,40,29319.0
2458624,1,MatmulDeviceOperation,40,29307.0
2799616,1,MatmulDeviceOperation,40,29243.0
932864,,MatmulDeviceOperation,40,29226.0
2648064,1,MatmulDeviceOperation,40,29223.0
1122304,,MatmulDeviceOperation,40,29220.0
3140608,1,MatmulDeviceOperation,40,29218.0
2534400,1,MatmulDeviceOperation,40,29217.0
2221056,,MatmulDeviceOperation,40,29214.0
1955840,,MatmulDeviceOperation,40,29174.0
3768320,,UntilizeDeviceOperation,64,29127.0
3443712,1,MatmulDeviceOperation,36,29098.0
2069504,,MatmulDeviceOperation,40,29091.0
1463296,,MatmulDeviceOperation,40,29061.0
1387520,,MatmulDeviceOperation,40,29038.0
3764224,,UntilizeDeviceOperation,64,29017.0
1425408,,MatmulDeviceOperation,40,29008.0
3367936,1,MatmulDeviceOperation,36,29005.0
2989056,1,MatmulDeviceOperation,40,29003.0
3330048,1,MatmulDeviceOperation,39,28995.0
3784704,,UntilizeDeviceOperation,64,28909.0
1614848,,MatmulDeviceOperation,40,28903.0
1160192,,MatmulDeviceOperation,40,28857.0
1917952,,MatmulDeviceOperation,40,28835.0
3806208,,UntilizeDeviceOperation,64,28832.0
1804288,,MatmulDeviceOperation,40,28819.0
2183168,,MatmulDeviceOperation,40,28817.0
3798016,,UntilizeDeviceOperation,64,28813.0
3789824,,UntilizeDeviceOperation,64,28785.0
1652736,,MatmulDeviceOperation,40,28760.0
3778560,,UntilizeDeviceOperation,64,28757.0
1235968,,MatmulDeviceOperation,40,28756.0
1349632,,MatmulDeviceOperation,40,28754.0
1198080,,MatmulDeviceOperation,40,28737.0
1273856,,MatmulDeviceOperation,40,28722.0
1539072,,MatmulDeviceOperation,40,28686.0
3808256,,UntilizeDeviceOperation,64,28637.0
3812352,,UntilizeDeviceOperation,64,28625.0
1842176,,MatmulDeviceOperation,40,28623.0
2107392,,MatmulDeviceOperation,40,28599.0
3788800,,UntilizeDeviceOperation,64,28576.0
3757056,,UntilizeDeviceOperation,64,28541.0
1008640,,MatmulDeviceOperation,40,28536.0
3776512,,UntilizeDeviceOperation,64,28515.0
3769344,,UntilizeDeviceOperation,64,28499.0
970752,,MatmulDeviceOperation,40,28464.0
3794944,,UntilizeDeviceOperation,64,28458.0
2145280,,MatmulDeviceOperation,40,28406.0
3802112,,UntilizeDeviceOperation,64,28406.0
3481600,1,MatmulDeviceOperation,24,28404.0
1576960,,MatmulDeviceOperation,40,28381.0
3809280,,UntilizeDeviceOperation,64,28380.0
3816448,,UntilizeDeviceOperation,64,28374.0
3777536,,UntilizeDeviceOperation,64,28367.0
3557376,1,MatmulDeviceOperation,8,28356.0
1690624,,MatmulDeviceOperation,40,28344.0
1993728,,MatmulDeviceOperation,40,28332.0
3772416,,UntilizeDeviceOperation,64,28331.0
3786752,,UntilizeDeviceOperation,64,28311.0
3807232,,UntilizeDeviceOperation,64,28305.0
3751936,,UntilizeDeviceOperation,64,28276.0
3758080,,UntilizeDeviceOperation,64,28272.0
3813376,,UntilizeDeviceOperation,64,28263.0
3792896,,UntilizeDeviceOperation,64,28214.0
3819520,,UntilizeDeviceOperation,64,28214.0
3773440,,UntilizeDeviceOperation,64,28211.0
3815424,,UntilizeDeviceOperation,64,28198.0
3818496,,UntilizeDeviceOperation,64,28195.0
3765248,,UntilizeDeviceOperation,64,28151.0
3803136,,UntilizeDeviceOperation,64,28137.0
3595264,1,MatmulDeviceOperation,8,28136.0
3519488,1,MatmulDeviceOperation,24,28103.0
3756032,,UntilizeDeviceOperation,64,28097.0
1311744,,MatmulDeviceOperation,40,28077.0
3752960,,UntilizeDeviceOperation,64,28060.0
3759104,,UntilizeDeviceOperation,64,28057.0
1728512,,MatmulDeviceOperation,40,28052.0
3753984,,UntilizeDeviceOperation,64,28039.0
3767296,,UntilizeDeviceOperation,64,28036.0
3810304,,UntilizeDeviceOperation,64,27997.0
1501184,,MatmulDeviceOperation,40,27980.0
3770368,,UntilizeDeviceOperation,64,27961.0
3799040,,UntilizeDeviceOperation,64,27952.0
3811328,,UntilizeDeviceOperation,64,27951.0
3804160,,UntilizeDeviceOperation,64,27945.0
3785728,,UntilizeDeviceOperation,64,27937.0
3814400,,UntilizeDeviceOperation,64,27927.0
3633152,1,MatmulDeviceOperation,8,27925.0
3805184,,UntilizeDeviceOperation,64,27918.0
3822592,,UntilizeDeviceOperation,64,27893.0
3796992,,UntilizeDeviceOperation,64,27876.0
3793920,,UntilizeDeviceOperation,64,27875.0
3800064,,UntilizeDeviceOperation,64,27866.0
3780608,,UntilizeDeviceOperation,64,27863.0
3779584,,UntilizeDeviceOperation,64,27858.0
3761152,,UntilizeDeviceOperation,64,27849.0
3821568,,UntilizeDeviceOperation,64,27849.0
3801088,,UntilizeDeviceOperation,64,27832.0
3820544,,UntilizeDeviceOperation,64,27831.0
3762176,,UntilizeDeviceOperation,64,27763.0
3781632,,UntilizeDeviceOperation,64,27712.0
3823616,,UntilizeDeviceOperation,64,27703.0
3775488,,UntilizeDeviceOperation,64,27698.0
3755008,,UntilizeDeviceOperation,64,27663.0
3750912,,UntilizeDeviceOperation,64,27627.0
3766272,,UntilizeDeviceOperation,64,27593.0
3790848,,UntilizeDeviceOperation,64,27583.0
3671040,1,MatmulDeviceOperation,8,27529.0
92160,,TilizeDeviceOperation,64,27508.0
3771392,,UntilizeDeviceOperation,64,27492.0
3795968,,UntilizeDeviceOperation,64,27479.0
3782656,,UntilizeDeviceOperation,64,27425.0
3783680,,UntilizeDeviceOperation,64,27355.0
3787776,,UntilizeDeviceOperation,64,27333.0
3763200,,UntilizeDeviceOperation,64,27288.0
64512,,TilizeDeviceOperation,64,27259.0
3817472,,UntilizeDeviceOperation,64,27259.0
3774464,,UntilizeDeviceOperation,64,27225.0
3760128,,UntilizeDeviceOperation,64,27208.0
3791872,,UntilizeDeviceOperation,64,27165.0
72704,,TilizeDeviceOperation,64,27068.0
2089984,,TernaryDeviceOperation,64,27032.0
88064,,TilizeDeviceOperation,64,27006.0
1104896,,TernaryDeviceOperation,64,26968.0
2203648,,TernaryDeviceOperation,64,26968.0
2241536,,TernaryDeviceOperation,64,26929.0
953344,,TernaryDeviceOperation,64,26919.0
1218560,,TernaryDeviceOperation,64,26878.0
1180672,,TernaryDeviceOperation,64,26865.0
1711104,,TernaryDeviceOperation,64,26851.0
1635328,,TernaryDeviceOperation,64,26846.0
2052096,,TernaryDeviceOperation,64,26845.0
2127872,,TernaryDeviceOperation,64,26809.0
1862656,,TernaryDeviceOperation,64,26794.0
1673216,,TernaryDeviceOperation,64,26788.0
1332224,,TernaryDeviceOperation,64,26785.0
916480,,TernaryDeviceOperation,64,26773.0
1142784,,TernaryDeviceOperation,64,26766.0
10240,,TilizeDeviceOperation,64,26761.0
97280,,TilizeDeviceOperation,64,26760.0
1597440,,TernaryDeviceOperation,64,26750.0
1067008,,TernaryDeviceOperation,64,26745.0
1748992,,TernaryDeviceOperation,64,26741.0
1824768,,TernaryDeviceOperation,64,26738.0
1256448,,TernaryDeviceOperation,64,26724.0
71680,,TilizeDeviceOperation,64,26709.0
2165760,,TernaryDeviceOperation,64,26708.0
11264,,TilizeDeviceOperation,64,26692.0
1483776,,TernaryDeviceOperation,64,26682.0
1559552,,TernaryDeviceOperation,64,26679.0
138240,,TilizeDeviceOperation,64,26669.0
1786880,,TernaryDeviceOperation,64,26669.0
991232,,TernaryDeviceOperation,64,26646.0
59392,,TilizeDeviceOperation,64,26640.0
1938432,,TernaryDeviceOperation,64,26631.0
117760,,TilizeDeviceOperation,64,26619.0
1408000,,TernaryDeviceOperation,64,26606.0
1521664,,TernaryDeviceOperation,64,26595.0
1370112,,TernaryDeviceOperation,64,26592.0
2014208,,TernaryDeviceOperation,64,26590.0
1976320,,TernaryDeviceOperation,64,26588.0
38912,,TilizeDeviceOperation,64,26578.0
120832,,TilizeDeviceOperation,64,26560.0
1445888,,TernaryDeviceOperation,64,26534.0
93184,,TilizeDeviceOperation,64,26481.0
1900544,,TernaryDeviceOperation,64,26467.0
1029120,,TernaryDeviceOperation,64,26436.0
79872,,TilizeDeviceOperation,64,26434.0
2592768,1,TernaryDeviceOperation,64,26432.0
1294336,,TernaryDeviceOperation,64,26390.0
105472,,TilizeDeviceOperation,64,26331.0
130048,,TilizeDeviceOperation,64,26290.0
68608,,TilizeDeviceOperation,64,26261.0
80896,,TilizeDeviceOperation,64,26191.0
23552,,TilizeDeviceOperation,64,26179.0
18432,,TilizeDeviceOperation,64,26178.0
137216,,TilizeDeviceOperation,64,26157.0
96256,,TilizeDeviceOperation,64,26135.0
3388416,1,TernaryDeviceOperation,60,26110.0
125952,,TilizeDeviceOperation,64,26105.0
3691520,1,TernaryDeviceOperation,32,26096.0
60416,,TilizeDeviceOperation,64,26049.0
2933760,1,TernaryDeviceOperation,64,26025.0
34816,,TilizeDeviceOperation,64,26023.0
124928,,TilizeDeviceOperation,64,25988.0
113664,,TilizeDeviceOperation,64,25974.0
27648,,TilizeDeviceOperation,64,25962.0
19456,,TilizeDeviceOperation,64,25956.0
2630656,1,TernaryDeviceOperation,64,25953.0
51200,,TilizeDeviceOperation,64,25943.0
2706432,1,TernaryDeviceOperation,64,25918.0
2554880,1,TernaryDeviceOperation,64,25910.0
108544,,TilizeDeviceOperation,64,25907.0
3653632,1,TernaryDeviceOperation,32,25882.0
133120,,TilizeDeviceOperation,64,25876.0
14336,,TilizeDeviceOperation,64,25853.0
141312,,TilizeDeviceOperation,64,25827.0
101376,,TilizeDeviceOperation,64,25811.0
84992,,TilizeDeviceOperation,64,25796.0
2048,,TilizeDeviceOperation,64,25793.0
3539968,1,TernaryDeviceOperation,32,25775.0
6144,,TilizeDeviceOperation,64,25755.0
3502080,1,TernaryDeviceOperation,48,25730.0
3615744,1,TernaryDeviceOperation,32,25729.0
2782208,1,TernaryDeviceOperation,64,25694.0
67584,,TilizeDeviceOperation,64,25677.0
134144,,TilizeDeviceOperation,64,25669.0
48128,,TilizeDeviceOperation,64,25627.0
3072,,TilizeDeviceOperation,64,25609.0
76800,,TilizeDeviceOperation,64,25592.0
35840,,TilizeDeviceOperation,64,25562.0
109568,,TilizeDeviceOperation,64,25511.0
112640,,TilizeDeviceOperation,64,25506.0
3274752,1,TernaryDeviceOperation,64,25489.0
2516992,1,TernaryDeviceOperation,64,25487.0
52224,,TilizeDeviceOperation,64,25484.0
2744320,1,TernaryDeviceOperation,64,25425.0
3198976,1,TernaryDeviceOperation,64,25393.0
30720,,TilizeDeviceOperation,64,25385.0
146432,,TilizeDeviceOperation,64,25380.0
56320,,TilizeDeviceOperation,64,25378.0
31744,,TilizeDeviceOperation,64,25372.0
55296,,TilizeDeviceOperation,64,25335.0
3350528,1,TernaryDeviceOperation,60,25334.0
7168,,TilizeDeviceOperation,64,25294.0
3009536,1,TernaryDeviceOperation,64,25274.0
129024,,TilizeDeviceOperation,64,25264.0
2668544,1,TernaryDeviceOperation,64,25262.0
2366464,1,TernaryDeviceOperation,64,25251.0
2403328,1,TernaryDeviceOperation,64,25251.0
2857984,1,TernaryDeviceOperation,64,25236.0
3085312,1,TernaryDeviceOperation,64,25233.0
3236864,1,TernaryDeviceOperation,64,25231.0
83968,,TilizeDeviceOperation,64,25230.0
3123200,1,TernaryDeviceOperation,64,25225.0
3161088,1,TernaryDeviceOperation,64,25219.0
2895872,1,TernaryDeviceOperation,64,25214.0
43008,,TilizeDeviceOperation,64,25210.0
89088,,TilizeDeviceOperation,64,25204.0
2820096,1,TernaryDeviceOperation,64,25202.0
75776,,TilizeDeviceOperation,64,25171.0
3426304,1,TernaryDeviceOperation,60,25160.0
3464192,1,TernaryDeviceOperation,56,25159.0
116736,,TilizeDeviceOperation,64,25153.0
3047424,1,TernaryDeviceOperation,64,25141.0
145408,,TilizeDeviceOperation,64,25130.0
2479104,1,TernaryDeviceOperation,64,25121.0
142336,,TilizeDeviceOperation,64,25104.0
3312640,1,TernaryDeviceOperation,63,25084.0
2441216,1,TernaryDeviceOperation,64,25047.0
2971648,1,TernaryDeviceOperation,64,25044.0
15360,,TilizeDeviceOperation,64,25038.0
2339840,1,TernaryDeviceOperation,64,24875.0
2407424,1,MatmulDeviceOperation,64,24775.0
889856,,TernaryDeviceOperation,64,24750.0
39936,,TilizeDeviceOperation,64,24670.0
104448,,TilizeDeviceOperation,64,24643.0
63488,,TilizeDeviceOperation,64,24564.0
121856,,TilizeDeviceOperation,64,24508.0
22528,,TilizeDeviceOperation,64,24450.0
3577856,1,TernaryDeviceOperation,32,24423.0
100352,,TilizeDeviceOperation,64,24366.0
26624,,TilizeDeviceOperation,64,24336.0
44032,,TilizeDeviceOperation,64,24329.0
47104,,TilizeDeviceOperation,64,24216.0
2862080,1,MatmulDeviceOperation,64,23870.0
2558976,1,MatmulDeviceOperation,64,23751.0
3354624,1,MatmulDeviceOperation,60,23267.0
2672640,1,MatmulDeviceOperation,64,23214.0
2975744,1,MatmulDeviceOperation,64,23160.0
3165184,1,MatmulDeviceOperation,64,23150.0
2596864,1,MatmulDeviceOperation,64,23141.0
763904,,TilizeWithValPaddingDeviceOperation,1,23117.0
3203072,1,MatmulDeviceOperation,64,23112.0
3392512,1,MatmulDeviceOperation,60,23046.0
3051520,1,MatmulDeviceOperation,64,23039.0
3430400,1,MatmulDeviceOperation,60,23037.0
3013632,1,MatmulDeviceOperation,64,23029.0
3506176,1,MatmulDeviceOperation,48,23027.0
3695616,1,MatmulDeviceOperation,32,23019.0
169984,,TilizeWithValPaddingDeviceOperation,1,23014.0
2370560,1,MatmulDeviceOperation,64,23006.0
2786304,1,MatmulDeviceOperation,64,22983.0
2521088,1,MatmulDeviceOperation,64,22958.0
766976,,TilizeWithValPaddingDeviceOperation,1,22942.0
3127296,1,MatmulDeviceOperation,64,22937.0
339968,,TilizeWithValPaddingDeviceOperation,1,22925.0
483328,,TilizeWithValPaddingDeviceOperation,1,22920.0
209920,,TilizeWithValPaddingDeviceOperation,1,22919.0
206848,,TilizeWithValPaddingDeviceOperation,1,22912.0
2483200,1,MatmulDeviceOperation,64,22912.0
291840,,TilizeWithValPaddingDeviceOperation,1,22909.0
158720,,TilizeWithValPaddingDeviceOperation,1,22908.0
442368,,TilizeWithValPaddingDeviceOperation,1,22906.0
645120,,TilizeWithValPaddingDeviceOperation,1,22906.0
516096,,TilizeWithValPaddingDeviceOperation,1,22901.0
551936,,TilizeWithValPaddingDeviceOperation,1,22901.0
588800,,TilizeWithValPaddingDeviceOperation,1,22901.0
486400,,TilizeWithValPaddingDeviceOperation,1,22899.0
303104,,TilizeWithValPaddingDeviceOperation,1,22896.0
533504,,TilizeWithValPaddingDeviceOperation,1,22891.0
519168,,TilizeWithValPaddingDeviceOperation,1,22890.0
600064,,TilizeWithValPaddingDeviceOperation,1,22888.0
548864,,TilizeWithValPaddingDeviceOperation,1,22886.0
707584,,TilizeWithValPaddingDeviceOperation,1,22885.0
321536,,TilizeWithValPaddingDeviceOperation,1,22884.0
704512,,TilizeWithValPaddingDeviceOperation,1,22884.0
188416,,TilizeWithValPaddingDeviceOperation,1,22883.0
274432,,TilizeWithValPaddingDeviceOperation,1,22882.0
464896,,TilizeWithValPaddingDeviceOperation,1,22878.0
680960,,TilizeWithValPaddingDeviceOperation,1,22878.0
416768,,TilizeWithValPaddingDeviceOperation,1,22876.0
677888,,TilizeWithValPaddingDeviceOperation,1,22875.0
376832,,TilizeWithValPaddingDeviceOperation,1,22874.0
781312,,TilizeWithValPaddingDeviceOperation,1,22873.0
467968,,TilizeWithValPaddingDeviceOperation,1,22872.0
778240,,TilizeWithValPaddingDeviceOperation,1,22872.0
745472,,TilizeWithValPaddingDeviceOperation,1,22871.0
233472,,TilizeWithValPaddingDeviceOperation,1,22868.0
603136,,TilizeWithValPaddingDeviceOperation,1,22867.0
730112,,TilizeWithValPaddingDeviceOperation,1,22867.0
277504,,TilizeWithValPaddingDeviceOperation,1,22866.0
445440,,TilizeWithValPaddingDeviceOperation,1,22864.0
585728,,TilizeWithValPaddingDeviceOperation,1,22863.0
236544,,TilizeWithValPaddingDeviceOperation,1,22862.0
413696,,TilizeWithValPaddingDeviceOperation,1,22862.0
530432,,TilizeWithValPaddingDeviceOperation,1,22859.0
622592,,TilizeWithValPaddingDeviceOperation,1,22859.0
173056,,TilizeWithValPaddingDeviceOperation,1,22858.0
504832,,TilizeWithValPaddingDeviceOperation,1,22856.0
570368,,TilizeWithValPaddingDeviceOperation,1,22856.0
501760,,TilizeWithValPaddingDeviceOperation,1,22853.0
748544,,TilizeWithValPaddingDeviceOperation,1,22853.0
343040,,TilizeWithValPaddingDeviceOperation,1,22849.0
357376,,TilizeWithValPaddingDeviceOperation,1,22849.0
795648,,TilizeWithValPaddingDeviceOperation,1,22847.0
191488,,TilizeWithValPaddingDeviceOperation,1,22846.0
391168,,TilizeWithValPaddingDeviceOperation,1,22843.0
662528,,TilizeWithValPaddingDeviceOperation,1,22843.0
428032,,TilizeWithValPaddingDeviceOperation,1,22840.0
567296,,TilizeWithValPaddingDeviceOperation,1,22839.0
625664,,TilizeWithValPaddingDeviceOperation,1,22836.0
431104,,TilizeWithValPaddingDeviceOperation,1,22834.0
727040,,TilizeWithValPaddingDeviceOperation,1,22830.0
288768,,TilizeWithValPaddingDeviceOperation,1,22827.0
354304,,TilizeWithValPaddingDeviceOperation,1,22827.0
306176,,TilizeWithValPaddingDeviceOperation,1,22825.0
324608,,TilizeWithValPaddingDeviceOperation,1,22824.0
379904,,TilizeWithValPaddingDeviceOperation,1,22824.0
3544064,1,MatmulDeviceOperation,32,22824.0
659456,,TilizeWithValPaddingDeviceOperation,1,22819.0
251904,,TilizeWithValPaddingDeviceOperation,1,22816.0
254976,,TilizeWithValPaddingDeviceOperation,1,22813.0
394240,,TilizeWithValPaddingDeviceOperation,1,22805.0
648192,,TilizeWithValPaddingDeviceOperation,1,22798.0
155648,,TilizeWithValPaddingDeviceOperation,1,22794.0
792576,,TilizeWithValPaddingDeviceOperation,1,22788.0
2748416,1,MatmulDeviceOperation,64,22742.0
3240960,1,MatmulDeviceOperation,64,22731.0
2710528,1,MatmulDeviceOperation,64,22680.0
2445312,1,MatmulDeviceOperation,64,22675.0
3316736,1,MatmulDeviceOperation,63,22671.0
1071104,,MatmulDeviceOperation,64,22664.0
3657728,1,MatmulDeviceOperation,32,22653.0
3581952,1,MatmulDeviceOperation,32,22650.0
1336320,,MatmulDeviceOperation,64,22649.0
1146880,,MatmulDeviceOperation,64,22587.0
3468288,1,MatmulDeviceOperation,48,22570.0
2634752,1,MatmulDeviceOperation,64,22557.0
2899968,1,MatmulDeviceOperation,64,22528.0
1942528,,MatmulDeviceOperation,64,22512.0
2824192,1,MatmulDeviceOperation,64,22510.0
3278848,1,MatmulDeviceOperation,64,22510.0
1639424,,MatmulDeviceOperation,64,22465.0
1525760,,MatmulDeviceOperation,64,22461.0
1184768,,MatmulDeviceOperation,64,22453.0
2937856,1,MatmulDeviceOperation,64,22445.0
1374208,,MatmulDeviceOperation,64,22436.0
3089408,1,MatmulDeviceOperation,64,22385.0
1033216,,MatmulDeviceOperation,64,22375.0
1753088,,MatmulDeviceOperation,64,22320.0
2245632,,MatmulDeviceOperation,64,22286.0
920576,,MatmulDeviceOperation,64,22262.0
1412096,,MatmulDeviceOperation,64,22256.0
2207744,,MatmulDeviceOperation,64,22255.0
1298432,,MatmulDeviceOperation,64,22254.0
1108992,,MatmulDeviceOperation,64,22217.0
995328,,MatmulDeviceOperation,64,22194.0
1866752,,MatmulDeviceOperation,64,22173.0
2094080,,MatmulDeviceOperation,64,22095.0
2169856,,MatmulDeviceOperation,64,22092.0
1904640,,MatmulDeviceOperation,64,22089.0
957440,,MatmulDeviceOperation,64,22060.0
1487872,,MatmulDeviceOperation,64,22053.0
1222656,,MatmulDeviceOperation,64,22049.0
1715200,,MatmulDeviceOperation,64,22030.0
1828864,,MatmulDeviceOperation,64,22010.0
1563648,,MatmulDeviceOperation,64,21913.0
1980416,,MatmulDeviceOperation,64,21908.0
2131968,,MatmulDeviceOperation,64,21898.0
1601536,,MatmulDeviceOperation,64,21827.0
1449984,,MatmulDeviceOperation,64,21804.0
1790976,,MatmulDeviceOperation,64,21797.0
3619840,1,MatmulDeviceOperation,32,21737.0
1260544,,MatmulDeviceOperation,64,21720.0
1677312,,MatmulDeviceOperation,64,21720.0
2018304,,MatmulDeviceOperation,64,21689.0
2056192,,MatmulDeviceOperation,64,21641.0
2308096,1,EmbeddingsDeviceOperation,1,20393.0
858112,,EmbeddingsDeviceOperation,1,20085.0
2354176,1,TilizeWithValPaddingDeviceOperation,32,17099.0
904192,,TilizeWithValPaddingDeviceOperation,32,17022.0
856064,,ReshapeViewDeviceOperation,64,16607.0
695296,,SliceDeviceOperation,64,16517.0
2306048,1,ReshapeViewDeviceOperation,64,16379.0
671744,,SliceDeviceOperation,64,15901.0
698368,,SliceDeviceOperation,64,15869.0
496640,,SliceDeviceOperation,64,15820.0
805888,,SliceDeviceOperation,64,15775.0
694272,,SliceDeviceOperation,64,15706.0
808960,,SliceDeviceOperation,64,15693.0
758784,,SliceDeviceOperation,64,15645.0
562176,,SliceDeviceOperation,64,15604.0
454656,,SliceDeviceOperation,64,15601.0
579584,,SliceDeviceOperation,64,15566.0
245760,,SliceDeviceOperation,64,15537.0
265216,,SliceDeviceOperation,64,15537.0
227328,,SliceDeviceOperation,64,15507.0
370688,,SliceDeviceOperation,64,15471.0
458752,,SliceDeviceOperation,64,15469.0
478208,,SliceDeviceOperation,64,15444.0
634880,,SliceDeviceOperation,64,15444.0
717824,,SliceDeviceOperation,64,15376.0
223232,,SliceDeviceOperation,64,15325.0
408576,,SliceDeviceOperation,64,15308.0
720896,,SliceDeviceOperation,64,15296.0
809984,,SliceDeviceOperation,64,15285.0
542720,,SliceDeviceOperation,64,15284.0
269312,,SliceDeviceOperation,64,15262.0
183296,,SliceDeviceOperation,64,15213.0
612352,,SliceDeviceOperation,64,15189.0
613376,,SliceDeviceOperation,64,15183.0
150528,,SliceDeviceOperation,64,15130.0
455680,,SliceDeviceOperation,64,15124.0
201728,,SliceDeviceOperation,64,15118.0
219136,,SliceDeviceOperation,64,15076.0
477184,,SliceDeviceOperation,64,15065.0
640000,,SliceDeviceOperation,64,15058.0
580608,,SliceDeviceOperation,64,15049.0
635904,,SliceDeviceOperation,64,15033.0
740352,,SliceDeviceOperation,64,15008.0
616448,,SliceDeviceOperation,64,14999.0
459776,,SliceDeviceOperation,64,14989.0
638976,,SliceDeviceOperation,64,14975.0
716800,,SliceDeviceOperation,64,14974.0
224256,,SliceDeviceOperation,64,14953.0
404480,,SliceDeviceOperation,64,14941.0
246784,,SliceDeviceOperation,64,14907.0
264192,,SliceDeviceOperation,64,14890.0
407552,,SliceDeviceOperation,64,14890.0
699392,,SliceDeviceOperation,64,14871.0
333824,,SliceDeviceOperation,64,14857.0
366592,,SliceDeviceOperation,64,14830.0
315392,,SliceDeviceOperation,64,14815.0
757760,,SliceDeviceOperation,64,14801.0
495616,,SliceDeviceOperation,64,14734.0
739328,,SliceDeviceOperation,64,14711.0
672768,,SliceDeviceOperation,64,14698.0
182272,,SliceDeviceOperation,64,14688.0
228352,,SliceDeviceOperation,64,14651.0
403456,,SliceDeviceOperation,64,14649.0
543744,,SliceDeviceOperation,64,14644.0
367616,,SliceDeviceOperation,64,14642.0
220160,,SliceDeviceOperation,64,14632.0
617472,,SliceDeviceOperation,64,14615.0
721920,,SliceDeviceOperation,64,14580.0
691200,,SliceDeviceOperation,64,14579.0
200704,,SliceDeviceOperation,64,14551.0
334848,,SliceDeviceOperation,64,14548.0
371712,,SliceDeviceOperation,64,14543.0
690176,,SliceDeviceOperation,64,14517.0
149504,,SliceDeviceOperation,64,14450.0
804864,,SliceDeviceOperation,64,14397.0
316416,,SliceDeviceOperation,64,14341.0
561152,,SliceDeviceOperation,64,14309.0
268288,,SliceDeviceOperation,64,14243.0
892928,,TilizeWithValPaddingDeviceOperation,32,13304.0
2342912,1,TilizeWithValPaddingDeviceOperation,32,13274.0
1666048,,RotaryEmbeddingDeviceOperation,32,13237.0
2331648,1,RotaryEmbeddingDeviceOperation,32,13205.0
1014784,,RotaryEmbeddingDeviceOperation,32,13159.0
1400832,,RotaryEmbeddingDeviceOperation,32,13147.0
2196480,,RotaryEmbeddingDeviceOperation,32,13116.0
2310144,1,LayerNormDeviceOperation,64,13109.0
1242112,,RotaryEmbeddingDeviceOperation,32,13059.0
1590272,,RotaryEmbeddingDeviceOperation,32,13059.0
2189312,,RotaryEmbeddingDeviceOperation,32,13039.0
1090560,,RotaryEmbeddingDeviceOperation,32,13004.0
898048,,RotaryEmbeddingDeviceOperation,32,12975.0
1658880,,RotaryEmbeddingDeviceOperation,32,12966.0
1325056,,RotaryEmbeddingDeviceOperation,32,12964.0
1893376,,RotaryEmbeddingDeviceOperation,32,12964.0
2044928,,RotaryEmbeddingDeviceOperation,32,12961.0
1280000,,RotaryEmbeddingDeviceOperation,32,12941.0
1696768,,RotaryEmbeddingDeviceOperation,32,12938.0
2075648,,RotaryEmbeddingDeviceOperation,32,12929.0
2234368,,RotaryEmbeddingDeviceOperation,32,12923.0
1961984,,RotaryEmbeddingDeviceOperation,32,12915.0
1848320,,RotaryEmbeddingDeviceOperation,32,12892.0
1507328,,RotaryEmbeddingDeviceOperation,32,12885.0
1135616,,RotaryEmbeddingDeviceOperation,32,12875.0
1393664,,RotaryEmbeddingDeviceOperation,32,12868.0
1059840,,RotaryEmbeddingDeviceOperation,32,12859.0
1438720,,RotaryEmbeddingDeviceOperation,32,12849.0
2120704,,RotaryEmbeddingDeviceOperation,32,12848.0
1886208,,RotaryEmbeddingDeviceOperation,32,12844.0
1620992,,RotaryEmbeddingDeviceOperation,32,12836.0
2082816,,RotaryEmbeddingDeviceOperation,32,12833.0
1969152,,RotaryEmbeddingDeviceOperation,32,12821.0
1545216,,RotaryEmbeddingDeviceOperation,32,12814.0
1810432,,RotaryEmbeddingDeviceOperation,32,12805.0
939008,,RotaryEmbeddingDeviceOperation,32,12804.0
1772544,,RotaryEmbeddingDeviceOperation,32,12777.0
1097728,,RotaryEmbeddingDeviceOperation,32,12776.0
1817600,,RotaryEmbeddingDeviceOperation,32,12761.0
1514496,,RotaryEmbeddingDeviceOperation,32,12753.0
1476608,,RotaryEmbeddingDeviceOperation,32,12746.0
2037760,,RotaryEmbeddingDeviceOperation,32,12725.0
1204224,,RotaryEmbeddingDeviceOperation,32,12723.0
1355776,,RotaryEmbeddingDeviceOperation,32,12722.0
2007040,,RotaryEmbeddingDeviceOperation,32,12712.0
2113536,,RotaryEmbeddingDeviceOperation,32,12707.0
1734656,,RotaryEmbeddingDeviceOperation,32,12706.0
1741824,,RotaryEmbeddingDeviceOperation,32,12701.0
1552384,,RotaryEmbeddingDeviceOperation,32,12699.0
881664,,RotaryEmbeddingDeviceOperation,32,12693.0
1362944,,RotaryEmbeddingDeviceOperation,32,12690.0
1628160,,RotaryEmbeddingDeviceOperation,32,12676.0
1317888,,RotaryEmbeddingDeviceOperation,32,12670.0
1173504,,RotaryEmbeddingDeviceOperation,32,12666.0
1052672,,RotaryEmbeddingDeviceOperation,32,12657.0
984064,,RotaryEmbeddingDeviceOperation,32,12652.0
1166336,,RotaryEmbeddingDeviceOperation,32,12645.0
2151424,,RotaryEmbeddingDeviceOperation,32,12640.0
1931264,,RotaryEmbeddingDeviceOperation,32,12624.0
976896,,RotaryEmbeddingDeviceOperation,32,12621.0
946176,,RotaryEmbeddingDeviceOperation,32,12615.0
1583104,,RotaryEmbeddingDeviceOperation,32,12609.0
1703936,,RotaryEmbeddingDeviceOperation,32,12604.0
1287168,,RotaryEmbeddingDeviceOperation,32,12600.0
2227200,,RotaryEmbeddingDeviceOperation,32,12570.0
1469440,,RotaryEmbeddingDeviceOperation,32,12566.0
1128448,,RotaryEmbeddingDeviceOperation,32,12563.0
1779712,,RotaryEmbeddingDeviceOperation,32,12557.0
1249280,,RotaryEmbeddingDeviceOperation,32,12554.0
1999872,,RotaryEmbeddingDeviceOperation,32,12554.0
1211392,,RotaryEmbeddingDeviceOperation,32,12535.0
1924096,,RotaryEmbeddingDeviceOperation,32,12533.0
1431552,,RotaryEmbeddingDeviceOperation,32,12530.0
2158592,,RotaryEmbeddingDeviceOperation,32,12461.0
1855488,,RotaryEmbeddingDeviceOperation,32,12458.0
1021952,,RotaryEmbeddingDeviceOperation,32,12426.0
3343360,1,RotaryEmbeddingDeviceOperation,28,12206.0
3487744,1,RotaryEmbeddingDeviceOperation,16,12163.0
3381248,1,RotaryEmbeddingDeviceOperation,28,12105.0
3411968,1,RotaryEmbeddingDeviceOperation,28,12102.0
3374080,1,RotaryEmbeddingDeviceOperation,28,12080.0
3441664,1,LayerNormDeviceOperation,60,12033.0
2987008,1,LayerNormDeviceOperation,64,11989.0
3449856,1,RotaryEmbeddingDeviceOperation,28,11989.0
3419136,1,RotaryEmbeddingDeviceOperation,28,11932.0
3457024,1,RotaryEmbeddingDeviceOperation,28,11927.0
2570240,1,LayerNormDeviceOperation,64,11885.0
2873344,1,LayerNormDeviceOperation,64,11880.0
2418688,1,LayerNormDeviceOperation,64,11871.0
3532800,1,RotaryEmbeddingDeviceOperation,14,11834.0
3494912,1,RotaryEmbeddingDeviceOperation,16,11816.0
2447360,1,LayerNormDeviceOperation,64,11796.0
2805760,1,RotaryEmbeddingDeviceOperation,32,11773.0
3328000,1,LayerNormDeviceOperation,63,11767.0
2750464,1,LayerNormDeviceOperation,64,11734.0
2902016,1,LayerNormDeviceOperation,64,11658.0
2434048,1,RotaryEmbeddingDeviceOperation,32,11648.0
3318784,1,LayerNormDeviceOperation,63,11611.0
2456576,1,LayerNormDeviceOperation,64,11607.0
3214336,1,LayerNormDeviceOperation,64,11607.0
2380800,1,LayerNormDeviceOperation,64,11606.0
2767872,1,RotaryEmbeddingDeviceOperation,32,11606.0
3015680,1,LayerNormDeviceOperation,64,11606.0
2646016,1,LayerNormDeviceOperation,64,11604.0
2759680,1,LayerNormDeviceOperation,64,11604.0
2949120,1,LayerNormDeviceOperation,64,11601.0
2502656,1,RotaryEmbeddingDeviceOperation,32,11599.0
2532352,1,LayerNormDeviceOperation,64,11595.0
2911232,1,LayerNormDeviceOperation,64,11581.0
3053568,1,LayerNormDeviceOperation,64,11581.0
3129344,1,LayerNormDeviceOperation,64,11575.0
3176448,1,LayerNormDeviceOperation,64,11575.0
2636800,1,LayerNormDeviceOperation,64,11573.0
3116032,1,RotaryEmbeddingDeviceOperation,32,11573.0
2494464,1,LayerNormDeviceOperation,64,11572.0
2683904,1,LayerNormDeviceOperation,64,11571.0
3243008,1,LayerNormDeviceOperation,64,11569.0
3040256,1,RotaryEmbeddingDeviceOperation,32,11568.0
2598912,1,LayerNormDeviceOperation,64,11567.0
2561024,1,LayerNormDeviceOperation,64,11566.0
2826240,1,LayerNormDeviceOperation,64,11566.0
3062784,1,LayerNormDeviceOperation,64,11566.0
3100672,1,LayerNormDeviceOperation,64,11564.0
3290112,1,LayerNormDeviceOperation,63,11562.0
2509824,1,RotaryEmbeddingDeviceOperation,32,11561.0
2396160,1,RotaryEmbeddingDeviceOperation,32,11559.0
2674688,1,LayerNormDeviceOperation,64,11559.0
2409472,1,LayerNormDeviceOperation,64,11556.0
3280896,1,LayerNormDeviceOperation,64,11555.0
3138560,1,LayerNormDeviceOperation,64,11553.0
2835456,1,LayerNormDeviceOperation,64,11551.0
2797568,1,LayerNormDeviceOperation,64,11549.0
2348032,1,RotaryEmbeddingDeviceOperation,32,11547.0
2608128,1,LayerNormDeviceOperation,64,11547.0
2485248,1,LayerNormDeviceOperation,64,11546.0
3252224,1,LayerNormDeviceOperation,64,11545.0
3024896,1,LayerNormDeviceOperation,64,11544.0
2864128,1,LayerNormDeviceOperation,64,11532.0
3205120,1,LayerNormDeviceOperation,64,11532.0
3167232,1,LayerNormDeviceOperation,64,11525.0
2721792,1,LayerNormDeviceOperation,64,11524.0
2712576,1,LayerNormDeviceOperation,64,11520.0
3403776,1,LayerNormDeviceOperation,60,11520.0
2926592,1,RotaryEmbeddingDeviceOperation,32,11517.0
2426880,1,RotaryEmbeddingDeviceOperation,32,11512.0
2471936,1,RotaryEmbeddingDeviceOperation,32,11495.0
3525632,1,RotaryEmbeddingDeviceOperation,16,11488.0
2812928,1,RotaryEmbeddingDeviceOperation,32,11485.0
3184640,1,RotaryEmbeddingDeviceOperation,32,11482.0
3305472,1,RotaryEmbeddingDeviceOperation,31,11482.0
2977792,1,LayerNormDeviceOperation,64,11480.0
2939904,1,LayerNormDeviceOperation,64,11471.0
2523136,1,LayerNormDeviceOperation,64,11468.0
3336192,1,RotaryEmbeddingDeviceOperation,30,11464.0
2788352,1,LayerNormDeviceOperation,64,11460.0
3365888,1,LayerNormDeviceOperation,60,11457.0
2388992,1,RotaryEmbeddingDeviceOperation,32,11448.0
2729984,1,RotaryEmbeddingDeviceOperation,32,11446.0
3091456,1,LayerNormDeviceOperation,64,11445.0
2843648,1,RotaryEmbeddingDeviceOperation,32,11442.0
2964480,1,RotaryEmbeddingDeviceOperation,32,11442.0
2699264,1,RotaryEmbeddingDeviceOperation,32,11435.0
3356672,1,LayerNormDeviceOperation,60,11432.0
3432448,1,LayerNormDeviceOperation,60,11429.0
2919424,1,RotaryEmbeddingDeviceOperation,32,11423.0
3394560,1,LayerNormDeviceOperation,60,11421.0
2888704,1,RotaryEmbeddingDeviceOperation,32,11412.0
2957312,1,RotaryEmbeddingDeviceOperation,32,11412.0
2540544,1,RotaryEmbeddingDeviceOperation,32,11406.0
3267584,1,RotaryEmbeddingDeviceOperation,32,11405.0
3078144,1,RotaryEmbeddingDeviceOperation,32,11391.0
2654208,1,RotaryEmbeddingDeviceOperation,32,11389.0
2661376,1,RotaryEmbeddingDeviceOperation,32,11389.0
3229696,1,RotaryEmbeddingDeviceOperation,32,11381.0
2623488,1,RotaryEmbeddingDeviceOperation,32,11380.0
3153920,1,RotaryEmbeddingDeviceOperation,32,11380.0
2578432,1,RotaryEmbeddingDeviceOperation,32,11375.0
2692096,1,RotaryEmbeddingDeviceOperation,32,11373.0
2881536,1,RotaryEmbeddingDeviceOperation,32,11360.0
2995200,1,RotaryEmbeddingDeviceOperation,32,11359.0
2737152,1,RotaryEmbeddingDeviceOperation,32,11353.0
2585600,1,RotaryEmbeddingDeviceOperation,32,11351.0
2775040,1,RotaryEmbeddingDeviceOperation,32,11341.0
2850816,1,RotaryEmbeddingDeviceOperation,32,11341.0
2464768,1,RotaryEmbeddingDeviceOperation,32,11332.0
3508224,1,LayerNormDeviceOperation,48,11330.0
3033088,1,RotaryEmbeddingDeviceOperation,32,11325.0
2547712,1,RotaryEmbeddingDeviceOperation,32,11323.0
3191808,1,RotaryEmbeddingDeviceOperation,32,11321.0
3470336,1,LayerNormDeviceOperation,48,11320.0
3260416,1,RotaryEmbeddingDeviceOperation,32,11315.0
3002368,1,RotaryEmbeddingDeviceOperation,32,11313.0
3479552,1,LayerNormDeviceOperation,48,11303.0
3070976,1,RotaryEmbeddingDeviceOperation,32,11278.0
3517440,1,LayerNormDeviceOperation,48,11272.0
3108864,1,RotaryEmbeddingDeviceOperation,32,11266.0
3621888,1,LayerNormDeviceOperation,32,11240.0
2373632,1,LayerNormDeviceOperation,32,11237.0
3298304,1,RotaryEmbeddingDeviceOperation,31,11232.0
3222528,1,RotaryEmbeddingDeviceOperation,32,11222.0
1830912,,LayerNormDeviceOperation,64,11214.0
1452032,,LayerNormDeviceOperation,64,11213.0
3146752,1,RotaryEmbeddingDeviceOperation,32,11212.0
968704,,LayerNormDeviceOperation,64,11208.0
2616320,1,RotaryEmbeddingDeviceOperation,32,11204.0
1338368,,LayerNormDeviceOperation,64,11202.0
1764352,,LayerNormDeviceOperation,64,11201.0
1461248,,LayerNormDeviceOperation,64,11191.0
1073152,,LayerNormDeviceOperation,64,11190.0
1196032,,LayerNormDeviceOperation,64,11190.0
1679360,,LayerNormDeviceOperation,64,11190.0
1840128,,LayerNormDeviceOperation,64,11189.0
1423360,,LayerNormDeviceOperation,64,11187.0
1186816,,LayerNormDeviceOperation,64,11186.0
1688576,,LayerNormDeviceOperation,64,11186.0
2143232,,LayerNormDeviceOperation,64,11186.0
2247680,,LayerNormDeviceOperation,64,11186.0
1111040,,LayerNormDeviceOperation,64,11184.0
1376256,,LayerNormDeviceOperation,64,11184.0
930816,,LayerNormDeviceOperation,64,11181.0
1612800,,LayerNormDeviceOperation,64,11181.0
2256896,,LayerNormDeviceOperation,64,11178.0
1044480,,LayerNormDeviceOperation,64,11177.0
1158144,,LayerNormDeviceOperation,64,11176.0
1414144,,LayerNormDeviceOperation,64,11174.0
1565696,,LayerNormDeviceOperation,64,11174.0
1233920,,LayerNormDeviceOperation,64,11173.0
1802240,,LayerNormDeviceOperation,64,11173.0
1878016,,LayerNormDeviceOperation,64,11172.0
860160,,LayerNormDeviceOperation,64,11169.0
1262592,,LayerNormDeviceOperation,64,11167.0
1499136,,LayerNormDeviceOperation,64,11167.0
2096128,,LayerNormDeviceOperation,64,11167.0
959488,,LayerNormDeviceOperation,64,11166.0
1148928,,LayerNormDeviceOperation,64,11166.0
1527808,,LayerNormDeviceOperation,64,11166.0
2105344,,LayerNormDeviceOperation,64,11166.0
2171904,,LayerNormDeviceOperation,64,11166.0
2181120,,LayerNormDeviceOperation,64,11166.0
1006592,,LayerNormDeviceOperation,64,11165.0
2209792,,LayerNormDeviceOperation,64,11165.0
1717248,,LayerNormDeviceOperation,64,11164.0
1868800,,LayerNormDeviceOperation,64,11164.0
1991680,,LayerNormDeviceOperation,64,11164.0
1082368,,LayerNormDeviceOperation,64,11163.0
1224704,,LayerNormDeviceOperation,64,11163.0
1035264,,LayerNormDeviceOperation,64,11162.0
1271808,,LayerNormDeviceOperation,64,11162.0
1347584,,LayerNormDeviceOperation,64,11162.0
1385472,,LayerNormDeviceOperation,64,11162.0
2219008,,LayerNormDeviceOperation,64,11162.0
2020352,,LayerNormDeviceOperation,64,11161.0
1120256,,LayerNormDeviceOperation,64,11159.0
2058240,,LayerNormDeviceOperation,64,11157.0
1953792,,LayerNormDeviceOperation,64,11156.0
2134016,,LayerNormDeviceOperation,64,11155.0
3555328,1,LayerNormDeviceOperation,32,11155.0
1309696,,LayerNormDeviceOperation,64,11154.0
2067456,,LayerNormDeviceOperation,64,11152.0
1944576,,LayerNormDeviceOperation,64,11151.0
1793024,,LayerNormDeviceOperation,64,11150.0
1982464,,LayerNormDeviceOperation,64,11150.0
997376,,LayerNormDeviceOperation,64,11149.0
1300480,,LayerNormDeviceOperation,64,11149.0
1641472,,LayerNormDeviceOperation,64,11148.0
1650688,,LayerNormDeviceOperation,64,11148.0
1755136,,LayerNormDeviceOperation,64,11148.0
2029568,,LayerNormDeviceOperation,64,11145.0
3697664,1,LayerNormDeviceOperation,32,11144.0
1537024,,LayerNormDeviceOperation,64,11143.0
1603584,,LayerNormDeviceOperation,64,11142.0
1915904,,LayerNormDeviceOperation,64,11142.0
3546112,1,LayerNormDeviceOperation,32,11139.0
3706880,1,LayerNormDeviceOperation,32,11139.0
1574912,,LayerNormDeviceOperation,64,11134.0
1726464,,LayerNormDeviceOperation,64,11132.0
1906688,,LayerNormDeviceOperation,64,11131.0
3584000,1,LayerNormDeviceOperation,32,11129.0
3668992,1,LayerNormDeviceOperation,32,11127.0
3593216,1,LayerNormDeviceOperation,32,11119.0
1489920,,LayerNormDeviceOperation,64,11118.0
3631104,1,LayerNormDeviceOperation,32,11108.0
3659776,1,LayerNormDeviceOperation,32,11095.0
923648,,LayerNormDeviceOperation,32,10081.0
912384,,FillPadDeviceOperation,64,9938.0
2362368,1,FillPadDeviceOperation,64,9622.0
1549312,,PagedUpdateCacheDeviceOperation,32,9016.0
914432,,BinaryNgDeviceOperation,64,8862.0
2802688,1,PagedUpdateCacheDeviceOperation,32,8778.0
689152,,TilizeWithValPaddingDeviceOperation,40,8567.0
2155520,,PagedUpdateCacheDeviceOperation,32,8537.0
1427456,,NLPCreateQKVHeadsDecodeDeviceOperation,32,8535.0
1806336,,NLPCreateQKVHeadsDecodeDeviceOperation,32,8517.0
972800,,NLPCreateQKVHeadsDecodeDeviceOperation,32,8495.0
1238016,,NLPCreateQKVHeadsDecodeDeviceOperation,32,8490.0
864256,,NLPCreateQKVHeadsDecodeDeviceOperation,32,8487.0
1351680,,NLPCreateQKVHeadsDecodeDeviceOperation,32,8486.0
1616896,,NLPCreateQKVHeadsDecodeDeviceOperation,32,8486.0
1162240,,NLPCreateQKVHeadsDecodeDeviceOperation,32,8472.0
1957888,,NLPCreateQKVHeadsDecodeDeviceOperation,32,8468.0
1541120,,NLPCreateQKVHeadsDecodeDeviceOperation,32,8463.0
1692672,,NLPCreateQKVHeadsDecodeDeviceOperation,32,8463.0
1010688,,NLPCreateQKVHeadsDecodeDeviceOperation,32,8452.0
1313792,,NLPCreateQKVHeadsDecodeDeviceOperation,32,8450.0
1503232,,NLPCreateQKVHeadsDecodeDeviceOperation,32,8446.0
2109440,,NLPCreateQKVHeadsDecodeDeviceOperation,32,8446.0
1882112,,NLPCreateQKVHeadsDecodeDeviceOperation,32,8445.0
1048576,,NLPCreateQKVHeadsDecodeDeviceOperation,32,8444.0
1654784,,NLPCreateQKVHeadsDecodeDeviceOperation,32,8442.0
2071552,,NLPCreateQKVHeadsDecodeDeviceOperation,32,8442.0
1768448,,NLPCreateQKVHeadsDecodeDeviceOperation,32,8441.0
2033664,,NLPCreateQKVHeadsDecodeDeviceOperation,32,8440.0
1465344,,NLPCreateQKVHeadsDecodeDeviceOperation,32,8438.0
2223104,,NLPCreateQKVHeadsDecodeDeviceOperation,32,8437.0
1086464,,NLPCreateQKVHeadsDecodeDeviceOperation,32,8427.0
1995776,,NLPCreateQKVHeadsDecodeDeviceOperation,32,8424.0
934912,,NLPCreateQKVHeadsDecodeDeviceOperation,32,8423.0
1200128,,NLPCreateQKVHeadsDecodeDeviceOperation,32,8420.0
1579008,,NLPCreateQKVHeadsDecodeDeviceOperation,32,8413.0
1730560,,NLPCreateQKVHeadsDecodeDeviceOperation,32,8411.0
1844224,,NLPCreateQKVHeadsDecodeDeviceOperation,32,8410.0
2185216,,NLPCreateQKVHeadsDecodeDeviceOperation,32,8409.0
1389568,,NLPCreateQKVHeadsDecodeDeviceOperation,32,8407.0
2147328,,NLPCreateQKVHeadsDecodeDeviceOperation,32,8404.0
1275904,,NLPCreateQKVHeadsDecodeDeviceOperation,32,8403.0
402432,,TilizeWithValPaddingDeviceOperation,40,8400.0
1124352,,NLPCreateQKVHeadsDecodeDeviceOperation,32,8400.0
181248,,TilizeWithValPaddingDeviceOperation,40,8376.0
1920000,,NLPCreateQKVHeadsDecodeDeviceOperation,32,8374.0
738304,,TilizeWithValPaddingDeviceOperation,40,8348.0
665600,,TilizeWithValPaddingDeviceOperation,32,8345.0
94208,,TilizeWithValPaddingDeviceOperation,32,8340.0
332800,,TilizeWithValPaddingDeviceOperation,40,8340.0
33792,,TilizeWithValPaddingDeviceOperation,32,8338.0
327680,,TilizeWithValPaddingDeviceOperation,32,8328.0
522240,,TilizeWithValPaddingDeviceOperation,32,8305.0
280576,,TilizeWithValPaddingDeviceOperation,32,8301.0
199680,,TilizeWithValPaddingDeviceOperation,40,8300.0
527360,,TilizeWithValPaddingDeviceOperation,40,8298.0
309248,,TilizeWithValPaddingDeviceOperation,32,8297.0
1163264,,PagedUpdateCacheDeviceOperation,32,8297.0
122880,,TilizeWithValPaddingDeviceOperation,32,8286.0
131072,,TilizeWithValPaddingDeviceOperation,32,8284.0
2072576,,PagedUpdateCacheDeviceOperation,32,8268.0
1201152,,PagedUpdateCacheDeviceOperation,32,8266.0
2650112,1,NLPCreateQKVHeadsDecodeDeviceOperation,32,8251.0
114688,,TilizeWithValPaddingDeviceOperation,32,8242.0
346112,,TilizeWithValPaddingDeviceOperation,32,8240.0
17408,,TilizeWithValPaddingDeviceOperation,32,8236.0
803840,,TilizeWithValPaddingDeviceOperation,40,8236.0
285696,,TilizeWithValPaddingDeviceOperation,40,8235.0
513024,,TilizeWithValPaddingDeviceOperation,40,8231.0
144384,,TilizeWithValPaddingDeviceOperation,32,8226.0
494592,,TilizeWithValPaddingDeviceOperation,40,8226.0
1024,,TilizeWithValPaddingDeviceOperation,32,8222.0
2224128,,PagedUpdateCacheDeviceOperation,32,8213.0
2801664,1,NLPCreateQKVHeadsDecodeDeviceOperation,32,8209.0
775168,,TilizeWithValPaddingDeviceOperation,40,8208.0
70656,,TilizeWithValPaddingDeviceOperation,32,8206.0
239616,,TilizeWithValPaddingDeviceOperation,32,8206.0
798720,,TilizeWithValPaddingDeviceOperation,32,8199.0
784384,,TilizeWithValPaddingDeviceOperation,32,8197.0
733184,,TilizeWithValPaddingDeviceOperation,32,8195.0
751616,,TilizeWithValPaddingDeviceOperation,32,8195.0
2809856,1,PagedUpdateCacheDeviceOperation,32,8193.0
45056,,TilizeWithValPaddingDeviceOperation,32,8189.0
244736,,TilizeWithValPaddingDeviceOperation,40,8188.0
176128,,TilizeWithValPaddingDeviceOperation,32,8184.0
670720,,TilizeWithValPaddingDeviceOperation,40,8179.0
560128,,TilizeWithValPaddingDeviceOperation,40,8176.0
314368,,TilizeWithValPaddingDeviceOperation,40,8174.0
596992,,TilizeWithValPaddingDeviceOperation,40,8165.0
73728,,TilizeWithValPaddingDeviceOperation,32,8164.0
106496,,TilizeWithValPaddingDeviceOperation,32,8163.0
57344,,TilizeWithValPaddingDeviceOperation,32,8162.0
13312,,TilizeWithValPaddingDeviceOperation,32,8159.0
1776640,,PagedUpdateCacheDeviceOperation,32,8158.0
715776,,TilizeWithValPaddingDeviceOperation,40,8156.0
419840,,TilizeWithValPaddingDeviceOperation,32,8153.0
115712,,TilizeWithValPaddingDeviceOperation,32,8150.0
4096,,TilizeWithValPaddingDeviceOperation,32,8148.0
102400,,TilizeWithValPaddingDeviceOperation,32,8145.0
16384,,TilizeWithValPaddingDeviceOperation,32,8140.0
351232,,TilizeWithValPaddingDeviceOperation,40,8140.0
143360,,TilizeWithValPaddingDeviceOperation,32,8139.0
2991104,1,NLPCreateQKVHeadsDecodeDeviceOperation,32,8136.0
135168,,TilizeWithValPaddingDeviceOperation,32,8134.0
140288,,TilizeWithValPaddingDeviceOperation,32,8132.0
365568,,TilizeWithValPaddingDeviceOperation,40,8129.0
633856,,TilizeWithValPaddingDeviceOperation,40,8129.0
3142656,1,NLPCreateQKVHeadsDecodeDeviceOperation,32,8129.0
82944,,TilizeWithValPaddingDeviceOperation,32,8126.0
98304,,TilizeWithValPaddingDeviceOperation,32,8126.0
2193408,,PagedUpdateCacheDeviceOperation,32,8126.0
1958912,,PagedUpdateCacheDeviceOperation,32,8121.0
656384,,TilizeWithValPaddingDeviceOperation,40,8116.0
2384896,1,NLPCreateQKVHeadsDecodeDeviceOperation,32,8115.0
710656,,TilizeWithValPaddingDeviceOperation,32,8114.0
3369984,1,NLPCreateQKVHeadsDecodeDeviceOperation,28,8111.0
3521536,1,NLPCreateQKVHeadsDecodeDeviceOperation,16,8111.0
424960,,TilizeWithValPaddingDeviceOperation,40,8110.0
263168,,TilizeWithValPaddingDeviceOperation,40,8105.0
756736,,TilizeWithValPaddingDeviceOperation,40,8105.0
3028992,1,NLPCreateQKVHeadsDecodeDeviceOperation,32,8105.0
28672,,TilizeWithValPaddingDeviceOperation,32,8104.0
136192,,TilizeWithValPaddingDeviceOperation,32,8101.0
3104768,1,NLPCreateQKVHeadsDecodeDeviceOperation,32,8096.0
606208,,TilizeWithValPaddingDeviceOperation,32,8095.0
2422784,1,NLPCreateQKVHeadsDecodeDeviceOperation,32,8095.0
36864,,TilizeWithValPaddingDeviceOperation,32,8094.0
2915328,1,NLPCreateQKVHeadsDecodeDeviceOperation,32,8093.0
166912,,TilizeWithValPaddingDeviceOperation,40,8092.0
218112,,TilizeWithValPaddingDeviceOperation,40,8092.0
118784,,TilizeWithValPaddingDeviceOperation,32,8091.0
147456,,TilizeWithValPaddingDeviceOperation,32,8088.0
41984,,TilizeWithValPaddingDeviceOperation,32,8082.0
69632,,TilizeWithValPaddingDeviceOperation,32,8082.0
1276928,,PagedUpdateCacheDeviceOperation,32,8082.0
2763776,1,NLPCreateQKVHeadsDecodeDeviceOperation,32,8082.0
2385920,1,PagedUpdateCacheDeviceOperation,32,8077.0
611328,,TilizeWithValPaddingDeviceOperation,40,8074.0
99328,,TilizeWithValPaddingDeviceOperation,32,8073.0
2536448,1,NLPCreateQKVHeadsDecodeDeviceOperation,32,8073.0
3332096,1,NLPCreateQKVHeadsDecodeDeviceOperation,31,8073.0
541696,,TilizeWithValPaddingDeviceOperation,40,8072.0
3294208,1,NLPCreateQKVHeadsDecodeDeviceOperation,31,8072.0
2877440,1,NLPCreateQKVHeadsDecodeDeviceOperation,32,8071.0
3407872,1,NLPCreateQKVHeadsDecodeDeviceOperation,28,8071.0
388096,,TilizeWithValPaddingDeviceOperation,40,8070.0
81920,,TilizeWithValPaddingDeviceOperation,32,8067.0
2460672,1,NLPCreateQKVHeadsDecodeDeviceOperation,32,8066.0
448512,,TilizeWithValPaddingDeviceOperation,32,8065.0
2953216,1,NLPCreateQKVHeadsDecodeDeviceOperation,32,8065.0
434176,,TilizeWithValPaddingDeviceOperation,32,8064.0
3226624,1,PagedUpdateCacheDeviceOperation,32,8063.0
3218432,1,NLPCreateQKVHeadsDecodeDeviceOperation,32,8058.0
2498560,1,NLPCreateQKVHeadsDecodeDeviceOperation,32,8056.0
397312,,TilizeWithValPaddingDeviceOperation,32,8054.0
439296,,TilizeWithValPaddingDeviceOperation,40,8054.0
300032,,TilizeWithValPaddingDeviceOperation,40,8053.0
555008,,TilizeWithValPaddingDeviceOperation,32,8050.0
573440,,TilizeWithValPaddingDeviceOperation,32,8048.0
3378176,1,PagedUpdateCacheDeviceOperation,28,8046.0
770048,,TilizeWithValPaddingDeviceOperation,32,8045.0
3256320,1,NLPCreateQKVHeadsDecodeDeviceOperation,32,8044.0
21504,,TilizeWithValPaddingDeviceOperation,32,8042.0
453632,,TilizeWithValPaddingDeviceOperation,40,8039.0
789504,,TilizeWithValPaddingDeviceOperation,40,8039.0
2231296,,PagedUpdateCacheDeviceOperation,32,8039.0
3066880,1,NLPCreateQKVHeadsDecodeDeviceOperation,32,8039.0
103424,,TilizeWithValPaddingDeviceOperation,32,8035.0
2574336,1,NLPCreateQKVHeadsDecodeDeviceOperation,32,8035.0
382976,,TilizeWithValPaddingDeviceOperation,32,8034.0
258048,,TilizeWithValPaddingDeviceOperation,32,8031.0
9216,,TilizeWithValPaddingDeviceOperation,32,8029.0
2688000,1,NLPCreateQKVHeadsDecodeDeviceOperation,32,8029.0
2314240,1,NLPCreateQKVHeadsDecodeDeviceOperation,32,8028.0
61440,,TilizeWithValPaddingDeviceOperation,32,8026.0
3483648,1,NLPCreateQKVHeadsDecodeDeviceOperation,16,8024.0
2839552,1,NLPCreateQKVHeadsDecodeDeviceOperation,32,8023.0
651264,,TilizeWithValPaddingDeviceOperation,32,8019.0
3445760,1,NLPCreateQKVHeadsDecodeDeviceOperation,28,8017.0
128000,,TilizeWithValPaddingDeviceOperation,32,8015.0
578560,,TilizeWithValPaddingDeviceOperation,40,8013.0
1428480,,PagedUpdateCacheDeviceOperation,32,8012.0
58368,,TilizeWithValPaddingDeviceOperation,32,8009.0
476160,,TilizeWithValPaddingDeviceOperation,40,8000.0
66560,,TilizeWithValPaddingDeviceOperation,32,7998.0
110592,,TilizeWithValPaddingDeviceOperation,32,7996.0
360448,,TilizeWithValPaddingDeviceOperation,32,7996.0
148480,,TilizeWithValPaddingDeviceOperation,32,7994.0
2725888,1,NLPCreateQKVHeadsDecodeDeviceOperation,32,7994.0
2612224,1,NLPCreateQKVHeadsDecodeDeviceOperation,32,7989.0
489472,,TilizeWithValPaddingDeviceOperation,32,7986.0
78848,,TilizeWithValPaddingDeviceOperation,32,7983.0
40960,,TilizeWithValPaddingDeviceOperation,32,7982.0
50176,,TilizeWithValPaddingDeviceOperation,32,7980.0
65536,,TilizeWithValPaddingDeviceOperation,32,7980.0
91136,,TilizeWithValPaddingDeviceOperation,32,7980.0
37888,,TilizeWithValPaddingDeviceOperation,32,7979.0
123904,,TilizeWithValPaddingDeviceOperation,32,7979.0
12288,,TilizeWithValPaddingDeviceOperation,32,7978.0
46080,,TilizeWithValPaddingDeviceOperation,32,7977.0
86016,,TilizeWithValPaddingDeviceOperation,32,7977.0
1087488,,PagedUpdateCacheDeviceOperation,32,7964.0
212992,,TilizeWithValPaddingDeviceOperation,32,7963.0
32768,,TilizeWithValPaddingDeviceOperation,32,7962.0
29696,,TilizeWithValPaddingDeviceOperation,32,7960.0
95232,,TilizeWithValPaddingDeviceOperation,32,7960.0
87040,,TilizeWithValPaddingDeviceOperation,32,7959.0
25600,,TilizeWithValPaddingDeviceOperation,32,7958.0
77824,,TilizeWithValPaddingDeviceOperation,32,7956.0
139264,,TilizeWithValPaddingDeviceOperation,32,7956.0
161792,,TilizeWithValPaddingDeviceOperation,32,7954.0
119808,,TilizeWithValPaddingDeviceOperation,32,7951.0
107520,,TilizeWithValPaddingDeviceOperation,32,7950.0
111616,,TilizeWithValPaddingDeviceOperation,32,7950.0
536576,,TilizeWithValPaddingDeviceOperation,32,7950.0
53248,,TilizeWithValPaddingDeviceOperation,32,7946.0
54272,,TilizeWithValPaddingDeviceOperation,32,7946.0
3180544,1,NLPCreateQKVHeadsDecodeDeviceOperation,32,7944.0
1921024,,PagedUpdateCacheDeviceOperation,32,7943.0
471040,,TilizeWithValPaddingDeviceOperation,32,7940.0
628736,,TilizeWithValPaddingDeviceOperation,32,7928.0
1011712,,PagedUpdateCacheDeviceOperation,32,7924.0
1890304,,PagedUpdateCacheDeviceOperation,32,7923.0
24576,,TilizeWithValPaddingDeviceOperation,32,7922.0
591872,,TilizeWithValPaddingDeviceOperation,32,7922.0
1132544,,PagedUpdateCacheDeviceOperation,32,7919.0
20480,,TilizeWithValPaddingDeviceOperation,32,7909.0
2041856,,PagedUpdateCacheDeviceOperation,32,7902.0
126976,,TilizeWithValPaddingDeviceOperation,32,7896.0
62464,,TilizeWithValPaddingDeviceOperation,32,7895.0
943104,,PagedUpdateCacheDeviceOperation,32,7894.0
1883136,,PagedUpdateCacheDeviceOperation,32,7891.0
3067904,1,PagedUpdateCacheDeviceOperation,32,7889.0
74752,,TilizeWithValPaddingDeviceOperation,32,7886.0
1314816,,PagedUpdateCacheDeviceOperation,32,7882.0
294912,,TilizeWithValPaddingDeviceOperation,32,7871.0
5120,,TilizeWithValPaddingDeviceOperation,32,7870.0
507904,,TilizeWithValPaddingDeviceOperation,32,7865.0
684032,,TilizeWithValPaddingDeviceOperation,32,7865.0
194560,,TilizeWithValPaddingDeviceOperation,32,7857.0
2840576,1,PagedUpdateCacheDeviceOperation,32,7856.0
1738752,,PagedUpdateCacheDeviceOperation,32,7846.0
90112,,TilizeWithValPaddingDeviceOperation,32,7845.0
3491840,1,PagedUpdateCacheDeviceOperation,16,7843.0
49152,,TilizeWithValPaddingDeviceOperation,32,7837.0
8192,,TilizeWithValPaddingDeviceOperation,32,7835.0
1504256,,PagedUpdateCacheDeviceOperation,32,7831.0
1208320,,PagedUpdateCacheDeviceOperation,32,7827.0
3340288,1,PagedUpdateCacheDeviceOperation,28,7827.0
2034688,,PagedUpdateCacheDeviceOperation,32,7825.0
1239040,,PagedUpdateCacheDeviceOperation,32,7817.0
1845248,,PagedUpdateCacheDeviceOperation,32,7815.0
132096,,TilizeWithValPaddingDeviceOperation,32,7814.0
1769472,,PagedUpdateCacheDeviceOperation,32,7795.0
2186240,,PagedUpdateCacheDeviceOperation,32,7787.0
1352704,,PagedUpdateCacheDeviceOperation,32,7778.0
1466368,,PagedUpdateCacheDeviceOperation,32,7764.0
980992,,PagedUpdateCacheDeviceOperation,32,7762.0
1966080,,PagedUpdateCacheDeviceOperation,32,7750.0
1542144,,PagedUpdateCacheDeviceOperation,32,7749.0
1056768,,PagedUpdateCacheDeviceOperation,32,7742.0
1049600,,PagedUpdateCacheDeviceOperation,32,7739.0
1397760,,PagedUpdateCacheDeviceOperation,32,7732.0
1246208,,PagedUpdateCacheDeviceOperation,32,7717.0
1587200,,PagedUpdateCacheDeviceOperation,32,7695.0
1655808,,PagedUpdateCacheDeviceOperation,32,7678.0
1814528,,PagedUpdateCacheDeviceOperation,32,7668.0
2110464,,PagedUpdateCacheDeviceOperation,32,7663.0
1662976,,PagedUpdateCacheDeviceOperation,32,7657.0
1700864,,PagedUpdateCacheDeviceOperation,32,7650.0
2734080,1,PagedUpdateCacheDeviceOperation,32,7642.0
1731584,,PagedUpdateCacheDeviceOperation,32,7639.0
1996800,,PagedUpdateCacheDeviceOperation,32,7638.0
1390592,,PagedUpdateCacheDeviceOperation,32,7633.0
2999296,1,PagedUpdateCacheDeviceOperation,32,7633.0
1435648,,PagedUpdateCacheDeviceOperation,32,7630.0
1094656,,PagedUpdateCacheDeviceOperation,32,7620.0
1625088,,PagedUpdateCacheDeviceOperation,32,7613.0
2079744,,PagedUpdateCacheDeviceOperation,32,7597.0
3416064,1,PagedUpdateCacheDeviceOperation,28,7597.0
2961408,1,PagedUpdateCacheDeviceOperation,32,7587.0
1511424,,PagedUpdateCacheDeviceOperation,32,7584.0
2651136,1,PagedUpdateCacheDeviceOperation,32,7584.0
2847744,1,PagedUpdateCacheDeviceOperation,32,7584.0
1580032,,PagedUpdateCacheDeviceOperation,32,7581.0
3143680,1,PagedUpdateCacheDeviceOperation,32,7571.0
1284096,,PagedUpdateCacheDeviceOperation,32,7561.0
1473536,,PagedUpdateCacheDeviceOperation,32,7561.0
2003968,,PagedUpdateCacheDeviceOperation,32,7554.0
2696192,1,PagedUpdateCacheDeviceOperation,32,7548.0
1693696,,PagedUpdateCacheDeviceOperation,32,7533.0
1928192,,PagedUpdateCacheDeviceOperation,32,7531.0
1321984,,PagedUpdateCacheDeviceOperation,32,7525.0
935936,,PagedUpdateCacheDeviceOperation,32,7512.0
2620416,1,PagedUpdateCacheDeviceOperation,32,7502.0
2423808,1,PagedUpdateCacheDeviceOperation,32,7495.0
885760,,PagedUpdateCacheDeviceOperation,32,7478.0
866304,,PagedUpdateCacheDeviceOperation,32,7475.0
1359872,,PagedUpdateCacheDeviceOperation,32,7470.0
2117632,,PagedUpdateCacheDeviceOperation,32,7470.0
3075072,1,PagedUpdateCacheDeviceOperation,32,7460.0
2582528,1,PagedUpdateCacheDeviceOperation,32,7453.0
3188736,1,PagedUpdateCacheDeviceOperation,32,7446.0
1852416,,PagedUpdateCacheDeviceOperation,32,7445.0
1807360,,PagedUpdateCacheDeviceOperation,32,7444.0
3484672,1,PagedUpdateCacheDeviceOperation,16,7444.0
1170432,,PagedUpdateCacheDeviceOperation,32,7436.0
2148352,,PagedUpdateCacheDeviceOperation,32,7413.0
2461696,1,PagedUpdateCacheDeviceOperation,32,7412.0
2393088,1,PagedUpdateCacheDeviceOperation,32,7388.0
2575360,1,PagedUpdateCacheDeviceOperation,32,7377.0
2364416,1,BinaryNgDeviceOperation,64,7368.0
2764800,1,PagedUpdateCacheDeviceOperation,32,7355.0
2335744,1,PagedUpdateCacheDeviceOperation,32,7352.0
1125376,,PagedUpdateCacheDeviceOperation,32,7341.0
2658304,1,PagedUpdateCacheDeviceOperation,32,7332.0
1018880,,PagedUpdateCacheDeviceOperation,32,7331.0
973824,,PagedUpdateCacheDeviceOperation,32,7323.0
1617920,,PagedUpdateCacheDeviceOperation,32,7318.0
3037184,1,PagedUpdateCacheDeviceOperation,32,7314.0
3371008,1,PagedUpdateCacheDeviceOperation,28,7299.0
3295232,1,PagedUpdateCacheDeviceOperation,31,7270.0
2689024,1,PagedUpdateCacheDeviceOperation,32,7257.0
2916352,1,PagedUpdateCacheDeviceOperation,32,7257.0
3522560,1,PagedUpdateCacheDeviceOperation,16,7245.0
3181568,1,PagedUpdateCacheDeviceOperation,32,7205.0
3408896,1,PagedUpdateCacheDeviceOperation,28,7201.0
2506752,1,PagedUpdateCacheDeviceOperation,32,7195.0
2316288,1,PagedUpdateCacheDeviceOperation,32,7169.0
2954240,1,PagedUpdateCacheDeviceOperation,32,7162.0
3302400,1,PagedUpdateCacheDeviceOperation,31,7156.0
3529728,1,PagedUpdateCacheDeviceOperation,16,7156.0
3112960,1,PagedUpdateCacheDeviceOperation,32,7141.0
3264512,1,PagedUpdateCacheDeviceOperation,32,7136.0
3453952,1,PagedUpdateCacheDeviceOperation,28,7135.0
2468864,1,PagedUpdateCacheDeviceOperation,32,7130.0
3446784,1,PagedUpdateCacheDeviceOperation,28,7130.0
2537472,1,PagedUpdateCacheDeviceOperation,32,7129.0
3030016,1,PagedUpdateCacheDeviceOperation,32,7121.0
3257344,1,PagedUpdateCacheDeviceOperation,32,7112.0
2771968,1,PagedUpdateCacheDeviceOperation,32,7091.0
2878464,1,PagedUpdateCacheDeviceOperation,32,7074.0
2544640,1,PagedUpdateCacheDeviceOperation,32,7030.0
2992128,1,PagedUpdateCacheDeviceOperation,32,7015.0
2430976,1,PagedUpdateCacheDeviceOperation,32,6992.0
3083264,1,TypecastDeviceOperation,64,6992.0
3150848,1,PagedUpdateCacheDeviceOperation,32,6983.0
3333120,1,PagedUpdateCacheDeviceOperation,31,6974.0
3219456,1,PagedUpdateCacheDeviceOperation,32,6927.0
3105792,1,PagedUpdateCacheDeviceOperation,32,6900.0
2613248,1,PagedUpdateCacheDeviceOperation,32,6862.0
2923520,1,PagedUpdateCacheDeviceOperation,32,6862.0
2885632,1,PagedUpdateCacheDeviceOperation,32,6808.0
2336768,1,TilizeWithValPaddingDeviceOperation,1,6752.0
2499584,1,PagedUpdateCacheDeviceOperation,32,6713.0
2742272,1,TypecastDeviceOperation,64,6693.0
2263040,1,TilizeWithValPaddingDeviceOperation,1,6675.0
2855936,1,TypecastDeviceOperation,64,6672.0
2318336,1,TilizeWithValPaddingDeviceOperation,1,6668.0
2301952,1,TilizeWithValPaddingDeviceOperation,1,6663.0
1254400,,TypecastDeviceOperation,64,6656.0
851968,,TilizeWithValPaddingDeviceOperation,1,6652.0
813056,,TilizeWithValPaddingDeviceOperation,1,6595.0
2726912,1,PagedUpdateCacheDeviceOperation,32,6592.0
3196928,1,TypecastDeviceOperation,64,6580.0
1140736,,TypecastDeviceOperation,64,6579.0
2239488,,TypecastDeviceOperation,64,6483.0
886784,,TilizeWithValPaddingDeviceOperation,1,6474.0
3500032,1,TypecastDeviceOperation,48,6469.0
868352,,TilizeWithValPaddingDeviceOperation,1,6461.0
2360320,1,TypecastDeviceOperation,64,6430.0
1405952,,TypecastDeviceOperation,64,6308.0
3537920,1,TypecastDeviceOperation,40,6308.0
1178624,,TypecastDeviceOperation,64,6271.0
1557504,,TypecastDeviceOperation,64,6268.0
3159040,1,TypecastDeviceOperation,64,6261.0
3651584,1,TypecastDeviceOperation,32,6233.0
2552832,1,TypecastDeviceOperation,64,6203.0
3348480,1,TypecastDeviceOperation,60,6203.0
1709056,,TypecastDeviceOperation,64,6178.0
2490368,1,BinaryNgDeviceOperation,64,6170.0
1822720,,TypecastDeviceOperation,64,6166.0
2477056,1,TypecastDeviceOperation,64,6156.0
2012160,,TypecastDeviceOperation,64,6148.0
2931712,1,TypecastDeviceOperation,64,6147.0
2401280,1,TypecastDeviceOperation,64,6140.0
3613696,1,TypecastDeviceOperation,32,6135.0
2969600,1,TypecastDeviceOperation,64,6124.0
2201600,,TypecastDeviceOperation,64,6123.0
3007488,1,TypecastDeviceOperation,64,6093.0
3121152,1,TypecastDeviceOperation,64,6088.0
2163712,,TypecastDeviceOperation,64,6082.0
1936384,,TypecastDeviceOperation,64,6039.0
1443840,,TypecastDeviceOperation,64,6032.0
2628608,1,TypecastDeviceOperation,64,6029.0
2087936,,TypecastDeviceOperation,64,6013.0
2893824,1,TypecastDeviceOperation,64,6010.0
3045376,1,TypecastDeviceOperation,64,5991.0
3575808,1,TypecastDeviceOperation,32,5987.0
1481728,,TypecastDeviceOperation,64,5985.0
2818048,1,TypecastDeviceOperation,64,5965.0
3234816,1,TypecastDeviceOperation,64,5961.0
1027072,,TypecastDeviceOperation,64,5944.0
1898496,,TypecastDeviceOperation,64,5927.0
3272704,1,TypecastDeviceOperation,64,5925.0
918528,,NLPConcatHeadsDecodeDeviceOperation,16,5918.0
1064960,,TypecastDeviceOperation,64,5905.0
955392,,NLPConcatHeadsDecodeDeviceOperation,16,5902.0
3689472,1,TypecastDeviceOperation,32,5896.0
2129920,,NLPConcatHeadsDecodeDeviceOperation,16,5890.0
2704384,1,TypecastDeviceOperation,64,5884.0
3386368,1,TypecastDeviceOperation,60,5879.0
2050048,,TypecastDeviceOperation,64,5868.0
910336,,TypecastDeviceOperation,64,5864.0
1860608,,TypecastDeviceOperation,64,5862.0
1144832,,NLPConcatHeadsDecodeDeviceOperation,16,5860.0
1102848,,TypecastDeviceOperation,64,5854.0
2016256,,NLPConcatHeadsDecodeDeviceOperation,16,5854.0
2092032,,NLPConcatHeadsDecodeDeviceOperation,16,5839.0
363520,,UntilizeWithUnpaddingDeviceOperation,1,5837.0
1220608,,NLPConcatHeadsDecodeDeviceOperation,16,5836.0
1182720,,NLPConcatHeadsDecodeDeviceOperation,16,5833.0
1485824,,NLPConcatHeadsDecodeDeviceOperation,16,5833.0
1595392,,TypecastDeviceOperation,64,5828.0
1637376,,NLPConcatHeadsDecodeDeviceOperation,16,5825.0
1447936,,NLPConcatHeadsDecodeDeviceOperation,16,5823.0
1523712,,NLPConcatHeadsDecodeDeviceOperation,16,5821.0
1292288,,TypecastDeviceOperation,64,5817.0
2907136,1,BinaryNgDeviceOperation,64,5815.0
1372160,,NLPConcatHeadsDecodeDeviceOperation,16,5810.0
2679808,1,BinaryNgDeviceOperation,64,5809.0
2793472,1,BinaryNgDeviceOperation,64,5808.0
1751040,,NLPConcatHeadsDecodeDeviceOperation,16,5806.0
3361792,1,BinaryNgDeviceOperation,60,5804.0
2566144,1,BinaryNgDeviceOperation,64,5803.0
1519616,,TypecastDeviceOperation,64,5802.0
3096576,1,BinaryNgDeviceOperation,64,5802.0
2376704,1,BinaryNgDeviceOperation,64,5799.0
2641920,1,BinaryNgDeviceOperation,64,5799.0
2831360,1,BinaryNgDeviceOperation,64,5798.0
2452480,1,BinaryNgDeviceOperation,64,5797.0
1368064,,TypecastDeviceOperation,64,5796.0
1826816,,NLPConcatHeadsDecodeDeviceOperation,16,5796.0
3020800,1,BinaryNgDeviceOperation,64,5796.0
1334272,,NLPConcatHeadsDecodeDeviceOperation,16,5795.0
1561600,,NLPConcatHeadsDecodeDeviceOperation,16,5795.0
2054144,,NLPConcatHeadsDecodeDeviceOperation,16,5794.0
2945024,1,BinaryNgDeviceOperation,64,5793.0
3134464,1,BinaryNgDeviceOperation,64,5793.0
3210240,1,BinaryNgDeviceOperation,64,5793.0
2243584,,NLPConcatHeadsDecodeDeviceOperation,16,5792.0
2869248,1,BinaryNgDeviceOperation,64,5792.0
2414592,1,BinaryNgDeviceOperation,64,5791.0
2755584,1,BinaryNgDeviceOperation,64,5791.0
3513344,1,BinaryNgDeviceOperation,48,5791.0
3323904,1,BinaryNgDeviceOperation,63,5790.0
3424256,1,TypecastDeviceOperation,60,5790.0
2982912,1,BinaryNgDeviceOperation,64,5789.0
3248128,1,BinaryNgDeviceOperation,64,5788.0
3437568,1,BinaryNgDeviceOperation,60,5788.0
3702784,1,BinaryNgDeviceOperation,32,5788.0
2167808,,NLPConcatHeadsDecodeDeviceOperation,16,5787.0
3475456,1,BinaryNgDeviceOperation,48,5785.0
2528256,1,BinaryNgDeviceOperation,64,5784.0
2590720,1,TypecastDeviceOperation,64,5784.0
2717696,1,BinaryNgDeviceOperation,64,5784.0
3286016,1,BinaryNgDeviceOperation,64,5784.0
2604032,1,BinaryNgDeviceOperation,64,5781.0
3172352,1,BinaryNgDeviceOperation,64,5781.0
3399680,1,BinaryNgDeviceOperation,60,5781.0
3589120,1,BinaryNgDeviceOperation,32,5781.0
1713152,,NLPConcatHeadsDecodeDeviceOperation,16,5780.0
2205696,,NLPConcatHeadsDecodeDeviceOperation,16,5780.0
993280,,NLPConcatHeadsDecodeDeviceOperation,16,5776.0
3058688,1,BinaryNgDeviceOperation,64,5776.0
3462144,1,TypecastDeviceOperation,59,5775.0
1069056,,NLPConcatHeadsDecodeDeviceOperation,16,5774.0
3627008,1,BinaryNgDeviceOperation,32,5774.0
3551232,1,BinaryNgDeviceOperation,32,5771.0
1106944,,NLPConcatHeadsDecodeDeviceOperation,16,5769.0
1788928,,NLPConcatHeadsDecodeDeviceOperation,16,5766.0
1258496,,NLPConcatHeadsDecodeDeviceOperation,16,5764.0
1746944,,TypecastDeviceOperation,64,5763.0
1031168,,NLPConcatHeadsDecodeDeviceOperation,16,5760.0
1940480,,NLPConcatHeadsDecodeDeviceOperation,16,5758.0
3664896,1,BinaryNgDeviceOperation,32,5754.0
2514944,1,TypecastDeviceOperation,64,5746.0
1296384,,NLPConcatHeadsDecodeDeviceOperation,16,5742.0
1978368,,NLPConcatHeadsDecodeDeviceOperation,16,5739.0
1330176,,TypecastDeviceOperation,64,5735.0
1599488,,NLPConcatHeadsDecodeDeviceOperation,16,5734.0
1675264,,NLPConcatHeadsDecodeDeviceOperation,16,5730.0
1864704,,NLPConcatHeadsDecodeDeviceOperation,16,5723.0
1410048,,NLPConcatHeadsDecodeDeviceOperation,16,5719.0
242688,,UntilizeWithUnpaddingDeviceOperation,1,5716.0
2177024,,BinaryNgDeviceOperation,64,5716.0
951296,,TypecastDeviceOperation,64,5715.0
1267712,,BinaryNgDeviceOperation,64,5714.0
1532928,,BinaryNgDeviceOperation,64,5713.0
385024,,UntilizeWithUnpaddingDeviceOperation,1,5712.0
1457152,,BinaryNgDeviceOperation,64,5706.0
2666496,1,TypecastDeviceOperation,64,5706.0
2780160,1,TypecastDeviceOperation,64,5703.0
330752,,UntilizeWithUnpaddingDeviceOperation,1,5702.0
1902592,,NLPConcatHeadsDecodeDeviceOperation,16,5701.0
311296,,UntilizeWithUnpaddingDeviceOperation,1,5698.0
630784,,UntilizeWithUnpaddingDeviceOperation,1,5698.0
1570816,,BinaryNgDeviceOperation,64,5698.0
1911808,,BinaryNgDeviceOperation,64,5698.0
736256,,UntilizeWithUnpaddingDeviceOperation,1,5697.0
1722368,,BinaryNgDeviceOperation,64,5696.0
1836032,,BinaryNgDeviceOperation,64,5696.0
1784832,,TypecastDeviceOperation,64,5694.0
362496,,UntilizeWithUnpaddingDeviceOperation,1,5693.0
926720,,BinaryNgDeviceOperation,64,5692.0
1949696,,BinaryNgDeviceOperation,64,5691.0
1191936,,BinaryNgDeviceOperation,64,5690.0
787456,,UntilizeWithUnpaddingDeviceOperation,1,5689.0
2139136,,BinaryNgDeviceOperation,64,5689.0
349184,,UntilizeWithUnpaddingDeviceOperation,1,5685.0
1873920,,BinaryNgDeviceOperation,64,5683.0
1116160,,BinaryNgDeviceOperation,64,5682.0
1343488,,BinaryNgDeviceOperation,64,5682.0
1608704,,BinaryNgDeviceOperation,64,5680.0
1078272,,BinaryNgDeviceOperation,64,5678.0
2214912,,BinaryNgDeviceOperation,64,5677.0
1040384,,BinaryNgDeviceOperation,64,5675.0
421888,,UntilizeWithUnpaddingDeviceOperation,1,5674.0
1495040,,BinaryNgDeviceOperation,64,5671.0
3049472,1,NLPConcatHeadsDecodeDeviceOperation,16,5671.0
964608,,BinaryNgDeviceOperation,64,5670.0
1760256,,BinaryNgDeviceOperation,64,5670.0
576512,,UntilizeWithUnpaddingDeviceOperation,1,5669.0
1154048,,BinaryNgDeviceOperation,64,5668.0
1798144,,BinaryNgDeviceOperation,64,5668.0
2025472,,BinaryNgDeviceOperation,64,5668.0
3310592,1,TypecastDeviceOperation,63,5668.0
1419264,,BinaryNgDeviceOperation,64,5667.0
1987584,,BinaryNgDeviceOperation,64,5667.0
2101248,,BinaryNgDeviceOperation,64,5667.0
2252800,,BinaryNgDeviceOperation,64,5667.0
1229824,,BinaryNgDeviceOperation,64,5665.0
1305600,,BinaryNgDeviceOperation,64,5665.0
1381376,,BinaryNgDeviceOperation,64,5665.0
1684480,,BinaryNgDeviceOperation,64,5665.0
1671168,,TypecastDeviceOperation,64,5663.0
524288,,UntilizeWithUnpaddingDeviceOperation,1,5662.0
594944,,UntilizeWithUnpaddingDeviceOperation,1,5662.0
735232,,UntilizeWithUnpaddingDeviceOperation,1,5662.0
1002496,,BinaryNgDeviceOperation,64,5662.0
2063360,,BinaryNgDeviceOperation,64,5662.0
772096,,UntilizeWithUnpaddingDeviceOperation,1,5660.0
491520,,UntilizeWithUnpaddingDeviceOperation,1,5658.0
329728,,UntilizeWithUnpaddingDeviceOperation,1,5653.0
1646592,,BinaryNgDeviceOperation,64,5653.0
801792,,UntilizeWithUnpaddingDeviceOperation,1,5649.0
386048,,UntilizeWithUnpaddingDeviceOperation,1,5646.0
473088,,UntilizeWithUnpaddingDeviceOperation,1,5645.0
558080,,UntilizeWithUnpaddingDeviceOperation,1,5645.0
474112,,UntilizeWithUnpaddingDeviceOperation,1,5644.0
400384,,UntilizeWithUnpaddingDeviceOperation,1,5642.0
510976,,UntilizeWithUnpaddingDeviceOperation,1,5639.0
437248,,UntilizeWithUnpaddingDeviceOperation,1,5636.0
164864,,UntilizeWithUnpaddingDeviceOperation,1,5634.0
261120,,UntilizeWithUnpaddingDeviceOperation,1,5629.0
312320,,UntilizeWithUnpaddingDeviceOperation,1,5626.0
712704,,UntilizeWithUnpaddingDeviceOperation,1,5623.0
3275776,1,TypecastDeviceOperation,64,5623.0
2439168,1,TypecastDeviceOperation,64,5620.0
667648,,UntilizeWithUnpaddingDeviceOperation,1,5619.0
608256,,UntilizeWithUnpaddingDeviceOperation,1,5614.0
283648,,UntilizeWithUnpaddingDeviceOperation,1,5613.0
297984,,UntilizeWithUnpaddingDeviceOperation,1,5613.0
1216512,,TypecastDeviceOperation,64,5611.0
753664,,UntilizeWithUnpaddingDeviceOperation,1,5608.0
3428352,1,NLPConcatHeadsDecodeDeviceOperation,12,5607.0
215040,,UntilizeWithUnpaddingDeviceOperation,1,5603.0
348160,,UntilizeWithUnpaddingDeviceOperation,1,5600.0
687104,,UntilizeWithUnpaddingDeviceOperation,1,5599.0
539648,,UntilizeWithUnpaddingDeviceOperation,1,5597.0
713728,,UntilizeWithUnpaddingDeviceOperation,1,5597.0
216064,,UntilizeWithUnpaddingDeviceOperation,1,5592.0
1633280,,TypecastDeviceOperation,64,5592.0
197632,,UntilizeWithUnpaddingDeviceOperation,1,5589.0
525312,,UntilizeWithUnpaddingDeviceOperation,1,5587.0
686080,,UntilizeWithUnpaddingDeviceOperation,1,5585.0
754688,,UntilizeWithUnpaddingDeviceOperation,1,5583.0
422912,,UntilizeWithUnpaddingDeviceOperation,1,5582.0
575488,,UntilizeWithUnpaddingDeviceOperation,1,5580.0
538624,,UntilizeWithUnpaddingDeviceOperation,1,5579.0
631808,,UntilizeWithUnpaddingDeviceOperation,1,5573.0
178176,,UntilizeWithUnpaddingDeviceOperation,1,5562.0
3466240,1,NLPConcatHeadsDecodeDeviceOperation,8,5559.0
282624,,UntilizeWithUnpaddingDeviceOperation,1,5554.0
593920,,UntilizeWithUnpaddingDeviceOperation,1,5548.0
653312,,UntilizeWithUnpaddingDeviceOperation,1,5541.0
2125824,,TypecastDeviceOperation,64,5541.0
179200,,UntilizeWithUnpaddingDeviceOperation,1,5533.0
786432,,UntilizeWithUnpaddingDeviceOperation,1,5531.0
451584,,UntilizeWithUnpaddingDeviceOperation,1,5530.0
163840,,UntilizeWithUnpaddingDeviceOperation,1,5527.0
3692544,1,TypecastDeviceOperation,32,5525.0
196608,,UntilizeWithUnpaddingDeviceOperation,1,5521.0
902144,,UntilizeWithUnpaddingDeviceOperation,32,5516.0
3314688,1,NLPConcatHeadsDecodeDeviceOperation,15,5516.0
989184,,TypecastDeviceOperation,64,5514.0
260096,,UntilizeWithUnpaddingDeviceOperation,1,5513.0
3276800,1,NLPConcatHeadsDecodeDeviceOperation,16,5510.0
399360,,UntilizeWithUnpaddingDeviceOperation,1,5507.0
436224,,UntilizeWithUnpaddingDeviceOperation,1,5507.0
557056,,UntilizeWithUnpaddingDeviceOperation,1,5504.0
609280,,UntilizeWithUnpaddingDeviceOperation,1,5504.0
668672,,UntilizeWithUnpaddingDeviceOperation,1,5502.0
773120,,UntilizeWithUnpaddingDeviceOperation,1,5501.0
241664,,UntilizeWithUnpaddingDeviceOperation,1,5499.0
450560,,UntilizeWithUnpaddingDeviceOperation,1,5491.0
509952,,UntilizeWithUnpaddingDeviceOperation,1,5491.0
654336,,UntilizeWithUnpaddingDeviceOperation,1,5490.0
800768,,UntilizeWithUnpaddingDeviceOperation,1,5487.0
296960,,UntilizeWithUnpaddingDeviceOperation,1,5476.0
2631680,1,TypecastDeviceOperation,64,5474.0
492544,,UntilizeWithUnpaddingDeviceOperation,1,5473.0
3390464,1,NLPConcatHeadsDecodeDeviceOperation,12,5462.0
2442240,1,TypecastDeviceOperation,64,5450.0
3465216,1,TypecastDeviceOperation,56,5447.0
3313664,1,TypecastDeviceOperation,63,5415.0
2935808,1,NLPConcatHeadsDecodeDeviceOperation,16,5407.0
2594816,1,NLPConcatHeadsDecodeDeviceOperation,16,5402.0
3010560,1,TypecastDeviceOperation,64,5402.0
2822144,1,NLPConcatHeadsDecodeDeviceOperation,16,5400.0
3540992,1,TypecastDeviceOperation,32,5396.0
2708480,1,NLPConcatHeadsDecodeDeviceOperation,16,5392.0
3427328,1,TypecastDeviceOperation,60,5387.0
3352576,1,NLPConcatHeadsDecodeDeviceOperation,12,5372.0
2897920,1,NLPConcatHeadsDecodeDeviceOperation,16,5365.0
2443264,1,NLPConcatHeadsDecodeDeviceOperation,16,5355.0
2368512,1,NLPConcatHeadsDecodeDeviceOperation,16,5347.0
3578880,1,TypecastDeviceOperation,32,5339.0
1974272,,TypecastDeviceOperation,64,5329.0
2784256,1,NLPConcatHeadsDecodeDeviceOperation,16,5325.0
2783232,1,TypecastDeviceOperation,64,5301.0
2972672,1,TypecastDeviceOperation,64,5290.0
3086336,1,TypecastDeviceOperation,64,5287.0
3048448,1,TypecastDeviceOperation,64,5283.0
2555904,1,TypecastDeviceOperation,64,5279.0
3163136,1,NLPConcatHeadsDecodeDeviceOperation,16,5270.0
2973696,1,NLPConcatHeadsDecodeDeviceOperation,16,5260.0
3654656,1,TypecastDeviceOperation,32,5253.0
1750016,,TypecastDeviceOperation,64,5248.0
2481152,1,NLPConcatHeadsDecodeDeviceOperation,16,5229.0
3087360,1,NLPConcatHeadsDecodeDeviceOperation,16,5225.0
2556928,1,NLPConcatHeadsDecodeDeviceOperation,16,5224.0
3238912,1,NLPConcatHeadsDecodeDeviceOperation,16,5214.0
2166784,,TypecastDeviceOperation,64,5213.0
2352128,1,UntilizeWithUnpaddingDeviceOperation,32,5208.0
2746368,1,NLPConcatHeadsDecodeDeviceOperation,16,5207.0
1219584,,TypecastDeviceOperation,64,5197.0
2896896,1,TypecastDeviceOperation,64,5197.0
2405376,1,NLPConcatHeadsDecodeDeviceOperation,16,5193.0
1674240,,TypecastDeviceOperation,64,5183.0
3616768,1,TypecastDeviceOperation,32,5179.0
1333248,,TypecastDeviceOperation,64,5178.0
3125248,1,NLPConcatHeadsDecodeDeviceOperation,16,5178.0
2670592,1,NLPConcatHeadsDecodeDeviceOperation,16,5177.0
1446912,,TypecastDeviceOperation,64,5176.0
906240,,TypecastDeviceOperation,64,5172.0
2632704,1,NLPConcatHeadsDecodeDeviceOperation,16,5171.0
1939456,,TypecastDeviceOperation,64,5170.0
1901568,,TypecastDeviceOperation,64,5168.0
894976,,TypecastDeviceOperation,64,5167.0
917504,,TypecastDeviceOperation,64,5165.0
2519040,1,NLPConcatHeadsDecodeDeviceOperation,16,5165.0
913408,,ReduceDeviceOperation,32,5161.0
1787904,,TypecastDeviceOperation,64,5158.0
1295360,,TypecastDeviceOperation,64,5156.0
1409024,,TypecastDeviceOperation,64,5155.0
954368,,TypecastDeviceOperation,64,5151.0
3011584,1,NLPConcatHeadsDecodeDeviceOperation,16,5149.0
1636352,,TypecastDeviceOperation,64,5145.0
1068032,,TypecastDeviceOperation,64,5138.0
2015232,,TypecastDeviceOperation,64,5136.0
3201024,1,NLPConcatHeadsDecodeDeviceOperation,16,5136.0
1522688,,TypecastDeviceOperation,64,5135.0
2204672,,TypecastDeviceOperation,64,5135.0
1598464,,TypecastDeviceOperation,64,5133.0
2821120,1,TypecastDeviceOperation,64,5128.0
1371136,,TypecastDeviceOperation,64,5126.0
2091008,,TypecastDeviceOperation,64,5126.0
1257472,,TypecastDeviceOperation,64,5122.0
1484800,,TypecastDeviceOperation,64,5118.0
2242560,,TypecastDeviceOperation,64,5118.0
1825792,,TypecastDeviceOperation,64,5116.0
1977344,,TypecastDeviceOperation,64,5116.0
1712128,,TypecastDeviceOperation,64,5112.0
1863680,,TypecastDeviceOperation,64,5111.0
1560576,,TypecastDeviceOperation,64,5104.0
3237888,1,TypecastDeviceOperation,64,5102.0
2053120,,TypecastDeviceOperation,64,5100.0
2128896,,TypecastDeviceOperation,64,5094.0
1105920,,TypecastDeviceOperation,64,5090.0
2860032,1,NLPConcatHeadsDecodeDeviceOperation,16,5088.0
3200000,1,TypecastDeviceOperation,64,5086.0
992256,,TypecastDeviceOperation,64,5081.0
2934784,1,TypecastDeviceOperation,64,5079.0
3351552,1,TypecastDeviceOperation,60,5077.0
1030144,,TypecastDeviceOperation,64,5076.0
2344960,1,TypecastDeviceOperation,64,5071.0
1181696,,TypecastDeviceOperation,64,5070.0
3503104,1,TypecastDeviceOperation,48,5070.0
1143808,,TypecastDeviceOperation,64,5067.0
2707456,1,TypecastDeviceOperation,64,5064.0
3124224,1,TypecastDeviceOperation,64,5057.0
2669568,1,TypecastDeviceOperation,64,5033.0
2593792,1,TypecastDeviceOperation,64,5015.0
2859008,1,TypecastDeviceOperation,64,5014.0
2363392,1,ReduceDeviceOperation,32,5006.0
3162112,1,TypecastDeviceOperation,64,4993.0
2480128,1,TypecastDeviceOperation,64,4985.0
2745344,1,TypecastDeviceOperation,64,4973.0
3389440,1,TypecastDeviceOperation,60,4966.0
2518016,1,TypecastDeviceOperation,64,4955.0
2356224,1,TypecastDeviceOperation,64,4934.0
2367488,1,TypecastDeviceOperation,64,4926.0
2404352,1,TypecastDeviceOperation,64,4922.0
1785856,,InterleavedToShardedDeviceOperation,32,4592.0
1103872,,InterleavedToShardedDeviceOperation,32,4468.0
3084288,1,InterleavedToShardedDeviceOperation,32,4457.0
1558528,,InterleavedToShardedDeviceOperation,32,4443.0
2355200,1,InterleavedToShardedDeviceOperation,32,4330.0
1444864,,InterleavedToShardedDeviceOperation,32,4324.0
1634304,,InterleavedToShardedDeviceOperation,32,4320.0
952320,,InterleavedToShardedDeviceOperation,32,4316.0
1028096,,InterleavedToShardedDeviceOperation,32,4292.0
1596416,,InterleavedToShardedDeviceOperation,32,4223.0
1823744,,InterleavedToShardedDeviceOperation,32,4203.0
2970624,1,InterleavedToShardedDeviceOperation,32,4203.0
2553856,1,InterleavedToShardedDeviceOperation,32,4201.0
1179648,,InterleavedToShardedDeviceOperation,32,4199.0
1520640,,InterleavedToShardedDeviceOperation,32,4170.0
2240512,,InterleavedToShardedDeviceOperation,32,4138.0
1065984,,InterleavedToShardedDeviceOperation,32,4097.0
990208,,InterleavedToShardedDeviceOperation,32,4079.0
1975296,,InterleavedToShardedDeviceOperation,32,4071.0
915456,,InterleavedToShardedDeviceOperation,32,4068.0
1141760,,InterleavedToShardedDeviceOperation,32,4059.0
1937408,,InterleavedToShardedDeviceOperation,32,4058.0
1217536,,InterleavedToShardedDeviceOperation,32,4049.0
1369088,,InterleavedToShardedDeviceOperation,32,4047.0
2164736,,InterleavedToShardedDeviceOperation,32,4047.0
2013184,,InterleavedToShardedDeviceOperation,32,4029.0
2088960,,InterleavedToShardedDeviceOperation,32,4028.0
2705408,1,InterleavedToShardedDeviceOperation,32,3964.0
1861632,,InterleavedToShardedDeviceOperation,32,3960.0
1899520,,InterleavedToShardedDeviceOperation,32,3936.0
1710080,,InterleavedToShardedDeviceOperation,32,3917.0
2051072,,InterleavedToShardedDeviceOperation,32,3915.0
2202624,,InterleavedToShardedDeviceOperation,32,3907.0
1331200,,InterleavedToShardedDeviceOperation,32,3895.0
1482752,,InterleavedToShardedDeviceOperation,32,3891.0
3197952,1,InterleavedToShardedDeviceOperation,32,3863.0
2126848,,InterleavedToShardedDeviceOperation,32,3848.0
1293312,,InterleavedToShardedDeviceOperation,32,3837.0
1255424,,InterleavedToShardedDeviceOperation,32,3828.0
1747968,,InterleavedToShardedDeviceOperation,32,3828.0
3538944,1,InterleavedToShardedDeviceOperation,8,3820.0
1672192,,InterleavedToShardedDeviceOperation,32,3818.0
3235840,1,InterleavedToShardedDeviceOperation,32,3809.0
1406976,,InterleavedToShardedDeviceOperation,32,3743.0
2743296,1,InterleavedToShardedDeviceOperation,32,3683.0
901120,,ShardedToInterleavedDeviceOperation,32,3660.0
2402304,1,InterleavedToShardedDeviceOperation,32,3650.0
2478080,1,InterleavedToShardedDeviceOperation,32,3647.0
2894848,1,InterleavedToShardedDeviceOperation,32,3630.0
2667520,1,InterleavedToShardedDeviceOperation,32,3628.0
2819072,1,InterleavedToShardedDeviceOperation,32,3623.0
3160064,1,InterleavedToShardedDeviceOperation,32,3623.0
3349504,1,InterleavedToShardedDeviceOperation,28,3606.0
2365440,1,InterleavedToShardedDeviceOperation,32,3586.0
3046400,1,InterleavedToShardedDeviceOperation,32,3556.0
887808,,BinaryNgDeviceOperation,64,3543.0
2856960,1,InterleavedToShardedDeviceOperation,32,3524.0
3501056,1,InterleavedToShardedDeviceOperation,16,3489.0
3387392,1,InterleavedToShardedDeviceOperation,28,3432.0
2337792,1,BinaryNgDeviceOperation,64,3429.0
911360,,ShardedToInterleavedDeviceOperation,32,3404.0
2932736,1,InterleavedToShardedDeviceOperation,32,3397.0
2440192,1,InterleavedToShardedDeviceOperation,32,3390.0
3311616,1,InterleavedToShardedDeviceOperation,31,3378.0
1707008,,CopyDeviceOperation,64,3375.0
1934336,,CopyDeviceOperation,64,3367.0
3008512,1,InterleavedToShardedDeviceOperation,32,3365.0
3122176,1,InterleavedToShardedDeviceOperation,32,3346.0
2781184,1,InterleavedToShardedDeviceOperation,32,3344.0
2199552,,CopyDeviceOperation,64,3341.0
3463168,1,InterleavedToShardedDeviceOperation,27,3310.0
2591744,1,InterleavedToShardedDeviceOperation,32,3300.0
3273728,1,InterleavedToShardedDeviceOperation,32,3290.0
905216,,InterleavedToShardedDeviceOperation,32,3289.0
2361344,1,ShardedToInterleavedDeviceOperation,32,3272.0
2515968,1,InterleavedToShardedDeviceOperation,32,3244.0
987136,,CopyDeviceOperation,64,3208.0
1896448,,CopyDeviceOperation,64,3198.0
1366016,,CopyDeviceOperation,64,3197.0
1744896,,CopyDeviceOperation,64,3176.0
1858560,,CopyDeviceOperation,64,3162.0
1820672,,CopyDeviceOperation,64,3154.0
1631232,,CopyDeviceOperation,64,3147.0
1972224,,CopyDeviceOperation,64,3140.0
2437120,1,CopyDeviceOperation,64,3135.0
2891776,1,CopyDeviceOperation,64,3126.0
204800,,UntilizeWithUnpaddingDeviceOperation,40,3122.0
1214464,,CopyDeviceOperation,64,3090.0
623616,,UntilizeWithUnpaddingDeviceOperation,40,3083.0
440320,,UntilizeWithUnpaddingDeviceOperation,40,3077.0
1555456,,CopyDeviceOperation,64,3067.0
3425280,1,InterleavedToShardedDeviceOperation,28,3067.0
2629632,1,InterleavedToShardedDeviceOperation,32,3048.0
546816,,UntilizeWithUnpaddingDeviceOperation,40,3043.0
790528,,UntilizeWithUnpaddingDeviceOperation,40,3039.0
1252352,,CopyDeviceOperation,64,3038.0
499712,,UntilizeWithUnpaddingDeviceOperation,40,3037.0
153600,,UntilizeWithUnpaddingDeviceOperation,40,3029.0
1290240,,CopyDeviceOperation,64,3029.0
1176576,,CopyDeviceOperation,64,3027.0
869376,,BinaryNgDeviceOperation,64,3024.0
2161664,,CopyDeviceOperation,64,3023.0
2319360,1,BinaryNgDeviceOperation,64,3017.0
598016,,UntilizeWithUnpaddingDeviceOperation,40,3015.0
377856,,UntilizeWithUnpaddingDeviceOperation,40,3014.0
646144,,UntilizeWithUnpaddingDeviceOperation,40,3014.0
425984,,UntilizeWithUnpaddingDeviceOperation,40,3007.0
782336,,UntilizeWithUnpaddingDeviceOperation,40,3007.0
502784,,UntilizeWithUnpaddingDeviceOperation,40,2999.0
528384,,UntilizeWithUnpaddingDeviceOperation,40,2995.0
1669120,,CopyDeviceOperation,64,2995.0
374784,,UntilizeWithUnpaddingDeviceOperation,40,2991.0
2085888,,CopyDeviceOperation,64,2991.0
657408,,UntilizeWithUnpaddingDeviceOperation,40,2990.0
1062912,,CopyDeviceOperation,64,2990.0
1782784,,CopyDeviceOperation,64,2986.0
1328128,,CopyDeviceOperation,64,2985.0
537600,,UntilizeWithUnpaddingDeviceOperation,32,2976.0
1441792,,CopyDeviceOperation,64,2975.0
301056,,UntilizeWithUnpaddingDeviceOperation,40,2968.0
1138688,,CopyDeviceOperation,64,2967.0
1479680,,CopyDeviceOperation,64,2967.0
2853888,1,CopyDeviceOperation,64,2958.0
2237440,,CopyDeviceOperation,64,2957.0
746496,,UntilizeWithUnpaddingDeviceOperation,40,2953.0
583680,,UntilizeWithUnpaddingDeviceOperation,40,2945.0
189440,,UntilizeWithUnpaddingDeviceOperation,40,2944.0
207872,,UntilizeWithUnpaddingDeviceOperation,40,2943.0
429056,,UntilizeWithUnpaddingDeviceOperation,40,2943.0
481280,,UntilizeWithUnpaddingDeviceOperation,40,2942.0
761856,,UntilizeWithUnpaddingDeviceOperation,40,2942.0
337920,,UntilizeWithUnpaddingDeviceOperation,40,2941.0
344064,,UntilizeWithUnpaddingDeviceOperation,40,2940.0
167936,,UntilizeWithUnpaddingDeviceOperation,40,2938.0
643072,,UntilizeWithUnpaddingDeviceOperation,40,2936.0
743424,,UntilizeWithUnpaddingDeviceOperation,40,2935.0
159744,,UntilizeWithUnpaddingDeviceOperation,40,2931.0
505856,,UntilizeWithUnpaddingDeviceOperation,40,2931.0
446464,,UntilizeWithUnpaddingDeviceOperation,40,2925.0
764928,,UntilizeWithUnpaddingDeviceOperation,40,2925.0
231424,,UntilizeWithUnpaddingDeviceOperation,40,2923.0
620544,,UntilizeWithUnpaddingDeviceOperation,40,2923.0
319488,,UntilizeWithUnpaddingDeviceOperation,40,2920.0
358400,,UntilizeWithUnpaddingDeviceOperation,40,2920.0
702464,,UntilizeWithUnpaddingDeviceOperation,40,2916.0
724992,,UntilizeWithUnpaddingDeviceOperation,40,2915.0
3346432,1,CopyDeviceOperation,60,2913.0
249856,,UntilizeWithUnpaddingDeviceOperation,40,2907.0
462848,,UntilizeWithUnpaddingDeviceOperation,40,2905.0
565248,,UntilizeWithUnpaddingDeviceOperation,40,2905.0
2048000,,CopyDeviceOperation,64,2905.0
2816000,1,CopyDeviceOperation,64,2904.0
675840,,UntilizeWithUnpaddingDeviceOperation,40,2902.0
272384,,UntilizeWithUnpaddingDeviceOperation,40,2901.0
1025024,,CopyDeviceOperation,64,2901.0
411648,,UntilizeWithUnpaddingDeviceOperation,40,2898.0
186368,,UntilizeWithUnpaddingDeviceOperation,40,2897.0
776192,,UntilizeWithUnpaddingDeviceOperation,40,2897.0
443392,,UntilizeWithUnpaddingDeviceOperation,40,2893.0
352256,,UntilizeWithUnpaddingDeviceOperation,40,2891.0
549888,,UntilizeWithUnpaddingDeviceOperation,40,2891.0
514048,,UntilizeWithUnpaddingDeviceOperation,40,2886.0
681984,,UntilizeWithUnpaddingDeviceOperation,40,2886.0
286720,,UntilizeWithUnpaddingDeviceOperation,40,2884.0
389120,,UntilizeWithUnpaddingDeviceOperation,40,2883.0
556032,,UntilizeWithUnpaddingDeviceOperation,32,2883.0
666624,,UntilizeWithUnpaddingDeviceOperation,32,2880.0
1517568,,CopyDeviceOperation,64,2876.0
793600,,UntilizeWithUnpaddingDeviceOperation,40,2870.0
796672,,UntilizeWithUnpaddingDeviceOperation,40,2870.0
1100800,,CopyDeviceOperation,64,2867.0
195584,,UntilizeWithUnpaddingDeviceOperation,32,2863.0
752640,,UntilizeWithUnpaddingDeviceOperation,32,2856.0
449536,,UntilizeWithUnpaddingDeviceOperation,32,2854.0
3232768,1,CopyDeviceOperation,64,2851.0
380928,,UntilizeWithUnpaddingDeviceOperation,40,2847.0
678912,,UntilizeWithUnpaddingDeviceOperation,40,2842.0
731136,,UntilizeWithUnpaddingDeviceOperation,40,2842.0
292864,,UntilizeWithUnpaddingDeviceOperation,40,2841.0
685056,,UntilizeWithUnpaddingDeviceOperation,32,2839.0
156672,,UntilizeWithUnpaddingDeviceOperation,40,2838.0
234496,,UntilizeWithUnpaddingDeviceOperation,40,2834.0
652288,,UntilizeWithUnpaddingDeviceOperation,32,2833.0
771072,,UntilizeWithUnpaddingDeviceOperation,32,2833.0
586752,,UntilizeWithUnpaddingDeviceOperation,40,2829.0
2399232,1,CopyDeviceOperation,64,2829.0
192512,,UntilizeWithUnpaddingDeviceOperation,40,2828.0
1593344,,CopyDeviceOperation,64,2828.0
2010112,,CopyDeviceOperation,64,2828.0
2351104,1,ShardedToInterleavedDeviceOperation,32,2828.0
3687424,1,CopyDeviceOperation,32,2828.0
252928,,UntilizeWithUnpaddingDeviceOperation,40,2827.0
395264,,UntilizeWithUnpaddingDeviceOperation,40,2825.0
3194880,1,CopyDeviceOperation,64,2825.0
256000,,UntilizeWithUnpaddingDeviceOperation,40,2822.0
414720,,UntilizeWithUnpaddingDeviceOperation,40,2822.0
432128,,UntilizeWithUnpaddingDeviceOperation,40,2822.0
355328,,UntilizeWithUnpaddingDeviceOperation,40,2821.0
174080,,UntilizeWithUnpaddingDeviceOperation,40,2819.0
728064,,UntilizeWithUnpaddingDeviceOperation,40,2818.0
325632,,UntilizeWithUnpaddingDeviceOperation,40,2817.0
3081216,1,CopyDeviceOperation,64,2814.0
484352,,UntilizeWithUnpaddingDeviceOperation,40,2813.0
2264064,1,BinaryNgDeviceOperation,64,2812.0
340992,,UntilizeWithUnpaddingDeviceOperation,40,2811.0
705536,,UntilizeWithUnpaddingDeviceOperation,40,2810.0
322560,,UntilizeWithUnpaddingDeviceOperation,40,2808.0
465920,,UntilizeWithUnpaddingDeviceOperation,40,2807.0
779264,,UntilizeWithUnpaddingDeviceOperation,40,2806.0
908288,,CopyDeviceOperation,64,2806.0
2340864,1,UntilizeWithUnpaddingDeviceOperation,1,2805.0
2123776,,CopyDeviceOperation,64,2801.0
289792,,UntilizeWithUnpaddingDeviceOperation,40,2800.0
949248,,CopyDeviceOperation,64,2800.0
749568,,UntilizeWithUnpaddingDeviceOperation,40,2799.0
171008,,UntilizeWithUnpaddingDeviceOperation,40,2798.0
210944,,UntilizeWithUnpaddingDeviceOperation,40,2797.0
523264,,UntilizeWithUnpaddingDeviceOperation,32,2797.0
708608,,UntilizeWithUnpaddingDeviceOperation,40,2796.0
304128,,UntilizeWithUnpaddingDeviceOperation,40,2795.0
660480,,UntilizeWithUnpaddingDeviceOperation,40,2793.0
520192,,UntilizeWithUnpaddingDeviceOperation,40,2792.0
568320,,UntilizeWithUnpaddingDeviceOperation,40,2791.0
517120,,UntilizeWithUnpaddingDeviceOperation,40,2789.0
278528,,UntilizeWithUnpaddingDeviceOperation,40,2788.0
417792,,UntilizeWithUnpaddingDeviceOperation,40,2788.0
162816,,UntilizeWithUnpaddingDeviceOperation,32,2787.0
785408,,UntilizeWithUnpaddingDeviceOperation,32,2785.0
604160,,UntilizeWithUnpaddingDeviceOperation,40,2782.0
534528,,UntilizeWithUnpaddingDeviceOperation,40,2780.0
589824,,UntilizeWithUnpaddingDeviceOperation,40,2780.0
347136,,UntilizeWithUnpaddingDeviceOperation,32,2778.0
552960,,UntilizeWithUnpaddingDeviceOperation,40,2776.0
1403904,,CopyDeviceOperation,64,2773.0
487424,,UntilizeWithUnpaddingDeviceOperation,40,2770.0
663552,,UntilizeWithUnpaddingDeviceOperation,40,2770.0
768000,,UntilizeWithUnpaddingDeviceOperation,40,2769.0
711680,,UntilizeWithUnpaddingDeviceOperation,32,2768.0
574464,,UntilizeWithUnpaddingDeviceOperation,32,2767.0
490496,,UntilizeWithUnpaddingDeviceOperation,32,2765.0
468992,,UntilizeWithUnpaddingDeviceOperation,40,2763.0
307200,,UntilizeWithUnpaddingDeviceOperation,40,2762.0
531456,,UntilizeWithUnpaddingDeviceOperation,40,2757.0
649216,,UntilizeWithUnpaddingDeviceOperation,40,2757.0
310272,,UntilizeWithUnpaddingDeviceOperation,32,2754.0
237568,,UntilizeWithUnpaddingDeviceOperation,40,2750.0
398336,,UntilizeWithUnpaddingDeviceOperation,32,2750.0
601088,,UntilizeWithUnpaddingDeviceOperation,40,2747.0
629760,,UntilizeWithUnpaddingDeviceOperation,32,2747.0
907264,,ShardedToInterleavedDeviceOperation,32,2745.0
392192,,UntilizeWithUnpaddingDeviceOperation,40,2743.0
281600,,UntilizeWithUnpaddingDeviceOperation,32,2741.0
508928,,UntilizeWithUnpaddingDeviceOperation,32,2739.0
361472,,UntilizeWithUnpaddingDeviceOperation,32,2738.0
295936,,UntilizeWithUnpaddingDeviceOperation,32,2731.0
275456,,UntilizeWithUnpaddingDeviceOperation,40,2730.0
626688,,UntilizeWithUnpaddingDeviceOperation,40,2730.0
571392,,UntilizeWithUnpaddingDeviceOperation,40,2725.0
328704,,UntilizeWithUnpaddingDeviceOperation,32,2724.0
259072,,UntilizeWithUnpaddingDeviceOperation,32,2719.0
2302976,1,BinaryNgDeviceOperation,64,2710.0
472064,,UntilizeWithUnpaddingDeviceOperation,32,2709.0
177152,,UntilizeWithUnpaddingDeviceOperation,32,2698.0
607232,,UntilizeWithUnpaddingDeviceOperation,32,2698.0
734208,,UntilizeWithUnpaddingDeviceOperation,32,2688.0
214016,,UntilizeWithUnpaddingDeviceOperation,32,2684.0
384000,,UntilizeWithUnpaddingDeviceOperation,32,2681.0
799744,,UntilizeWithUnpaddingDeviceOperation,32,2670.0
890880,,UntilizeWithUnpaddingDeviceOperation,1,2664.0
435200,,UntilizeWithUnpaddingDeviceOperation,32,2663.0
2512896,1,CopyDeviceOperation,64,2663.0
420864,,UntilizeWithUnpaddingDeviceOperation,32,2661.0
592896,,UntilizeWithUnpaddingDeviceOperation,32,2658.0
3043328,1,CopyDeviceOperation,64,2650.0
3005440,1,CopyDeviceOperation,64,2625.0
3422208,1,CopyDeviceOperation,60,2624.0
240640,,UntilizeWithUnpaddingDeviceOperation,32,2616.0
2626560,1,CopyDeviceOperation,64,2597.0
2778112,1,CopyDeviceOperation,64,2584.0
3460096,1,CopyDeviceOperation,60,2580.0
3308544,1,CopyDeviceOperation,63,2577.0
3649536,1,CopyDeviceOperation,32,2561.0
2550784,1,CopyDeviceOperation,64,2558.0
2588672,1,CopyDeviceOperation,64,2544.0
2967552,1,CopyDeviceOperation,64,2504.0
814080,,BinaryNgDeviceOperation,64,2478.0
852992,,BinaryNgDeviceOperation,64,2478.0
2371584,1,BinaryNgDeviceOperation,64,2469.0
3270656,1,CopyDeviceOperation,64,2461.0
3156992,1,CopyDeviceOperation,64,2443.0
2358272,1,CopyDeviceOperation,64,2422.0
1289216,,SliceDeviceOperation,64,2420.0
2702336,1,CopyDeviceOperation,64,2418.0
2929664,1,CopyDeviceOperation,64,2389.0
3384320,1,CopyDeviceOperation,60,2383.0
3611648,1,CopyDeviceOperation,32,2381.0
1971200,,SliceDeviceOperation,64,2375.0
3119104,1,CopyDeviceOperation,64,2367.0
2475008,1,CopyDeviceOperation,64,2363.0
3324928,1,ReshardDeviceOperation,42,2341.0
2664448,1,CopyDeviceOperation,64,2336.0
2740224,1,CopyDeviceOperation,64,2331.0
1003520,,ReshardDeviceOperation,43,2319.0
2377728,1,ReshardDeviceOperation,43,2319.0
921600,,BinaryNgDeviceOperation,64,2313.0
1761280,,ReshardDeviceOperation,43,2310.0
1382400,,ReshardDeviceOperation,43,2309.0
1912832,,ReshardDeviceOperation,43,2308.0
1533952,,ReshardDeviceOperation,43,2305.0
3514368,1,ReshardDeviceOperation,27,2305.0
2215936,,ReshardDeviceOperation,43,2302.0
1458176,,ReshardDeviceOperation,43,2300.0
1799168,,ReshardDeviceOperation,43,2299.0
1155072,,ReshardDeviceOperation,43,2295.0
2102272,,ReshardDeviceOperation,43,2295.0
1230848,,ReshardDeviceOperation,43,2294.0
2064384,,ReshardDeviceOperation,43,2294.0
2178048,,ReshardDeviceOperation,43,2293.0
927744,,ReshardDeviceOperation,43,2292.0
2253824,,ReshardDeviceOperation,43,2290.0
2026496,,ReshardDeviceOperation,43,2288.0
1609728,,ReshardDeviceOperation,43,2286.0
1988608,,ReshardDeviceOperation,43,2282.0
3703808,1,ReshardDeviceOperation,11,2282.0
1079296,,ReshardDeviceOperation,43,2278.0
1647616,,ReshardDeviceOperation,43,2277.0
1950720,,ReshardDeviceOperation,43,2269.0
3573760,1,CopyDeviceOperation,32,2269.0
3118080,1,SliceDeviceOperation,64,2263.0
1268736,,ReshardDeviceOperation,43,2261.0
1592320,,SliceDeviceOperation,64,2250.0
3231744,1,SliceDeviceOperation,64,2245.0
1402880,,SliceDeviceOperation,64,2234.0
2756608,1,ReshardDeviceOperation,43,2233.0
2908160,1,ReshardDeviceOperation,43,2225.0
1743872,,SliceDeviceOperation,64,2221.0
1244160,,SliceDeviceOperation,64,2219.0
2718720,1,ReshardDeviceOperation,43,2213.0
2236416,,SliceDeviceOperation,64,2212.0
1061888,,SliceDeviceOperation,64,2204.0
1926144,,SliceDeviceOperation,64,2203.0
3535872,1,CopyDeviceOperation,40,2202.0
3679232,1,SliceDeviceOperation,32,2201.0
1857536,,SliceDeviceOperation,64,2194.0
1874944,,ReshardDeviceOperation,43,2192.0
1306624,,ReshardDeviceOperation,43,2188.0
2357248,1,ShardedToInterleavedDeviceOperation,32,2185.0
1137664,,SliceDeviceOperation,64,2183.0
1837056,,ReshardDeviceOperation,43,2178.0
1175552,,SliceDeviceOperation,64,2174.0
2642944,1,ReshardDeviceOperation,43,2174.0
2832384,1,ReshardDeviceOperation,43,2174.0
3173376,1,ReshardDeviceOperation,43,2173.0
1344512,,ReshardDeviceOperation,43,2166.0
3497984,1,CopyDeviceOperation,48,2165.0
1192960,,ReshardDeviceOperation,43,2164.0
1395712,,SliceDeviceOperation,64,2154.0
2946048,1,ReshardDeviceOperation,43,2153.0
3110912,1,SliceDeviceOperation,64,2153.0
1478656,,SliceDeviceOperation,64,2152.0
3135488,1,ReshardDeviceOperation,43,2151.0
2605056,1,ReshardDeviceOperation,43,2147.0
3344384,1,ShardedToInterleavedDeviceOperation,28,2145.0
1571840,,ReshardDeviceOperation,43,2141.0
1774592,,SliceDeviceOperation,64,2139.0
1054720,,SliceDeviceOperation,64,2136.0
1041408,,ReshardDeviceOperation,43,2134.0
1213440,,SliceDeviceOperation,64,2133.0
900096,,SliceDeviceOperation,64,2132.0
1895424,,SliceDeviceOperation,64,2132.0
2198528,,SliceDeviceOperation,64,2131.0
1117184,,ReshardDeviceOperation,43,2130.0
3287040,1,ReshardDeviceOperation,42,2130.0
3438592,1,ReshardDeviceOperation,39,2122.0
2084864,,SliceDeviceOperation,64,2119.0
2191360,,SliceDeviceOperation,64,2119.0
1282048,,SliceDeviceOperation,64,2117.0
1585152,,SliceDeviceOperation,64,2117.0
891904,,RepeatDeviceOperation,64,2116.0
3476480,1,ReshardDeviceOperation,27,2116.0
1168384,,SliceDeviceOperation,64,2115.0
2341888,1,RepeatDeviceOperation,64,2115.0
3459072,1,SliceDeviceOperation,60,2114.0
2794496,1,ReshardDeviceOperation,43,2111.0
1420288,,ReshardDeviceOperation,43,2109.0
1723392,,ReshardDeviceOperation,43,2109.0
1471488,,SliceDeviceOperation,64,2108.0
3565568,1,SliceDeviceOperation,32,2108.0
1736704,,SliceDeviceOperation,64,2102.0
1509376,,SliceDeviceOperation,64,2101.0
1547264,,SliceDeviceOperation,64,2098.0
1685504,,ReshardDeviceOperation,43,2098.0
2529280,1,ReshardDeviceOperation,43,2096.0
2140160,,ReshardDeviceOperation,43,2092.0
1496064,,ReshardDeviceOperation,43,2091.0
1554432,,SliceDeviceOperation,64,2091.0
1251328,,SliceDeviceOperation,64,2085.0
2229248,,SliceDeviceOperation,64,2075.0
985088,,ShardedToInterleavedDeviceOperation,32,2074.0
1060864,,ShardedToInterleavedDeviceOperation,32,2073.0
3400704,1,ReshardDeviceOperation,39,2073.0
1516544,,SliceDeviceOperation,64,2072.0
3420160,1,ShardedToInterleavedDeviceOperation,28,2071.0
2009088,,SliceDeviceOperation,64,2070.0
2153472,,SliceDeviceOperation,64,2068.0
882688,,ShardedToInterleavedDeviceOperation,32,2067.0
3383296,1,SliceDeviceOperation,60,2066.0
1357824,,SliceDeviceOperation,64,2064.0
2046976,,SliceDeviceOperation,64,2064.0
1623040,,SliceDeviceOperation,64,2063.0
941056,,SliceDeviceOperation,64,2061.0
1327104,,SliceDeviceOperation,64,2061.0
3527680,1,SliceDeviceOperation,48,2055.0
2391040,1,SliceDeviceOperation,64,2053.0
965632,,ReshardDeviceOperation,43,2051.0
3665920,1,ReshardDeviceOperation,11,2050.0
1364992,,SliceDeviceOperation,64,2048.0
1630208,,SliceDeviceOperation,64,2048.0
3628032,1,ReshardDeviceOperation,11,2048.0
2039808,,SliceDeviceOperation,64,2047.0
3337216,1,ShardedToInterleavedDeviceOperation,30,2047.0
3345408,1,SliceDeviceOperation,60,2046.0
3603456,1,SliceDeviceOperation,32,2043.0
3097600,1,ReshardDeviceOperation,43,2042.0
1781760,,SliceDeviceOperation,64,2038.0
2549760,1,SliceDeviceOperation,64,2038.0
3572736,1,SliceDeviceOperation,32,2035.0
1933312,,SliceDeviceOperation,64,2032.0
2415616,1,ReshardDeviceOperation,43,2031.0
1964032,,SliceDeviceOperation,64,2028.0
2491392,1,ReshardDeviceOperation,43,2028.0
2807808,1,SliceDeviceOperation,64,2027.0
2077696,,SliceDeviceOperation,64,2026.0
3648512,1,SliceDeviceOperation,32,2026.0
2436096,1,SliceDeviceOperation,64,2025.0
3059712,1,ReshardDeviceOperation,43,2020.0
1812480,,SliceDeviceOperation,64,2018.0
2806784,1,ShardedToInterleavedDeviceOperation,32,2018.0
2870272,1,ReshardDeviceOperation,43,2016.0
2008064,,ShardedToInterleavedDeviceOperation,32,2014.0
878592,,TypecastDeviceOperation,4,2010.0
1098752,,ShardedToInterleavedDeviceOperation,32,2009.0
2453504,1,ReshardDeviceOperation,43,2008.0
978944,,SliceDeviceOperation,64,2003.0
883712,,SliceDeviceOperation,64,2002.0
986112,,SliceDeviceOperation,64,2001.0
3590144,1,ReshardDeviceOperation,11,1999.0
1888256,,SliceDeviceOperation,64,1997.0
3021824,1,ReshardDeviceOperation,43,1996.0
1433600,,SliceDeviceOperation,64,1994.0
3249152,1,ReshardDeviceOperation,43,1992.0
2983936,1,ReshardDeviceOperation,43,1991.0
875520,,TypecastDeviceOperation,4,1990.0
1206272,,SliceDeviceOperation,64,1989.0
1319936,,SliceDeviceOperation,64,1983.0
2680832,1,ReshardDeviceOperation,43,1982.0
1363968,,ShardedToInterleavedDeviceOperation,32,1981.0
1092608,,SliceDeviceOperation,64,1980.0
1130496,,SliceDeviceOperation,64,1980.0
1667072,,ShardedToInterleavedDeviceOperation,32,1977.0
1016832,,SliceDeviceOperation,64,1975.0
2115584,,SliceDeviceOperation,64,1972.0
1705984,,SliceDeviceOperation,64,1968.0
3148800,1,SliceDeviceOperation,64,1967.0
1668096,,SliceDeviceOperation,64,1966.0
1660928,,SliceDeviceOperation,64,1964.0
1205248,,ShardedToInterleavedDeviceOperation,32,1961.0
2567168,1,ReshardDeviceOperation,43,1961.0
1819648,,SliceDeviceOperation,64,1957.0
1243136,,ShardedToInterleavedDeviceOperation,32,1951.0
1963008,,ShardedToInterleavedDeviceOperation,32,1949.0
1099776,,SliceDeviceOperation,64,1948.0
2122752,,SliceDeviceOperation,64,1947.0
2160640,,SliceDeviceOperation,64,1947.0
2510848,1,ShardedToInterleavedDeviceOperation,32,1944.0
2655232,1,ShardedToInterleavedDeviceOperation,32,1944.0
2768896,1,ShardedToInterleavedDeviceOperation,32,1944.0
903168,,RepeatDeviceOperation,64,1943.0
1742848,,ShardedToInterleavedDeviceOperation,32,1938.0
2324480,1,UnaryDeviceOperation,64,1938.0
2851840,1,ShardedToInterleavedDeviceOperation,32,1937.0
1697792,,ShardedToInterleavedDeviceOperation,32,1934.0
1698816,,SliceDeviceOperation,64,1933.0
1356800,,ShardedToInterleavedDeviceOperation,32,1930.0
2121728,,ShardedToInterleavedDeviceOperation,32,1930.0
2114560,,ShardedToInterleavedDeviceOperation,32,1929.0
2076672,,ShardedToInterleavedDeviceOperation,32,1928.0
1024000,,SliceDeviceOperation,64,1927.0
3269632,1,SliceDeviceOperation,64,1926.0
3079168,1,ShardedToInterleavedDeviceOperation,32,1925.0
1470464,,ShardedToInterleavedDeviceOperation,32,1921.0
2738176,1,ShardedToInterleavedDeviceOperation,32,1921.0
2197504,,ShardedToInterleavedDeviceOperation,32,1920.0
3261440,1,ShardedToInterleavedDeviceOperation,32,1920.0
1584128,,ShardedToInterleavedDeviceOperation,32,1919.0
3192832,1,ShardedToInterleavedDeviceOperation,32,1919.0
2813952,1,ShardedToInterleavedDeviceOperation,32,1915.0
3117056,1,ShardedToInterleavedDeviceOperation,32,1915.0
3489792,1,SliceDeviceOperation,48,1915.0
1129472,,ShardedToInterleavedDeviceOperation,32,1914.0
2325504,1,TypecastDeviceOperation,4,1914.0
2045952,,ShardedToInterleavedDeviceOperation,32,1913.0
3211264,1,ReshardDeviceOperation,43,1913.0
2845696,1,SliceDeviceOperation,64,1911.0
1850368,,SliceDeviceOperation,64,1907.0
1622016,,ShardedToInterleavedDeviceOperation,32,1905.0
1659904,,ShardedToInterleavedDeviceOperation,32,1905.0
3496960,1,SliceDeviceOperation,48,1903.0
3004416,1,SliceDeviceOperation,64,1900.0
3362816,1,ReshardDeviceOperation,39,1895.0
2001920,,SliceDeviceOperation,64,1894.0
1440768,,SliceDeviceOperation,64,1893.0
3488768,1,ShardedToInterleavedDeviceOperation,16,1891.0
2701312,1,SliceDeviceOperation,64,1890.0
2428928,1,SliceDeviceOperation,64,1887.0
3375104,1,ShardedToInterleavedDeviceOperation,28,1886.0
1780736,,ShardedToInterleavedDeviceOperation,32,1882.0
2769920,1,SliceDeviceOperation,64,1881.0
2503680,1,ShardedToInterleavedDeviceOperation,32,1879.0
2587648,1,SliceDeviceOperation,64,1879.0
2617344,1,ShardedToInterleavedDeviceOperation,32,1877.0
3223552,1,ShardedToInterleavedDeviceOperation,32,1875.0
1015808,,ShardedToInterleavedDeviceOperation,32,1874.0
2966528,1,SliceDeviceOperation,64,1874.0
2235392,,ShardedToInterleavedDeviceOperation,32,1873.0
2694144,1,SliceDeviceOperation,64,1872.0
3450880,1,ShardedToInterleavedDeviceOperation,28,1872.0
3552256,1,ReshardDeviceOperation,11,1872.0
2000896,,ShardedToInterleavedDeviceOperation,32,1871.0
2693120,1,ShardedToInterleavedDeviceOperation,32,1871.0
3686400,1,SliceDeviceOperation,32,1868.0
3299328,1,ShardedToInterleavedDeviceOperation,31,1867.0
2228224,,ShardedToInterleavedDeviceOperation,32,1866.0
2328576,1,TypecastDeviceOperation,4,1866.0
2332672,1,ShardedToInterleavedDeviceOperation,32,1866.0
1515520,,ShardedToInterleavedDeviceOperation,32,1864.0
2890752,1,SliceDeviceOperation,64,1863.0
2586624,1,ShardedToInterleavedDeviceOperation,32,1861.0
3306496,1,ShardedToInterleavedDeviceOperation,31,1860.0
3610624,1,SliceDeviceOperation,32,1859.0
1326080,,ShardedToInterleavedDeviceOperation,32,1857.0
3154944,1,ShardedToInterleavedDeviceOperation,32,1855.0
3193856,1,SliceDeviceOperation,64,1855.0
874496,,UnaryDeviceOperation,64,1853.0
948224,,SliceDeviceOperation,64,1853.0
3641344,1,SliceDeviceOperation,32,1853.0
2618368,1,SliceDeviceOperation,64,1852.0
2814976,1,SliceDeviceOperation,64,1852.0
940032,,ShardedToInterleavedDeviceOperation,32,1851.0
2083840,,ShardedToInterleavedDeviceOperation,32,1849.0
2190336,,ShardedToInterleavedDeviceOperation,32,1849.0
3526656,1,ShardedToInterleavedDeviceOperation,16,1849.0
3041280,1,ShardedToInterleavedDeviceOperation,32,1846.0
2844672,1,ShardedToInterleavedDeviceOperation,32,1844.0
2349056,1,ShardedToInterleavedDeviceOperation,32,1843.0
2350080,1,SliceDeviceOperation,64,1843.0
1053696,,ShardedToInterleavedDeviceOperation,32,1842.0
2732032,1,SliceDeviceOperation,64,1842.0
3412992,1,ShardedToInterleavedDeviceOperation,28,1842.0
1250304,,ShardedToInterleavedDeviceOperation,32,1841.0
2625536,1,SliceDeviceOperation,64,1841.0
3731456,,UntilizeWithUnpaddingDeviceOperation,1,1841.0
3713024,,UntilizeWithUnpaddingDeviceOperation,1,1839.0
1022976,,ShardedToInterleavedDeviceOperation,32,1837.0
2398208,1,SliceDeviceOperation,64,1831.0
2777088,1,SliceDeviceOperation,64,1831.0
2542592,1,SliceDeviceOperation,64,1828.0
947200,,ShardedToInterleavedDeviceOperation,32,1825.0
1288192,,ShardedToInterleavedDeviceOperation,32,1825.0
1849344,,ShardedToInterleavedDeviceOperation,32,1825.0
1970176,,ShardedToInterleavedDeviceOperation,32,1825.0
1925120,,ShardedToInterleavedDeviceOperation,32,1824.0
2152448,,ShardedToInterleavedDeviceOperation,32,1823.0
3262464,1,SliceDeviceOperation,64,1823.0
3414016,1,SliceDeviceOperation,60,1822.0
3155968,1,SliceDeviceOperation,64,1817.0
3147776,1,ShardedToInterleavedDeviceOperation,32,1816.0
2159616,,ShardedToInterleavedDeviceOperation,32,1815.0
2882560,1,ShardedToInterleavedDeviceOperation,32,1811.0
1281024,,ShardedToInterleavedDeviceOperation,32,1809.0
3003392,1,ShardedToInterleavedDeviceOperation,32,1809.0
3376128,1,SliceDeviceOperation,60,1809.0
2928640,1,SliceDeviceOperation,64,1808.0
2996224,1,ShardedToInterleavedDeviceOperation,32,1808.0
3035136,1,SliceDeviceOperation,64,1808.0
3717120,,UntilizeWithUnpaddingDeviceOperation,1,1808.0
3230720,1,ShardedToInterleavedDeviceOperation,32,1807.0
3338240,1,SliceDeviceOperation,60,1805.0
3534848,1,SliceDeviceOperation,46,1805.0
2852864,1,SliceDeviceOperation,64,1804.0
3073024,1,SliceDeviceOperation,64,1802.0
3451904,1,SliceDeviceOperation,60,1801.0
1318912,,ShardedToInterleavedDeviceOperation,32,1798.0
1553408,,ShardedToInterleavedDeviceOperation,32,1798.0
2038784,,ShardedToInterleavedDeviceOperation,32,1797.0
2700288,1,ShardedToInterleavedDeviceOperation,32,1797.0
2473984,1,SliceDeviceOperation,64,1796.0
3749888,,UntilizeWithUnpaddingDeviceOperation,1,1796.0
1887232,,ShardedToInterleavedDeviceOperation,32,1795.0
2327552,1,UnaryDeviceOperation,64,1795.0
899072,,ShardedToInterleavedDeviceOperation,32,1794.0
1394688,,ShardedToInterleavedDeviceOperation,32,1794.0
1818624,,ShardedToInterleavedDeviceOperation,32,1794.0
2541568,1,ShardedToInterleavedDeviceOperation,32,1794.0
1401856,,ShardedToInterleavedDeviceOperation,32,1791.0
1811456,,ShardedToInterleavedDeviceOperation,32,1791.0
3034112,1,ShardedToInterleavedDeviceOperation,32,1787.0
2959360,1,SliceDeviceOperation,64,1786.0
2739200,1,SliceDeviceOperation,64,1783.0
2002944,,InterleavedToShardedDeviceOperation,32,1782.0
2579456,1,ShardedToInterleavedDeviceOperation,32,1779.0
3742720,,UntilizeWithUnpaddingDeviceOperation,1,1779.0
1704960,,ShardedToInterleavedDeviceOperation,32,1778.0
3533824,1,ShardedToInterleavedDeviceOperation,14,1778.0
3300352,1,SliceDeviceOperation,63,1777.0
2656256,1,SliceDeviceOperation,64,1776.0
3307520,1,SliceDeviceOperation,63,1776.0
2624512,1,ShardedToInterleavedDeviceOperation,32,1775.0
3109888,1,ShardedToInterleavedDeviceOperation,32,1775.0
2958336,1,ShardedToInterleavedDeviceOperation,32,1773.0
2883584,1,SliceDeviceOperation,64,1772.0
1174528,,ShardedToInterleavedDeviceOperation,32,1769.0
2333696,1,SliceDeviceOperation,64,1768.0
2322432,1,ConcatDeviceOperation,4,1766.0
2472960,1,ShardedToInterleavedDeviceOperation,32,1763.0
1629184,,ShardedToInterleavedDeviceOperation,32,1762.0
3715072,,UntilizeWithUnpaddingDeviceOperation,1,1758.0
2776064,1,ShardedToInterleavedDeviceOperation,32,1757.0
3042304,1,SliceDeviceOperation,64,1757.0
1439744,,ShardedToInterleavedDeviceOperation,32,1756.0
2580480,1,SliceDeviceOperation,64,1756.0
1477632,,ShardedToInterleavedDeviceOperation,32,1754.0
3421184,1,SliceDeviceOperation,60,1754.0
1856512,,ShardedToInterleavedDeviceOperation,32,1746.0
977920,,ShardedToInterleavedDeviceOperation,32,1745.0
3186688,1,SliceDeviceOperation,64,1744.0
1432576,,ShardedToInterleavedDeviceOperation,32,1743.0
3080192,1,SliceDeviceOperation,64,1743.0
2921472,1,SliceDeviceOperation,64,1741.0
2511872,1,SliceDeviceOperation,64,1740.0
3268608,1,ShardedToInterleavedDeviceOperation,32,1738.0
1735680,,ShardedToInterleavedDeviceOperation,32,1737.0
1894400,,ShardedToInterleavedDeviceOperation,32,1737.0
2397184,1,ShardedToInterleavedDeviceOperation,32,1737.0
2663424,1,SliceDeviceOperation,64,1734.0
1091584,,ShardedToInterleavedDeviceOperation,32,1733.0
2466816,1,SliceDeviceOperation,64,1731.0
2315264,1,RepeatDeviceOperation,64,1730.0
1167360,,ShardedToInterleavedDeviceOperation,32,1729.0
2435072,1,ShardedToInterleavedDeviceOperation,32,1729.0
1624064,,InterleavedToShardedDeviceOperation,32,1727.0
3718144,,UntilizeWithUnpaddingDeviceOperation,1,1726.0
284672,,ConcatDeviceOperation,1,1725.0
2504704,1,SliceDeviceOperation,64,1725.0
1212416,,ShardedToInterleavedDeviceOperation,32,1721.0
1773568,,ShardedToInterleavedDeviceOperation,32,1721.0
3739648,,UntilizeWithUnpaddingDeviceOperation,1,1720.0
262144,,ConcatDeviceOperation,1,1719.0
1283072,,InterleavedToShardedDeviceOperation,32,1715.0
3726336,,UntilizeWithUnpaddingDeviceOperation,1,1712.0
3733504,,UntilizeWithUnpaddingDeviceOperation,1,1712.0
3738624,,UntilizeWithUnpaddingDeviceOperation,1,1712.0
3716096,,UntilizeWithUnpaddingDeviceOperation,1,1711.0
2965504,1,ShardedToInterleavedDeviceOperation,32,1710.0
2997248,1,SliceDeviceOperation,64,1710.0
3185664,1,ShardedToInterleavedDeviceOperation,32,1709.0
877568,,UnaryDeviceOperation,64,1708.0
3721216,,UntilizeWithUnpaddingDeviceOperation,1,1708.0
1932288,,ShardedToInterleavedDeviceOperation,32,1706.0
577536,,ConcatDeviceOperation,1,1705.0
3727360,,UntilizeWithUnpaddingDeviceOperation,1,1704.0
3458048,1,ShardedToInterleavedDeviceOperation,28,1701.0
452608,,ConcatDeviceOperation,1,1700.0
2927616,1,ShardedToInterleavedDeviceOperation,32,1697.0
2353152,1,RepeatDeviceOperation,64,1696.0
3072000,1,ShardedToInterleavedDeviceOperation,32,1695.0
3722240,,UntilizeWithUnpaddingDeviceOperation,1,1695.0
1136640,,ShardedToInterleavedDeviceOperation,32,1694.0
2548736,1,ShardedToInterleavedDeviceOperation,32,1694.0
3729408,,UntilizeWithUnpaddingDeviceOperation,1,1694.0
3714048,,UntilizeWithUnpaddingDeviceOperation,1,1692.0
3737600,,UntilizeWithUnpaddingDeviceOperation,1,1692.0
3723264,,UntilizeWithUnpaddingDeviceOperation,1,1690.0
3495936,1,ShardedToInterleavedDeviceOperation,16,1690.0
1546240,,ShardedToInterleavedDeviceOperation,32,1689.0
3745792,,UntilizeWithUnpaddingDeviceOperation,1,1687.0
3734528,,UntilizeWithUnpaddingDeviceOperation,1,1685.0
2662400,1,ShardedToInterleavedDeviceOperation,32,1684.0
3724288,,UntilizeWithUnpaddingDeviceOperation,1,1684.0
1508352,,ShardedToInterleavedDeviceOperation,32,1682.0
1591296,,ShardedToInterleavedDeviceOperation,32,1682.0
3382272,1,ShardedToInterleavedDeviceOperation,28,1682.0
512000,,ConcatDeviceOperation,1,1681.0
3730432,,UntilizeWithUnpaddingDeviceOperation,1,1681.0
3743744,,UntilizeWithUnpaddingDeviceOperation,1,1680.0
3741696,,UntilizeWithUnpaddingDeviceOperation,1,1679.0
3746816,,UntilizeWithUnpaddingDeviceOperation,1,1678.0
3747840,,UntilizeWithUnpaddingDeviceOperation,1,1677.0
2427904,1,ShardedToInterleavedDeviceOperation,32,1676.0
2465792,1,ShardedToInterleavedDeviceOperation,32,1676.0
2731008,1,ShardedToInterleavedDeviceOperation,32,1675.0
475136,,ConcatDeviceOperation,1,1674.0
3720192,,UntilizeWithUnpaddingDeviceOperation,1,1674.0
3728384,,UntilizeWithUnpaddingDeviceOperation,1,1674.0
3735552,,UntilizeWithUnpaddingDeviceOperation,1,1672.0
3725312,,UntilizeWithUnpaddingDeviceOperation,1,1668.0
243712,,ConcatDeviceOperation,1,1660.0
632832,,ConcatDeviceOperation,1,1659.0
3736576,,UntilizeWithUnpaddingDeviceOperation,1,1659.0
3740672,,UntilizeWithUnpaddingDeviceOperation,1,1659.0
872448,,ConcatDeviceOperation,4,1656.0
3748864,,UntilizeWithUnpaddingDeviceOperation,1,1655.0
3224576,1,SliceDeviceOperation,64,1654.0
3732480,,UntilizeWithUnpaddingDeviceOperation,1,1654.0
3719168,,UntilizeWithUnpaddingDeviceOperation,1,1651.0
2390016,1,ShardedToInterleavedDeviceOperation,32,1642.0
3744768,,UntilizeWithUnpaddingDeviceOperation,1,1640.0
2920448,1,ShardedToInterleavedDeviceOperation,32,1638.0
2317312,1,TypecastDeviceOperation,1,1632.0
865280,,RepeatDeviceOperation,64,1629.0
610304,,ConcatDeviceOperation,1,1596.0
1813504,,InterleavedToShardedDeviceOperation,32,1594.0
2889728,1,ShardedToInterleavedDeviceOperation,32,1591.0
1927168,,InterleavedToShardedDeviceOperation,32,1589.0
942080,,InterleavedToShardedDeviceOperation,32,1588.0
1699840,,InterleavedToShardedDeviceOperation,32,1587.0
2230272,,InterleavedToShardedDeviceOperation,32,1587.0
396288,,SliceDeviceOperation,1,1584.0
438272,,ConcatDeviceOperation,1,1578.0
488448,,SliceDeviceOperation,1,1577.0
2078720,,InterleavedToShardedDeviceOperation,32,1567.0
238592,,SliceDeviceOperation,1,1565.0
979968,,InterleavedToShardedDeviceOperation,32,1565.0
1207296,,InterleavedToShardedDeviceOperation,32,1565.0
1017856,,InterleavedToShardedDeviceOperation,32,1562.0
1510400,,InterleavedToShardedDeviceOperation,32,1551.0
605184,,SliceDeviceOperation,1,1550.0
299008,,ConcatDeviceOperation,1,1549.0
165888,,ConcatDeviceOperation,1,1547.0
198656,,ConcatDeviceOperation,1,1545.0
180224,,ConcatDeviceOperation,1,1543.0
650240,,SliceDeviceOperation,1,1543.0
217088,,ConcatDeviceOperation,1,1541.0
313344,,ConcatDeviceOperation,1,1540.0
1055744,,InterleavedToShardedDeviceOperation,32,1535.0
2343936,1,InterleavedToShardedDeviceOperation,32,1535.0
1586176,,InterleavedToShardedDeviceOperation,32,1529.0
595968,,ConcatDeviceOperation,1,1526.0
1737728,,InterleavedToShardedDeviceOperation,32,1525.0
364544,,ConcatDeviceOperation,1,1524.0
401408,,ConcatDeviceOperation,1,1524.0
423936,,ConcatDeviceOperation,1,1524.0
2154496,,InterleavedToShardedDeviceOperation,32,1523.0
350208,,ConcatDeviceOperation,1,1522.0
526336,,ConcatDeviceOperation,1,1522.0
540672,,ConcatDeviceOperation,1,1522.0
331776,,ConcatDeviceOperation,1,1520.0
493568,,ConcatDeviceOperation,1,1519.0
971776,,ShardedToInterleavedDeviceOperation,40,1518.0
387072,,ConcatDeviceOperation,1,1517.0
559104,,ConcatDeviceOperation,1,1517.0
802816,,ConcatDeviceOperation,1,1515.0
359424,,SliceDeviceOperation,1,1514.0
774144,,ConcatDeviceOperation,1,1513.0
737280,,ConcatDeviceOperation,1,1507.0
669696,,ConcatDeviceOperation,1,1506.0
788480,,ConcatDeviceOperation,1,1506.0
655360,,ConcatDeviceOperation,1,1505.0
1577984,,ShardedToInterleavedDeviceOperation,40,1504.0
714752,,ConcatDeviceOperation,1,1501.0
755712,,ConcatDeviceOperation,1,1501.0
688128,,ConcatDeviceOperation,1,1500.0
1245184,,InterleavedToShardedDeviceOperation,32,1498.0
2040832,,InterleavedToShardedDeviceOperation,32,1497.0
1169408,,InterleavedToShardedDeviceOperation,32,1496.0
1131520,,InterleavedToShardedDeviceOperation,32,1490.0
1965056,,InterleavedToShardedDeviceOperation,32,1488.0
257024,,SliceDeviceOperation,1,1486.0
1358848,,InterleavedToShardedDeviceOperation,32,1484.0
2116608,,InterleavedToShardedDeviceOperation,32,1482.0
1889280,,InterleavedToShardedDeviceOperation,32,1474.0
3482624,1,ShardedToInterleavedDeviceOperation,24,1474.0
2305024,1,TypecastDeviceOperation,32,1472.0
1691648,,ShardedToInterleavedDeviceOperation,40,1471.0
1775616,,InterleavedToShardedDeviceOperation,32,1468.0
1320960,,InterleavedToShardedDeviceOperation,32,1464.0
1350656,,ShardedToInterleavedDeviceOperation,40,1464.0
1396736,,InterleavedToShardedDeviceOperation,32,1463.0
2192384,,InterleavedToShardedDeviceOperation,32,1463.0
1312768,,ShardedToInterleavedDeviceOperation,40,1455.0
1851392,,InterleavedToShardedDeviceOperation,32,1455.0
867328,,TypecastDeviceOperation,1,1454.0
1472512,,InterleavedToShardedDeviceOperation,32,1453.0
683008,,SliceDeviceOperation,1,1452.0
884736,,InterleavedToShardedDeviceOperation,32,1439.0
1918976,,ShardedToInterleavedDeviceOperation,40,1439.0
1434624,,InterleavedToShardedDeviceOperation,32,1434.0
1615872,,ShardedToInterleavedDeviceOperation,40,1431.0
1661952,,InterleavedToShardedDeviceOperation,32,1428.0
2070528,,ShardedToInterleavedDeviceOperation,40,1424.0
1548288,,InterleavedToShardedDeviceOperation,32,1423.0
855040,,TypecastDeviceOperation,32,1422.0
1009664,,ShardedToInterleavedDeviceOperation,40,1415.0
732160,,SliceDeviceOperation,1,1411.0
418816,,SliceDeviceOperation,1,1410.0
506880,,SliceDeviceOperation,1,1410.0
572416,,SliceDeviceOperation,1,1410.0
769024,,SliceDeviceOperation,1,1409.0
1093632,,InterleavedToShardedDeviceOperation,32,1409.0
381952,,SliceDeviceOperation,1,1408.0
627712,,SliceDeviceOperation,1,1408.0
797696,,SliceDeviceOperation,1,1408.0
590848,,SliceDeviceOperation,1,1406.0
211968,,SliceDeviceOperation,1,1405.0
279552,,SliceDeviceOperation,1,1405.0
308224,,SliceDeviceOperation,1,1403.0
345088,,SliceDeviceOperation,1,1402.0
664576,,SliceDeviceOperation,1,1402.0
709632,,SliceDeviceOperation,1,1402.0
326656,,SliceDeviceOperation,1,1401.0
893952,,InterleavedToShardedDeviceOperation,32,1400.0
3520512,1,ShardedToInterleavedDeviceOperation,24,1400.0
535552,,SliceDeviceOperation,1,1399.0
1729536,,ShardedToInterleavedDeviceOperation,40,1399.0
470016,,SliceDeviceOperation,1,1398.0
193536,,SliceDeviceOperation,1,1396.0
433152,,SliceDeviceOperation,1,1396.0
293888,,SliceDeviceOperation,1,1395.0
447488,,SliceDeviceOperation,1,1395.0
160768,,SliceDeviceOperation,1,1394.0
175104,,SliceDeviceOperation,1,1394.0
553984,,SliceDeviceOperation,1,1394.0
783360,,SliceDeviceOperation,1,1394.0
1805312,,ShardedToInterleavedDeviceOperation,40,1391.0
1843200,,ShardedToInterleavedDeviceOperation,40,1391.0
2108416,,ShardedToInterleavedDeviceOperation,40,1391.0
521216,,SliceDeviceOperation,1,1390.0
750592,,SliceDeviceOperation,1,1388.0
1881088,,ShardedToInterleavedDeviceOperation,40,1384.0
2146304,,ShardedToInterleavedDeviceOperation,40,1375.0
1653760,,ShardedToInterleavedDeviceOperation,40,1368.0
863232,,ShardedToInterleavedDeviceOperation,40,1360.0
2184192,,ShardedToInterleavedDeviceOperation,40,1359.0
1956864,,ShardedToInterleavedDeviceOperation,40,1351.0
1388544,,ShardedToInterleavedDeviceOperation,40,1343.0
1085440,,ShardedToInterleavedDeviceOperation,40,1335.0
1236992,,ShardedToInterleavedDeviceOperation,40,1335.0
3406848,1,ShardedToInterleavedDeviceOperation,36,1321.0
3444736,1,ShardedToInterleavedDeviceOperation,36,1312.0
1426432,,ShardedToInterleavedDeviceOperation,40,1311.0
2313216,1,ShardedToInterleavedDeviceOperation,40,1311.0
2838528,1,ShardedToInterleavedDeviceOperation,40,1311.0
3149824,1,InterleavedToShardedDeviceOperation,32,1311.0
1502208,,ShardedToInterleavedDeviceOperation,40,1304.0
3103744,1,ShardedToInterleavedDeviceOperation,40,1299.0
933888,,ShardedToInterleavedDeviceOperation,40,1297.0
1161216,,ShardedToInterleavedDeviceOperation,40,1295.0
1199104,,ShardedToInterleavedDeviceOperation,40,1295.0
1767424,,ShardedToInterleavedDeviceOperation,40,1295.0
1994752,,ShardedToInterleavedDeviceOperation,40,1295.0
482304,,SliceDeviceOperation,1,1287.0
2032640,,ShardedToInterleavedDeviceOperation,40,1287.0
1540096,,ShardedToInterleavedDeviceOperation,40,1279.0
2573312,1,ShardedToInterleavedDeviceOperation,40,1279.0
2383872,1,ShardedToInterleavedDeviceOperation,40,1271.0
529408,,SliceDeviceOperation,1,1270.0
253952,,SliceDeviceOperation,1,1265.0
2206720,,ShardedToInterleavedDeviceOperation,16,1264.0
2762752,1,ShardedToInterleavedDeviceOperation,40,1264.0
2990080,1,ShardedToInterleavedDeviceOperation,40,1264.0
232448,,SliceDeviceOperation,1,1262.0
2535424,1,ShardedToInterleavedDeviceOperation,40,1262.0
157696,,SliceDeviceOperation,1,1260.0
1183744,,ShardedToInterleavedDeviceOperation,16,1257.0
919552,,ShardedToInterleavedDeviceOperation,16,1252.0
3293184,1,ShardedToInterleavedDeviceOperation,39,1248.0
1464320,,ShardedToInterleavedDeviceOperation,40,1247.0
1865728,,ShardedToInterleavedDeviceOperation,16,1247.0
3368960,1,ShardedToInterleavedDeviceOperation,36,1245.0
1047552,,ShardedToInterleavedDeviceOperation,40,1239.0
1274880,,ShardedToInterleavedDeviceOperation,40,1239.0
1221632,,ShardedToInterleavedDeviceOperation,16,1236.0
3027968,1,ShardedToInterleavedDeviceOperation,40,1236.0
2876416,1,ShardedToInterleavedDeviceOperation,40,1226.0
1827840,,ShardedToInterleavedDeviceOperation,16,1225.0
3217408,1,ShardedToInterleavedDeviceOperation,40,1224.0
1123328,,ShardedToInterleavedDeviceOperation,40,1223.0
1448960,,ShardedToInterleavedDeviceOperation,16,1223.0
2952192,1,ShardedToInterleavedDeviceOperation,40,1223.0
791552,,SliceDeviceOperation,1,1216.0
205824,,SliceDeviceOperation,1,1213.0
676864,,SliceDeviceOperation,1,1213.0
1562624,,ShardedToInterleavedDeviceOperation,16,1213.0
1373184,,ShardedToInterleavedDeviceOperation,16,1209.0
1638400,,ShardedToInterleavedDeviceOperation,16,1209.0
1714176,,ShardedToInterleavedDeviceOperation,16,1209.0
1600512,,ShardedToInterleavedDeviceOperation,16,1208.0
1879040,,ShardedToInterleavedDeviceOperation,64,1207.0
2222080,,ShardedToInterleavedDeviceOperation,40,1207.0
1752064,,ShardedToInterleavedDeviceOperation,16,1204.0
729088,,SliceDeviceOperation,1,1203.0
994304,,ShardedToInterleavedDeviceOperation,16,1202.0
1070080,,ShardedToInterleavedDeviceOperation,16,1202.0
1789952,,ShardedToInterleavedDeviceOperation,16,1202.0
2244608,,ShardedToInterleavedDeviceOperation,16,1201.0
2093056,,ShardedToInterleavedDeviceOperation,16,1200.0
2800640,1,ShardedToInterleavedDeviceOperation,40,1199.0
2106368,,ShardedToInterleavedDeviceOperation,64,1197.0
2421760,1,ShardedToInterleavedDeviceOperation,40,1192.0
3065856,1,ShardedToInterleavedDeviceOperation,40,1189.0
1107968,,ShardedToInterleavedDeviceOperation,16,1186.0
2055168,,ShardedToInterleavedDeviceOperation,16,1186.0
956416,,ShardedToInterleavedDeviceOperation,16,1185.0
2974720,1,ShardedToInterleavedDeviceOperation,16,1184.0
1411072,,ShardedToInterleavedDeviceOperation,16,1177.0
744448,,SliceDeviceOperation,1,1174.0
1486848,,ShardedToInterleavedDeviceOperation,16,1171.0
3036160,1,InterleavedToShardedDeviceOperation,32,1162.0
1979392,,ShardedToInterleavedDeviceOperation,16,1161.0
2017280,,ShardedToInterleavedDeviceOperation,16,1161.0
1335296,,ShardedToInterleavedDeviceOperation,16,1155.0
587776,,SliceDeviceOperation,1,1151.0
168960,,SliceDeviceOperation,1,1149.0
1297408,,ShardedToInterleavedDeviceOperation,16,1146.0
1310720,,ShardedToInterleavedDeviceOperation,64,1140.0
1941504,,ShardedToInterleavedDeviceOperation,16,1140.0
1524736,,ShardedToInterleavedDeviceOperation,16,1138.0
2168832,,ShardedToInterleavedDeviceOperation,16,1137.0
2998272,1,InterleavedToShardedDeviceOperation,32,1134.0
3253248,1,ShardedToInterleavedDeviceOperation,64,1131.0
1676288,,ShardedToInterleavedDeviceOperation,16,1130.0
2130944,,ShardedToInterleavedDeviceOperation,16,1130.0
1903616,,ShardedToInterleavedDeviceOperation,16,1129.0
1121280,,ShardedToInterleavedDeviceOperation,64,1128.0
1386496,,ShardedToInterleavedDeviceOperation,64,1128.0
2497536,1,ShardedToInterleavedDeviceOperation,40,1127.0
2914304,1,ShardedToInterleavedDeviceOperation,40,1127.0
1613824,,ShardedToInterleavedDeviceOperation,64,1126.0
2459648,1,ShardedToInterleavedDeviceOperation,40,1124.0
1032192,,ShardedToInterleavedDeviceOperation,16,1123.0
2823168,1,ShardedToInterleavedDeviceOperation,16,1120.0
3111936,1,InterleavedToShardedDeviceOperation,32,1118.0
1145856,,ShardedToInterleavedDeviceOperation,16,1117.0
190464,,SliceDeviceOperation,1,1115.0
532480,,SliceDeviceOperation,1,1115.0
172032,,SliceDeviceOperation,1,1114.0
287744,,SliceDeviceOperation,1,1114.0
342016,,SliceDeviceOperation,1,1114.0
515072,,SliceDeviceOperation,1,1114.0
550912,,SliceDeviceOperation,1,1114.0
323584,,SliceDeviceOperation,1,1113.0
356352,,SliceDeviceOperation,1,1113.0
427008,,SliceDeviceOperation,1,1113.0
503808,,SliceDeviceOperation,1,1113.0
621568,,SliceDeviceOperation,1,1113.0
500736,,SliceDeviceOperation,1,1112.0
518144,,SliceDeviceOperation,1,1112.0
547840,,SliceDeviceOperation,1,1112.0
762880,,SliceDeviceOperation,1,1112.0
2733056,1,InterleavedToShardedDeviceOperation,32,1112.0
3301376,1,InterleavedToShardedDeviceOperation,31,1112.0
187392,,SliceDeviceOperation,1,1111.0
208896,,SliceDeviceOperation,1,1111.0
276480,,SliceDeviceOperation,1,1111.0
393216,,SliceDeviceOperation,1,1111.0
466944,,SliceDeviceOperation,1,1111.0
703488,,SliceDeviceOperation,1,1111.0
765952,,SliceDeviceOperation,1,1111.0
1234944,,ShardedToInterleavedDeviceOperation,64,1111.0
2495488,1,ShardedToInterleavedDeviceOperation,64,1111.0
302080,,SliceDeviceOperation,1,1110.0
353280,,SliceDeviceOperation,1,1110.0
412672,,SliceDeviceOperation,1,1110.0
569344,,SliceDeviceOperation,1,1110.0
584704,,SliceDeviceOperation,1,1110.0
658432,,SliceDeviceOperation,1,1110.0
706560,,SliceDeviceOperation,1,1110.0
726016,,SliceDeviceOperation,1,1110.0
777216,,SliceDeviceOperation,1,1110.0
273408,,SliceDeviceOperation,1,1109.0
375808,,SliceDeviceOperation,1,1109.0
441344,,SliceDeviceOperation,1,1109.0
463872,,SliceDeviceOperation,1,1109.0
566272,,SliceDeviceOperation,1,1109.0
644096,,SliceDeviceOperation,1,1109.0
661504,,SliceDeviceOperation,1,1109.0
747520,,SliceDeviceOperation,1,1109.0
320512,,SliceDeviceOperation,1,1108.0
378880,,SliceDeviceOperation,1,1108.0
415744,,SliceDeviceOperation,1,1108.0
624640,,SliceDeviceOperation,1,1108.0
679936,,SliceDeviceOperation,1,1108.0
305152,,SliceDeviceOperation,1,1107.0
338944,,SliceDeviceOperation,1,1107.0
444416,,SliceDeviceOperation,1,1107.0
485376,,SliceDeviceOperation,1,1107.0
780288,,SliceDeviceOperation,1,1107.0
1689600,,ShardedToInterleavedDeviceOperation,64,1107.0
250880,,SliceDeviceOperation,1,1106.0
599040,,SliceDeviceOperation,1,1106.0
3239936,1,ShardedToInterleavedDeviceOperation,16,1105.0
154624,,SliceDeviceOperation,1,1102.0
290816,,SliceDeviceOperation,1,1102.0
430080,,SliceDeviceOperation,1,1102.0
602112,,SliceDeviceOperation,1,1102.0
235520,,SliceDeviceOperation,1,1101.0
647168,,SliceDeviceOperation,1,1101.0
2922496,1,InterleavedToShardedDeviceOperation,32,1099.0
794624,,SliceDeviceOperation,1,1098.0
390144,,SliceDeviceOperation,1,1097.0
1083392,,ShardedToInterleavedDeviceOperation,64,1094.0
2619392,1,InterleavedToShardedDeviceOperation,32,1088.0
2311168,1,ShardedToInterleavedDeviceOperation,64,1085.0
2649088,1,ShardedToInterleavedDeviceOperation,40,1082.0
1259520,,ShardedToInterleavedDeviceOperation,16,1081.0
3315712,1,ShardedToInterleavedDeviceOperation,15,1081.0
861184,,ShardedToInterleavedDeviceOperation,64,1079.0
2334720,1,InterleavedToShardedDeviceOperation,32,1079.0
3050496,1,ShardedToInterleavedDeviceOperation,16,1079.0
3255296,1,ShardedToInterleavedDeviceOperation,40,1077.0
1538048,,ShardedToInterleavedDeviceOperation,64,1076.0
2144256,,ShardedToInterleavedDeviceOperation,64,1075.0
1954816,,ShardedToInterleavedDeviceOperation,64,1072.0
1575936,,ShardedToInterleavedDeviceOperation,64,1071.0
3377152,1,InterleavedToShardedDeviceOperation,28,1071.0
3331072,1,ShardedToInterleavedDeviceOperation,39,1069.0
2429952,1,InterleavedToShardedDeviceOperation,32,1068.0
3187712,1,InterleavedToShardedDeviceOperation,32,1068.0
2369536,1,ShardedToInterleavedDeviceOperation,16,1066.0
2182144,,ShardedToInterleavedDeviceOperation,64,1063.0
2482176,1,ShardedToInterleavedDeviceOperation,16,1063.0
1651712,,ShardedToInterleavedDeviceOperation,64,1062.0
2724864,1,ShardedToInterleavedDeviceOperation,40,1062.0
2671616,1,ShardedToInterleavedDeviceOperation,16,1061.0
1992704,,ShardedToInterleavedDeviceOperation,64,1058.0
1197056,,ShardedToInterleavedDeviceOperation,64,1056.0
2467840,1,InterleavedToShardedDeviceOperation,32,1055.0
1462272,,ShardedToInterleavedDeviceOperation,64,1052.0
2381824,1,ShardedToInterleavedDeviceOperation,64,1052.0
2571264,1,ShardedToInterleavedDeviceOperation,64,1051.0
3088384,1,ShardedToInterleavedDeviceOperation,16,1050.0
2633728,1,ShardedToInterleavedDeviceOperation,16,1049.0
2419712,1,ShardedToInterleavedDeviceOperation,64,1046.0
3329024,1,ShardedToInterleavedDeviceOperation,63,1046.0
3177472,1,ShardedToInterleavedDeviceOperation,64,1045.0
1841152,,ShardedToInterleavedDeviceOperation,64,1043.0
1149952,,ReshardDeviceOperation,32,1042.0
1159168,,ShardedToInterleavedDeviceOperation,64,1041.0
3467264,1,ShardedToInterleavedDeviceOperation,8,1041.0
1765376,,ShardedToInterleavedDeviceOperation,64,1038.0
3404800,1,ShardedToInterleavedDeviceOperation,60,1037.0
1272832,,ShardedToInterleavedDeviceOperation,64,1035.0
931840,,ShardedToInterleavedDeviceOperation,64,1034.0
2595840,1,ShardedToInterleavedDeviceOperation,16,1034.0
3277824,1,ShardedToInterleavedDeviceOperation,16,1034.0
2960384,1,InterleavedToShardedDeviceOperation,32,1033.0
2684928,1,ShardedToInterleavedDeviceOperation,64,1032.0
2912256,1,ShardedToInterleavedDeviceOperation,64,1032.0
1007616,,ShardedToInterleavedDeviceOperation,64,1031.0
1727488,,ShardedToInterleavedDeviceOperation,64,1031.0
2686976,1,ShardedToInterleavedDeviceOperation,40,1031.0
2220032,,ShardedToInterleavedDeviceOperation,64,1030.0
3357696,1,ReshardDeviceOperation,28,1029.0
1803264,,ShardedToInterleavedDeviceOperation,64,1023.0
2657280,1,InterleavedToShardedDeviceOperation,32,1023.0
2023424,,ReshardDeviceOperation,32,1022.0
1076224,,ReshardDeviceOperation,32,1021.0
2647040,1,ShardedToInterleavedDeviceOperation,64,1021.0
3025920,1,ShardedToInterleavedDeviceOperation,64,1019.0
1424384,,ShardedToInterleavedDeviceOperation,64,1018.0
1758208,,ReshardDeviceOperation,32,1018.0
2898944,1,ShardedToInterleavedDeviceOperation,16,1017.0
2533376,1,ShardedToInterleavedDeviceOperation,64,1015.0
1983488,,ReshardDeviceOperation,32,1014.0
1227776,,ReshardDeviceOperation,32,1013.0
1909760,,ReshardDeviceOperation,32,1011.0
2257920,,ReshardDeviceOperation,32,1011.0
2785280,1,ShardedToInterleavedDeviceOperation,16,1009.0
1916928,,ShardedToInterleavedDeviceOperation,64,1008.0
1045504,,ShardedToInterleavedDeviceOperation,64,1006.0
2457600,1,ShardedToInterleavedDeviceOperation,64,1005.0
2770944,1,InterleavedToShardedDeviceOperation,32,1004.0
2798592,1,ShardedToInterleavedDeviceOperation,64,1003.0
1869824,,ReshardDeviceOperation,32,1002.0
2709504,1,ShardedToInterleavedDeviceOperation,16,1002.0
2557952,1,ShardedToInterleavedDeviceOperation,16,1001.0
2884608,1,InterleavedToShardedDeviceOperation,32,1000.0
3215360,1,ShardedToInterleavedDeviceOperation,64,999.0
2789376,1,ReshardDeviceOperation,32,997.0
3139584,1,ShardedToInterleavedDeviceOperation,64,997.0
3141632,1,ShardedToInterleavedDeviceOperation,40,997.0
3291136,1,ShardedToInterleavedDeviceOperation,63,997.0
2505728,1,InterleavedToShardedDeviceOperation,32,995.0
2611200,1,ShardedToInterleavedDeviceOperation,40,995.0
1528832,,ReshardDeviceOperation,32,994.0
2846720,1,InterleavedToShardedDeviceOperation,32,994.0
3225600,1,InterleavedToShardedDeviceOperation,32,993.0
3063808,1,ShardedToInterleavedDeviceOperation,64,988.0
1377280,,ReshardDeviceOperation,32,987.0
1225728,,ReshardDeviceOperation,32,986.0
1348608,,ShardedToInterleavedDeviceOperation,64,985.0
2747392,1,ShardedToInterleavedDeviceOperation,16,985.0
2030592,,ShardedToInterleavedDeviceOperation,64,983.0
1606656,,ReshardDeviceOperation,32,981.0
2988032,1,ShardedToInterleavedDeviceOperation,64,981.0
3101696,1,ShardedToInterleavedDeviceOperation,64,981.0
3442688,1,ShardedToInterleavedDeviceOperation,60,981.0
3339264,1,InterleavedToShardedDeviceOperation,28,980.0
2410496,1,ReshardDeviceOperation,32,979.0
3016704,1,ReshardDeviceOperation,32,979.0
1566720,,ReshardDeviceOperation,32,978.0
2099200,,ReshardDeviceOperation,32,978.0
969728,,ShardedToInterleavedDeviceOperation,64,976.0
3366912,1,ShardedToInterleavedDeviceOperation,60,976.0
1500160,,ShardedToInterleavedDeviceOperation,64,975.0
1644544,,ReshardDeviceOperation,32,974.0
1417216,,ReshardDeviceOperation,32,973.0
2250752,,ReshardDeviceOperation,32,973.0
3283968,1,ReshardDeviceOperation,32,973.0
3074048,1,InterleavedToShardedDeviceOperation,32,972.0
962560,,ReshardDeviceOperation,32,971.0
2942976,1,ReshardDeviceOperation,32,971.0
3179520,1,ShardedToInterleavedDeviceOperation,40,970.0
2444288,1,ShardedToInterleavedDeviceOperation,16,969.0
2950144,1,ShardedToInterleavedDeviceOperation,64,967.0
3202048,1,ShardedToInterleavedDeviceOperation,16,967.0
1907712,,ReshardDeviceOperation,32,966.0
2068480,,ShardedToInterleavedDeviceOperation,64,966.0
3415040,1,InterleavedToShardedDeviceOperation,28,966.0
2599936,1,ReshardDeviceOperation,32,965.0
2609152,1,ShardedToInterleavedDeviceOperation,64,965.0
1530880,,ReshardDeviceOperation,32,963.0
1945600,,ReshardDeviceOperation,32,963.0
2061312,,ReshardDeviceOperation,32,963.0
2137088,,ReshardDeviceOperation,32,963.0
2715648,1,ReshardDeviceOperation,32,963.0
960512,,ReshardDeviceOperation,32,962.0
1642496,,ReshardDeviceOperation,32,962.0
2174976,,ReshardDeviceOperation,32,962.0
2677760,1,ReshardDeviceOperation,32,962.0
2865152,1,ReshardDeviceOperation,32,962.0
2392064,1,InterleavedToShardedDeviceOperation,32,961.0
2695168,1,InterleavedToShardedDeviceOperation,32,960.0
1453056,,ReshardDeviceOperation,32,959.0
2753536,1,ReshardDeviceOperation,32,958.0
2722816,1,ShardedToInterleavedDeviceOperation,64,957.0
3281920,1,ReshardDeviceOperation,32,957.0
998400,,ReshardDeviceOperation,32,956.0
2836480,1,ShardedToInterleavedDeviceOperation,64,956.0
1985536,,ReshardDeviceOperation,32,955.0
1718272,,ReshardDeviceOperation,32,954.0
3092480,1,ReshardDeviceOperation,32,954.0
3206144,1,ReshardDeviceOperation,32,950.0
1871872,,ReshardDeviceOperation,32,949.0
2486272,1,ReshardDeviceOperation,32,948.0
1112064,,ReshardDeviceOperation,32,947.0
1682432,,ReshardDeviceOperation,32,947.0
2808832,1,InterleavedToShardedDeviceOperation,32,947.0
2978816,1,ReshardDeviceOperation,32,947.0
1000448,,ReshardDeviceOperation,32,946.0
1492992,,ReshardDeviceOperation,32,946.0
1794048,,ReshardDeviceOperation,32,946.0
2581504,1,InterleavedToShardedDeviceOperation,32,946.0
2601984,1,ReshardDeviceOperation,32,946.0
2905088,1,ReshardDeviceOperation,32,946.0
2448384,1,ReshardDeviceOperation,32,944.0
2526208,1,ReshardDeviceOperation,32,943.0
3168256,1,ReshardDeviceOperation,32,943.0
3018752,1,ReshardDeviceOperation,32,942.0
1490944,,ReshardDeviceOperation,32,941.0
2562048,1,ReshardDeviceOperation,32,941.0
3263488,1,InterleavedToShardedDeviceOperation,32,940.0
3433472,1,ReshardDeviceOperation,28,940.0
1187840,,ReshardDeviceOperation,32,939.0
1189888,,ReshardDeviceOperation,32,939.0
1415168,,ReshardDeviceOperation,32,939.0
1680384,,ReshardDeviceOperation,32,939.0
2827264,1,ReshardDeviceOperation,32,939.0
3246080,1,ReshardDeviceOperation,32,939.0
3452928,1,InterleavedToShardedDeviceOperation,28,939.0
922624,,ReshardDeviceOperation,32,938.0
1263616,,ReshardDeviceOperation,32,938.0
1301504,,ReshardDeviceOperation,32,938.0
1831936,,ReshardDeviceOperation,32,938.0
2450432,1,ReshardDeviceOperation,32,938.0
2543616,1,InterleavedToShardedDeviceOperation,32,936.0
3321856,1,ReshardDeviceOperation,31,936.0
3672064,1,ShardedToInterleavedDeviceOperation,8,936.0
3094528,1,ReshardDeviceOperation,32,935.0
2210816,,ReshardDeviceOperation,32,934.0
2713600,1,ReshardDeviceOperation,32,934.0
2874368,1,ShardedToInterleavedDeviceOperation,64,934.0
3056640,1,ReshardDeviceOperation,32,934.0
1455104,,ReshardDeviceOperation,32,933.0
2021376,,ReshardDeviceOperation,32,933.0
2637824,1,ReshardDeviceOperation,32,932.0
2751488,1,ReshardDeviceOperation,32,931.0
2867200,1,ReshardDeviceOperation,32,931.0
2980864,1,ReshardDeviceOperation,32,931.0
827392,,ShardedToInterleavedDeviceOperation,1,930.0
1074176,,ReshardDeviceOperation,32,930.0
1604608,,ReshardDeviceOperation,32,930.0
2940928,1,ReshardDeviceOperation,32,930.0
3012608,1,ShardedToInterleavedDeviceOperation,16,927.0
3359744,1,ReshardDeviceOperation,28,927.0
2248704,,ReshardDeviceOperation,32,926.0
3130368,1,ReshardDeviceOperation,32,926.0
1720320,,ReshardDeviceOperation,32,925.0
1038336,,ReshardDeviceOperation,32,923.0
1796096,,ReshardDeviceOperation,32,923.0
2488320,1,ReshardDeviceOperation,32,923.0
1036288,,ReshardDeviceOperation,32,922.0
1833984,,ReshardDeviceOperation,32,922.0
2172928,,ReshardDeviceOperation,32,922.0
2639872,1,ReshardDeviceOperation,32,922.0
2675712,1,ReshardDeviceOperation,32,922.0
2829312,1,ReshardDeviceOperation,32,922.0
2903040,1,ReshardDeviceOperation,32,922.0
3395584,1,ReshardDeviceOperation,28,922.0
2564096,1,ReshardDeviceOperation,32,921.0
3429376,1,ShardedToInterleavedDeviceOperation,12,921.0
1341440,,ReshardDeviceOperation,32,918.0
2097152,,ReshardDeviceOperation,32,918.0
3471360,1,ReshardDeviceOperation,16,918.0
1947648,,ReshardDeviceOperation,32,917.0
2059264,,ReshardDeviceOperation,32,917.0
1152000,,ReshardDeviceOperation,32,916.0
1303552,,ReshardDeviceOperation,32,914.0
1339392,,ReshardDeviceOperation,32,914.0
2135040,,ReshardDeviceOperation,32,914.0
3054592,1,ReshardDeviceOperation,32,914.0
1756160,,ReshardDeviceOperation,32,911.0
1568768,,ReshardDeviceOperation,32,909.0
2760704,1,ShardedToInterleavedDeviceOperation,64,909.0
2524160,1,ReshardDeviceOperation,32,908.0
2212864,,ReshardDeviceOperation,32,907.0
2269184,1,ShardedToInterleavedDeviceOperation,1,907.0
3319808,1,ReshardDeviceOperation,31,906.0
3528704,1,InterleavedToShardedDeviceOperation,16,905.0
3490816,1,InterleavedToShardedDeviceOperation,16,904.0
3244032,1,ReshardDeviceOperation,32,903.0
1114112,,ReshardDeviceOperation,32,902.0
1379328,,ReshardDeviceOperation,32,901.0
3208192,1,ReshardDeviceOperation,32,900.0
2278400,1,ShardedToInterleavedDeviceOperation,1,899.0
2406400,1,ShardedToInterleavedDeviceOperation,16,898.0
3126272,1,ShardedToInterleavedDeviceOperation,16,895.0
3397632,1,ReshardDeviceOperation,28,891.0
1265664,,ReshardDeviceOperation,32,890.0
3473408,1,ReshardDeviceOperation,16,885.0
2936832,1,ShardedToInterleavedDeviceOperation,16,881.0
3353600,1,ShardedToInterleavedDeviceOperation,12,881.0
857088,,CopyDeviceOperation,1,880.0
2307072,1,CopyDeviceOperation,1,880.0
3164160,1,ShardedToInterleavedDeviceOperation,16,876.0
2309120,1,InterleavedToShardedDeviceOperation,64,866.0
3391488,1,ShardedToInterleavedDeviceOperation,12,866.0
2520064,1,ShardedToInterleavedDeviceOperation,16,865.0
3480576,1,ShardedToInterleavedDeviceOperation,48,858.0
3518464,1,ShardedToInterleavedDeviceOperation,48,852.0
3509248,1,ReshardDeviceOperation,16,847.0
2266112,1,ShardedToInterleavedDeviceOperation,1,846.0
2323456,1,InterleavedToShardedDeviceOperation,4,843.0
3511296,1,ReshardDeviceOperation,16,837.0
2281472,1,ShardedToInterleavedDeviceOperation,1,836.0
2299904,1,ShardedToInterleavedDeviceOperation,1,830.0
2290688,1,ShardedToInterleavedDeviceOperation,1,827.0
859136,,InterleavedToShardedDeviceOperation,64,818.0
3634176,1,ShardedToInterleavedDeviceOperation,8,817.0
2287616,1,ShardedToInterleavedDeviceOperation,1,814.0
2372608,1,ReshardDeviceOperation,32,811.0
2284544,1,ShardedToInterleavedDeviceOperation,1,807.0
2296832,1,ShardedToInterleavedDeviceOperation,1,807.0
2861056,1,ShardedToInterleavedDeviceOperation,16,801.0
2275328,1,ShardedToInterleavedDeviceOperation,1,800.0
2293760,1,ShardedToInterleavedDeviceOperation,1,800.0
2412544,1,ReshardDeviceOperation,32,797.0
3670016,1,ShardedToInterleavedDeviceOperation,32,795.0
2326528,1,InterleavedToShardedDeviceOperation,4,791.0
3435520,1,ReshardDeviceOperation,28,779.0
2272256,1,ShardedToInterleavedDeviceOperation,1,775.0
3556352,1,ShardedToInterleavedDeviceOperation,32,775.0
819200,,ShardedToInterleavedDeviceOperation,1,767.0
2295808,1,ShardedToInterleavedDeviceOperation,1,752.0
830464,,ShardedToInterleavedDeviceOperation,1,751.0
833536,,ShardedToInterleavedDeviceOperation,1,747.0
837632,,ShardedToInterleavedDeviceOperation,1,746.0
840704,,ShardedToInterleavedDeviceOperation,1,746.0
2270208,1,ShardedToInterleavedDeviceOperation,1,746.0
2291712,1,ShardedToInterleavedDeviceOperation,1,745.0
2292736,1,ShardedToInterleavedDeviceOperation,1,745.0
2298880,1,ShardedToInterleavedDeviceOperation,1,745.0
815104,,ShardedToInterleavedDeviceOperation,1,744.0
825344,,ShardedToInterleavedDeviceOperation,1,744.0
828416,,ShardedToInterleavedDeviceOperation,1,744.0
844800,,ShardedToInterleavedDeviceOperation,1,744.0
847872,,ShardedToInterleavedDeviceOperation,1,744.0
2267136,1,ShardedToInterleavedDeviceOperation,1,744.0
2304000,1,ShardedToInterleavedDeviceOperation,1,744.0
816128,,ShardedToInterleavedDeviceOperation,1,743.0
817152,,ShardedToInterleavedDeviceOperation,1,743.0
820224,,ShardedToInterleavedDeviceOperation,1,743.0
822272,,ShardedToInterleavedDeviceOperation,1,743.0
836608,,ShardedToInterleavedDeviceOperation,1,743.0
845824,,ShardedToInterleavedDeviceOperation,1,743.0
850944,,ShardedToInterleavedDeviceOperation,1,743.0
2265088,1,ShardedToInterleavedDeviceOperation,1,743.0
2271232,1,ShardedToInterleavedDeviceOperation,1,743.0
2285568,1,ShardedToInterleavedDeviceOperation,1,743.0
2286592,1,ShardedToInterleavedDeviceOperation,1,743.0
2297856,1,ShardedToInterleavedDeviceOperation,1,743.0
2300928,1,ShardedToInterleavedDeviceOperation,1,743.0
835584,,ShardedToInterleavedDeviceOperation,1,742.0
2274304,1,ShardedToInterleavedDeviceOperation,1,742.0
2277376,1,ShardedToInterleavedDeviceOperation,1,742.0
3132416,1,ReshardDeviceOperation,32,741.0
2282496,1,ShardedToInterleavedDeviceOperation,1,739.0
2289664,1,ShardedToInterleavedDeviceOperation,1,739.0
3170304,1,ReshardDeviceOperation,32,739.0
838656,,ShardedToInterleavedDeviceOperation,1,737.0
854016,,ShardedToInterleavedDeviceOperation,1,737.0
824320,,ShardedToInterleavedDeviceOperation,1,736.0
831488,,ShardedToInterleavedDeviceOperation,1,736.0
834560,,ShardedToInterleavedDeviceOperation,1,736.0
843776,,ShardedToInterleavedDeviceOperation,1,736.0
848896,,ShardedToInterleavedDeviceOperation,1,736.0
2283520,1,ShardedToInterleavedDeviceOperation,1,736.0
821248,,ShardedToInterleavedDeviceOperation,1,735.0
826368,,ShardedToInterleavedDeviceOperation,1,735.0
832512,,ShardedToInterleavedDeviceOperation,1,735.0
839680,,ShardedToInterleavedDeviceOperation,1,735.0
846848,,ShardedToInterleavedDeviceOperation,1,735.0
849920,,ShardedToInterleavedDeviceOperation,1,735.0
2276352,1,ShardedToInterleavedDeviceOperation,1,735.0
2279424,1,ShardedToInterleavedDeviceOperation,1,735.0
2280448,1,ShardedToInterleavedDeviceOperation,1,735.0
818176,,ShardedToInterleavedDeviceOperation,1,734.0
823296,,ShardedToInterleavedDeviceOperation,1,734.0
829440,,ShardedToInterleavedDeviceOperation,1,734.0
841728,,ShardedToInterleavedDeviceOperation,1,734.0
842752,,ShardedToInterleavedDeviceOperation,1,734.0
2273280,1,ShardedToInterleavedDeviceOperation,1,734.0
2288640,1,ShardedToInterleavedDeviceOperation,1,734.0
2294784,1,ShardedToInterleavedDeviceOperation,1,734.0
871424,,ShardedToInterleavedDeviceOperation,2,713.0
2268160,1,ShardedToInterleavedDeviceOperation,1,710.0
870400,,ShardedToInterleavedDeviceOperation,2,703.0
873472,,InterleavedToShardedDeviceOperation,4,695.0
3596288,1,ShardedToInterleavedDeviceOperation,8,695.0
876544,,InterleavedToShardedDeviceOperation,4,694.0
3632128,1,ShardedToInterleavedDeviceOperation,32,687.0
3558400,1,ShardedToInterleavedDeviceOperation,8,675.0
3594240,1,ShardedToInterleavedDeviceOperation,32,658.0
2791424,1,ReshardDeviceOperation,32,650.0
936960,,ShardedToInterleavedDeviceOperation,4,603.0
2321408,1,ShardedToInterleavedDeviceOperation,2,601.0
1816576,,ShardedToInterleavedDeviceOperation,4,595.0
1096704,,ShardedToInterleavedDeviceOperation,4,591.0
1164288,,ShardedToInterleavedDeviceOperation,4,591.0
1512448,,ShardedToInterleavedDeviceOperation,4,591.0
1892352,,ShardedToInterleavedDeviceOperation,4,591.0
1930240,,ShardedToInterleavedDeviceOperation,4,591.0
2150400,,ShardedToInterleavedDeviceOperation,4,591.0
2233344,,ShardedToInterleavedDeviceOperation,4,591.0
2320384,1,ShardedToInterleavedDeviceOperation,2,591.0
896000,,ShardedToInterleavedDeviceOperation,4,589.0
1127424,,ShardedToInterleavedDeviceOperation,4,589.0
1732608,,ShardedToInterleavedDeviceOperation,4,589.0
2074624,,ShardedToInterleavedDeviceOperation,4,589.0
975872,,ShardedToInterleavedDeviceOperation,4,588.0
982016,,ShardedToInterleavedDeviceOperation,4,588.0
1475584,,ShardedToInterleavedDeviceOperation,4,588.0
1771520,,ShardedToInterleavedDeviceOperation,4,588.0
1922048,,ShardedToInterleavedDeviceOperation,4,588.0
2232320,,ShardedToInterleavedDeviceOperation,4,588.0
1203200,,ShardedToInterleavedDeviceOperation,4,587.0
1240064,,ShardedToInterleavedDeviceOperation,4,585.0
1543168,,ShardedToInterleavedDeviceOperation,4,585.0
2607104,1,BinaryNgDeviceOperation,64,585.0
2188288,,ShardedToInterleavedDeviceOperation,4,584.0
2659328,1,ShardedToInterleavedDeviceOperation,4,584.0
1013760,,ShardedToInterleavedDeviceOperation,4,583.0
1019904,,ShardedToInterleavedDeviceOperation,4,583.0
1058816,,ShardedToInterleavedDeviceOperation,4,583.0
1134592,,ShardedToInterleavedDeviceOperation,4,583.0
1165312,,ShardedToInterleavedDeviceOperation,4,583.0
1247232,,ShardedToInterleavedDeviceOperation,4,583.0
1285120,,ShardedToInterleavedDeviceOperation,4,583.0
1399808,,ShardedToInterleavedDeviceOperation,4,583.0
1544192,,ShardedToInterleavedDeviceOperation,4,583.0
1702912,,ShardedToInterleavedDeviceOperation,4,583.0
1733632,,ShardedToInterleavedDeviceOperation,4,583.0
2035712,,ShardedToInterleavedDeviceOperation,4,583.0
2187264,,ShardedToInterleavedDeviceOperation,4,583.0
937984,,ShardedToInterleavedDeviceOperation,4,582.0
1361920,,ShardedToInterleavedDeviceOperation,4,582.0
1657856,,ShardedToInterleavedDeviceOperation,4,582.0
1739776,,ShardedToInterleavedDeviceOperation,4,582.0
2493440,1,BinaryNgDeviceOperation,64,582.0
3364864,1,BinaryNgDeviceOperation,60,582.0
944128,,ShardedToInterleavedDeviceOperation,4,581.0
1171456,,ShardedToInterleavedDeviceOperation,4,581.0
1241088,,ShardedToInterleavedDeviceOperation,4,581.0
1626112,,ShardedToInterleavedDeviceOperation,4,581.0
879616,,ShardedToInterleavedDeviceOperation,4,580.0
1809408,,ShardedToInterleavedDeviceOperation,4,580.0
3289088,1,BinaryNgDeviceOperation,63,578.0
1998848,,ShardedToInterleavedDeviceOperation,4,577.0
1392640,,ShardedToInterleavedDeviceOperation,4,576.0
1474560,,ShardedToInterleavedDeviceOperation,4,576.0
2042880,,ShardedToInterleavedDeviceOperation,4,576.0
2112512,,ShardedToInterleavedDeviceOperation,4,576.0
2522112,1,BinaryNgDeviceOperation,64,576.0
2796544,1,BinaryNgDeviceOperation,64,576.0
2938880,1,BinaryNgDeviceOperation,64,576.0
1012736,,ShardedToInterleavedDeviceOperation,4,575.0
1126400,,ShardedToInterleavedDeviceOperation,4,575.0
1278976,,ShardedToInterleavedDeviceOperation,4,575.0
1429504,,ShardedToInterleavedDeviceOperation,4,575.0
1582080,,ShardedToInterleavedDeviceOperation,4,575.0
1770496,,ShardedToInterleavedDeviceOperation,4,575.0
1778688,,ShardedToInterleavedDeviceOperation,4,575.0
1815552,,ShardedToInterleavedDeviceOperation,4,575.0
1960960,,ShardedToInterleavedDeviceOperation,4,575.0
2006016,,ShardedToInterleavedDeviceOperation,4,575.0
2758656,1,BinaryNgDeviceOperation,64,575.0
2787328,1,BinaryNgDeviceOperation,64,575.0
2910208,1,BinaryNgDeviceOperation,64,575.0
3478528,1,BinaryNgDeviceOperation,48,575.0
3516416,1,BinaryNgDeviceOperation,48,575.0
974848,,ShardedToInterleavedDeviceOperation,4,574.0
983040,,ShardedToInterleavedDeviceOperation,4,574.0
1589248,,ShardedToInterleavedDeviceOperation,4,574.0
2226176,,ShardedToInterleavedDeviceOperation,4,574.0
2446336,1,BinaryNgDeviceOperation,64,574.0
2484224,1,BinaryNgDeviceOperation,64,574.0
2834432,1,BinaryNgDeviceOperation,64,574.0
1277952,,ShardedToInterleavedDeviceOperation,4,573.0
2560000,1,BinaryNgDeviceOperation,64,573.0
2720768,1,BinaryNgDeviceOperation,64,573.0
3061760,1,BinaryNgDeviceOperation,64,573.0
3137536,1,BinaryNgDeviceOperation,64,573.0
945152,,ShardedToInterleavedDeviceOperation,4,572.0
1050624,,ShardedToInterleavedDeviceOperation,4,572.0
1088512,,ShardedToInterleavedDeviceOperation,4,572.0
1172480,,ShardedToInterleavedDeviceOperation,4,572.0
1316864,,ShardedToInterleavedDeviceOperation,4,572.0
1437696,,ShardedToInterleavedDeviceOperation,4,572.0
2156544,,ShardedToInterleavedDeviceOperation,4,572.0
3014656,1,BinaryNgDeviceOperation,64,572.0
3175424,1,BinaryNgDeviceOperation,64,572.0
3213312,1,BinaryNgDeviceOperation,64,572.0
3317760,1,BinaryNgDeviceOperation,63,572.0
2379776,1,BinaryNgDeviceOperation,64,571.0
3554304,1,BinaryNgDeviceOperation,32,571.0
3052544,1,BinaryNgDeviceOperation,64,570.0
3090432,1,BinaryNgDeviceOperation,64,570.0
3326976,1,BinaryNgDeviceOperation,63,570.0
2711552,1,BinaryNgDeviceOperation,64,569.0
3069952,1,ShardedToInterleavedDeviceOperation,4,569.0
3620864,1,BinaryNgDeviceOperation,32,569.0
2462720,1,ShardedToInterleavedDeviceOperation,4,568.0
3393536,1,BinaryNgDeviceOperation,60,568.0
3440640,1,BinaryNgDeviceOperation,60,568.0
3507200,1,BinaryNgDeviceOperation,48,568.0
880640,,ShardedToInterleavedDeviceOperation,4,567.0
897024,,ShardedToInterleavedDeviceOperation,4,567.0
1353728,,ShardedToInterleavedDeviceOperation,4,567.0
1398784,,ShardedToInterleavedDeviceOperation,4,567.0
1506304,,ShardedToInterleavedDeviceOperation,4,567.0
1619968,,ShardedToInterleavedDeviceOperation,4,567.0
1627136,,ShardedToInterleavedDeviceOperation,4,567.0
1701888,,ShardedToInterleavedDeviceOperation,4,567.0
1846272,,ShardedToInterleavedDeviceOperation,4,567.0
1847296,,ShardedToInterleavedDeviceOperation,4,567.0
1854464,,ShardedToInterleavedDeviceOperation,4,567.0
1885184,,ShardedToInterleavedDeviceOperation,4,567.0
1891328,,ShardedToInterleavedDeviceOperation,4,567.0
1923072,,ShardedToInterleavedDeviceOperation,4,567.0
1959936,,ShardedToInterleavedDeviceOperation,4,567.0
2073600,,ShardedToInterleavedDeviceOperation,4,567.0
2119680,,ShardedToInterleavedDeviceOperation,4,567.0
2597888,1,BinaryNgDeviceOperation,64,567.0
2644992,1,BinaryNgDeviceOperation,64,567.0
3128320,1,BinaryNgDeviceOperation,64,567.0
3166208,1,BinaryNgDeviceOperation,64,567.0
3183616,1,ShardedToInterleavedDeviceOperation,4,567.0
3402752,1,BinaryNgDeviceOperation,60,567.0
3431424,1,BinaryNgDeviceOperation,60,567.0
1248256,,ShardedToInterleavedDeviceOperation,4,566.0
1360896,,ShardedToInterleavedDeviceOperation,4,566.0
1467392,,ShardedToInterleavedDeviceOperation,4,566.0
1551360,,ShardedToInterleavedDeviceOperation,4,566.0
1618944,,ShardedToInterleavedDeviceOperation,4,566.0
1694720,,ShardedToInterleavedDeviceOperation,4,566.0
2682880,1,BinaryNgDeviceOperation,64,566.0
2825216,1,BinaryNgDeviceOperation,64,566.0
1209344,,ShardedToInterleavedDeviceOperation,4,565.0
1777664,,ShardedToInterleavedDeviceOperation,4,565.0
1853440,,ShardedToInterleavedDeviceOperation,4,565.0
1997824,,ShardedToInterleavedDeviceOperation,4,565.0
2531328,1,BinaryNgDeviceOperation,64,565.0
2948096,1,BinaryNgDeviceOperation,64,565.0
3279872,1,BinaryNgDeviceOperation,64,565.0
3630080,1,BinaryNgDeviceOperation,32,565.0
3696640,1,BinaryNgDeviceOperation,32,565.0
2043904,,ShardedToInterleavedDeviceOperation,4,564.0
1884160,,ShardedToInterleavedDeviceOperation,4,563.0
2408448,1,BinaryNgDeviceOperation,64,563.0
2455552,1,BinaryNgDeviceOperation,64,562.0
2673664,1,BinaryNgDeviceOperation,64,562.0
2900992,1,BinaryNgDeviceOperation,64,562.0
3241984,1,BinaryNgDeviceOperation,64,562.0
3582976,1,BinaryNgDeviceOperation,32,562.0
2917376,1,ShardedToInterleavedDeviceOperation,4,560.0
3099648,1,BinaryNgDeviceOperation,64,560.0
3667968,1,BinaryNgDeviceOperation,32,560.0
1020928,,ShardedToInterleavedDeviceOperation,4,559.0
1202176,,ShardedToInterleavedDeviceOperation,4,559.0
1210368,,ShardedToInterleavedDeviceOperation,4,559.0
1588224,,ShardedToInterleavedDeviceOperation,4,559.0
1665024,,ShardedToInterleavedDeviceOperation,4,559.0
1808384,,ShardedToInterleavedDeviceOperation,4,559.0
1968128,,ShardedToInterleavedDeviceOperation,4,559.0
2036736,,ShardedToInterleavedDeviceOperation,4,559.0
2080768,,ShardedToInterleavedDeviceOperation,4,559.0
2195456,,ShardedToInterleavedDeviceOperation,4,559.0
2347008,1,ShardedToInterleavedDeviceOperation,4,559.0
2749440,1,BinaryNgDeviceOperation,64,559.0
2872320,1,BinaryNgDeviceOperation,64,559.0
3658752,1,BinaryNgDeviceOperation,32,559.0
1436672,,ShardedToInterleavedDeviceOperation,4,558.0
2424832,1,ShardedToInterleavedDeviceOperation,4,558.0
2569216,1,BinaryNgDeviceOperation,64,558.0
2635776,1,BinaryNgDeviceOperation,64,558.0
2863104,1,BinaryNgDeviceOperation,64,558.0
3469312,1,BinaryNgDeviceOperation,48,558.0
3592192,1,BinaryNgDeviceOperation,32,558.0
3705856,1,BinaryNgDeviceOperation,32,558.0
2976768,1,BinaryNgDeviceOperation,64,557.0
2985984,1,BinaryNgDeviceOperation,64,557.0
3355648,1,BinaryNgDeviceOperation,60,557.0
1089536,,ShardedToInterleavedDeviceOperation,4,556.0
1133568,,ShardedToInterleavedDeviceOperation,4,556.0
1513472,,ShardedToInterleavedDeviceOperation,4,556.0
3023872,1,BinaryNgDeviceOperation,64,556.0
3251200,1,BinaryNgDeviceOperation,64,556.0
2386944,1,ShardedToInterleavedDeviceOperation,4,555.0
2614272,1,ShardedToInterleavedDeviceOperation,4,555.0
2803712,1,ShardedToInterleavedDeviceOperation,4,555.0
3204096,1,BinaryNgDeviceOperation,64,555.0
1323008,,ShardedToInterleavedDeviceOperation,4,553.0
1664000,,ShardedToInterleavedDeviceOperation,4,553.0
2417664,1,BinaryNgDeviceOperation,64,553.0
888832,,ShardedToInterleavedDeviceOperation,4,552.0
1315840,,ShardedToInterleavedDeviceOperation,4,551.0
1354752,,ShardedToInterleavedDeviceOperation,4,551.0
1391616,,ShardedToInterleavedDeviceOperation,4,551.0
1468416,,ShardedToInterleavedDeviceOperation,4,551.0
2765824,1,ShardedToInterleavedDeviceOperation,4,551.0
2841600,1,ShardedToInterleavedDeviceOperation,4,551.0
3068928,1,ShardedToInterleavedDeviceOperation,4,551.0
3545088,1,BinaryNgDeviceOperation,32,551.0
2652160,1,ShardedToInterleavedDeviceOperation,4,550.0
1286144,,ShardedToInterleavedDeviceOperation,4,548.0
2810880,1,ShardedToInterleavedDeviceOperation,4,548.0
2345984,1,ShardedToInterleavedDeviceOperation,4,547.0
2804736,1,ShardedToInterleavedDeviceOperation,4,545.0
3258368,1,ShardedToInterleavedDeviceOperation,4,545.0
2774016,1,ShardedToInterleavedDeviceOperation,4,544.0
1324032,,ShardedToInterleavedDeviceOperation,4,543.0
1550336,,ShardedToInterleavedDeviceOperation,4,543.0
1929216,,ShardedToInterleavedDeviceOperation,4,543.0
1967104,,ShardedToInterleavedDeviceOperation,4,543.0
2111488,,ShardedToInterleavedDeviceOperation,4,543.0
2149376,,ShardedToInterleavedDeviceOperation,4,543.0
2225152,,ShardedToInterleavedDeviceOperation,4,543.0
2539520,1,ShardedToInterleavedDeviceOperation,4,543.0
2615296,1,ShardedToInterleavedDeviceOperation,4,543.0
1581056,,ShardedToInterleavedDeviceOperation,4,542.0
2004992,,ShardedToInterleavedDeviceOperation,4,542.0
2194432,,ShardedToInterleavedDeviceOperation,4,542.0
2727936,1,ShardedToInterleavedDeviceOperation,4,542.0
2956288,1,ShardedToInterleavedDeviceOperation,4,542.0
1095680,,ShardedToInterleavedDeviceOperation,4,541.0
2736128,1,ShardedToInterleavedDeviceOperation,4,541.0
2577408,1,ShardedToInterleavedDeviceOperation,4,540.0
2925568,1,ShardedToInterleavedDeviceOperation,4,540.0
3182592,1,ShardedToInterleavedDeviceOperation,4,540.0
1695744,,ShardedToInterleavedDeviceOperation,4,539.0
2842624,1,ShardedToInterleavedDeviceOperation,4,539.0
2918400,1,ShardedToInterleavedDeviceOperation,4,538.0
3032064,1,ShardedToInterleavedDeviceOperation,4,538.0
2584576,1,ShardedToInterleavedDeviceOperation,4,537.0
3031040,1,ShardedToInterleavedDeviceOperation,4,537.0
3266560,1,ShardedToInterleavedDeviceOperation,4,537.0
1656832,,ShardedToInterleavedDeviceOperation,4,536.0
1740800,,ShardedToInterleavedDeviceOperation,4,536.0
2433024,1,ShardedToInterleavedDeviceOperation,4,536.0
3304448,1,ShardedToInterleavedDeviceOperation,3,536.0
3115008,1,ShardedToInterleavedDeviceOperation,4,535.0
3334144,1,ShardedToInterleavedDeviceOperation,3,535.0
1051648,,ShardedToInterleavedDeviceOperation,4,534.0
1057792,,ShardedToInterleavedDeviceOperation,4,534.0
2425856,1,ShardedToInterleavedDeviceOperation,4,534.0
2653184,1,ShardedToInterleavedDeviceOperation,4,534.0
3145728,1,ShardedToInterleavedDeviceOperation,4,534.0
2387968,1,ShardedToInterleavedDeviceOperation,4,533.0
3038208,1,ShardedToInterleavedDeviceOperation,4,533.0
3335168,1,ShardedToInterleavedDeviceOperation,3,533.0
1505280,,ShardedToInterleavedDeviceOperation,4,532.0
2691072,1,ShardedToInterleavedDeviceOperation,4,532.0
2697216,1,ShardedToInterleavedDeviceOperation,4,532.0
2766848,1,ShardedToInterleavedDeviceOperation,4,532.0
2848768,1,ShardedToInterleavedDeviceOperation,4,532.0
2887680,1,ShardedToInterleavedDeviceOperation,4,532.0
2963456,1,ShardedToInterleavedDeviceOperation,4,532.0
3001344,1,ShardedToInterleavedDeviceOperation,4,532.0
3077120,1,ShardedToInterleavedDeviceOperation,4,532.0
3107840,1,ShardedToInterleavedDeviceOperation,4,532.0
3190784,1,ShardedToInterleavedDeviceOperation,4,532.0
3259392,1,ShardedToInterleavedDeviceOperation,4,532.0
2330624,1,ShardedToInterleavedDeviceOperation,4,531.0
2469888,1,ShardedToInterleavedDeviceOperation,4,531.0
2545664,1,ShardedToInterleavedDeviceOperation,4,531.0
2994176,1,ShardedToInterleavedDeviceOperation,4,531.0
3265536,1,ShardedToInterleavedDeviceOperation,4,531.0
2432000,1,ShardedToInterleavedDeviceOperation,4,530.0
2660352,1,ShardedToInterleavedDeviceOperation,4,530.0
2698240,1,ShardedToInterleavedDeviceOperation,4,529.0
2728960,1,ShardedToInterleavedDeviceOperation,4,529.0
2811904,1,ShardedToInterleavedDeviceOperation,4,529.0
3039232,1,ShardedToInterleavedDeviceOperation,4,529.0
3144704,1,ShardedToInterleavedDeviceOperation,4,529.0
3152896,1,ShardedToInterleavedDeviceOperation,4,529.0
2338816,1,ShardedToInterleavedDeviceOperation,4,528.0
2394112,1,ShardedToInterleavedDeviceOperation,4,528.0
2507776,1,ShardedToInterleavedDeviceOperation,4,528.0
2576384,1,ShardedToInterleavedDeviceOperation,4,528.0
2583552,1,ShardedToInterleavedDeviceOperation,4,528.0
2621440,1,ShardedToInterleavedDeviceOperation,4,528.0
2690048,1,ShardedToInterleavedDeviceOperation,4,528.0
2772992,1,ShardedToInterleavedDeviceOperation,4,528.0
2880512,1,ShardedToInterleavedDeviceOperation,4,528.0
2962432,1,ShardedToInterleavedDeviceOperation,4,528.0
3296256,1,ShardedToInterleavedDeviceOperation,3,528.0
1430528,,ShardedToInterleavedDeviceOperation,4,527.0
2081792,,ShardedToInterleavedDeviceOperation,4,527.0
2157568,,ShardedToInterleavedDeviceOperation,4,527.0
2395136,1,ShardedToInterleavedDeviceOperation,4,527.0
2463744,1,ShardedToInterleavedDeviceOperation,4,527.0
2470912,1,ShardedToInterleavedDeviceOperation,4,527.0
2500608,1,ShardedToInterleavedDeviceOperation,4,527.0
2501632,1,ShardedToInterleavedDeviceOperation,4,527.0
2508800,1,ShardedToInterleavedDeviceOperation,4,527.0
2538496,1,ShardedToInterleavedDeviceOperation,4,527.0
2546688,1,ShardedToInterleavedDeviceOperation,4,527.0
2622464,1,ShardedToInterleavedDeviceOperation,4,527.0
2849792,1,ShardedToInterleavedDeviceOperation,4,527.0
2879488,1,ShardedToInterleavedDeviceOperation,4,527.0
2993152,1,ShardedToInterleavedDeviceOperation,4,527.0
3106816,1,ShardedToInterleavedDeviceOperation,4,527.0
3220480,1,ShardedToInterleavedDeviceOperation,4,527.0
3221504,1,ShardedToInterleavedDeviceOperation,4,527.0
3228672,1,ShardedToInterleavedDeviceOperation,4,527.0
3297280,1,ShardedToInterleavedDeviceOperation,3,527.0
2118656,,ShardedToInterleavedDeviceOperation,4,526.0
3000320,1,ShardedToInterleavedDeviceOperation,4,525.0
3189760,1,ShardedToInterleavedDeviceOperation,4,525.0
2735104,1,ShardedToInterleavedDeviceOperation,4,524.0
2955264,1,ShardedToInterleavedDeviceOperation,4,524.0
3076096,1,ShardedToInterleavedDeviceOperation,4,524.0
3227648,1,ShardedToInterleavedDeviceOperation,4,524.0
3303424,1,ShardedToInterleavedDeviceOperation,3,524.0
2329600,1,ShardedToInterleavedDeviceOperation,4,523.0
2886656,1,ShardedToInterleavedDeviceOperation,4,523.0
2924544,1,ShardedToInterleavedDeviceOperation,4,523.0
3113984,1,ShardedToInterleavedDeviceOperation,4,523.0
3151872,1,ShardedToInterleavedDeviceOperation,4,523.0
1754112,,BinaryNgDeviceOperation,64,498.0
1072128,,BinaryNgDeviceOperation,64,485.0
1792000,,BinaryNgDeviceOperation,64,482.0
1678336,,BinaryNgDeviceOperation,64,476.0
1346560,,BinaryNgDeviceOperation,64,475.0
1384448,,BinaryNgDeviceOperation,64,473.0
1498112,,BinaryNgDeviceOperation,64,473.0
2057216,,BinaryNgDeviceOperation,64,472.0
2019328,,BinaryNgDeviceOperation,64,467.0
1034240,,BinaryNgDeviceOperation,64,465.0
2142208,,BinaryNgDeviceOperation,64,463.0
1081344,,BinaryNgDeviceOperation,64,462.0
1195008,,BinaryNgDeviceOperation,64,460.0
1223680,,BinaryNgDeviceOperation,64,460.0
1716224,,BinaryNgDeviceOperation,64,460.0
1337344,,BinaryNgDeviceOperation,64,458.0
967680,,BinaryNgDeviceOperation,64,456.0
1261568,,BinaryNgDeviceOperation,64,456.0
1829888,,BinaryNgDeviceOperation,64,456.0
1119232,,BinaryNgDeviceOperation,64,455.0
1375232,,BinaryNgDeviceOperation,64,455.0
1649664,,BinaryNgDeviceOperation,64,455.0
1905664,,BinaryNgDeviceOperation,64,455.0
1110016,,BinaryNgDeviceOperation,64,454.0
2066432,,BinaryNgDeviceOperation,64,454.0
929792,,BinaryNgDeviceOperation,64,452.0
1564672,,BinaryNgDeviceOperation,64,451.0
2217984,,BinaryNgDeviceOperation,64,448.0
1801216,,BinaryNgDeviceOperation,64,447.0
1867776,,BinaryNgDeviceOperation,64,447.0
1943552,,BinaryNgDeviceOperation,64,444.0
1157120,,BinaryNgDeviceOperation,64,443.0
1270784,,BinaryNgDeviceOperation,64,443.0
2246656,,BinaryNgDeviceOperation,64,443.0
2132992,,BinaryNgDeviceOperation,64,442.0
1526784,,BinaryNgDeviceOperation,64,441.0
1725440,,BinaryNgDeviceOperation,64,441.0
2095104,,BinaryNgDeviceOperation,64,441.0
2180096,,BinaryNgDeviceOperation,64,441.0
2255872,,BinaryNgDeviceOperation,64,441.0
1308672,,BinaryNgDeviceOperation,64,440.0
1640448,,BinaryNgDeviceOperation,64,440.0
1536000,,BinaryNgDeviceOperation,64,439.0
2104320,,BinaryNgDeviceOperation,64,439.0
1043456,,BinaryNgDeviceOperation,64,438.0
1602560,,BinaryNgDeviceOperation,64,438.0
1611776,,BinaryNgDeviceOperation,64,438.0
958464,,BinaryNgDeviceOperation,64,437.0
1299456,,BinaryNgDeviceOperation,64,437.0
1573888,,BinaryNgDeviceOperation,64,437.0
1488896,,BinaryNgDeviceOperation,64,436.0
1990656,,BinaryNgDeviceOperation,64,436.0
2170880,,BinaryNgDeviceOperation,64,436.0
1422336,,BinaryNgDeviceOperation,64,435.0
1005568,,BinaryNgDeviceOperation,64,434.0
1876992,,BinaryNgDeviceOperation,64,434.0
1952768,,BinaryNgDeviceOperation,64,434.0
1981440,,BinaryNgDeviceOperation,64,434.0
2028544,,BinaryNgDeviceOperation,64,434.0
996352,,BinaryNgDeviceOperation,64,433.0
1451008,,BinaryNgDeviceOperation,64,432.0
1763328,,BinaryNgDeviceOperation,64,432.0
2208768,,BinaryNgDeviceOperation,64,432.0
1147904,,BinaryNgDeviceOperation,64,431.0
1413120,,BinaryNgDeviceOperation,64,431.0
1185792,,BinaryNgDeviceOperation,64,428.0
1687552,,BinaryNgDeviceOperation,64,428.0
1839104,,BinaryNgDeviceOperation,64,428.0
1232896,,BinaryNgDeviceOperation,64,426.0
1460224,,BinaryNgDeviceOperation,64,426.0
1914880,,BinaryNgDeviceOperation,64,426.0
