op_id,replay,op_name,cores,duration_ns
1469440,,ArgMaxDeviceOperation,64,2771683.0
2307072,1,ArgMaxDeviceOperation,64,2770791.0
1467392,,MatmulDeviceOperation,64,1518667.0
2305024,1,MatmulDeviceOperation,64,1502606.0
2273280,1,MatmulDeviceOperation,48,174102.0
1613824,1,MatmulDeviceOperation,48,174050.0
2187264,1,MatmulDeviceOperation,48,173948.0
2244608,1,MatmulDeviceOperation,48,173874.0
1671168,1,MatmulDeviceOperation,48,173872.0
1642496,1,MatmulDeviceOperation,48,173865.0
2043904,1,MatmulDeviceOperation,48,173849.0
1957888,1,MatmulDeviceOperation,48,173834.0
1986560,1,MatmulDeviceOperation,48,173830.0
2158592,1,MatmulDeviceOperation,48,173758.0
2301952,1,MatmulDeviceOperation,48,173744.0
1585152,1,MatmulDeviceOperation,48,173743.0
2101248,1,MatmulDeviceOperation,48,173740.0
1757184,1,MatmulDeviceOperation,48,173729.0
2072576,1,MatmulDeviceOperation,48,173677.0
1871872,1,MatmulDeviceOperation,48,173669.0
1929216,1,MatmulDeviceOperation,48,173668.0
1843200,1,MatmulDeviceOperation,48,173665.0
1556480,1,MatmulDeviceOperation,48,173652.0
1814528,1,MatmulDeviceOperation,48,173652.0
2215936,1,MatmulDeviceOperation,48,173638.0
1900544,1,MatmulDeviceOperation,48,173634.0
2129920,1,MatmulDeviceOperation,48,173578.0
1699840,1,MatmulDeviceOperation,48,173574.0
1728512,1,MatmulDeviceOperation,48,173309.0
1527808,1,MatmulDeviceOperation,48,173297.0
1785856,1,MatmulDeviceOperation,48,173241.0
2015232,1,MatmulDeviceOperation,48,173048.0
1263616,,MatmulDeviceOperation,48,172870.0
747520,,MatmulDeviceOperation,48,172843.0
1435648,,MatmulDeviceOperation,48,172812.0
1148928,,MatmulDeviceOperation,48,172806.0
1062912,,MatmulDeviceOperation,48,172754.0
1005568,,MatmulDeviceOperation,48,172748.0
919552,,MatmulDeviceOperation,48,172747.0
976896,,MatmulDeviceOperation,48,172735.0
1034240,,MatmulDeviceOperation,48,172716.0
690176,,MatmulDeviceOperation,48,172701.0
1320960,,MatmulDeviceOperation,48,172670.0
1206272,,MatmulDeviceOperation,48,172649.0
1464320,,MatmulDeviceOperation,48,172628.0
1378304,,MatmulDeviceOperation,48,172627.0
833536,,MatmulDeviceOperation,48,172621.0
804864,,MatmulDeviceOperation,48,172586.0
1177600,,MatmulDeviceOperation,48,172525.0
718848,,MatmulDeviceOperation,48,172513.0
862208,,MatmulDeviceOperation,48,172454.0
1349632,,MatmulDeviceOperation,48,172454.0
776192,,MatmulDeviceOperation,48,172407.0
1091584,,MatmulDeviceOperation,48,172392.0
1406976,,MatmulDeviceOperation,48,172366.0
890880,,MatmulDeviceOperation,48,172294.0
1234944,,MatmulDeviceOperation,48,172284.0
948224,,MatmulDeviceOperation,48,172251.0
1292288,,MatmulDeviceOperation,48,172177.0
1120256,,MatmulDeviceOperation,48,172158.0
1468416,,UntilizeDeviceOperation,63,139176.0
2306048,1,UntilizeDeviceOperation,63,136591.0
343040,,ConcatDeviceOperation,64,82452.0
1460224,,MatmulDeviceOperation,56,81744.0
2269184,1,MatmulDeviceOperation,56,81532.0
306176,,ConcatDeviceOperation,64,81486.0
416768,,ConcatDeviceOperation,64,81201.0
1638400,1,MatmulDeviceOperation,56,80951.0
1783808,1,MatmulDeviceOperation,56,80858.0
774144,,MatmulDeviceOperation,56,80844.0
214016,,ConcatDeviceOperation,64,80670.0
1030144,,MatmulDeviceOperation,56,80640.0
1609728,1,MatmulDeviceOperation,56,80561.0
743424,,MatmulDeviceOperation,56,80541.0
1667072,1,MatmulDeviceOperation,56,80523.0
1462272,,MatmulDeviceOperation,56,80475.0
2271232,1,MatmulDeviceOperation,56,80388.0
745472,,MatmulDeviceOperation,56,80354.0
716800,,MatmulDeviceOperation,56,80310.0
1318912,,MatmulDeviceOperation,56,80280.0
1032192,,MatmulDeviceOperation,56,80226.0
549888,,ConcatDeviceOperation,64,80216.0
2011136,1,MatmulDeviceOperation,56,80209.0
1869824,1,MatmulDeviceOperation,56,80169.0
2039808,1,MatmulDeviceOperation,56,80167.0
2070528,1,MatmulDeviceOperation,56,80129.0
1896448,1,MatmulDeviceOperation,56,80125.0
1060864,,MatmulDeviceOperation,56,80106.0
2127872,1,MatmulDeviceOperation,56,80098.0
1290240,,MatmulDeviceOperation,56,80087.0
1523712,1,MatmulDeviceOperation,56,80080.0
2013184,1,MatmulDeviceOperation,56,80079.0
1404928,,MatmulDeviceOperation,56,80078.0
1376256,,MatmulDeviceOperation,56,80061.0
1173504,,MatmulDeviceOperation,56,80046.0
1175552,,MatmulDeviceOperation,56,80042.0
1316864,,MatmulDeviceOperation,56,80023.0
1724416,1,MatmulDeviceOperation,56,80019.0
1982464,1,MatmulDeviceOperation,56,80002.0
888832,,MatmulDeviceOperation,56,79986.0
1925120,1,MatmulDeviceOperation,56,79983.0
1433600,,MatmulDeviceOperation,56,79968.0
829440,,MatmulDeviceOperation,56,79962.0
1058816,,MatmulDeviceOperation,56,79947.0
1001472,,MatmulDeviceOperation,56,79922.0
2154496,1,MatmulDeviceOperation,56,79919.0
858112,,MatmulDeviceOperation,56,79800.0
1347584,,MatmulDeviceOperation,56,79785.0
1839104,1,MatmulDeviceOperation,56,79781.0
1697792,1,MatmulDeviceOperation,56,79766.0
2211840,1,MatmulDeviceOperation,56,79753.0
1581056,1,MatmulDeviceOperation,56,79741.0
1204224,,MatmulDeviceOperation,56,79731.0
1953792,1,MatmulDeviceOperation,56,79725.0
917504,,MatmulDeviceOperation,56,79724.0
2099200,1,MatmulDeviceOperation,56,79724.0
688128,,MatmulDeviceOperation,56,79704.0
2185216,1,MatmulDeviceOperation,56,79691.0
1552384,1,MatmulDeviceOperation,56,79678.0
944128,,MatmulDeviceOperation,56,79672.0
1144832,,MatmulDeviceOperation,56,79613.0
1116160,,MatmulDeviceOperation,56,79587.0
974848,,MatmulDeviceOperation,56,79566.0
2125824,1,MatmulDeviceOperation,56,79557.0
972800,,MatmulDeviceOperation,56,79542.0
1089536,,MatmulDeviceOperation,56,79489.0
1402880,,MatmulDeviceOperation,56,79485.0
946176,,MatmulDeviceOperation,56,79471.0
2041856,1,MatmulDeviceOperation,56,79463.0
1867776,1,MatmulDeviceOperation,56,79460.0
1554432,1,MatmulDeviceOperation,56,79454.0
1695744,1,MatmulDeviceOperation,56,79428.0
347136,,ConcatDeviceOperation,64,79419.0
2097152,1,MatmulDeviceOperation,56,79408.0
915456,,MatmulDeviceOperation,56,79406.0
2242560,1,MatmulDeviceOperation,56,79391.0
1583104,1,MatmulDeviceOperation,56,79383.0
686080,,MatmulDeviceOperation,56,79354.0
1525760,1,MatmulDeviceOperation,56,79350.0
1087488,,MatmulDeviceOperation,56,79305.0
2297856,1,MatmulDeviceOperation,56,79305.0
1611776,1,MatmulDeviceOperation,56,79270.0
1003520,,MatmulDeviceOperation,56,79233.0
1984512,1,MatmulDeviceOperation,56,79188.0
181248,,ConcatDeviceOperation,64,79176.0
1259520,,MatmulDeviceOperation,56,79155.0
1927168,1,MatmulDeviceOperation,56,79124.0
860160,,MatmulDeviceOperation,56,79072.0
831488,,MatmulDeviceOperation,56,79071.0
1810432,1,MatmulDeviceOperation,56,79061.0
1781760,1,MatmulDeviceOperation,56,79052.0
1640448,1,MatmulDeviceOperation,56,79049.0
1202176,,MatmulDeviceOperation,56,79038.0
1230848,,MatmulDeviceOperation,56,79038.0
2068480,1,MatmulDeviceOperation,56,79030.0
1118208,,MatmulDeviceOperation,56,79010.0
1374208,,MatmulDeviceOperation,56,78996.0
714752,,MatmulDeviceOperation,56,78982.0
2299904,1,MatmulDeviceOperation,56,78941.0
1669120,1,MatmulDeviceOperation,56,78939.0
1726464,1,MatmulDeviceOperation,56,78930.0
2183168,1,MatmulDeviceOperation,56,78927.0
1345536,,MatmulDeviceOperation,56,78905.0
1753088,1,MatmulDeviceOperation,56,78905.0
1146880,,MatmulDeviceOperation,56,78894.0
2156544,1,MatmulDeviceOperation,56,78886.0
1898496,1,MatmulDeviceOperation,56,78879.0
772096,,MatmulDeviceOperation,56,78831.0
2240512,1,MatmulDeviceOperation,56,78795.0
1841152,1,MatmulDeviceOperation,56,78793.0
886784,,MatmulDeviceOperation,56,78791.0
1431552,,MatmulDeviceOperation,56,78771.0
1755136,1,MatmulDeviceOperation,56,78769.0
1288192,,MatmulDeviceOperation,56,78734.0
287744,,ConcatDeviceOperation,64,78665.0
1261568,,MatmulDeviceOperation,56,78646.0
1955840,1,MatmulDeviceOperation,56,78632.0
802816,,MatmulDeviceOperation,56,78627.0
800768,,MatmulDeviceOperation,56,78590.0
424960,,ConcatDeviceOperation,64,78340.0
594944,,ConcatDeviceOperation,64,78291.0
603136,,ConcatDeviceOperation,64,78242.0
2213888,1,MatmulDeviceOperation,56,78064.0
599040,,ConcatDeviceOperation,64,77822.0
1232896,,MatmulDeviceOperation,56,77742.0
420864,,ConcatDeviceOperation,64,77732.0
1812480,1,MatmulDeviceOperation,56,77640.0
498688,,ConcatDeviceOperation,64,77628.0
558080,,ConcatDeviceOperation,64,77439.0
310272,,ConcatDeviceOperation,64,77347.0
384000,,ConcatDeviceOperation,64,77131.0
283648,,ConcatDeviceOperation,64,77061.0
553984,,ConcatDeviceOperation,64,77002.0
246784,,ConcatDeviceOperation,64,76952.0
502784,,ConcatDeviceOperation,64,76888.0
480256,,ConcatDeviceOperation,64,76707.0
576512,,ConcatDeviceOperation,64,76562.0
476160,,ConcatDeviceOperation,64,76533.0
379904,,ConcatDeviceOperation,64,75878.0
148480,,ConcatDeviceOperation,64,75554.0
265216,,ConcatDeviceOperation,64,74494.0
472064,,ConcatDeviceOperation,64,74282.0
286720,,SliceDeviceOperation,64,60449.0
378880,,SliceDeviceOperation,64,60126.0
309248,,SliceDeviceOperation,64,59725.0
501760,,SliceDeviceOperation,64,59705.0
282624,,SliceDeviceOperation,64,58785.0
497664,,SliceDeviceOperation,64,58782.0
415744,,SliceDeviceOperation,64,58423.0
471040,,SliceDeviceOperation,64,58380.0
479232,,SliceDeviceOperation,64,57916.0
475136,,SliceDeviceOperation,64,57865.0
419840,,SliceDeviceOperation,64,57703.0
346112,,SliceDeviceOperation,64,56705.0
552960,,SliceDeviceOperation,64,56386.0
180224,,SliceDeviceOperation,64,56133.0
342016,,SliceDeviceOperation,64,55932.0
264192,,SliceDeviceOperation,64,55820.0
245760,,SliceDeviceOperation,64,55544.0
305152,,SliceDeviceOperation,64,55279.0
598016,,SliceDeviceOperation,64,55190.0
147456,,SliceDeviceOperation,64,55043.0
602112,,SliceDeviceOperation,64,55010.0
423936,,SliceDeviceOperation,64,54910.0
212992,,SliceDeviceOperation,64,54907.0
575488,,SliceDeviceOperation,64,54790.0
593920,,SliceDeviceOperation,64,54780.0
557056,,SliceDeviceOperation,64,54739.0
382976,,SliceDeviceOperation,64,54720.0
548864,,SliceDeviceOperation,64,53996.0
1510400,1,SdpaDecodeDeviceOperation,64,45543.0
2058240,1,SdpaDecodeDeviceOperation,64,44855.0
2115584,1,SdpaDecodeDeviceOperation,64,44322.0
1771520,1,SdpaDecodeDeviceOperation,64,44117.0
1599488,1,SdpaDecodeDeviceOperation,64,43909.0
1828864,1,SdpaDecodeDeviceOperation,64,43896.0
1714176,1,SdpaDecodeDeviceOperation,64,43885.0
1914880,1,SdpaDecodeDeviceOperation,64,43736.0
1886208,1,SdpaDecodeDeviceOperation,64,43730.0
1656832,1,SdpaDecodeDeviceOperation,64,43656.0
1542144,1,SdpaDecodeDeviceOperation,64,43637.0
1943552,1,SdpaDecodeDeviceOperation,64,43616.0
2144256,1,SdpaDecodeDeviceOperation,64,43558.0
1972224,1,SdpaDecodeDeviceOperation,64,43548.0
2287616,1,SdpaDecodeDeviceOperation,64,43535.0
2201600,1,SdpaDecodeDeviceOperation,64,43470.0
672768,,SdpaDecodeDeviceOperation,64,43316.0
1800192,1,SdpaDecodeDeviceOperation,64,43244.0
1628160,1,SdpaDecodeDeviceOperation,64,43125.0
2172928,1,SdpaDecodeDeviceOperation,64,43068.0
790528,,SdpaDecodeDeviceOperation,64,43050.0
2029568,1,SdpaDecodeDeviceOperation,64,43037.0
1105920,,SdpaDecodeDeviceOperation,64,42997.0
2230272,1,SdpaDecodeDeviceOperation,64,42940.0
733184,,SdpaDecodeDeviceOperation,64,42833.0
905216,,SdpaDecodeDeviceOperation,64,42832.0
1019904,,SdpaDecodeDeviceOperation,64,42823.0
1306624,,SdpaDecodeDeviceOperation,64,42820.0
2086912,1,SdpaDecodeDeviceOperation,64,42819.0
761856,,SdpaDecodeDeviceOperation,64,42775.0
1742848,1,SdpaDecodeDeviceOperation,64,42741.0
1163264,,SdpaDecodeDeviceOperation,64,42690.0
1335296,,SdpaDecodeDeviceOperation,64,42650.0
847872,,SdpaDecodeDeviceOperation,64,42643.0
1449984,,SdpaDecodeDeviceOperation,64,42505.0
2000896,1,SdpaDecodeDeviceOperation,64,42435.0
819200,,SdpaDecodeDeviceOperation,64,42427.0
1277952,,SdpaDecodeDeviceOperation,64,42365.0
2258944,1,SdpaDecodeDeviceOperation,64,42289.0
876544,,SdpaDecodeDeviceOperation,64,42252.0
1134592,,SdpaDecodeDeviceOperation,64,42208.0
1392640,,SdpaDecodeDeviceOperation,64,42195.0
1570816,1,SdpaDecodeDeviceOperation,64,42180.0
1421312,,SdpaDecodeDeviceOperation,64,42069.0
1220608,,SdpaDecodeDeviceOperation,64,41981.0
1249280,,SdpaDecodeDeviceOperation,64,41960.0
933888,,SdpaDecodeDeviceOperation,64,41932.0
1191936,,SdpaDecodeDeviceOperation,64,41911.0
1857536,1,SdpaDecodeDeviceOperation,64,41905.0
1077248,,SdpaDecodeDeviceOperation,64,41812.0
991232,,SdpaDecodeDeviceOperation,64,41784.0
704512,,SdpaDecodeDeviceOperation,64,41671.0
1685504,1,SdpaDecodeDeviceOperation,64,41543.0
962560,,SdpaDecodeDeviceOperation,64,41241.0
1363968,,SdpaDecodeDeviceOperation,64,41090.0
1048576,,SdpaDecodeDeviceOperation,64,40976.0
1702912,1,MatmulDeviceOperation,64,38363.0
1478656,1,MatmulDeviceOperation,64,38352.0
1588224,1,MatmulDeviceOperation,64,38323.0
1674240,1,MatmulDeviceOperation,64,38321.0
1846272,1,MatmulDeviceOperation,64,38308.0
1817600,1,MatmulDeviceOperation,64,38269.0
2132992,1,MatmulDeviceOperation,64,38267.0
2161664,1,MatmulDeviceOperation,64,38264.0
1645568,1,MatmulDeviceOperation,64,38249.0
2104320,1,MatmulDeviceOperation,64,38247.0
2075648,1,MatmulDeviceOperation,64,38190.0
2219008,1,MatmulDeviceOperation,64,38173.0
1903616,1,MatmulDeviceOperation,64,38168.0
1788928,1,MatmulDeviceOperation,64,38165.0
1874944,1,MatmulDeviceOperation,64,38149.0
1960960,1,MatmulDeviceOperation,64,38149.0
2190336,1,MatmulDeviceOperation,64,38142.0
2247680,1,MatmulDeviceOperation,64,38138.0
1731584,1,MatmulDeviceOperation,64,38119.0
1760256,1,MatmulDeviceOperation,64,38105.0
1559552,1,MatmulDeviceOperation,64,38100.0
2046976,1,MatmulDeviceOperation,64,38097.0
1989632,1,MatmulDeviceOperation,64,38093.0
2276352,1,MatmulDeviceOperation,64,38067.0
1530880,1,MatmulDeviceOperation,64,38050.0
1932288,1,MatmulDeviceOperation,64,38020.0
2018304,1,MatmulDeviceOperation,64,38010.0
1616896,1,MatmulDeviceOperation,64,37999.0
979968,,MatmulDeviceOperation,64,36779.0
922624,,MatmulDeviceOperation,64,36738.0
865280,,MatmulDeviceOperation,64,36723.0
1152000,,MatmulDeviceOperation,64,36691.0
1324032,,MatmulDeviceOperation,64,36685.0
641024,,MatmulDeviceOperation,64,36670.0
693248,,MatmulDeviceOperation,64,36668.0
1209344,,MatmulDeviceOperation,64,36663.0
1352704,,MatmulDeviceOperation,64,36651.0
721920,,MatmulDeviceOperation,64,36621.0
1295360,,MatmulDeviceOperation,64,36609.0
1065984,,MatmulDeviceOperation,64,36605.0
1381376,,MatmulDeviceOperation,64,36603.0
1008640,,MatmulDeviceOperation,64,36598.0
1438720,,MatmulDeviceOperation,64,36595.0
779264,,MatmulDeviceOperation,64,36592.0
807936,,MatmulDeviceOperation,64,36574.0
750592,,MatmulDeviceOperation,64,36571.0
836608,,MatmulDeviceOperation,64,36571.0
951296,,MatmulDeviceOperation,64,36567.0
1266688,,MatmulDeviceOperation,64,36563.0
1238016,,MatmulDeviceOperation,64,36517.0
1094656,,MatmulDeviceOperation,64,36512.0
1410048,,MatmulDeviceOperation,64,36482.0
1180672,,MatmulDeviceOperation,64,36467.0
893952,,MatmulDeviceOperation,64,36466.0
1123328,,MatmulDeviceOperation,64,36433.0
1037312,,MatmulDeviceOperation,64,36429.0
892928,,LayerNormDeviceOperation,1,35612.0
1236992,,LayerNormDeviceOperation,1,35597.0
1873920,1,LayerNormDeviceOperation,1,35539.0
950272,,LayerNormDeviceOperation,1,35528.0
885760,,LayerNormDeviceOperation,1,35507.0
1787904,1,LayerNormDeviceOperation,1,35504.0
1838080,1,LayerNormDeviceOperation,1,35495.0
857088,,LayerNormDeviceOperation,1,35494.0
742400,,LayerNormDeviceOperation,1,35484.0
1430528,,LayerNormDeviceOperation,1,35474.0
1093632,,LayerNormDeviceOperation,1,35453.0
720896,,LayerNormDeviceOperation,1,35452.0
1615872,1,LayerNormDeviceOperation,1,35442.0
1924096,1,LayerNormDeviceOperation,1,35427.0
1644544,1,LayerNormDeviceOperation,1,35410.0
1466368,,LayerNormDeviceOperation,1,35399.0
1351680,,LayerNormDeviceOperation,1,35397.0
1551360,1,LayerNormDeviceOperation,1,35392.0
1315840,,LayerNormDeviceOperation,1,35385.0
1029120,,LayerNormDeviceOperation,1,35383.0
2246656,1,LayerNormDeviceOperation,1,35374.0
943104,,LayerNormDeviceOperation,1,35365.0
1064960,,LayerNormDeviceOperation,1,35362.0
1000448,,LayerNormDeviceOperation,1,35345.0
640000,,LayerNormDeviceOperation,1,35344.0
806912,,LayerNormDeviceOperation,1,35343.0
1437696,,LayerNormDeviceOperation,1,35342.0
1323008,,LayerNormDeviceOperation,1,35340.0
1086464,,LayerNormDeviceOperation,1,35332.0
1115136,,LayerNormDeviceOperation,1,35322.0
1558528,1,LayerNormDeviceOperation,1,35317.0
971776,,LayerNormDeviceOperation,1,35314.0
2160640,1,LayerNormDeviceOperation,1,35314.0
914432,,LayerNormDeviceOperation,1,35312.0
2296832,1,LayerNormDeviceOperation,1,35303.0
1701888,1,LayerNormDeviceOperation,1,35300.0
1143808,,LayerNormDeviceOperation,1,35298.0
1294336,,LayerNormDeviceOperation,1,35296.0
1959936,1,LayerNormDeviceOperation,1,35293.0
778240,,LayerNormDeviceOperation,1,35283.0
1258496,,LayerNormDeviceOperation,1,35282.0
2210816,1,LayerNormDeviceOperation,1,35282.0
1730560,1,LayerNormDeviceOperation,1,35278.0
1344512,,LayerNormDeviceOperation,1,35274.0
1201152,,LayerNormDeviceOperation,1,35270.0
2239488,1,LayerNormDeviceOperation,1,35269.0
2275328,1,LayerNormDeviceOperation,1,35265.0
835584,,LayerNormDeviceOperation,1,35264.0
1287168,,LayerNormDeviceOperation,1,35260.0
1580032,1,LayerNormDeviceOperation,1,35259.0
1150976,,LayerNormDeviceOperation,1,35258.0
799744,,LayerNormDeviceOperation,1,35254.0
1057792,,LayerNormDeviceOperation,1,35237.0
1122304,,LayerNormDeviceOperation,1,35237.0
2131968,1,LayerNormDeviceOperation,1,35234.0
685056,,LayerNormDeviceOperation,1,35233.0
2182144,1,LayerNormDeviceOperation,1,35233.0
1007616,,LayerNormDeviceOperation,1,35232.0
1036288,,LayerNormDeviceOperation,1,35228.0
1380352,,LayerNormDeviceOperation,1,35228.0
1902592,1,LayerNormDeviceOperation,1,35216.0
1845248,1,LayerNormDeviceOperation,1,35215.0
2017280,1,LayerNormDeviceOperation,1,35198.0
1373184,,LayerNormDeviceOperation,1,35183.0
1529856,1,LayerNormDeviceOperation,1,35179.0
771072,,LayerNormDeviceOperation,1,35176.0
921600,,LayerNormDeviceOperation,1,35176.0
1477632,1,LayerNormDeviceOperation,1,35175.0
1459200,,LayerNormDeviceOperation,1,35164.0
1673216,1,LayerNormDeviceOperation,1,35160.0
1666048,1,LayerNormDeviceOperation,1,35159.0
1809408,1,LayerNormDeviceOperation,1,35159.0
713728,,LayerNormDeviceOperation,1,35156.0
1816576,1,LayerNormDeviceOperation,1,35156.0
1952768,1,LayerNormDeviceOperation,1,35147.0
828416,,LayerNormDeviceOperation,1,35146.0
1981440,1,LayerNormDeviceOperation,1,35146.0
864256,,LayerNormDeviceOperation,1,35141.0
2045952,1,LayerNormDeviceOperation,1,35138.0
1723392,1,LayerNormDeviceOperation,1,35135.0
1179648,,LayerNormDeviceOperation,1,35130.0
1401856,,LayerNormDeviceOperation,1,35128.0
2010112,1,LayerNormDeviceOperation,1,35128.0
1265664,,LayerNormDeviceOperation,1,35127.0
1587200,1,LayerNormDeviceOperation,1,35124.0
1208320,,LayerNormDeviceOperation,1,35123.0
2217984,1,LayerNormDeviceOperation,1,35120.0
2189312,1,LayerNormDeviceOperation,1,35105.0
749568,,LayerNormDeviceOperation,1,35098.0
1229824,,LayerNormDeviceOperation,1,35090.0
978944,,LayerNormDeviceOperation,1,35084.0
1409024,,LayerNormDeviceOperation,1,35079.0
2074624,1,LayerNormDeviceOperation,1,35076.0
2038784,1,LayerNormDeviceOperation,1,35071.0
1172480,,LayerNormDeviceOperation,1,35060.0
2067456,1,LayerNormDeviceOperation,1,35054.0
1759232,1,LayerNormDeviceOperation,1,35048.0
1752064,1,LayerNormDeviceOperation,1,35035.0
2096128,1,LayerNormDeviceOperation,1,35035.0
2103296,1,LayerNormDeviceOperation,1,35021.0
2268160,1,LayerNormDeviceOperation,1,35016.0
1694720,1,LayerNormDeviceOperation,1,35000.0
1608704,1,LayerNormDeviceOperation,1,34993.0
1866752,1,LayerNormDeviceOperation,1,34973.0
692224,,LayerNormDeviceOperation,1,34965.0
1988608,1,LayerNormDeviceOperation,1,34952.0
1931264,1,LayerNormDeviceOperation,1,34937.0
1895424,1,LayerNormDeviceOperation,1,34923.0
2153472,1,LayerNormDeviceOperation,1,34900.0
1637376,1,LayerNormDeviceOperation,1,34898.0
2124800,1,LayerNormDeviceOperation,1,34880.0
1522688,1,LayerNormDeviceOperation,1,34814.0
2304000,1,LayerNormDeviceOperation,1,34804.0
1780736,1,LayerNormDeviceOperation,1,34760.0
2065408,1,MatmulDeviceOperation,48,33406.0
1778688,1,MatmulDeviceOperation,48,33377.0
1750016,1,MatmulDeviceOperation,48,33375.0
1893376,1,MatmulDeviceOperation,48,33369.0
1577984,1,MatmulDeviceOperation,48,33363.0
2094080,1,MatmulDeviceOperation,48,33358.0
2008064,1,MatmulDeviceOperation,48,33356.0
2294784,1,MatmulDeviceOperation,48,33353.0
2122752,1,MatmulDeviceOperation,48,33347.0
1807360,1,MatmulDeviceOperation,48,33338.0
1635328,1,MatmulDeviceOperation,48,33336.0
2151424,1,MatmulDeviceOperation,48,33314.0
1664000,1,MatmulDeviceOperation,48,33312.0
1950720,1,MatmulDeviceOperation,48,33311.0
2266112,1,MatmulDeviceOperation,48,33303.0
1606656,1,MatmulDeviceOperation,48,33293.0
1520640,1,MatmulDeviceOperation,48,33291.0
1864704,1,MatmulDeviceOperation,48,33290.0
2208768,1,MatmulDeviceOperation,48,33290.0
1836032,1,MatmulDeviceOperation,48,33286.0
1979392,1,MatmulDeviceOperation,48,33284.0
2180096,1,MatmulDeviceOperation,48,33278.0
2237440,1,MatmulDeviceOperation,48,33273.0
1922048,1,MatmulDeviceOperation,48,33265.0
2036736,1,MatmulDeviceOperation,48,33202.0
1721344,1,MatmulDeviceOperation,48,33193.0
1692672,1,MatmulDeviceOperation,48,33036.0
1549312,1,MatmulDeviceOperation,48,32905.0
941056,,MatmulDeviceOperation,48,32049.0
797696,,MatmulDeviceOperation,48,32030.0
1227776,,MatmulDeviceOperation,48,32017.0
1371136,,MatmulDeviceOperation,48,31949.0
969728,,MatmulDeviceOperation,48,31941.0
1084416,,MatmulDeviceOperation,48,31941.0
1256448,,MatmulDeviceOperation,48,31927.0
1199104,,MatmulDeviceOperation,48,31906.0
998400,,MatmulDeviceOperation,48,31897.0
1027072,,MatmulDeviceOperation,48,31893.0
883712,,MatmulDeviceOperation,48,31892.0
711680,,MatmulDeviceOperation,48,31883.0
740352,,MatmulDeviceOperation,48,31883.0
1313792,,MatmulDeviceOperation,48,31880.0
1141760,,MatmulDeviceOperation,48,31873.0
912384,,MatmulDeviceOperation,48,31868.0
1285120,,MatmulDeviceOperation,48,31865.0
1055744,,MatmulDeviceOperation,48,31862.0
1170432,,MatmulDeviceOperation,48,31852.0
1399808,,MatmulDeviceOperation,48,31841.0
826368,,MatmulDeviceOperation,48,31839.0
855040,,MatmulDeviceOperation,48,31839.0
1113088,,MatmulDeviceOperation,48,31837.0
769024,,MatmulDeviceOperation,48,31835.0
1457152,,MatmulDeviceOperation,48,31818.0
683008,,MatmulDeviceOperation,48,31804.0
1342464,,MatmulDeviceOperation,48,31783.0
1428480,,MatmulDeviceOperation,48,31752.0
2367488,,UntilizeDeviceOperation,64,29288.0
2359296,,UntilizeDeviceOperation,64,29033.0
2387968,,UntilizeDeviceOperation,64,28788.0
2358272,,UntilizeDeviceOperation,64,28675.0
2384896,,UntilizeDeviceOperation,64,28526.0
2393088,,UntilizeDeviceOperation,64,28522.0
2370560,,UntilizeDeviceOperation,64,28508.0
2350080,,UntilizeDeviceOperation,64,28441.0
2394112,,UntilizeDeviceOperation,64,28425.0
2363392,,UntilizeDeviceOperation,64,28394.0
2386944,,UntilizeDeviceOperation,64,28391.0
2377728,,UntilizeDeviceOperation,64,28367.0
2347008,,UntilizeDeviceOperation,64,28366.0
2371584,,UntilizeDeviceOperation,64,28344.0
2392064,,UntilizeDeviceOperation,64,28318.0
2354176,,UntilizeDeviceOperation,64,28216.0
2379776,,UntilizeDeviceOperation,64,28202.0
31744,,TilizeDeviceOperation,64,28196.0
2348032,,UntilizeDeviceOperation,64,28195.0
2364416,,UntilizeDeviceOperation,64,28195.0
2388992,,UntilizeDeviceOperation,64,28170.0
2365440,,UntilizeDeviceOperation,64,28169.0
2344960,,UntilizeDeviceOperation,64,28129.0
2349056,,UntilizeDeviceOperation,64,28089.0
2381824,,UntilizeDeviceOperation,64,27991.0
2383872,,UntilizeDeviceOperation,64,27933.0
2372608,,UntilizeDeviceOperation,64,27899.0
2375680,,UntilizeDeviceOperation,64,27866.0
2376704,,UntilizeDeviceOperation,64,27824.0
2382848,,UntilizeDeviceOperation,64,27822.0
2339840,,UntilizeDeviceOperation,64,27799.0
2340864,,UntilizeDeviceOperation,64,27748.0
2374656,,UntilizeDeviceOperation,64,27704.0
2362368,,UntilizeDeviceOperation,64,27700.0
2345984,,UntilizeDeviceOperation,64,27684.0
2390016,,UntilizeDeviceOperation,64,27677.0
2391040,,UntilizeDeviceOperation,64,27663.0
2343936,,UntilizeDeviceOperation,64,27638.0
2360320,,UntilizeDeviceOperation,64,27638.0
2337792,,UntilizeDeviceOperation,64,27636.0
2355200,,UntilizeDeviceOperation,64,27614.0
2357248,,UntilizeDeviceOperation,64,27586.0
3072,,TilizeDeviceOperation,64,27583.0
2366464,,UntilizeDeviceOperation,64,27561.0
2373632,,UntilizeDeviceOperation,64,27511.0
2342912,,UntilizeDeviceOperation,64,27495.0
2378752,,UntilizeDeviceOperation,64,27476.0
2353152,,UntilizeDeviceOperation,64,27458.0
2368512,,UntilizeDeviceOperation,64,27416.0
2380800,,UntilizeDeviceOperation,64,27390.0
11264,,TilizeDeviceOperation,64,27383.0
2352128,,UntilizeDeviceOperation,64,27364.0
2338816,,UntilizeDeviceOperation,64,27297.0
2356224,,UntilizeDeviceOperation,64,27272.0
2361344,,UntilizeDeviceOperation,64,27254.0
2351104,,UntilizeDeviceOperation,64,27178.0
2341888,,UntilizeDeviceOperation,64,27177.0
22528,,TilizeDeviceOperation,64,27145.0
27648,,TilizeDeviceOperation,64,27130.0
2385920,,UntilizeDeviceOperation,64,27072.0
2369536,,UntilizeDeviceOperation,64,26992.0
878592,,TernaryDeviceOperation,64,26861.0
706560,,TernaryDeviceOperation,64,26846.0
1222656,,TernaryDeviceOperation,64,26839.0
1394688,,TernaryDeviceOperation,64,26818.0
993280,,TernaryDeviceOperation,64,26783.0
1165312,,TernaryDeviceOperation,64,26766.0
1107968,,TernaryDeviceOperation,64,26759.0
792576,,TernaryDeviceOperation,64,26758.0
2289664,1,TernaryDeviceOperation,64,26735.0
735232,,TernaryDeviceOperation,64,26708.0
55296,,TilizeDeviceOperation,64,26707.0
821248,,TernaryDeviceOperation,64,26699.0
1859584,1,TernaryDeviceOperation,64,26671.0
1452032,,TernaryDeviceOperation,64,26646.0
1423360,,TernaryDeviceOperation,64,26569.0
80896,,TilizeDeviceOperation,64,26568.0
849920,,TernaryDeviceOperation,64,26559.0
97280,,TilizeDeviceOperation,64,26554.0
964608,,TernaryDeviceOperation,64,26527.0
79872,,TilizeDeviceOperation,64,26506.0
2088960,1,TernaryDeviceOperation,64,26506.0
935936,,TernaryDeviceOperation,64,26502.0
677888,,TernaryDeviceOperation,64,26500.0
1079296,,TernaryDeviceOperation,64,26492.0
1021952,,TernaryDeviceOperation,64,26478.0
1193984,,TernaryDeviceOperation,64,26447.0
1308672,,TernaryDeviceOperation,64,26446.0
1280000,,TernaryDeviceOperation,64,26397.0
1050624,,TernaryDeviceOperation,64,26392.0
101376,,TilizeDeviceOperation,64,26391.0
1337344,,TernaryDeviceOperation,64,26385.0
52224,,TilizeDeviceOperation,64,26374.0
1251328,,TernaryDeviceOperation,64,26354.0
907264,,TernaryDeviceOperation,64,26346.0
1366016,,TernaryDeviceOperation,64,26325.0
18432,,TilizeDeviceOperation,64,26294.0
105472,,TilizeDeviceOperation,64,26282.0
26624,,TilizeDeviceOperation,64,26281.0
64512,,TilizeDeviceOperation,64,26253.0
43008,,TilizeDeviceOperation,64,26251.0
72704,,TilizeDeviceOperation,64,26231.0
100352,,TilizeDeviceOperation,64,26218.0
1572864,1,TernaryDeviceOperation,64,26217.0
1974272,1,TernaryDeviceOperation,64,26201.0
1544192,1,TernaryDeviceOperation,64,26199.0
763904,,TernaryDeviceOperation,64,26183.0
1136640,,TernaryDeviceOperation,64,26176.0
1601536,1,TernaryDeviceOperation,64,26143.0
7168,,TilizeDeviceOperation,64,26110.0
71680,,TilizeDeviceOperation,64,26067.0
67584,,TilizeDeviceOperation,64,26065.0
113664,,TilizeDeviceOperation,64,26056.0
1773568,1,TernaryDeviceOperation,64,26037.0
1888256,1,TernaryDeviceOperation,64,26034.0
112640,,TilizeDeviceOperation,64,26026.0
10240,,TilizeDeviceOperation,64,26019.0
1687552,1,TernaryDeviceOperation,64,26005.0
30720,,TilizeDeviceOperation,64,25983.0
75776,,TilizeDeviceOperation,64,25970.0
2174976,1,TernaryDeviceOperation,64,25969.0
104448,,TilizeDeviceOperation,64,25957.0
2232320,1,TernaryDeviceOperation,64,25943.0
2260992,1,TernaryDeviceOperation,64,25920.0
1716224,1,TernaryDeviceOperation,64,25904.0
1744896,1,TernaryDeviceOperation,64,25895.0
109568,,TilizeDeviceOperation,64,25884.0
2146304,1,TernaryDeviceOperation,64,25875.0
2060288,1,TernaryDeviceOperation,64,25863.0
92160,,TilizeDeviceOperation,64,25861.0
2002944,1,TernaryDeviceOperation,64,25840.0
2031616,1,TernaryDeviceOperation,64,25797.0
2117632,1,TernaryDeviceOperation,64,25790.0
2048,,TilizeDeviceOperation,64,25739.0
1802240,1,TernaryDeviceOperation,64,25736.0
93184,,TilizeDeviceOperation,64,25729.0
1658880,1,TernaryDeviceOperation,64,25637.0
96256,,TilizeDeviceOperation,64,25625.0
1630208,1,TernaryDeviceOperation,64,25606.0
56320,,TilizeDeviceOperation,64,25572.0
6144,,TilizeDeviceOperation,64,25515.0
1916928,1,TernaryDeviceOperation,64,25476.0
1498112,1,TernaryDeviceOperation,64,25443.0
60416,,TilizeDeviceOperation,64,25438.0
35840,,TilizeDeviceOperation,64,25435.0
1830912,1,TernaryDeviceOperation,64,25433.0
89088,,TilizeDeviceOperation,64,25431.0
2203648,1,TernaryDeviceOperation,64,25426.0
34816,,TilizeDeviceOperation,64,25420.0
23552,,TilizeDeviceOperation,64,25399.0
44032,,TilizeDeviceOperation,64,25329.0
1515520,1,TernaryDeviceOperation,64,25317.0
1945600,1,TernaryDeviceOperation,64,25312.0
88064,,TilizeDeviceOperation,64,25296.0
68608,,TilizeDeviceOperation,64,25252.0
38912,,TilizeDeviceOperation,64,25245.0
19456,,TilizeDeviceOperation,64,25192.0
83968,,TilizeDeviceOperation,64,25050.0
660480,,TernaryDeviceOperation,64,24942.0
39936,,TilizeDeviceOperation,64,24896.0
63488,,TilizeDeviceOperation,64,24887.0
76800,,TilizeDeviceOperation,64,24856.0
48128,,TilizeDeviceOperation,64,24819.0
84992,,TilizeDeviceOperation,64,24797.0
15360,,TilizeDeviceOperation,64,24770.0
14336,,TilizeDeviceOperation,64,24513.0
47104,,TilizeDeviceOperation,64,24463.0
51200,,TilizeDeviceOperation,64,24373.0
108544,,TilizeDeviceOperation,64,24319.0
59392,,TilizeDeviceOperation,64,24262.0
327680,,TilizeWithValPaddingDeviceOperation,1,23089.0
154624,,TilizeWithValPaddingDeviceOperation,1,23071.0
231424,,TilizeWithValPaddingDeviceOperation,1,23053.0
353280,,TilizeWithValPaddingDeviceOperation,1,23047.0
118784,,TilizeWithValPaddingDeviceOperation,1,22979.0
459776,,TilizeWithValPaddingDeviceOperation,1,22956.0
483328,,TilizeWithValPaddingDeviceOperation,1,22934.0
252928,,TilizeWithValPaddingDeviceOperation,1,22923.0
249856,,TilizeWithValPaddingDeviceOperation,1,22922.0
136192,,TilizeWithValPaddingDeviceOperation,1,22919.0
350208,,TilizeWithValPaddingDeviceOperation,1,22915.0
168960,,TilizeWithValPaddingDeviceOperation,1,22914.0
579584,,TilizeWithValPaddingDeviceOperation,1,22914.0
220160,,TilizeWithValPaddingDeviceOperation,1,22913.0
508928,,TilizeWithValPaddingDeviceOperation,1,22908.0
271360,,TilizeWithValPaddingDeviceOperation,1,22907.0
313344,,TilizeWithValPaddingDeviceOperation,1,22902.0
316416,,TilizeWithValPaddingDeviceOperation,1,22900.0
582656,,TilizeWithValPaddingDeviceOperation,1,22900.0
404480,,TilizeWithValPaddingDeviceOperation,1,22896.0
537600,,TilizeWithValPaddingDeviceOperation,1,22896.0
187392,,TilizeWithValPaddingDeviceOperation,1,22895.0
609280,,TilizeWithValPaddingDeviceOperation,1,22894.0
234496,,TilizeWithValPaddingDeviceOperation,1,22892.0
445440,,TilizeWithValPaddingDeviceOperation,1,22890.0
184320,,TilizeWithValPaddingDeviceOperation,1,22889.0
290816,,TilizeWithValPaddingDeviceOperation,1,22886.0
564224,,TilizeWithValPaddingDeviceOperation,1,22883.0
217088,,TilizeWithValPaddingDeviceOperation,1,22881.0
133120,,TilizeWithValPaddingDeviceOperation,1,22880.0
367616,,TilizeWithValPaddingDeviceOperation,1,22880.0
561152,,TilizeWithValPaddingDeviceOperation,1,22880.0
330752,,TilizeWithValPaddingDeviceOperation,1,22877.0
606208,,TilizeWithValPaddingDeviceOperation,1,22871.0
456704,,TilizeWithValPaddingDeviceOperation,1,22866.0
268288,,TilizeWithValPaddingDeviceOperation,1,22860.0
623616,,TilizeWithValPaddingDeviceOperation,1,22859.0
401408,,TilizeWithValPaddingDeviceOperation,1,22858.0
534528,,TilizeWithValPaddingDeviceOperation,1,22857.0
505856,,TilizeWithValPaddingDeviceOperation,1,22853.0
293888,,TilizeWithValPaddingDeviceOperation,1,22852.0
428032,,TilizeWithValPaddingDeviceOperation,1,22851.0
198656,,TilizeWithValPaddingDeviceOperation,1,22849.0
486400,,TilizeWithValPaddingDeviceOperation,1,22846.0
364544,,TilizeWithValPaddingDeviceOperation,1,22841.0
442368,,TilizeWithValPaddingDeviceOperation,1,22838.0
431104,,TilizeWithValPaddingDeviceOperation,1,22831.0
523264,,TilizeWithValPaddingDeviceOperation,1,22830.0
201728,,TilizeWithValPaddingDeviceOperation,1,22829.0
390144,,TilizeWithValPaddingDeviceOperation,1,22828.0
165888,,TilizeWithValPaddingDeviceOperation,1,22827.0
121856,,TilizeWithValPaddingDeviceOperation,1,22820.0
520192,,TilizeWithValPaddingDeviceOperation,1,22812.0
151552,,TilizeWithValPaddingDeviceOperation,1,22808.0
387072,,TilizeWithValPaddingDeviceOperation,1,22800.0
620544,,TilizeWithValPaddingDeviceOperation,1,22786.0
1508352,1,TilizeWithValPaddingDeviceOperation,32,21516.0
670720,,TilizeWithValPaddingDeviceOperation,32,21151.0
1176576,,BinaryNgDeviceOperation,64,17040.0
637952,,ReshapeViewDeviceOperation,64,16532.0
1476608,1,EmbeddingsDeviceOperation,1,16531.0
947200,,BinaryNgDeviceOperation,64,16503.0
1784832,1,BinaryNgDeviceOperation,64,16494.0
1842176,1,BinaryNgDeviceOperation,64,16410.0
1377280,,BinaryNgDeviceOperation,64,16374.0
1291264,,BinaryNgDeviceOperation,64,16329.0
1475584,1,ReshapeViewDeviceOperation,64,16321.0
1262592,,BinaryNgDeviceOperation,64,16316.0
1698816,1,BinaryNgDeviceOperation,64,16280.0
2157568,1,BinaryNgDeviceOperation,64,16227.0
2128896,1,BinaryNgDeviceOperation,64,16162.0
1348608,,BinaryNgDeviceOperation,64,16100.0
638976,,EmbeddingsDeviceOperation,1,16010.0
1870848,1,BinaryNgDeviceOperation,64,15979.0
984064,,RotaryEmbeddingDeviceOperation,32,15911.0
1119232,,BinaryNgDeviceOperation,64,15894.0
2014208,1,BinaryNgDeviceOperation,64,15874.0
1233920,,BinaryNgDeviceOperation,64,15838.0
918528,,BinaryNgDeviceOperation,64,15813.0
1017856,,RotaryEmbeddingDeviceOperation,32,15809.0
1434624,,BinaryNgDeviceOperation,64,15807.0
754688,,RotaryEmbeddingDeviceOperation,32,15790.0
1419264,,RotaryEmbeddingDeviceOperation,32,15775.0
1361920,,RotaryEmbeddingDeviceOperation,32,15773.0
1928192,1,BinaryNgDeviceOperation,64,15743.0
869376,,RotaryEmbeddingDeviceOperation,32,15698.0
975872,,BinaryNgDeviceOperation,64,15694.0
746496,,BinaryNgDeviceOperation,64,15678.0
1004544,,BinaryNgDeviceOperation,64,15664.0
1727488,1,BinaryNgDeviceOperation,64,15664.0
1356800,,RotaryEmbeddingDeviceOperation,32,15661.0
832512,,BinaryNgDeviceOperation,64,15653.0
803840,,BinaryNgDeviceOperation,64,15652.0
1526784,1,BinaryNgDeviceOperation,64,15649.0
2272256,1,BinaryNgDeviceOperation,64,15642.0
898048,,RotaryEmbeddingDeviceOperation,32,15632.0
1147904,,BinaryNgDeviceOperation,64,15632.0
812032,,RotaryEmbeddingDeviceOperation,32,15595.0
726016,,RotaryEmbeddingDeviceOperation,32,15593.0
1299456,,RotaryEmbeddingDeviceOperation,32,15582.0
1070080,,RotaryEmbeddingDeviceOperation,32,15576.0
788480,,RotaryEmbeddingDeviceOperation,32,15574.0
2223104,1,RotaryEmbeddingDeviceOperation,32,15572.0
1103872,,RotaryEmbeddingDeviceOperation,32,15535.0
759808,,RotaryEmbeddingDeviceOperation,32,15531.0
1242112,,RotaryEmbeddingDeviceOperation,32,15517.0
1414144,,RotaryEmbeddingDeviceOperation,32,15516.0
840704,,RotaryEmbeddingDeviceOperation,32,15513.0
1041408,,RotaryEmbeddingDeviceOperation,32,15507.0
1447936,,RotaryEmbeddingDeviceOperation,32,15477.0
931840,,RotaryEmbeddingDeviceOperation,32,15475.0
2186240,1,BinaryNgDeviceOperation,64,15474.0
2214912,1,BinaryNgDeviceOperation,64,15461.0
697344,,RotaryEmbeddingDeviceOperation,32,15460.0
817152,,RotaryEmbeddingDeviceOperation,32,15445.0
654336,,RotaryEmbeddingDeviceOperation,32,15439.0
1555456,1,BinaryNgDeviceOperation,64,15432.0
1127424,,RotaryEmbeddingDeviceOperation,32,15430.0
1061888,,BinaryNgDeviceOperation,64,15422.0
1046528,,RotaryEmbeddingDeviceOperation,32,15418.0
1132544,,RotaryEmbeddingDeviceOperation,32,15412.0
1405952,,BinaryNgDeviceOperation,64,15405.0
702464,,RotaryEmbeddingDeviceOperation,32,15402.0
1189888,,RotaryEmbeddingDeviceOperation,32,15400.0
1161216,,RotaryEmbeddingDeviceOperation,32,15399.0
1612800,1,BinaryNgDeviceOperation,64,15389.0
1390592,,RotaryEmbeddingDeviceOperation,32,15374.0
1641472,1,BinaryNgDeviceOperation,64,15373.0
1956864,1,BinaryNgDeviceOperation,64,15372.0
845824,,RotaryEmbeddingDeviceOperation,32,15363.0
1075200,,RotaryEmbeddingDeviceOperation,32,15352.0
2243584,1,BinaryNgDeviceOperation,64,15351.0
955392,,RotaryEmbeddingDeviceOperation,32,15343.0
783360,,RotaryEmbeddingDeviceOperation,32,15324.0
874496,,RotaryEmbeddingDeviceOperation,32,15310.0
1012736,,RotaryEmbeddingDeviceOperation,32,15308.0
717824,,BinaryNgDeviceOperation,64,15305.0
1213440,,RotaryEmbeddingDeviceOperation,32,15303.0
903168,,RotaryEmbeddingDeviceOperation,32,15284.0
1156096,,RotaryEmbeddingDeviceOperation,32,15279.0
1985536,1,BinaryNgDeviceOperation,64,15274.0
1442816,,RotaryEmbeddingDeviceOperation,32,15266.0
1033216,,BinaryNgDeviceOperation,64,15256.0
1463296,,BinaryNgDeviceOperation,64,15237.0
1184768,,RotaryEmbeddingDeviceOperation,32,15232.0
731136,,RotaryEmbeddingDeviceOperation,32,15209.0
861184,,BinaryNgDeviceOperation,64,15204.0
1333248,,RotaryEmbeddingDeviceOperation,32,15197.0
666624,,RotaryEmbeddingDeviceOperation,32,15178.0
1218560,,RotaryEmbeddingDeviceOperation,32,15167.0
926720,,RotaryEmbeddingDeviceOperation,32,15166.0
1385472,,RotaryEmbeddingDeviceOperation,32,15162.0
1247232,,RotaryEmbeddingDeviceOperation,32,15147.0
2300928,1,BinaryNgDeviceOperation,64,15130.0
1328128,,RotaryEmbeddingDeviceOperation,32,15125.0
1304576,,RotaryEmbeddingDeviceOperation,32,15123.0
1270784,,RotaryEmbeddingDeviceOperation,32,15111.0
2100224,1,BinaryNgDeviceOperation,64,15089.0
889856,,BinaryNgDeviceOperation,64,15065.0
960512,,RotaryEmbeddingDeviceOperation,32,15060.0
1098752,,RotaryEmbeddingDeviceOperation,32,15053.0
1899520,1,BinaryNgDeviceOperation,64,15040.0
1205248,,BinaryNgDeviceOperation,64,15038.0
1584128,1,BinaryNgDeviceOperation,64,15026.0
1275904,,RotaryEmbeddingDeviceOperation,32,14995.0
1319936,,BinaryNgDeviceOperation,64,14990.0
2042880,1,BinaryNgDeviceOperation,64,14978.0
689152,,BinaryNgDeviceOperation,64,14902.0
2071552,1,BinaryNgDeviceOperation,64,14900.0
1756160,1,BinaryNgDeviceOperation,64,14883.0
775168,,BinaryNgDeviceOperation,64,14869.0
989184,,RotaryEmbeddingDeviceOperation,32,14859.0
1090560,,BinaryNgDeviceOperation,64,14795.0
1670144,1,BinaryNgDeviceOperation,64,14755.0
1813504,1,BinaryNgDeviceOperation,64,14327.0
2280448,1,RotaryEmbeddingDeviceOperation,32,14320.0
1501184,1,TilizeWithValPaddingDeviceOperation,32,14033.0
1879040,1,RotaryEmbeddingDeviceOperation,32,14027.0
663552,,TilizeWithValPaddingDeviceOperation,32,13992.0
1850368,1,RotaryEmbeddingDeviceOperation,32,13909.0
2022400,1,RotaryEmbeddingDeviceOperation,32,13725.0
414720,,SliceDeviceOperation,64,13604.0
263168,,SliceDeviceOperation,64,13410.0
345088,,SliceDeviceOperation,64,13402.0
1735680,1,RotaryEmbeddingDeviceOperation,32,13387.0
477184,,SliceDeviceOperation,64,13269.0
2137088,1,RotaryEmbeddingDeviceOperation,32,13248.0
2108416,1,RotaryEmbeddingDeviceOperation,32,13219.0
1821696,1,RotaryEmbeddingDeviceOperation,32,13212.0
244736,,SliceDeviceOperation,64,13141.0
1965056,1,RotaryEmbeddingDeviceOperation,32,13122.0
281600,,SliceDeviceOperation,64,13077.0
211968,,SliceDeviceOperation,64,13074.0
2027520,1,RotaryEmbeddingDeviceOperation,32,13069.0
1592320,1,RotaryEmbeddingDeviceOperation,32,13057.0
601088,,SliceDeviceOperation,64,13018.0
146432,,SliceDeviceOperation,64,12981.0
478208,,SliceDeviceOperation,64,12939.0
1504256,1,RotaryEmbeddingDeviceOperation,32,12931.0
470016,,SliceDeviceOperation,64,12877.0
262144,,SliceDeviceOperation,64,12869.0
418816,,SliceDeviceOperation,64,12857.0
1620992,1,RotaryEmbeddingDeviceOperation,32,12850.0
551936,,SliceDeviceOperation,64,12825.0
500736,,SliceDeviceOperation,64,12817.0
1907712,1,RotaryEmbeddingDeviceOperation,32,12814.0
377856,,SliceDeviceOperation,64,12795.0
285696,,SliceDeviceOperation,64,12780.0
284672,,SliceDeviceOperation,64,12778.0
574464,,SliceDeviceOperation,64,12756.0
1855488,1,RotaryEmbeddingDeviceOperation,32,12745.0
596992,,SliceDeviceOperation,64,12739.0
179200,,SliceDeviceOperation,64,12696.0
474112,,SliceDeviceOperation,64,12691.0
381952,,SliceDeviceOperation,64,12687.0
1998848,1,RotaryEmbeddingDeviceOperation,32,12667.0
380928,,SliceDeviceOperation,64,12659.0
280576,,SliceDeviceOperation,64,12658.0
340992,,SliceDeviceOperation,64,12655.0
308224,,SliceDeviceOperation,64,12650.0
1563648,1,RotaryEmbeddingDeviceOperation,32,12647.0
2051072,1,RotaryEmbeddingDeviceOperation,32,12640.0
422912,,SliceDeviceOperation,64,12608.0
1568768,1,RotaryEmbeddingDeviceOperation,32,12590.0
1941504,1,RotaryEmbeddingDeviceOperation,32,12590.0
304128,,SliceDeviceOperation,64,12584.0
2194432,1,RotaryEmbeddingDeviceOperation,32,12568.0
1654784,1,RotaryEmbeddingDeviceOperation,32,12564.0
1793024,1,RotaryEmbeddingDeviceOperation,32,12559.0
417792,,SliceDeviceOperation,64,12556.0
2113536,1,RotaryEmbeddingDeviceOperation,32,12550.0
1491968,1,RotaryEmbeddingDeviceOperation,32,12548.0
2142208,1,RotaryEmbeddingDeviceOperation,32,12532.0
303104,,SliceDeviceOperation,64,12522.0
496640,,SliceDeviceOperation,64,12498.0
1649664,1,RotaryEmbeddingDeviceOperation,32,12468.0
344064,,SliceDeviceOperation,64,12459.0
1740800,1,RotaryEmbeddingDeviceOperation,32,12451.0
145408,,SliceDeviceOperation,64,12449.0
1683456,1,RotaryEmbeddingDeviceOperation,32,12433.0
473088,,SliceDeviceOperation,64,12431.0
1712128,1,RotaryEmbeddingDeviceOperation,32,12409.0
178176,,SliceDeviceOperation,64,12395.0
421888,,SliceDeviceOperation,64,12392.0
1540096,1,RotaryEmbeddingDeviceOperation,32,12387.0
1626112,1,RotaryEmbeddingDeviceOperation,32,12379.0
2165760,1,RotaryEmbeddingDeviceOperation,32,12372.0
307200,,SliceDeviceOperation,64,12362.0
2084864,1,RotaryEmbeddingDeviceOperation,32,12350.0
1936384,1,RotaryEmbeddingDeviceOperation,32,12344.0
468992,,SliceDeviceOperation,64,12334.0
592896,,SliceDeviceOperation,64,12329.0
547840,,SliceDeviceOperation,64,12291.0
1826816,1,RotaryEmbeddingDeviceOperation,32,12283.0
2256896,1,RotaryEmbeddingDeviceOperation,32,12279.0
1764352,1,RotaryEmbeddingDeviceOperation,32,12276.0
2199552,1,RotaryEmbeddingDeviceOperation,32,12273.0
1534976,1,RotaryEmbeddingDeviceOperation,32,12265.0
339968,,SliceDeviceOperation,64,12248.0
556032,,SliceDeviceOperation,64,12233.0
1678336,1,RotaryEmbeddingDeviceOperation,32,12230.0
1993728,1,RotaryEmbeddingDeviceOperation,32,12228.0
2228224,1,RotaryEmbeddingDeviceOperation,32,12213.0
2056192,1,RotaryEmbeddingDeviceOperation,32,12206.0
1769472,1,RotaryEmbeddingDeviceOperation,32,12191.0
2251776,1,RotaryEmbeddingDeviceOperation,32,12188.0
243712,,SliceDeviceOperation,64,12177.0
1884160,1,RotaryEmbeddingDeviceOperation,32,12162.0
413696,,SliceDeviceOperation,64,12126.0
595968,,SliceDeviceOperation,64,12093.0
1970176,1,RotaryEmbeddingDeviceOperation,32,12076.0
376832,,SliceDeviceOperation,64,12072.0
2285568,1,RotaryEmbeddingDeviceOperation,32,12072.0
499712,,SliceDeviceOperation,64,12068.0
2170880,1,RotaryEmbeddingDeviceOperation,32,12059.0
210944,,SliceDeviceOperation,64,12053.0
550912,,SliceDeviceOperation,64,12008.0
555008,,SliceDeviceOperation,64,12003.0
1707008,1,RotaryEmbeddingDeviceOperation,32,11978.0
1912832,1,RotaryEmbeddingDeviceOperation,32,11928.0
1798144,1,RotaryEmbeddingDeviceOperation,32,11924.0
600064,,SliceDeviceOperation,64,11872.0
573440,,SliceDeviceOperation,64,11780.0
591872,,SliceDeviceOperation,64,11756.0
495616,,SliceDeviceOperation,64,11736.0
1597440,1,RotaryEmbeddingDeviceOperation,32,11665.0
546816,,SliceDeviceOperation,64,11641.0
2079744,1,RotaryEmbeddingDeviceOperation,32,11503.0
674816,,FillPadDeviceOperation,64,11161.0
1668096,1,UnaryDeviceOperation,64,11150.0
1754112,1,UnaryDeviceOperation,64,11137.0
1512448,1,FillPadDeviceOperation,64,11125.0
1553408,1,UnaryDeviceOperation,64,11058.0
1610752,1,UnaryDeviceOperation,64,11003.0
2040832,1,UnaryDeviceOperation,64,10986.0
1088512,,UnaryDeviceOperation,64,10983.0
801792,,UnaryDeviceOperation,64,10974.0
843776,,PagedUpdateCacheDeviceOperation,32,10957.0
1524736,1,UnaryDeviceOperation,64,10944.0
2012160,1,UnaryDeviceOperation,64,10937.0
1582080,1,UnaryDeviceOperation,64,10916.0
1639424,1,UnaryDeviceOperation,64,10896.0
2241536,1,UnaryDeviceOperation,64,10878.0
2098176,1,UnaryDeviceOperation,64,10863.0
1725440,1,UnaryDeviceOperation,64,10857.0
1868800,1,UnaryDeviceOperation,64,10847.0
1154048,,PagedUpdateCacheDeviceOperation,32,10844.0
2184192,1,UnaryDeviceOperation,64,10844.0
2069504,1,UnaryDeviceOperation,64,10820.0
1926144,1,UnaryDeviceOperation,64,10815.0
2155520,1,UnaryDeviceOperation,64,10813.0
2126848,1,UnaryDeviceOperation,64,10811.0
1897472,1,UnaryDeviceOperation,64,10809.0
1954816,1,UnaryDeviceOperation,64,10800.0
1203200,,UnaryDeviceOperation,64,10795.0
1733632,1,PagedUpdateCacheDeviceOperation,32,10795.0
1782784,1,UnaryDeviceOperation,64,10794.0
1811456,1,UnaryDeviceOperation,64,10789.0
2298880,1,UnaryDeviceOperation,64,10789.0
1696768,1,UnaryDeviceOperation,64,10776.0
945152,,UnaryDeviceOperation,64,10770.0
830464,,UnaryDeviceOperation,64,10766.0
1403904,,UnaryDeviceOperation,64,10758.0
773120,,UnaryDeviceOperation,64,10755.0
1010688,,PagedUpdateCacheDeviceOperation,32,10747.0
1039360,,PagedUpdateCacheDeviceOperation,32,10744.0
1289216,,UnaryDeviceOperation,64,10741.0
744448,,UnaryDeviceOperation,64,10737.0
1983488,1,UnaryDeviceOperation,64,10724.0
1432576,,UnaryDeviceOperation,64,10723.0
1245184,,PagedUpdateCacheDeviceOperation,32,10720.0
1059840,,UnaryDeviceOperation,64,10716.0
887808,,UnaryDeviceOperation,64,10710.0
2270208,1,UnaryDeviceOperation,64,10703.0
2212864,1,UnaryDeviceOperation,64,10696.0
1375232,,UnaryDeviceOperation,64,10691.0
1260544,,UnaryDeviceOperation,64,10686.0
1117184,,UnaryDeviceOperation,64,10685.0
1317888,,UnaryDeviceOperation,64,10661.0
715776,,UnaryDeviceOperation,64,10659.0
757760,,PagedUpdateCacheDeviceOperation,32,10655.0
1031168,,UnaryDeviceOperation,64,10640.0
1326080,,PagedUpdateCacheDeviceOperation,32,10637.0
809984,,PagedUpdateCacheDeviceOperation,32,10635.0
1174528,,UnaryDeviceOperation,64,10623.0
1346560,,UnaryDeviceOperation,64,10620.0
1231872,,UnaryDeviceOperation,64,10610.0
687104,,UnaryDeviceOperation,64,10591.0
786432,,PagedUpdateCacheDeviceOperation,32,10573.0
1145856,,UnaryDeviceOperation,64,10573.0
1002496,,UnaryDeviceOperation,64,10572.0
1331200,,PagedUpdateCacheDeviceOperation,32,10555.0
973824,,UnaryDeviceOperation,64,10537.0
1461248,,UnaryDeviceOperation,64,10519.0
916480,,UnaryDeviceOperation,64,10492.0
1762304,1,PagedUpdateCacheDeviceOperation,32,10481.0
901120,,PagedUpdateCacheDeviceOperation,32,10463.0
1790976,1,PagedUpdateCacheDeviceOperation,32,10452.0
1905664,1,PagedUpdateCacheDeviceOperation,32,10446.0
1840128,1,UnaryDeviceOperation,64,10436.0
859136,,UnaryDeviceOperation,64,10404.0
1876992,1,PagedUpdateCacheDeviceOperation,32,10404.0
867328,,PagedUpdateCacheDeviceOperation,32,10403.0
1130496,,PagedUpdateCacheDeviceOperation,32,10378.0
2221056,1,PagedUpdateCacheDeviceOperation,32,10362.0
1096704,,PagedUpdateCacheDeviceOperation,32,10259.0
1417216,,PagedUpdateCacheDeviceOperation,32,10258.0
929792,,PagedUpdateCacheDeviceOperation,32,10241.0
815104,,PagedUpdateCacheDeviceOperation,32,10093.0
1216512,,PagedUpdateCacheDeviceOperation,32,10089.0
1383424,,PagedUpdateCacheDeviceOperation,32,10073.0
896000,,PagedUpdateCacheDeviceOperation,32,10065.0
1388544,,PagedUpdateCacheDeviceOperation,32,10057.0
924672,,PagedUpdateCacheDeviceOperation,32,10046.0
2278400,1,PagedUpdateCacheDeviceOperation,32,10044.0
872448,,PagedUpdateCacheDeviceOperation,32,10025.0
1240064,,PagedUpdateCacheDeviceOperation,32,10014.0
1354752,,PagedUpdateCacheDeviceOperation,32,9975.0
1532928,1,PagedUpdateCacheDeviceOperation,32,9911.0
657408,,PagedUpdateCacheDeviceOperation,32,9904.0
2105344,1,NLPCreateQKVHeadsDecodeDeviceOperation,32,9889.0
1961984,1,NLPCreateQKVHeadsDecodeDeviceOperation,32,9835.0
2140160,1,PagedUpdateCacheDeviceOperation,32,9834.0
1934336,1,PagedUpdateCacheDeviceOperation,32,9809.0
1268736,,PagedUpdateCacheDeviceOperation,32,9775.0
1297408,,PagedUpdateCacheDeviceOperation,32,9763.0
676864,,BinaryNgDeviceOperation,64,9752.0
1273856,,PagedUpdateCacheDeviceOperation,32,9696.0
1704960,1,PagedUpdateCacheDeviceOperation,32,9658.0
1561600,1,PagedUpdateCacheDeviceOperation,32,9637.0
2192384,1,PagedUpdateCacheDeviceOperation,32,9633.0
2049024,1,PagedUpdateCacheDeviceOperation,32,9628.0
1445888,,PagedUpdateCacheDeviceOperation,32,9624.0
1440768,,PagedUpdateCacheDeviceOperation,32,9616.0
1302528,,PagedUpdateCacheDeviceOperation,32,9590.0
2082816,1,PagedUpdateCacheDeviceOperation,32,9582.0
958464,,PagedUpdateCacheDeviceOperation,32,9557.0
1675264,1,NLPCreateQKVHeadsDecodeDeviceOperation,32,9556.0
1818624,1,NLPCreateQKVHeadsDecodeDeviceOperation,32,9556.0
2106368,1,PagedUpdateCacheDeviceOperation,32,9555.0
2163712,1,PagedUpdateCacheDeviceOperation,32,9546.0
1853440,1,PagedUpdateCacheDeviceOperation,32,9544.0
987136,,PagedUpdateCacheDeviceOperation,32,9541.0
838656,,PagedUpdateCacheDeviceOperation,32,9533.0
1412096,,PagedUpdateCacheDeviceOperation,32,9514.0
2025472,1,PagedUpdateCacheDeviceOperation,32,9507.0
2135040,1,PagedUpdateCacheDeviceOperation,32,9484.0
729088,,PagedUpdateCacheDeviceOperation,32,9473.0
1738752,1,PagedUpdateCacheDeviceOperation,32,9462.0
1073152,,PagedUpdateCacheDeviceOperation,32,9459.0
723968,,PagedUpdateCacheDeviceOperation,32,9428.0
1015808,,PagedUpdateCacheDeviceOperation,32,9427.0
1182720,,PagedUpdateCacheDeviceOperation,32,9420.0
1538048,1,PagedUpdateCacheDeviceOperation,32,9420.0
1044480,,PagedUpdateCacheDeviceOperation,32,9418.0
2249728,1,PagedUpdateCacheDeviceOperation,32,9396.0
1618944,1,PagedUpdateCacheDeviceOperation,32,9388.0
1848320,1,PagedUpdateCacheDeviceOperation,32,9379.0
1101824,,PagedUpdateCacheDeviceOperation,32,9366.0
781312,,PagedUpdateCacheDeviceOperation,32,9337.0
1819648,1,PagedUpdateCacheDeviceOperation,32,9325.0
982016,,PagedUpdateCacheDeviceOperation,32,9298.0
2077696,1,PagedUpdateCacheDeviceOperation,32,9274.0
700416,,PagedUpdateCacheDeviceOperation,32,9253.0
1710080,1,PagedUpdateCacheDeviceOperation,32,9239.0
837632,,NLPCreateQKVHeadsDecodeDeviceOperation,32,9211.0
2020352,1,PagedUpdateCacheDeviceOperation,32,9210.0
1590272,1,PagedUpdateCacheDeviceOperation,32,9206.0
1652736,1,PagedUpdateCacheDeviceOperation,32,9204.0
1187840,,PagedUpdateCacheDeviceOperation,32,9189.0
780288,,NLPCreateQKVHeadsDecodeDeviceOperation,32,9186.0
722944,,NLPCreateQKVHeadsDecodeDeviceOperation,32,9174.0
953344,,PagedUpdateCacheDeviceOperation,32,9164.0
1159168,,PagedUpdateCacheDeviceOperation,32,9134.0
1359872,,PagedUpdateCacheDeviceOperation,32,9134.0
1009664,,NLPCreateQKVHeadsDecodeDeviceOperation,32,9123.0
1068032,,PagedUpdateCacheDeviceOperation,32,9122.0
2111488,1,PagedUpdateCacheDeviceOperation,32,9111.0
1267712,,NLPCreateQKVHeadsDecodeDeviceOperation,32,9098.0
1681408,1,PagedUpdateCacheDeviceOperation,32,9097.0
1411072,,NLPCreateQKVHeadsDecodeDeviceOperation,32,9089.0
1514496,1,BinaryNgDeviceOperation,64,9081.0
2283520,1,PagedUpdateCacheDeviceOperation,32,9080.0
1296384,,NLPCreateQKVHeadsDecodeDeviceOperation,32,9068.0
808960,,NLPCreateQKVHeadsDecodeDeviceOperation,32,9052.0
644096,,PagedUpdateCacheDeviceOperation,32,9047.0
752640,,PagedUpdateCacheDeviceOperation,32,9046.0
2226176,1,PagedUpdateCacheDeviceOperation,32,9040.0
1481728,1,PagedUpdateCacheDeviceOperation,32,9036.0
1353728,,NLPCreateQKVHeadsDecodeDeviceOperation,32,9031.0
1382400,,NLPCreateQKVHeadsDecodeDeviceOperation,32,9023.0
642048,,NLPCreateQKVHeadsDecodeDeviceOperation,32,9022.0
694272,,NLPCreateQKVHeadsDecodeDeviceOperation,32,9005.0
1996800,1,PagedUpdateCacheDeviceOperation,32,8991.0
751616,,NLPCreateQKVHeadsDecodeDeviceOperation,32,8989.0
1124352,,NLPCreateQKVHeadsDecodeDeviceOperation,32,8985.0
1963008,1,PagedUpdateCacheDeviceOperation,32,8975.0
2254848,1,PagedUpdateCacheDeviceOperation,32,8958.0
695296,,PagedUpdateCacheDeviceOperation,32,8954.0
1210368,,NLPCreateQKVHeadsDecodeDeviceOperation,32,8954.0
952320,,NLPCreateQKVHeadsDecodeDeviceOperation,32,8951.0
1181696,,NLPCreateQKVHeadsDecodeDeviceOperation,32,8946.0
1067008,,NLPCreateQKVHeadsDecodeDeviceOperation,32,8937.0
1495040,1,PagedUpdateCacheDeviceOperation,32,8892.0
1211392,,PagedUpdateCacheDeviceOperation,32,8878.0
1732608,1,NLPCreateQKVHeadsDecodeDeviceOperation,32,8864.0
1933312,1,NLPCreateQKVHeadsDecodeDeviceOperation,32,8841.0
923648,,NLPCreateQKVHeadsDecodeDeviceOperation,32,8827.0
866304,,NLPCreateQKVHeadsDecodeDeviceOperation,32,8821.0
2168832,1,PagedUpdateCacheDeviceOperation,32,8821.0
1767424,1,PagedUpdateCacheDeviceOperation,32,8813.0
1439744,,NLPCreateQKVHeadsDecodeDeviceOperation,32,8810.0
1824768,1,PagedUpdateCacheDeviceOperation,32,8803.0
980992,,NLPCreateQKVHeadsDecodeDeviceOperation,32,8798.0
1566720,1,PagedUpdateCacheDeviceOperation,32,8795.0
2248704,1,NLPCreateQKVHeadsDecodeDeviceOperation,32,8769.0
2162688,1,NLPCreateQKVHeadsDecodeDeviceOperation,32,8759.0
2054144,1,PagedUpdateCacheDeviceOperation,32,8747.0
1153024,,NLPCreateQKVHeadsDecodeDeviceOperation,32,8744.0
1325056,,NLPCreateQKVHeadsDecodeDeviceOperation,32,8739.0
1882112,1,PagedUpdateCacheDeviceOperation,32,8734.0
2277376,1,NLPCreateQKVHeadsDecodeDeviceOperation,32,8724.0
1939456,1,PagedUpdateCacheDeviceOperation,32,8719.0
894976,,NLPCreateQKVHeadsDecodeDeviceOperation,32,8716.0
1796096,1,PagedUpdateCacheDeviceOperation,32,8700.0
1038336,,NLPCreateQKVHeadsDecodeDeviceOperation,32,8686.0
1646592,1,NLPCreateQKVHeadsDecodeDeviceOperation,32,8671.0
1676288,1,PagedUpdateCacheDeviceOperation,32,8667.0
1239040,,NLPCreateQKVHeadsDecodeDeviceOperation,32,8656.0
1703936,1,NLPCreateQKVHeadsDecodeDeviceOperation,32,8640.0
1095680,,NLPCreateQKVHeadsDecodeDeviceOperation,32,8634.0
2076672,1,NLPCreateQKVHeadsDecodeDeviceOperation,32,8626.0
2220032,1,NLPCreateQKVHeadsDecodeDeviceOperation,32,8626.0
1789952,1,NLPCreateQKVHeadsDecodeDeviceOperation,32,8609.0
1990656,1,NLPCreateQKVHeadsDecodeDeviceOperation,32,8609.0
1875968,1,NLPCreateQKVHeadsDecodeDeviceOperation,32,8589.0
1560576,1,NLPCreateQKVHeadsDecodeDeviceOperation,32,8586.0
1761280,1,NLPCreateQKVHeadsDecodeDeviceOperation,32,8586.0
1125376,,PagedUpdateCacheDeviceOperation,32,8577.0
1624064,1,PagedUpdateCacheDeviceOperation,32,8570.0
1479680,1,NLPCreateQKVHeadsDecodeDeviceOperation,32,8567.0
2048000,1,NLPCreateQKVHeadsDecodeDeviceOperation,32,8563.0
2019328,1,NLPCreateQKVHeadsDecodeDeviceOperation,32,8558.0
2191360,1,NLPCreateQKVHeadsDecodeDeviceOperation,32,8556.0
1589248,1,NLPCreateQKVHeadsDecodeDeviceOperation,32,8542.0
1904640,1,NLPCreateQKVHeadsDecodeDeviceOperation,32,8511.0
1617920,1,NLPCreateQKVHeadsDecodeDeviceOperation,32,8493.0
1647616,1,PagedUpdateCacheDeviceOperation,32,8492.0
1847296,1,NLPCreateQKVHeadsDecodeDeviceOperation,32,8484.0
2134016,1,NLPCreateQKVHeadsDecodeDeviceOperation,32,8470.0
1531904,1,NLPCreateQKVHeadsDecodeDeviceOperation,32,8463.0
2197504,1,PagedUpdateCacheDeviceOperation,32,8435.0
279552,,TilizeWithValPaddingDeviceOperation,32,8393.0
1595392,1,PagedUpdateCacheDeviceOperation,32,8379.0
467968,,TilizeWithValPaddingDeviceOperation,32,8351.0
1968128,1,PagedUpdateCacheDeviceOperation,32,8325.0
631808,,TilizeWithValPaddingDeviceOperation,32,8313.0
453632,,TilizeWithValPaddingDeviceOperation,32,8258.0
439296,,TilizeWithValPaddingDeviceOperation,32,8224.0
1910784,1,PagedUpdateCacheDeviceOperation,32,8212.0
228352,,TilizeWithValPaddingDeviceOperation,32,8186.0
675840,,ReduceDeviceOperation,32,8179.0
412672,,TilizeWithValPaddingDeviceOperation,32,8171.0
531456,,TilizeWithValPaddingDeviceOperation,32,8166.0
261120,,TilizeWithValPaddingDeviceOperation,32,8156.0
195584,,TilizeWithValPaddingDeviceOperation,32,8143.0
242688,,TilizeWithValPaddingDeviceOperation,32,8113.0
338944,,TilizeWithValPaddingDeviceOperation,32,8106.0
375808,,TilizeWithValPaddingDeviceOperation,32,8104.0
302080,,TilizeWithValPaddingDeviceOperation,32,8100.0
162816,,TilizeWithValPaddingDeviceOperation,32,8090.0
324608,,TilizeWithValPaddingDeviceOperation,32,8082.0
209920,,TilizeWithValPaddingDeviceOperation,32,8077.0
398336,,TilizeWithValPaddingDeviceOperation,32,8067.0
545792,,TilizeWithValPaddingDeviceOperation,32,8063.0
590848,,TilizeWithValPaddingDeviceOperation,32,8060.0
177152,,TilizeWithValPaddingDeviceOperation,32,8050.0
494592,,TilizeWithValPaddingDeviceOperation,32,8035.0
130048,,TilizeWithValPaddingDeviceOperation,32,8015.0
617472,,TilizeWithValPaddingDeviceOperation,32,7997.0
572416,,TilizeWithValPaddingDeviceOperation,32,7969.0
361472,,TilizeWithValPaddingDeviceOperation,32,7953.0
1991680,1,PagedUpdateCacheDeviceOperation,32,7944.0
668672,,UntilizeWithUnpaddingDeviceOperation,32,7926.0
144384,,TilizeWithValPaddingDeviceOperation,32,7903.0
517120,,TilizeWithValPaddingDeviceOperation,32,7850.0
1513472,1,ReduceDeviceOperation,32,7299.0
1506304,1,UntilizeWithUnpaddingDeviceOperation,32,6975.0
1472512,1,TilizeWithValPaddingDeviceOperation,1,6828.0
1483776,1,TilizeWithValPaddingDeviceOperation,1,6643.0
632832,,TilizeWithValPaddingDeviceOperation,1,6626.0
2087936,1,TypecastDeviceOperation,64,6609.0
992256,,TypecastDeviceOperation,64,6566.0
1715200,1,TypecastDeviceOperation,64,6520.0
634880,,TilizeWithValPaddingDeviceOperation,1,6510.0
646144,,TilizeWithValPaddingDeviceOperation,1,6484.0
658432,,TilizeWithValPaddingDeviceOperation,1,6484.0
2231296,1,TypecastDeviceOperation,64,6477.0
934912,,TypecastDeviceOperation,64,6466.0
1470464,1,TilizeWithValPaddingDeviceOperation,1,6464.0
2118656,1,TypecastDeviceOperation,64,6455.0
1686528,1,TypecastDeviceOperation,64,6454.0
2059264,1,TypecastDeviceOperation,64,6419.0
1688576,1,TypecastDeviceOperation,64,6414.0
1600512,1,TypecastDeviceOperation,64,6408.0
822272,,TypecastDeviceOperation,64,6407.0
1135616,,TypecastDeviceOperation,64,6386.0
1502208,1,TypecastDeviceOperation,64,6374.0
1496064,1,TilizeWithValPaddingDeviceOperation,1,6348.0
664576,,TypecastDeviceOperation,64,6337.0
2032640,1,TypecastDeviceOperation,64,6332.0
1307648,,TypecastDeviceOperation,64,6313.0
793600,,TypecastDeviceOperation,64,6311.0
1887232,1,TypecastDeviceOperation,64,6300.0
1545216,1,TypecastDeviceOperation,64,6295.0
1451008,,TypecastDeviceOperation,64,6289.0
1395712,,TypecastDeviceOperation,64,6279.0
1336320,,TypecastDeviceOperation,64,6274.0
1801216,1,TypecastDeviceOperation,64,6261.0
1051648,,TypecastDeviceOperation,64,6255.0
1393664,,TypecastDeviceOperation,64,6244.0
1164288,,TypecastDeviceOperation,64,6242.0
1511424,1,TypecastDeviceOperation,64,6224.0
2173952,1,TypecastDeviceOperation,64,6221.0
1022976,,TypecastDeviceOperation,64,6216.0
1973248,1,TypecastDeviceOperation,64,6215.0
877568,,TypecastDeviceOperation,64,6189.0
1221632,,TypecastDeviceOperation,64,6188.0
2061312,1,TypecastDeviceOperation,64,6169.0
1278976,,TypecastDeviceOperation,64,6152.0
2202624,1,TypecastDeviceOperation,64,6147.0
1338368,,TypecastDeviceOperation,64,6143.0
762880,,TypecastDeviceOperation,64,6140.0
906240,,TypecastDeviceOperation,64,6122.0
1543168,1,TypecastDeviceOperation,64,6115.0
963584,,TypecastDeviceOperation,64,6113.0
707584,,TypecastDeviceOperation,64,6107.0
1049600,,TypecastDeviceOperation,64,6102.0
1453056,,TypecastDeviceOperation,64,6086.0
1195008,,TypecastDeviceOperation,64,6083.0
2288640,1,TypecastDeviceOperation,64,6078.0
1106944,,TypecastDeviceOperation,64,6075.0
2116608,1,TypecastDeviceOperation,64,6071.0
1743872,1,TypecastDeviceOperation,64,6067.0
1774592,1,TypecastDeviceOperation,64,6052.0
736256,,TypecastDeviceOperation,64,6037.0
936960,,TypecastDeviceOperation,64,6028.0
1946624,1,TypecastDeviceOperation,64,6023.0
1367040,,TypecastDeviceOperation,64,6005.0
1309696,,TypecastDeviceOperation,64,5986.0
1137664,,TypecastDeviceOperation,64,5981.0
705536,,TypecastDeviceOperation,64,5970.0
879616,,TypecastDeviceOperation,64,5955.0
1422336,,TypecastDeviceOperation,64,5952.0
734208,,TypecastDeviceOperation,64,5947.0
2290688,1,TypecastDeviceOperation,64,5943.0
1858560,1,TypecastDeviceOperation,64,5939.0
1108992,,TypecastDeviceOperation,64,5936.0
2259968,1,TypecastDeviceOperation,64,5933.0
994304,,TypecastDeviceOperation,64,5932.0
1166336,,TypecastDeviceOperation,64,5931.0
678912,,TypecastDeviceOperation,64,5918.0
764928,,TypecastDeviceOperation,64,5915.0
1657856,1,TypecastDeviceOperation,64,5903.0
1772544,1,TypecastDeviceOperation,64,5901.0
1078272,,TypecastDeviceOperation,64,5896.0
2003968,1,TypecastDeviceOperation,64,5891.0
965632,,TypecastDeviceOperation,64,5881.0
1889280,1,TypecastDeviceOperation,64,5880.0
1281024,,TypecastDeviceOperation,64,5861.0
2001920,1,TypecastDeviceOperation,64,5853.0
1364992,,TypecastDeviceOperation,64,5839.0
1917952,1,TypecastDeviceOperation,64,5836.0
1080320,,TypecastDeviceOperation,64,5834.0
2204672,1,TypecastDeviceOperation,64,5826.0
1631232,1,TypecastDeviceOperation,64,5822.0
1250304,,TypecastDeviceOperation,64,5820.0
673792,,TypecastDeviceOperation,64,5801.0
1424384,,TypecastDeviceOperation,64,5797.0
1252352,,TypecastDeviceOperation,64,5784.0
1571840,1,TypecastDeviceOperation,64,5784.0
2145280,1,TypecastDeviceOperation,64,5774.0
1223680,,TypecastDeviceOperation,64,5770.0
848896,,TypecastDeviceOperation,64,5763.0
671744,,TypecastDeviceOperation,64,5747.0
1860608,1,TypecastDeviceOperation,64,5745.0
159744,,UntilizeWithUnpaddingDeviceOperation,1,5737.0
850944,,TypecastDeviceOperation,64,5712.0
1944576,1,TypecastDeviceOperation,64,5710.0
276480,,UntilizeWithUnpaddingDeviceOperation,1,5706.0
908288,,TypecastDeviceOperation,64,5706.0
2030592,1,TypecastDeviceOperation,64,5703.0
629760,,UntilizeWithUnpaddingDeviceOperation,1,5702.0
160768,,UntilizeWithUnpaddingDeviceOperation,1,5700.0
409600,,UntilizeWithUnpaddingDeviceOperation,1,5691.0
207872,,UntilizeWithUnpaddingDeviceOperation,1,5685.0
359424,,UntilizeWithUnpaddingDeviceOperation,1,5685.0
395264,,UntilizeWithUnpaddingDeviceOperation,1,5684.0
193536,,UntilizeWithUnpaddingDeviceOperation,1,5680.0
142336,,UntilizeWithUnpaddingDeviceOperation,1,5679.0
410624,,UntilizeWithUnpaddingDeviceOperation,1,5679.0
2233344,1,TypecastDeviceOperation,64,5672.0
451584,,UntilizeWithUnpaddingDeviceOperation,1,5670.0
464896,,UntilizeWithUnpaddingDeviceOperation,1,5666.0
491520,,UntilizeWithUnpaddingDeviceOperation,1,5666.0
321536,,UntilizeWithUnpaddingDeviceOperation,1,5665.0
820224,,TypecastDeviceOperation,64,5665.0
1829888,1,TypecastDeviceOperation,64,5663.0
258048,,UntilizeWithUnpaddingDeviceOperation,1,5657.0
450560,,UntilizeWithUnpaddingDeviceOperation,1,5656.0
569344,,UntilizeWithUnpaddingDeviceOperation,1,5655.0
615424,,UntilizeWithUnpaddingDeviceOperation,1,5655.0
1020928,,TypecastDeviceOperation,64,5654.0
570368,,UntilizeWithUnpaddingDeviceOperation,1,5651.0
1197056,,NLPConcatHeadsDecodeDeviceOperation,12,5649.0
1082368,,NLPConcatHeadsDecodeDeviceOperation,12,5642.0
1745920,1,TypecastDeviceOperation,64,5641.0
336896,,UntilizeWithUnpaddingDeviceOperation,1,5635.0
1025024,,NLPConcatHeadsDecodeDeviceOperation,12,5634.0
126976,,UntilizeWithUnpaddingDeviceOperation,1,5630.0
192512,,UntilizeWithUnpaddingDeviceOperation,1,5629.0
372736,,UntilizeWithUnpaddingDeviceOperation,1,5625.0
1139712,,NLPConcatHeadsDecodeDeviceOperation,12,5622.0
1254400,,NLPConcatHeadsDecodeDeviceOperation,12,5622.0
1426432,,NLPConcatHeadsDecodeDeviceOperation,12,5621.0
1311744,,NLPConcatHeadsDecodeDeviceOperation,12,5617.0
322560,,UntilizeWithUnpaddingDeviceOperation,1,5612.0
795648,,NLPConcatHeadsDecodeDeviceOperation,12,5610.0
2147328,1,TypecastDeviceOperation,64,5607.0
738304,,NLPConcatHeadsDecodeDeviceOperation,12,5605.0
791552,,TypecastDeviceOperation,64,5605.0
852992,,NLPConcatHeadsDecodeDeviceOperation,12,5605.0
967680,,NLPConcatHeadsDecodeDeviceOperation,12,5598.0
1915904,1,TypecastDeviceOperation,64,5595.0
300032,,UntilizeWithUnpaddingDeviceOperation,1,5592.0
1369088,,NLPConcatHeadsDecodeDeviceOperation,12,5592.0
910336,,NLPConcatHeadsDecodeDeviceOperation,12,5587.0
259072,,UntilizeWithUnpaddingDeviceOperation,1,5576.0
2176000,1,TypecastDeviceOperation,64,5576.0
628736,,UntilizeWithUnpaddingDeviceOperation,1,5572.0
277504,,UntilizeWithUnpaddingDeviceOperation,1,5554.0
225280,,UntilizeWithUnpaddingDeviceOperation,1,5553.0
515072,,UntilizeWithUnpaddingDeviceOperation,1,5553.0
614400,,UntilizeWithUnpaddingDeviceOperation,1,5551.0
1803264,1,TypecastDeviceOperation,64,5546.0
1602560,1,TypecastDeviceOperation,64,5544.0
680960,,NLPConcatHeadsDecodeDeviceOperation,12,5540.0
206848,,UntilizeWithUnpaddingDeviceOperation,1,5539.0
492544,,UntilizeWithUnpaddingDeviceOperation,1,5537.0
358400,,UntilizeWithUnpaddingDeviceOperation,1,5530.0
436224,,UntilizeWithUnpaddingDeviceOperation,1,5529.0
128000,,UntilizeWithUnpaddingDeviceOperation,1,5524.0
528384,,UntilizeWithUnpaddingDeviceOperation,1,5517.0
335872,,UntilizeWithUnpaddingDeviceOperation,1,5513.0
175104,,UntilizeWithUnpaddingDeviceOperation,1,5512.0
542720,,UntilizeWithUnpaddingDeviceOperation,1,5512.0
465920,,UntilizeWithUnpaddingDeviceOperation,1,5509.0
373760,,UntilizeWithUnpaddingDeviceOperation,1,5508.0
396288,,UntilizeWithUnpaddingDeviceOperation,1,5501.0
543744,,UntilizeWithUnpaddingDeviceOperation,1,5499.0
588800,,UntilizeWithUnpaddingDeviceOperation,1,5498.0
240640,,UntilizeWithUnpaddingDeviceOperation,1,5496.0
239616,,UntilizeWithUnpaddingDeviceOperation,1,5491.0
587776,,UntilizeWithUnpaddingDeviceOperation,1,5491.0
299008,,UntilizeWithUnpaddingDeviceOperation,1,5489.0
529408,,UntilizeWithUnpaddingDeviceOperation,1,5489.0
174080,,UntilizeWithUnpaddingDeviceOperation,1,5486.0
437248,,UntilizeWithUnpaddingDeviceOperation,1,5486.0
514048,,UntilizeWithUnpaddingDeviceOperation,1,5486.0
226304,,UntilizeWithUnpaddingDeviceOperation,1,5482.0
766976,,NLPConcatHeadsDecodeDeviceOperation,12,5481.0
141312,,UntilizeWithUnpaddingDeviceOperation,1,5472.0
1283072,,NLPConcatHeadsDecodeDeviceOperation,12,5465.0
1168384,,NLPConcatHeadsDecodeDeviceOperation,12,5460.0
1629184,1,TypecastDeviceOperation,64,5460.0
1455104,,NLPConcatHeadsDecodeDeviceOperation,12,5454.0
824320,,NLPConcatHeadsDecodeDeviceOperation,12,5449.0
939008,,NLPConcatHeadsDecodeDeviceOperation,12,5447.0
1053696,,NLPConcatHeadsDecodeDeviceOperation,12,5445.0
1340416,,NLPConcatHeadsDecodeDeviceOperation,12,5434.0
1192960,,TypecastDeviceOperation,64,5433.0
1397760,,NLPConcatHeadsDecodeDeviceOperation,12,5426.0
709632,,NLPConcatHeadsDecodeDeviceOperation,12,5417.0
1111040,,NLPConcatHeadsDecodeDeviceOperation,12,5414.0
2262016,1,TypecastDeviceOperation,64,5407.0
996352,,NLPConcatHeadsDecodeDeviceOperation,12,5406.0
1975296,1,TypecastDeviceOperation,64,5406.0
1225728,,NLPConcatHeadsDecodeDeviceOperation,12,5405.0
881664,,NLPConcatHeadsDecodeDeviceOperation,12,5404.0
1717248,1,TypecastDeviceOperation,64,5367.0
1516544,1,TypecastDeviceOperation,64,5358.0
2120704,1,NLPConcatHeadsDecodeDeviceOperation,12,5317.0
1948672,1,NLPConcatHeadsDecodeDeviceOperation,12,5316.0
1659904,1,TypecastDeviceOperation,64,5311.0
1573888,1,TypecastDeviceOperation,64,5284.0
2206720,1,NLPConcatHeadsDecodeDeviceOperation,12,5274.0
1719296,1,NLPConcatHeadsDecodeDeviceOperation,12,5255.0
1920000,1,NLPConcatHeadsDecodeDeviceOperation,12,5245.0
1547264,1,NLPConcatHeadsDecodeDeviceOperation,12,5234.0
1862656,1,NLPConcatHeadsDecodeDeviceOperation,12,5227.0
2292736,1,NLPConcatHeadsDecodeDeviceOperation,12,5224.0
1690624,1,NLPConcatHeadsDecodeDeviceOperation,12,5220.0
1661952,1,NLPConcatHeadsDecodeDeviceOperation,12,5218.0
1518592,1,NLPConcatHeadsDecodeDeviceOperation,12,5212.0
1891328,1,NLPConcatHeadsDecodeDeviceOperation,12,5206.0
2178048,1,NLPConcatHeadsDecodeDeviceOperation,12,5206.0
2149376,1,NLPConcatHeadsDecodeDeviceOperation,12,5202.0
2063360,1,NLPConcatHeadsDecodeDeviceOperation,12,5197.0
1977344,1,NLPConcatHeadsDecodeDeviceOperation,12,5189.0
1575936,1,NLPConcatHeadsDecodeDeviceOperation,12,5187.0
2006016,1,NLPConcatHeadsDecodeDeviceOperation,12,5179.0
1776640,1,NLPConcatHeadsDecodeDeviceOperation,12,5176.0
1604608,1,NLPConcatHeadsDecodeDeviceOperation,12,5171.0
2235392,1,NLPConcatHeadsDecodeDeviceOperation,12,5170.0
1805312,1,NLPConcatHeadsDecodeDeviceOperation,12,5162.0
1833984,1,NLPConcatHeadsDecodeDeviceOperation,12,5162.0
2034688,1,NLPConcatHeadsDecodeDeviceOperation,12,5160.0
1831936,1,TypecastDeviceOperation,64,5158.0
2092032,1,NLPConcatHeadsDecodeDeviceOperation,12,5158.0
1747968,1,NLPConcatHeadsDecodeDeviceOperation,12,5154.0
2089984,1,TypecastDeviceOperation,64,5146.0
1633280,1,NLPConcatHeadsDecodeDeviceOperation,12,5141.0
2264064,1,NLPConcatHeadsDecodeDeviceOperation,12,5136.0
41984,,TilizeWithValPaddingDeviceOperation,48,5093.0
669696,,RepeatDeviceOperation,64,5090.0
20480,,TilizeWithValPaddingDeviceOperation,48,5089.0
393216,,TilizeWithValPaddingDeviceOperation,48,5088.0
87040,,TilizeWithValPaddingDeviceOperation,48,5070.0
115712,,TilizeWithValPaddingDeviceOperation,48,5068.0
111616,,TilizeWithValPaddingDeviceOperation,48,5063.0
1509376,1,TypecastDeviceOperation,64,5057.0
626688,,TilizeWithValPaddingDeviceOperation,48,5051.0
333824,,TilizeWithValPaddingDeviceOperation,48,5049.0
46080,,TilizeWithValPaddingDeviceOperation,48,5039.0
29696,,TilizeWithValPaddingDeviceOperation,48,5031.0
139264,,TilizeWithValPaddingDeviceOperation,48,5028.0
17408,,TilizeWithValPaddingDeviceOperation,48,5025.0
407552,,TilizeWithValPaddingDeviceOperation,48,5022.0
28672,,TilizeWithValPaddingDeviceOperation,48,5016.0
103424,,TilizeWithValPaddingDeviceOperation,48,5015.0
434176,,TilizeWithValPaddingDeviceOperation,48,5012.0
526336,,TilizeWithValPaddingDeviceOperation,48,5009.0
50176,,TilizeWithValPaddingDeviceOperation,48,5005.0
585728,,TilizeWithValPaddingDeviceOperation,48,5004.0
172032,,TilizeWithValPaddingDeviceOperation,48,4994.0
540672,,TilizeWithValPaddingDeviceOperation,48,4974.0
90112,,TilizeWithValPaddingDeviceOperation,48,4971.0
1024,,TilizeWithValPaddingDeviceOperation,48,4966.0
61440,,TilizeWithValPaddingDeviceOperation,48,4966.0
74752,,TilizeWithValPaddingDeviceOperation,48,4963.0
9216,,TilizeWithValPaddingDeviceOperation,48,4962.0
567296,,TilizeWithValPaddingDeviceOperation,48,4951.0
99328,,TilizeWithValPaddingDeviceOperation,48,4950.0
489472,,TilizeWithValPaddingDeviceOperation,48,4949.0
237568,,TilizeWithValPaddingDeviceOperation,48,4948.0
204800,,TilizeWithValPaddingDeviceOperation,48,4943.0
91136,,TilizeWithValPaddingDeviceOperation,48,4941.0
448512,,TilizeWithValPaddingDeviceOperation,48,4941.0
12288,,TilizeWithValPaddingDeviceOperation,48,4938.0
81920,,TilizeWithValPaddingDeviceOperation,48,4934.0
223232,,TilizeWithValPaddingDeviceOperation,48,4930.0
124928,,TilizeWithValPaddingDeviceOperation,48,4923.0
70656,,TilizeWithValPaddingDeviceOperation,48,4918.0
8192,,TilizeWithValPaddingDeviceOperation,48,4917.0
4096,,TilizeWithValPaddingDeviceOperation,48,4913.0
53248,,TilizeWithValPaddingDeviceOperation,48,4908.0
106496,,TilizeWithValPaddingDeviceOperation,48,4906.0
512000,,TilizeWithValPaddingDeviceOperation,48,4906.0
256000,,TilizeWithValPaddingDeviceOperation,48,4905.0
62464,,TilizeWithValPaddingDeviceOperation,48,4903.0
462848,,TilizeWithValPaddingDeviceOperation,48,4900.0
45056,,TilizeWithValPaddingDeviceOperation,48,4897.0
86016,,TilizeWithValPaddingDeviceOperation,48,4894.0
54272,,TilizeWithValPaddingDeviceOperation,48,4893.0
107520,,TilizeWithValPaddingDeviceOperation,48,4891.0
370688,,TilizeWithValPaddingDeviceOperation,48,4890.0
73728,,TilizeWithValPaddingDeviceOperation,48,4889.0
296960,,TilizeWithValPaddingDeviceOperation,48,4887.0
77824,,TilizeWithValPaddingDeviceOperation,48,4885.0
5120,,TilizeWithValPaddingDeviceOperation,48,4883.0
32768,,TilizeWithValPaddingDeviceOperation,48,4881.0
78848,,TilizeWithValPaddingDeviceOperation,48,4879.0
1507328,1,RepeatDeviceOperation,64,4877.0
16384,,TilizeWithValPaddingDeviceOperation,48,4871.0
49152,,TilizeWithValPaddingDeviceOperation,48,4869.0
612352,,TilizeWithValPaddingDeviceOperation,48,4868.0
21504,,TilizeWithValPaddingDeviceOperation,48,4866.0
274432,,TilizeWithValPaddingDeviceOperation,48,4861.0
102400,,TilizeWithValPaddingDeviceOperation,48,4860.0
110592,,TilizeWithValPaddingDeviceOperation,48,4860.0
66560,,TilizeWithValPaddingDeviceOperation,48,4859.0
13312,,TilizeWithValPaddingDeviceOperation,48,4857.0
190464,,TilizeWithValPaddingDeviceOperation,48,4853.0
40960,,TilizeWithValPaddingDeviceOperation,48,4852.0
356352,,TilizeWithValPaddingDeviceOperation,48,4850.0
319488,,TilizeWithValPaddingDeviceOperation,48,4849.0
98304,,TilizeWithValPaddingDeviceOperation,48,4845.0
114688,,TilizeWithValPaddingDeviceOperation,48,4844.0
36864,,TilizeWithValPaddingDeviceOperation,48,4840.0
37888,,TilizeWithValPaddingDeviceOperation,48,4840.0
33792,,TilizeWithValPaddingDeviceOperation,48,4829.0
82944,,TilizeWithValPaddingDeviceOperation,48,4827.0
69632,,TilizeWithValPaddingDeviceOperation,48,4819.0
57344,,TilizeWithValPaddingDeviceOperation,48,4816.0
25600,,TilizeWithValPaddingDeviceOperation,48,4804.0
157696,,TilizeWithValPaddingDeviceOperation,48,4802.0
65536,,TilizeWithValPaddingDeviceOperation,48,4801.0
95232,,TilizeWithValPaddingDeviceOperation,48,4796.0
58368,,TilizeWithValPaddingDeviceOperation,48,4789.0
94208,,TilizeWithValPaddingDeviceOperation,48,4765.0
24576,,TilizeWithValPaddingDeviceOperation,48,4728.0
1636352,1,BinaryNgDeviceOperation,64,3895.0
659456,,BinaryNgDeviceOperation,64,3840.0
1497088,1,BinaryNgDeviceOperation,64,3698.0
647168,,BinaryNgDeviceOperation,64,3387.0
1473536,1,BinaryNgDeviceOperation,64,3380.0
2085888,1,SliceDeviceOperation,64,3372.0
818176,,SliceDeviceOperation,64,3366.0
1484800,1,BinaryNgDeviceOperation,64,3346.0
2109440,1,SliceDeviceOperation,64,3306.0
703488,,SliceDeviceOperation,64,3302.0
1499136,1,UntilizeWithUnpaddingDeviceOperation,1,3292.0
805888,,BinaryNgDeviceOperation,64,3290.0
1994752,1,SliceDeviceOperation,64,3286.0
1770496,1,SliceDeviceOperation,64,3270.0
813056,,SliceDeviceOperation,64,3267.0
956416,,SliceDeviceOperation,64,3263.0
684032,,BinaryNgDeviceOperation,64,3256.0
899072,,SliceDeviceOperation,64,3256.0
712704,,BinaryNgDeviceOperation,64,3235.0
1321984,,BinaryNgDeviceOperation,64,3234.0
1035264,,BinaryNgDeviceOperation,64,3223.0
1264640,,BinaryNgDeviceOperation,64,3223.0
1942528,1,SliceDeviceOperation,64,3210.0
1178624,,BinaryNgDeviceOperation,64,3197.0
1885184,1,SliceDeviceOperation,64,3190.0
2114560,1,SliceDeviceOperation,64,3183.0
1713152,1,SliceDeviceOperation,64,3181.0
1379328,,BinaryNgDeviceOperation,64,3178.0
1851392,1,SliceDeviceOperation,64,3178.0
1799168,1,SliceDeviceOperation,64,3175.0
1443840,,SliceDeviceOperation,64,3169.0
1300480,,SliceDeviceOperation,64,3159.0
2080768,1,SliceDeviceOperation,64,3159.0
667648,,SliceDeviceOperation,64,3152.0
1415168,,SliceDeviceOperation,64,3150.0
913408,,BinaryNgDeviceOperation,64,3149.0
1200128,,BinaryNgDeviceOperation,64,3149.0
1679360,1,SliceDeviceOperation,64,3149.0
875520,,SliceDeviceOperation,64,3140.0
1207296,,BinaryNgDeviceOperation,64,3137.0
1400832,,BinaryNgDeviceOperation,64,3137.0
2028544,1,SliceDeviceOperation,64,3129.0
1085440,,BinaryNgDeviceOperation,64,3126.0
1329152,,SliceDeviceOperation,64,3126.0
1372160,,BinaryNgDeviceOperation,64,3122.0
1142784,,BinaryNgDeviceOperation,64,3120.0
2195456,1,SliceDeviceOperation,64,3119.0
748544,,BinaryNgDeviceOperation,64,3117.0
1458176,,BinaryNgDeviceOperation,64,3116.0
1937408,1,SliceDeviceOperation,64,3115.0
1420288,,SliceDeviceOperation,64,3112.0
1056768,,BinaryNgDeviceOperation,64,3110.0
1243136,,SliceDeviceOperation,64,3110.0
661504,,UntilizeWithUnpaddingDeviceOperation,1,3104.0
1121280,,BinaryNgDeviceOperation,64,3104.0
1334272,,SliceDeviceOperation,64,3102.0
1257472,,BinaryNgDeviceOperation,64,3100.0
904192,,SliceDeviceOperation,64,3099.0
1465344,,BinaryNgDeviceOperation,64,3094.0
770048,,BinaryNgDeviceOperation,64,3091.0
1362944,,SliceDeviceOperation,64,3089.0
1827840,1,SliceDeviceOperation,64,3089.0
698368,,SliceDeviceOperation,64,3086.0
1627136,1,SliceDeviceOperation,64,3084.0
655360,,SliceDeviceOperation,64,3080.0
884736,,BinaryNgDeviceOperation,64,3078.0
1286144,,BinaryNgDeviceOperation,64,3078.0
1622016,1,SliceDeviceOperation,64,3077.0
1018880,,SliceDeviceOperation,64,3074.0
760832,,SliceDeviceOperation,64,3073.0
2281472,1,SliceDeviceOperation,64,3073.0
1149952,,BinaryNgDeviceOperation,64,3072.0
1293312,,BinaryNgDeviceOperation,64,3072.0
927744,,SliceDeviceOperation,64,3070.0
1429504,,BinaryNgDeviceOperation,64,3069.0
1343488,,BinaryNgDeviceOperation,64,3065.0
1185792,,SliceDeviceOperation,64,3061.0
1092608,,BinaryNgDeviceOperation,64,3060.0
1607680,1,BinaryNgDeviceOperation,64,3058.0
990208,,SliceDeviceOperation,64,3057.0
1190912,,SliceDeviceOperation,64,3056.0
741376,,BinaryNgDeviceOperation,64,3052.0
1492992,1,SliceDeviceOperation,64,3052.0
1436672,,BinaryNgDeviceOperation,64,3051.0
1880064,1,SliceDeviceOperation,64,3051.0
834560,,BinaryNgDeviceOperation,64,3050.0
2252800,1,SliceDeviceOperation,64,3049.0
932864,,SliceDeviceOperation,64,3047.0
2224128,1,SliceDeviceOperation,64,3043.0
841728,,SliceDeviceOperation,64,3041.0
2016256,1,BinaryNgDeviceOperation,64,3039.0
846848,,SliceDeviceOperation,64,3037.0
920576,,BinaryNgDeviceOperation,64,3037.0
798720,,BinaryNgDeviceOperation,64,3034.0
999424,,BinaryNgDeviceOperation,64,3033.0
1028096,,BinaryNgDeviceOperation,64,3027.0
691200,,BinaryNgDeviceOperation,64,3023.0
863232,,BinaryNgDeviceOperation,64,3021.0
942080,,BinaryNgDeviceOperation,64,3018.0
1276928,,SliceDeviceOperation,64,3016.0
1350656,,BinaryNgDeviceOperation,64,3013.0
1794048,1,SliceDeviceOperation,64,3012.0
827392,,BinaryNgDeviceOperation,64,3011.0
1471488,1,BinaryNgDeviceOperation,64,3011.0
891904,,BinaryNgDeviceOperation,64,3004.0
949248,,BinaryNgDeviceOperation,64,3004.0
1966080,1,SliceDeviceOperation,64,3003.0
1171456,,BinaryNgDeviceOperation,64,3002.0
1486848,1,UnaryDeviceOperation,64,3002.0
1228800,,BinaryNgDeviceOperation,64,3000.0
755712,,SliceDeviceOperation,64,2995.0
1006592,,BinaryNgDeviceOperation,64,2995.0
1104896,,SliceDeviceOperation,64,2993.0
1076224,,SliceDeviceOperation,64,2989.0
1448960,,SliceDeviceOperation,64,2989.0
1564672,1,SliceDeviceOperation,64,2989.0
1722368,1,BinaryNgDeviceOperation,64,2989.0
1157120,,SliceDeviceOperation,64,2988.0
977920,,BinaryNgDeviceOperation,64,2986.0
2052096,1,SliceDeviceOperation,64,2986.0
1865728,1,BinaryNgDeviceOperation,64,2981.0
1408000,,BinaryNgDeviceOperation,64,2979.0
1357824,,SliceDeviceOperation,64,2977.0
1391616,,SliceDeviceOperation,64,2976.0
1013760,,SliceDeviceOperation,64,2975.0
1063936,,BinaryNgDeviceOperation,64,2975.0
633856,,BinaryNgDeviceOperation,64,2974.0
1114112,,BinaryNgDeviceOperation,64,2974.0
777216,,BinaryNgDeviceOperation,64,2973.0
440320,,UntilizeWithUnpaddingDeviceOperation,32,2971.0
856064,,BinaryNgDeviceOperation,64,2970.0
985088,,SliceDeviceOperation,64,2970.0
149504,,UntilizeWithUnpaddingDeviceOperation,32,2968.0
1655808,1,SliceDeviceOperation,64,2964.0
2166784,1,SliceDeviceOperation,64,2964.0
1505280,1,SliceDeviceOperation,64,2963.0
2152448,1,BinaryNgDeviceOperation,64,2963.0
399360,,UntilizeWithUnpaddingDeviceOperation,32,2962.0
1099776,,SliceDeviceOperation,64,2962.0
1908736,1,SliceDeviceOperation,64,2962.0
2229248,1,SliceDeviceOperation,64,2959.0
618496,,UntilizeWithUnpaddingDeviceOperation,32,2956.0
870400,,SliceDeviceOperation,64,2953.0
288768,,UntilizeWithUnpaddingDeviceOperation,32,2951.0
1736704,1,SliceDeviceOperation,64,2951.0
1047552,,SliceDeviceOperation,64,2949.0
2274304,1,BinaryNgDeviceOperation,64,2949.0
2138112,1,SliceDeviceOperation,64,2945.0
1541120,1,SliceDeviceOperation,64,2944.0
1999872,1,SliceDeviceOperation,64,2942.0
719872,,BinaryNgDeviceOperation,64,2940.0
1593344,1,SliceDeviceOperation,64,2940.0
2286592,1,SliceDeviceOperation,64,2939.0
405504,,UntilizeWithUnpaddingDeviceOperation,32,2935.0
182272,,UntilizeWithUnpaddingDeviceOperation,32,2934.0
2209792,1,BinaryNgDeviceOperation,64,2931.0
2037760,1,BinaryNgDeviceOperation,64,2929.0
727040,,SliceDeviceOperation,64,2928.0
163840,,UntilizeWithUnpaddingDeviceOperation,32,2926.0
1314816,,BinaryNgDeviceOperation,64,2926.0
1235968,,BinaryNgDeviceOperation,64,2924.0
1271808,,SliceDeviceOperation,64,2924.0
2073600,1,BinaryNgDeviceOperation,64,2922.0
970752,,BinaryNgDeviceOperation,64,2921.0
1614848,1,BinaryNgDeviceOperation,64,2921.0
2130944,1,BinaryNgDeviceOperation,64,2918.0
166912,,UntilizeWithUnpaddingDeviceOperation,32,2915.0
1248256,,SliceDeviceOperation,64,2914.0
1214464,,SliceDeviceOperation,64,2912.0
2102272,1,BinaryNgDeviceOperation,64,2911.0
789504,,SliceDeviceOperation,64,2908.0
1765376,1,SliceDeviceOperation,64,2905.0
1569792,1,SliceDeviceOperation,64,2904.0
368640,,UntilizeWithUnpaddingDeviceOperation,32,2903.0
215040,,UntilizeWithUnpaddingDeviceOperation,32,2901.0
532480,,UntilizeWithUnpaddingDeviceOperation,32,2894.0
1305600,,SliceDeviceOperation,64,2894.0
2267136,1,BinaryNgDeviceOperation,64,2892.0
1844224,1,BinaryNgDeviceOperation,64,2890.0
2057216,1,SliceDeviceOperation,64,2888.0
454656,,UntilizeWithUnpaddingDeviceOperation,32,2885.0
1042432,,SliceDeviceOperation,64,2885.0
325632,,UntilizeWithUnpaddingDeviceOperation,32,2884.0
732160,,SliceDeviceOperation,64,2884.0
137216,,UntilizeWithUnpaddingDeviceOperation,32,2882.0
196608,,UntilizeWithUnpaddingDeviceOperation,32,2882.0
266240,,UntilizeWithUnpaddingDeviceOperation,32,2882.0
311296,,UntilizeWithUnpaddingDeviceOperation,32,2882.0
1951744,1,BinaryNgDeviceOperation,64,2881.0
1133568,,SliceDeviceOperation,64,2879.0
425984,,UntilizeWithUnpaddingDeviceOperation,32,2878.0
457728,,UntilizeWithUnpaddingDeviceOperation,32,2878.0
1162240,,SliceDeviceOperation,64,2877.0
1488896,1,UnaryDeviceOperation,64,2876.0
2023424,1,SliceDeviceOperation,64,2876.0
2123776,1,BinaryNgDeviceOperation,64,2875.0
1665024,1,BinaryNgDeviceOperation,64,2874.0
1650688,1,SliceDeviceOperation,64,2873.0
1550336,1,BinaryNgDeviceOperation,64,2870.0
2238464,1,BinaryNgDeviceOperation,64,2869.0
604160,,UntilizeWithUnpaddingDeviceOperation,32,2868.0
116736,,UntilizeWithUnpaddingDeviceOperation,32,2866.0
1386496,,SliceDeviceOperation,64,2863.0
235520,,UntilizeWithUnpaddingDeviceOperation,32,2861.0
481280,,UntilizeWithUnpaddingDeviceOperation,32,2859.0
1672192,1,BinaryNgDeviceOperation,64,2859.0
1729536,1,BinaryNgDeviceOperation,64,2859.0
2181120,1,BinaryNgDeviceOperation,64,2859.0
1071104,,SliceDeviceOperation,64,2858.0
1586176,1,BinaryNgDeviceOperation,64,2853.0
518144,,UntilizeWithUnpaddingDeviceOperation,32,2852.0
1987584,1,BinaryNgDeviceOperation,64,2852.0
1923072,1,BinaryNgDeviceOperation,64,2850.0
1219584,,SliceDeviceOperation,64,2849.0
1557504,1,BinaryNgDeviceOperation,64,2849.0
2216960,1,BinaryNgDeviceOperation,64,2849.0
385024,,UntilizeWithUnpaddingDeviceOperation,32,2846.0
269312,,UntilizeWithUnpaddingDeviceOperation,32,2845.0
1837056,1,BinaryNgDeviceOperation,64,2843.0
1751040,1,BinaryNgDeviceOperation,64,2842.0
784384,,SliceDeviceOperation,64,2841.0
961536,,SliceDeviceOperation,64,2839.0
2302976,1,BinaryNgDeviceOperation,64,2838.0
317440,,UntilizeWithUnpaddingDeviceOperation,32,2835.0
1128448,,SliceDeviceOperation,64,2835.0
1980416,1,BinaryNgDeviceOperation,64,2835.0
2295808,1,BinaryNgDeviceOperation,64,2832.0
362496,,UntilizeWithUnpaddingDeviceOperation,32,2831.0
443392,,UntilizeWithUnpaddingDeviceOperation,32,2830.0
2188288,1,BinaryNgDeviceOperation,64,2830.0
577536,,UntilizeWithUnpaddingDeviceOperation,32,2827.0
1786880,1,BinaryNgDeviceOperation,64,2826.0
1779712,1,BinaryNgDeviceOperation,64,2825.0
446464,,UntilizeWithUnpaddingDeviceOperation,32,2824.0
1958912,1,BinaryNgDeviceOperation,64,2822.0
131072,,UntilizeWithUnpaddingDeviceOperation,32,2818.0
506880,,UntilizeWithUnpaddingDeviceOperation,32,2818.0
559104,,UntilizeWithUnpaddingDeviceOperation,32,2816.0
155648,,UntilizeWithUnpaddingDeviceOperation,32,2814.0
365568,,UntilizeWithUnpaddingDeviceOperation,32,2814.0
610304,,UntilizeWithUnpaddingDeviceOperation,32,2814.0
253952,,UntilizeWithUnpaddingDeviceOperation,32,2813.0
432128,,UntilizeWithUnpaddingDeviceOperation,32,2813.0
503808,,UntilizeWithUnpaddingDeviceOperation,32,2813.0
2009088,1,BinaryNgDeviceOperation,64,2813.0
152576,,UntilizeWithUnpaddingDeviceOperation,32,2812.0
429056,,UntilizeWithUnpaddingDeviceOperation,32,2812.0
1808384,1,BinaryNgDeviceOperation,64,2811.0
460800,,UntilizeWithUnpaddingDeviceOperation,32,2810.0
651264,,UnaryDeviceOperation,64,2809.0
2200576,1,SliceDeviceOperation,64,2809.0
1815552,1,BinaryNgDeviceOperation,64,2808.0
119808,,UntilizeWithUnpaddingDeviceOperation,32,2807.0
1598464,1,SliceDeviceOperation,64,2807.0
2159616,1,BinaryNgDeviceOperation,64,2806.0
247808,,UntilizeWithUnpaddingDeviceOperation,32,2805.0
2171904,1,SliceDeviceOperation,64,2804.0
2044928,1,BinaryNgDeviceOperation,64,2803.0
185344,,UntilizeWithUnpaddingDeviceOperation,32,2802.0
1536000,1,SliceDeviceOperation,64,2802.0
2245632,1,BinaryNgDeviceOperation,64,2802.0
229376,,UntilizeWithUnpaddingDeviceOperation,32,2800.0
649216,,UnaryDeviceOperation,64,2795.0
1700864,1,BinaryNgDeviceOperation,64,2795.0
1856512,1,SliceDeviceOperation,64,2795.0
1693696,1,BinaryNgDeviceOperation,64,2794.0
2257920,1,SliceDeviceOperation,64,2794.0
328704,,UntilizeWithUnpaddingDeviceOperation,32,2790.0
484352,,UntilizeWithUnpaddingDeviceOperation,32,2790.0
1822720,1,SliceDeviceOperation,64,2789.0
2143232,1,SliceDeviceOperation,64,2788.0
134144,,UntilizeWithUnpaddingDeviceOperation,32,2786.0
232448,,UntilizeWithUnpaddingDeviceOperation,32,2785.0
1913856,1,SliceDeviceOperation,64,2781.0
1758208,1,BinaryNgDeviceOperation,64,2776.0
565248,,UntilizeWithUnpaddingDeviceOperation,32,2773.0
250880,,UntilizeWithUnpaddingDeviceOperation,32,2771.0
1528832,1,BinaryNgDeviceOperation,64,2771.0
1872896,1,BinaryNgDeviceOperation,64,2771.0
635904,,BinaryNgDeviceOperation,64,2767.0
351232,,UntilizeWithUnpaddingDeviceOperation,32,2766.0
487424,,UntilizeWithUnpaddingDeviceOperation,32,2765.0
1684480,1,SliceDeviceOperation,64,2765.0
202752,,UntilizeWithUnpaddingDeviceOperation,32,2764.0
402432,,UntilizeWithUnpaddingDeviceOperation,32,2763.0
1901568,1,BinaryNgDeviceOperation,64,2761.0
621568,,UntilizeWithUnpaddingDeviceOperation,32,2760.0
388096,,UntilizeWithUnpaddingDeviceOperation,32,2759.0
348160,,UntilizeWithUnpaddingDeviceOperation,32,2758.0
314368,,UntilizeWithUnpaddingDeviceOperation,32,2756.0
331776,,UntilizeWithUnpaddingDeviceOperation,32,2756.0
272384,,UntilizeWithUnpaddingDeviceOperation,32,2750.0
354304,,UntilizeWithUnpaddingDeviceOperation,32,2750.0
1894400,1,BinaryNgDeviceOperation,64,2748.0
2066432,1,BinaryNgDeviceOperation,64,2748.0
122880,,UntilizeWithUnpaddingDeviceOperation,32,2747.0
294912,,UntilizeWithUnpaddingDeviceOperation,32,2745.0
2095104,1,BinaryNgDeviceOperation,64,2745.0
221184,,UntilizeWithUnpaddingDeviceOperation,32,2742.0
524288,,UntilizeWithUnpaddingDeviceOperation,32,2742.0
1741824,1,SliceDeviceOperation,64,2741.0
1930240,1,BinaryNgDeviceOperation,64,2740.0
583680,,UntilizeWithUnpaddingDeviceOperation,32,2739.0
580608,,UntilizeWithUnpaddingDeviceOperation,32,2738.0
1643520,1,BinaryNgDeviceOperation,64,2736.0
291840,,UntilizeWithUnpaddingDeviceOperation,32,2730.0
521216,,UntilizeWithUnpaddingDeviceOperation,32,2730.0
562176,,UntilizeWithUnpaddingDeviceOperation,32,2729.0
624640,,UntilizeWithUnpaddingDeviceOperation,32,2728.0
1579008,1,BinaryNgDeviceOperation,64,2728.0
218112,,UntilizeWithUnpaddingDeviceOperation,32,2724.0
188416,,UntilizeWithUnpaddingDeviceOperation,32,2717.0
199680,,UntilizeWithUnpaddingDeviceOperation,32,2712.0
509952,,UntilizeWithUnpaddingDeviceOperation,32,2712.0
538624,,UntilizeWithUnpaddingDeviceOperation,32,2708.0
535552,,UntilizeWithUnpaddingDeviceOperation,32,2706.0
607232,,UntilizeWithUnpaddingDeviceOperation,32,2706.0
1708032,1,SliceDeviceOperation,64,2698.0
169984,,UntilizeWithUnpaddingDeviceOperation,32,2692.0
391168,,UntilizeWithUnpaddingDeviceOperation,32,2649.0
1521664,1,BinaryNgDeviceOperation,64,2630.0
1971200,1,SliceDeviceOperation,64,2593.0
1500160,1,RepeatDeviceOperation,64,2535.0
662528,,RepeatDeviceOperation,64,2440.0
652288,,TypecastDeviceOperation,4,2295.0
650240,,TypecastDeviceOperation,4,2242.0
909312,,InterleavedToShardedDeviceOperation,32,2199.0
1072128,,InterleavedToShardedDeviceOperation,32,2168.0
928768,,InterleavedToShardedDeviceOperation,32,2163.0
2263040,1,InterleavedToShardedDeviceOperation,32,2148.0
1574912,1,InterleavedToShardedDeviceOperation,32,2142.0
1014784,,InterleavedToShardedDeviceOperation,32,2138.0
986112,,InterleavedToShardedDeviceOperation,32,2137.0
1487872,1,TypecastDeviceOperation,4,2136.0
1489920,1,TypecastDeviceOperation,4,2127.0
1339392,,InterleavedToShardedDeviceOperation,32,2126.0
814080,,InterleavedToShardedDeviceOperation,32,2125.0
1358848,,InterleavedToShardedDeviceOperation,32,2113.0
1282048,,InterleavedToShardedDeviceOperation,32,2112.0
708608,,InterleavedToShardedDeviceOperation,32,2092.0
1327104,,ShardedToInterleavedDeviceOperation,32,2092.0
1660928,1,InterleavedToShardedDeviceOperation,32,2091.0
966656,,InterleavedToShardedDeviceOperation,32,2081.0
1368064,,InterleavedToShardedDeviceOperation,32,2080.0
435200,,UntilizeWithUnpaddingDeviceOperation,48,2075.0
1444864,,InterleavedToShardedDeviceOperation,32,2074.0
1081344,,InterleavedToShardedDeviceOperation,32,2070.0
297984,,UntilizeWithUnpaddingDeviceOperation,48,2063.0
1102848,,ShardedToInterleavedDeviceOperation,32,2057.0
1490944,1,ShardedToInterleavedDeviceOperation,32,2056.0
1052672,,InterleavedToShardedDeviceOperation,32,2052.0
730112,,ShardedToInterleavedDeviceOperation,32,2049.0
995328,,InterleavedToShardedDeviceOperation,32,2046.0
2148352,1,InterleavedToShardedDeviceOperation,32,2046.0
394240,,UntilizeWithUnpaddingDeviceOperation,48,2041.0
851968,,InterleavedToShardedDeviceOperation,32,2038.0
490496,,UntilizeWithUnpaddingDeviceOperation,48,2037.0
1129472,,InterleavedToShardedDeviceOperation,32,2037.0
1360896,,ShardedToInterleavedDeviceOperation,32,2036.0
1396736,,InterleavedToShardedDeviceOperation,32,2035.0
1244160,,InterleavedToShardedDeviceOperation,32,2034.0
823296,,InterleavedToShardedDeviceOperation,32,2033.0
586752,,UntilizeWithUnpaddingDeviceOperation,48,2031.0
320512,,UntilizeWithUnpaddingDeviceOperation,48,2027.0
449536,,UntilizeWithUnpaddingDeviceOperation,48,2020.0
937984,,InterleavedToShardedDeviceOperation,32,2015.0
900096,,InterleavedToShardedDeviceOperation,32,2014.0
794624,,InterleavedToShardedDeviceOperation,32,2011.0
1110016,,InterleavedToShardedDeviceOperation,32,2010.0
930816,,ShardedToInterleavedDeviceOperation,32,2008.0
737280,,InterleavedToShardedDeviceOperation,32,2007.0
957440,,InterleavedToShardedDeviceOperation,32,2006.0
880640,,InterleavedToShardedDeviceOperation,32,2005.0
1100800,,InterleavedToShardedDeviceOperation,32,2003.0
1303552,,ShardedToInterleavedDeviceOperation,32,2003.0
1387520,,InterleavedToShardedDeviceOperation,32,2003.0
1253376,,InterleavedToShardedDeviceOperation,32,1995.0
1167360,,InterleavedToShardedDeviceOperation,32,1994.0
1196032,,InterleavedToShardedDeviceOperation,32,1994.0
1298432,,ShardedToInterleavedDeviceOperation,32,1993.0
844800,,ShardedToInterleavedDeviceOperation,32,1987.0
613376,,UntilizeWithUnpaddingDeviceOperation,48,1986.0
871424,,InterleavedToShardedDeviceOperation,32,1984.0
728064,,InterleavedToShardedDeviceOperation,32,1982.0
765952,,InterleavedToShardedDeviceOperation,32,1982.0
679936,,InterleavedToShardedDeviceOperation,32,1981.0
785408,,InterleavedToShardedDeviceOperation,32,1981.0
205824,,UntilizeWithUnpaddingDeviceOperation,48,1980.0
897024,,ShardedToInterleavedDeviceOperation,32,1975.0
1301504,,InterleavedToShardedDeviceOperation,32,1974.0
1416192,,InterleavedToShardedDeviceOperation,32,1972.0
1224704,,InterleavedToShardedDeviceOperation,32,1969.0
1330176,,InterleavedToShardedDeviceOperation,32,1969.0
463872,,UntilizeWithUnpaddingDeviceOperation,48,1967.0
1011712,,ShardedToInterleavedDeviceOperation,32,1967.0
1158144,,InterleavedToShardedDeviceOperation,32,1965.0
568320,,UntilizeWithUnpaddingDeviceOperation,48,1964.0
224256,,UntilizeWithUnpaddingDeviceOperation,48,1962.0
1186816,,InterleavedToShardedDeviceOperation,32,1961.0
1217536,,ShardedToInterleavedDeviceOperation,32,1961.0
1274880,,ShardedToInterleavedDeviceOperation,32,1961.0
1310720,,InterleavedToShardedDeviceOperation,32,1961.0
1131520,,ShardedToInterleavedDeviceOperation,32,1959.0
696320,,ShardedToInterleavedDeviceOperation,32,1956.0
513024,,UntilizeWithUnpaddingDeviceOperation,48,1955.0
334848,,UntilizeWithUnpaddingDeviceOperation,48,1944.0
1215488,,InterleavedToShardedDeviceOperation,32,1943.0
257024,,UntilizeWithUnpaddingDeviceOperation,48,1937.0
2177024,1,InterleavedToShardedDeviceOperation,32,1937.0
1425408,,InterleavedToShardedDeviceOperation,32,1936.0
656384,,InterleavedToShardedDeviceOperation,32,1935.0
125952,,UntilizeWithUnpaddingDeviceOperation,48,1931.0
787456,,ShardedToInterleavedDeviceOperation,32,1931.0
1413120,,ShardedToInterleavedDeviceOperation,32,1923.0
275456,,UntilizeWithUnpaddingDeviceOperation,48,1920.0
1069056,,ShardedToInterleavedDeviceOperation,32,1920.0
371712,,UntilizeWithUnpaddingDeviceOperation,48,1919.0
1043456,,InterleavedToShardedDeviceOperation,32,1916.0
1861632,1,InterleavedToShardedDeviceOperation,32,1916.0
699392,,InterleavedToShardedDeviceOperation,32,1915.0
1138688,,InterleavedToShardedDeviceOperation,32,1915.0
408576,,UntilizeWithUnpaddingDeviceOperation,48,1908.0
2291712,1,InterleavedToShardedDeviceOperation,32,1908.0
988160,,ShardedToInterleavedDeviceOperation,32,1906.0
2091008,1,InterleavedToShardedDeviceOperation,32,1904.0
842752,,InterleavedToShardedDeviceOperation,32,1903.0
1126400,,ShardedToInterleavedDeviceOperation,32,1901.0
191488,,UntilizeWithUnpaddingDeviceOperation,48,1898.0
357376,,UntilizeWithUnpaddingDeviceOperation,48,1897.0
758784,,ShardedToInterleavedDeviceOperation,32,1897.0
1272832,,InterleavedToShardedDeviceOperation,32,1895.0
527360,,UntilizeWithUnpaddingDeviceOperation,48,1894.0
173056,,UntilizeWithUnpaddingDeviceOperation,48,1891.0
1418240,,ShardedToInterleavedDeviceOperation,32,1887.0
1976320,1,InterleavedToShardedDeviceOperation,32,1885.0
653312,,ShardedToInterleavedDeviceOperation,32,1881.0
1097728,,ShardedToInterleavedDeviceOperation,32,1881.0
1269760,,ShardedToInterleavedDeviceOperation,32,1881.0
1355776,,ShardedToInterleavedDeviceOperation,32,1881.0
1441792,,ShardedToInterleavedDeviceOperation,32,1881.0
2062336,1,InterleavedToShardedDeviceOperation,32,1875.0
627712,,UntilizeWithUnpaddingDeviceOperation,48,1874.0
1040384,,ShardedToInterleavedDeviceOperation,32,1874.0
1384448,,ShardedToInterleavedDeviceOperation,32,1874.0
2222080,1,ShardedToInterleavedDeviceOperation,32,1872.0
158720,,UntilizeWithUnpaddingDeviceOperation,48,1871.0
2112512,1,ShardedToInterleavedDeviceOperation,32,1871.0
541696,,UntilizeWithUnpaddingDeviceOperation,48,1869.0
665600,,ShardedToInterleavedDeviceOperation,32,1869.0
1024000,,InterleavedToShardedDeviceOperation,32,1869.0
782336,,ShardedToInterleavedDeviceOperation,32,1868.0
1718272,1,InterleavedToShardedDeviceOperation,32,1868.0
1746944,1,InterleavedToShardedDeviceOperation,32,1868.0
753664,,ShardedToInterleavedDeviceOperation,32,1866.0
1389568,,ShardedToInterleavedDeviceOperation,32,1866.0
238592,,UntilizeWithUnpaddingDeviceOperation,48,1864.0
2234368,1,InterleavedToShardedDeviceOperation,32,1863.0
1212416,,ShardedToInterleavedDeviceOperation,32,1862.0
140288,,UntilizeWithUnpaddingDeviceOperation,48,1857.0
724992,,ShardedToInterleavedDeviceOperation,32,1854.0
816128,,ShardedToInterleavedDeviceOperation,32,1852.0
1567744,1,ShardedToInterleavedDeviceOperation,32,1851.0
1454080,,InterleavedToShardedDeviceOperation,32,1850.0
811008,,ShardedToInterleavedDeviceOperation,32,1849.0
1591296,1,ShardedToInterleavedDeviceOperation,32,1849.0
2308096,,UntilizeWithUnpaddingDeviceOperation,1,1848.0
983040,,ShardedToInterleavedDeviceOperation,32,1844.0
1074176,,ShardedToInterleavedDeviceOperation,32,1843.0
756736,,InterleavedToShardedDeviceOperation,32,1840.0
2033664,1,InterleavedToShardedDeviceOperation,32,1840.0
1825792,1,ShardedToInterleavedDeviceOperation,32,1839.0
2312192,,UntilizeWithUnpaddingDeviceOperation,1,1836.0
1332224,,ShardedToInterleavedDeviceOperation,32,1834.0
1763328,1,ShardedToInterleavedDeviceOperation,32,1834.0
873472,,ShardedToInterleavedDeviceOperation,32,1826.0
1183744,,ShardedToInterleavedDeviceOperation,32,1825.0
1890304,1,InterleavedToShardedDeviceOperation,32,1817.0
1632256,1,InterleavedToShardedDeviceOperation,32,1812.0
1246208,,ShardedToInterleavedDeviceOperation,32,1810.0
868352,,ShardedToInterleavedDeviceOperation,32,1809.0
1947648,1,InterleavedToShardedDeviceOperation,32,1803.0
1911808,1,ShardedToInterleavedDeviceOperation,32,1802.0
2314240,,UntilizeWithUnpaddingDeviceOperation,1,1801.0
2004992,1,InterleavedToShardedDeviceOperation,32,1797.0
1854464,1,ShardedToInterleavedDeviceOperation,32,1789.0
1045504,,ShardedToInterleavedDeviceOperation,32,1785.0
1160192,,ShardedToInterleavedDeviceOperation,32,1785.0
1804288,1,InterleavedToShardedDeviceOperation,32,1785.0
839680,,ShardedToInterleavedDeviceOperation,32,1778.0
1603584,1,InterleavedToShardedDeviceOperation,32,1778.0
925696,,ShardedToInterleavedDeviceOperation,32,1776.0
1935360,1,ShardedToInterleavedDeviceOperation,32,1769.0
1155072,,ShardedToInterleavedDeviceOperation,32,1759.0
1677312,1,ShardedToInterleavedDeviceOperation,32,1759.0
1832960,1,InterleavedToShardedDeviceOperation,32,1756.0
2119680,1,InterleavedToShardedDeviceOperation,32,1752.0
1517568,1,InterleavedToShardedDeviceOperation,32,1750.0
1503232,1,ShardedToInterleavedDeviceOperation,32,1745.0
701440,,ShardedToInterleavedDeviceOperation,32,1742.0
1689600,1,InterleavedToShardedDeviceOperation,32,1741.0
1918976,1,InterleavedToShardedDeviceOperation,32,1741.0
1241088,,ShardedToInterleavedDeviceOperation,32,1731.0
2205696,1,InterleavedToShardedDeviceOperation,32,1730.0
2332672,,UntilizeWithUnpaddingDeviceOperation,1,1725.0
954368,,ShardedToInterleavedDeviceOperation,32,1721.0
2141184,1,ShardedToInterleavedDeviceOperation,32,1716.0
959488,,ShardedToInterleavedDeviceOperation,32,1714.0
1446912,,ShardedToInterleavedDeviceOperation,32,1714.0
1016832,,ShardedToInterleavedDeviceOperation,32,1713.0
2193408,1,ShardedToInterleavedDeviceOperation,32,1713.0
1188864,,ShardedToInterleavedDeviceOperation,32,1711.0
2255872,1,ShardedToInterleavedDeviceOperation,32,1711.0
2334720,,UntilizeWithUnpaddingDeviceOperation,1,1710.0
2316288,,UntilizeWithUnpaddingDeviceOperation,1,1709.0
2320384,,UntilizeWithUnpaddingDeviceOperation,1,1709.0
1940480,1,ShardedToInterleavedDeviceOperation,32,1707.0
2284544,1,ShardedToInterleavedDeviceOperation,32,1707.0
2136064,1,ShardedToInterleavedDeviceOperation,32,1704.0
2322432,,UntilizeWithUnpaddingDeviceOperation,1,1695.0
2164736,1,ShardedToInterleavedDeviceOperation,32,1691.0
2317312,,UntilizeWithUnpaddingDeviceOperation,1,1689.0
2309120,,UntilizeWithUnpaddingDeviceOperation,1,1685.0
2326528,,UntilizeWithUnpaddingDeviceOperation,1,1685.0
2331648,,UntilizeWithUnpaddingDeviceOperation,1,1684.0
902144,,ShardedToInterleavedDeviceOperation,32,1683.0
1906688,1,ShardedToInterleavedDeviceOperation,32,1683.0
2315264,,UntilizeWithUnpaddingDeviceOperation,1,1680.0
2336768,,UntilizeWithUnpaddingDeviceOperation,1,1680.0
2324480,,UntilizeWithUnpaddingDeviceOperation,1,1678.0
2107392,1,ShardedToInterleavedDeviceOperation,32,1677.0
2310144,,UntilizeWithUnpaddingDeviceOperation,1,1677.0
2329600,,UntilizeWithUnpaddingDeviceOperation,1,1677.0
2311168,,UntilizeWithUnpaddingDeviceOperation,1,1676.0
2318336,,UntilizeWithUnpaddingDeviceOperation,1,1675.0
2335744,,UntilizeWithUnpaddingDeviceOperation,1,1674.0
2330624,,UntilizeWithUnpaddingDeviceOperation,1,1673.0
1705984,1,ShardedToInterleavedDeviceOperation,32,1669.0
648192,,ConcatDeviceOperation,4,1668.0
1485824,1,ConcatDeviceOperation,4,1668.0
2321408,,UntilizeWithUnpaddingDeviceOperation,1,1665.0
1619968,1,ShardedToInterleavedDeviceOperation,32,1664.0
2319360,,UntilizeWithUnpaddingDeviceOperation,1,1664.0
2050048,1,ShardedToInterleavedDeviceOperation,32,1659.0
1878016,1,ShardedToInterleavedDeviceOperation,32,1658.0
2055168,1,ShardedToInterleavedDeviceOperation,32,1658.0
2325504,,UntilizeWithUnpaddingDeviceOperation,1,1657.0
2333696,,UntilizeWithUnpaddingDeviceOperation,1,1655.0
1480704,1,RepeatDeviceOperation,64,1651.0
2327552,,UntilizeWithUnpaddingDeviceOperation,1,1648.0
2198528,1,ShardedToInterleavedDeviceOperation,32,1647.0
2328576,,UntilizeWithUnpaddingDeviceOperation,1,1647.0
1682432,1,ShardedToInterleavedDeviceOperation,32,1645.0
2313216,,UntilizeWithUnpaddingDeviceOperation,1,1644.0
1964032,1,ShardedToInterleavedDeviceOperation,32,1643.0
1739776,1,ShardedToInterleavedDeviceOperation,32,1642.0
2323456,,UntilizeWithUnpaddingDeviceOperation,1,1638.0
1775616,1,InterleavedToShardedDeviceOperation,32,1636.0
1711104,1,ShardedToInterleavedDeviceOperation,32,1631.0
1734656,1,ShardedToInterleavedDeviceOperation,32,1630.0
2021376,1,ShardedToInterleavedDeviceOperation,32,1627.0
1625088,1,ShardedToInterleavedDeviceOperation,32,1623.0
2078720,1,ShardedToInterleavedDeviceOperation,32,1620.0
1653760,1,ShardedToInterleavedDeviceOperation,32,1619.0
1482752,1,TypecastDeviceOperation,1,1617.0
2083840,1,ShardedToInterleavedDeviceOperation,32,1615.0
1539072,1,ShardedToInterleavedDeviceOperation,32,1613.0
1533952,1,ShardedToInterleavedDeviceOperation,32,1599.0
2279424,1,ShardedToInterleavedDeviceOperation,32,1598.0
1849344,1,ShardedToInterleavedDeviceOperation,32,1595.0
337920,,ConcatDeviceOperation,1,1594.0
374784,,ConcatDeviceOperation,1,1594.0
2250752,1,ShardedToInterleavedDeviceOperation,32,1591.0
1992704,1,ShardedToInterleavedDeviceOperation,32,1590.0
2026496,1,ShardedToInterleavedDeviceOperation,32,1590.0
208896,,ConcatDeviceOperation,1,1589.0
1909760,1,InterleavedToShardedDeviceOperation,32,1586.0
544768,,ConcatDeviceOperation,1,1585.0
1537024,1,InterleavedToShardedDeviceOperation,32,1585.0
1648640,1,ShardedToInterleavedDeviceOperation,32,1584.0
1562624,1,ShardedToInterleavedDeviceOperation,32,1581.0
1797120,1,ShardedToInterleavedDeviceOperation,32,1581.0
1883136,1,ShardedToInterleavedDeviceOperation,32,1575.0
1997824,1,ShardedToInterleavedDeviceOperation,32,1573.0
301056,,ConcatDeviceOperation,1,1571.0
630784,,ConcatDeviceOperation,1,1571.0
643072,,RepeatDeviceOperation,64,1569.0
1792000,1,ShardedToInterleavedDeviceOperation,32,1547.0
2169856,1,ShardedToInterleavedDeviceOperation,32,1545.0
1596416,1,ShardedToInterleavedDeviceOperation,32,1524.0
2227200,1,ShardedToInterleavedDeviceOperation,32,1524.0
1820672,1,ShardedToInterleavedDeviceOperation,32,1523.0
1546240,1,InterleavedToShardedDeviceOperation,32,1519.0
1474560,1,TypecastDeviceOperation,32,1514.0
2024448,1,InterleavedToShardedDeviceOperation,32,1509.0
645120,,TypecastDeviceOperation,1,1507.0
1680384,1,InterleavedToShardedDeviceOperation,32,1499.0
2110464,1,InterleavedToShardedDeviceOperation,32,1499.0
123904,,SliceDeviceOperation,1,1496.0
2081792,1,InterleavedToShardedDeviceOperation,32,1486.0
571392,,ConcatDeviceOperation,1,1483.0
318464,,SliceDeviceOperation,1,1482.0
392192,,SliceDeviceOperation,1,1482.0
1881088,1,InterleavedToShardedDeviceOperation,32,1477.0
406528,,SliceDeviceOperation,1,1468.0
530432,,ConcatDeviceOperation,1,1466.0
1737728,1,InterleavedToShardedDeviceOperation,32,1465.0
1969152,1,ShardedToInterleavedDeviceOperation,32,1460.0
176128,,ConcatDeviceOperation,1,1457.0
1565696,1,InterleavedToShardedDeviceOperation,32,1443.0
1938432,1,InterleavedToShardedDeviceOperation,32,1433.0
323584,,ConcatDeviceOperation,1,1429.0
360448,,ConcatDeviceOperation,1,1428.0
143360,,ConcatDeviceOperation,1,1427.0
194560,,ConcatDeviceOperation,1,1424.0
227328,,ConcatDeviceOperation,1,1423.0
260096,,ConcatDeviceOperation,1,1422.0
278528,,ConcatDeviceOperation,1,1422.0
411648,,ConcatDeviceOperation,1,1420.0
2282496,1,InterleavedToShardedDeviceOperation,32,1420.0
236544,,SliceDeviceOperation,1,1417.0
241664,,ConcatDeviceOperation,1,1417.0
129024,,ConcatDeviceOperation,1,1416.0
452608,,ConcatDeviceOperation,1,1416.0
397312,,ConcatDeviceOperation,1,1414.0
516096,,ConcatDeviceOperation,1,1414.0
161792,,ConcatDeviceOperation,1,1412.0
438272,,ConcatDeviceOperation,1,1411.0
589824,,ConcatDeviceOperation,1,1411.0
616448,,ConcatDeviceOperation,1,1411.0
138240,,SliceDeviceOperation,1,1410.0
466944,,ConcatDeviceOperation,1,1410.0
493568,,ConcatDeviceOperation,1,1410.0
1852416,1,InterleavedToShardedDeviceOperation,32,1400.0
1594368,1,InterleavedToShardedDeviceOperation,32,1399.0
636928,,TypecastDeviceOperation,32,1396.0
2053120,1,InterleavedToShardedDeviceOperation,32,1390.0
1967104,1,InterleavedToShardedDeviceOperation,32,1388.0
2139136,1,InterleavedToShardedDeviceOperation,32,1380.0
2225152,1,InterleavedToShardedDeviceOperation,32,1375.0
1709056,1,InterleavedToShardedDeviceOperation,32,1367.0
1795072,1,InterleavedToShardedDeviceOperation,32,1358.0
1651712,1,InterleavedToShardedDeviceOperation,32,1356.0
189440,,SliceDeviceOperation,1,1333.0
1768448,1,ShardedToInterleavedDeviceOperation,32,1330.0
433152,,SliceDeviceOperation,1,1327.0
355328,,SliceDeviceOperation,1,1325.0
447488,,SliceDeviceOperation,1,1325.0
171008,,SliceDeviceOperation,1,1324.0
273408,,SliceDeviceOperation,1,1324.0
488448,,SliceDeviceOperation,1,1324.0
525312,,SliceDeviceOperation,1,1324.0
611328,,SliceDeviceOperation,1,1323.0
332800,,SliceDeviceOperation,1,1321.0
510976,,SliceDeviceOperation,1,1321.0
369664,,SliceDeviceOperation,1,1320.0
625664,,SliceDeviceOperation,1,1320.0
254976,,SliceDeviceOperation,1,1316.0
156672,,SliceDeviceOperation,1,1314.0
295936,,SliceDeviceOperation,1,1314.0
461824,,SliceDeviceOperation,1,1311.0
203776,,SliceDeviceOperation,1,1310.0
539648,,SliceDeviceOperation,1,1310.0
584704,,SliceDeviceOperation,1,1308.0
222208,,SliceDeviceOperation,1,1305.0
566272,,SliceDeviceOperation,1,1304.0
1494016,1,InterleavedToShardedDeviceOperation,32,1300.0
132096,,SliceDeviceOperation,1,1278.0
482304,,SliceDeviceOperation,1,1273.0
1623040,1,InterleavedToShardedDeviceOperation,32,1267.0
1766400,1,InterleavedToShardedDeviceOperation,32,1250.0
2167808,1,InterleavedToShardedDeviceOperation,32,1248.0
1995776,1,InterleavedToShardedDeviceOperation,32,1247.0
2196480,1,InterleavedToShardedDeviceOperation,32,1234.0
1823744,1,InterleavedToShardedDeviceOperation,32,1223.0
292864,,SliceDeviceOperation,1,1218.0
230400,,SliceDeviceOperation,1,1207.0
2253824,1,InterleavedToShardedDeviceOperation,32,1168.0
485376,,SliceDeviceOperation,1,1166.0
825344,,ShardedToInterleavedDeviceOperation,12,1165.0
1341440,,ShardedToInterleavedDeviceOperation,12,1154.0
458752,,SliceDeviceOperation,1,1125.0
1169408,,ShardedToInterleavedDeviceOperation,12,1121.0
854016,,ShardedToInterleavedDeviceOperation,12,1120.0
219136,,SliceDeviceOperation,1,1118.0
315392,,SliceDeviceOperation,1,1118.0
444416,,SliceDeviceOperation,1,1118.0
522240,,SliceDeviceOperation,1,1118.0
349184,,SliceDeviceOperation,1,1116.0
248832,,SliceDeviceOperation,1,1113.0
312320,,SliceDeviceOperation,1,1113.0
622592,,SliceDeviceOperation,1,1113.0
153600,,SliceDeviceOperation,1,1112.0
352256,,SliceDeviceOperation,1,1112.0
560128,,SliceDeviceOperation,1,1112.0
135168,,SliceDeviceOperation,1,1111.0
186368,,SliceDeviceOperation,1,1111.0
197632,,SliceDeviceOperation,1,1111.0
216064,,SliceDeviceOperation,1,1111.0
251904,,SliceDeviceOperation,1,1111.0
329728,,SliceDeviceOperation,1,1111.0
403456,,SliceDeviceOperation,1,1111.0
536576,,SliceDeviceOperation,1,1111.0
578560,,SliceDeviceOperation,1,1111.0
605184,,SliceDeviceOperation,1,1111.0
608256,,SliceDeviceOperation,1,1111.0
183296,,SliceDeviceOperation,1,1110.0
200704,,SliceDeviceOperation,1,1110.0
270336,,SliceDeviceOperation,1,1110.0
366592,,SliceDeviceOperation,1,1110.0
441344,,SliceDeviceOperation,1,1110.0
507904,,SliceDeviceOperation,1,1110.0
519168,,SliceDeviceOperation,1,1110.0
1026048,,ShardedToInterleavedDeviceOperation,12,1110.0
455680,,SliceDeviceOperation,1,1109.0
581632,,SliceDeviceOperation,1,1109.0
619520,,SliceDeviceOperation,1,1109.0
326656,,SliceDeviceOperation,1,1108.0
911360,,ShardedToInterleavedDeviceOperation,12,1108.0
233472,,SliceDeviceOperation,1,1107.0
289792,,SliceDeviceOperation,1,1107.0
386048,,SliceDeviceOperation,1,1106.0
400384,,SliceDeviceOperation,1,1106.0
427008,,SliceDeviceOperation,1,1106.0
710656,,ShardedToInterleavedDeviceOperation,12,1106.0
363520,,SliceDeviceOperation,1,1105.0
430080,,SliceDeviceOperation,1,1103.0
1312768,,ShardedToInterleavedDeviceOperation,12,1103.0
167936,,SliceDeviceOperation,1,1102.0
504832,,SliceDeviceOperation,1,1102.0
563200,,SliceDeviceOperation,1,1102.0
150528,,SliceDeviceOperation,1,1101.0
533504,,SliceDeviceOperation,1,1101.0
389120,,SliceDeviceOperation,1,1100.0
739328,,ShardedToInterleavedDeviceOperation,12,1100.0
117760,,SliceDeviceOperation,1,1099.0
940032,,ShardedToInterleavedDeviceOperation,12,1098.0
164864,,SliceDeviceOperation,1,1097.0
267264,,SliceDeviceOperation,1,1097.0
120832,,SliceDeviceOperation,1,1094.0
1226752,,ShardedToInterleavedDeviceOperation,12,1089.0
1255424,,ShardedToInterleavedDeviceOperation,12,1089.0
1398784,,ShardedToInterleavedDeviceOperation,12,1089.0
968704,,ShardedToInterleavedDeviceOperation,12,1087.0
1198080,,ShardedToInterleavedDeviceOperation,12,1081.0
1284096,,ShardedToInterleavedDeviceOperation,12,1081.0
681984,,ShardedToInterleavedDeviceOperation,12,1079.0
796672,,ShardedToInterleavedDeviceOperation,12,1073.0
882688,,ShardedToInterleavedDeviceOperation,12,1068.0
1054720,,ShardedToInterleavedDeviceOperation,12,1065.0
1112064,,ShardedToInterleavedDeviceOperation,12,1052.0
1140736,,ShardedToInterleavedDeviceOperation,12,1049.0
1370112,,ShardedToInterleavedDeviceOperation,12,1049.0
1456128,,ShardedToInterleavedDeviceOperation,12,1041.0
1427456,,ShardedToInterleavedDeviceOperation,12,1033.0
768000,,ShardedToInterleavedDeviceOperation,12,1025.0
1748992,1,ShardedToInterleavedDeviceOperation,12,1009.0
1083392,,ShardedToInterleavedDeviceOperation,12,1007.0
2293760,1,ShardedToInterleavedDeviceOperation,12,999.0
997376,,ShardedToInterleavedDeviceOperation,12,995.0
1576960,1,ShardedToInterleavedDeviceOperation,12,993.0
2035712,1,ShardedToInterleavedDeviceOperation,12,987.0
1978368,1,ShardedToInterleavedDeviceOperation,12,969.0
1605632,1,ShardedToInterleavedDeviceOperation,12,953.0
1691648,1,ShardedToInterleavedDeviceOperation,12,950.0
1835008,1,ShardedToInterleavedDeviceOperation,12,938.0
2150400,1,ShardedToInterleavedDeviceOperation,12,925.0
2236416,1,ShardedToInterleavedDeviceOperation,12,921.0
1806336,1,ShardedToInterleavedDeviceOperation,12,915.0
1634304,1,ShardedToInterleavedDeviceOperation,12,911.0
1921024,1,ShardedToInterleavedDeviceOperation,12,911.0
1548288,1,ShardedToInterleavedDeviceOperation,12,901.0
1662976,1,ShardedToInterleavedDeviceOperation,12,897.0
1720320,1,ShardedToInterleavedDeviceOperation,12,893.0
1949696,1,ShardedToInterleavedDeviceOperation,12,889.0
2121728,1,ShardedToInterleavedDeviceOperation,12,889.0
2093056,1,ShardedToInterleavedDeviceOperation,12,862.0
2064384,1,ShardedToInterleavedDeviceOperation,12,858.0
1892352,1,ShardedToInterleavedDeviceOperation,12,857.0
2007040,1,ShardedToInterleavedDeviceOperation,12,841.0
2179072,1,ShardedToInterleavedDeviceOperation,12,834.0
1519616,1,ShardedToInterleavedDeviceOperation,12,833.0
2207744,1,ShardedToInterleavedDeviceOperation,12,833.0
1777664,1,ShardedToInterleavedDeviceOperation,12,809.0
1863680,1,ShardedToInterleavedDeviceOperation,12,809.0
2265088,1,ShardedToInterleavedDeviceOperation,12,793.0
