op_id,replay,op_name,cores,duration_ns
1426432,,ArgMaxDeviceOperation,64,2726607.0
2679808,1,ArgMaxDeviceOperation,48,2724538.0
2676736,1,MatmulDeviceOperation,48,1777520.0
1423360,,MatmulDeviceOperation,64,1775773.0
2678784,1,UntilizeDeviceOperation,47,130745.0
1425408,,UntilizeDeviceOperation,63,129673.0
1732608,1,SdpaDecodeDeviceOperation,64,116320.0
899072,,SdpaDecodeDeviceOperation,64,115668.0
1774592,1,SdpaDecodeDeviceOperation,64,115273.0
1900544,1,SdpaDecodeDeviceOperation,64,114891.0
1984512,1,SdpaDecodeDeviceOperation,64,114884.0
1858560,1,SdpaDecodeDeviceOperation,64,114417.0
2362368,1,SdpaDecodeDeviceOperation,64,114414.0
1648640,1,SdpaDecodeDeviceOperation,64,114256.0
731136,,SdpaDecodeDeviceOperation,64,114055.0
2530304,1,SdpaDecodeDeviceOperation,60,114027.0
2026496,1,SdpaDecodeDeviceOperation,64,113914.0
2572288,1,SdpaDecodeDeviceOperation,60,113847.0
2194432,1,SdpaDecodeDeviceOperation,64,113716.0
266240,,SdpaDecodeDeviceOperation,64,113627.0
1690624,1,SdpaDecodeDeviceOperation,64,113581.0
395264,,SdpaDecodeDeviceOperation,64,113458.0
983040,,SdpaDecodeDeviceOperation,64,113301.0
1942528,1,SdpaDecodeDeviceOperation,64,113298.0
2488320,1,SdpaDecodeDeviceOperation,63,113240.0
2320384,1,SdpaDecodeDeviceOperation,64,113236.0
1234944,,SdpaDecodeDeviceOperation,64,113193.0
1606656,1,SdpaDecodeDeviceOperation,64,113192.0
437248,,SdpaDecodeDeviceOperation,64,113113.0
1108992,,SdpaDecodeDeviceOperation,64,113112.0
2236416,1,SdpaDecodeDeviceOperation,64,113042.0
941056,,SdpaDecodeDeviceOperation,64,112843.0
1318912,,SdpaDecodeDeviceOperation,64,112789.0
2614272,1,SdpaDecodeDeviceOperation,56,112782.0
2744320,,UntilizeDeviceOperation,64,112675.0
689152,,SdpaDecodeDeviceOperation,64,112593.0
605184,,SdpaDecodeDeviceOperation,64,112544.0
2278400,1,SdpaDecodeDeviceOperation,64,112487.0
1192960,,SdpaDecodeDeviceOperation,64,112417.0
647168,,SdpaDecodeDeviceOperation,64,112398.0
1519616,1,SdpaDecodeDeviceOperation,64,112353.0
521216,,SdpaDecodeDeviceOperation,64,112255.0
2404352,1,SdpaDecodeDeviceOperation,64,112241.0
311296,,SdpaDecodeDeviceOperation,64,112162.0
2110464,1,SdpaDecodeDeviceOperation,64,112039.0
2152448,1,SdpaDecodeDeviceOperation,64,111971.0
1402880,,SdpaDecodeDeviceOperation,64,111730.0
1360896,,SdpaDecodeDeviceOperation,64,111656.0
2446336,1,SdpaDecodeDeviceOperation,64,111602.0
2727936,,UntilizeDeviceOperation,64,111594.0
2761728,,UntilizeDeviceOperation,64,111445.0
773120,,SdpaDecodeDeviceOperation,64,111370.0
2068480,1,SdpaDecodeDeviceOperation,64,111336.0
1025024,,SdpaDecodeDeviceOperation,64,111306.0
353280,,SdpaDecodeDeviceOperation,64,111120.0
2762752,,UntilizeDeviceOperation,64,111093.0
2736128,,UntilizeDeviceOperation,64,110936.0
857088,,SdpaDecodeDeviceOperation,64,110814.0
563200,,SdpaDecodeDeviceOperation,64,110756.0
2656256,1,SdpaDecodeDeviceOperation,56,110697.0
1816576,1,SdpaDecodeDeviceOperation,64,110610.0
1564672,1,SdpaDecodeDeviceOperation,64,110475.0
2737152,,UntilizeDeviceOperation,64,110231.0
1067008,,SdpaDecodeDeviceOperation,64,110201.0
2721792,,UntilizeDeviceOperation,64,110179.0
2712576,,UntilizeDeviceOperation,64,110102.0
2752512,,UntilizeDeviceOperation,64,110101.0
1276928,,SdpaDecodeDeviceOperation,64,110040.0
479232,,SdpaDecodeDeviceOperation,64,109709.0
815104,,SdpaDecodeDeviceOperation,64,109704.0
2745344,,UntilizeDeviceOperation,64,109697.0
2720768,,UntilizeDeviceOperation,64,109633.0
2753536,,UntilizeDeviceOperation,64,109603.0
2729984,,UntilizeDeviceOperation,64,109581.0
2755584,,UntilizeDeviceOperation,64,109498.0
2728960,,UntilizeDeviceOperation,64,109415.0
1150976,,SdpaDecodeDeviceOperation,64,109379.0
2758656,,UntilizeDeviceOperation,64,109356.0
2731008,,UntilizeDeviceOperation,64,109319.0
2763776,,UntilizeDeviceOperation,64,109296.0
2760704,,UntilizeDeviceOperation,64,108963.0
2713600,,UntilizeDeviceOperation,64,108789.0
2714624,,UntilizeDeviceOperation,64,108590.0
2726912,,UntilizeDeviceOperation,64,108326.0
2722816,,UntilizeDeviceOperation,64,108231.0
2746368,,UntilizeDeviceOperation,64,108221.0
2717696,,UntilizeDeviceOperation,64,108168.0
2734080,,UntilizeDeviceOperation,64,108129.0
2711552,,UntilizeDeviceOperation,64,107946.0
2719744,,UntilizeDeviceOperation,64,107888.0
2747392,,UntilizeDeviceOperation,64,107836.0
2756608,,UntilizeDeviceOperation,64,107520.0
2754560,,UntilizeDeviceOperation,64,107411.0
2732032,,UntilizeDeviceOperation,64,107368.0
2738176,,UntilizeDeviceOperation,64,107321.0
2739200,,UntilizeDeviceOperation,64,107267.0
2764800,,UntilizeDeviceOperation,64,107202.0
2718720,,UntilizeDeviceOperation,64,107134.0
2741248,,UntilizeDeviceOperation,64,107129.0
2715648,,UntilizeDeviceOperation,64,107011.0
2742272,,UntilizeDeviceOperation,64,106849.0
2716672,,UntilizeDeviceOperation,64,106823.0
2759680,,UntilizeDeviceOperation,64,106789.0
2748416,,UntilizeDeviceOperation,64,106752.0
2735104,,UntilizeDeviceOperation,64,106644.0
2710528,,UntilizeDeviceOperation,64,106580.0
2723840,,UntilizeDeviceOperation,64,106358.0
2751488,,UntilizeDeviceOperation,64,105732.0
2740224,,UntilizeDeviceOperation,64,105643.0
2725888,,UntilizeDeviceOperation,64,105580.0
2765824,,UntilizeDeviceOperation,64,105561.0
2749440,,UntilizeDeviceOperation,64,105175.0
2766848,,UntilizeDeviceOperation,64,105028.0
2724864,,UntilizeDeviceOperation,64,105024.0
2743296,,UntilizeDeviceOperation,64,104898.0
2750464,,UntilizeDeviceOperation,64,104768.0
2733056,,UntilizeDeviceOperation,64,104617.0
2757632,,UntilizeDeviceOperation,64,104605.0
57344,,TilizeDeviceOperation,64,98383.0
157696,,TilizeDeviceOperation,64,98372.0
77824,,TilizeDeviceOperation,64,98257.0
8192,,TilizeDeviceOperation,64,97883.0
14336,,TilizeDeviceOperation,64,97214.0
59392,,TilizeDeviceOperation,64,97076.0
108544,,TilizeDeviceOperation,64,96841.0
34816,,TilizeDeviceOperation,64,96773.0
163840,,TilizeDeviceOperation,64,96768.0
106496,,TilizeDeviceOperation,64,96726.0
38912,,TilizeDeviceOperation,64,96625.0
4096,,TilizeDeviceOperation,64,96610.0
149504,,TilizeDeviceOperation,64,96544.0
137216,,TilizeDeviceOperation,64,96483.0
53248,,TilizeDeviceOperation,64,96459.0
26624,,TilizeDeviceOperation,64,96395.0
75776,,TilizeDeviceOperation,64,96364.0
155648,,TilizeDeviceOperation,64,96358.0
10240,,TilizeDeviceOperation,64,96150.0
22528,,TilizeDeviceOperation,64,96102.0
169984,,TilizeDeviceOperation,64,96063.0
2048,,TilizeDeviceOperation,64,96030.0
32768,,TilizeDeviceOperation,64,95989.0
16384,,TilizeDeviceOperation,64,95987.0
83968,,TilizeDeviceOperation,64,95961.0
124928,,TilizeDeviceOperation,64,95948.0
69632,,TilizeDeviceOperation,64,95867.0
112640,,TilizeDeviceOperation,64,95843.0
118784,,TilizeDeviceOperation,64,95839.0
133120,,TilizeDeviceOperation,64,95736.0
143360,,TilizeDeviceOperation,64,95684.0
139264,,TilizeDeviceOperation,64,95613.0
161792,,TilizeDeviceOperation,64,95523.0
40960,,TilizeDeviceOperation,64,95421.0
126976,,TilizeDeviceOperation,64,95380.0
100352,,TilizeDeviceOperation,64,95291.0
120832,,TilizeDeviceOperation,64,95189.0
94208,,TilizeDeviceOperation,64,95140.0
167936,,TilizeDeviceOperation,64,95032.0
90112,,TilizeDeviceOperation,64,94898.0
45056,,TilizeDeviceOperation,64,94789.0
88064,,TilizeDeviceOperation,64,94785.0
102400,,TilizeDeviceOperation,64,94783.0
96256,,TilizeDeviceOperation,64,94763.0
151552,,TilizeDeviceOperation,64,94758.0
131072,,TilizeDeviceOperation,64,94653.0
28672,,TilizeDeviceOperation,64,94648.0
51200,,TilizeDeviceOperation,64,94645.0
63488,,TilizeDeviceOperation,64,94587.0
81920,,TilizeDeviceOperation,64,94458.0
20480,,TilizeDeviceOperation,64,94372.0
65536,,TilizeDeviceOperation,64,94322.0
71680,,TilizeDeviceOperation,64,94233.0
145408,,TilizeDeviceOperation,64,94169.0
47104,,TilizeDeviceOperation,64,93997.0
114688,,TilizeDeviceOperation,64,93561.0
2247680,1,MatmulDeviceOperation,64,70590.0
574464,,MatmulDeviceOperation,64,70265.0
2037760,1,MatmulDeviceOperation,64,70144.0
952320,,MatmulDeviceOperation,64,70060.0
1078272,,MatmulDeviceOperation,64,70047.0
2667520,1,MatmulDeviceOperation,54,69787.0
2205696,1,MatmulDeviceOperation,64,69711.0
532480,,MatmulDeviceOperation,64,69508.0
2121728,1,MatmulDeviceOperation,64,69471.0
448512,,MatmulDeviceOperation,64,69467.0
1036288,,MatmulDeviceOperation,64,69459.0
1827840,1,MatmulDeviceOperation,64,69357.0
1330176,,MatmulDeviceOperation,64,69309.0
2541568,1,MatmulDeviceOperation,60,69101.0
1534976,1,MatmulDeviceOperation,64,69076.0
2415616,1,MatmulDeviceOperation,64,68970.0
1372160,,MatmulDeviceOperation,64,68952.0
364544,,MatmulDeviceOperation,64,68757.0
700416,,MatmulDeviceOperation,64,68705.0
2677760,1,ShardedToInterleavedDeviceOperation,48,68686.0
1869824,1,MatmulDeviceOperation,64,68607.0
1414144,,MatmulDeviceOperation,64,68550.0
1424384,,ShardedToInterleavedDeviceOperation,64,68479.0
2457600,1,MatmulDeviceOperation,63,68423.0
1659904,1,MatmulDeviceOperation,64,68420.0
616448,,MatmulDeviceOperation,64,68271.0
2079744,1,MatmulDeviceOperation,64,68261.0
1246208,,MatmulDeviceOperation,64,68237.0
1953792,1,MatmulDeviceOperation,64,68123.0
490496,,MatmulDeviceOperation,64,67971.0
2625536,1,MatmulDeviceOperation,56,67954.0
1162240,,MatmulDeviceOperation,64,67952.0
281600,,MatmulDeviceOperation,64,67945.0
1785856,1,MatmulDeviceOperation,64,67940.0
1995776,1,MatmulDeviceOperation,64,67923.0
2373632,1,MatmulDeviceOperation,64,67920.0
784384,,MatmulDeviceOperation,64,67866.0
2289664,1,MatmulDeviceOperation,64,67855.0
826368,,MatmulDeviceOperation,64,67833.0
1575936,1,MatmulDeviceOperation,64,67783.0
406528,,MatmulDeviceOperation,64,67715.0
910336,,MatmulDeviceOperation,64,67662.0
1911808,1,MatmulDeviceOperation,64,67650.0
2499584,1,MatmulDeviceOperation,60,67640.0
1288192,,MatmulDeviceOperation,64,67638.0
742400,,MatmulDeviceOperation,64,67600.0
658432,,MatmulDeviceOperation,64,67539.0
868352,,MatmulDeviceOperation,64,67405.0
1701888,1,MatmulDeviceOperation,64,67328.0
2163712,1,MatmulDeviceOperation,64,67202.0
1617920,1,MatmulDeviceOperation,64,67201.0
2583552,1,MatmulDeviceOperation,60,67150.0
994304,,MatmulDeviceOperation,64,67145.0
1120256,,MatmulDeviceOperation,64,66886.0
1743872,1,MatmulDeviceOperation,64,66821.0
2331648,1,MatmulDeviceOperation,64,66792.0
322560,,MatmulDeviceOperation,64,66711.0
1204224,,MatmulDeviceOperation,64,66588.0
2039808,1,MatmulDeviceOperation,64,66467.0
2375680,1,MatmulDeviceOperation,64,66401.0
2081792,1,MatmulDeviceOperation,64,66353.0
1164288,,MatmulDeviceOperation,64,66222.0
1080320,,MatmulDeviceOperation,64,66190.0
996352,,MatmulDeviceOperation,64,65936.0
282624,,MatmulDeviceOperation,64,65928.0
1416192,,MatmulDeviceOperation,64,65555.0
1374208,,MatmulDeviceOperation,64,65543.0
702464,,MatmulDeviceOperation,64,65442.0
408576,,MatmulDeviceOperation,64,65289.0
2669568,1,MatmulDeviceOperation,48,65063.0
1332224,,MatmulDeviceOperation,64,65014.0
1623040,1,MatmulDeviceOperation,64,64961.0
2291712,1,MatmulDeviceOperation,64,64909.0
1955840,1,MatmulDeviceOperation,64,64902.0
744448,,MatmulDeviceOperation,64,64896.0
1916928,1,MatmulDeviceOperation,64,64811.0
2210816,1,MatmulDeviceOperation,64,64592.0
2462720,1,MatmulDeviceOperation,63,64555.0
912384,,MatmulDeviceOperation,64,64548.0
2546688,1,MatmulDeviceOperation,60,64471.0
2252800,1,MatmulDeviceOperation,64,64466.0
1703936,1,MatmulDeviceOperation,64,64353.0
1829888,1,MatmulDeviceOperation,64,64346.0
2123776,1,MatmulDeviceOperation,64,64213.0
1832960,1,MatmulDeviceOperation,64,64139.0
366592,,MatmulDeviceOperation,64,64129.0
1539072,1,MatmulDeviceOperation,64,64025.0
2672640,1,MatmulDeviceOperation,48,63981.0
324608,,MatmulDeviceOperation,64,63973.0
2630656,1,MatmulDeviceOperation,56,63964.0
1206272,,MatmulDeviceOperation,64,63892.0
1122304,,MatmulDeviceOperation,64,63829.0
1874944,1,MatmulDeviceOperation,64,63823.0
495616,,MatmulDeviceOperation,64,63755.0
1958912,1,MatmulDeviceOperation,64,63751.0
999424,,MatmulDeviceOperation,64,63739.0
1665024,1,MatmulDeviceOperation,64,63739.0
1661952,1,MatmulDeviceOperation,64,63617.0
285696,,MatmulDeviceOperation,64,63595.0
2504704,1,MatmulDeviceOperation,60,63595.0
1748992,1,MatmulDeviceOperation,64,63594.0
2126848,1,MatmulDeviceOperation,64,63589.0
1997824,1,MatmulDeviceOperation,64,63580.0
618496,,MatmulDeviceOperation,64,63538.0
954368,,MatmulDeviceOperation,64,63523.0
1871872,1,MatmulDeviceOperation,64,63508.0
576512,,MatmulDeviceOperation,64,63493.0
2042880,1,MatmulDeviceOperation,64,63460.0
534528,,MatmulDeviceOperation,64,63459.0
2336768,1,MatmulDeviceOperation,64,63456.0
2420736,1,MatmulDeviceOperation,64,63416.0
492544,,MatmulDeviceOperation,64,63392.0
1913856,1,MatmulDeviceOperation,64,63389.0
705536,,MatmulDeviceOperation,64,63346.0
2627584,1,MatmulDeviceOperation,56,63345.0
2588672,1,MatmulDeviceOperation,60,63323.0
870400,,MatmulDeviceOperation,64,63297.0
327680,,MatmulDeviceOperation,64,63293.0
2459648,1,MatmulDeviceOperation,63,63291.0
915456,,MatmulDeviceOperation,64,63238.0
369664,,MatmulDeviceOperation,64,63236.0
663552,,MatmulDeviceOperation,64,63224.0
1251328,,MatmulDeviceOperation,64,63160.0
2207744,1,MatmulDeviceOperation,64,63147.0
1577984,1,MatmulDeviceOperation,64,63133.0
747520,,MatmulDeviceOperation,64,63098.0
2168832,1,MatmulDeviceOperation,64,63095.0
2084864,1,MatmulDeviceOperation,64,63094.0
957440,,MatmulDeviceOperation,64,63068.0
873472,,MatmulDeviceOperation,64,63034.0
1419264,,MatmulDeviceOperation,64,63018.0
1745920,1,MatmulDeviceOperation,64,62975.0
1209344,,MatmulDeviceOperation,64,62968.0
1290240,,MatmulDeviceOperation,64,62948.0
453632,,MatmulDeviceOperation,64,62919.0
1581056,1,MatmulDeviceOperation,64,62913.0
579584,,MatmulDeviceOperation,64,62904.0
1707008,1,MatmulDeviceOperation,64,62882.0
1790976,1,MatmulDeviceOperation,64,62868.0
1248256,,MatmulDeviceOperation,64,62862.0
450560,,MatmulDeviceOperation,64,62836.0
2294784,1,MatmulDeviceOperation,64,62815.0
831488,,MatmulDeviceOperation,64,62794.0
2000896,1,MatmulDeviceOperation,64,62770.0
660480,,MatmulDeviceOperation,64,62740.0
786432,,MatmulDeviceOperation,64,62729.0
1619968,1,MatmulDeviceOperation,64,62717.0
2378752,1,MatmulDeviceOperation,64,62649.0
1125376,,MatmulDeviceOperation,64,62606.0
1083392,,MatmulDeviceOperation,64,62577.0
1041408,,MatmulDeviceOperation,64,62568.0
2543616,1,MatmulDeviceOperation,60,62484.0
789504,,MatmulDeviceOperation,64,62472.0
828416,,MatmulDeviceOperation,64,62443.0
1038336,,MatmulDeviceOperation,64,62426.0
1787904,1,MatmulDeviceOperation,64,62416.0
1293312,,MatmulDeviceOperation,64,62381.0
537600,,MatmulDeviceOperation,64,62358.0
1167360,,MatmulDeviceOperation,64,62297.0
411648,,MatmulDeviceOperation,64,62256.0
2585600,1,MatmulDeviceOperation,60,62184.0
1377280,,MatmulDeviceOperation,64,62181.0
1335296,,MatmulDeviceOperation,64,62140.0
2165760,1,MatmulDeviceOperation,64,62119.0
2501632,1,MatmulDeviceOperation,60,62024.0
621568,,MatmulDeviceOperation,64,61998.0
2417664,1,MatmulDeviceOperation,64,61817.0
1536000,1,MatmulDeviceOperation,64,61665.0
2249728,1,MatmulDeviceOperation,64,61366.0
2333696,1,MatmulDeviceOperation,64,61348.0
2466816,1,MatmulDeviceOperation,63,46782.0
2550784,1,MatmulDeviceOperation,60,46478.0
1795072,1,MatmulDeviceOperation,64,46462.0
1753088,1,MatmulDeviceOperation,64,46411.0
2298880,1,MatmulDeviceOperation,64,46364.0
1837056,1,MatmulDeviceOperation,64,46321.0
1963008,1,MatmulDeviceOperation,64,46146.0
2214912,1,MatmulDeviceOperation,64,46077.0
2172928,1,MatmulDeviceOperation,64,46050.0
2424832,1,MatmulDeviceOperation,64,45982.0
2088960,1,MatmulDeviceOperation,64,45898.0
415744,,MatmulDeviceOperation,64,45825.0
1669120,1,MatmulDeviceOperation,64,45811.0
2046976,1,MatmulDeviceOperation,64,45783.0
1468416,1,MatmulDeviceOperation,64,45781.0
2130944,1,MatmulDeviceOperation,64,45744.0
1879040,1,MatmulDeviceOperation,64,45578.0
2256896,1,MatmulDeviceOperation,64,45532.0
2508800,1,MatmulDeviceOperation,60,45449.0
1339392,,MatmulDeviceOperation,64,45426.0
2634752,1,MatmulDeviceOperation,56,45373.0
215040,,MatmulDeviceOperation,64,45354.0
625664,,MatmulDeviceOperation,64,45316.0
1921024,1,MatmulDeviceOperation,64,45294.0
2004992,1,MatmulDeviceOperation,64,45287.0
1627136,1,MatmulDeviceOperation,64,45284.0
2340864,1,MatmulDeviceOperation,64,45276.0
1171456,,MatmulDeviceOperation,64,45145.0
1711104,1,MatmulDeviceOperation,64,45108.0
2592768,1,MatmulDeviceOperation,60,45106.0
919552,,MatmulDeviceOperation,64,45004.0
1585152,1,MatmulDeviceOperation,64,44986.0
2382848,1,MatmulDeviceOperation,64,44957.0
1381376,,MatmulDeviceOperation,64,44954.0
835584,,MatmulDeviceOperation,64,44867.0
793600,,MatmulDeviceOperation,64,44865.0
1297408,,MatmulDeviceOperation,64,44828.0
289792,,MatmulDeviceOperation,64,44826.0
499712,,MatmulDeviceOperation,64,44764.0
667648,,MatmulDeviceOperation,64,44745.0
331776,,MatmulDeviceOperation,64,44669.0
1003520,,MatmulDeviceOperation,64,44618.0
1129472,,MatmulDeviceOperation,64,44506.0
373760,,MatmulDeviceOperation,64,44428.0
751616,,MatmulDeviceOperation,64,44394.0
1213440,,MatmulDeviceOperation,64,44389.0
541696,,MatmulDeviceOperation,64,44362.0
1045504,,MatmulDeviceOperation,64,44343.0
877568,,MatmulDeviceOperation,64,44283.0
1087488,,MatmulDeviceOperation,64,44223.0
1543168,1,MatmulDeviceOperation,64,44217.0
961536,,MatmulDeviceOperation,64,44177.0
457728,,MatmulDeviceOperation,64,44146.0
1255424,,MatmulDeviceOperation,64,43970.0
583680,,MatmulDeviceOperation,64,43903.0
709632,,MatmulDeviceOperation,64,43808.0
512000,,PagedUpdateCacheDeviceOperation,32,31198.0
1882112,1,PagedUpdateCacheDeviceOperation,32,31078.0
1639424,1,PagedUpdateCacheDeviceOperation,32,30738.0
1309696,,PagedUpdateCacheDeviceOperation,32,30513.0
2008064,1,PagedUpdateCacheDeviceOperation,32,30493.0
637952,,PagedUpdateCacheDeviceOperation,32,30444.0
1672192,1,PagedUpdateCacheDeviceOperation,32,30366.0
344064,,PagedUpdateCacheDeviceOperation,32,30146.0
2059264,1,PagedUpdateCacheDeviceOperation,32,30076.0
2385920,1,PagedUpdateCacheDeviceOperation,32,30073.0
754688,,PagedUpdateCacheDeviceOperation,32,29882.0
1546240,1,PagedUpdateCacheDeviceOperation,32,29431.0
1090560,,PagedUpdateCacheDeviceOperation,32,29303.0
1472512,1,PagedUpdateCacheDeviceOperation,32,29286.0
1258496,,PagedUpdateCacheDeviceOperation,32,29163.0
1015808,,PagedUpdateCacheDeviceOperation,32,29082.0
2134016,1,PagedUpdateCacheDeviceOperation,32,29039.0
1267712,,PagedUpdateCacheDeviceOperation,32,29020.0
2395136,1,PagedUpdateCacheDeviceOperation,32,29017.0
679936,,PagedUpdateCacheDeviceOperation,32,28967.0
376832,,PagedUpdateCacheDeviceOperation,32,28923.0
712704,,PagedUpdateCacheDeviceOperation,32,28843.0
302080,,PagedUpdateCacheDeviceOperation,32,28808.0
292864,,PagedUpdateCacheDeviceOperation,32,28747.0
628736,,PagedUpdateCacheDeviceOperation,32,28736.0
2647040,1,PagedUpdateCacheDeviceOperation,24,28719.0
1132544,,PagedUpdateCacheDeviceOperation,32,28670.0
1183744,,PagedUpdateCacheDeviceOperation,32,28643.0
721920,,PagedUpdateCacheDeviceOperation,32,28624.0
1891328,1,PagedUpdateCacheDeviceOperation,32,28597.0
219136,,PagedUpdateCacheDeviceOperation,32,28580.0
2521088,1,PagedUpdateCacheDeviceOperation,28,28575.0
1342464,,PagedUpdateCacheDeviceOperation,32,28541.0
428032,,PagedUpdateCacheDeviceOperation,32,28533.0
460800,,PagedUpdateCacheDeviceOperation,32,28510.0
2217984,1,PagedUpdateCacheDeviceOperation,32,28471.0
1006592,,PagedUpdateCacheDeviceOperation,32,28456.0
922624,,PagedUpdateCacheDeviceOperation,32,28427.0
544768,,PagedUpdateCacheDeviceOperation,32,28318.0
1924096,1,PagedUpdateCacheDeviceOperation,32,28311.0
1384448,,PagedUpdateCacheDeviceOperation,32,28289.0
2050048,1,PagedUpdateCacheDeviceOperation,32,28257.0
2427904,1,PagedUpdateCacheDeviceOperation,32,28251.0
1597440,1,PagedUpdateCacheDeviceOperation,32,28244.0
1807360,1,PagedUpdateCacheDeviceOperation,32,28242.0
1494016,1,PagedUpdateCacheDeviceOperation,32,28241.0
1300480,,PagedUpdateCacheDeviceOperation,32,28231.0
2479104,1,PagedUpdateCacheDeviceOperation,31,28222.0
1057792,,PagedUpdateCacheDeviceOperation,32,28198.0
2605056,1,PagedUpdateCacheDeviceOperation,27,28176.0
2563072,1,PagedUpdateCacheDeviceOperation,28,28171.0
2185216,1,PagedUpdateCacheDeviceOperation,32,28145.0
931840,,PagedUpdateCacheDeviceOperation,32,28133.0
805888,,PagedUpdateCacheDeviceOperation,32,28094.0
1174528,,PagedUpdateCacheDeviceOperation,32,28062.0
502784,,PagedUpdateCacheDeviceOperation,32,28049.0
1351680,,PagedUpdateCacheDeviceOperation,32,28034.0
1933312,1,PagedUpdateCacheDeviceOperation,32,28000.0
889856,,PagedUpdateCacheDeviceOperation,32,27854.0
1849344,1,PagedUpdateCacheDeviceOperation,32,27766.0
1723392,1,PagedUpdateCacheDeviceOperation,32,27761.0
2437120,1,PagedUpdateCacheDeviceOperation,32,27761.0
964608,,PagedUpdateCacheDeviceOperation,32,27758.0
1555456,1,PagedUpdateCacheDeviceOperation,32,27713.0
1099776,,PagedUpdateCacheDeviceOperation,32,27699.0
1216512,,PagedUpdateCacheDeviceOperation,32,27696.0
2353152,1,PagedUpdateCacheDeviceOperation,32,27677.0
1225728,,PagedUpdateCacheDeviceOperation,32,27635.0
1966080,1,PagedUpdateCacheDeviceOperation,32,27597.0
670720,,PagedUpdateCacheDeviceOperation,32,27584.0
1798144,1,PagedUpdateCacheDeviceOperation,32,27584.0
2595840,1,PagedUpdateCacheDeviceOperation,28,27564.0
1765376,1,PagedUpdateCacheDeviceOperation,32,27506.0
847872,,PagedUpdateCacheDeviceOperation,32,27442.0
763904,,PagedUpdateCacheDeviceOperation,32,27431.0
796672,,PagedUpdateCacheDeviceOperation,32,27414.0
2637824,1,PagedUpdateCacheDeviceOperation,24,27383.0
1714176,1,PagedUpdateCacheDeviceOperation,32,27332.0
1141760,,PagedUpdateCacheDeviceOperation,32,27328.0
1630208,1,PagedUpdateCacheDeviceOperation,32,27317.0
240640,,PagedUpdateCacheDeviceOperation,32,27207.0
2017280,1,PagedUpdateCacheDeviceOperation,32,27197.0
2227200,1,PagedUpdateCacheDeviceOperation,32,27165.0
2259968,1,PagedUpdateCacheDeviceOperation,32,27161.0
2511872,1,PagedUpdateCacheDeviceOperation,28,27095.0
1840128,1,PagedUpdateCacheDeviceOperation,32,27067.0
334848,,PagedUpdateCacheDeviceOperation,32,27060.0
553984,,PagedUpdateCacheDeviceOperation,32,27047.0
2176000,1,PagedUpdateCacheDeviceOperation,32,27045.0
2311168,1,PagedUpdateCacheDeviceOperation,32,27028.0
1393664,,PagedUpdateCacheDeviceOperation,32,27016.0
2143232,1,PagedUpdateCacheDeviceOperation,32,26982.0
734208,,TernaryDeviceOperation,64,26980.0
273408,,TernaryDeviceOperation,64,26974.0
2301952,1,PagedUpdateCacheDeviceOperation,32,26966.0
1756160,1,PagedUpdateCacheDeviceOperation,32,26961.0
2269184,1,PagedUpdateCacheDeviceOperation,32,26945.0
386048,,PagedUpdateCacheDeviceOperation,32,26933.0
2343936,1,PagedUpdateCacheDeviceOperation,32,26919.0
2553856,1,PagedUpdateCacheDeviceOperation,28,26902.0
1405952,,TernaryDeviceOperation,64,26888.0
1196032,,TernaryDeviceOperation,64,26849.0
880640,,PagedUpdateCacheDeviceOperation,32,26845.0
776192,,TernaryDeviceOperation,64,26825.0
482304,,TernaryDeviceOperation,64,26812.0
440320,,TernaryDeviceOperation,64,26806.0
860160,,TernaryDeviceOperation,64,26795.0
1154048,,TernaryDeviceOperation,64,26785.0
356352,,TernaryDeviceOperation,64,26776.0
314368,,TernaryDeviceOperation,64,26774.0
1280000,,TernaryDeviceOperation,64,26765.0
398336,,TernaryDeviceOperation,64,26764.0
944128,,TernaryDeviceOperation,64,26763.0
650240,,TernaryDeviceOperation,64,26761.0
2101248,1,PagedUpdateCacheDeviceOperation,32,26754.0
986112,,TernaryDeviceOperation,64,26746.0
973824,,PagedUpdateCacheDeviceOperation,32,26738.0
1028096,,TernaryDeviceOperation,64,26730.0
902144,,TernaryDeviceOperation,64,26699.0
595968,,PagedUpdateCacheDeviceOperation,32,26697.0
1363968,,TernaryDeviceOperation,64,26695.0
566272,,TernaryDeviceOperation,64,26687.0
692224,,TernaryDeviceOperation,64,26687.0
1112064,,TernaryDeviceOperation,64,26657.0
418816,,PagedUpdateCacheDeviceOperation,32,26627.0
1070080,,TernaryDeviceOperation,64,26618.0
818176,,TernaryDeviceOperation,64,26615.0
1321984,,TernaryDeviceOperation,64,26603.0
586752,,PagedUpdateCacheDeviceOperation,32,26579.0
524288,,TernaryDeviceOperation,64,26561.0
608256,,TernaryDeviceOperation,64,26501.0
1238016,,TernaryDeviceOperation,64,26491.0
2469888,1,PagedUpdateCacheDeviceOperation,31,26322.0
1588224,1,PagedUpdateCacheDeviceOperation,32,26318.0
1975296,1,PagedUpdateCacheDeviceOperation,32,26032.0
1861632,1,TernaryDeviceOperation,64,26029.0
470016,,PagedUpdateCacheDeviceOperation,32,25934.0
2113536,1,TernaryDeviceOperation,64,25931.0
2071552,1,TernaryDeviceOperation,64,25923.0
1567744,1,TernaryDeviceOperation,64,25899.0
1048576,,PagedUpdateCacheDeviceOperation,32,25823.0
2092032,1,PagedUpdateCacheDeviceOperation,32,25793.0
2155520,1,TernaryDeviceOperation,64,25774.0
838656,,PagedUpdateCacheDeviceOperation,32,25765.0
2575360,1,TernaryDeviceOperation,60,25761.0
1681408,1,PagedUpdateCacheDeviceOperation,32,25742.0
2621440,1,MatmulDeviceOperation,56,25737.0
1735680,1,TernaryDeviceOperation,64,25680.0
2491392,1,TernaryDeviceOperation,63,25664.0
1903616,1,TernaryDeviceOperation,64,25581.0
1987584,1,TernaryDeviceOperation,64,25578.0
2449408,1,TernaryDeviceOperation,64,25529.0
1526784,1,TernaryDeviceOperation,64,25504.0
1819648,1,TernaryDeviceOperation,64,25467.0
2659328,1,TernaryDeviceOperation,56,25433.0
2533376,1,TernaryDeviceOperation,60,25402.0
1609728,1,TernaryDeviceOperation,64,25397.0
1693696,1,TernaryDeviceOperation,64,25306.0
1651712,1,TernaryDeviceOperation,64,25271.0
2029568,1,TernaryDeviceOperation,64,25262.0
2281472,1,TernaryDeviceOperation,64,25228.0
2239488,1,TernaryDeviceOperation,64,25209.0
1945600,1,TernaryDeviceOperation,64,25194.0
2407424,1,TernaryDeviceOperation,64,25192.0
2323456,1,TernaryDeviceOperation,64,25172.0
2617344,1,TernaryDeviceOperation,56,25163.0
2197504,1,TernaryDeviceOperation,64,25143.0
2365440,1,TernaryDeviceOperation,64,25129.0
1498112,1,TernaryDeviceOperation,64,25081.0
1777664,1,TernaryDeviceOperation,64,24963.0
244736,,TernaryDeviceOperation,64,24958.0
2327552,1,MatmulDeviceOperation,64,24463.0
2369536,1,MatmulDeviceOperation,64,24073.0
2033664,1,MatmulDeviceOperation,64,23930.0
2663424,1,MatmulDeviceOperation,56,23762.0
1739776,1,MatmulDeviceOperation,64,23660.0
2243584,1,MatmulDeviceOperation,64,23444.0
1781760,1,MatmulDeviceOperation,64,23426.0
2411520,1,MatmulDeviceOperation,64,23383.0
2579456,1,MatmulDeviceOperation,60,23374.0
2075648,1,MatmulDeviceOperation,64,23340.0
1571840,1,MatmulDeviceOperation,64,23152.0
1613824,1,MatmulDeviceOperation,64,23131.0
2453504,1,MatmulDeviceOperation,63,23106.0
1697792,1,MatmulDeviceOperation,64,23069.0
1655808,1,MatmulDeviceOperation,64,23057.0
1865728,1,MatmulDeviceOperation,64,23046.0
1410048,,MatmulDeviceOperation,64,23037.0
1991680,1,MatmulDeviceOperation,64,22964.0
2285568,1,MatmulDeviceOperation,64,22938.0
2201600,1,MatmulDeviceOperation,64,22911.0
360448,,MatmulDeviceOperation,64,22817.0
2117632,1,MatmulDeviceOperation,64,22815.0
1949696,1,MatmulDeviceOperation,64,22807.0
318464,,MatmulDeviceOperation,64,22630.0
570368,,MatmulDeviceOperation,64,22578.0
2537472,1,MatmulDeviceOperation,60,22565.0
2495488,1,MatmulDeviceOperation,60,22519.0
1907712,1,MatmulDeviceOperation,64,22502.0
528384,,MatmulDeviceOperation,64,22489.0
1823744,1,MatmulDeviceOperation,64,22467.0
486400,,MatmulDeviceOperation,64,22338.0
1284096,,MatmulDeviceOperation,64,22310.0
2159616,1,MatmulDeviceOperation,64,22294.0
822272,,MatmulDeviceOperation,64,22290.0
906240,,MatmulDeviceOperation,64,22273.0
948224,,MatmulDeviceOperation,64,22240.0
990208,,MatmulDeviceOperation,64,22215.0
1158144,,MatmulDeviceOperation,64,22196.0
1530880,1,MatmulDeviceOperation,64,22190.0
402432,,MatmulDeviceOperation,64,22119.0
1074176,,MatmulDeviceOperation,64,22113.0
444416,,MatmulDeviceOperation,64,22080.0
654336,,MatmulDeviceOperation,64,22061.0
1032192,,MatmulDeviceOperation,64,22060.0
696320,,MatmulDeviceOperation,64,22059.0
864256,,MatmulDeviceOperation,64,22050.0
1200128,,MatmulDeviceOperation,64,22029.0
612352,,MatmulDeviceOperation,64,22027.0
738304,,MatmulDeviceOperation,64,21942.0
277504,,MatmulDeviceOperation,64,21931.0
780288,,MatmulDeviceOperation,64,21908.0
1116160,,MatmulDeviceOperation,64,21882.0
1242112,,MatmulDeviceOperation,64,21801.0
1326080,,MatmulDeviceOperation,64,21708.0
1368064,,MatmulDeviceOperation,64,21552.0
1464320,1,EmbeddingsDeviceOperation,1,20398.0
210944,,EmbeddingsDeviceOperation,1,20087.0
1514496,1,TilizeWithValPaddingDeviceOperation,32,17000.0
261120,,TilizeWithValPaddingDeviceOperation,32,16835.0
208896,,ReshapeViewDeviceOperation,64,16456.0
1462272,1,ReshapeViewDeviceOperation,64,16364.0
686080,,RotaryEmbeddingDeviceOperation,32,13912.0
476160,,RotaryEmbeddingDeviceOperation,32,13882.0
2140160,1,RotaryEmbeddingDeviceOperation,32,13706.0
1306624,,RotaryEmbeddingDeviceOperation,32,13613.0
979968,,RotaryEmbeddingDeviceOperation,32,13609.0
2174976,1,NLPCreateQKVHeadsDecodeDeviceOperation,32,13590.0
560128,,RotaryEmbeddingDeviceOperation,32,13537.0
1348608,,RotaryEmbeddingDeviceOperation,32,13522.0
1180672,,RotaryEmbeddingDeviceOperation,32,13509.0
247808,,TilizeWithValPaddingDeviceOperation,32,13494.0
854016,,RotaryEmbeddingDeviceOperation,32,13493.0
1063936,,RotaryEmbeddingDeviceOperation,32,13489.0
1357824,,RotaryEmbeddingDeviceOperation,32,13474.0
896000,,RotaryEmbeddingDeviceOperation,32,13469.0
928768,,RotaryEmbeddingDeviceOperation,32,13441.0
592896,,RotaryEmbeddingDeviceOperation,32,13423.0
1222656,,RotaryEmbeddingDeviceOperation,32,13411.0
770048,,RotaryEmbeddingDeviceOperation,32,13385.0
644096,,RotaryEmbeddingDeviceOperation,32,13378.0
340992,,RotaryEmbeddingDeviceOperation,32,13335.0
1501184,1,TilizeWithValPaddingDeviceOperation,32,13328.0
350208,,RotaryEmbeddingDeviceOperation,32,13323.0
718848,,RotaryEmbeddingDeviceOperation,32,13306.0
937984,,RotaryEmbeddingDeviceOperation,32,13299.0
886784,,RotaryEmbeddingDeviceOperation,32,13298.0
1138688,,RotaryEmbeddingDeviceOperation,32,13278.0
2434048,1,RotaryEmbeddingDeviceOperation,32,13278.0
308224,,RotaryEmbeddingDeviceOperation,32,13276.0
1390592,,RotaryEmbeddingDeviceOperation,32,13276.0
1054720,,RotaryEmbeddingDeviceOperation,32,13273.0
844800,,RotaryEmbeddingDeviceOperation,32,13268.0
424960,,RotaryEmbeddingDeviceOperation,32,13244.0
1273856,,RotaryEmbeddingDeviceOperation,32,13236.0
237568,,RotaryEmbeddingDeviceOperation,32,13234.0
1399808,,RotaryEmbeddingDeviceOperation,32,13232.0
970752,,RotaryEmbeddingDeviceOperation,32,13223.0
963584,,NLPCreateQKVHeadsDecodeDeviceOperation,32,13222.0
1012736,,RotaryEmbeddingDeviceOperation,32,13222.0
1131520,,NLPCreateQKVHeadsDecodeDeviceOperation,32,13221.0
1089536,,NLPCreateQKVHeadsDecodeDeviceOperation,32,13213.0
760832,,RotaryEmbeddingDeviceOperation,32,13212.0
434176,,RotaryEmbeddingDeviceOperation,32,13207.0
879616,,NLPCreateQKVHeadsDecodeDeviceOperation,32,13206.0
812032,,RotaryEmbeddingDeviceOperation,32,13201.0
392192,,RotaryEmbeddingDeviceOperation,32,13198.0
1264640,,RotaryEmbeddingDeviceOperation,32,13198.0
543744,,NLPCreateQKVHeadsDecodeDeviceOperation,32,13197.0
1189888,,RotaryEmbeddingDeviceOperation,32,13196.0
508928,,RotaryEmbeddingDeviceOperation,32,13195.0
382976,,RotaryEmbeddingDeviceOperation,32,13193.0
795648,,NLPCreateQKVHeadsDecodeDeviceOperation,32,13192.0
333824,,NLPCreateQKVHeadsDecodeDeviceOperation,32,13190.0
375808,,NLPCreateQKVHeadsDecodeDeviceOperation,32,13190.0
1231872,,RotaryEmbeddingDeviceOperation,32,13190.0
1096704,,RotaryEmbeddingDeviceOperation,32,13180.0
417792,,NLPCreateQKVHeadsDecodeDeviceOperation,32,13178.0
466944,,RotaryEmbeddingDeviceOperation,32,13174.0
1005568,,NLPCreateQKVHeadsDecodeDeviceOperation,32,13169.0
669696,,NLPCreateQKVHeadsDecodeDeviceOperation,32,13168.0
550912,,RotaryEmbeddingDeviceOperation,32,13165.0
921600,,NLPCreateQKVHeadsDecodeDeviceOperation,32,13164.0
753664,,NLPCreateQKVHeadsDecodeDeviceOperation,32,13161.0
585728,,NLPCreateQKVHeadsDecodeDeviceOperation,32,13158.0
291840,,NLPCreateQKVHeadsDecodeDeviceOperation,32,13155.0
1383424,,NLPCreateQKVHeadsDecodeDeviceOperation,32,13154.0
676864,,RotaryEmbeddingDeviceOperation,32,13152.0
837632,,NLPCreateQKVHeadsDecodeDeviceOperation,32,13151.0
1299456,,NLPCreateQKVHeadsDecodeDeviceOperation,32,13147.0
1341440,,NLPCreateQKVHeadsDecodeDeviceOperation,32,13147.0
217088,,NLPCreateQKVHeadsDecodeDeviceOperation,32,13142.0
1047552,,NLPCreateQKVHeadsDecodeDeviceOperation,32,13140.0
711680,,NLPCreateQKVHeadsDecodeDeviceOperation,32,13136.0
602112,,RotaryEmbeddingDeviceOperation,32,13131.0
1466368,1,LayerNormDeviceOperation,64,13127.0
728064,,RotaryEmbeddingDeviceOperation,32,13125.0
501760,,NLPCreateQKVHeadsDecodeDeviceOperation,32,13124.0
1105920,,RotaryEmbeddingDeviceOperation,32,13122.0
518144,,RotaryEmbeddingDeviceOperation,32,13119.0
627712,,NLPCreateQKVHeadsDecodeDeviceOperation,32,13117.0
802816,,RotaryEmbeddingDeviceOperation,32,13117.0
1257472,,NLPCreateQKVHeadsDecodeDeviceOperation,32,13113.0
1147904,,RotaryEmbeddingDeviceOperation,32,13108.0
1173504,,NLPCreateQKVHeadsDecodeDeviceOperation,32,13105.0
1021952,,RotaryEmbeddingDeviceOperation,32,13101.0
1215488,,NLPCreateQKVHeadsDecodeDeviceOperation,32,13098.0
459776,,NLPCreateQKVHeadsDecodeDeviceOperation,32,13097.0
1315840,,RotaryEmbeddingDeviceOperation,32,13097.0
256000,,RotaryEmbeddingDeviceOperation,32,13086.0
2518016,1,RotaryEmbeddingDeviceOperation,28,13083.0
2560000,1,RotaryEmbeddingDeviceOperation,28,13061.0
2601984,1,RotaryEmbeddingDeviceOperation,28,13051.0
634880,,RotaryEmbeddingDeviceOperation,32,12970.0
2007040,1,NLPCreateQKVHeadsDecodeDeviceOperation,32,12910.0
2468864,1,NLPCreateQKVHeadsDecodeDeviceOperation,31,12895.0
299008,,RotaryEmbeddingDeviceOperation,32,12855.0
1881088,1,NLPCreateQKVHeadsDecodeDeviceOperation,32,12853.0
1629184,1,NLPCreateQKVHeadsDecodeDeviceOperation,32,12825.0
2132992,1,NLPCreateQKVHeadsDecodeDeviceOperation,32,12803.0
1545216,1,NLPCreateQKVHeadsDecodeDeviceOperation,32,12802.0
1755136,1,NLPCreateQKVHeadsDecodeDeviceOperation,32,12800.0
1839104,1,NLPCreateQKVHeadsDecodeDeviceOperation,32,12786.0
2510848,1,NLPCreateQKVHeadsDecodeDeviceOperation,28,12773.0
2300928,1,NLPCreateQKVHeadsDecodeDeviceOperation,32,12772.0
2216960,1,NLPCreateQKVHeadsDecodeDeviceOperation,32,12761.0
2049024,1,NLPCreateQKVHeadsDecodeDeviceOperation,32,12759.0
2426880,1,NLPCreateQKVHeadsDecodeDeviceOperation,32,12755.0
1594368,1,RotaryEmbeddingDeviceOperation,32,12753.0
1470464,1,NLPCreateQKVHeadsDecodeDeviceOperation,32,12752.0
2091008,1,NLPCreateQKVHeadsDecodeDeviceOperation,32,12745.0
2552832,1,NLPCreateQKVHeadsDecodeDeviceOperation,28,12745.0
1797120,1,NLPCreateQKVHeadsDecodeDeviceOperation,32,12735.0
1587200,1,NLPCreateQKVHeadsDecodeDeviceOperation,32,12727.0
1965056,1,NLPCreateQKVHeadsDecodeDeviceOperation,32,12720.0
1552384,1,RotaryEmbeddingDeviceOperation,32,12711.0
1923072,1,NLPCreateQKVHeadsDecodeDeviceOperation,32,12706.0
2636800,1,NLPCreateQKVHeadsDecodeDeviceOperation,24,12703.0
2258944,1,NLPCreateQKVHeadsDecodeDeviceOperation,32,12700.0
2342912,1,NLPCreateQKVHeadsDecodeDeviceOperation,32,12696.0
1713152,1,NLPCreateQKVHeadsDecodeDeviceOperation,32,12672.0
2384896,1,NLPCreateQKVHeadsDecodeDeviceOperation,32,12669.0
2594816,1,NLPCreateQKVHeadsDecodeDeviceOperation,28,12665.0
2611200,1,RotaryEmbeddingDeviceOperation,24,12654.0
1671168,1,NLPCreateQKVHeadsDecodeDeviceOperation,32,12648.0
2308096,1,RotaryEmbeddingDeviceOperation,32,12647.0
2266112,1,RotaryEmbeddingDeviceOperation,32,12593.0
2182144,1,RotaryEmbeddingDeviceOperation,32,12572.0
2527232,1,RotaryEmbeddingDeviceOperation,28,12538.0
1846272,1,RotaryEmbeddingDeviceOperation,32,12537.0
2224128,1,RotaryEmbeddingDeviceOperation,32,12517.0
1678336,1,RotaryEmbeddingDeviceOperation,32,12502.0
1762304,1,RotaryEmbeddingDeviceOperation,32,12488.0
2056192,1,RotaryEmbeddingDeviceOperation,32,12477.0
2098176,1,RotaryEmbeddingDeviceOperation,32,12465.0
1930240,1,RotaryEmbeddingDeviceOperation,32,12464.0
1804288,1,RotaryEmbeddingDeviceOperation,32,12451.0
2350080,1,RotaryEmbeddingDeviceOperation,32,12449.0
2014208,1,RotaryEmbeddingDeviceOperation,32,12448.0
1888256,1,RotaryEmbeddingDeviceOperation,32,12440.0
2643968,1,RotaryEmbeddingDeviceOperation,24,12421.0
2476032,1,RotaryEmbeddingDeviceOperation,31,12407.0
1972224,1,RotaryEmbeddingDeviceOperation,32,12394.0
1720320,1,RotaryEmbeddingDeviceOperation,32,12376.0
2392064,1,RotaryEmbeddingDeviceOperation,32,12368.0
1490944,1,RotaryEmbeddingDeviceOperation,32,12359.0
1636352,1,RotaryEmbeddingDeviceOperation,32,12329.0
2569216,1,RotaryEmbeddingDeviceOperation,28,12288.0
2653184,1,RotaryEmbeddingDeviceOperation,24,12214.0
33792,,TilizeWithValPaddingDeviceOperation,1,12024.0
3072,,TilizeWithValPaddingDeviceOperation,1,12009.0
1603584,1,RotaryEmbeddingDeviceOperation,32,12000.0
1729536,1,RotaryEmbeddingDeviceOperation,32,11985.0
1981440,1,RotaryEmbeddingDeviceOperation,32,11982.0
1813504,1,RotaryEmbeddingDeviceOperation,32,11980.0
76800,,TilizeWithValPaddingDeviceOperation,1,11975.0
101376,,TilizeWithValPaddingDeviceOperation,1,11973.0
70656,,TilizeWithValPaddingDeviceOperation,1,11971.0
15360,,TilizeWithValPaddingDeviceOperation,1,11968.0
2191360,1,RotaryEmbeddingDeviceOperation,32,11968.0
138240,,TilizeWithValPaddingDeviceOperation,1,11966.0
1509376,1,RotaryEmbeddingDeviceOperation,32,11964.0
9216,,TilizeWithValPaddingDeviceOperation,1,11961.0
1687552,1,RotaryEmbeddingDeviceOperation,32,11959.0
111616,,TilizeWithValPaddingDeviceOperation,1,11955.0
37888,,TilizeWithValPaddingDeviceOperation,1,11954.0
148480,,TilizeWithValPaddingDeviceOperation,1,11953.0
46080,,TilizeWithValPaddingDeviceOperation,1,11951.0
136192,,TilizeWithValPaddingDeviceOperation,1,11950.0
107520,,TilizeWithValPaddingDeviceOperation,1,11949.0
31744,,TilizeWithValPaddingDeviceOperation,1,11945.0
52224,,TilizeWithValPaddingDeviceOperation,1,11945.0
27648,,TilizeWithValPaddingDeviceOperation,1,11943.0
82944,,TilizeWithValPaddingDeviceOperation,1,11939.0
105472,,TilizeWithValPaddingDeviceOperation,1,11938.0
142336,,TilizeWithValPaddingDeviceOperation,1,11938.0
119808,,TilizeWithValPaddingDeviceOperation,1,11937.0
168960,,TilizeWithValPaddingDeviceOperation,1,11937.0
156672,,TilizeWithValPaddingDeviceOperation,1,11936.0
173056,,TilizeWithValPaddingDeviceOperation,1,11936.0
25600,,TilizeWithValPaddingDeviceOperation,1,11935.0
7168,,TilizeWithValPaddingDeviceOperation,1,11934.0
21504,,TilizeWithValPaddingDeviceOperation,1,11934.0
2485248,1,RotaryEmbeddingDeviceOperation,31,11932.0
2233344,1,RotaryEmbeddingDeviceOperation,32,11931.0
56320,,TilizeWithValPaddingDeviceOperation,1,11929.0
130048,,TilizeWithValPaddingDeviceOperation,1,11928.0
150528,,TilizeWithValPaddingDeviceOperation,1,11928.0
39936,,TilizeWithValPaddingDeviceOperation,1,11927.0
74752,,TilizeWithValPaddingDeviceOperation,1,11927.0
13312,,TilizeWithValPaddingDeviceOperation,1,11926.0
58368,,TilizeWithValPaddingDeviceOperation,1,11926.0
99328,,TilizeWithValPaddingDeviceOperation,1,11925.0
132096,,TilizeWithValPaddingDeviceOperation,1,11925.0
93184,,TilizeWithValPaddingDeviceOperation,1,11922.0
2065408,1,RotaryEmbeddingDeviceOperation,32,11919.0
50176,,TilizeWithValPaddingDeviceOperation,1,11918.0
89088,,TilizeWithValPaddingDeviceOperation,1,11917.0
162816,,TilizeWithValPaddingDeviceOperation,1,11914.0
95232,,TilizeWithValPaddingDeviceOperation,1,11913.0
113664,,TilizeWithValPaddingDeviceOperation,1,11911.0
125952,,TilizeWithValPaddingDeviceOperation,1,11908.0
19456,,TilizeWithValPaddingDeviceOperation,1,11905.0
64512,,TilizeWithValPaddingDeviceOperation,1,11905.0
2539520,1,LayerNormDeviceOperation,60,11904.0
144384,,TilizeWithValPaddingDeviceOperation,1,11890.0
123904,,TilizeWithValPaddingDeviceOperation,1,11887.0
160768,,TilizeWithValPaddingDeviceOperation,1,11886.0
154624,,TilizeWithValPaddingDeviceOperation,1,11885.0
1561600,1,RotaryEmbeddingDeviceOperation,32,11874.0
2149376,1,RotaryEmbeddingDeviceOperation,32,11873.0
2275328,1,RotaryEmbeddingDeviceOperation,32,11873.0
1645568,1,RotaryEmbeddingDeviceOperation,32,11865.0
2023424,1,RotaryEmbeddingDeviceOperation,32,11859.0
2317312,1,RotaryEmbeddingDeviceOperation,32,11859.0
1855488,1,RotaryEmbeddingDeviceOperation,32,11856.0
1897472,1,RotaryEmbeddingDeviceOperation,32,11853.0
2359296,1,RotaryEmbeddingDeviceOperation,32,11842.0
1771520,1,RotaryEmbeddingDeviceOperation,32,11789.0
117760,,TilizeWithValPaddingDeviceOperation,1,11770.0
2401280,1,RotaryEmbeddingDeviceOperation,32,11769.0
87040,,TilizeWithValPaddingDeviceOperation,1,11768.0
68608,,TilizeWithValPaddingDeviceOperation,1,11766.0
1867776,1,LayerNormDeviceOperation,64,11766.0
2443264,1,RotaryEmbeddingDeviceOperation,32,11766.0
1951744,1,LayerNormDeviceOperation,64,11760.0
2413568,1,LayerNormDeviceOperation,64,11755.0
2107392,1,RotaryEmbeddingDeviceOperation,32,11751.0
166912,,TilizeWithValPaddingDeviceOperation,1,11748.0
44032,,TilizeWithValPaddingDeviceOperation,1,11743.0
1939456,1,RotaryEmbeddingDeviceOperation,32,11741.0
62464,,TilizeWithValPaddingDeviceOperation,1,11733.0
80896,,TilizeWithValPaddingDeviceOperation,1,11731.0
1793024,1,LayerNormDeviceOperation,64,11692.0
1505280,1,LayerNormDeviceOperation,32,11635.0
2245632,1,LayerNormDeviceOperation,64,11610.0
1615872,1,LayerNormDeviceOperation,64,11607.0
2674688,1,LayerNormDeviceOperation,48,11594.0
1741824,1,LayerNormDeviceOperation,64,11592.0
2002944,1,LayerNormDeviceOperation,64,11590.0
1699840,1,LayerNormDeviceOperation,64,11582.0
1876992,1,LayerNormDeviceOperation,64,11580.0
1751040,1,LayerNormDeviceOperation,64,11577.0
2329600,1,LayerNormDeviceOperation,64,11568.0
1783808,1,LayerNormDeviceOperation,64,11563.0
2035712,1,LayerNormDeviceOperation,64,11561.0
1993728,1,LayerNormDeviceOperation,64,11552.0
2371584,1,LayerNormDeviceOperation,64,11550.0
1709056,1,LayerNormDeviceOperation,64,11543.0
2128896,1,LayerNormDeviceOperation,64,11537.0
2212864,1,LayerNormDeviceOperation,64,11534.0
1541120,1,LayerNormDeviceOperation,64,11531.0
2203648,1,LayerNormDeviceOperation,64,11531.0
2338816,1,LayerNormDeviceOperation,64,11528.0
2380800,1,LayerNormDeviceOperation,64,11527.0
2119680,1,LayerNormDeviceOperation,64,11517.0
2296832,1,LayerNormDeviceOperation,64,11514.0
1825792,1,LayerNormDeviceOperation,64,11512.0
2422784,1,LayerNormDeviceOperation,64,11511.0
1583104,1,LayerNormDeviceOperation,64,11510.0
2170880,1,LayerNormDeviceOperation,64,11509.0
1625088,1,LayerNormDeviceOperation,64,11497.0
1835008,1,LayerNormDeviceOperation,64,11496.0
1573888,1,LayerNormDeviceOperation,64,11495.0
2044928,1,LayerNormDeviceOperation,64,11490.0
1667072,1,LayerNormDeviceOperation,64,11487.0
1918976,1,LayerNormDeviceOperation,64,11482.0
2581504,1,LayerNormDeviceOperation,60,11478.0
1960960,1,LayerNormDeviceOperation,64,11476.0
2086912,1,LayerNormDeviceOperation,64,11476.0
2254848,1,LayerNormDeviceOperation,64,11474.0
2464768,1,LayerNormDeviceOperation,63,11468.0
2077696,1,LayerNormDeviceOperation,64,11466.0
2161664,1,LayerNormDeviceOperation,64,11459.0
1909760,1,LayerNormDeviceOperation,64,11458.0
2287616,1,LayerNormDeviceOperation,64,11458.0
1486848,1,LayerNormDeviceOperation,32,11454.0
1657856,1,LayerNormDeviceOperation,64,11443.0
2548736,1,LayerNormDeviceOperation,60,11441.0
2506752,1,LayerNormDeviceOperation,60,11433.0
2590720,1,LayerNormDeviceOperation,60,11428.0
2455552,1,LayerNormDeviceOperation,63,11423.0
2497536,1,LayerNormDeviceOperation,60,11409.0
2665472,1,LayerNormDeviceOperation,56,11401.0
2632704,1,LayerNormDeviceOperation,56,11374.0
2623488,1,LayerNormDeviceOperation,56,11369.0
1674240,1,LayerNormDeviceOperation,32,11264.0
959488,,LayerNormDeviceOperation,64,11214.0
287744,,LayerNormDeviceOperation,64,11210.0
2597888,1,LayerNormDeviceOperation,28,11210.0
371712,,LayerNormDeviceOperation,64,11205.0
1043456,,LayerNormDeviceOperation,64,11204.0
1842176,1,LayerNormDeviceOperation,32,11203.0
1001472,,LayerNormDeviceOperation,64,11202.0
833536,,LayerNormDeviceOperation,64,11198.0
1337344,,LayerNormDeviceOperation,64,11198.0
1202176,,LayerNormDeviceOperation,64,11196.0
1127424,,LayerNormDeviceOperation,64,11195.0
539648,,LayerNormDeviceOperation,64,11194.0
581632,,LayerNormDeviceOperation,64,11193.0
1295360,,LayerNormDeviceOperation,64,11193.0
707584,,LayerNormDeviceOperation,64,11191.0
665600,,LayerNormDeviceOperation,64,11190.0
2019328,1,LayerNormDeviceOperation,32,11190.0
572416,,LayerNormDeviceOperation,64,11189.0
1076224,,LayerNormDeviceOperation,64,11189.0
413696,,LayerNormDeviceOperation,64,11186.0
749568,,LayerNormDeviceOperation,64,11186.0
446464,,LayerNormDeviceOperation,64,11183.0
866304,,LayerNormDeviceOperation,64,11183.0
1085440,,LayerNormDeviceOperation,64,11182.0
2094080,1,LayerNormDeviceOperation,32,11182.0
824320,,LayerNormDeviceOperation,64,11177.0
362496,,LayerNormDeviceOperation,64,11174.0
950272,,LayerNormDeviceOperation,64,11174.0
530432,,LayerNormDeviceOperation,64,11171.0
791552,,LayerNormDeviceOperation,64,11171.0
623616,,LayerNormDeviceOperation,64,11168.0
992256,,LayerNormDeviceOperation,64,11168.0
1253376,,LayerNormDeviceOperation,64,11168.0
1370112,,LayerNormDeviceOperation,64,11168.0
1034240,,LayerNormDeviceOperation,64,11166.0
404480,,LayerNormDeviceOperation,64,11165.0
698368,,LayerNormDeviceOperation,64,11165.0
908288,,LayerNormDeviceOperation,64,11164.0
455680,,LayerNormDeviceOperation,64,11163.0
1286144,,LayerNormDeviceOperation,64,11161.0
1421312,,LayerNormDeviceOperation,64,11161.0
1160192,,LayerNormDeviceOperation,64,11160.0
1169408,,LayerNormDeviceOperation,64,11160.0
329728,,LayerNormDeviceOperation,64,11157.0
320512,,LayerNormDeviceOperation,64,11155.0
488448,,LayerNormDeviceOperation,64,11154.0
2555904,1,LayerNormDeviceOperation,28,11153.0
875520,,LayerNormDeviceOperation,64,11152.0
1211392,,LayerNormDeviceOperation,64,11152.0
1977344,1,LayerNormDeviceOperation,32,11152.0
212992,,LayerNormDeviceOperation,64,11150.0
1328128,,LayerNormDeviceOperation,64,11148.0
917504,,LayerNormDeviceOperation,64,11147.0
1244160,,LayerNormDeviceOperation,64,11145.0
614400,,LayerNormDeviceOperation,64,11144.0
1412096,,LayerNormDeviceOperation,64,11142.0
497664,,LayerNormDeviceOperation,64,11139.0
1118208,,LayerNormDeviceOperation,64,11138.0
656384,,LayerNormDeviceOperation,64,11136.0
740352,,LayerNormDeviceOperation,64,11136.0
1379328,,LayerNormDeviceOperation,64,11132.0
2481152,1,LayerNormDeviceOperation,31,11125.0
2607104,1,LayerNormDeviceOperation,24,11122.0
782336,,LayerNormDeviceOperation,64,11119.0
2523136,1,LayerNormDeviceOperation,28,11119.0
1884160,1,LayerNormDeviceOperation,32,11115.0
1683456,1,LayerNormDeviceOperation,32,11109.0
2271232,1,LayerNormDeviceOperation,32,11106.0
1641472,1,LayerNormDeviceOperation,32,11100.0
2220032,1,LayerNormDeviceOperation,32,11100.0
1935360,1,LayerNormDeviceOperation,32,11098.0
1767424,1,LayerNormDeviceOperation,32,11070.0
2649088,1,LayerNormDeviceOperation,24,11065.0
2313216,1,LayerNormDeviceOperation,32,11064.0
2187264,1,LayerNormDeviceOperation,32,11063.0
2387968,1,LayerNormDeviceOperation,32,11062.0
2345984,1,LayerNormDeviceOperation,32,11059.0
1800192,1,LayerNormDeviceOperation,32,11055.0
1590272,1,LayerNormDeviceOperation,32,11046.0
2145280,1,LayerNormDeviceOperation,32,11042.0
2355200,1,LayerNormDeviceOperation,32,11042.0
2262016,1,LayerNormDeviceOperation,32,11036.0
1851392,1,LayerNormDeviceOperation,32,11028.0
1893376,1,LayerNormDeviceOperation,32,11027.0
1557504,1,LayerNormDeviceOperation,32,11025.0
1926144,1,LayerNormDeviceOperation,32,11025.0
2103296,1,LayerNormDeviceOperation,32,11025.0
2052096,1,LayerNormDeviceOperation,32,11024.0
2565120,1,LayerNormDeviceOperation,28,11023.0
2304000,1,LayerNormDeviceOperation,32,11020.0
2061312,1,LayerNormDeviceOperation,32,11009.0
1632256,1,LayerNormDeviceOperation,32,11006.0
1599488,1,LayerNormDeviceOperation,32,11003.0
1548288,1,LayerNormDeviceOperation,32,10995.0
2136064,1,LayerNormDeviceOperation,32,10994.0
2178048,1,LayerNormDeviceOperation,32,10982.0
2639872,1,LayerNormDeviceOperation,24,10977.0
1758208,1,LayerNormDeviceOperation,32,10966.0
1809408,1,LayerNormDeviceOperation,32,10956.0
1968128,1,LayerNormDeviceOperation,32,10956.0
2010112,1,LayerNormDeviceOperation,32,10952.0
2471936,1,LayerNormDeviceOperation,31,10952.0
2513920,1,LayerNormDeviceOperation,28,10943.0
1725440,1,LayerNormDeviceOperation,32,10940.0
2397184,1,LayerNormDeviceOperation,32,10896.0
2229248,1,LayerNormDeviceOperation,32,10879.0
2439168,1,LayerNormDeviceOperation,32,10878.0
2429952,1,LayerNormDeviceOperation,32,10877.0
1716224,1,LayerNormDeviceOperation,32,10830.0
1533952,1,LayerNormDeviceOperation,32,10769.0
798720,,LayerNormDeviceOperation,32,10185.0
1176576,,LayerNormDeviceOperation,32,10166.0
251904,,LayerNormDeviceOperation,32,10163.0
933888,,LayerNormDeviceOperation,32,10162.0
514048,,LayerNormDeviceOperation,32,10154.0
1302528,,LayerNormDeviceOperation,32,10150.0
1386496,,LayerNormDeviceOperation,32,10150.0
1260544,,LayerNormDeviceOperation,32,10149.0
966656,,LayerNormDeviceOperation,32,10146.0
1395712,,LayerNormDeviceOperation,32,10143.0
1017856,,LayerNormDeviceOperation,32,10142.0
1185792,,LayerNormDeviceOperation,32,10141.0
630784,,LayerNormDeviceOperation,32,10139.0
756736,,LayerNormDeviceOperation,32,10137.0
556032,,LayerNormDeviceOperation,32,10136.0
723968,,LayerNormDeviceOperation,32,10136.0
1218560,,LayerNormDeviceOperation,32,10134.0
336896,,LayerNormDeviceOperation,32,10132.0
640000,,LayerNormDeviceOperation,32,10132.0
807936,,LayerNormDeviceOperation,32,10132.0
924672,,LayerNormDeviceOperation,32,10132.0
672768,,LayerNormDeviceOperation,32,10131.0
420864,,LayerNormDeviceOperation,32,10128.0
849920,,LayerNormDeviceOperation,32,10128.0
378880,,LayerNormDeviceOperation,32,10125.0
462848,,LayerNormDeviceOperation,32,10125.0
765952,,LayerNormDeviceOperation,32,10124.0
1092608,,LayerNormDeviceOperation,32,10124.0
472064,,LayerNormDeviceOperation,32,10123.0
1227776,,LayerNormDeviceOperation,32,10120.0
1059840,,LayerNormDeviceOperation,32,10117.0
598016,,LayerNormDeviceOperation,32,10116.0
233472,,LayerNormDeviceOperation,32,10114.0
588800,,LayerNormDeviceOperation,32,10113.0
882688,,LayerNormDeviceOperation,32,10111.0
1344512,,LayerNormDeviceOperation,32,10111.0
840704,,LayerNormDeviceOperation,32,10110.0
1050624,,LayerNormDeviceOperation,32,10109.0
1269760,,LayerNormDeviceOperation,32,10109.0
346112,,LayerNormDeviceOperation,32,10108.0
504832,,LayerNormDeviceOperation,32,10108.0
1008640,,LayerNormDeviceOperation,32,10107.0
1134592,,LayerNormDeviceOperation,32,10106.0
891904,,LayerNormDeviceOperation,32,10105.0
430080,,LayerNormDeviceOperation,32,10103.0
388096,,LayerNormDeviceOperation,32,10102.0
1311744,,LayerNormDeviceOperation,32,10100.0
304128,,LayerNormDeviceOperation,32,10097.0
1101824,,LayerNormDeviceOperation,32,10096.0
714752,,LayerNormDeviceOperation,32,10094.0
294912,,LayerNormDeviceOperation,32,10089.0
975872,,LayerNormDeviceOperation,32,10089.0
681984,,LayerNormDeviceOperation,32,10088.0
1143808,,LayerNormDeviceOperation,32,10086.0
546816,,LayerNormDeviceOperation,32,10084.0
1353728,,LayerNormDeviceOperation,32,10080.0
280576,,LayerNormDeviceOperation,32,10035.0
269312,,FillPadDeviceOperation,64,9644.0
1522688,1,FillPadDeviceOperation,64,9566.0
271360,,BinaryNgDeviceOperation,64,8711.0
18432,,TilizeWithValPaddingDeviceOperation,32,8363.0
84992,,TilizeWithValPaddingDeviceOperation,32,8286.0
36864,,TilizeWithValPaddingDeviceOperation,32,8244.0
110592,,TilizeWithValPaddingDeviceOperation,32,8229.0
67584,,TilizeWithValPaddingDeviceOperation,32,8193.0
66560,,TilizeWithValPaddingDeviceOperation,32,8184.0
24576,,TilizeWithValPaddingDeviceOperation,32,8178.0
29696,,TilizeWithValPaddingDeviceOperation,32,8167.0
121856,,TilizeWithValPaddingDeviceOperation,32,8156.0
103424,,TilizeWithValPaddingDeviceOperation,32,8146.0
1024,,TilizeWithValPaddingDeviceOperation,32,8143.0
5120,,TilizeWithValPaddingDeviceOperation,32,8132.0
159744,,TilizeWithValPaddingDeviceOperation,32,8121.0
60416,,TilizeWithValPaddingDeviceOperation,32,8120.0
11264,,TilizeWithValPaddingDeviceOperation,32,8106.0
171008,,TilizeWithValPaddingDeviceOperation,32,8089.0
23552,,TilizeWithValPaddingDeviceOperation,32,8073.0
165888,,TilizeWithValPaddingDeviceOperation,32,8063.0
153600,,TilizeWithValPaddingDeviceOperation,32,8055.0
48128,,TilizeWithValPaddingDeviceOperation,32,8039.0
41984,,TilizeWithValPaddingDeviceOperation,32,8037.0
109568,,TilizeWithValPaddingDeviceOperation,32,8030.0
172032,,TilizeWithValPaddingDeviceOperation,32,8028.0
141312,,TilizeWithValPaddingDeviceOperation,32,8019.0
91136,,TilizeWithValPaddingDeviceOperation,32,8013.0
128000,,TilizeWithValPaddingDeviceOperation,32,8012.0
79872,,TilizeWithValPaddingDeviceOperation,32,8009.0
98304,,TilizeWithValPaddingDeviceOperation,32,8007.0
147456,,TilizeWithValPaddingDeviceOperation,32,8007.0
164864,,TilizeWithValPaddingDeviceOperation,32,8001.0
54272,,TilizeWithValPaddingDeviceOperation,32,7998.0
92160,,TilizeWithValPaddingDeviceOperation,32,7988.0
55296,,TilizeWithValPaddingDeviceOperation,32,7986.0
146432,,TilizeWithValPaddingDeviceOperation,32,7985.0
49152,,TilizeWithValPaddingDeviceOperation,32,7984.0
12288,,TilizeWithValPaddingDeviceOperation,32,7979.0
134144,,TilizeWithValPaddingDeviceOperation,32,7976.0
135168,,TilizeWithValPaddingDeviceOperation,32,7970.0
72704,,TilizeWithValPaddingDeviceOperation,32,7966.0
17408,,TilizeWithValPaddingDeviceOperation,32,7962.0
140288,,TilizeWithValPaddingDeviceOperation,32,7962.0
97280,,TilizeWithValPaddingDeviceOperation,32,7960.0
158720,,TilizeWithValPaddingDeviceOperation,32,7947.0
152576,,TilizeWithValPaddingDeviceOperation,32,7944.0
73728,,TilizeWithValPaddingDeviceOperation,32,7942.0
116736,,TilizeWithValPaddingDeviceOperation,32,7925.0
115712,,TilizeWithValPaddingDeviceOperation,32,7921.0
122880,,TilizeWithValPaddingDeviceOperation,32,7916.0
61440,,TilizeWithValPaddingDeviceOperation,32,7904.0
129024,,TilizeWithValPaddingDeviceOperation,32,7902.0
78848,,TilizeWithValPaddingDeviceOperation,32,7895.0
6144,,TilizeWithValPaddingDeviceOperation,32,7893.0
30720,,TilizeWithValPaddingDeviceOperation,32,7892.0
86016,,TilizeWithValPaddingDeviceOperation,32,7879.0
35840,,TilizeWithValPaddingDeviceOperation,32,7870.0
43008,,TilizeWithValPaddingDeviceOperation,32,7846.0
104448,,TilizeWithValPaddingDeviceOperation,32,7760.0
1524736,1,BinaryNgDeviceOperation,64,7127.0
1458176,1,TilizeWithValPaddingDeviceOperation,1,6675.0
1474560,1,TilizeWithValPaddingDeviceOperation,1,6662.0
174080,,TilizeWithValPaddingDeviceOperation,1,6621.0
1319936,,TypecastDeviceOperation,64,6606.0
241664,,TilizeWithValPaddingDeviceOperation,1,6568.0
1427456,1,TilizeWithValPaddingDeviceOperation,1,6558.0
480256,,TypecastDeviceOperation,64,6485.0
221184,,TilizeWithValPaddingDeviceOperation,1,6462.0
204800,,TilizeWithValPaddingDeviceOperation,1,6459.0
942080,,TypecastDeviceOperation,64,6450.0
1985536,1,TypecastDeviceOperation,64,6381.0
1068032,,TypecastDeviceOperation,64,6380.0
267264,,TypecastDeviceOperation,64,6379.0
1495040,1,TilizeWithValPaddingDeviceOperation,1,6312.0
522240,,TypecastDeviceOperation,64,6310.0
1193984,,TypecastDeviceOperation,64,6282.0
732160,,TypecastDeviceOperation,64,6215.0
1361920,,TypecastDeviceOperation,64,6203.0
564224,,TypecastDeviceOperation,64,6141.0
1403904,,TypecastDeviceOperation,64,6130.0
858112,,TypecastDeviceOperation,64,6098.0
816128,,TypecastDeviceOperation,64,6090.0
2069504,1,TypecastDeviceOperation,64,6077.0
354304,,TypecastDeviceOperation,64,6071.0
2615296,1,TypecastDeviceOperation,56,6070.0
1943552,1,TypecastDeviceOperation,64,6064.0
438272,,TypecastDeviceOperation,64,6061.0
2405376,1,TypecastDeviceOperation,64,6053.0
312320,,TypecastDeviceOperation,64,6051.0
1607680,1,TypecastDeviceOperation,64,6034.0
2489344,1,TypecastDeviceOperation,63,6029.0
2531328,1,TypecastDeviceOperation,60,6023.0
1649664,1,TypecastDeviceOperation,64,6011.0
1110016,,TypecastDeviceOperation,64,6004.0
1901568,1,TypecastDeviceOperation,64,6002.0
774144,,TypecastDeviceOperation,64,5995.0
2237440,1,TypecastDeviceOperation,64,5989.0
606208,,TypecastDeviceOperation,64,5977.0
1817600,1,TypecastDeviceOperation,64,5972.0
1235968,,TypecastDeviceOperation,64,5968.0
1026048,,TypecastDeviceOperation,64,5962.0
2279424,1,TypecastDeviceOperation,64,5960.0
1733632,1,TypecastDeviceOperation,64,5957.0
396288,,TypecastDeviceOperation,64,5933.0
2027520,1,TypecastDeviceOperation,64,5928.0
900096,,TypecastDeviceOperation,64,5924.0
2493440,1,NLPConcatHeadsDecodeDeviceOperation,14,5924.0
2363392,1,TypecastDeviceOperation,64,5921.0
690176,,TypecastDeviceOperation,64,5884.0
1775616,1,TypecastDeviceOperation,64,5878.0
2321408,1,TypecastDeviceOperation,64,5877.0
2195456,1,TypecastDeviceOperation,64,5870.0
275456,,NLPConcatHeadsDecodeDeviceOperation,16,5865.0
1565696,1,TypecastDeviceOperation,64,5855.0
1859584,1,TypecastDeviceOperation,64,5854.0
1198080,,NLPConcatHeadsDecodeDeviceOperation,16,5850.0
568320,,NLPConcatHeadsDecodeDeviceOperation,16,5848.0
1512448,1,UntilizeWithUnpaddingDeviceOperation,32,5847.0
1324032,,NLPConcatHeadsDecodeDeviceOperation,16,5841.0
820224,,NLPConcatHeadsDecodeDeviceOperation,16,5827.0
442368,,NLPConcatHeadsDecodeDeviceOperation,16,5821.0
984064,,TypecastDeviceOperation,64,5815.0
1277952,,TypecastDeviceOperation,64,5813.0
1240064,,NLPConcatHeadsDecodeDeviceOperation,16,5808.0
988160,,NLPConcatHeadsDecodeDeviceOperation,16,5803.0
694272,,NLPConcatHeadsDecodeDeviceOperation,16,5802.0
2111488,1,TypecastDeviceOperation,64,5802.0
652288,,NLPConcatHeadsDecodeDeviceOperation,16,5796.0
1030144,,NLPConcatHeadsDecodeDeviceOperation,16,5796.0
2153472,1,TypecastDeviceOperation,64,5796.0
400384,,NLPConcatHeadsDecodeDeviceOperation,16,5788.0
904192,,NLPConcatHeadsDecodeDeviceOperation,16,5787.0
2657280,1,TypecastDeviceOperation,56,5782.0
610304,,NLPConcatHeadsDecodeDeviceOperation,16,5779.0
484352,,NLPConcatHeadsDecodeDeviceOperation,16,5778.0
2447360,1,TypecastDeviceOperation,64,5774.0
648192,,TypecastDeviceOperation,64,5773.0
1408000,,NLPConcatHeadsDecodeDeviceOperation,16,5771.0
1691648,1,TypecastDeviceOperation,64,5765.0
778240,,NLPConcatHeadsDecodeDeviceOperation,16,5762.0
1282048,,NLPConcatHeadsDecodeDeviceOperation,16,5757.0
526336,,NLPConcatHeadsDecodeDeviceOperation,16,5756.0
1114112,,NLPConcatHeadsDecodeDeviceOperation,16,5749.0
1156096,,NLPConcatHeadsDecodeDeviceOperation,16,5745.0
736256,,NLPConcatHeadsDecodeDeviceOperation,16,5739.0
1366016,,NLPConcatHeadsDecodeDeviceOperation,16,5733.0
946176,,NLPConcatHeadsDecodeDeviceOperation,16,5731.0
1072128,,NLPConcatHeadsDecodeDeviceOperation,16,5727.0
862208,,NLPConcatHeadsDecodeDeviceOperation,16,5719.0
1520640,1,TypecastDeviceOperation,64,5717.0
316416,,NLPConcatHeadsDecodeDeviceOperation,16,5698.0
1820672,1,TypecastDeviceOperation,64,5697.0
358400,,NLPConcatHeadsDecodeDeviceOperation,16,5695.0
1152000,,TypecastDeviceOperation,64,5657.0
2573312,1,TypecastDeviceOperation,60,5649.0
2576384,1,TypecastDeviceOperation,60,5627.0
1528832,1,NLPConcatHeadsDecodeDeviceOperation,16,5549.0
2283520,1,NLPConcatHeadsDecodeDeviceOperation,16,5546.0
1946624,1,TypecastDeviceOperation,64,5543.0
2451456,1,NLPConcatHeadsDecodeDeviceOperation,15,5538.0
1988608,1,TypecastDeviceOperation,64,5521.0
2534400,1,TypecastDeviceOperation,60,5492.0
2115584,1,NLPConcatHeadsDecodeDeviceOperation,16,5486.0
2240512,1,TypecastDeviceOperation,64,5468.0
259072,,UntilizeWithUnpaddingDeviceOperation,32,5450.0
2073600,1,NLPConcatHeadsDecodeDeviceOperation,16,5450.0
1653760,1,NLPConcatHeadsDecodeDeviceOperation,16,5431.0
1778688,1,TypecastDeviceOperation,64,5429.0
1695744,1,NLPConcatHeadsDecodeDeviceOperation,16,5413.0
1779712,1,NLPConcatHeadsDecodeDeviceOperation,16,5392.0
2577408,1,NLPConcatHeadsDecodeDeviceOperation,12,5376.0
1989632,1,NLPConcatHeadsDecodeDeviceOperation,16,5362.0
2241536,1,NLPConcatHeadsDecodeDeviceOperation,16,5351.0
2661376,1,NLPConcatHeadsDecodeDeviceOperation,8,5346.0
1694720,1,TypecastDeviceOperation,64,5318.0
2366464,1,TypecastDeviceOperation,64,5308.0
2535424,1,NLPConcatHeadsDecodeDeviceOperation,12,5305.0
270336,,ReduceDeviceOperation,32,5291.0
1652736,1,TypecastDeviceOperation,64,5289.0
2367488,1,NLPConcatHeadsDecodeDeviceOperation,16,5288.0
249856,,TypecastDeviceOperation,64,5282.0
1863680,1,NLPConcatHeadsDecodeDeviceOperation,16,5282.0
1569792,1,NLPConcatHeadsDecodeDeviceOperation,16,5274.0
1947648,1,NLPConcatHeadsDecodeDeviceOperation,16,5273.0
1821696,1,NLPConcatHeadsDecodeDeviceOperation,16,5272.0
2492416,1,TypecastDeviceOperation,62,5262.0
2031616,1,NLPConcatHeadsDecodeDeviceOperation,16,5249.0
1737728,1,NLPConcatHeadsDecodeDeviceOperation,16,5244.0
1503232,1,TypecastDeviceOperation,64,5242.0
2619392,1,NLPConcatHeadsDecodeDeviceOperation,8,5222.0
2409472,1,NLPConcatHeadsDecodeDeviceOperation,16,5214.0
1905664,1,NLPConcatHeadsDecodeDeviceOperation,16,5210.0
1364992,,TypecastDeviceOperation,64,5198.0
525312,,TypecastDeviceOperation,64,5195.0
2450432,1,TypecastDeviceOperation,64,5195.0
1736704,1,TypecastDeviceOperation,64,5193.0
1029120,,TypecastDeviceOperation,64,5190.0
2325504,1,NLPConcatHeadsDecodeDeviceOperation,16,5187.0
1611776,1,NLPConcatHeadsDecodeDeviceOperation,16,5185.0
1155072,,TypecastDeviceOperation,64,5180.0
1323008,,TypecastDeviceOperation,64,5177.0
2199552,1,NLPConcatHeadsDecodeDeviceOperation,16,5175.0
609280,,TypecastDeviceOperation,64,5170.0
693248,,TypecastDeviceOperation,64,5166.0
987136,,TypecastDeviceOperation,64,5165.0
1197056,,TypecastDeviceOperation,64,5165.0
1071104,,TypecastDeviceOperation,64,5163.0
1406976,,TypecastDeviceOperation,64,5162.0
903168,,TypecastDeviceOperation,64,5161.0
2282496,1,TypecastDeviceOperation,64,5157.0
567296,,TypecastDeviceOperation,64,5152.0
315392,,TypecastDeviceOperation,64,5147.0
651264,,TypecastDeviceOperation,64,5145.0
1113088,,TypecastDeviceOperation,64,5144.0
735232,,TypecastDeviceOperation,64,5139.0
483328,,TypecastDeviceOperation,64,5137.0
2156544,1,TypecastDeviceOperation,64,5136.0
2157568,1,NLPConcatHeadsDecodeDeviceOperation,16,5132.0
777216,,TypecastDeviceOperation,64,5130.0
263168,,TypecastDeviceOperation,64,5126.0
357376,,TypecastDeviceOperation,64,5126.0
819200,,TypecastDeviceOperation,64,5124.0
861184,,TypecastDeviceOperation,64,5119.0
399360,,TypecastDeviceOperation,64,5113.0
274432,,TypecastDeviceOperation,64,5112.0
1281024,,TypecastDeviceOperation,64,5109.0
2660352,1,TypecastDeviceOperation,56,5109.0
945152,,TypecastDeviceOperation,64,5093.0
1239040,,TypecastDeviceOperation,64,5093.0
2114560,1,TypecastDeviceOperation,64,5087.0
441344,,TypecastDeviceOperation,64,5075.0
2198528,1,TypecastDeviceOperation,64,5066.0
2408448,1,TypecastDeviceOperation,64,5065.0
1610752,1,TypecastDeviceOperation,64,5052.0
1862656,1,TypecastDeviceOperation,64,5051.0
2072576,1,TypecastDeviceOperation,64,5047.0
2324480,1,TypecastDeviceOperation,64,5038.0
1523712,1,ReduceDeviceOperation,32,4998.0
1527808,1,TypecastDeviceOperation,64,4979.0
2030592,1,TypecastDeviceOperation,64,4973.0
1568768,1,TypecastDeviceOperation,64,4965.0
1516544,1,TypecastDeviceOperation,64,4945.0
2618368,1,TypecastDeviceOperation,56,4927.0
2028544,1,InterleavedToShardedDeviceOperation,32,4848.0
1904640,1,TypecastDeviceOperation,64,4804.0
1734656,1,InterleavedToShardedDeviceOperation,32,4766.0
1404928,,InterleavedToShardedDeviceOperation,32,4556.0
1986560,1,InterleavedToShardedDeviceOperation,32,4465.0
2196480,1,InterleavedToShardedDeviceOperation,32,4418.0
1278976,,InterleavedToShardedDeviceOperation,32,4389.0
901120,,InterleavedToShardedDeviceOperation,32,4386.0
649216,,InterleavedToShardedDeviceOperation,32,4365.0
2406400,1,InterleavedToShardedDeviceOperation,32,4343.0
1153024,,InterleavedToShardedDeviceOperation,32,4334.0
2238464,1,InterleavedToShardedDeviceOperation,32,4314.0
1236992,,InterleavedToShardedDeviceOperation,32,4300.0
1111040,,InterleavedToShardedDeviceOperation,32,4299.0
481280,,InterleavedToShardedDeviceOperation,32,4269.0
272384,,InterleavedToShardedDeviceOperation,32,4257.0
355328,,InterleavedToShardedDeviceOperation,32,4178.0
439296,,InterleavedToShardedDeviceOperation,32,4170.0
691200,,InterleavedToShardedDeviceOperation,32,4134.0
607232,,InterleavedToShardedDeviceOperation,32,4123.0
2154496,1,InterleavedToShardedDeviceOperation,32,4083.0
1362944,,InterleavedToShardedDeviceOperation,32,4071.0
1069056,,InterleavedToShardedDeviceOperation,32,4060.0
523264,,InterleavedToShardedDeviceOperation,32,4051.0
1902592,1,InterleavedToShardedDeviceOperation,32,3984.0
313344,,InterleavedToShardedDeviceOperation,32,3980.0
1027072,,InterleavedToShardedDeviceOperation,32,3968.0
2070528,1,InterleavedToShardedDeviceOperation,32,3968.0
985088,,InterleavedToShardedDeviceOperation,32,3960.0
1608704,1,InterleavedToShardedDeviceOperation,32,3960.0
565248,,InterleavedToShardedDeviceOperation,32,3939.0
2364416,1,InterleavedToShardedDeviceOperation,32,3926.0
817152,,InterleavedToShardedDeviceOperation,32,3907.0
397312,,InterleavedToShardedDeviceOperation,32,3895.0
943104,,InterleavedToShardedDeviceOperation,32,3892.0
775168,,InterleavedToShardedDeviceOperation,32,3891.0
733184,,InterleavedToShardedDeviceOperation,32,3848.0
1195008,,InterleavedToShardedDeviceOperation,32,3808.0
859136,,InterleavedToShardedDeviceOperation,32,3795.0
1692672,1,InterleavedToShardedDeviceOperation,32,3787.0
1320960,,InterleavedToShardedDeviceOperation,32,3763.0
262144,,InterleavedToShardedDeviceOperation,32,3755.0
242688,,BinaryNgDeviceOperation,64,3749.0
1860608,1,InterleavedToShardedDeviceOperation,32,3696.0
1525760,1,InterleavedToShardedDeviceOperation,32,3631.0
2322432,1,InterleavedToShardedDeviceOperation,32,3627.0
2280448,1,InterleavedToShardedDeviceOperation,32,3620.0
2490368,1,InterleavedToShardedDeviceOperation,31,3600.0
1818624,1,InterleavedToShardedDeviceOperation,32,3564.0
2532352,1,InterleavedToShardedDeviceOperation,28,3541.0
2658304,1,InterleavedToShardedDeviceOperation,24,3524.0
2112512,1,InterleavedToShardedDeviceOperation,32,3522.0
1515520,1,InterleavedToShardedDeviceOperation,32,3508.0
1944576,1,InterleavedToShardedDeviceOperation,32,3496.0
1566720,1,InterleavedToShardedDeviceOperation,32,3487.0
2448384,1,InterleavedToShardedDeviceOperation,32,3399.0
268288,,ShardedToInterleavedDeviceOperation,32,3365.0
1521664,1,ShardedToInterleavedDeviceOperation,32,3364.0
1650688,1,InterleavedToShardedDeviceOperation,32,3338.0
1788928,1,BinaryNgDeviceOperation,64,3336.0
1662976,1,BinaryNgDeviceOperation,64,3329.0
1024000,,CopyDeviceOperation,64,3327.0
258048,,ShardedToInterleavedDeviceOperation,32,3316.0
1496064,1,BinaryNgDeviceOperation,64,3316.0
2334720,1,BinaryNgDeviceOperation,64,3316.0
1998848,1,BinaryNgDeviceOperation,64,3314.0
1872896,1,BinaryNgDeviceOperation,64,3310.0
2040832,1,BinaryNgDeviceOperation,64,3306.0
1956864,1,BinaryNgDeviceOperation,64,3305.0
2292736,1,BinaryNgDeviceOperation,64,3305.0
1914880,1,BinaryNgDeviceOperation,64,3304.0
2082816,1,BinaryNgDeviceOperation,64,3304.0
2586624,1,BinaryNgDeviceOperation,60,3304.0
1746944,1,BinaryNgDeviceOperation,64,3302.0
1776640,1,InterleavedToShardedDeviceOperation,32,3302.0
1830912,1,BinaryNgDeviceOperation,64,3302.0
2124800,1,BinaryNgDeviceOperation,64,3300.0
2418688,1,BinaryNgDeviceOperation,64,3300.0
2616320,1,InterleavedToShardedDeviceOperation,24,3300.0
2250752,1,BinaryNgDeviceOperation,64,3299.0
2376704,1,BinaryNgDeviceOperation,64,3298.0
2460672,1,BinaryNgDeviceOperation,63,3298.0
2574336,1,InterleavedToShardedDeviceOperation,28,3298.0
1620992,1,BinaryNgDeviceOperation,64,3297.0
1579008,1,BinaryNgDeviceOperation,64,3295.0
1537024,1,BinaryNgDeviceOperation,64,3293.0
1704960,1,BinaryNgDeviceOperation,64,3293.0
2628608,1,BinaryNgDeviceOperation,56,3293.0
2208768,1,BinaryNgDeviceOperation,64,3291.0
2670592,1,BinaryNgDeviceOperation,48,3291.0
2166784,1,BinaryNgDeviceOperation,64,3290.0
2544640,1,BinaryNgDeviceOperation,60,3290.0
2502656,1,BinaryNgDeviceOperation,60,3288.0
1275904,,CopyDeviceOperation,64,3238.0
265216,,CopyDeviceOperation,64,3232.0
1081344,,BinaryNgDeviceOperation,64,3222.0
1207296,,BinaryNgDeviceOperation,64,3201.0
1375232,,BinaryNgDeviceOperation,64,3201.0
577536,,BinaryNgDeviceOperation,64,3200.0
436224,,CopyDeviceOperation,64,3199.0
913408,,BinaryNgDeviceOperation,64,3199.0
325632,,BinaryNgDeviceOperation,64,3198.0
493568,,BinaryNgDeviceOperation,64,3198.0
1333248,,BinaryNgDeviceOperation,64,3192.0
619520,,BinaryNgDeviceOperation,64,3191.0
367616,,BinaryNgDeviceOperation,64,3188.0
997376,,BinaryNgDeviceOperation,64,3185.0
1249280,,BinaryNgDeviceOperation,64,3185.0
1039360,,BinaryNgDeviceOperation,64,3184.0
1123328,,BinaryNgDeviceOperation,64,3184.0
829440,,BinaryNgDeviceOperation,64,3182.0
787456,,BinaryNgDeviceOperation,64,3181.0
451584,,BinaryNgDeviceOperation,64,3180.0
871424,,BinaryNgDeviceOperation,64,3178.0
535552,,BinaryNgDeviceOperation,64,3177.0
703488,,BinaryNgDeviceOperation,64,3177.0
283648,,BinaryNgDeviceOperation,64,3174.0
409600,,BinaryNgDeviceOperation,64,3174.0
1291264,,BinaryNgDeviceOperation,64,3172.0
745472,,BinaryNgDeviceOperation,64,3171.0
1417216,,BinaryNgDeviceOperation,64,3171.0
955392,,BinaryNgDeviceOperation,64,3170.0
661504,,BinaryNgDeviceOperation,64,3169.0
814080,,CopyDeviceOperation,64,3166.0
1165312,,BinaryNgDeviceOperation,64,3166.0
2109440,1,CopyDeviceOperation,64,3163.0
1547264,1,ReshardDeviceOperation,32,3156.0
1191936,,CopyDeviceOperation,64,3151.0
1317888,,CopyDeviceOperation,64,3132.0
688128,,CopyDeviceOperation,64,3119.0
352256,,CopyDeviceOperation,64,3117.0
2228224,1,ReshardDeviceOperation,32,3112.0
2260992,1,ReshardDeviceOperation,32,3112.0
1401856,,CopyDeviceOperation,64,3108.0
772096,,CopyDeviceOperation,64,3100.0
1149952,,CopyDeviceOperation,64,3093.0
555008,,ReshardDeviceOperation,32,3092.0
2051072,1,ReshardDeviceOperation,32,3085.0
1983488,1,CopyDeviceOperation,64,3077.0
898048,,CopyDeviceOperation,64,3074.0
1605632,1,CopyDeviceOperation,64,3070.0
1976320,1,ReshardDeviceOperation,32,3070.0
1715200,1,ReshardDeviceOperation,32,3066.0
1359872,,CopyDeviceOperation,64,3061.0
2386944,1,ReshardDeviceOperation,32,3037.0
2470912,1,ReshardDeviceOperation,31,3036.0
222208,,BinaryNgDeviceOperation,64,3028.0
2396160,1,ReshardDeviceOperation,32,3024.0
2522112,1,ReshardDeviceOperation,28,3021.0
310272,,CopyDeviceOperation,64,3015.0
940032,,CopyDeviceOperation,64,3011.0
394240,,CopyDeviceOperation,64,3008.0
2009088,1,ReshardDeviceOperation,32,3006.0
2060288,1,ReshardDeviceOperation,32,3001.0
562176,,CopyDeviceOperation,64,3000.0
1511424,1,ShardedToInterleavedDeviceOperation,32,2996.0
1475584,1,BinaryNgDeviceOperation,64,2994.0
604160,,CopyDeviceOperation,64,2993.0
2277376,1,CopyDeviceOperation,64,2985.0
2135040,1,ReshardDeviceOperation,32,2984.0
2480128,1,ReshardDeviceOperation,31,2984.0
478208,,CopyDeviceOperation,64,2974.0
2025472,1,CopyDeviceOperation,64,2971.0
1107968,,CopyDeviceOperation,64,2967.0
2193408,1,CopyDeviceOperation,64,2962.0
1682432,1,ReshardDeviceOperation,32,2960.0
730112,,CopyDeviceOperation,64,2958.0
1499136,1,UntilizeWithUnpaddingDeviceOperation,1,2952.0
1673216,1,ReshardDeviceOperation,32,2950.0
671744,,ReshardDeviceOperation,32,2945.0
2428928,1,ReshardDeviceOperation,32,2942.0
2186240,1,ReshardDeviceOperation,32,2931.0
1941504,1,CopyDeviceOperation,64,2929.0
2564096,1,ReshardDeviceOperation,28,2928.0
2596864,1,ReshardDeviceOperation,28,2926.0
2219008,1,ReshardDeviceOperation,32,2919.0
2529280,1,CopyDeviceOperation,60,2912.0
1850368,1,ReshardDeviceOperation,32,2910.0
2613248,1,CopyDeviceOperation,56,2910.0
1799168,1,ReshardDeviceOperation,32,2904.0
638976,,ReshardDeviceOperation,32,2903.0
1459200,1,BinaryNgDeviceOperation,64,2901.0
1883136,1,ReshardDeviceOperation,32,2896.0
2354176,1,ReshardDeviceOperation,32,2892.0
856064,,CopyDeviceOperation,64,2891.0
1065984,,CopyDeviceOperation,64,2891.0
2093056,1,ReshardDeviceOperation,32,2889.0
1757184,1,ReshardDeviceOperation,32,2886.0
2445312,1,CopyDeviceOperation,64,2883.0
2151424,1,CopyDeviceOperation,64,2882.0
2235392,1,CopyDeviceOperation,64,2880.0
1773568,1,CopyDeviceOperation,64,2875.0
982016,,CopyDeviceOperation,64,2873.0
1301504,,ReshardDeviceOperation,32,2870.0
1233920,,CopyDeviceOperation,64,2865.0
2554880,1,ReshardDeviceOperation,28,2861.0
520192,,CopyDeviceOperation,64,2850.0
1731584,1,CopyDeviceOperation,64,2844.0
2438144,1,ReshardDeviceOperation,32,2840.0
2648064,1,ReshardDeviceOperation,24,2839.0
2344960,1,ReshardDeviceOperation,32,2838.0
2638848,1,ReshardDeviceOperation,24,2832.0
1857536,1,CopyDeviceOperation,64,2831.0
1563648,1,CopyDeviceOperation,64,2826.0
1934336,1,ReshardDeviceOperation,32,2823.0
1841152,1,ReshardDeviceOperation,32,2822.0
1343488,,ReshardDeviceOperation,32,2806.0
2512896,1,ReshardDeviceOperation,28,2806.0
461824,,ReshardDeviceOperation,32,2796.0
646144,,CopyDeviceOperation,64,2796.0
1589248,1,ReshardDeviceOperation,32,2794.0
2312192,1,ReshardDeviceOperation,32,2789.0
2302976,1,ReshardDeviceOperation,32,2787.0
1789952,1,ShardedToInterleavedDeviceOperation,64,2773.0
1598464,1,ReshardDeviceOperation,32,2772.0
1925120,1,ReshardDeviceOperation,32,2768.0
1808384,1,ReshardDeviceOperation,32,2765.0
1747968,1,ShardedToInterleavedDeviceOperation,64,2764.0
1815552,1,CopyDeviceOperation,64,2760.0
596992,,ReshardDeviceOperation,32,2758.0
2487296,1,CopyDeviceOperation,63,2757.0
1892352,1,ReshardDeviceOperation,32,2756.0
1640448,1,ReshardDeviceOperation,32,2747.0
2606080,1,ReshardDeviceOperation,24,2742.0
2177024,1,ReshardDeviceOperation,32,2741.0
2361344,1,CopyDeviceOperation,64,2741.0
1899520,1,CopyDeviceOperation,64,2739.0
2018304,1,ReshardDeviceOperation,32,2736.0
2067456,1,CopyDeviceOperation,64,2733.0
1967104,1,ReshardDeviceOperation,32,2722.0
1647616,1,CopyDeviceOperation,64,2721.0
1766400,1,ReshardDeviceOperation,32,2721.0
1133568,,ReshardDeviceOperation,32,2698.0
245760,,UntilizeWithUnpaddingDeviceOperation,1,2695.0
1091584,,ReshardDeviceOperation,32,2692.0
2144256,1,ReshardDeviceOperation,32,2686.0
806912,,ReshardDeviceOperation,32,2683.0
1428480,1,BinaryNgDeviceOperation,64,2679.0
746496,,ShardedToInterleavedDeviceOperation,64,2676.0
1485824,1,ReshardDeviceOperation,32,2672.0
797696,,ReshardDeviceOperation,32,2662.0
471040,,ReshardDeviceOperation,32,2651.0
1100800,,ReshardDeviceOperation,32,2645.0
1166336,,ShardedToInterleavedDeviceOperation,64,2644.0
1631232,1,ReshardDeviceOperation,32,2638.0
250880,,ReshardDeviceOperation,32,2636.0
1310720,,ReshardDeviceOperation,32,2636.0
704512,,ShardedToInterleavedDeviceOperation,64,2633.0
587776,,ReshardDeviceOperation,32,2630.0
1376256,,ShardedToInterleavedDeviceOperation,64,2628.0
1689600,1,CopyDeviceOperation,64,2628.0
2209792,1,ShardedToInterleavedDeviceOperation,64,2622.0
494592,,ShardedToInterleavedDeviceOperation,64,2620.0
680960,,ReshardDeviceOperation,32,2620.0
1007616,,ReshardDeviceOperation,32,2614.0
1664000,1,ShardedToInterleavedDeviceOperation,64,2605.0
2041856,1,ShardedToInterleavedDeviceOperation,64,2605.0
232448,,ReshardDeviceOperation,32,2604.0
293888,,ReshardDeviceOperation,32,2604.0
2102272,1,ReshardDeviceOperation,32,2604.0
1705984,1,ShardedToInterleavedDeviceOperation,64,2599.0
345088,,ReshardDeviceOperation,32,2597.0
1724416,1,ReshardDeviceOperation,32,2597.0
2403328,1,CopyDeviceOperation,64,2594.0
713728,,ReshardDeviceOperation,32,2593.0
2270208,1,ReshardDeviceOperation,32,2591.0
1352704,,ReshardDeviceOperation,32,2590.0
1580032,1,ShardedToInterleavedDeviceOperation,64,2588.0
2083840,1,ShardedToInterleavedDeviceOperation,64,2588.0
1556480,1,ReshardDeviceOperation,32,2587.0
452608,,ShardedToInterleavedDeviceOperation,64,2585.0
387072,,ReshardDeviceOperation,32,2579.0
1538048,1,ShardedToInterleavedDeviceOperation,64,2574.0
264192,,ShardedToInterleavedDeviceOperation,32,2573.0
2319360,1,CopyDeviceOperation,64,2569.0
757760,,ShardedToInterleavedDeviceOperation,32,2564.0
1142784,,ReshardDeviceOperation,32,2564.0
1175552,,ReshardDeviceOperation,32,2564.0
305152,,ShardedToInterleavedDeviceOperation,32,2556.0
830464,,ShardedToInterleavedDeviceOperation,64,2553.0
284672,,ShardedToInterleavedDeviceOperation,64,2551.0
175104,,BinaryNgDeviceOperation,64,2549.0
2629632,1,ShardedToInterleavedDeviceOperation,56,2541.0
2587648,1,ShardedToInterleavedDeviceOperation,60,2540.0
881664,,ReshardDeviceOperation,32,2539.0
377856,,ReshardDeviceOperation,32,2534.0
965632,,ReshardDeviceOperation,32,2533.0
1082368,,ShardedToInterleavedDeviceOperation,64,2527.0
1184768,,ReshardDeviceOperation,32,2526.0
1894400,1,ShardedToInterleavedDeviceOperation,32,2523.0
1124352,,ShardedToInterleavedDeviceOperation,64,2521.0
932864,,ReshardDeviceOperation,32,2517.0
1999872,1,ShardedToInterleavedDeviceOperation,64,2516.0
1259520,,ReshardDeviceOperation,32,2507.0
2671616,1,ShardedToInterleavedDeviceOperation,48,2501.0
2571264,1,CopyDeviceOperation,60,2499.0
1268736,,ReshardDeviceOperation,32,2493.0
2251776,1,ShardedToInterleavedDeviceOperation,64,2492.0
620544,,ShardedToInterleavedDeviceOperation,64,2489.0
2545664,1,ShardedToInterleavedDeviceOperation,60,2489.0
419840,,ReshardDeviceOperation,32,2484.0
629760,,ReshardDeviceOperation,32,2484.0
205824,,BinaryNgDeviceOperation,64,2481.0
839680,,ReshardDeviceOperation,32,2478.0
1049600,,ReshardDeviceOperation,32,2477.0
2188288,1,ShardedToInterleavedDeviceOperation,32,2471.0
429056,,ReshardDeviceOperation,32,2469.0
1831936,1,ShardedToInterleavedDeviceOperation,64,2468.0
2335744,1,ShardedToInterleavedDeviceOperation,64,2468.0
890880,,ReshardDeviceOperation,32,2467.0
1553408,1,SliceDeviceOperation,64,2465.0
848896,,ReshardDeviceOperation,32,2461.0
578560,,ShardedToInterleavedDeviceOperation,64,2460.0
2125824,1,ShardedToInterleavedDeviceOperation,64,2460.0
956416,,ShardedToInterleavedDeviceOperation,64,2454.0
766976,,ShardedToInterleavedDeviceOperation,32,2453.0
2293760,1,ShardedToInterleavedDeviceOperation,64,2453.0
513024,,ReshardDeviceOperation,32,2451.0
872448,,ShardedToInterleavedDeviceOperation,64,2449.0
1058816,,ReshardDeviceOperation,32,2445.0
923648,,ReshardDeviceOperation,32,2435.0
477184,,SliceDeviceOperation,64,2433.0
1270784,,ShardedToInterleavedDeviceOperation,32,2430.0
303104,,ReshardDeviceOperation,32,2429.0
683008,,ShardedToInterleavedDeviceOperation,32,2426.0
379904,,ShardedToInterleavedDeviceOperation,32,2424.0
335872,,ReshardDeviceOperation,32,2421.0
1217536,,ReshardDeviceOperation,32,2420.0
2377728,1,ShardedToInterleavedDeviceOperation,64,2413.0
1354752,,ShardedToInterleavedDeviceOperation,32,2412.0
326656,,ShardedToInterleavedDeviceOperation,64,2411.0
1531904,1,BinaryNgDeviceOperation,64,2411.0
1250304,,ShardedToInterleavedDeviceOperation,64,2409.0
503808,,ReshardDeviceOperation,32,2407.0
421888,,ShardedToInterleavedDeviceOperation,32,2388.0
2419712,1,ShardedToInterleavedDeviceOperation,64,2388.0
389120,,ShardedToInterleavedDeviceOperation,32,2387.0
967680,,ShardedToInterleavedDeviceOperation,32,2386.0
1873920,1,ShardedToInterleavedDeviceOperation,64,2385.0
631808,,ShardedToInterleavedDeviceOperation,32,2384.0
1051648,,ShardedToInterleavedDeviceOperation,32,2383.0
914432,,ShardedToInterleavedDeviceOperation,64,2380.0
976896,,ShardedToInterleavedDeviceOperation,32,2380.0
1394688,,ReshardDeviceOperation,32,2379.0
925696,,ShardedToInterleavedDeviceOperation,32,2376.0
545792,,ReshardDeviceOperation,32,2366.0
974848,,ReshardDeviceOperation,32,2366.0
1518592,1,CopyDeviceOperation,64,2362.0
1292288,,ShardedToInterleavedDeviceOperation,64,2361.0
1418240,,ShardedToInterleavedDeviceOperation,64,2361.0
1633280,1,ShardedToInterleavedDeviceOperation,32,2361.0
934912,,ShardedToInterleavedDeviceOperation,32,2359.0
1226752,,ReshardDeviceOperation,32,2357.0
2503680,1,ShardedToInterleavedDeviceOperation,60,2357.0
463872,,ShardedToInterleavedDeviceOperation,32,2356.0
337920,,ShardedToInterleavedDeviceOperation,32,2355.0
883712,,ShardedToInterleavedDeviceOperation,32,2355.0
1016832,,ReshardDeviceOperation,32,2355.0
1957888,1,ShardedToInterleavedDeviceOperation,64,2353.0
1009664,,ShardedToInterleavedDeviceOperation,32,2350.0
641024,,ShardedToInterleavedDeviceOperation,32,2347.0
368640,,ShardedToInterleavedDeviceOperation,64,2345.0
1177600,,ShardedToInterleavedDeviceOperation,32,2342.0
722944,,ReshardDeviceOperation,32,2340.0
1102848,,ShardedToInterleavedDeviceOperation,32,2336.0
808960,,ShardedToInterleavedDeviceOperation,32,2334.0
998400,,ShardedToInterleavedDeviceOperation,64,2332.0
841728,,ShardedToInterleavedDeviceOperation,32,2331.0
2655232,1,CopyDeviceOperation,56,2329.0
1303552,,ShardedToInterleavedDeviceOperation,32,2327.0
1186816,,ShardedToInterleavedDeviceOperation,32,2326.0
1385472,,ReshardDeviceOperation,32,2326.0
2461696,1,ShardedToInterleavedDeviceOperation,63,2325.0
673792,,ShardedToInterleavedDeviceOperation,32,2323.0
764928,,ReshardDeviceOperation,32,2323.0
1190912,,SliceDeviceOperation,64,2317.0
1093632,,ShardedToInterleavedDeviceOperation,32,2313.0
1223680,,SliceDeviceOperation,64,2311.0
1135616,,ShardedToInterleavedDeviceOperation,32,2301.0
473088,,ShardedToInterleavedDeviceOperation,32,2299.0
788480,,ShardedToInterleavedDeviceOperation,64,2299.0
252928,,ShardedToInterleavedDeviceOperation,32,2298.0
1208320,,ShardedToInterleavedDeviceOperation,64,2297.0
939008,,SliceDeviceOperation,64,2296.0
589824,,ShardedToInterleavedDeviceOperation,32,2294.0
1261568,,ShardedToInterleavedDeviceOperation,32,2287.0
755712,,ReshardDeviceOperation,32,2286.0
1349632,,SliceDeviceOperation,64,2284.0
1642496,1,ShardedToInterleavedDeviceOperation,32,2282.0
1622016,1,ShardedToInterleavedDeviceOperation,64,2277.0
715776,,ShardedToInterleavedDeviceOperation,32,2275.0
1345536,,ShardedToInterleavedDeviceOperation,32,2275.0
234496,,ShardedToInterleavedDeviceOperation,32,2270.0
599040,,ShardedToInterleavedDeviceOperation,32,2267.0
2015232,1,SliceDeviceOperation,64,2266.0
295936,,ShardedToInterleavedDeviceOperation,32,2263.0
1060864,,ShardedToInterleavedDeviceOperation,32,2262.0
1843200,1,ShardedToInterleavedDeviceOperation,32,2262.0
1228800,,ShardedToInterleavedDeviceOperation,32,2260.0
1040384,,ShardedToInterleavedDeviceOperation,64,2259.0
557056,,ShardedToInterleavedDeviceOperation,32,2257.0
2305024,1,ShardedToInterleavedDeviceOperation,32,2257.0
2644992,1,SliceDeviceOperation,56,2254.0
278528,,BinaryNgDeviceOperation,64,2252.0
2167808,1,ShardedToInterleavedDeviceOperation,64,2252.0
2066432,1,SliceDeviceOperation,64,2251.0
1018880,,ShardedToInterleavedDeviceOperation,32,2249.0
724992,,ShardedToInterleavedDeviceOperation,32,2247.0
1387520,,ShardedToInterleavedDeviceOperation,32,2247.0
845824,,SliceDeviceOperation,64,2246.0
1646592,1,SliceDeviceOperation,64,2244.0
2150400,1,SliceDeviceOperation,64,2243.0
2234368,1,SliceDeviceOperation,64,2243.0
1312768,,ShardedToInterleavedDeviceOperation,32,2240.0
1491968,1,SliceDeviceOperation,64,2240.0
799744,,ShardedToInterleavedDeviceOperation,32,2239.0
547840,,ShardedToInterleavedDeviceOperation,32,2238.0
515072,,ShardedToInterleavedDeviceOperation,32,2237.0
892928,,ShardedToInterleavedDeviceOperation,32,2236.0
347136,,ShardedToInterleavedDeviceOperation,32,2230.0
536576,,ShardedToInterleavedDeviceOperation,64,2228.0
2360320,1,SliceDeviceOperation,64,2227.0
1144832,,ShardedToInterleavedDeviceOperation,32,2225.0
431104,,ShardedToInterleavedDeviceOperation,32,2221.0
257024,,SliceDeviceOperation,64,2220.0
2024448,1,SliceDeviceOperation,64,2218.0
1334272,,ShardedToInterleavedDeviceOperation,64,2217.0
2272256,1,ShardedToInterleavedDeviceOperation,32,2204.0
1396736,,ShardedToInterleavedDeviceOperation,32,2197.0
1219584,,ShardedToInterleavedDeviceOperation,32,2196.0
803840,,SliceDeviceOperation,64,2194.0
850944,,ShardedToInterleavedDeviceOperation,32,2189.0
1148928,,SliceDeviceOperation,64,2189.0
2108416,1,SliceDeviceOperation,64,2183.0
2654208,1,SliceDeviceOperation,56,2176.0
1307648,,SliceDeviceOperation,64,2172.0
1679360,1,SliceDeviceOperation,64,2172.0
2570240,1,SliceDeviceOperation,60,2172.0
342016,,SliceDeviceOperation,64,2171.0
1604608,1,SliceDeviceOperation,64,2170.0
1805312,1,SliceDeviceOperation,64,2167.0
410624,,ShardedToInterleavedDeviceOperation,64,2164.0
1358848,,SliceDeviceOperation,64,2161.0
509952,,SliceDeviceOperation,64,2159.0
2562048,1,InterleavedToShardedDeviceOperation,28,2159.0
593920,,SliceDeviceOperation,64,2155.0
1013760,,SliceDeviceOperation,64,2147.0
467968,,SliceDeviceOperation,64,2145.0
1064960,,SliceDeviceOperation,64,2144.0
505856,,ShardedToInterleavedDeviceOperation,32,2139.0
677888,,SliceDeviceOperation,64,2139.0
662528,,ShardedToInterleavedDeviceOperation,64,2135.0
1852416,1,ShardedToInterleavedDeviceOperation,32,2132.0
2598912,1,ShardedToInterleavedDeviceOperation,28,2131.0
2318336,1,SliceDeviceOperation,64,2130.0
1400832,,SliceDeviceOperation,64,2128.0
719872,,SliceDeviceOperation,64,2126.0
1391616,,SliceDeviceOperation,64,2123.0
1274880,,SliceDeviceOperation,64,2122.0
1591296,1,ShardedToInterleavedDeviceOperation,32,2121.0
2309120,1,SliceDeviceOperation,64,2117.0
393216,,SliceDeviceOperation,64,2116.0
246784,,RepeatDeviceOperation,64,2116.0
1500160,1,RepeatDeviceOperation,64,2115.0
2524160,1,ShardedToInterleavedDeviceOperation,28,2114.0
1487872,1,ShardedToInterleavedDeviceOperation,32,2113.0
1022976,,SliceDeviceOperation,64,2112.0
2062336,1,ShardedToInterleavedDeviceOperation,32,2112.0
425984,,SliceDeviceOperation,64,2111.0
260096,,RepeatDeviceOperation,64,2109.0
2482176,1,ShardedToInterleavedDeviceOperation,31,2108.0
1810432,1,ShardedToInterleavedDeviceOperation,32,2106.0
1232896,,SliceDeviceOperation,64,2102.0
1637376,1,SliceDeviceOperation,64,2101.0
645120,,SliceDeviceOperation,64,2100.0
1097728,,SliceDeviceOperation,64,2096.0
1915904,1,ShardedToInterleavedDeviceOperation,64,2092.0
2179072,1,ShardedToInterleavedDeviceOperation,32,2092.0
2603008,1,SliceDeviceOperation,59,2091.0
435200,,SliceDeviceOperation,64,2090.0
1847296,1,SliceDeviceOperation,64,2085.0
687104,,SliceDeviceOperation,64,2082.0
929792,,SliceDeviceOperation,64,2082.0
1730560,1,SliceDeviceOperation,64,2082.0
1139712,,SliceDeviceOperation,64,2079.0
1759232,1,ShardedToInterleavedDeviceOperation,32,2079.0
1600512,1,ShardedToInterleavedDeviceOperation,32,2075.0
1106944,,SliceDeviceOperation,64,2074.0
1181696,,SliceDeviceOperation,64,2069.0
300032,,SliceDeviceOperation,64,2066.0
384000,,SliceDeviceOperation,64,2066.0
761856,,SliceDeviceOperation,64,2062.0
2225152,1,SliceDeviceOperation,64,2061.0
351232,,SliceDeviceOperation,64,2060.0
2561024,1,SliceDeviceOperation,60,2058.0
1688576,1,SliceDeviceOperation,64,2049.0
1316864,,SliceDeviceOperation,64,2044.0
980992,,SliceDeviceOperation,64,2040.0
309248,,SliceDeviceOperation,64,2037.0
1595392,1,SliceDeviceOperation,64,2036.0
2263040,1,ShardedToInterleavedDeviceOperation,32,2036.0
971776,,SliceDeviceOperation,64,2034.0
1265664,,SliceDeviceOperation,64,2033.0
1772544,1,SliceDeviceOperation,64,2033.0
897024,,SliceDeviceOperation,64,2031.0
1504256,1,ReshardDeviceOperation,32,2029.0
561152,,SliceDeviceOperation,64,2026.0
2472960,1,ShardedToInterleavedDeviceOperation,31,2022.0
2104320,1,ShardedToInterleavedDeviceOperation,32,2021.0
519168,,SliceDeviceOperation,64,2019.0
1856512,1,SliceDeviceOperation,64,2019.0
2141184,1,SliceDeviceOperation,64,2010.0
228352,,TypecastDeviceOperation,4,2008.0
2566144,1,ShardedToInterleavedDeviceOperation,28,2008.0
887808,,SliceDeviceOperation,64,2005.0
729088,,SliceDeviceOperation,64,2004.0
1721344,1,SliceDeviceOperation,64,2004.0
231424,,TypecastDeviceOperation,4,2003.0
1768448,1,ShardedToInterleavedDeviceOperation,32,2003.0
1675264,1,ShardedToInterleavedDeviceOperation,32,2000.0
551936,,SliceDeviceOperation,64,1997.0
1562624,1,SliceDeviceOperation,64,1992.0
2486272,1,SliceDeviceOperation,63,1988.0
1982464,1,SliceDeviceOperation,64,1983.0
2347008,1,ShardedToInterleavedDeviceOperation,32,1982.0
1510400,1,SliceDeviceOperation,64,1980.0
1889280,1,SliceDeviceOperation,64,1979.0
1940480,1,SliceDeviceOperation,64,1979.0
2053120,1,ShardedToInterleavedDeviceOperation,32,1977.0
2425856,1,ShardedToInterleavedDeviceOperation,64,1976.0
813056,,SliceDeviceOperation,64,1969.0
2057216,1,SliceDeviceOperation,64,1968.0
2146304,1,ShardedToInterleavedDeviceOperation,32,1968.0
2477056,1,SliceDeviceOperation,63,1968.0
1814528,1,SliceDeviceOperation,64,1964.0
1726464,1,ShardedToInterleavedDeviceOperation,32,1960.0
635904,,SliceDeviceOperation,64,1959.0
1480704,1,UnaryDeviceOperation,64,1957.0
2183168,1,SliceDeviceOperation,64,1956.0
2020352,1,ShardedToInterleavedDeviceOperation,32,1953.0
2430976,1,ShardedToInterleavedDeviceOperation,32,1952.0
771072,,SliceDeviceOperation,64,1951.0
1055744,,SliceDeviceOperation,64,1949.0
1801216,1,ShardedToInterleavedDeviceOperation,32,1946.0
238592,,SliceDeviceOperation,64,1943.0
2095104,1,ShardedToInterleavedDeviceOperation,32,1942.0
2099200,1,SliceDeviceOperation,64,1939.0
2276352,1,SliceDeviceOperation,64,1930.0
855040,,SliceDeviceOperation,64,1929.0
1684480,1,ShardedToInterleavedDeviceOperation,32,1921.0
1931264,1,SliceDeviceOperation,64,1920.0
2402304,1,SliceDeviceOperation,64,1918.0
2444288,1,SliceDeviceOperation,64,1916.0
603136,,SliceDeviceOperation,64,1914.0
2192384,1,SliceDeviceOperation,64,1914.0
2519040,1,SliceDeviceOperation,60,1909.0
2528256,1,SliceDeviceOperation,60,1907.0
2137088,1,ShardedToInterleavedDeviceOperation,32,1906.0
2267136,1,SliceDeviceOperation,64,1906.0
1484800,1,TypecastDeviceOperation,4,1902.0
2011136,1,ShardedToInterleavedDeviceOperation,32,1899.0
1898496,1,SliceDeviceOperation,64,1898.0
2398208,1,ShardedToInterleavedDeviceOperation,32,1896.0
1927168,1,ShardedToInterleavedDeviceOperation,32,1894.0
2612224,1,SliceDeviceOperation,56,1889.0
1978368,1,ShardedToInterleavedDeviceOperation,32,1882.0
332800,,ShardedToInterleavedDeviceOperation,64,1879.0
1558528,1,ShardedToInterleavedDeviceOperation,32,1876.0
1481728,1,TypecastDeviceOperation,4,1875.0
1763328,1,SliceDeviceOperation,64,1873.0
1936384,1,ShardedToInterleavedDeviceOperation,32,1866.0
2435072,1,SliceDeviceOperation,64,1857.0
2351104,1,SliceDeviceOperation,64,1851.0
2221056,1,ShardedToInterleavedDeviceOperation,32,1850.0
227328,,UnaryDeviceOperation,64,1849.0
2230272,1,ShardedToInterleavedDeviceOperation,32,1849.0
2388992,1,ShardedToInterleavedDeviceOperation,32,1848.0
2393088,1,SliceDeviceOperation,64,1843.0
2699264,,UntilizeWithUnpaddingDeviceOperation,1,1841.0
290816,,ShardedToInterleavedDeviceOperation,64,1840.0
2703360,,UntilizeWithUnpaddingDeviceOperation,1,1840.0
2356224,1,ShardedToInterleavedDeviceOperation,32,1837.0
216064,,ShardedToInterleavedDeviceOperation,64,1836.0
2688000,,UntilizeWithUnpaddingDeviceOperation,1,1833.0
2680832,,UntilizeWithUnpaddingDeviceOperation,1,1828.0
2514944,1,ShardedToInterleavedDeviceOperation,28,1828.0
2215936,1,ShardedToInterleavedDeviceOperation,64,1823.0
2440192,1,ShardedToInterleavedDeviceOperation,32,1823.0
2314240,1,ShardedToInterleavedDeviceOperation,32,1821.0
1214464,,ShardedToInterleavedDeviceOperation,64,1815.0
2709504,,UntilizeWithUnpaddingDeviceOperation,1,1813.0
1973248,1,SliceDeviceOperation,64,1810.0
1483776,1,UnaryDeviceOperation,64,1795.0
1712128,1,ShardedToInterleavedDeviceOperation,64,1783.0
1838080,1,ShardedToInterleavedDeviceOperation,64,1771.0
1880064,1,ShardedToInterleavedDeviceOperation,64,1767.0
1969152,1,ShardedToInterleavedDeviceOperation,32,1767.0
1885184,1,ShardedToInterleavedDeviceOperation,32,1765.0
2693120,,UntilizeWithUnpaddingDeviceOperation,1,1765.0
2089984,1,ShardedToInterleavedDeviceOperation,64,1756.0
1469440,1,ShardedToInterleavedDeviceOperation,64,1753.0
1586176,1,ShardedToInterleavedDeviceOperation,64,1738.0
458752,,ShardedToInterleavedDeviceOperation,64,1735.0
2467840,1,ShardedToInterleavedDeviceOperation,63,1735.0
1471488,1,RepeatDeviceOperation,64,1731.0
2694144,,UntilizeWithUnpaddingDeviceOperation,1,1724.0
542720,,ShardedToInterleavedDeviceOperation,64,1719.0
836608,,ShardedToInterleavedDeviceOperation,64,1710.0
230400,,UnaryDeviceOperation,64,1708.0
1717248,1,ShardedToInterleavedDeviceOperation,32,1707.0
1004544,,ShardedToInterleavedDeviceOperation,64,1703.0
2702336,,UntilizeWithUnpaddingDeviceOperation,1,1702.0
2708480,,UntilizeWithUnpaddingDeviceOperation,1,1702.0
962560,,ShardedToInterleavedDeviceOperation,64,1698.0
500736,,ShardedToInterleavedDeviceOperation,64,1696.0
374784,,ShardedToInterleavedDeviceOperation,64,1695.0
752640,,ShardedToInterleavedDeviceOperation,64,1695.0
1266688,,InterleavedToShardedDeviceOperation,32,1694.0
2707456,,UntilizeWithUnpaddingDeviceOperation,1,1693.0
2006016,1,ShardedToInterleavedDeviceOperation,64,1692.0
2692096,,UntilizeWithUnpaddingDeviceOperation,1,1692.0
2686976,,UntilizeWithUnpaddingDeviceOperation,1,1690.0
2697216,,UntilizeWithUnpaddingDeviceOperation,1,1689.0
2257920,1,ShardedToInterleavedDeviceOperation,64,1688.0
2681856,,UntilizeWithUnpaddingDeviceOperation,1,1686.0
2700288,,UntilizeWithUnpaddingDeviceOperation,1,1684.0
1517568,1,ShardedToInterleavedDeviceOperation,32,1683.0
2696192,,UntilizeWithUnpaddingDeviceOperation,1,1683.0
2705408,,UntilizeWithUnpaddingDeviceOperation,1,1682.0
2706432,,UntilizeWithUnpaddingDeviceOperation,1,1681.0
584704,,ShardedToInterleavedDeviceOperation,64,1679.0
2684928,,UntilizeWithUnpaddingDeviceOperation,1,1679.0
2704384,,UntilizeWithUnpaddingDeviceOperation,1,1679.0
2701312,,UntilizeWithUnpaddingDeviceOperation,1,1676.0
2691072,,UntilizeWithUnpaddingDeviceOperation,1,1675.0
794624,,ShardedToInterleavedDeviceOperation,64,1674.0
2016256,1,InterleavedToShardedDeviceOperation,32,1673.0
1544192,1,ShardedToInterleavedDeviceOperation,64,1672.0
2173952,1,ShardedToInterleavedDeviceOperation,64,1672.0
2551808,1,ShardedToInterleavedDeviceOperation,60,1672.0
2695168,,UntilizeWithUnpaddingDeviceOperation,1,1670.0
2683904,,UntilizeWithUnpaddingDeviceOperation,1,1664.0
1088512,,ShardedToInterleavedDeviceOperation,64,1663.0
2690048,,UntilizeWithUnpaddingDeviceOperation,1,1660.0
2556928,1,ShardedToInterleavedDeviceOperation,28,1658.0
878592,,ShardedToInterleavedDeviceOperation,64,1655.0
2682880,,UntilizeWithUnpaddingDeviceOperation,1,1655.0
2685952,,UntilizeWithUnpaddingDeviceOperation,1,1654.0
2650112,1,ShardedToInterleavedDeviceOperation,24,1651.0
710656,,ShardedToInterleavedDeviceOperation,64,1648.0
920576,,ShardedToInterleavedDeviceOperation,64,1647.0
2689024,,UntilizeWithUnpaddingDeviceOperation,1,1647.0
1549312,1,ShardedToInterleavedDeviceOperation,32,1643.0
2698240,,UntilizeWithUnpaddingDeviceOperation,1,1642.0
2608128,1,ShardedToInterleavedDeviceOperation,24,1640.0
1014784,,InterleavedToShardedDeviceOperation,32,1639.0
225280,,ConcatDeviceOperation,4,1637.0
1700864,1,ReshardDeviceOperation,32,1627.0
1340416,,ShardedToInterleavedDeviceOperation,64,1623.0
1628160,1,ShardedToInterleavedDeviceOperation,64,1623.0
385024,,InterleavedToShardedDeviceOperation,32,1621.0
2131968,1,ShardedToInterleavedDeviceOperation,64,1615.0
1046528,,ShardedToInterleavedDeviceOperation,64,1612.0
1172480,,ShardedToInterleavedDeviceOperation,64,1602.0
2341888,1,ShardedToInterleavedDeviceOperation,64,1602.0
2635776,1,ShardedToInterleavedDeviceOperation,56,1591.0
1754112,1,ShardedToInterleavedDeviceOperation,64,1590.0
668672,,ShardedToInterleavedDeviceOperation,64,1589.0
720896,,InterleavedToShardedDeviceOperation,32,1587.0
1392640,,InterleavedToShardedDeviceOperation,32,1583.0
1461248,1,TypecastDeviceOperation,32,1579.0
218112,,RepeatDeviceOperation,64,1578.0
248832,,InterleavedToShardedDeviceOperation,32,1574.0
1478656,1,ConcatDeviceOperation,4,1572.0
1506304,1,ShardedToInterleavedDeviceOperation,32,1571.0
301056,,InterleavedToShardedDeviceOperation,32,1561.0
1513472,1,RepeatDeviceOperation,64,1560.0
1298432,,ShardedToInterleavedDeviceOperation,64,1559.0
416768,,ShardedToInterleavedDeviceOperation,64,1551.0
2383872,1,ShardedToInterleavedDeviceOperation,64,1543.0
762880,,InterleavedToShardedDeviceOperation,32,1533.0
846848,,InterleavedToShardedDeviceOperation,32,1532.0
636928,,InterleavedToShardedDeviceOperation,32,1531.0
1382400,,ShardedToInterleavedDeviceOperation,64,1530.0
888832,,InterleavedToShardedDeviceOperation,32,1529.0
239616,,InterleavedToShardedDeviceOperation,32,1528.0
626688,,ShardedToInterleavedDeviceOperation,64,1527.0
1796096,1,ShardedToInterleavedDeviceOperation,64,1527.0
1256448,,ShardedToInterleavedDeviceOperation,64,1519.0
2048000,1,ShardedToInterleavedDeviceOperation,64,1519.0
1670144,1,ShardedToInterleavedDeviceOperation,64,1517.0
2509824,1,ShardedToInterleavedDeviceOperation,60,1514.0
2299904,1,ShardedToInterleavedDeviceOperation,64,1512.0
1130496,,ShardedToInterleavedDeviceOperation,64,1503.0
1056768,,InterleavedToShardedDeviceOperation,32,1500.0
510976,,InterleavedToShardedDeviceOperation,32,1498.0
220160,,TypecastDeviceOperation,1,1496.0
2593792,1,ShardedToInterleavedDeviceOperation,60,1479.0
804864,,InterleavedToShardedDeviceOperation,32,1476.0
1922048,1,ShardedToInterleavedDeviceOperation,64,1472.0
1964032,1,ShardedToInterleavedDeviceOperation,64,1472.0
930816,,InterleavedToShardedDeviceOperation,32,1463.0
427008,,InterleavedToShardedDeviceOperation,32,1453.0
1308672,,InterleavedToShardedDeviceOperation,32,1443.0
678912,,InterleavedToShardedDeviceOperation,32,1442.0
594944,,InterleavedToShardedDeviceOperation,32,1439.0
468992,,InterleavedToShardedDeviceOperation,32,1437.0
552960,,InterleavedToShardedDeviceOperation,32,1434.0
972800,,InterleavedToShardedDeviceOperation,32,1433.0
343040,,InterleavedToShardedDeviceOperation,32,1432.0
1350656,,InterleavedToShardedDeviceOperation,32,1431.0
1502208,1,InterleavedToShardedDeviceOperation,32,1428.0
1098752,,InterleavedToShardedDeviceOperation,32,1423.0
1140736,,InterleavedToShardedDeviceOperation,32,1423.0
1224704,,InterleavedToShardedDeviceOperation,32,1415.0
1473536,1,TypecastDeviceOperation,1,1412.0
1182720,,InterleavedToShardedDeviceOperation,32,1410.0
207872,,TypecastDeviceOperation,32,1398.0
2640896,1,ShardedToInterleavedDeviceOperation,24,1377.0
2604032,1,InterleavedToShardedDeviceOperation,27,1335.0
2646016,1,InterleavedToShardedDeviceOperation,24,1334.0
1680384,1,InterleavedToShardedDeviceOperation,32,1309.0
1764352,1,InterleavedToShardedDeviceOperation,32,1301.0
2100224,1,InterleavedToShardedDeviceOperation,32,1298.0
1073152,,ShardedToInterleavedDeviceOperation,16,1297.0
2520064,1,InterleavedToShardedDeviceOperation,28,1274.0
1554432,1,InterleavedToShardedDeviceOperation,32,1270.0
1638400,1,InterleavedToShardedDeviceOperation,32,1268.0
2268160,1,InterleavedToShardedDeviceOperation,32,1268.0
276480,,ShardedToInterleavedDeviceOperation,16,1267.0
653312,,ShardedToInterleavedDeviceOperation,16,1266.0
2226176,1,InterleavedToShardedDeviceOperation,32,1266.0
2394112,1,InterleavedToShardedDeviceOperation,32,1257.0
863232,,ShardedToInterleavedDeviceOperation,16,1250.0
1199104,,ShardedToInterleavedDeviceOperation,16,1250.0
1806336,1,InterleavedToShardedDeviceOperation,32,1246.0
1596416,1,InterleavedToShardedDeviceOperation,32,1244.0
527360,,ShardedToInterleavedDeviceOperation,16,1242.0
1031168,,ShardedToInterleavedDeviceOperation,16,1241.0
2310144,1,InterleavedToShardedDeviceOperation,32,1236.0
2142208,1,InterleavedToShardedDeviceOperation,32,1234.0
2478080,1,InterleavedToShardedDeviceOperation,31,1234.0
1409024,,ShardedToInterleavedDeviceOperation,16,1233.0
905216,,ShardedToInterleavedDeviceOperation,16,1231.0
359424,,ShardedToInterleavedDeviceOperation,16,1225.0
1283072,,ShardedToInterleavedDeviceOperation,16,1224.0
2436096,1,InterleavedToShardedDeviceOperation,32,1224.0
821248,,ShardedToInterleavedDeviceOperation,16,1218.0
611328,,ShardedToInterleavedDeviceOperation,16,1217.0
1115136,,ShardedToInterleavedDeviceOperation,16,1209.0
1864704,1,ShardedToInterleavedDeviceOperation,16,1206.0
2058240,1,InterleavedToShardedDeviceOperation,32,1205.0
1367040,,ShardedToInterleavedDeviceOperation,16,1202.0
989184,,ShardedToInterleavedDeviceOperation,16,1201.0
1492992,1,InterleavedToShardedDeviceOperation,32,1200.0
1722368,1,InterleavedToShardedDeviceOperation,32,1200.0
1848320,1,InterleavedToShardedDeviceOperation,32,1200.0
401408,,ShardedToInterleavedDeviceOperation,16,1196.0
876544,,ShardedToInterleavedDeviceOperation,64,1194.0
1241088,,ShardedToInterleavedDeviceOperation,16,1194.0
1325056,,ShardedToInterleavedDeviceOperation,16,1193.0
317440,,ShardedToInterleavedDeviceOperation,16,1192.0
737280,,ShardedToInterleavedDeviceOperation,16,1191.0
1974272,1,InterleavedToShardedDeviceOperation,32,1191.0
1157120,,ShardedToInterleavedDeviceOperation,16,1185.0
2352128,1,InterleavedToShardedDeviceOperation,32,1178.0
443392,,ShardedToInterleavedDeviceOperation,16,1169.0
2184192,1,InterleavedToShardedDeviceOperation,32,1168.0
485376,,ShardedToInterleavedDeviceOperation,16,1161.0
1920000,1,ShardedToInterleavedDeviceOperation,64,1146.0
947200,,ShardedToInterleavedDeviceOperation,16,1137.0
695296,,ShardedToInterleavedDeviceOperation,16,1135.0
569344,,ShardedToInterleavedDeviceOperation,16,1134.0
1932288,1,InterleavedToShardedDeviceOperation,32,1134.0
779264,,ShardedToInterleavedDeviceOperation,16,1126.0
330752,,ShardedToInterleavedDeviceOperation,64,1119.0
540672,,ShardedToInterleavedDeviceOperation,64,1119.0
624640,,ShardedToInterleavedDeviceOperation,64,1119.0
1780736,1,ShardedToInterleavedDeviceOperation,16,1119.0
2074624,1,ShardedToInterleavedDeviceOperation,16,1113.0
456704,,ShardedToInterleavedDeviceOperation,64,1109.0
750592,,ShardedToInterleavedDeviceOperation,64,1100.0
2032640,1,ShardedToInterleavedDeviceOperation,16,1090.0
2087936,1,ShardedToInterleavedDeviceOperation,64,1089.0
1296384,,ShardedToInterleavedDeviceOperation,64,1084.0
1822720,1,ShardedToInterleavedDeviceOperation,16,1081.0
2158592,1,ShardedToInterleavedDeviceOperation,16,1081.0
372736,,ShardedToInterleavedDeviceOperation,64,1079.0
960512,,ShardedToInterleavedDeviceOperation,64,1079.0
2494464,1,ShardedToInterleavedDeviceOperation,12,1079.0
1086464,,ShardedToInterleavedDeviceOperation,64,1076.0
1696768,1,ShardedToInterleavedDeviceOperation,16,1076.0
2326528,1,ShardedToInterleavedDeviceOperation,16,1073.0
2368512,1,ShardedToInterleavedDeviceOperation,16,1072.0
1254400,,ShardedToInterleavedDeviceOperation,64,1070.0
1170432,,ShardedToInterleavedDeviceOperation,64,1068.0
2410496,1,ShardedToInterleavedDeviceOperation,16,1065.0
582656,,ShardedToInterleavedDeviceOperation,64,1064.0
1710080,1,ShardedToInterleavedDeviceOperation,64,1064.0
214016,,ShardedToInterleavedDeviceOperation,64,1063.0
2045952,1,ShardedToInterleavedDeviceOperation,64,1063.0
1128448,,ShardedToInterleavedDeviceOperation,64,1058.0
1906688,1,ShardedToInterleavedDeviceOperation,16,1057.0
666624,,ShardedToInterleavedDeviceOperation,64,1056.0
1948672,1,ShardedToInterleavedDeviceOperation,16,1052.0
2452480,1,ShardedToInterleavedDeviceOperation,15,1050.0
1467392,1,ShardedToInterleavedDeviceOperation,64,1047.0
1542144,1,ShardedToInterleavedDeviceOperation,64,1046.0
708608,,ShardedToInterleavedDeviceOperation,64,1043.0
834560,,ShardedToInterleavedDeviceOperation,64,1042.0
1612800,1,ShardedToInterleavedDeviceOperation,16,1041.0
2381824,1,ShardedToInterleavedDeviceOperation,64,1040.0
1002496,,ShardedToInterleavedDeviceOperation,64,1038.0
1654784,1,ShardedToInterleavedDeviceOperation,16,1038.0
1836032,1,ShardedToInterleavedDeviceOperation,64,1038.0
1584128,1,ShardedToInterleavedDeviceOperation,64,1036.0
2129920,1,ShardedToInterleavedDeviceOperation,64,1036.0
573440,,ReshardDeviceOperation,32,1035.0
1212416,,ShardedToInterleavedDeviceOperation,64,1030.0
2116608,1,ShardedToInterleavedDeviceOperation,16,1030.0
1037312,,ReshardDeviceOperation,32,1027.0
1738752,1,ShardedToInterleavedDeviceOperation,16,1026.0
498688,,ShardedToInterleavedDeviceOperation,64,1024.0
2297856,1,ShardedToInterleavedDeviceOperation,64,1023.0
414720,,ShardedToInterleavedDeviceOperation,64,1017.0
2213888,1,ShardedToInterleavedDeviceOperation,64,1015.0
407552,,ReshardDeviceOperation,32,1013.0
1203200,,ReshardDeviceOperation,32,1013.0
1752064,1,ShardedToInterleavedDeviceOperation,64,1013.0
1380352,,ShardedToInterleavedDeviceOperation,64,1012.0
1570816,1,ShardedToInterleavedDeviceOperation,16,1009.0
1044480,,ShardedToInterleavedDeviceOperation,64,1007.0
2339840,1,ShardedToInterleavedDeviceOperation,64,1004.0
2423808,1,ShardedToInterleavedDeviceOperation,64,1004.0
1529856,1,ShardedToInterleavedDeviceOperation,16,1003.0
323584,,ReshardDeviceOperation,32,1002.0
1878016,1,ShardedToInterleavedDeviceOperation,64,1002.0
2242560,1,ShardedToInterleavedDeviceOperation,16,1001.0
1990656,1,ShardedToInterleavedDeviceOperation,16,999.0
1961984,1,ShardedToInterleavedDeviceOperation,64,998.0
2003968,1,ShardedToInterleavedDeviceOperation,64,998.0
531456,,ReshardDeviceOperation,32,997.0
1247232,,ReshardDeviceOperation,32,997.0
321536,,ReshardDeviceOperation,32,995.0
1890304,1,InterleavedToShardedDeviceOperation,32,995.0
365568,,ReshardDeviceOperation,32,994.0
288768,,ShardedToInterleavedDeviceOperation,64,993.0
1338368,,ShardedToInterleavedDeviceOperation,64,992.0
2246656,1,ReshardDeviceOperation,32,990.0
1289216,,ReshardDeviceOperation,32,989.0
2507776,1,ShardedToInterleavedDeviceOperation,60,988.0
993280,,ReshardDeviceOperation,32,986.0
1121280,,ReshardDeviceOperation,32,986.0
2591744,1,ShardedToInterleavedDeviceOperation,60,983.0
1668096,1,ShardedToInterleavedDeviceOperation,64,981.0
2284544,1,ShardedToInterleavedDeviceOperation,16,981.0
2200576,1,ShardedToInterleavedDeviceOperation,16,980.0
1742848,1,ReshardDeviceOperation,32,978.0
2078720,1,ReshardDeviceOperation,32,978.0
2171904,1,ShardedToInterleavedDeviceOperation,64,978.0
1626112,1,ShardedToInterleavedDeviceOperation,64,977.0
2465792,1,ShardedToInterleavedDeviceOperation,63,975.0
2668544,1,ReshardDeviceOperation,22,974.0
918528,,ShardedToInterleavedDeviceOperation,64,973.0
2456576,1,ReshardDeviceOperation,31,973.0
701440,,ReshardDeviceOperation,32,971.0
1245184,,ReshardDeviceOperation,32,971.0
405504,,ReshardDeviceOperation,32,970.0
1422336,,ReshardDeviceOperation,32,970.0
1794048,1,ShardedToInterleavedDeviceOperation,64,969.0
659456,,ReshardDeviceOperation,32,968.0
785408,,ReshardDeviceOperation,32,965.0
1826816,1,ReshardDeviceOperation,32,965.0
2549760,1,ShardedToInterleavedDeviceOperation,60,965.0
792576,,ShardedToInterleavedDeviceOperation,64,964.0
699392,,ReshardDeviceOperation,32,963.0
1912832,1,ReshardDeviceOperation,32,963.0
2458624,1,ReshardDeviceOperation,31,963.0
489472,,ReshardDeviceOperation,32,960.0
827392,,ReshardDeviceOperation,32,959.0
909312,,ReshardDeviceOperation,32,958.0
2416640,1,ReshardDeviceOperation,32,958.0
743424,,ReshardDeviceOperation,32,957.0
657408,,ReshardDeviceOperation,32,955.0
1079296,,ReshardDeviceOperation,32,955.0
2038784,1,ReshardDeviceOperation,32,955.0
615424,,ReshardDeviceOperation,32,954.0
1163264,,ReshardDeviceOperation,32,954.0
911360,,ReshardDeviceOperation,32,951.0
1287168,,ReshardDeviceOperation,32,950.0
1994752,1,ReshardDeviceOperation,32,950.0
2536448,1,ShardedToInterleavedDeviceOperation,12,950.0
1161216,,ReshardDeviceOperation,32,949.0
1331200,,ReshardDeviceOperation,32,949.0
1784832,1,ReshardDeviceOperation,32,949.0
2666496,1,ReshardDeviceOperation,22,949.0
1576960,1,ReshardDeviceOperation,32,948.0
1574912,1,ReshardDeviceOperation,32,946.0
995328,,ReshardDeviceOperation,32,943.0
1077248,,ReshardDeviceOperation,32,942.0
1035264,,ReshardDeviceOperation,32,941.0
2542592,1,ReshardDeviceOperation,28,941.0
617472,,ReshardDeviceOperation,32,939.0
953344,,ReshardDeviceOperation,32,939.0
2164736,1,ReshardDeviceOperation,32,939.0
1119232,,ReshardDeviceOperation,32,938.0
2204672,1,ReshardDeviceOperation,32,938.0
2330624,1,ReshardDeviceOperation,32,938.0
1658880,1,ReshardDeviceOperation,32,934.0
2414592,1,ReshardDeviceOperation,32,934.0
825344,,ReshardDeviceOperation,32,933.0
1371136,,ReshardDeviceOperation,32,933.0
1616896,1,ReshardDeviceOperation,32,933.0
1205248,,ReshardDeviceOperation,32,931.0
2122752,1,ReshardDeviceOperation,32,931.0
2372608,1,ReshardDeviceOperation,32,931.0
1413120,,ReshardDeviceOperation,32,930.0
1744896,1,ReshardDeviceOperation,32,930.0
1828864,1,ReshardDeviceOperation,32,930.0
2162688,1,ReshardDeviceOperation,32,930.0
2255872,1,ShardedToInterleavedDeviceOperation,64,930.0
2288640,1,ReshardDeviceOperation,32,927.0
2584576,1,ReshardDeviceOperation,28,927.0
783360,,ReshardDeviceOperation,32,926.0
2332672,1,ReshardDeviceOperation,32,926.0
1702912,1,ReshardDeviceOperation,32,925.0
2290688,1,ReshardDeviceOperation,32,925.0
575488,,ReshardDeviceOperation,32,924.0
363520,,ReshardDeviceOperation,32,923.0
1373184,,ReshardDeviceOperation,32,923.0
869376,,ReshardDeviceOperation,32,922.0
1910784,1,ReshardDeviceOperation,32,918.0
2624512,1,ReshardDeviceOperation,24,918.0
2675712,1,ReshardDeviceOperation,16,918.0
279552,,ReshardDeviceOperation,32,917.0
1415168,,ReshardDeviceOperation,32,917.0
1786880,1,ReshardDeviceOperation,32,917.0
1868800,1,ReshardDeviceOperation,32,917.0
2540544,1,ReshardDeviceOperation,28,917.0
2374656,1,ReshardDeviceOperation,32,916.0
867328,,ReshardDeviceOperation,32,915.0
1954816,1,ReshardDeviceOperation,32,915.0
2036736,1,ReshardDeviceOperation,32,915.0
2080768,1,ReshardDeviceOperation,32,915.0
2582528,1,ReshardDeviceOperation,28,915.0
190464,,ShardedToInterleavedDeviceOperation,1,913.0
951296,,ReshardDeviceOperation,32,910.0
1618944,1,ReshardDeviceOperation,32,909.0
1996800,1,ReshardDeviceOperation,32,909.0
2120704,1,ReshardDeviceOperation,32,909.0
447488,,ReshardDeviceOperation,32,907.0
449536,,ReshardDeviceOperation,32,907.0
1329152,,ReshardDeviceOperation,32,907.0
1952768,1,ReshardDeviceOperation,32,907.0
2500608,1,ReshardDeviceOperation,28,907.0
2620416,1,ShardedToInterleavedDeviceOperation,8,907.0
491520,,ReshardDeviceOperation,32,906.0
2206720,1,ReshardDeviceOperation,32,906.0
2498560,1,ReshardDeviceOperation,28,906.0
192512,,ShardedToInterleavedDeviceOperation,1,904.0
2248704,1,ReshardDeviceOperation,32,903.0
188416,,ShardedToInterleavedDeviceOperation,1,902.0
2626560,1,ReshardDeviceOperation,24,901.0
2633728,1,ShardedToInterleavedDeviceOperation,56,900.0
1870848,1,ReshardDeviceOperation,32,898.0
533504,,ReshardDeviceOperation,32,895.0
2578432,1,ShardedToInterleavedDeviceOperation,12,894.0
1660928,1,ReshardDeviceOperation,32,891.0
741376,,ReshardDeviceOperation,32,882.0
209920,,CopyDeviceOperation,1,881.0
1465344,1,InterleavedToShardedDeviceOperation,64,879.0
1463296,1,CopyDeviceOperation,1,877.0
1479680,1,InterleavedToShardedDeviceOperation,4,849.0
226304,,InterleavedToShardedDeviceOperation,4,846.0
1532928,1,ReshardDeviceOperation,32,835.0
1433600,1,ShardedToInterleavedDeviceOperation,1,830.0
1436672,1,ShardedToInterleavedDeviceOperation,1,825.0
1439744,1,ShardedToInterleavedDeviceOperation,1,825.0
1452032,1,ShardedToInterleavedDeviceOperation,1,824.0
1442816,1,ShardedToInterleavedDeviceOperation,1,817.0
195584,,ShardedToInterleavedDeviceOperation,1,815.0
211968,,InterleavedToShardedDeviceOperation,64,814.0
1448960,1,ShardedToInterleavedDeviceOperation,1,814.0
1445888,1,ShardedToInterleavedDeviceOperation,1,809.0
1455104,1,ShardedToInterleavedDeviceOperation,1,798.0
1430528,1,ShardedToInterleavedDeviceOperation,1,791.0
2662400,1,ShardedToInterleavedDeviceOperation,8,762.0
177152,,ShardedToInterleavedDeviceOperation,1,747.0
1429504,1,ShardedToInterleavedDeviceOperation,1,747.0
1438720,1,ShardedToInterleavedDeviceOperation,1,747.0
1441792,1,ShardedToInterleavedDeviceOperation,1,747.0
1457152,1,ShardedToInterleavedDeviceOperation,1,747.0
176128,,ShardedToInterleavedDeviceOperation,1,746.0
178176,,ShardedToInterleavedDeviceOperation,1,746.0
200704,,ShardedToInterleavedDeviceOperation,1,746.0
1434624,1,ShardedToInterleavedDeviceOperation,1,746.0
1446912,1,ShardedToInterleavedDeviceOperation,1,746.0
1456128,1,ShardedToInterleavedDeviceOperation,1,745.0
184320,,ShardedToInterleavedDeviceOperation,1,744.0
199680,,ShardedToInterleavedDeviceOperation,1,744.0
1440768,1,ShardedToInterleavedDeviceOperation,1,744.0
182272,,ShardedToInterleavedDeviceOperation,1,743.0
193536,,ShardedToInterleavedDeviceOperation,1,743.0
202752,,ShardedToInterleavedDeviceOperation,1,743.0
1444864,1,ShardedToInterleavedDeviceOperation,1,743.0
1437696,1,ShardedToInterleavedDeviceOperation,1,742.0
1443840,1,ShardedToInterleavedDeviceOperation,1,742.0
1447936,1,ShardedToInterleavedDeviceOperation,1,742.0
1454080,1,ShardedToInterleavedDeviceOperation,1,742.0
1431552,1,ShardedToInterleavedDeviceOperation,1,739.0
197632,,ShardedToInterleavedDeviceOperation,1,738.0
1482752,1,InterleavedToShardedDeviceOperation,4,737.0
187392,,ShardedToInterleavedDeviceOperation,1,736.0
191488,,ShardedToInterleavedDeviceOperation,1,736.0
194560,,ShardedToInterleavedDeviceOperation,1,736.0
203776,,ShardedToInterleavedDeviceOperation,1,736.0
179200,,ShardedToInterleavedDeviceOperation,1,735.0
181248,,ShardedToInterleavedDeviceOperation,1,735.0
185344,,ShardedToInterleavedDeviceOperation,1,735.0
189440,,ShardedToInterleavedDeviceOperation,1,735.0
196608,,ShardedToInterleavedDeviceOperation,1,735.0
206848,,ShardedToInterleavedDeviceOperation,1,735.0
1432576,1,ShardedToInterleavedDeviceOperation,1,735.0
1451008,1,ShardedToInterleavedDeviceOperation,1,735.0
186368,,ShardedToInterleavedDeviceOperation,1,734.0
198656,,ShardedToInterleavedDeviceOperation,1,734.0
201728,,ShardedToInterleavedDeviceOperation,1,734.0
1435648,1,ShardedToInterleavedDeviceOperation,1,734.0
1449984,1,ShardedToInterleavedDeviceOperation,1,734.0
1453056,1,ShardedToInterleavedDeviceOperation,1,734.0
1460224,1,ShardedToInterleavedDeviceOperation,1,734.0
183296,,ShardedToInterleavedDeviceOperation,1,733.0
224256,,ShardedToInterleavedDeviceOperation,2,714.0
180224,,ShardedToInterleavedDeviceOperation,1,702.0
229376,,InterleavedToShardedDeviceOperation,4,696.0
223232,,ShardedToInterleavedDeviceOperation,2,679.0
1477632,1,ShardedToInterleavedDeviceOperation,2,601.0
1305600,,ShardedToInterleavedDeviceOperation,4,600.0
507904,,ShardedToInterleavedDeviceOperation,4,597.0
1179648,,ShardedToInterleavedDeviceOperation,4,597.0
968704,,ShardedToInterleavedDeviceOperation,4,596.0
1095680,,ShardedToInterleavedDeviceOperation,4,596.0
885760,,ShardedToInterleavedDeviceOperation,4,595.0
1053696,,ShardedToInterleavedDeviceOperation,4,593.0
1188864,,ShardedToInterleavedDeviceOperation,4,593.0
684032,,ShardedToInterleavedDeviceOperation,4,592.0
852992,,ShardedToInterleavedDeviceOperation,4,592.0
1145856,,ShardedToInterleavedDeviceOperation,4,592.0
1356800,,ShardedToInterleavedDeviceOperation,4,592.0
235520,,ShardedToInterleavedDeviceOperation,4,591.0
307200,,ShardedToInterleavedDeviceOperation,4,591.0
590848,,ShardedToInterleavedDeviceOperation,4,591.0
632832,,ShardedToInterleavedDeviceOperation,4,591.0
1313792,,ShardedToInterleavedDeviceOperation,4,591.0
1476608,1,ShardedToInterleavedDeviceOperation,2,591.0
843776,,ShardedToInterleavedDeviceOperation,4,590.0
548864,,ShardedToInterleavedDeviceOperation,4,589.0
1263616,,ShardedToInterleavedDeviceOperation,4,589.0
800768,,ShardedToInterleavedDeviceOperation,4,588.0
1346560,,ShardedToInterleavedDeviceOperation,4,588.0
642048,,ShardedToInterleavedDeviceOperation,4,587.0
236544,,ShardedToInterleavedDeviceOperation,4,585.0
768000,,ShardedToInterleavedDeviceOperation,4,585.0
1061888,,ShardedToInterleavedDeviceOperation,4,585.0
1397760,,ShardedToInterleavedDeviceOperation,4,585.0
2001920,1,BinaryNgDeviceOperation,64,585.0
2664448,1,BinaryNgDeviceOperation,56,585.0
390144,,ShardedToInterleavedDeviceOperation,4,584.0
969728,,ShardedToInterleavedDeviceOperation,4,584.0
1271808,,ShardedToInterleavedDeviceOperation,4,584.0
253952,,ShardedToInterleavedDeviceOperation,4,583.0
349184,,ShardedToInterleavedDeviceOperation,4,583.0
391168,,ShardedToInterleavedDeviceOperation,4,583.0
464896,,ShardedToInterleavedDeviceOperation,4,583.0
559104,,ShardedToInterleavedDeviceOperation,4,583.0
601088,,ShardedToInterleavedDeviceOperation,4,583.0
674816,,ShardedToInterleavedDeviceOperation,4,583.0
685056,,ShardedToInterleavedDeviceOperation,4,583.0
758784,,ShardedToInterleavedDeviceOperation,4,583.0
894976,,ShardedToInterleavedDeviceOperation,4,583.0
926720,,ShardedToInterleavedDeviceOperation,4,583.0
927744,,ShardedToInterleavedDeviceOperation,4,583.0
978944,,ShardedToInterleavedDeviceOperation,4,583.0
1187840,,ShardedToInterleavedDeviceOperation,4,583.0
423936,,ShardedToInterleavedDeviceOperation,4,582.0
1104896,,ShardedToInterleavedDeviceOperation,4,582.0
1314816,,ShardedToInterleavedDeviceOperation,4,582.0
2169856,1,BinaryNgDeviceOperation,64,582.0
254976,,ShardedToInterleavedDeviceOperation,4,581.0
1011712,,ShardedToInterleavedDeviceOperation,4,580.0
348160,,ShardedToInterleavedDeviceOperation,4,579.0
1917952,1,BinaryNgDeviceOperation,64,579.0
1540096,1,BinaryNgDeviceOperation,64,578.0
432128,,ShardedToInterleavedDeviceOperation,4,577.0
2076672,1,BinaryNgDeviceOperation,64,577.0
433152,,ShardedToInterleavedDeviceOperation,4,576.0
465920,,ShardedToInterleavedDeviceOperation,4,576.0
474112,,ShardedToInterleavedDeviceOperation,4,576.0
842752,,ShardedToInterleavedDeviceOperation,4,576.0
1220608,,ShardedToInterleavedDeviceOperation,4,576.0
1221632,,ShardedToInterleavedDeviceOperation,4,576.0
1388544,,ShardedToInterleavedDeviceOperation,4,576.0
1833984,1,BinaryNgDeviceOperation,64,576.0
1992704,1,BinaryNgDeviceOperation,64,576.0
2673664,1,BinaryNgDeviceOperation,48,576.0
1094656,,ShardedToInterleavedDeviceOperation,4,575.0
1398784,,ShardedToInterleavedDeviceOperation,4,575.0
2211840,1,BinaryNgDeviceOperation,64,575.0
2631680,1,BinaryNgDeviceOperation,56,575.0
1347584,,ShardedToInterleavedDeviceOperation,4,574.0
2085888,1,BinaryNgDeviceOperation,64,574.0
2547712,1,BinaryNgDeviceOperation,60,574.0
884736,,ShardedToInterleavedDeviceOperation,4,573.0
1137664,,ShardedToInterleavedDeviceOperation,4,573.0
1304576,,ShardedToInterleavedDeviceOperation,4,573.0
297984,,ShardedToInterleavedDeviceOperation,4,572.0
1572864,1,BinaryNgDeviceOperation,64,572.0
1908736,1,BinaryNgDeviceOperation,64,572.0
2244608,1,BinaryNgDeviceOperation,64,572.0
2580480,1,BinaryNgDeviceOperation,60,572.0
2337792,1,BinaryNgDeviceOperation,64,571.0
1355776,,ShardedToInterleavedDeviceOperation,4,570.0
1582080,1,BinaryNgDeviceOperation,64,570.0
1656832,1,BinaryNgDeviceOperation,64,570.0
2295808,1,BinaryNgDeviceOperation,64,570.0
2328576,1,BinaryNgDeviceOperation,64,570.0
1624064,1,BinaryNgDeviceOperation,64,569.0
759808,,ShardedToInterleavedDeviceOperation,4,568.0
935936,,ShardedToInterleavedDeviceOperation,4,568.0
1019904,,ShardedToInterleavedDeviceOperation,4,568.0
506880,,ShardedToInterleavedDeviceOperation,4,567.0
591872,,ShardedToInterleavedDeviceOperation,4,567.0
801792,,ShardedToInterleavedDeviceOperation,4,567.0
1875968,1,BinaryNgDeviceOperation,64,567.0
2253824,1,BinaryNgDeviceOperation,64,567.0
2589696,1,BinaryNgDeviceOperation,60,567.0
549888,,ShardedToInterleavedDeviceOperation,4,566.0
1782784,1,BinaryNgDeviceOperation,64,566.0
1959936,1,BinaryNgDeviceOperation,64,566.0
2421760,1,BinaryNgDeviceOperation,64,566.0
2505728,1,BinaryNgDeviceOperation,60,566.0
643072,,ShardedToInterleavedDeviceOperation,4,565.0
675840,,ShardedToInterleavedDeviceOperation,4,565.0
1708032,1,BinaryNgDeviceOperation,64,565.0
1750016,1,BinaryNgDeviceOperation,64,565.0
1792000,1,BinaryNgDeviceOperation,64,565.0
2379776,1,BinaryNgDeviceOperation,64,565.0
1178624,,ShardedToInterleavedDeviceOperation,4,564.0
1666048,1,BinaryNgDeviceOperation,64,564.0
1740800,1,BinaryNgDeviceOperation,64,564.0
558080,,ShardedToInterleavedDeviceOperation,4,563.0
1698816,1,BinaryNgDeviceOperation,64,563.0
2043904,1,BinaryNgDeviceOperation,64,563.0
2286592,1,BinaryNgDeviceOperation,64,563.0
2463744,1,BinaryNgDeviceOperation,63,563.0
2034688,1,BinaryNgDeviceOperation,64,562.0
809984,,ShardedToInterleavedDeviceOperation,4,561.0
1229824,,ShardedToInterleavedDeviceOperation,4,561.0
1262592,,ShardedToInterleavedDeviceOperation,4,561.0
339968,,ShardedToInterleavedDeviceOperation,4,560.0
243712,,ShardedToInterleavedDeviceOperation,4,559.0
422912,,ShardedToInterleavedDeviceOperation,4,559.0
1272832,,ShardedToInterleavedDeviceOperation,4,559.0
2496512,1,BinaryNgDeviceOperation,60,559.0
1592320,1,ShardedToInterleavedDeviceOperation,4,558.0
1614848,1,BinaryNgDeviceOperation,64,558.0
1866752,1,BinaryNgDeviceOperation,64,558.0
2160640,1,BinaryNgDeviceOperation,64,558.0
2370560,1,BinaryNgDeviceOperation,64,558.0
2454528,1,BinaryNgDeviceOperation,63,558.0
2538496,1,BinaryNgDeviceOperation,60,558.0
2118656,1,BinaryNgDeviceOperation,64,557.0
2127872,1,BinaryNgDeviceOperation,64,557.0
2202624,1,BinaryNgDeviceOperation,64,557.0
851968,,ShardedToInterleavedDeviceOperation,4,556.0
1103872,,ShardedToInterleavedDeviceOperation,4,556.0
2306048,1,ShardedToInterleavedDeviceOperation,4,556.0
2622464,1,BinaryNgDeviceOperation,56,556.0
893952,,ShardedToInterleavedDeviceOperation,4,555.0
1824768,1,BinaryNgDeviceOperation,64,555.0
1950720,1,BinaryNgDeviceOperation,64,555.0
2412544,1,BinaryNgDeviceOperation,64,554.0
633856,,ShardedToInterleavedDeviceOperation,4,552.0
717824,,ShardedToInterleavedDeviceOperation,4,552.0
1136640,,ShardedToInterleavedDeviceOperation,4,552.0
716800,,ShardedToInterleavedDeviceOperation,4,551.0
769024,,ShardedToInterleavedDeviceOperation,4,551.0
1010688,,ShardedToInterleavedDeviceOperation,4,551.0
1389568,,ShardedToInterleavedDeviceOperation,4,551.0
2264064,1,ShardedToInterleavedDeviceOperation,4,551.0
1146880,,ShardedToInterleavedDeviceOperation,4,550.0
296960,,ShardedToInterleavedDeviceOperation,4,549.0
380928,,ShardedToInterleavedDeviceOperation,4,548.0
1550336,1,ShardedToInterleavedDeviceOperation,4,548.0
726016,,ShardedToInterleavedDeviceOperation,4,547.0
2307072,1,ShardedToInterleavedDeviceOperation,4,544.0
516096,,ShardedToInterleavedDeviceOperation,4,543.0
936960,,ShardedToInterleavedDeviceOperation,4,543.0
1062912,,ShardedToInterleavedDeviceOperation,4,543.0
1979392,1,ShardedToInterleavedDeviceOperation,4,543.0
811008,,ShardedToInterleavedDeviceOperation,4,541.0
1020928,,ShardedToInterleavedDeviceOperation,4,541.0
1593344,1,ShardedToInterleavedDeviceOperation,4,541.0
338944,,ShardedToInterleavedDeviceOperation,4,540.0
2265088,1,ShardedToInterleavedDeviceOperation,4,539.0
1551360,1,ShardedToInterleavedDeviceOperation,4,538.0
2054144,1,ShardedToInterleavedDeviceOperation,4,538.0
2106368,1,ShardedToInterleavedDeviceOperation,4,538.0
2138112,1,ShardedToInterleavedDeviceOperation,4,538.0
977920,,ShardedToInterleavedDeviceOperation,4,537.0
1845248,1,ShardedToInterleavedDeviceOperation,4,537.0
2274304,1,ShardedToInterleavedDeviceOperation,4,537.0
2390016,1,ShardedToInterleavedDeviceOperation,4,537.0
1634304,1,ShardedToInterleavedDeviceOperation,4,536.0
1938432,1,ShardedToInterleavedDeviceOperation,4,536.0
1980416,1,ShardedToInterleavedDeviceOperation,4,536.0
2055168,1,ShardedToInterleavedDeviceOperation,4,536.0
517120,,ShardedToInterleavedDeviceOperation,4,535.0
727040,,ShardedToInterleavedDeviceOperation,4,535.0
1803264,1,ShardedToInterleavedDeviceOperation,4,535.0
1896448,1,ShardedToInterleavedDeviceOperation,4,535.0
1937408,1,ShardedToInterleavedDeviceOperation,4,535.0
1971200,1,ShardedToInterleavedDeviceOperation,4,535.0
2063360,1,ShardedToInterleavedDeviceOperation,4,535.0
2139136,1,ShardedToInterleavedDeviceOperation,4,535.0
2148352,1,ShardedToInterleavedDeviceOperation,4,535.0
2232320,1,ShardedToInterleavedDeviceOperation,4,535.0
2357248,1,ShardedToInterleavedDeviceOperation,4,535.0
2433024,1,ShardedToInterleavedDeviceOperation,4,535.0
475136,,ShardedToInterleavedDeviceOperation,4,534.0
2231296,1,ShardedToInterleavedDeviceOperation,4,534.0
306176,,ShardedToInterleavedDeviceOperation,4,533.0
381952,,ShardedToInterleavedDeviceOperation,4,533.0
1508352,1,ShardedToInterleavedDeviceOperation,4,533.0
2475008,1,ShardedToInterleavedDeviceOperation,3,533.0
1230848,,ShardedToInterleavedDeviceOperation,4,532.0
1602560,1,ShardedToInterleavedDeviceOperation,4,532.0
1635328,1,ShardedToInterleavedDeviceOperation,4,532.0
1644544,1,ShardedToInterleavedDeviceOperation,4,532.0
1761280,1,ShardedToInterleavedDeviceOperation,4,532.0
1812480,1,ShardedToInterleavedDeviceOperation,4,532.0
2022400,1,ShardedToInterleavedDeviceOperation,4,532.0
2097152,1,ShardedToInterleavedDeviceOperation,4,532.0
2180096,1,ShardedToInterleavedDeviceOperation,4,532.0
2316288,1,ShardedToInterleavedDeviceOperation,4,532.0
1601536,1,ShardedToInterleavedDeviceOperation,4,531.0
1643520,1,ShardedToInterleavedDeviceOperation,4,531.0
1769472,1,ShardedToInterleavedDeviceOperation,4,531.0
1770496,1,ShardedToInterleavedDeviceOperation,4,531.0
1844224,1,ShardedToInterleavedDeviceOperation,4,531.0
1886208,1,ShardedToInterleavedDeviceOperation,4,531.0
1928192,1,ShardedToInterleavedDeviceOperation,4,531.0
2013184,1,ShardedToInterleavedDeviceOperation,4,531.0
2021376,1,ShardedToInterleavedDeviceOperation,4,531.0
2181120,1,ShardedToInterleavedDeviceOperation,4,531.0
2189312,1,ShardedToInterleavedDeviceOperation,4,531.0
2273280,1,ShardedToInterleavedDeviceOperation,4,531.0
2473984,1,ShardedToInterleavedDeviceOperation,3,531.0
1677312,1,ShardedToInterleavedDeviceOperation,4,530.0
2349056,1,ShardedToInterleavedDeviceOperation,4,530.0
600064,,ShardedToInterleavedDeviceOperation,4,529.0
1718272,1,ShardedToInterleavedDeviceOperation,4,529.0
1802240,1,ShardedToInterleavedDeviceOperation,4,529.0
2223104,1,ShardedToInterleavedDeviceOperation,4,528.0
2391040,1,ShardedToInterleavedDeviceOperation,4,528.0
1488896,1,ShardedToInterleavedDeviceOperation,4,527.0
1489920,1,ShardedToInterleavedDeviceOperation,4,527.0
1507328,1,ShardedToInterleavedDeviceOperation,4,527.0
1560576,1,ShardedToInterleavedDeviceOperation,4,527.0
1685504,1,ShardedToInterleavedDeviceOperation,4,527.0
1686528,1,ShardedToInterleavedDeviceOperation,4,527.0
1719296,1,ShardedToInterleavedDeviceOperation,4,527.0
1728512,1,ShardedToInterleavedDeviceOperation,4,527.0
1760256,1,ShardedToInterleavedDeviceOperation,4,527.0
1811456,1,ShardedToInterleavedDeviceOperation,4,527.0
1853440,1,ShardedToInterleavedDeviceOperation,4,527.0
1854464,1,ShardedToInterleavedDeviceOperation,4,527.0
1887232,1,ShardedToInterleavedDeviceOperation,4,527.0
1895424,1,ShardedToInterleavedDeviceOperation,4,527.0
2012160,1,ShardedToInterleavedDeviceOperation,4,527.0
2064384,1,ShardedToInterleavedDeviceOperation,4,527.0
2096128,1,ShardedToInterleavedDeviceOperation,4,527.0
2105344,1,ShardedToInterleavedDeviceOperation,4,527.0
2147328,1,ShardedToInterleavedDeviceOperation,4,527.0
2190336,1,ShardedToInterleavedDeviceOperation,4,527.0
2222080,1,ShardedToInterleavedDeviceOperation,4,527.0
2315264,1,ShardedToInterleavedDeviceOperation,4,527.0
2348032,1,ShardedToInterleavedDeviceOperation,4,527.0
2358272,1,ShardedToInterleavedDeviceOperation,4,527.0
2400256,1,ShardedToInterleavedDeviceOperation,4,527.0
2432000,1,ShardedToInterleavedDeviceOperation,4,527.0
2441216,1,ShardedToInterleavedDeviceOperation,4,527.0
2442240,1,ShardedToInterleavedDeviceOperation,4,527.0
2483200,1,ShardedToInterleavedDeviceOperation,3,527.0
1676288,1,ShardedToInterleavedDeviceOperation,4,526.0
1929216,1,ShardedToInterleavedDeviceOperation,4,526.0
2399232,1,ShardedToInterleavedDeviceOperation,4,526.0
2484224,1,ShardedToInterleavedDeviceOperation,3,526.0
1052672,,ShardedToInterleavedDeviceOperation,4,525.0
1497088,1,ShardedToInterleavedDeviceOperation,4,525.0
1559552,1,ShardedToInterleavedDeviceOperation,4,525.0
1727488,1,ShardedToInterleavedDeviceOperation,4,525.0
1970176,1,ShardedToInterleavedDeviceOperation,4,524.0
1327104,,BinaryNgDeviceOperation,64,486.0
319488,,BinaryNgDeviceOperation,64,478.0
916480,,BinaryNgDeviceOperation,64,476.0
1252352,,BinaryNgDeviceOperation,64,475.0
412672,,BinaryNgDeviceOperation,64,474.0
1033216,,BinaryNgDeviceOperation,64,471.0
1243136,,BinaryNgDeviceOperation,64,470.0
538624,,BinaryNgDeviceOperation,64,468.0
949248,,BinaryNgDeviceOperation,64,467.0
580608,,BinaryNgDeviceOperation,64,465.0
697344,,BinaryNgDeviceOperation,64,464.0
1042432,,BinaryNgDeviceOperation,64,464.0
1336320,,BinaryNgDeviceOperation,64,460.0
874496,,BinaryNgDeviceOperation,64,459.0
1210368,,BinaryNgDeviceOperation,64,459.0
739328,,BinaryNgDeviceOperation,64,457.0
1075200,,BinaryNgDeviceOperation,64,455.0
1411072,,BinaryNgDeviceOperation,64,455.0
370688,,BinaryNgDeviceOperation,64,454.0
445440,,BinaryNgDeviceOperation,64,454.0
529408,,BinaryNgDeviceOperation,64,454.0
1369088,,BinaryNgDeviceOperation,64,452.0
706560,,BinaryNgDeviceOperation,64,450.0
1084416,,BinaryNgDeviceOperation,64,450.0
664576,,BinaryNgDeviceOperation,64,447.0
655360,,BinaryNgDeviceOperation,64,445.0
454656,,BinaryNgDeviceOperation,64,443.0
1420288,,BinaryNgDeviceOperation,64,441.0
958464,,BinaryNgDeviceOperation,64,440.0
1168384,,BinaryNgDeviceOperation,64,440.0
1117184,,BinaryNgDeviceOperation,64,439.0
286720,,BinaryNgDeviceOperation,64,438.0
487424,,BinaryNgDeviceOperation,64,438.0
571392,,BinaryNgDeviceOperation,64,438.0
823296,,BinaryNgDeviceOperation,64,438.0
907264,,BinaryNgDeviceOperation,64,438.0
328704,,BinaryNgDeviceOperation,64,437.0
1000448,,BinaryNgDeviceOperation,64,437.0
865280,,BinaryNgDeviceOperation,64,436.0
1378304,,BinaryNgDeviceOperation,64,436.0
790528,,BinaryNgDeviceOperation,64,434.0
1126400,,BinaryNgDeviceOperation,64,434.0
496640,,BinaryNgDeviceOperation,64,433.0
622592,,BinaryNgDeviceOperation,64,433.0
832512,,BinaryNgDeviceOperation,64,433.0
403456,,BinaryNgDeviceOperation,64,432.0
748544,,BinaryNgDeviceOperation,64,432.0
613376,,BinaryNgDeviceOperation,64,430.0
781312,,BinaryNgDeviceOperation,64,430.0
1159168,,BinaryNgDeviceOperation,64,430.0
1201152,,BinaryNgDeviceOperation,64,429.0
361472,,BinaryNgDeviceOperation,64,426.0
991232,,BinaryNgDeviceOperation,64,423.0
1285120,,BinaryNgDeviceOperation,64,423.0
1294336,,BinaryNgDeviceOperation,64,423.0
