op_id,replay,op_name,cores,duration_ns
1402880,,ArgMaxDeviceOperation,64,2700728.0
2239488,1,ArgMaxDeviceOperation,64,2700283.0
2236416,1,MatmulDeviceOperation,64,792096.0
1399808,,MatmulDeviceOperation,64,789557.0
1401856,,UntilizeDeviceOperation,63,133433.0
2238464,1,UntilizeDeviceOperation,63,132500.0
566272,,InterleavedToShardedDeviceOperation,10,91765.0
317440,,InterleavedToShardedDeviceOperation,10,91648.0
173056,,InterleavedToShardedDeviceOperation,10,91535.0
231424,,InterleavedToShardedDeviceOperation,10,91233.0
332800,,InterleavedToShardedDeviceOperation,10,91090.0
118784,,InterleavedToShardedDeviceOperation,10,91069.0
316416,,InterleavedToShardedDeviceOperation,10,91030.0
519168,,InterleavedToShardedDeviceOperation,10,90984.0
242688,,InterleavedToShardedDeviceOperation,10,90963.0
248832,,InterleavedToShardedDeviceOperation,10,90940.0
163840,,InterleavedToShardedDeviceOperation,10,90915.0
243712,,InterleavedToShardedDeviceOperation,10,90882.0
134144,,InterleavedToShardedDeviceOperation,10,90610.0
241664,,InterleavedToShardedDeviceOperation,10,90524.0
364544,,InterleavedToShardedDeviceOperation,10,90305.0
432128,,InterleavedToShardedDeviceOperation,10,90289.0
412672,,InterleavedToShardedDeviceOperation,10,90130.0
502784,,InterleavedToShardedDeviceOperation,10,89990.0
520192,,InterleavedToShardedDeviceOperation,10,89881.0
518144,,InterleavedToShardedDeviceOperation,10,89810.0
292864,,InterleavedToShardedDeviceOperation,10,89725.0
450560,,InterleavedToShardedDeviceOperation,10,89711.0
433152,,InterleavedToShardedDeviceOperation,10,89582.0
240640,,InterleavedToShardedDeviceOperation,10,89549.0
77824,,TilizeWithValPaddingDeviceOperation,1,77412.0
98304,,TilizeWithValPaddingDeviceOperation,1,77392.0
94208,,TilizeWithValPaddingDeviceOperation,1,77384.0
182272,,TilizeWithValPaddingDeviceOperation,1,77315.0
225280,,TilizeWithValPaddingDeviceOperation,1,77310.0
57344,,TilizeWithValPaddingDeviceOperation,1,77278.0
45056,,TilizeWithValPaddingDeviceOperation,1,77238.0
20480,,TilizeWithValPaddingDeviceOperation,1,77233.0
24576,,TilizeWithValPaddingDeviceOperation,1,77219.0
40960,,TilizeWithValPaddingDeviceOperation,1,77218.0
50176,,TilizeWithValPaddingDeviceOperation,1,77217.0
91136,,TilizeWithValPaddingDeviceOperation,1,77215.0
425984,,TilizeWithValPaddingDeviceOperation,1,77214.0
87040,,TilizeWithValPaddingDeviceOperation,1,77209.0
286720,,TilizeWithValPaddingDeviceOperation,1,77205.0
1024,,TilizeWithValPaddingDeviceOperation,1,77201.0
32768,,TilizeWithValPaddingDeviceOperation,1,77201.0
17408,,TilizeWithValPaddingDeviceOperation,1,77198.0
258048,,TilizeWithValPaddingDeviceOperation,1,77198.0
377856,,TilizeWithValPaddingDeviceOperation,1,77198.0
16384,,TilizeWithValPaddingDeviceOperation,1,77196.0
4096,,TilizeWithValPaddingDeviceOperation,1,77195.0
61440,,TilizeWithValPaddingDeviceOperation,1,77195.0
90112,,TilizeWithValPaddingDeviceOperation,1,77194.0
560128,,TilizeWithValPaddingDeviceOperation,1,77193.0
512000,,TilizeWithValPaddingDeviceOperation,1,77188.0
13312,,TilizeWithValPaddingDeviceOperation,1,77186.0
54272,,TilizeWithValPaddingDeviceOperation,1,77184.0
354304,,TilizeWithValPaddingDeviceOperation,1,77183.0
81920,,TilizeWithValPaddingDeviceOperation,1,77181.0
86016,,TilizeWithValPaddingDeviceOperation,1,77181.0
157696,,TilizeWithValPaddingDeviceOperation,1,77176.0
210944,,TilizeWithValPaddingDeviceOperation,1,77176.0
533504,,TilizeWithValPaddingDeviceOperation,1,77169.0
128000,,TilizeWithValPaddingDeviceOperation,1,77163.0
478208,,TilizeWithValPaddingDeviceOperation,1,77160.0
196608,,TilizeWithValPaddingDeviceOperation,1,77159.0
65536,,TilizeWithValPaddingDeviceOperation,1,77158.0
459776,,TilizeWithValPaddingDeviceOperation,1,77158.0
46080,,TilizeWithValPaddingDeviceOperation,1,77154.0
112640,,TilizeWithValPaddingDeviceOperation,1,77154.0
143360,,TilizeWithValPaddingDeviceOperation,1,77145.0
392192,,TilizeWithValPaddingDeviceOperation,1,77140.0
12288,,TilizeWithValPaddingDeviceOperation,1,77139.0
272384,,TilizeWithValPaddingDeviceOperation,1,77137.0
49152,,TilizeWithValPaddingDeviceOperation,1,77133.0
53248,,TilizeWithValPaddingDeviceOperation,1,77120.0
8192,,TilizeWithValPaddingDeviceOperation,1,77117.0
406528,,TilizeWithValPaddingDeviceOperation,1,77107.0
496640,,TilizeWithValPaddingDeviceOperation,1,77080.0
82944,,TilizeWithValPaddingDeviceOperation,1,77070.0
73728,,TilizeWithValPaddingDeviceOperation,1,77064.0
95232,,TilizeWithValPaddingDeviceOperation,1,77063.0
58368,,TilizeWithValPaddingDeviceOperation,1,77060.0
70656,,TilizeWithValPaddingDeviceOperation,1,77060.0
9216,,TilizeWithValPaddingDeviceOperation,1,77057.0
302080,,TilizeWithValPaddingDeviceOperation,1,77057.0
29696,,TilizeWithValPaddingDeviceOperation,1,77053.0
62464,,TilizeWithValPaddingDeviceOperation,1,77053.0
69632,,TilizeWithValPaddingDeviceOperation,1,77051.0
33792,,TilizeWithValPaddingDeviceOperation,1,77048.0
5120,,TilizeWithValPaddingDeviceOperation,1,77046.0
28672,,TilizeWithValPaddingDeviceOperation,1,77044.0
78848,,TilizeWithValPaddingDeviceOperation,1,77044.0
37888,,TilizeWithValPaddingDeviceOperation,1,77043.0
21504,,TilizeWithValPaddingDeviceOperation,1,77036.0
99328,,TilizeWithValPaddingDeviceOperation,1,77036.0
74752,,TilizeWithValPaddingDeviceOperation,1,77024.0
326656,,TilizeWithValPaddingDeviceOperation,1,77022.0
41984,,TilizeWithValPaddingDeviceOperation,1,77013.0
66560,,TilizeWithValPaddingDeviceOperation,1,77013.0
36864,,TilizeWithValPaddingDeviceOperation,1,77011.0
25600,,TilizeWithValPaddingDeviceOperation,1,77010.0
1400832,,ShardedToInterleavedDeviceOperation,64,71071.0
2237440,1,ShardedToInterleavedDeviceOperation,64,69440.0
1835008,1,MatmulDeviceOperation,51,31030.0
2195456,1,MatmulDeviceOperation,51,30477.0
1933312,1,MatmulDeviceOperation,51,30342.0
2129920,1,MatmulDeviceOperation,51,30233.0
1572864,1,MatmulDeviceOperation,51,30219.0
1736704,1,MatmulDeviceOperation,51,30195.0
2097152,1,MatmulDeviceOperation,51,29902.0
1900544,1,MatmulDeviceOperation,51,29887.0
1966080,1,MatmulDeviceOperation,51,29868.0
2031616,1,MatmulDeviceOperation,51,29845.0
2064384,1,MatmulDeviceOperation,51,29756.0
1638400,1,MatmulDeviceOperation,51,29692.0
1998848,1,MatmulDeviceOperation,51,29640.0
1769472,1,MatmulDeviceOperation,51,29639.0
2162688,1,MatmulDeviceOperation,51,29629.0
1605632,1,MatmulDeviceOperation,51,29604.0
1802240,1,MatmulDeviceOperation,51,29580.0
1507328,1,MatmulDeviceOperation,51,29577.0
1474560,1,MatmulDeviceOperation,51,29545.0
1540096,1,MatmulDeviceOperation,51,29464.0
1867776,1,MatmulDeviceOperation,51,29273.0
1671168,1,MatmulDeviceOperation,51,29256.0
2228224,1,MatmulDeviceOperation,51,29184.0
1703936,1,MatmulDeviceOperation,51,29059.0
1063936,,MatmulDeviceOperation,51,29023.0
1162240,,MatmulDeviceOperation,51,28816.0
965632,,MatmulDeviceOperation,51,28736.0
1031168,,MatmulDeviceOperation,51,28731.0
1358848,,MatmulDeviceOperation,51,28675.0
1129472,,MatmulDeviceOperation,51,28645.0
1096704,,MatmulDeviceOperation,51,28585.0
998400,,MatmulDeviceOperation,51,28499.0
736256,,MatmulDeviceOperation,51,28463.0
900096,,MatmulDeviceOperation,51,28442.0
1391616,,MatmulDeviceOperation,51,28332.0
1195008,,MatmulDeviceOperation,51,28328.0
1293312,,MatmulDeviceOperation,51,28325.0
1773568,1,MatmulDeviceOperation,64,28304.0
1576960,1,MatmulDeviceOperation,64,28294.0
1227776,,MatmulDeviceOperation,51,28277.0
670720,,MatmulDeviceOperation,51,28267.0
867328,,MatmulDeviceOperation,51,28250.0
637952,,MatmulDeviceOperation,51,28242.0
1260544,,MatmulDeviceOperation,51,28220.0
1326080,,MatmulDeviceOperation,51,28200.0
1740800,1,MatmulDeviceOperation,64,28182.0
1478656,1,MatmulDeviceOperation,64,28178.0
932864,,MatmulDeviceOperation,51,28168.0
769024,,MatmulDeviceOperation,51,28148.0
1231872,,MatmulDeviceOperation,64,28121.0
703488,,MatmulDeviceOperation,51,28101.0
1609728,1,MatmulDeviceOperation,64,28060.0
969728,,MatmulDeviceOperation,64,28048.0
1511424,1,MatmulDeviceOperation,64,28047.0
904192,,MatmulDeviceOperation,64,28010.0
1904640,1,MatmulDeviceOperation,64,28008.0
2002944,1,MatmulDeviceOperation,64,27994.0
1708032,1,MatmulDeviceOperation,64,27991.0
1166336,,MatmulDeviceOperation,64,27987.0
2199552,1,MatmulDeviceOperation,64,27978.0
1544192,1,MatmulDeviceOperation,64,27961.0
773120,,MatmulDeviceOperation,64,27934.0
1035264,,MatmulDeviceOperation,64,27930.0
936960,,MatmulDeviceOperation,64,27924.0
1937408,1,MatmulDeviceOperation,64,27896.0
1675264,1,MatmulDeviceOperation,64,27874.0
642048,,MatmulDeviceOperation,64,27871.0
2101248,1,MatmulDeviceOperation,64,27866.0
2166784,1,MatmulDeviceOperation,64,27866.0
1362944,,MatmulDeviceOperation,64,27851.0
1100800,,MatmulDeviceOperation,64,27849.0
2068480,1,MatmulDeviceOperation,64,27843.0
1642496,1,MatmulDeviceOperation,64,27838.0
801792,,MatmulDeviceOperation,51,27837.0
2232320,1,MatmulDeviceOperation,64,27836.0
1068032,,MatmulDeviceOperation,64,27804.0
707584,,MatmulDeviceOperation,64,27789.0
1806336,1,MatmulDeviceOperation,64,27765.0
1871872,1,MatmulDeviceOperation,64,27718.0
1297408,,MatmulDeviceOperation,64,27680.0
2035712,1,MatmulDeviceOperation,64,27652.0
1199104,,MatmulDeviceOperation,64,27651.0
1970176,1,MatmulDeviceOperation,64,27618.0
1839104,1,MatmulDeviceOperation,64,27571.0
871424,,MatmulDeviceOperation,64,27553.0
2134016,1,MatmulDeviceOperation,64,27551.0
834560,,MatmulDeviceOperation,51,27473.0
1133568,,MatmulDeviceOperation,64,27473.0
740352,,MatmulDeviceOperation,64,27467.0
838656,,MatmulDeviceOperation,64,27362.0
1002496,,MatmulDeviceOperation,64,27360.0
1264640,,MatmulDeviceOperation,64,27356.0
1330176,,MatmulDeviceOperation,64,27309.0
805888,,MatmulDeviceOperation,64,27261.0
1395712,,MatmulDeviceOperation,64,27218.0
674816,,MatmulDeviceOperation,64,27073.0
1317888,,TernaryDeviceOperation,64,26218.0
1383424,,TernaryDeviceOperation,64,26174.0
340992,,ConcatDeviceOperation,64,26133.0
1350656,,TernaryDeviceOperation,64,26132.0
891904,,TernaryDeviceOperation,64,26119.0
1252352,,TernaryDeviceOperation,64,26112.0
957440,,TernaryDeviceOperation,64,26099.0
859136,,TernaryDeviceOperation,64,26094.0
990208,,TernaryDeviceOperation,64,26065.0
826368,,TernaryDeviceOperation,64,26046.0
924672,,TernaryDeviceOperation,64,26043.0
1219584,,TernaryDeviceOperation,64,26014.0
315392,,ConcatDeviceOperation,64,26007.0
1022976,,TernaryDeviceOperation,64,25991.0
662528,,TernaryDeviceOperation,64,25958.0
1285120,,TernaryDeviceOperation,64,25934.0
793600,,TernaryDeviceOperation,64,25929.0
1121280,,TernaryDeviceOperation,64,25921.0
1186816,,TernaryDeviceOperation,64,25921.0
629760,,TernaryDeviceOperation,64,25920.0
728064,,TernaryDeviceOperation,64,25897.0
1055744,,TernaryDeviceOperation,64,25874.0
1154048,,TernaryDeviceOperation,64,25865.0
695296,,TernaryDeviceOperation,64,25821.0
1088512,,TernaryDeviceOperation,64,25784.0
760832,,TernaryDeviceOperation,64,25770.0
441344,,ConcatDeviceOperation,64,25625.0
468992,,ConcatDeviceOperation,64,25491.0
239616,,ConcatDeviceOperation,64,25459.0
172032,,ConcatDeviceOperation,64,25419.0
542720,,ConcatDeviceOperation,64,25396.0
2187264,1,TernaryDeviceOperation,64,25281.0
1499136,1,TernaryDeviceOperation,64,25182.0
1859584,1,TernaryDeviceOperation,64,25139.0
1761280,1,TernaryDeviceOperation,64,25106.0
1925120,1,TernaryDeviceOperation,64,25014.0
2088960,1,TernaryDeviceOperation,64,24983.0
2154496,1,TernaryDeviceOperation,64,24935.0
368640,,ConcatDeviceOperation,64,24897.0
1466368,1,TernaryDeviceOperation,64,24893.0
1441792,1,TernaryDeviceOperation,64,24839.0
336896,,ConcatDeviceOperation,64,24832.0
1695744,1,TernaryDeviceOperation,64,24812.0
1662976,1,TernaryDeviceOperation,64,24796.0
311296,,ConcatDeviceOperation,64,24765.0
1728512,1,TernaryDeviceOperation,64,24712.0
2056192,1,TernaryDeviceOperation,64,24712.0
1892352,1,TernaryDeviceOperation,64,24679.0
1597440,1,TernaryDeviceOperation,64,24673.0
605184,,TernaryDeviceOperation,64,24668.0
416768,,ConcatDeviceOperation,64,24649.0
449536,,ConcatDeviceOperation,64,24614.0
1564672,1,TernaryDeviceOperation,64,24582.0
2121728,1,TernaryDeviceOperation,64,24581.0
545792,,SliceDeviceOperation,64,24559.0
2023424,1,TernaryDeviceOperation,64,24518.0
1531904,1,TernaryDeviceOperation,64,24454.0
448512,,SliceDeviceOperation,64,24446.0
2220032,1,TernaryDeviceOperation,64,24390.0
1990656,1,TernaryDeviceOperation,64,24389.0
1794048,1,TernaryDeviceOperation,64,24377.0
1630208,1,TernaryDeviceOperation,64,24349.0
235520,,ConcatDeviceOperation,64,24333.0
437248,,ConcatDeviceOperation,64,24333.0
1957888,1,TernaryDeviceOperation,64,24304.0
445440,,ConcatDeviceOperation,64,24294.0
1826816,1,TernaryDeviceOperation,64,24281.0
247808,,ConcatDeviceOperation,64,24220.0
363520,,ConcatDeviceOperation,64,24213.0
999424,,MatmulDeviceOperation,51,24063.0
103424,,ConcatDeviceOperation,64,24046.0
1196032,,MatmulDeviceOperation,51,24009.0
550912,,ConcatDeviceOperation,64,24003.0
1672192,1,MatmulDeviceOperation,51,24003.0
1836032,1,MatmulDeviceOperation,51,24001.0
1294336,,MatmulDeviceOperation,51,23963.0
1475584,1,MatmulDeviceOperation,51,23963.0
487424,,ConcatDeviceOperation,64,23953.0
1901568,1,MatmulDeviceOperation,51,23891.0
1392640,,MatmulDeviceOperation,51,23885.0
966656,,MatmulDeviceOperation,51,23881.0
1704960,1,MatmulDeviceOperation,51,23871.0
638976,,MatmulDeviceOperation,51,23846.0
436224,,SliceDeviceOperation,64,23840.0
1327104,,MatmulDeviceOperation,51,23833.0
704512,,MatmulDeviceOperation,51,23824.0
1261568,,MatmulDeviceOperation,51,23806.0
1359872,,MatmulDeviceOperation,51,23755.0
524288,,ConcatDeviceOperation,64,23688.0
1737728,1,MatmulDeviceOperation,51,23687.0
1770496,1,MatmulDeviceOperation,51,23685.0
1573888,1,MatmulDeviceOperation,51,23647.0
549888,,SliceDeviceOperation,64,23633.0
1097728,,MatmulDeviceOperation,51,23628.0
246784,,SliceDeviceOperation,64,23617.0
1868800,1,MatmulDeviceOperation,51,23596.0
367616,,SliceDeviceOperation,64,23573.0
345088,,ConcatDeviceOperation,64,23568.0
1130496,,MatmulDeviceOperation,51,23541.0
238592,,SliceDeviceOperation,64,23539.0
2229248,1,MatmulDeviceOperation,51,23537.0
2098176,1,MatmulDeviceOperation,51,23525.0
2032640,1,MatmulDeviceOperation,51,23517.0
1803264,1,MatmulDeviceOperation,51,23507.0
737280,,MatmulDeviceOperation,51,23506.0
1163264,,MatmulDeviceOperation,51,23503.0
2196480,1,MatmulDeviceOperation,51,23480.0
2065408,1,MatmulDeviceOperation,51,23478.0
1032192,,MatmulDeviceOperation,51,23454.0
415744,,SliceDeviceOperation,64,23419.0
2216960,1,SdpaDecodeDeviceOperation,64,23417.0
901120,,MatmulDeviceOperation,51,23408.0
1934336,1,MatmulDeviceOperation,51,23402.0
1064960,,MatmulDeviceOperation,51,23394.0
344064,,SliceDeviceOperation,64,23381.0
2163712,1,MatmulDeviceOperation,51,23375.0
1999872,1,MatmulDeviceOperation,51,23354.0
1967104,1,MatmulDeviceOperation,51,23353.0
1639424,1,MatmulDeviceOperation,51,23336.0
1606656,1,MatmulDeviceOperation,51,23329.0
1228800,,MatmulDeviceOperation,51,23325.0
770048,,MatmulDeviceOperation,51,23294.0
546816,,ConcatDeviceOperation,64,23291.0
671744,,MatmulDeviceOperation,51,23270.0
1508352,1,MatmulDeviceOperation,51,23259.0
102400,,SliceDeviceOperation,64,23249.0
167936,,ConcatDeviceOperation,64,23243.0
835584,,MatmulDeviceOperation,51,23231.0
541696,,SliceDeviceOperation,64,23190.0
1496064,1,SdpaDecodeDeviceOperation,64,23114.0
1541120,1,MatmulDeviceOperation,51,23090.0
339968,,SliceDeviceOperation,64,23056.0
933888,,MatmulDeviceOperation,51,23046.0
868352,,MatmulDeviceOperation,51,23033.0
1594368,1,SdpaDecodeDeviceOperation,64,22998.0
802816,,MatmulDeviceOperation,51,22957.0
314368,,SliceDeviceOperation,64,22931.0
234496,,SliceDeviceOperation,64,22882.0
523264,,SliceDeviceOperation,64,22847.0
1459200,1,SdpaDecodeDeviceOperation,64,22846.0
486400,,SliceDeviceOperation,64,22823.0
2130944,1,MatmulDeviceOperation,51,22787.0
2085888,1,SdpaDecodeDeviceOperation,64,22741.0
362496,,SliceDeviceOperation,64,22726.0
467968,,SliceDeviceOperation,64,22716.0
2184192,1,SdpaDecodeDeviceOperation,64,22715.0
171008,,SliceDeviceOperation,64,22714.0
1987584,1,SdpaDecodeDeviceOperation,64,22683.0
335872,,SliceDeviceOperation,64,22494.0
1282048,,SdpaDecodeDeviceOperation,64,22396.0
444416,,SliceDeviceOperation,64,22392.0
166912,,SliceDeviceOperation,64,22327.0
440320,,SliceDeviceOperation,64,22301.0
1790976,1,SdpaDecodeDeviceOperation,64,22291.0
1216512,,SdpaDecodeDeviceOperation,64,22260.0
310272,,SliceDeviceOperation,64,22251.0
1889280,1,SdpaDecodeDeviceOperation,64,22250.0
692224,,SdpaDecodeDeviceOperation,64,22162.0
1692672,1,SdpaDecodeDeviceOperation,64,22136.0
823296,,SdpaDecodeDeviceOperation,64,22115.0
1347584,,SdpaDecodeDeviceOperation,64,22004.0
1019904,,SdpaDecodeDeviceOperation,64,21942.0
1314816,,SdpaDecodeDeviceOperation,64,21916.0
987136,,SdpaDecodeDeviceOperation,64,21892.0
1380352,,SdpaDecodeDeviceOperation,64,21810.0
1118208,,SdpaDecodeDeviceOperation,64,21721.0
921600,,SdpaDecodeDeviceOperation,64,21699.0
1085440,,SdpaDecodeDeviceOperation,64,21685.0
856064,,SdpaDecodeDeviceOperation,64,21657.0
622592,,SdpaDecodeDeviceOperation,64,21619.0
954368,,SdpaDecodeDeviceOperation,64,21578.0
659456,,SdpaDecodeDeviceOperation,64,21527.0
1150976,,SdpaDecodeDeviceOperation,64,21491.0
757760,,SdpaDecodeDeviceOperation,64,21469.0
1052672,,SdpaDecodeDeviceOperation,64,21401.0
790528,,SdpaDecodeDeviceOperation,64,21393.0
1183744,,SdpaDecodeDeviceOperation,64,21378.0
888832,,SdpaDecodeDeviceOperation,64,21346.0
2118656,1,SdpaDecodeDeviceOperation,64,21345.0
1627136,1,SdpaDecodeDeviceOperation,64,21294.0
724992,,SdpaDecodeDeviceOperation,64,21278.0
1249280,,SdpaDecodeDeviceOperation,64,20924.0
1954816,1,SdpaDecodeDeviceOperation,64,20895.0
1758208,1,SdpaDecodeDeviceOperation,64,20670.0
1856512,1,SdpaDecodeDeviceOperation,64,20652.0
2053120,1,SdpaDecodeDeviceOperation,64,20625.0
1528832,1,SdpaDecodeDeviceOperation,64,20607.0
1725440,1,SdpaDecodeDeviceOperation,64,20599.0
1561600,1,SdpaDecodeDeviceOperation,64,20546.0
2151424,1,SdpaDecodeDeviceOperation,64,20512.0
1659904,1,SdpaDecodeDeviceOperation,64,20492.0
2020352,1,SdpaDecodeDeviceOperation,64,20479.0
1823744,1,SdpaDecodeDeviceOperation,64,20025.0
1922048,1,SdpaDecodeDeviceOperation,64,19990.0
2308096,,UntilizeDeviceOperation,64,19105.0
2311168,,UntilizeDeviceOperation,64,19003.0
2276352,,UntilizeDeviceOperation,64,18937.0
2302976,,UntilizeDeviceOperation,64,18865.0
2306048,,UntilizeDeviceOperation,64,18719.0
2305024,,UntilizeDeviceOperation,64,18619.0
617472,,TilizeWithValPaddingDeviceOperation,32,18611.0
2293760,,UntilizeDeviceOperation,64,18607.0
2272256,,UntilizeDeviceOperation,64,18547.0
2279424,,UntilizeDeviceOperation,64,18543.0
2267136,,UntilizeDeviceOperation,64,18522.0
2296832,,UntilizeDeviceOperation,64,18460.0
2291712,,UntilizeDeviceOperation,64,18438.0
2309120,,UntilizeDeviceOperation,64,18390.0
2299904,,UntilizeDeviceOperation,64,18298.0
2310144,,UntilizeDeviceOperation,64,18230.0
2304000,,UntilizeDeviceOperation,64,18189.0
2266112,,UntilizeDeviceOperation,64,18181.0
2300928,,UntilizeDeviceOperation,64,18142.0
2287616,,UntilizeDeviceOperation,64,18139.0
2268160,,UntilizeDeviceOperation,64,18088.0
2269184,,UntilizeDeviceOperation,64,18057.0
2277376,,UntilizeDeviceOperation,64,18032.0
2295808,,UntilizeDeviceOperation,64,18025.0
2289664,,UntilizeDeviceOperation,64,17981.0
2314240,,UntilizeDeviceOperation,64,17975.0
2297856,,UntilizeDeviceOperation,64,17946.0
2288640,,UntilizeDeviceOperation,64,17938.0
2292736,,UntilizeDeviceOperation,64,17894.0
2274304,,UntilizeDeviceOperation,64,17889.0
2271232,,UntilizeDeviceOperation,64,17858.0
2278400,,UntilizeDeviceOperation,64,17832.0
2294784,,UntilizeDeviceOperation,64,17825.0
2283520,,UntilizeDeviceOperation,64,17770.0
1454080,1,TilizeWithValPaddingDeviceOperation,32,17719.0
2312192,,UntilizeDeviceOperation,64,17571.0
2270208,,UntilizeDeviceOperation,64,17544.0
2301952,,UntilizeDeviceOperation,64,17491.0
2313216,,UntilizeDeviceOperation,64,17479.0
2298880,,UntilizeDeviceOperation,64,17440.0
2290688,,UntilizeDeviceOperation,64,17430.0
2285568,,UntilizeDeviceOperation,64,17414.0
2307072,,UntilizeDeviceOperation,64,17411.0
2282496,,UntilizeDeviceOperation,64,17395.0
2284544,,UntilizeDeviceOperation,64,17382.0
2281472,,UntilizeDeviceOperation,64,17362.0
2275328,,UntilizeDeviceOperation,64,17305.0
2280448,,UntilizeDeviceOperation,64,17294.0
2286592,,UntilizeDeviceOperation,64,16993.0
2273280,,UntilizeDeviceOperation,64,16960.0
2048,,TilizeDeviceOperation,64,16431.0
574464,,ReshapeViewDeviceOperation,64,16280.0
1411072,1,ReshapeViewDeviceOperation,64,16133.0
11264,,TilizeDeviceOperation,64,16032.0
56320,,TilizeDeviceOperation,64,16007.0
96256,,TilizeDeviceOperation,64,15979.0
55296,,TilizeDeviceOperation,64,15940.0
60416,,TilizeDeviceOperation,64,15909.0
71680,,TilizeDeviceOperation,64,15835.0
6144,,TilizeDeviceOperation,64,15811.0
89088,,TilizeDeviceOperation,64,15796.0
48128,,TilizeDeviceOperation,64,15788.0
22528,,TilizeDeviceOperation,64,15709.0
19456,,TilizeDeviceOperation,64,15695.0
113664,,UntilizeWithUnpaddingDeviceOperation,1,15682.0
35840,,TilizeDeviceOperation,64,15658.0
183296,,UntilizeWithUnpaddingDeviceOperation,1,15655.0
259072,,UntilizeWithUnpaddingDeviceOperation,1,15645.0
407552,,UntilizeWithUnpaddingDeviceOperation,1,15634.0
378880,,UntilizeWithUnpaddingDeviceOperation,1,15568.0
14336,,TilizeDeviceOperation,64,15524.0
393216,,UntilizeWithUnpaddingDeviceOperation,1,15516.0
93184,,TilizeDeviceOperation,64,15514.0
34816,,TilizeDeviceOperation,64,15488.0
211968,,UntilizeWithUnpaddingDeviceOperation,1,15475.0
63488,,TilizeDeviceOperation,64,15461.0
129024,,UntilizeWithUnpaddingDeviceOperation,1,15401.0
52224,,TilizeDeviceOperation,64,15389.0
3072,,TilizeDeviceOperation,64,15356.0
479232,,UntilizeWithUnpaddingDeviceOperation,1,15339.0
497664,,UntilizeWithUnpaddingDeviceOperation,1,15330.0
197632,,UntilizeWithUnpaddingDeviceOperation,1,15329.0
72704,,TilizeDeviceOperation,64,15326.0
47104,,TilizeDeviceOperation,64,15309.0
18432,,TilizeDeviceOperation,64,15305.0
83968,,TilizeDeviceOperation,64,15244.0
561152,,UntilizeWithUnpaddingDeviceOperation,1,15242.0
144384,,UntilizeWithUnpaddingDeviceOperation,1,15240.0
303104,,UntilizeWithUnpaddingDeviceOperation,1,15235.0
31744,,TilizeDeviceOperation,64,15234.0
327680,,UntilizeWithUnpaddingDeviceOperation,1,15233.0
460800,,UntilizeWithUnpaddingDeviceOperation,1,15223.0
534528,,UntilizeWithUnpaddingDeviceOperation,1,15220.0
355328,,UntilizeWithUnpaddingDeviceOperation,1,15205.0
26624,,TilizeDeviceOperation,64,15191.0
427008,,UntilizeWithUnpaddingDeviceOperation,1,15186.0
273408,,UntilizeWithUnpaddingDeviceOperation,1,15181.0
513024,,UntilizeWithUnpaddingDeviceOperation,1,15162.0
226304,,UntilizeWithUnpaddingDeviceOperation,1,15161.0
10240,,TilizeDeviceOperation,64,15155.0
80896,,TilizeDeviceOperation,64,15154.0
79872,,TilizeDeviceOperation,64,15128.0
158720,,UntilizeWithUnpaddingDeviceOperation,1,15123.0
287744,,UntilizeWithUnpaddingDeviceOperation,1,15111.0
7168,,TilizeDeviceOperation,64,15108.0
64512,,TilizeDeviceOperation,64,15098.0
97280,,TilizeDeviceOperation,64,15094.0
15360,,TilizeDeviceOperation,64,15006.0
76800,,TilizeDeviceOperation,64,14992.0
75776,,TilizeDeviceOperation,64,14983.0
27648,,TilizeDeviceOperation,64,14949.0
23552,,TilizeDeviceOperation,64,14919.0
88064,,TilizeDeviceOperation,64,14880.0
68608,,TilizeDeviceOperation,64,14879.0
43008,,TilizeDeviceOperation,64,14859.0
39936,,TilizeDeviceOperation,64,14844.0
92160,,TilizeDeviceOperation,64,14829.0
67584,,TilizeDeviceOperation,64,14820.0
51200,,TilizeDeviceOperation,64,14799.0
38912,,TilizeDeviceOperation,64,14726.0
59392,,TilizeDeviceOperation,64,14713.0
30720,,TilizeDeviceOperation,64,14705.0
44032,,TilizeDeviceOperation,64,14703.0
84992,,TilizeDeviceOperation,64,14562.0
608256,,TilizeWithValPaddingDeviceOperation,32,13323.0
1444864,1,TilizeWithValPaddingDeviceOperation,32,13118.0
299008,,TilizeWithValPaddingDeviceOperation,1,12131.0
193536,,TilizeWithValPaddingDeviceOperation,1,12123.0
400384,,TilizeWithValPaddingDeviceOperation,1,11971.0
323584,,TilizeWithValPaddingDeviceOperation,1,11970.0
179200,,TilizeWithValPaddingDeviceOperation,1,11962.0
254976,,TilizeWithValPaddingDeviceOperation,1,11962.0
109568,,TilizeWithValPaddingDeviceOperation,1,11961.0
295936,,TilizeWithValPaddingDeviceOperation,1,11961.0
371712,,TilizeWithValPaddingDeviceOperation,1,11961.0
140288,,TilizeWithValPaddingDeviceOperation,1,11955.0
121856,,TilizeWithValPaddingDeviceOperation,1,11954.0
204800,,TilizeWithValPaddingDeviceOperation,1,11954.0
527360,,TilizeWithValPaddingDeviceOperation,1,11952.0
557056,,TilizeWithValPaddingDeviceOperation,1,11949.0
386048,,TilizeWithValPaddingDeviceOperation,1,11947.0
176128,,TilizeWithValPaddingDeviceOperation,1,11944.0
269312,,TilizeWithValPaddingDeviceOperation,1,11943.0
505856,,TilizeWithValPaddingDeviceOperation,1,11941.0
351232,,TilizeWithValPaddingDeviceOperation,1,11939.0
472064,,TilizeWithValPaddingDeviceOperation,1,11938.0
106496,,TilizeWithValPaddingDeviceOperation,1,11937.0
137216,,TilizeWithValPaddingDeviceOperation,1,11937.0
280576,,TilizeWithValPaddingDeviceOperation,1,11937.0
154624,,TilizeWithValPaddingDeviceOperation,1,11935.0
124928,,TilizeWithValPaddingDeviceOperation,1,11934.0
190464,,TilizeWithValPaddingDeviceOperation,1,11934.0
508928,,TilizeWithValPaddingDeviceOperation,1,11932.0
530432,,TilizeWithValPaddingDeviceOperation,1,11932.0
419840,,TilizeWithValPaddingDeviceOperation,1,11931.0
266240,,TilizeWithValPaddingDeviceOperation,1,11930.0
151552,,TilizeWithValPaddingDeviceOperation,1,11928.0
422912,,TilizeWithValPaddingDeviceOperation,1,11925.0
453632,,TilizeWithValPaddingDeviceOperation,1,11923.0
456704,,TilizeWithValPaddingDeviceOperation,1,11922.0
283648,,TilizeWithValPaddingDeviceOperation,1,11921.0
374784,,TilizeWithValPaddingDeviceOperation,1,11920.0
553984,,TilizeWithValPaddingDeviceOperation,1,11920.0
475136,,TilizeWithValPaddingDeviceOperation,1,11919.0
490496,,TilizeWithValPaddingDeviceOperation,1,11918.0
207872,,TilizeWithValPaddingDeviceOperation,1,11917.0
320512,,TilizeWithValPaddingDeviceOperation,1,11914.0
251904,,TilizeWithValPaddingDeviceOperation,1,11911.0
389120,,TilizeWithValPaddingDeviceOperation,1,11909.0
348160,,TilizeWithValPaddingDeviceOperation,1,11908.0
222208,,TilizeWithValPaddingDeviceOperation,1,11907.0
219136,,TilizeWithValPaddingDeviceOperation,1,11896.0
403456,,TilizeWithValPaddingDeviceOperation,1,11891.0
493568,,TilizeWithValPaddingDeviceOperation,1,11880.0
1613824,1,MatmulDeviceOperation,36,11628.0
2138112,1,MatmulDeviceOperation,36,11625.0
1941504,1,MatmulDeviceOperation,36,11605.0
1712128,1,MatmulDeviceOperation,36,11598.0
1646592,1,MatmulDeviceOperation,36,11592.0
1482752,1,MatmulDeviceOperation,36,11588.0
1974272,1,MatmulDeviceOperation,36,11585.0
2039808,1,MatmulDeviceOperation,36,11581.0
1843200,1,MatmulDeviceOperation,36,11578.0
2072576,1,MatmulDeviceOperation,36,11575.0
2007040,1,MatmulDeviceOperation,36,11567.0
2170880,1,MatmulDeviceOperation,36,11566.0
1875968,1,MatmulDeviceOperation,36,11560.0
1810432,1,MatmulDeviceOperation,36,11558.0
1515520,1,MatmulDeviceOperation,36,11548.0
2203648,1,MatmulDeviceOperation,36,11546.0
1581056,1,MatmulDeviceOperation,36,11542.0
1744896,1,MatmulDeviceOperation,36,11541.0
2105344,1,MatmulDeviceOperation,36,11540.0
1416192,1,MatmulDeviceOperation,36,11537.0
1908736,1,MatmulDeviceOperation,36,11531.0
1679360,1,MatmulDeviceOperation,36,11526.0
1777664,1,MatmulDeviceOperation,36,11520.0
1548288,1,MatmulDeviceOperation,36,11481.0
1634304,1,MatmulDeviceOperation,28,11153.0
1667072,1,MatmulDeviceOperation,28,11115.0
1863680,1,MatmulDeviceOperation,28,11106.0
1536000,1,MatmulDeviceOperation,28,11105.0
2093056,1,MatmulDeviceOperation,28,11099.0
1929216,1,MatmulDeviceOperation,28,11097.0
1994752,1,MatmulDeviceOperation,28,11085.0
2060288,1,MatmulDeviceOperation,28,11083.0
1699840,1,MatmulDeviceOperation,28,11076.0
2158592,1,MatmulDeviceOperation,28,11076.0
2125824,1,MatmulDeviceOperation,28,11066.0
1568768,1,MatmulDeviceOperation,28,11063.0
1732608,1,MatmulDeviceOperation,28,11061.0
1798144,1,MatmulDeviceOperation,28,11059.0
2224128,1,MatmulDeviceOperation,28,11058.0
1961984,1,MatmulDeviceOperation,28,11054.0
1470464,1,MatmulDeviceOperation,28,11044.0
1830912,1,MatmulDeviceOperation,28,11044.0
1896448,1,MatmulDeviceOperation,28,11043.0
2191360,1,MatmulDeviceOperation,28,11036.0
1765376,1,MatmulDeviceOperation,28,11031.0
2027520,1,MatmulDeviceOperation,28,11029.0
1601536,1,MatmulDeviceOperation,28,11019.0
1503232,1,MatmulDeviceOperation,28,11017.0
1207296,,RotaryEmbeddingDeviceOperation,32,10986.0
688128,,RotaryEmbeddingDeviceOperation,32,10939.0
650240,,RotaryEmbeddingDeviceOperation,32,10912.0
1310720,,RotaryEmbeddingDeviceOperation,32,10909.0
1847296,1,RotaryEmbeddingDeviceOperation,32,10860.0
977920,,RotaryEmbeddingDeviceOperation,32,10857.0
1245184,,RotaryEmbeddingDeviceOperation,32,10854.0
917504,,RotaryEmbeddingDeviceOperation,32,10831.0
1081344,,RotaryEmbeddingDeviceOperation,32,10822.0
748544,,RotaryEmbeddingDeviceOperation,32,10820.0
1114112,,RotaryEmbeddingDeviceOperation,32,10815.0
781312,,RotaryEmbeddingDeviceOperation,32,10809.0
1272832,,RotaryEmbeddingDeviceOperation,32,10798.0
884736,,RotaryEmbeddingDeviceOperation,32,10797.0
1043456,,RotaryEmbeddingDeviceOperation,32,10780.0
1179648,,RotaryEmbeddingDeviceOperation,32,10773.0
1305600,,RotaryEmbeddingDeviceOperation,32,10758.0
1010688,,RotaryEmbeddingDeviceOperation,32,10754.0
1277952,,RotaryEmbeddingDeviceOperation,32,10731.0
814080,,RotaryEmbeddingDeviceOperation,32,10726.0
879616,,RotaryEmbeddingDeviceOperation,32,10705.0
683008,,RotaryEmbeddingDeviceOperation,32,10699.0
1141760,,RotaryEmbeddingDeviceOperation,32,10698.0
1376256,,RotaryEmbeddingDeviceOperation,32,10698.0
1343488,,RotaryEmbeddingDeviceOperation,32,10692.0
1146880,,RotaryEmbeddingDeviceOperation,32,10691.0
611328,,RotaryEmbeddingDeviceOperation,32,10689.0
786432,,RotaryEmbeddingDeviceOperation,32,10687.0
715776,,RotaryEmbeddingDeviceOperation,32,10667.0
819200,,RotaryEmbeddingDeviceOperation,32,10663.0
1048576,,RotaryEmbeddingDeviceOperation,32,10659.0
851968,,RotaryEmbeddingDeviceOperation,32,10656.0
753664,,RotaryEmbeddingDeviceOperation,32,10642.0
1212416,,RotaryEmbeddingDeviceOperation,32,10631.0
596992,,RotaryEmbeddingDeviceOperation,32,10610.0
945152,,RotaryEmbeddingDeviceOperation,32,10609.0
1108992,,RotaryEmbeddingDeviceOperation,32,10608.0
2235392,1,LayerNormDeviceOperation,7,10607.0
655360,,RotaryEmbeddingDeviceOperation,32,10604.0
846848,,RotaryEmbeddingDeviceOperation,32,10598.0
1015808,,RotaryEmbeddingDeviceOperation,32,10596.0
1076224,,RotaryEmbeddingDeviceOperation,32,10595.0
912384,,RotaryEmbeddingDeviceOperation,32,10583.0
1338368,,RotaryEmbeddingDeviceOperation,32,10570.0
950272,,RotaryEmbeddingDeviceOperation,32,10561.0
983040,,RotaryEmbeddingDeviceOperation,32,10546.0
1371136,,RotaryEmbeddingDeviceOperation,32,10541.0
1240064,,RotaryEmbeddingDeviceOperation,32,10537.0
1174528,,RotaryEmbeddingDeviceOperation,32,10490.0
1978368,1,RotaryEmbeddingDeviceOperation,32,10470.0
1547264,1,LayerNormDeviceOperation,7,10434.0
1617920,1,RotaryEmbeddingDeviceOperation,32,10434.0
1519616,1,RotaryEmbeddingDeviceOperation,32,10424.0
720896,,RotaryEmbeddingDeviceOperation,32,10414.0
2006016,1,LayerNormDeviceOperation,7,10408.0
1743872,1,LayerNormDeviceOperation,7,10406.0
1842176,1,LayerNormDeviceOperation,7,10393.0
1940480,1,LayerNormDeviceOperation,7,10293.0
1415168,1,LayerNormDeviceOperation,7,10287.0
1645568,1,LayerNormDeviceOperation,7,10281.0
2137088,1,LayerNormDeviceOperation,7,10274.0
1514496,1,LayerNormDeviceOperation,7,10273.0
1612800,1,LayerNormDeviceOperation,7,10268.0
1433600,1,RotaryEmbeddingDeviceOperation,32,10267.0
1973248,1,LayerNormDeviceOperation,7,10260.0
1678336,1,LayerNormDeviceOperation,7,10251.0
1711104,1,LayerNormDeviceOperation,7,10250.0
2227200,1,LayerNormDeviceOperation,7,10242.0
2104320,1,LayerNormDeviceOperation,7,10233.0
1776640,1,LayerNormDeviceOperation,7,10230.0
1580032,1,LayerNormDeviceOperation,7,10214.0
1809408,1,LayerNormDeviceOperation,7,10211.0
2202624,1,LayerNormDeviceOperation,7,10208.0
1907712,1,LayerNormDeviceOperation,7,10204.0
2169856,1,LayerNormDeviceOperation,7,10204.0
2038784,1,LayerNormDeviceOperation,7,10200.0
1814528,1,RotaryEmbeddingDeviceOperation,32,10191.0
2071552,1,LayerNormDeviceOperation,7,10185.0
1874944,1,LayerNormDeviceOperation,7,10153.0
1481728,1,LayerNormDeviceOperation,7,10142.0
2147328,1,RotaryEmbeddingDeviceOperation,32,10124.0
1716224,1,RotaryEmbeddingDeviceOperation,32,10110.0
1104896,,MatmulDeviceOperation,36,10080.0
711680,,MatmulDeviceOperation,36,10070.0
646144,,MatmulDeviceOperation,36,10067.0
1039360,,MatmulDeviceOperation,36,10062.0
1072128,,MatmulDeviceOperation,36,10059.0
2114560,1,RotaryEmbeddingDeviceOperation,32,10059.0
678912,,MatmulDeviceOperation,36,10049.0
777216,,MatmulDeviceOperation,36,10040.0
1367040,,MatmulDeviceOperation,36,10037.0
744448,,MatmulDeviceOperation,36,10035.0
1334272,,MatmulDeviceOperation,36,10035.0
973824,,MatmulDeviceOperation,36,10032.0
1006592,,MatmulDeviceOperation,36,10031.0
1301504,,MatmulDeviceOperation,36,10028.0
1137664,,MatmulDeviceOperation,36,10025.0
1170432,,MatmulDeviceOperation,36,10024.0
875520,,MatmulDeviceOperation,36,10022.0
579584,,MatmulDeviceOperation,36,10020.0
1748992,1,RotaryEmbeddingDeviceOperation,32,10015.0
908288,,MatmulDeviceOperation,36,10012.0
809984,,MatmulDeviceOperation,36,10000.0
1203200,,MatmulDeviceOperation,36,10000.0
941056,,MatmulDeviceOperation,36,9996.0
842752,,MatmulDeviceOperation,36,9992.0
1235968,,MatmulDeviceOperation,36,9991.0
1268736,,MatmulDeviceOperation,36,9991.0
2174976,1,RotaryEmbeddingDeviceOperation,32,9972.0
1557504,1,RotaryEmbeddingDeviceOperation,32,9958.0
1027072,,MatmulDeviceOperation,28,9953.0
1623040,1,RotaryEmbeddingDeviceOperation,32,9944.0
1590272,1,RotaryEmbeddingDeviceOperation,32,9943.0
1059840,,MatmulDeviceOperation,28,9924.0
896000,,MatmulDeviceOperation,28,9919.0
1819648,1,RotaryEmbeddingDeviceOperation,32,9906.0
1413120,1,EmbeddingsDeviceOperation,1,9896.0
1092608,,MatmulDeviceOperation,28,9895.0
961536,,MatmulDeviceOperation,28,9888.0
1289216,,MatmulDeviceOperation,28,9884.0
633856,,MatmulDeviceOperation,28,9879.0
830464,,MatmulDeviceOperation,28,9874.0
1125376,,MatmulDeviceOperation,28,9864.0
1387520,,MatmulDeviceOperation,28,9864.0
1223680,,MatmulDeviceOperation,28,9863.0
1190912,,MatmulDeviceOperation,28,9862.0
797696,,MatmulDeviceOperation,28,9860.0
863232,,MatmulDeviceOperation,28,9852.0
1354752,,MatmulDeviceOperation,28,9850.0
928768,,MatmulDeviceOperation,28,9843.0
994304,,MatmulDeviceOperation,28,9842.0
764928,,MatmulDeviceOperation,28,9839.0
1321984,,MatmulDeviceOperation,28,9838.0
699392,,MatmulDeviceOperation,28,9836.0
1158144,,MatmulDeviceOperation,28,9828.0
2049024,1,RotaryEmbeddingDeviceOperation,32,9822.0
732160,,MatmulDeviceOperation,28,9817.0
1256448,,MatmulDeviceOperation,28,9814.0
666624,,MatmulDeviceOperation,28,9813.0
576512,,EmbeddingsDeviceOperation,1,9800.0
1688576,1,RotaryEmbeddingDeviceOperation,32,9793.0
1721344,1,RotaryEmbeddingDeviceOperation,32,9758.0
2180096,1,RotaryEmbeddingDeviceOperation,32,9756.0
625664,,FillPadDeviceOperation,64,9700.0
1852416,1,RotaryEmbeddingDeviceOperation,32,9671.0
2011136,1,RotaryEmbeddingDeviceOperation,32,9665.0
1754112,1,RotaryEmbeddingDeviceOperation,32,9655.0
1965056,1,LayerNormDeviceOperation,7,9621.0
2109440,1,RotaryEmbeddingDeviceOperation,32,9615.0
1447936,1,RotaryEmbeddingDeviceOperation,32,9613.0
2063360,1,LayerNormDeviceOperation,7,9593.0
1786880,1,RotaryEmbeddingDeviceOperation,32,9592.0
1670144,1,LayerNormDeviceOperation,7,9573.0
1571840,1,LayerNormDeviceOperation,7,9566.0
1866752,1,LayerNormDeviceOperation,7,9534.0
1462272,1,FillPadDeviceOperation,64,9518.0
2128896,1,LayerNormDeviceOperation,7,9514.0
1524736,1,RotaryEmbeddingDeviceOperation,32,9504.0
1637376,1,LayerNormDeviceOperation,7,9470.0
1491968,1,RotaryEmbeddingDeviceOperation,32,9468.0
1539072,1,LayerNormDeviceOperation,7,9465.0
1473536,1,LayerNormDeviceOperation,7,9464.0
1655808,1,RotaryEmbeddingDeviceOperation,32,9446.0
1486848,1,RotaryEmbeddingDeviceOperation,32,9431.0
1917952,1,RotaryEmbeddingDeviceOperation,32,9430.0
2207744,1,RotaryEmbeddingDeviceOperation,32,9430.0
1702912,1,LayerNormDeviceOperation,7,9423.0
1899520,1,LayerNormDeviceOperation,7,9423.0
2161664,1,LayerNormDeviceOperation,7,9419.0
1604608,1,LayerNormDeviceOperation,7,9404.0
2076672,1,RotaryEmbeddingDeviceOperation,32,9399.0
2212864,1,RotaryEmbeddingDeviceOperation,32,9391.0
1997824,1,LayerNormDeviceOperation,7,9383.0
2194432,1,LayerNormDeviceOperation,7,9374.0
2096128,1,LayerNormDeviceOperation,7,9366.0
1506304,1,LayerNormDeviceOperation,7,9365.0
1735680,1,LayerNormDeviceOperation,7,9364.0
1932288,1,LayerNormDeviceOperation,7,9362.0
1801216,1,LayerNormDeviceOperation,7,9361.0
1683456,1,RotaryEmbeddingDeviceOperation,32,9358.0
2030592,1,LayerNormDeviceOperation,7,9357.0
1833984,1,LayerNormDeviceOperation,7,9356.0
1768448,1,LayerNormDeviceOperation,7,9354.0
2142208,1,RotaryEmbeddingDeviceOperation,32,9343.0
1585152,1,RotaryEmbeddingDeviceOperation,32,9339.0
2043904,1,RotaryEmbeddingDeviceOperation,32,9319.0
1983488,1,RotaryEmbeddingDeviceOperation,32,9247.0
1885184,1,RotaryEmbeddingDeviceOperation,32,9213.0
1912832,1,RotaryEmbeddingDeviceOperation,32,9186.0
2016256,1,RotaryEmbeddingDeviceOperation,32,9180.0
1945600,1,RotaryEmbeddingDeviceOperation,32,9174.0
1650688,1,RotaryEmbeddingDeviceOperation,32,9162.0
1880064,1,RotaryEmbeddingDeviceOperation,32,9148.0
1950720,1,RotaryEmbeddingDeviceOperation,32,9137.0
1781760,1,RotaryEmbeddingDeviceOperation,32,9117.0
1552384,1,RotaryEmbeddingDeviceOperation,32,9049.0
2081792,1,RotaryEmbeddingDeviceOperation,32,9011.0
1202176,,LayerNormDeviceOperation,7,8827.0
1071104,,LayerNormDeviceOperation,7,8819.0
636928,,LayerNormDeviceOperation,7,8806.0
907264,,LayerNormDeviceOperation,7,8795.0
1005568,,LayerNormDeviceOperation,7,8793.0
1333248,,LayerNormDeviceOperation,7,8792.0
940032,,LayerNormDeviceOperation,7,8786.0
964608,,LayerNormDeviceOperation,7,8782.0
645120,,LayerNormDeviceOperation,7,8780.0
1226752,,LayerNormDeviceOperation,7,8778.0
1292288,,LayerNormDeviceOperation,7,8778.0
1300480,,LayerNormDeviceOperation,7,8776.0
743424,,LayerNormDeviceOperation,7,8771.0
1193984,,LayerNormDeviceOperation,7,8770.0
1398784,,LayerNormDeviceOperation,7,8770.0
1267712,,LayerNormDeviceOperation,7,8763.0
1062912,,LayerNormDeviceOperation,7,8759.0
1234944,,LayerNormDeviceOperation,7,8759.0
1128448,,LayerNormDeviceOperation,7,8752.0
768000,,LayerNormDeviceOperation,7,8751.0
972800,,LayerNormDeviceOperation,7,8751.0
578560,,LayerNormDeviceOperation,7,8749.0
1103872,,LayerNormDeviceOperation,7,8744.0
1325056,,LayerNormDeviceOperation,7,8743.0
874496,,LayerNormDeviceOperation,7,8742.0
710656,,LayerNormDeviceOperation,7,8740.0
776192,,LayerNormDeviceOperation,7,8740.0
1136640,,LayerNormDeviceOperation,7,8738.0
1366016,,LayerNormDeviceOperation,7,8735.0
1030144,,LayerNormDeviceOperation,7,8731.0
1161216,,LayerNormDeviceOperation,7,8721.0
1169408,,LayerNormDeviceOperation,7,8720.0
627712,,BinaryNgDeviceOperation,64,8718.0
1038336,,LayerNormDeviceOperation,7,8716.0
841728,,LayerNormDeviceOperation,7,8714.0
1357824,,LayerNormDeviceOperation,7,8713.0
800768,,LayerNormDeviceOperation,7,8712.0
677888,,LayerNormDeviceOperation,7,8708.0
735232,,LayerNormDeviceOperation,7,8707.0
931840,,LayerNormDeviceOperation,7,8707.0
866304,,LayerNormDeviceOperation,7,8705.0
702464,,LayerNormDeviceOperation,7,8701.0
997376,,LayerNormDeviceOperation,7,8701.0
899072,,LayerNormDeviceOperation,7,8695.0
833536,,LayerNormDeviceOperation,7,8691.0
1390592,,LayerNormDeviceOperation,7,8689.0
1095680,,LayerNormDeviceOperation,7,8686.0
808960,,LayerNormDeviceOperation,7,8685.0
1259520,,LayerNormDeviceOperation,7,8683.0
669696,,LayerNormDeviceOperation,7,8666.0
1556480,1,PagedUpdateCacheDeviceOperation,32,8510.0
1622016,1,PagedUpdateCacheDeviceOperation,32,8286.0
1818624,1,PagedUpdateCacheDeviceOperation,32,8258.0
1884160,1,PagedUpdateCacheDeviceOperation,32,8202.0
1982464,1,PagedUpdateCacheDeviceOperation,32,8131.0
1490944,1,PagedUpdateCacheDeviceOperation,32,8014.0
2048000,1,PagedUpdateCacheDeviceOperation,32,8003.0
2173952,1,PagedUpdateCacheDeviceOperation,32,7956.0
2113536,1,PagedUpdateCacheDeviceOperation,32,7861.0
1437696,1,PagedUpdateCacheDeviceOperation,32,7855.0
1518592,1,PagedUpdateCacheDeviceOperation,32,7820.0
2075648,1,PagedUpdateCacheDeviceOperation,32,7735.0
1977344,1,PagedUpdateCacheDeviceOperation,32,7699.0
2179072,1,PagedUpdateCacheDeviceOperation,32,7626.0
2206720,1,PagedUpdateCacheDeviceOperation,32,7489.0
1813504,1,PagedUpdateCacheDeviceOperation,32,7459.0
2146304,1,PagedUpdateCacheDeviceOperation,32,7414.0
1464320,1,BinaryNgDeviceOperation,64,7397.0
1654784,1,PagedUpdateCacheDeviceOperation,32,7382.0
2010112,1,PagedUpdateCacheDeviceOperation,32,7314.0
1753088,1,PagedUpdateCacheDeviceOperation,32,7282.0
1047552,,PagedUpdateCacheDeviceOperation,32,7252.0
2015232,1,PagedUpdateCacheDeviceOperation,32,7237.0
1916928,1,PagedUpdateCacheDeviceOperation,32,7231.0
1145856,,PagedUpdateCacheDeviceOperation,32,7187.0
1911808,1,PagedUpdateCacheDeviceOperation,32,7186.0
2211840,1,PagedUpdateCacheDeviceOperation,32,7185.0
1682432,1,PagedUpdateCacheDeviceOperation,32,7134.0
1551360,1,PagedUpdateCacheDeviceOperation,32,7114.0
1523712,1,PagedUpdateCacheDeviceOperation,32,7082.0
2108416,1,PagedUpdateCacheDeviceOperation,32,7056.0
1747968,1,PagedUpdateCacheDeviceOperation,32,7052.0
484352,,SliceDeviceOperation,64,7036.0
1851392,1,PagedUpdateCacheDeviceOperation,32,7025.0
1206272,,PagedUpdateCacheDeviceOperation,32,7011.0
1589248,1,PagedUpdateCacheDeviceOperation,32,6992.0
2080768,1,PagedUpdateCacheDeviceOperation,32,6971.0
1949696,1,PagedUpdateCacheDeviceOperation,32,6959.0
1178624,,PagedUpdateCacheDeviceOperation,32,6949.0
1944576,1,PagedUpdateCacheDeviceOperation,32,6932.0
976896,,PagedUpdateCacheDeviceOperation,32,6913.0
1780736,1,PagedUpdateCacheDeviceOperation,32,6861.0
1714176,1,NLPCreateQKVHeadsDecodeDeviceOperation,32,6855.0
1846272,1,PagedUpdateCacheDeviceOperation,32,6819.0
1715200,1,PagedUpdateCacheDeviceOperation,32,6799.0
714752,,PagedUpdateCacheDeviceOperation,32,6796.0
1418240,1,NLPCreateQKVHeadsDecodeDeviceOperation,32,6771.0
1406976,1,TilizeWithValPaddingDeviceOperation,1,6752.0
944128,,PagedUpdateCacheDeviceOperation,32,6748.0
1616896,1,PagedUpdateCacheDeviceOperation,32,6748.0
308224,,SliceDeviceOperation,64,6713.0
1785856,1,PagedUpdateCacheDeviceOperation,32,6643.0
1422336,1,TilizeWithValPaddingDeviceOperation,1,6639.0
567296,,TilizeWithValPaddingDeviceOperation,1,6638.0
601088,,PagedUpdateCacheDeviceOperation,32,6633.0
1438720,1,TilizeWithValPaddingDeviceOperation,1,6624.0
2042880,1,PagedUpdateCacheDeviceOperation,32,6606.0
1014784,,PagedUpdateCacheDeviceOperation,32,6603.0
164864,,SliceDeviceOperation,64,6571.0
2141184,1,PagedUpdateCacheDeviceOperation,32,6561.0
1403904,1,TilizeWithValPaddingDeviceOperation,1,6536.0
911360,,PagedUpdateCacheDeviceOperation,32,6534.0
1375232,,PagedUpdateCacheDeviceOperation,32,6515.0
1485824,1,PagedUpdateCacheDeviceOperation,32,6509.0
1879040,1,PagedUpdateCacheDeviceOperation,32,6495.0
818176,,PagedUpdateCacheDeviceOperation,32,6493.0
365568,,SliceDeviceOperation,64,6465.0
570368,,TilizeWithValPaddingDeviceOperation,1,6463.0
585728,,TilizeWithValPaddingDeviceOperation,1,6461.0
465920,,SliceDeviceOperation,64,6458.0
602112,,TilizeWithValPaddingDeviceOperation,1,6456.0
649216,,PagedUpdateCacheDeviceOperation,32,6412.0
1584128,1,PagedUpdateCacheDeviceOperation,32,6392.0
168960,,SliceDeviceOperation,64,6391.0
1649664,1,PagedUpdateCacheDeviceOperation,32,6384.0
244736,,SliceDeviceOperation,64,6379.0
1720320,1,PagedUpdateCacheDeviceOperation,32,6372.0
982016,,PagedUpdateCacheDeviceOperation,32,6353.0
442368,,SliceDeviceOperation,64,6334.0
236544,,SliceDeviceOperation,64,6323.0
1042432,,PagedUpdateCacheDeviceOperation,32,6319.0
1239040,,PagedUpdateCacheDeviceOperation,32,6318.0
1244160,,PagedUpdateCacheDeviceOperation,32,6318.0
812032,,NLPCreateQKVHeadsDecodeDeviceOperation,32,6310.0
845824,,PagedUpdateCacheDeviceOperation,32,6310.0
681984,,PagedUpdateCacheDeviceOperation,32,6306.0
312320,,SliceDeviceOperation,64,6304.0
100352,,SliceDeviceOperation,64,6297.0
539648,,SliceDeviceOperation,64,6278.0
719872,,PagedUpdateCacheDeviceOperation,32,6275.0
1304576,,PagedUpdateCacheDeviceOperation,32,6274.0
877568,,NLPCreateQKVHeadsDecodeDeviceOperation,32,6273.0
780288,,PagedUpdateCacheDeviceOperation,32,6270.0
1080320,,PagedUpdateCacheDeviceOperation,32,6269.0
1687552,1,PagedUpdateCacheDeviceOperation,32,6266.0
337920,,SliceDeviceOperation,64,6265.0
648192,,NLPCreateQKVHeadsDecodeDeviceOperation,32,6264.0
844800,,NLPCreateQKVHeadsDecodeDeviceOperation,32,6262.0
747520,,PagedUpdateCacheDeviceOperation,32,6259.0
360448,,SliceDeviceOperation,64,6257.0
1238016,,NLPCreateQKVHeadsDecodeDeviceOperation,32,6257.0
1369088,,NLPCreateQKVHeadsDecodeDeviceOperation,32,6257.0
943104,,NLPCreateQKVHeadsDecodeDeviceOperation,32,6256.0
878592,,PagedUpdateCacheDeviceOperation,32,6254.0
438272,,SliceDeviceOperation,64,6249.0
1106944,,NLPCreateQKVHeadsDecodeDeviceOperation,32,6240.0
779264,,NLPCreateQKVHeadsDecodeDeviceOperation,32,6236.0
654336,,PagedUpdateCacheDeviceOperation,32,6235.0
850944,,PagedUpdateCacheDeviceOperation,32,6234.0
1008640,,NLPCreateQKVHeadsDecodeDeviceOperation,32,6233.0
1309696,,PagedUpdateCacheDeviceOperation,32,6232.0
446464,,SliceDeviceOperation,64,6230.0
1107968,,PagedUpdateCacheDeviceOperation,32,6230.0
813056,,PagedUpdateCacheDeviceOperation,32,6226.0
583680,,PagedUpdateCacheDeviceOperation,32,6225.0
752640,,PagedUpdateCacheDeviceOperation,32,6223.0
883712,,PagedUpdateCacheDeviceOperation,32,6223.0
785408,,PagedUpdateCacheDeviceOperation,32,6221.0
1303552,,NLPCreateQKVHeadsDecodeDeviceOperation,32,6221.0
581632,,NLPCreateQKVHeadsDecodeDeviceOperation,32,6219.0
746496,,NLPCreateQKVHeadsDecodeDeviceOperation,32,6219.0
910336,,NLPCreateQKVHeadsDecodeDeviceOperation,32,6213.0
1041408,,NLPCreateQKVHeadsDecodeDeviceOperation,32,6207.0
713728,,NLPCreateQKVHeadsDecodeDeviceOperation,32,6206.0
1074176,,NLPCreateQKVHeadsDecodeDeviceOperation,32,6204.0
521216,,SliceDeviceOperation,64,6201.0
1336320,,NLPCreateQKVHeadsDecodeDeviceOperation,32,6201.0
680960,,NLPCreateQKVHeadsDecodeDeviceOperation,32,6197.0
1172480,,NLPCreateQKVHeadsDecodeDeviceOperation,32,6197.0
1205248,,NLPCreateQKVHeadsDecodeDeviceOperation,32,6197.0
1420288,1,PagedUpdateCacheDeviceOperation,32,6183.0
975872,,NLPCreateQKVHeadsDecodeDeviceOperation,32,6181.0
1113088,,PagedUpdateCacheDeviceOperation,32,6181.0
333824,,SliceDeviceOperation,64,6178.0
543744,,SliceDeviceOperation,64,6175.0
687104,,PagedUpdateCacheDeviceOperation,32,6171.0
1139712,,NLPCreateQKVHeadsDecodeDeviceOperation,32,6162.0
1342464,,PagedUpdateCacheDeviceOperation,32,6162.0
1270784,,NLPCreateQKVHeadsDecodeDeviceOperation,32,6158.0
342016,,SliceDeviceOperation,64,6157.0
547840,,SliceDeviceOperation,64,6147.0
1075200,,PagedUpdateCacheDeviceOperation,32,6146.0
413696,,SliceDeviceOperation,64,6144.0
1370112,,PagedUpdateCacheDeviceOperation,32,6135.0
1648640,1,NLPCreateQKVHeadsDecodeDeviceOperation,32,6077.0
1271808,,PagedUpdateCacheDeviceOperation,32,6075.0
2009088,1,NLPCreateQKVHeadsDecodeDeviceOperation,32,6049.0
2172928,1,NLPCreateQKVHeadsDecodeDeviceOperation,32,6049.0
1845248,1,NLPCreateQKVHeadsDecodeDeviceOperation,32,6035.0
2074624,1,NLPCreateQKVHeadsDecodeDeviceOperation,32,6034.0
1681408,1,NLPCreateQKVHeadsDecodeDeviceOperation,32,6031.0
949248,,PagedUpdateCacheDeviceOperation,32,6024.0
2107392,1,NLPCreateQKVHeadsDecodeDeviceOperation,32,6023.0
1779712,1,NLPCreateQKVHeadsDecodeDeviceOperation,32,6018.0
1337344,,PagedUpdateCacheDeviceOperation,32,6013.0
1943552,1,NLPCreateQKVHeadsDecodeDeviceOperation,32,6011.0
1211392,,PagedUpdateCacheDeviceOperation,32,6005.0
1615872,1,NLPCreateQKVHeadsDecodeDeviceOperation,32,5997.0
1746944,1,NLPCreateQKVHeadsDecodeDeviceOperation,32,5995.0
2140160,1,NLPCreateQKVHeadsDecodeDeviceOperation,32,5990.0
1812480,1,NLPCreateQKVHeadsDecodeDeviceOperation,32,5988.0
1173504,,PagedUpdateCacheDeviceOperation,32,5987.0
1976320,1,NLPCreateQKVHeadsDecodeDeviceOperation,32,5984.0
1910784,1,NLPCreateQKVHeadsDecodeDeviceOperation,32,5981.0
2041856,1,NLPCreateQKVHeadsDecodeDeviceOperation,32,5977.0
916480,,PagedUpdateCacheDeviceOperation,32,5973.0
434176,,SliceDeviceOperation,64,5962.0
1583104,1,NLPCreateQKVHeadsDecodeDeviceOperation,32,5961.0
1550336,1,NLPCreateQKVHeadsDecodeDeviceOperation,32,5960.0
1517568,1,NLPCreateQKVHeadsDecodeDeviceOperation,32,5946.0
1878016,1,NLPCreateQKVHeadsDecodeDeviceOperation,32,5927.0
1009664,,PagedUpdateCacheDeviceOperation,32,5925.0
1484800,1,NLPCreateQKVHeadsDecodeDeviceOperation,32,5922.0
1140736,,PagedUpdateCacheDeviceOperation,32,5919.0
2205696,1,NLPCreateQKVHeadsDecodeDeviceOperation,32,5919.0
232448,,SliceDeviceOperation,64,5878.0
1276928,,PagedUpdateCacheDeviceOperation,32,5877.0
1463296,1,ReduceDeviceOperation,32,5833.0
522240,,SliceDeviceOperation,64,5735.0
101376,,SliceDeviceOperation,64,5536.0
435200,,SliceDeviceOperation,64,5528.0
343040,,SliceDeviceOperation,64,5490.0
237568,,SliceDeviceOperation,64,5441.0
443392,,SliceDeviceOperation,64,5440.0
165888,,SliceDeviceOperation,64,5435.0
485376,,SliceDeviceOperation,64,5434.0
447488,,SliceDeviceOperation,64,5423.0
245760,,SliceDeviceOperation,64,5395.0
334848,,SliceDeviceOperation,64,5395.0
439296,,SliceDeviceOperation,64,5375.0
169984,,SliceDeviceOperation,64,5366.0
309248,,SliceDeviceOperation,64,5346.0
361472,,SliceDeviceOperation,64,5343.0
233472,,SliceDeviceOperation,64,5327.0
615424,,UntilizeWithUnpaddingDeviceOperation,32,5317.0
414720,,SliceDeviceOperation,64,5307.0
338944,,SliceDeviceOperation,64,5290.0
466944,,SliceDeviceOperation,64,5290.0
548864,,SliceDeviceOperation,64,5272.0
619520,,TypecastDeviceOperation,64,5238.0
313344,,SliceDeviceOperation,64,5206.0
1446912,1,TypecastDeviceOperation,64,5183.0
540672,,SliceDeviceOperation,64,5181.0
610304,,TypecastDeviceOperation,64,5159.0
626688,,ReduceDeviceOperation,32,5152.0
366592,,SliceDeviceOperation,64,5120.0
544768,,SliceDeviceOperation,64,5119.0
1452032,1,UntilizeWithUnpaddingDeviceOperation,32,5079.0
1456128,1,TypecastDeviceOperation,64,4820.0
216064,,TilizeWithValPaddingDeviceOperation,36,4687.0
148480,,TilizeWithValPaddingDeviceOperation,36,4646.0
187392,,TilizeWithValPaddingDeviceOperation,36,4646.0
464896,,TilizeWithValPaddingDeviceOperation,36,4590.0
538624,,TilizeWithValPaddingDeviceOperation,36,4570.0
517120,,TilizeWithValPaddingDeviceOperation,36,4566.0
277504,,TilizeWithValPaddingDeviceOperation,36,4557.0
230400,,TilizeWithValPaddingDeviceOperation,36,4546.0
307200,,TilizeWithValPaddingDeviceOperation,36,4545.0
483328,,TilizeWithValPaddingDeviceOperation,36,4537.0
117760,,TilizeWithValPaddingDeviceOperation,36,4536.0
331776,,TilizeWithValPaddingDeviceOperation,36,4529.0
263168,,TilizeWithValPaddingDeviceOperation,36,4525.0
431104,,TilizeWithValPaddingDeviceOperation,36,4525.0
133120,,TilizeWithValPaddingDeviceOperation,36,4519.0
501760,,TilizeWithValPaddingDeviceOperation,36,4511.0
201728,,TilizeWithValPaddingDeviceOperation,36,4494.0
291840,,TilizeWithValPaddingDeviceOperation,36,4489.0
397312,,TilizeWithValPaddingDeviceOperation,36,4480.0
382976,,TilizeWithValPaddingDeviceOperation,36,4472.0
411648,,TilizeWithValPaddingDeviceOperation,36,4449.0
359424,,TilizeWithValPaddingDeviceOperation,36,4448.0
162816,,TilizeWithValPaddingDeviceOperation,36,4433.0
565248,,TilizeWithValPaddingDeviceOperation,36,4393.0
623616,,TypecastDeviceOperation,64,4060.0
2021376,1,TypecastDeviceOperation,64,3940.0
1053696,,TypecastDeviceOperation,64,3814.0
1497088,1,TypecastDeviceOperation,64,3799.0
1217536,,TypecastDeviceOperation,64,3755.0
955392,,TypecastDeviceOperation,64,3702.0
673792,,ReshardDeviceOperation,8,3696.0
968704,,ReshardDeviceOperation,8,3692.0
603136,,BinaryNgDeviceOperation,64,3685.0
1119232,,TypecastDeviceOperation,64,3665.0
641024,,ReshardDeviceOperation,8,3662.0
837632,,ReshardDeviceOperation,8,3661.0
1315840,,TypecastDeviceOperation,64,3655.0
1132544,,ReshardDeviceOperation,8,3650.0
1394688,,ReshardDeviceOperation,8,3630.0
1001472,,ReshardDeviceOperation,8,3605.0
1056768,,TypecastDeviceOperation,64,3604.0
791552,,TypecastDeviceOperation,64,3602.0
758784,,TypecastDeviceOperation,64,3594.0
1230848,,ReshardDeviceOperation,8,3589.0
726016,,TypecastDeviceOperation,64,3560.0
1824768,1,TypecastDeviceOperation,64,3560.0
1152000,,TypecastDeviceOperation,64,3544.0
631808,,NLPConcatHeadsDecodeDeviceOperation,14,3543.0
795648,,NLPConcatHeadsDecodeDeviceOperation,14,3543.0
1628160,1,TypecastDeviceOperation,64,3537.0
2086912,1,TypecastDeviceOperation,64,3533.0
697344,,NLPConcatHeadsDecodeDeviceOperation,14,3528.0
2054144,1,TypecastDeviceOperation,64,3526.0
959488,,NLPConcatHeadsDecodeDeviceOperation,14,3522.0
1025024,,NLPConcatHeadsDecodeDeviceOperation,14,3522.0
1319936,,NLPConcatHeadsDecodeDeviceOperation,14,3522.0
893952,,NLPConcatHeadsDecodeDeviceOperation,14,3521.0
926720,,NLPConcatHeadsDecodeDeviceOperation,14,3521.0
664576,,NLPConcatHeadsDecodeDeviceOperation,14,3520.0
762880,,NLPConcatHeadsDecodeDeviceOperation,14,3520.0
1057792,,NLPConcatHeadsDecodeDeviceOperation,14,3519.0
1090560,,NLPConcatHeadsDecodeDeviceOperation,14,3519.0
1221632,,NLPConcatHeadsDecodeDeviceOperation,14,3519.0
828416,,NLPConcatHeadsDecodeDeviceOperation,14,3518.0
1385472,,NLPConcatHeadsDecodeDeviceOperation,14,3517.0
1287168,,NLPConcatHeadsDecodeDeviceOperation,14,3516.0
1123328,,NLPConcatHeadsDecodeDeviceOperation,14,3515.0
1188864,,NLPConcatHeadsDecodeDeviceOperation,14,3515.0
992256,,NLPConcatHeadsDecodeDeviceOperation,14,3514.0
1254400,,NLPConcatHeadsDecodeDeviceOperation,14,3514.0
2217984,1,TypecastDeviceOperation,64,3514.0
1156096,,NLPConcatHeadsDecodeDeviceOperation,14,3513.0
1352704,,NLPConcatHeadsDecodeDeviceOperation,14,3512.0
730112,,NLPConcatHeadsDecodeDeviceOperation,14,3510.0
861184,,NLPConcatHeadsDecodeDeviceOperation,14,3510.0
1693696,1,TypecastDeviceOperation,64,3505.0
2132992,1,ReshardDeviceOperation,8,3501.0
1529856,1,TypecastDeviceOperation,64,3496.0
1099776,,ReshardDeviceOperation,8,3493.0
772096,,ReshardDeviceOperation,8,3490.0
870400,,ReshardDeviceOperation,8,3487.0
1329152,,ReshardDeviceOperation,8,3480.0
1439744,1,BinaryNgDeviceOperation,64,3473.0
804864,,ReshardDeviceOperation,8,3459.0
1759232,1,TypecastDeviceOperation,64,3459.0
1220608,,TypecastDeviceOperation,64,3455.0
1857536,1,TypecastDeviceOperation,64,3454.0
1726464,1,TypecastDeviceOperation,64,3453.0
739328,,ReshardDeviceOperation,8,3450.0
1155072,,TypecastDeviceOperation,64,3446.0
1034240,,ReshardDeviceOperation,8,3444.0
794624,,TypecastDeviceOperation,64,3443.0
925696,,TypecastDeviceOperation,64,3443.0
2185216,1,TypecastDeviceOperation,64,3440.0
1165312,,ReshardDeviceOperation,8,3438.0
1381376,,TypecastDeviceOperation,64,3437.0
958464,,TypecastDeviceOperation,64,3434.0
1283072,,TypecastDeviceOperation,64,3433.0
660480,,TypecastDeviceOperation,64,3431.0
1318912,,TypecastDeviceOperation,64,3431.0
1253376,,TypecastDeviceOperation,64,3429.0
860160,,TypecastDeviceOperation,64,3425.0
1198080,,ReshardDeviceOperation,8,3423.0
1501184,1,NLPConcatHeadsDecodeDeviceOperation,14,3423.0
761856,,TypecastDeviceOperation,64,3421.0
729088,,TypecastDeviceOperation,64,3419.0
1086464,,TypecastDeviceOperation,64,3418.0
1890304,1,TypecastDeviceOperation,64,3417.0
1936384,1,ReshardDeviceOperation,8,3413.0
2189312,1,NLPConcatHeadsDecodeDeviceOperation,14,3413.0
903168,,ReshardDeviceOperation,8,3412.0
630784,,TypecastDeviceOperation,64,3411.0
696320,,TypecastDeviceOperation,64,3407.0
1566720,1,NLPConcatHeadsDecodeDeviceOperation,14,3407.0
1828864,1,NLPConcatHeadsDecodeDeviceOperation,14,3407.0
1250304,,TypecastDeviceOperation,64,3406.0
663552,,TypecastDeviceOperation,64,3405.0
1384448,,TypecastDeviceOperation,64,3405.0
1927168,1,NLPConcatHeadsDecodeDeviceOperation,14,3403.0
2024448,1,TypecastDeviceOperation,64,3403.0
991232,,TypecastDeviceOperation,64,3402.0
1697792,1,NLPConcatHeadsDecodeDeviceOperation,14,3402.0
1861632,1,NLPConcatHeadsDecodeDeviceOperation,14,3402.0
1533952,1,NLPConcatHeadsDecodeDeviceOperation,14,3401.0
1286144,,TypecastDeviceOperation,64,3400.0
1468416,1,NLPConcatHeadsDecodeDeviceOperation,14,3400.0
1988608,1,TypecastDeviceOperation,64,3400.0
1632256,1,NLPConcatHeadsDecodeDeviceOperation,14,3398.0
1730560,1,NLPConcatHeadsDecodeDeviceOperation,14,3398.0
1763328,1,NLPConcatHeadsDecodeDeviceOperation,14,3398.0
1894400,1,NLPConcatHeadsDecodeDeviceOperation,14,3397.0
2058240,1,NLPConcatHeadsDecodeDeviceOperation,14,3397.0
1599488,1,NLPConcatHeadsDecodeDeviceOperation,14,3395.0
1665024,1,NLPConcatHeadsDecodeDeviceOperation,14,3395.0
2156544,1,NLPConcatHeadsDecodeDeviceOperation,14,3395.0
1959936,1,NLPConcatHeadsDecodeDeviceOperation,14,3394.0
2025472,1,NLPConcatHeadsDecodeDeviceOperation,14,3394.0
2123776,1,NLPConcatHeadsDecodeDeviceOperation,14,3394.0
2222080,1,NLPConcatHeadsDecodeDeviceOperation,14,3394.0
1796096,1,NLPConcatHeadsDecodeDeviceOperation,14,3393.0
1660928,1,TypecastDeviceOperation,64,3392.0
1024000,,TypecastDeviceOperation,64,3391.0
2091008,1,NLPConcatHeadsDecodeDeviceOperation,14,3391.0
827392,,TypecastDeviceOperation,64,3390.0
1122304,,TypecastDeviceOperation,64,3389.0
1992704,1,NLPConcatHeadsDecodeDeviceOperation,14,3389.0
892928,,TypecastDeviceOperation,64,3386.0
1351680,,TypecastDeviceOperation,64,3386.0
693248,,TypecastDeviceOperation,64,3385.0
1631232,1,TypecastDeviceOperation,64,3383.0
935936,,ReshardDeviceOperation,8,3372.0
1184768,,TypecastDeviceOperation,64,3369.0
624640,,ShardedToInterleavedDeviceOperation,32,3368.0
1089536,,TypecastDeviceOperation,64,3366.0
1296384,,ReshardDeviceOperation,8,3364.0
922624,,TypecastDeviceOperation,64,3354.0
1187840,,TypecastDeviceOperation,64,3352.0
1991680,1,TypecastDeviceOperation,64,3346.0
2221056,1,TypecastDeviceOperation,64,3346.0
1361920,,ReshardDeviceOperation,8,3341.0
1020928,,TypecastDeviceOperation,64,3340.0
1263616,,ReshardDeviceOperation,8,3338.0
1467392,1,TypecastDeviceOperation,64,3331.0
1348608,,TypecastDeviceOperation,64,3329.0
1067008,,ReshardDeviceOperation,8,3327.0
563200,,UntilizeWithUnpaddingDeviceOperation,1,3322.0
889856,,TypecastDeviceOperation,64,3313.0
2119680,1,TypecastDeviceOperation,64,3313.0
1827840,1,TypecastDeviceOperation,64,3311.0
2131968,1,BinaryNgDeviceOperation,64,3308.0
988160,,TypecastDeviceOperation,64,3307.0
160768,,UntilizeWithUnpaddingDeviceOperation,1,3306.0
2057216,1,TypecastDeviceOperation,64,3305.0
1607680,1,BinaryNgDeviceOperation,64,3304.0
2099200,1,BinaryNgDeviceOperation,64,3304.0
1532928,1,TypecastDeviceOperation,64,3302.0
1729536,1,TypecastDeviceOperation,64,3302.0
1837056,1,BinaryNgDeviceOperation,64,3302.0
1595392,1,TypecastDeviceOperation,64,3301.0
1923072,1,TypecastDeviceOperation,64,3301.0
1673216,1,BinaryNgDeviceOperation,64,3299.0
1762304,1,TypecastDeviceOperation,64,3299.0
1935360,1,BinaryNgDeviceOperation,64,3299.0
1640448,1,BinaryNgDeviceOperation,64,3297.0
1738752,1,BinaryNgDeviceOperation,64,3297.0
2033664,1,BinaryNgDeviceOperation,64,3297.0
824320,,TypecastDeviceOperation,64,3296.0
1902592,1,BinaryNgDeviceOperation,64,3292.0
1542144,1,BinaryNgDeviceOperation,64,3290.0
1509376,1,BinaryNgDeviceOperation,64,3289.0
2066432,1,BinaryNgDeviceOperation,64,3289.0
2197504,1,BinaryNgDeviceOperation,64,3289.0
1574912,1,BinaryNgDeviceOperation,64,3288.0
1705984,1,BinaryNgDeviceOperation,64,3288.0
1869824,1,BinaryNgDeviceOperation,64,3288.0
1926144,1,TypecastDeviceOperation,64,3288.0
1968128,1,BinaryNgDeviceOperation,64,3288.0
2230272,1,BinaryNgDeviceOperation,64,3288.0
1804288,1,BinaryNgDeviceOperation,64,3287.0
1476608,1,BinaryNgDeviceOperation,64,3286.0
2122752,1,TypecastDeviceOperation,64,3286.0
1771520,1,BinaryNgDeviceOperation,64,3285.0
2000896,1,BinaryNgDeviceOperation,64,3285.0
2164736,1,BinaryNgDeviceOperation,64,3285.0
857088,,TypecastDeviceOperation,64,3277.0
2152448,1,TypecastDeviceOperation,64,3277.0
1664000,1,TypecastDeviceOperation,64,3273.0
1393664,,BinaryNgDeviceOperation,64,3271.0
1562624,1,TypecastDeviceOperation,64,3268.0
1455104,1,InterleavedToShardedDeviceOperation,32,3267.0
185344,,UntilizeWithUnpaddingDeviceOperation,1,3265.0
275456,,UntilizeWithUnpaddingDeviceOperation,1,3265.0
1958912,1,TypecastDeviceOperation,64,3264.0
305152,,UntilizeWithUnpaddingDeviceOperation,1,3263.0
227328,,UntilizeWithUnpaddingDeviceOperation,1,3252.0
515072,,UntilizeWithUnpaddingDeviceOperation,1,3249.0
1500160,1,TypecastDeviceOperation,64,3248.0
1795072,1,TypecastDeviceOperation,64,3247.0
379904,,UntilizeWithUnpaddingDeviceOperation,1,3242.0
288768,,UntilizeWithUnpaddingDeviceOperation,1,3241.0
2089984,1,TypecastDeviceOperation,64,3238.0
1598464,1,TypecastDeviceOperation,64,3234.0
498688,,UntilizeWithUnpaddingDeviceOperation,1,3229.0
1893376,1,TypecastDeviceOperation,64,3229.0
706560,,ReshardDeviceOperation,8,3226.0
1792000,1,TypecastDeviceOperation,64,3226.0
214016,,UntilizeWithUnpaddingDeviceOperation,1,3224.0
2155520,1,TypecastDeviceOperation,64,3215.0
228352,,UntilizeWithUnpaddingDeviceOperation,1,3211.0
1328128,,BinaryNgDeviceOperation,64,3209.0
2188288,1,TypecastDeviceOperation,64,3208.0
480256,,UntilizeWithUnpaddingDeviceOperation,1,3207.0
1131520,,BinaryNgDeviceOperation,64,3206.0
1860608,1,TypecastDeviceOperation,64,3206.0
1262592,,BinaryNgDeviceOperation,64,3203.0
1197056,,BinaryNgDeviceOperation,64,3202.0
640000,,BinaryNgDeviceOperation,64,3200.0
199680,,UntilizeWithUnpaddingDeviceOperation,1,3196.0
738304,,BinaryNgDeviceOperation,64,3194.0
934912,,BinaryNgDeviceOperation,64,3194.0
803840,,BinaryNgDeviceOperation,64,3192.0
771072,,BinaryNgDeviceOperation,64,3190.0
1674240,1,ReshardDeviceOperation,8,3190.0
1295360,,BinaryNgDeviceOperation,64,3188.0
672768,,BinaryNgDeviceOperation,64,3186.0
1360896,,BinaryNgDeviceOperation,64,3183.0
1000448,,BinaryNgDeviceOperation,64,3182.0
1164288,,BinaryNgDeviceOperation,64,3181.0
705536,,BinaryNgDeviceOperation,64,3180.0
836608,,BinaryNgDeviceOperation,64,3179.0
1033216,,BinaryNgDeviceOperation,64,3178.0
131072,,UntilizeWithUnpaddingDeviceOperation,1,3177.0
902144,,BinaryNgDeviceOperation,64,3177.0
1229824,,BinaryNgDeviceOperation,64,3172.0
261120,,UntilizeWithUnpaddingDeviceOperation,1,3171.0
1098752,,BinaryNgDeviceOperation,64,3171.0
1065984,,BinaryNgDeviceOperation,64,3170.0
869376,,BinaryNgDeviceOperation,64,3168.0
967680,,BinaryNgDeviceOperation,64,3168.0
145408,,UntilizeWithUnpaddingDeviceOperation,1,3166.0
1696768,1,TypecastDeviceOperation,64,3163.0
329728,,UntilizeWithUnpaddingDeviceOperation,1,3153.0
198656,,UntilizeWithUnpaddingDeviceOperation,1,3151.0
409600,,UntilizeWithUnpaddingDeviceOperation,1,3149.0
514048,,UntilizeWithUnpaddingDeviceOperation,1,3149.0
328704,,UntilizeWithUnpaddingDeviceOperation,1,3148.0
159744,,UntilizeWithUnpaddingDeviceOperation,1,3144.0
115712,,UntilizeWithUnpaddingDeviceOperation,1,3143.0
461824,,UntilizeWithUnpaddingDeviceOperation,1,3139.0
481280,,UntilizeWithUnpaddingDeviceOperation,1,3138.0
429056,,UntilizeWithUnpaddingDeviceOperation,1,3136.0
2001920,1,ReshardDeviceOperation,8,3136.0
212992,,UntilizeWithUnpaddingDeviceOperation,1,3135.0
130048,,UntilizeWithUnpaddingDeviceOperation,1,3131.0
408576,,UntilizeWithUnpaddingDeviceOperation,1,3128.0
380928,,UntilizeWithUnpaddingDeviceOperation,1,3126.0
1565696,1,TypecastDeviceOperation,64,3124.0
114688,,UntilizeWithUnpaddingDeviceOperation,1,3121.0
1608704,1,ReshardDeviceOperation,8,3121.0
562176,,UntilizeWithUnpaddingDeviceOperation,1,3118.0
536576,,UntilizeWithUnpaddingDeviceOperation,1,3112.0
535552,,UntilizeWithUnpaddingDeviceOperation,1,3109.0
462848,,UntilizeWithUnpaddingDeviceOperation,1,3108.0
2100224,1,ReshardDeviceOperation,8,3105.0
146432,,UntilizeWithUnpaddingDeviceOperation,1,3102.0
274432,,UntilizeWithUnpaddingDeviceOperation,1,3098.0
2165760,1,ReshardDeviceOperation,8,3097.0
289792,,UntilizeWithUnpaddingDeviceOperation,1,3096.0
395264,,UntilizeWithUnpaddingDeviceOperation,1,3094.0
394240,,UntilizeWithUnpaddingDeviceOperation,1,3092.0
304128,,UntilizeWithUnpaddingDeviceOperation,1,3088.0
1955840,1,TypecastDeviceOperation,64,3088.0
499712,,UntilizeWithUnpaddingDeviceOperation,1,3084.0
1903616,1,ReshardDeviceOperation,8,3083.0
614400,,ShardedToInterleavedDeviceOperation,32,3077.0
357376,,UntilizeWithUnpaddingDeviceOperation,1,3076.0
428032,,UntilizeWithUnpaddingDeviceOperation,1,3075.0
1805312,1,ReshardDeviceOperation,8,3067.0
1969152,1,ReshardDeviceOperation,8,3065.0
260096,,UntilizeWithUnpaddingDeviceOperation,1,3064.0
356352,,UntilizeWithUnpaddingDeviceOperation,1,3063.0
618496,,InterleavedToShardedDeviceOperation,32,3063.0
184320,,UntilizeWithUnpaddingDeviceOperation,1,3061.0
586752,,BinaryNgDeviceOperation,64,3017.0
2067456,1,ReshardDeviceOperation,8,2982.0
1423360,1,BinaryNgDeviceOperation,64,2977.0
1451008,1,ShardedToInterleavedDeviceOperation,32,2946.0
1477632,1,ReshardDeviceOperation,8,2930.0
1460224,1,TypecastDeviceOperation,64,2909.0
620544,,ShardedToInterleavedDeviceOperation,32,2905.0
1772544,1,ReshardDeviceOperation,8,2887.0
1641472,1,ReshardDeviceOperation,8,2849.0
1442816,1,UntilizeWithUnpaddingDeviceOperation,1,2844.0
2034688,1,ReshardDeviceOperation,8,2837.0
1461248,1,ShardedToInterleavedDeviceOperation,32,2786.0
2198528,1,ReshardDeviceOperation,8,2744.0
1408000,1,BinaryNgDeviceOperation,64,2738.0
606208,,UntilizeWithUnpaddingDeviceOperation,1,2669.0
1404928,1,BinaryNgDeviceOperation,64,2667.0
1575936,1,ReshardDeviceOperation,8,2612.0
1543168,1,ReshardDeviceOperation,8,2602.0
1953792,1,CopyDeviceOperation,64,2594.0
1510400,1,ReshardDeviceOperation,8,2573.0
1739776,1,ReshardDeviceOperation,8,2571.0
1870848,1,ReshardDeviceOperation,8,2517.0
571392,,BinaryNgDeviceOperation,64,2468.0
568320,,BinaryNgDeviceOperation,64,2454.0
2231296,1,ReshardDeviceOperation,8,2425.0
1980416,1,SliceDeviceOperation,64,2394.0
890880,,InterleavedToShardedDeviceOperation,16,2354.0
1465344,1,InterleavedToShardedDeviceOperation,16,2284.0
1054720,,InterleavedToShardedDeviceOperation,16,2255.0
1838080,1,ReshardDeviceOperation,8,2246.0
628736,,InterleavedToShardedDeviceOperation,16,2243.0
661504,,InterleavedToShardedDeviceOperation,16,2243.0
759808,,InterleavedToShardedDeviceOperation,16,2213.0
792576,,InterleavedToShardedDeviceOperation,16,2213.0
727040,,InterleavedToShardedDeviceOperation,16,2212.0
1185792,,InterleavedToShardedDeviceOperation,16,2205.0
825344,,InterleavedToShardedDeviceOperation,16,2183.0
1087488,,InterleavedToShardedDeviceOperation,16,2171.0
1379328,,CopyDeviceOperation,64,2167.0
1153024,,InterleavedToShardedDeviceOperation,16,2148.0
1120256,,InterleavedToShardedDeviceOperation,16,2147.0
989184,,InterleavedToShardedDeviceOperation,16,2146.0
694272,,InterleavedToShardedDeviceOperation,16,2136.0
1471488,1,BinaryNgDeviceOperation,64,2120.0
1760256,1,InterleavedToShardedDeviceOperation,16,2117.0
1443840,1,RepeatDeviceOperation,64,2115.0
607232,,RepeatDeviceOperation,64,2114.0
1457152,1,ShardedToInterleavedDeviceOperation,32,2108.0
1284096,,InterleavedToShardedDeviceOperation,16,2090.0
1316864,,InterleavedToShardedDeviceOperation,16,2078.0
956416,,InterleavedToShardedDeviceOperation,16,2060.0
1707008,1,ReshardDeviceOperation,8,2058.0
1629184,1,InterleavedToShardedDeviceOperation,16,2049.0
1349632,,InterleavedToShardedDeviceOperation,16,2046.0
858112,,InterleavedToShardedDeviceOperation,16,2045.0
1251328,,InterleavedToShardedDeviceOperation,16,2026.0
457728,,UntilizeWithUnpaddingDeviceOperation,36,2022.0
2226176,1,ReshardDeviceOperation,7,2022.0
1382400,,InterleavedToShardedDeviceOperation,16,2021.0
923648,,InterleavedToShardedDeviceOperation,16,2016.0
986112,,CopyDeviceOperation,64,2011.0
551936,,UntilizeWithUnpaddingDeviceOperation,36,1999.0
1914880,1,SliceDeviceOperation,64,1999.0
1855488,1,CopyDeviceOperation,64,1995.0
180224,,UntilizeWithUnpaddingDeviceOperation,36,1994.0
318464,,UntilizeWithUnpaddingDeviceOperation,36,1993.0
1021952,,InterleavedToShardedDeviceOperation,16,1993.0
149504,,UntilizeWithUnpaddingDeviceOperation,36,1978.0
634880,,BinaryNgDeviceOperation,64,1970.0
417792,,UntilizeWithUnpaddingDeviceOperation,36,1954.0
2079744,1,InterleavedToShardedDeviceOperation,32,1953.0
369664,,UntilizeWithUnpaddingDeviceOperation,36,1952.0
451584,,UntilizeWithUnpaddingDeviceOperation,36,1945.0
223232,,UntilizeWithUnpaddingDeviceOperation,36,1935.0
372736,,UntilizeWithUnpaddingDeviceOperation,36,1930.0
125952,,UntilizeWithUnpaddingDeviceOperation,36,1921.0
488448,,UntilizeWithUnpaddingDeviceOperation,36,1919.0
691200,,CopyDeviceOperation,64,1916.0
1427456,1,UnaryDeviceOperation,64,1916.0
267264,,UntilizeWithUnpaddingDeviceOperation,36,1910.0
1218560,,InterleavedToShardedDeviceOperation,16,1907.0
558080,,UntilizeWithUnpaddingDeviceOperation,36,1904.0
293888,,UntilizeWithUnpaddingDeviceOperation,36,1902.0
217088,,UntilizeWithUnpaddingDeviceOperation,36,1898.0
473088,,UntilizeWithUnpaddingDeviceOperation,36,1896.0
191488,,UntilizeWithUnpaddingDeviceOperation,36,1891.0
401408,,UntilizeWithUnpaddingDeviceOperation,36,1889.0
2052096,1,CopyDeviceOperation,64,1882.0
1084416,,CopyDeviceOperation,64,1879.0
509952,,UntilizeWithUnpaddingDeviceOperation,36,1878.0
887808,,CopyDeviceOperation,64,1877.0
2112512,1,InterleavedToShardedDeviceOperation,32,1874.0
177152,,UntilizeWithUnpaddingDeviceOperation,36,1872.0
621568,,CopyDeviceOperation,64,1867.0
384000,,UntilizeWithUnpaddingDeviceOperation,36,1859.0
953344,,CopyDeviceOperation,64,1859.0
2241536,,UntilizeWithUnpaddingDeviceOperation,1,1853.0
375808,,UntilizeWithUnpaddingDeviceOperation,36,1842.0
789504,,CopyDeviceOperation,64,1842.0
506880,,UntilizeWithUnpaddingDeviceOperation,36,1841.0
1215488,,CopyDeviceOperation,64,1839.0
1793024,1,InterleavedToShardedDeviceOperation,16,1839.0
119808,,UntilizeWithUnpaddingDeviceOperation,36,1838.0
174080,,UntilizeWithUnpaddingDeviceOperation,36,1838.0
256000,,UntilizeWithUnpaddingDeviceOperation,36,1835.0
1313792,,CopyDeviceOperation,64,1835.0
188416,,UntilizeWithUnpaddingDeviceOperation,36,1834.0
346112,,UntilizeWithUnpaddingDeviceOperation,36,1833.0
390144,,UntilizeWithUnpaddingDeviceOperation,36,1833.0
476160,,UntilizeWithUnpaddingDeviceOperation,36,1833.0
152576,,UntilizeWithUnpaddingDeviceOperation,36,1832.0
756736,,CopyDeviceOperation,64,1832.0
278528,,UntilizeWithUnpaddingDeviceOperation,36,1831.0
107520,,UntilizeWithUnpaddingDeviceOperation,36,1830.0
1560576,1,CopyDeviceOperation,64,1830.0
2251776,,UntilizeWithUnpaddingDeviceOperation,1,1830.0
590848,,UnaryDeviceOperation,64,1829.0
2260992,,UntilizeWithUnpaddingDeviceOperation,1,1829.0
1051648,,CopyDeviceOperation,64,1828.0
1727488,1,InterleavedToShardedDeviceOperation,16,1828.0
822272,,CopyDeviceOperation,64,1827.0
855040,,CopyDeviceOperation,64,1826.0
2240512,,UntilizeWithUnpaddingDeviceOperation,1,1825.0
135168,,UntilizeWithUnpaddingDeviceOperation,36,1823.0
1429504,1,UnaryDeviceOperation,64,1819.0
122880,,UntilizeWithUnpaddingDeviceOperation,36,1817.0
194560,,UntilizeWithUnpaddingDeviceOperation,36,1815.0
525312,,UntilizeWithUnpaddingDeviceOperation,36,1815.0
252928,,UntilizeWithUnpaddingDeviceOperation,36,1814.0
264192,,UntilizeWithUnpaddingDeviceOperation,36,1813.0
470016,,UntilizeWithUnpaddingDeviceOperation,36,1811.0
531456,,UntilizeWithUnpaddingDeviceOperation,36,1810.0
723968,,CopyDeviceOperation,64,1809.0
920576,,CopyDeviceOperation,64,1809.0
398336,,UntilizeWithUnpaddingDeviceOperation,36,1805.0
110592,,UntilizeWithUnpaddingDeviceOperation,36,1804.0
138240,,UntilizeWithUnpaddingDeviceOperation,36,1802.0
1018880,,CopyDeviceOperation,64,1800.0
202752,,UntilizeWithUnpaddingDeviceOperation,36,1799.0
104448,,UntilizeWithUnpaddingDeviceOperation,36,1796.0
249856,,UntilizeWithUnpaddingDeviceOperation,36,1793.0
1281024,,CopyDeviceOperation,64,1793.0
1661952,1,InterleavedToShardedDeviceOperation,16,1793.0
349184,,UntilizeWithUnpaddingDeviceOperation,36,1792.0
296960,,UntilizeWithUnpaddingDeviceOperation,36,1789.0
503808,,UntilizeWithUnpaddingDeviceOperation,36,1789.0
321536,,UntilizeWithUnpaddingDeviceOperation,36,1787.0
420864,,UntilizeWithUnpaddingDeviceOperation,36,1787.0
491520,,UntilizeWithUnpaddingDeviceOperation,36,1787.0
494592,,UntilizeWithUnpaddingDeviceOperation,36,1787.0
404480,,UntilizeWithUnpaddingDeviceOperation,36,1786.0
1626112,1,CopyDeviceOperation,64,1786.0
300032,,UntilizeWithUnpaddingDeviceOperation,36,1785.0
454656,,UntilizeWithUnpaddingDeviceOperation,36,1785.0
1117184,,CopyDeviceOperation,64,1785.0
281600,,UntilizeWithUnpaddingDeviceOperation,36,1784.0
555008,,UntilizeWithUnpaddingDeviceOperation,36,1784.0
1149952,,CopyDeviceOperation,64,1784.0
352256,,UntilizeWithUnpaddingDeviceOperation,36,1783.0
141312,,UntilizeWithUnpaddingDeviceOperation,36,1781.0
2183168,1,CopyDeviceOperation,64,1781.0
284672,,UntilizeWithUnpaddingDeviceOperation,36,1779.0
208896,,UntilizeWithUnpaddingDeviceOperation,36,1778.0
387072,,UntilizeWithUnpaddingDeviceOperation,36,1778.0
155648,,UntilizeWithUnpaddingDeviceOperation,36,1777.0
324608,,UntilizeWithUnpaddingDeviceOperation,36,1777.0
205824,,UntilizeWithUnpaddingDeviceOperation,36,1776.0
616448,,RepeatDeviceOperation,64,1776.0
423936,,UntilizeWithUnpaddingDeviceOperation,36,1775.0
528384,,UntilizeWithUnpaddingDeviceOperation,36,1775.0
270336,,UntilizeWithUnpaddingDeviceOperation,36,1774.0
821248,,SliceDeviceOperation,64,1770.0
220160,,UntilizeWithUnpaddingDeviceOperation,36,1768.0
1182720,,CopyDeviceOperation,64,1763.0
1346560,,CopyDeviceOperation,64,1760.0
1989632,1,InterleavedToShardedDeviceOperation,16,1752.0
593920,,TypecastDeviceOperation,2,1747.0
2254848,,UntilizeWithUnpaddingDeviceOperation,1,1747.0
1248256,,CopyDeviceOperation,64,1745.0
2263040,,UntilizeWithUnpaddingDeviceOperation,1,1742.0
2243584,,UntilizeWithUnpaddingDeviceOperation,1,1740.0
658432,,CopyDeviceOperation,64,1739.0
2215936,1,CopyDeviceOperation,64,1725.0
1822720,1,CopyDeviceOperation,64,1724.0
1825792,1,InterleavedToShardedDeviceOperation,16,1720.0
1858560,1,InterleavedToShardedDeviceOperation,16,1711.0
2248704,,UntilizeWithUnpaddingDeviceOperation,1,1707.0
2249728,,UntilizeWithUnpaddingDeviceOperation,1,1706.0
788480,,SliceDeviceOperation,64,1700.0
591872,,TypecastDeviceOperation,2,1698.0
592896,,UnaryDeviceOperation,64,1697.0
2219008,1,InterleavedToShardedDeviceOperation,16,1697.0
2265088,,UntilizeWithUnpaddingDeviceOperation,1,1696.0
2153472,1,InterleavedToShardedDeviceOperation,16,1694.0
2253824,,UntilizeWithUnpaddingDeviceOperation,1,1694.0
2262016,,UntilizeWithUnpaddingDeviceOperation,1,1692.0
1280000,,SliceDeviceOperation,64,1691.0
1449984,1,SliceDeviceOperation,64,1691.0
1924096,1,InterleavedToShardedDeviceOperation,16,1685.0
2247680,,UntilizeWithUnpaddingDeviceOperation,1,1683.0
2246656,,UntilizeWithUnpaddingDeviceOperation,1,1681.0
2250752,,UntilizeWithUnpaddingDeviceOperation,1,1679.0
690176,,SliceDeviceOperation,64,1674.0
717824,,SliceDeviceOperation,64,1674.0
1724416,1,CopyDeviceOperation,64,1674.0
2257920,,UntilizeWithUnpaddingDeviceOperation,1,1673.0
2242560,,UntilizeWithUnpaddingDeviceOperation,1,1672.0
1430528,1,TypecastDeviceOperation,2,1671.0
2120704,1,InterleavedToShardedDeviceOperation,16,1670.0
2258944,,UntilizeWithUnpaddingDeviceOperation,1,1670.0
2244608,,UntilizeWithUnpaddingDeviceOperation,1,1665.0
2245632,,UntilizeWithUnpaddingDeviceOperation,1,1665.0
2256896,,UntilizeWithUnpaddingDeviceOperation,1,1663.0
1563648,1,InterleavedToShardedDeviceOperation,16,1658.0
2259968,,UntilizeWithUnpaddingDeviceOperation,1,1657.0
1498112,1,InterleavedToShardedDeviceOperation,16,1652.0
1530880,1,InterleavedToShardedDeviceOperation,16,1652.0
2264064,,UntilizeWithUnpaddingDeviceOperation,1,1650.0
947200,,SliceDeviceOperation,64,1649.0
2255872,,UntilizeWithUnpaddingDeviceOperation,1,1643.0
1421312,1,TypecastDeviceOperation,1,1642.0
2078720,1,SliceDeviceOperation,64,1641.0
2252800,,UntilizeWithUnpaddingDeviceOperation,1,1639.0
2117632,1,CopyDeviceOperation,64,1630.0
1453056,1,RepeatDeviceOperation,64,1630.0
2116608,1,SliceDeviceOperation,64,1628.0
985088,,SliceDeviceOperation,64,1627.0
1012736,,SliceDeviceOperation,64,1627.0
816128,,SliceDeviceOperation,64,1625.0
1428480,1,TypecastDeviceOperation,2,1624.0
582656,,RepeatDeviceOperation,64,1623.0
1719296,1,InterleavedToShardedDeviceOperation,32,1619.0
1419264,1,RepeatDeviceOperation,64,1618.0
1143808,,SliceDeviceOperation,64,1617.0
1045504,,SliceDeviceOperation,64,1610.0
1587200,1,SliceDeviceOperation,64,1608.0
2022400,1,InterleavedToShardedDeviceOperation,16,1605.0
914432,,SliceDeviceOperation,64,1602.0
1345536,,SliceDeviceOperation,64,1601.0
1242112,,SliceDeviceOperation,64,1595.0
1521664,1,SliceDeviceOperation,64,1594.0
657408,,SliceDeviceOperation,64,1589.0
1176576,,SliceDeviceOperation,64,1589.0
1947648,1,SliceDeviceOperation,64,1587.0
1718272,1,SliceDeviceOperation,64,1580.0
783360,,SliceDeviceOperation,64,1577.0
1783808,1,SliceDeviceOperation,64,1577.0
1017856,,SliceDeviceOperation,64,1571.0
1078272,,SliceDeviceOperation,64,1567.0
750592,,SliceDeviceOperation,64,1564.0
1050624,,SliceDeviceOperation,64,1564.0
1527808,1,CopyDeviceOperation,64,1562.0
599040,,SliceDeviceOperation,64,1556.0
1593344,1,CopyDeviceOperation,64,1556.0
1340416,,SliceDeviceOperation,64,1552.0
1312768,,SliceDeviceOperation,64,1551.0
1083392,,SliceDeviceOperation,64,1547.0
652288,,SliceDeviceOperation,64,1546.0
1559552,1,SliceDeviceOperation,64,1546.0
2150400,1,CopyDeviceOperation,64,1545.0
685056,,SliceDeviceOperation,64,1543.0
1274880,,SliceDeviceOperation,64,1541.0
1882112,1,SliceDeviceOperation,64,1541.0
1410048,1,TypecastDeviceOperation,32,1535.0
848896,,SliceDeviceOperation,64,1532.0
1116160,,SliceDeviceOperation,64,1532.0
1181696,,SliceDeviceOperation,64,1531.0
1658880,1,CopyDeviceOperation,64,1530.0
2111488,1,SliceDeviceOperation,64,1526.0
1209344,,SliceDeviceOperation,64,1524.0
1214464,,SliceDeviceOperation,64,1524.0
1247232,,SliceDeviceOperation,64,1524.0
952320,,SliceDeviceOperation,64,1522.0
2186240,1,InterleavedToShardedDeviceOperation,16,1519.0
854016,,SliceDeviceOperation,64,1517.0
979968,,SliceDeviceOperation,64,1517.0
1373184,,SliceDeviceOperation,64,1512.0
584704,,TypecastDeviceOperation,1,1511.0
1788928,1,SliceDeviceOperation,64,1499.0
358400,,ConcatDeviceOperation,1,1497.0
1111040,,SliceDeviceOperation,64,1496.0
1854464,1,SliceDeviceOperation,64,1496.0
1307648,,SliceDeviceOperation,64,1495.0
1148928,,SliceDeviceOperation,64,1491.0
1956864,1,InterleavedToShardedDeviceOperation,16,1490.0
1378304,,SliceDeviceOperation,64,1483.0
881664,,SliceDeviceOperation,64,1481.0
2083840,1,SliceDeviceOperation,64,1480.0
2013184,1,SliceDeviceOperation,64,1478.0
613376,,SliceDeviceOperation,64,1477.0
1952768,1,SliceDeviceOperation,64,1474.0
722944,,SliceDeviceOperation,64,1473.0
755712,,SliceDeviceOperation,64,1467.0
1694720,1,InterleavedToShardedDeviceOperation,16,1464.0
609280,,InterleavedToShardedDeviceOperation,32,1456.0
886784,,SliceDeviceOperation,64,1455.0
1723392,1,SliceDeviceOperation,64,1454.0
2087936,1,InterleavedToShardedDeviceOperation,16,1454.0
1596416,1,InterleavedToShardedDeviceOperation,16,1445.0
2051072,1,SliceDeviceOperation,64,1437.0
537600,,ConcatDeviceOperation,1,1433.0
1445888,1,InterleavedToShardedDeviceOperation,32,1432.0
1690624,1,SliceDeviceOperation,64,1428.0
1495040,1,CopyDeviceOperation,64,1425.0
2045952,1,SliceDeviceOperation,64,1425.0
2019328,1,CopyDeviceOperation,64,1424.0
2149376,1,SliceDeviceOperation,64,1423.0
754688,,ShardedToInterleavedDeviceOperation,32,1422.0
1657856,1,SliceDeviceOperation,64,1421.0
1592320,1,SliceDeviceOperation,64,1418.0
1652736,1,SliceDeviceOperation,64,1418.0
1986560,1,CopyDeviceOperation,64,1417.0
1554432,1,SliceDeviceOperation,64,1413.0
1821696,1,SliceDeviceOperation,64,1411.0
1751040,1,SliceDeviceOperation,64,1409.0
1756160,1,SliceDeviceOperation,64,1408.0
1888256,1,CopyDeviceOperation,64,1407.0
1849344,1,SliceDeviceOperation,64,1403.0
2214912,1,SliceDeviceOperation,64,1403.0
2177024,1,SliceDeviceOperation,64,1397.0
573440,,TypecastDeviceOperation,32,1395.0
1816576,1,SliceDeviceOperation,64,1395.0
2018304,1,SliceDeviceOperation,64,1395.0
1985536,1,SliceDeviceOperation,64,1392.0
126976,,SliceDeviceOperation,1,1391.0
1526784,1,SliceDeviceOperation,64,1391.0
2209792,1,SliceDeviceOperation,64,1390.0
919552,,SliceDeviceOperation,64,1388.0
1488896,1,SliceDeviceOperation,64,1387.0
1494016,1,SliceDeviceOperation,64,1387.0
1920000,1,SliceDeviceOperation,64,1386.0
2144256,1,SliceDeviceOperation,64,1386.0
1921024,1,CopyDeviceOperation,64,1385.0
1625088,1,SliceDeviceOperation,64,1383.0
2182144,1,SliceDeviceOperation,64,1383.0
1685504,1,SliceDeviceOperation,64,1381.0
301056,,SliceDeviceOperation,1,1378.0
458752,,SliceDeviceOperation,1,1374.0
1887232,1,SliceDeviceOperation,64,1373.0
1757184,1,CopyDeviceOperation,64,1362.0
1435648,1,SliceDeviceOperation,64,1360.0
1458176,1,CopyDeviceOperation,64,1360.0
2055168,1,InterleavedToShardedDeviceOperation,16,1341.0
2084864,1,CopyDeviceOperation,64,1339.0
186368,,ConcatDeviceOperation,1,1338.0
262144,,ConcatDeviceOperation,1,1338.0
396288,,ConcatDeviceOperation,1,1338.0
430080,,ConcatDeviceOperation,1,1338.0
500736,,ConcatDeviceOperation,1,1338.0
1619968,1,SliceDeviceOperation,64,1338.0
306176,,ConcatDeviceOperation,1,1337.0
116736,,ConcatDeviceOperation,1,1336.0
132096,,ConcatDeviceOperation,1,1336.0
229376,,ConcatDeviceOperation,1,1336.0
463872,,ConcatDeviceOperation,1,1336.0
482304,,ConcatDeviceOperation,1,1335.0
564224,,ConcatDeviceOperation,1,1335.0
215040,,ConcatDeviceOperation,1,1333.0
381952,,ConcatDeviceOperation,1,1333.0
410624,,ConcatDeviceOperation,1,1333.0
516096,,ConcatDeviceOperation,1,1332.0
1789952,1,CopyDeviceOperation,64,1332.0
290816,,ConcatDeviceOperation,1,1331.0
161792,,ConcatDeviceOperation,1,1329.0
147456,,ConcatDeviceOperation,1,1328.0
276480,,ConcatDeviceOperation,1,1328.0
330752,,ConcatDeviceOperation,1,1328.0
200704,,ConcatDeviceOperation,1,1327.0
612352,,ShardedToInterleavedDeviceOperation,32,1321.0
1691648,1,CopyDeviceOperation,64,1305.0
142336,,SliceDeviceOperation,1,1302.0
1241088,,ShardedToInterleavedDeviceOperation,32,1279.0
1891328,1,InterleavedToShardedDeviceOperation,16,1269.0
721920,,ShardedToInterleavedDeviceOperation,32,1261.0
1208320,,ShardedToInterleavedDeviceOperation,32,1247.0
1306624,,ShardedToInterleavedDeviceOperation,32,1247.0
507904,,SliceDeviceOperation,1,1245.0
588800,,ConcatDeviceOperation,2,1245.0
880640,,ShardedToInterleavedDeviceOperation,32,1243.0
492544,,SliceDeviceOperation,1,1240.0
787456,,ShardedToInterleavedDeviceOperation,32,1239.0
1425408,1,ConcatDeviceOperation,2,1234.0
820224,,ShardedToInterleavedDeviceOperation,32,1232.0
852992,,ShardedToInterleavedDeviceOperation,32,1231.0
1815552,1,ShardedToInterleavedDeviceOperation,32,1230.0
978944,,ShardedToInterleavedDeviceOperation,32,1229.0
946176,,ShardedToInterleavedDeviceOperation,32,1215.0
181248,,SliceDeviceOperation,1,1213.0
195584,,SliceDeviceOperation,1,1213.0
376832,,SliceDeviceOperation,1,1213.0
405504,,SliceDeviceOperation,1,1213.0
495616,,SliceDeviceOperation,1,1212.0
224256,,SliceDeviceOperation,1,1211.0
391168,,SliceDeviceOperation,1,1211.0
1147904,,ShardedToInterleavedDeviceOperation,32,1211.0
209920,,SliceDeviceOperation,1,1210.0
325632,,SliceDeviceOperation,1,1210.0
353280,,SliceDeviceOperation,1,1210.0
532480,,SliceDeviceOperation,1,1210.0
271360,,SliceDeviceOperation,1,1208.0
285696,,SliceDeviceOperation,1,1208.0
424960,,SliceDeviceOperation,1,1208.0
111616,,SliceDeviceOperation,1,1207.0
477184,,SliceDeviceOperation,1,1207.0
651264,,ShardedToInterleavedDeviceOperation,32,1207.0
156672,,SliceDeviceOperation,1,1206.0
1213440,,ShardedToInterleavedDeviceOperation,32,1206.0
689152,,ShardedToInterleavedDeviceOperation,32,1200.0
510976,,SliceDeviceOperation,1,1199.0
559104,,SliceDeviceOperation,1,1199.0
1077248,,ShardedToInterleavedDeviceOperation,32,1199.0
257024,,SliceDeviceOperation,1,1196.0
1848320,1,ShardedToInterleavedDeviceOperation,32,1192.0
716800,,ShardedToInterleavedDeviceOperation,32,1191.0
1180672,,ShardedToInterleavedDeviceOperation,32,1191.0
1175552,,ShardedToInterleavedDeviceOperation,32,1184.0
1311744,,ShardedToInterleavedDeviceOperation,32,1184.0
1016832,,ShardedToInterleavedDeviceOperation,32,1183.0
1110016,,ShardedToInterleavedDeviceOperation,32,1181.0
1372160,,ShardedToInterleavedDeviceOperation,32,1180.0
1273856,,ShardedToInterleavedDeviceOperation,32,1175.0
1115136,,ShardedToInterleavedDeviceOperation,32,1174.0
815104,,ShardedToInterleavedDeviceOperation,32,1167.0
951296,,ShardedToInterleavedDeviceOperation,32,1167.0
1011712,,ShardedToInterleavedDeviceOperation,32,1167.0
1344512,,ShardedToInterleavedDeviceOperation,32,1164.0
1487872,1,ShardedToInterleavedDeviceOperation,32,1161.0
2145280,1,InterleavedToShardedDeviceOperation,32,1155.0
684032,,ShardedToInterleavedDeviceOperation,32,1151.0
749568,,ShardedToInterleavedDeviceOperation,32,1151.0
984064,,ShardedToInterleavedDeviceOperation,32,1151.0
1377280,,ShardedToInterleavedDeviceOperation,32,1151.0
2044928,1,ShardedToInterleavedDeviceOperation,32,1149.0
918528,,ShardedToInterleavedDeviceOperation,32,1145.0
1591296,1,ShardedToInterleavedDeviceOperation,32,1145.0
847872,,ShardedToInterleavedDeviceOperation,32,1143.0
1339392,,ShardedToInterleavedDeviceOperation,32,1143.0
598016,,ShardedToInterleavedDeviceOperation,32,1135.0
1246208,,ShardedToInterleavedDeviceOperation,32,1135.0
885760,,ShardedToInterleavedDeviceOperation,32,1132.0
2208768,1,ShardedToInterleavedDeviceOperation,32,1128.0
1278976,,ShardedToInterleavedDeviceOperation,32,1127.0
2115584,1,ShardedToInterleavedDeviceOperation,32,1119.0
782336,,ShardedToInterleavedDeviceOperation,32,1117.0
1984512,1,ShardedToInterleavedDeviceOperation,32,1117.0
2012160,1,ShardedToInterleavedDeviceOperation,32,1115.0
1586176,1,ShardedToInterleavedDeviceOperation,32,1113.0
373760,,SliceDeviceOperation,1,1107.0
2082816,1,ShardedToInterleavedDeviceOperation,32,1104.0
1750016,1,ShardedToInterleavedDeviceOperation,32,1102.0
913408,,ShardedToInterleavedDeviceOperation,32,1101.0
2148352,1,ShardedToInterleavedDeviceOperation,32,1101.0
1082368,,ShardedToInterleavedDeviceOperation,32,1095.0
1782784,1,ShardedToInterleavedDeviceOperation,32,1094.0
1142784,,ShardedToInterleavedDeviceOperation,32,1089.0
1865728,1,ReshardDeviceOperation,7,1088.0
1049600,,ShardedToInterleavedDeviceOperation,32,1087.0
136192,,SliceDeviceOperation,1,1082.0
153600,,SliceDeviceOperation,1,1082.0
399360,,SliceDeviceOperation,1,1082.0
529408,,SliceDeviceOperation,1,1082.0
556032,,SliceDeviceOperation,1,1080.0
656384,,ShardedToInterleavedDeviceOperation,32,1080.0
123904,,SliceDeviceOperation,1,1078.0
192512,,SliceDeviceOperation,1,1078.0
297984,,SliceDeviceOperation,1,1078.0
347136,,SliceDeviceOperation,1,1078.0
526336,,SliceDeviceOperation,1,1078.0
150528,,SliceDeviceOperation,1,1077.0
279552,,SliceDeviceOperation,1,1077.0
370688,,SliceDeviceOperation,1,1076.0
504832,,SliceDeviceOperation,1,1076.0
139264,,SliceDeviceOperation,1,1075.0
282624,,SliceDeviceOperation,1,1075.0
552960,,SliceDeviceOperation,1,1075.0
1558528,1,ShardedToInterleavedDeviceOperation,32,1075.0
189440,,SliceDeviceOperation,1,1074.0
253952,,SliceDeviceOperation,1,1074.0
294912,,SliceDeviceOperation,1,1074.0
2050048,1,ShardedToInterleavedDeviceOperation,32,1074.0
108544,,SliceDeviceOperation,1,1073.0
120832,,SliceDeviceOperation,1,1073.0
218112,,SliceDeviceOperation,1,1073.0
265216,,SliceDeviceOperation,1,1073.0
1881088,1,ShardedToInterleavedDeviceOperation,32,1073.0
178176,,SliceDeviceOperation,1,1072.0
250880,,SliceDeviceOperation,1,1072.0
350208,,SliceDeviceOperation,1,1072.0
388096,,SliceDeviceOperation,1,1072.0
402432,,SliceDeviceOperation,1,1072.0
2077696,1,ShardedToInterleavedDeviceOperation,32,1072.0
206848,,SliceDeviceOperation,1,1071.0
418816,,SliceDeviceOperation,1,1071.0
1044480,,ShardedToInterleavedDeviceOperation,32,1071.0
203776,,SliceDeviceOperation,1,1070.0
319488,,SliceDeviceOperation,1,1070.0
452608,,SliceDeviceOperation,1,1070.0
489472,,SliceDeviceOperation,1,1070.0
105472,,SliceDeviceOperation,1,1069.0
175104,,SliceDeviceOperation,1,1069.0
421888,,SliceDeviceOperation,1,1069.0
221184,,SliceDeviceOperation,1,1068.0
385024,,SliceDeviceOperation,1,1068.0
474112,,SliceDeviceOperation,1,1067.0
1946624,1,ShardedToInterleavedDeviceOperation,32,1067.0
268288,,SliceDeviceOperation,1,1065.0
1651712,1,ShardedToInterleavedDeviceOperation,32,1065.0
455680,,SliceDeviceOperation,1,1063.0
1820672,1,ShardedToInterleavedDeviceOperation,32,1063.0
322560,,SliceDeviceOperation,1,1062.0
471040,,SliceDeviceOperation,1,1062.0
1553408,1,ShardedToInterleavedDeviceOperation,32,1045.0
2062336,1,ReshardDeviceOperation,7,1043.0
1669120,1,ReshardDeviceOperation,7,1041.0
1492992,1,ShardedToInterleavedDeviceOperation,32,1040.0
2213888,1,ShardedToInterleavedDeviceOperation,32,1038.0
1964032,1,ReshardDeviceOperation,7,1035.0
1951744,1,ShardedToInterleavedDeviceOperation,32,1034.0
2110464,1,ShardedToInterleavedDeviceOperation,32,1033.0
2143232,1,ShardedToInterleavedDeviceOperation,32,1028.0
1717248,1,ShardedToInterleavedDeviceOperation,32,1014.0
1918976,1,ShardedToInterleavedDeviceOperation,32,1014.0
1722368,1,ShardedToInterleavedDeviceOperation,32,1003.0
718848,,InterleavedToShardedDeviceOperation,32,1002.0
1144832,,InterleavedToShardedDeviceOperation,32,1002.0
1374208,,InterleavedToShardedDeviceOperation,32,1002.0
1618944,1,ShardedToInterleavedDeviceOperation,32,1002.0
980992,,InterleavedToShardedDeviceOperation,32,999.0
1525760,1,ShardedToInterleavedDeviceOperation,32,997.0
1755136,1,ShardedToInterleavedDeviceOperation,32,997.0
600064,,InterleavedToShardedDeviceOperation,32,996.0
1520640,1,ShardedToInterleavedDeviceOperation,32,996.0
1913856,1,ShardedToInterleavedDeviceOperation,32,995.0
1979392,1,ShardedToInterleavedDeviceOperation,32,995.0
817152,,InterleavedToShardedDeviceOperation,32,993.0
882688,,InterleavedToShardedDeviceOperation,32,993.0
1046528,,InterleavedToShardedDeviceOperation,32,993.0
1177600,,InterleavedToShardedDeviceOperation,32,991.0
1341440,,InterleavedToShardedDeviceOperation,32,990.0
1787904,1,ShardedToInterleavedDeviceOperation,32,990.0
2017280,1,ShardedToInterleavedDeviceOperation,32,988.0
2176000,1,ShardedToInterleavedDeviceOperation,32,988.0
751616,,InterleavedToShardedDeviceOperation,32,982.0
1210368,,InterleavedToShardedDeviceOperation,32,982.0
1275904,,InterleavedToShardedDeviceOperation,32,982.0
1684480,1,ShardedToInterleavedDeviceOperation,32,981.0
2181120,1,ShardedToInterleavedDeviceOperation,32,977.0
1448960,1,ShardedToInterleavedDeviceOperation,32,973.0
1308672,,InterleavedToShardedDeviceOperation,32,969.0
1686528,1,InterleavedToShardedDeviceOperation,32,968.0
686080,,InterleavedToShardedDeviceOperation,32,959.0
1656832,1,ShardedToInterleavedDeviceOperation,32,959.0
849920,,InterleavedToShardedDeviceOperation,32,948.0
2160640,1,ReshardDeviceOperation,7,948.0
784384,,InterleavedToShardedDeviceOperation,32,943.0
1013760,,InterleavedToShardedDeviceOperation,32,936.0
1112064,,InterleavedToShardedDeviceOperation,32,933.0
1767424,1,ReshardDeviceOperation,7,932.0
1689600,1,ShardedToInterleavedDeviceOperation,32,931.0
1079296,,InterleavedToShardedDeviceOperation,32,929.0
948224,,InterleavedToShardedDeviceOperation,32,924.0
1243136,,InterleavedToShardedDeviceOperation,32,924.0
1876992,1,ShardedToInterleavedDeviceOperation,36,924.0
1886208,1,ShardedToInterleavedDeviceOperation,32,921.0
653312,,InterleavedToShardedDeviceOperation,32,917.0
1368064,,ShardedToInterleavedDeviceOperation,36,917.0
1853440,1,ShardedToInterleavedDeviceOperation,32,913.0
569344,,ShardedToInterleavedDeviceOperation,1,910.0
915456,,InterleavedToShardedDeviceOperation,32,909.0
1538048,1,ReshardDeviceOperation,7,900.0
2127872,1,ReshardDeviceOperation,7,900.0
1073152,,ShardedToInterleavedDeviceOperation,36,897.0
1483776,1,ShardedToInterleavedDeviceOperation,36,896.0
1624064,1,ShardedToInterleavedDeviceOperation,32,896.0
1302528,,ShardedToInterleavedDeviceOperation,36,895.0
1171456,,ShardedToInterleavedDeviceOperation,36,893.0
909312,,ShardedToInterleavedDeviceOperation,36,892.0
2014208,1,InterleavedToShardedDeviceOperation,32,892.0
1931264,1,ReshardDeviceOperation,7,891.0
1614848,1,ShardedToInterleavedDeviceOperation,36,887.0
1975296,1,ShardedToInterleavedDeviceOperation,36,885.0
2029568,1,ReshardDeviceOperation,7,885.0
1522688,1,InterleavedToShardedDeviceOperation,32,884.0
1570816,1,ReshardDeviceOperation,7,884.0
575488,,CopyDeviceOperation,1,881.0
811008,,ShardedToInterleavedDeviceOperation,36,881.0
1412096,1,CopyDeviceOperation,1,880.0
1972224,1,ReshardDeviceOperation,7,880.0
2139136,1,ShardedToInterleavedDeviceOperation,36,879.0
1105920,,ShardedToInterleavedDeviceOperation,36,875.0
1636352,1,ReshardDeviceOperation,7,870.0
1734656,1,ReshardDeviceOperation,7,867.0
1832960,1,ReshardDeviceOperation,7,867.0
1201152,,ReshardDeviceOperation,7,865.0
1409024,1,ShardedToInterleavedDeviceOperation,1,863.0
1784832,1,InterleavedToShardedDeviceOperation,32,863.0
701440,,ReshardDeviceOperation,7,860.0
734208,,ReshardDeviceOperation,7,860.0
963584,,ReshardDeviceOperation,7,860.0
1555456,1,InterleavedToShardedDeviceOperation,32,860.0
1070080,,ReshardDeviceOperation,7,859.0
1299456,,ReshardDeviceOperation,7,859.0
1939456,1,ReshardDeviceOperation,7,859.0
766976,,ReshardDeviceOperation,7,857.0
1775616,1,ReshardDeviceOperation,7,857.0
679936,,ShardedToInterleavedDeviceOperation,36,855.0
778240,,ShardedToInterleavedDeviceOperation,36,855.0
840704,,ReshardDeviceOperation,7,854.0
1037312,,ReshardDeviceOperation,7,854.0
1516544,1,ShardedToInterleavedDeviceOperation,36,854.0
668672,,ReshardDeviceOperation,7,853.0
709632,,ReshardDeviceOperation,7,853.0
799744,,ReshardDeviceOperation,7,853.0
942080,,ShardedToInterleavedDeviceOperation,36,853.0
1168384,,ReshardDeviceOperation,7,853.0
1389568,,ReshardDeviceOperation,7,853.0
1603584,1,ReshardDeviceOperation,7,853.0
2070528,1,ReshardDeviceOperation,7,853.0
2234368,1,ReshardDeviceOperation,7,853.0
807936,,ReshardDeviceOperation,7,852.0
832512,,ReshardDeviceOperation,7,852.0
873472,,ReshardDeviceOperation,7,852.0
939008,,ReshardDeviceOperation,7,852.0
1127424,,ReshardDeviceOperation,7,852.0
1160192,,ReshardDeviceOperation,7,852.0
1701888,1,ReshardDeviceOperation,7,852.0
1710080,1,ReshardDeviceOperation,7,852.0
1841152,1,ReshardDeviceOperation,7,852.0
2004992,1,ReshardDeviceOperation,7,852.0
2204672,1,ShardedToInterleavedDeviceOperation,36,852.0
1225728,,ReshardDeviceOperation,7,851.0
1233920,,ReshardDeviceOperation,7,851.0
1742848,1,ReshardDeviceOperation,7,851.0
1906688,1,ReshardDeviceOperation,7,851.0
2103296,1,ReshardDeviceOperation,7,851.0
635904,,ReshardDeviceOperation,7,850.0
898048,,ReshardDeviceOperation,7,849.0
906240,,ReshardDeviceOperation,7,849.0
971776,,ReshardDeviceOperation,7,849.0
1135616,,ReshardDeviceOperation,7,849.0
1364992,,ReshardDeviceOperation,7,849.0
1611776,1,ReshardDeviceOperation,7,849.0
2136064,1,ReshardDeviceOperation,7,849.0
974848,,ShardedToInterleavedDeviceOperation,36,847.0
1386496,,ShardedToInterleavedDeviceOperation,14,847.0
1800192,1,ReshardDeviceOperation,7,847.0
1061888,,ReshardDeviceOperation,7,846.0
1579008,1,ReshardDeviceOperation,7,845.0
1745920,1,ShardedToInterleavedDeviceOperation,36,845.0
2193408,1,ReshardDeviceOperation,7,845.0
676864,,ReshardDeviceOperation,7,844.0
1004544,,ReshardDeviceOperation,7,844.0
1480704,1,ReshardDeviceOperation,7,844.0
1192960,,ReshardDeviceOperation,7,843.0
1546240,1,ReshardDeviceOperation,7,843.0
843776,,ShardedToInterleavedDeviceOperation,36,842.0
2171904,1,ShardedToInterleavedDeviceOperation,36,842.0
930816,,ReshardDeviceOperation,7,841.0
1258496,,ReshardDeviceOperation,7,841.0
1898496,1,ReshardDeviceOperation,7,841.0
1204224,,ShardedToInterleavedDeviceOperation,36,840.0
1138688,,ShardedToInterleavedDeviceOperation,36,838.0
1873920,1,ReshardDeviceOperation,7,838.0
775168,,ReshardDeviceOperation,7,837.0
2095104,1,ReshardDeviceOperation,7,837.0
1397760,,ReshardDeviceOperation,7,836.0
1677312,1,ReshardDeviceOperation,7,836.0
2168832,1,ReshardDeviceOperation,7,836.0
2201600,1,ReshardDeviceOperation,7,836.0
1291264,,ReshardDeviceOperation,7,835.0
1356800,,ReshardDeviceOperation,7,835.0
2106368,1,ShardedToInterleavedDeviceOperation,36,835.0
742400,,ReshardDeviceOperation,7,833.0
1266688,,ReshardDeviceOperation,7,833.0
1505280,1,ReshardDeviceOperation,7,833.0
745472,,ShardedToInterleavedDeviceOperation,36,831.0
1335296,,ShardedToInterleavedDeviceOperation,36,831.0
1269760,,ShardedToInterleavedDeviceOperation,36,830.0
1513472,1,ReshardDeviceOperation,7,830.0
1549312,1,ShardedToInterleavedDeviceOperation,36,830.0
996352,,ReshardDeviceOperation,7,829.0
1288192,,ShardedToInterleavedDeviceOperation,14,829.0
644096,,ReshardDeviceOperation,7,828.0
1332224,,ReshardDeviceOperation,7,828.0
1644544,1,ReshardDeviceOperation,7,828.0
865280,,ReshardDeviceOperation,7,827.0
1808384,1,ReshardDeviceOperation,7,826.0
1094656,,ReshardDeviceOperation,7,825.0
2037760,1,ReshardDeviceOperation,7,825.0
876544,,ShardedToInterleavedDeviceOperation,36,823.0
1996800,1,ReshardDeviceOperation,7,823.0
927744,,ShardedToInterleavedDeviceOperation,14,821.0
1102848,,ReshardDeviceOperation,7,821.0
1324032,,ReshardDeviceOperation,7,821.0
1434624,1,ShardedToInterleavedDeviceOperation,32,821.0
580608,,ShardedToInterleavedDeviceOperation,36,819.0
1029120,,ReshardDeviceOperation,7,819.0
1472512,1,ReshardDeviceOperation,7,819.0
1713152,1,ShardedToInterleavedDeviceOperation,36,815.0
647168,,ShardedToInterleavedDeviceOperation,36,814.0
712704,,ShardedToInterleavedDeviceOperation,36,814.0
1850368,1,InterleavedToShardedDeviceOperation,32,813.0
763904,,ShardedToInterleavedDeviceOperation,14,808.0
2008064,1,ShardedToInterleavedDeviceOperation,36,808.0
1026048,,ShardedToInterleavedDeviceOperation,14,807.0
1058816,,ShardedToInterleavedDeviceOperation,14,807.0
1236992,,ShardedToInterleavedDeviceOperation,36,807.0
1811456,1,ShardedToInterleavedDeviceOperation,36,807.0
2073600,1,ShardedToInterleavedDeviceOperation,36,807.0
2210816,1,InterleavedToShardedDeviceOperation,32,807.0
1942528,1,ShardedToInterleavedDeviceOperation,36,806.0
1778688,1,ShardedToInterleavedDeviceOperation,36,804.0
1883136,1,InterleavedToShardedDeviceOperation,32,804.0
1981440,1,InterleavedToShardedDeviceOperation,32,804.0
1040384,,ShardedToInterleavedDeviceOperation,36,801.0
1320960,,ShardedToInterleavedDeviceOperation,14,800.0
2046976,1,InterleavedToShardedDeviceOperation,32,795.0
1124352,,ShardedToInterleavedDeviceOperation,14,792.0
1007616,,ShardedToInterleavedDeviceOperation,36,791.0
1157120,,ShardedToInterleavedDeviceOperation,14,784.0
1588224,1,InterleavedToShardedDeviceOperation,32,784.0
1489920,1,InterleavedToShardedDeviceOperation,32,783.0
1680384,1,ShardedToInterleavedDeviceOperation,36,782.0
1915904,1,InterleavedToShardedDeviceOperation,32,781.0
1417216,1,ShardedToInterleavedDeviceOperation,36,777.0
632832,,ShardedToInterleavedDeviceOperation,14,775.0
1909760,1,ShardedToInterleavedDeviceOperation,36,775.0
577536,,InterleavedToShardedDeviceOperation,7,773.0
1844224,1,ShardedToInterleavedDeviceOperation,36,773.0
796672,,ShardedToInterleavedDeviceOperation,14,771.0
2190336,1,ShardedToInterleavedDeviceOperation,14,770.0
1189888,,ShardedToInterleavedDeviceOperation,14,768.0
698368,,ShardedToInterleavedDeviceOperation,14,767.0
731136,,ShardedToInterleavedDeviceOperation,14,767.0
2040832,1,ShardedToInterleavedDeviceOperation,36,767.0
829440,,ShardedToInterleavedDeviceOperation,14,765.0
1948672,1,InterleavedToShardedDeviceOperation,32,765.0
894976,,ShardedToInterleavedDeviceOperation,14,763.0
960512,,ShardedToInterleavedDeviceOperation,14,761.0
1653760,1,InterleavedToShardedDeviceOperation,32,761.0
1353728,,ShardedToInterleavedDeviceOperation,14,759.0
1647616,1,ShardedToInterleavedDeviceOperation,36,759.0
1222656,,ShardedToInterleavedDeviceOperation,14,756.0
862208,,ShardedToInterleavedDeviceOperation,14,754.0
1582080,1,ShardedToInterleavedDeviceOperation,36,754.0
665600,,ShardedToInterleavedDeviceOperation,14,752.0
1255424,,ShardedToInterleavedDeviceOperation,14,750.0
1091584,,ShardedToInterleavedDeviceOperation,14,749.0
1414144,1,InterleavedToShardedDeviceOperation,7,749.0
993280,,ShardedToInterleavedDeviceOperation,14,748.0
1895424,1,ShardedToInterleavedDeviceOperation,14,746.0
572416,,ShardedToInterleavedDeviceOperation,1,745.0
1426432,1,InterleavedToShardedDeviceOperation,2,744.0
1436672,1,InterleavedToShardedDeviceOperation,32,737.0
1620992,1,InterleavedToShardedDeviceOperation,32,729.0
2178048,1,InterleavedToShardedDeviceOperation,32,728.0
1405952,1,ShardedToInterleavedDeviceOperation,1,726.0
1752064,1,InterleavedToShardedDeviceOperation,32,726.0
1817600,1,InterleavedToShardedDeviceOperation,32,717.0
2157568,1,ShardedToInterleavedDeviceOperation,14,711.0
1862656,1,ShardedToInterleavedDeviceOperation,14,704.0
1567744,1,ShardedToInterleavedDeviceOperation,14,700.0
1600512,1,ShardedToInterleavedDeviceOperation,14,698.0
1764352,1,ShardedToInterleavedDeviceOperation,14,696.0
1698816,1,ShardedToInterleavedDeviceOperation,14,695.0
589824,,InterleavedToShardedDeviceOperation,2,694.0
1928192,1,ShardedToInterleavedDeviceOperation,14,694.0
1666048,1,ShardedToInterleavedDeviceOperation,14,693.0
1829888,1,ShardedToInterleavedDeviceOperation,14,693.0
1731584,1,ShardedToInterleavedDeviceOperation,14,668.0
1469440,1,ShardedToInterleavedDeviceOperation,14,655.0
1534976,1,ShardedToInterleavedDeviceOperation,14,641.0
1993728,1,ShardedToInterleavedDeviceOperation,14,639.0
2223104,1,ShardedToInterleavedDeviceOperation,14,628.0
1960960,1,ShardedToInterleavedDeviceOperation,14,617.0
1797120,1,ShardedToInterleavedDeviceOperation,14,615.0
2092032,1,ShardedToInterleavedDeviceOperation,14,607.0
1633280,1,ShardedToInterleavedDeviceOperation,14,604.0
2026496,1,ShardedToInterleavedDeviceOperation,14,604.0
2124800,1,ShardedToInterleavedDeviceOperation,14,604.0
2059264,1,ShardedToInterleavedDeviceOperation,14,603.0
587776,,ShardedToInterleavedDeviceOperation,1,600.0
1502208,1,ShardedToInterleavedDeviceOperation,14,600.0
1424384,1,ShardedToInterleavedDeviceOperation,1,591.0
1995776,1,BinaryNgDeviceOperation,64,588.0
594944,,ShardedToInterleavedDeviceOperation,2,583.0
1963008,1,BinaryNgDeviceOperation,64,570.0
2069504,1,BinaryNgDeviceOperation,64,569.0
2225152,1,BinaryNgDeviceOperation,64,569.0
595968,,ShardedToInterleavedDeviceOperation,2,568.0
1864704,1,BinaryNgDeviceOperation,64,568.0
2167808,1,BinaryNgDeviceOperation,64,568.0
1897472,1,BinaryNgDeviceOperation,64,567.0
2094080,1,BinaryNgDeviceOperation,64,567.0
2028544,1,BinaryNgDeviceOperation,64,565.0
2126848,1,BinaryNgDeviceOperation,64,565.0
1577984,1,BinaryNgDeviceOperation,64,564.0
1700864,1,BinaryNgDeviceOperation,64,564.0
1971200,1,BinaryNgDeviceOperation,64,564.0
1831936,1,BinaryNgDeviceOperation,64,563.0
1905664,1,BinaryNgDeviceOperation,64,563.0
1930240,1,BinaryNgDeviceOperation,64,563.0
1602560,1,BinaryNgDeviceOperation,64,562.0
1635328,1,BinaryNgDeviceOperation,64,562.0
1733632,1,BinaryNgDeviceOperation,64,562.0
1569792,1,BinaryNgDeviceOperation,64,560.0
604160,,ShardedToInterleavedDeviceOperation,4,559.0
1504256,1,BinaryNgDeviceOperation,64,559.0
1537024,1,BinaryNgDeviceOperation,64,559.0
1872896,1,BinaryNgDeviceOperation,64,559.0
2159616,1,BinaryNgDeviceOperation,64,559.0
1799168,1,BinaryNgDeviceOperation,64,558.0
2061312,1,BinaryNgDeviceOperation,64,558.0
1643520,1,BinaryNgDeviceOperation,64,557.0
2003968,1,BinaryNgDeviceOperation,64,557.0
1610752,1,BinaryNgDeviceOperation,64,556.0
2102272,1,BinaryNgDeviceOperation,64,556.0
2192384,1,BinaryNgDeviceOperation,64,556.0
1741824,1,BinaryNgDeviceOperation,64,555.0
1668096,1,BinaryNgDeviceOperation,64,554.0
1766400,1,BinaryNgDeviceOperation,64,554.0
2200576,1,BinaryNgDeviceOperation,64,553.0
1479680,1,BinaryNgDeviceOperation,64,552.0
1676288,1,BinaryNgDeviceOperation,64,552.0
2233344,1,BinaryNgDeviceOperation,64,551.0
2135040,1,BinaryNgDeviceOperation,64,550.0
1512448,1,BinaryNgDeviceOperation,64,549.0
1840128,1,BinaryNgDeviceOperation,64,547.0
2036736,1,BinaryNgDeviceOperation,64,547.0
1938432,1,BinaryNgDeviceOperation,64,545.0
1807360,1,BinaryNgDeviceOperation,64,544.0
1774592,1,BinaryNgDeviceOperation,64,542.0
1545216,1,BinaryNgDeviceOperation,64,541.0
1709056,1,BinaryNgDeviceOperation,64,541.0
1432576,1,ShardedToInterleavedDeviceOperation,2,529.0
1440768,1,ShardedToInterleavedDeviceOperation,4,529.0
1431552,1,ShardedToInterleavedDeviceOperation,2,524.0
643072,,BinaryNgDeviceOperation,64,463.0
675840,,BinaryNgDeviceOperation,64,443.0
1355776,,BinaryNgDeviceOperation,64,442.0
774144,,BinaryNgDeviceOperation,64,440.0
897024,,BinaryNgDeviceOperation,64,440.0
1224704,,BinaryNgDeviceOperation,64,440.0
1003520,,BinaryNgDeviceOperation,64,439.0
831488,,BinaryNgDeviceOperation,64,438.0
741376,,BinaryNgDeviceOperation,64,437.0
1290240,,BinaryNgDeviceOperation,64,437.0
872448,,BinaryNgDeviceOperation,64,436.0
1200128,,BinaryNgDeviceOperation,64,436.0
1331200,,BinaryNgDeviceOperation,64,436.0
1388544,,BinaryNgDeviceOperation,64,436.0
1060864,,BinaryNgDeviceOperation,64,435.0
970752,,BinaryNgDeviceOperation,64,434.0
995328,,BinaryNgDeviceOperation,64,434.0
1167360,,BinaryNgDeviceOperation,64,434.0
765952,,BinaryNgDeviceOperation,64,433.0
1159168,,BinaryNgDeviceOperation,64,433.0
1257472,,BinaryNgDeviceOperation,64,433.0
700416,,BinaryNgDeviceOperation,64,432.0
733184,,BinaryNgDeviceOperation,64,432.0
929792,,BinaryNgDeviceOperation,64,431.0
1134592,,BinaryNgDeviceOperation,64,431.0
1396736,,BinaryNgDeviceOperation,64,429.0
667648,,BinaryNgDeviceOperation,64,428.0
937984,,BinaryNgDeviceOperation,64,428.0
1323008,,BinaryNgDeviceOperation,64,428.0
962560,,BinaryNgDeviceOperation,64,427.0
1265664,,BinaryNgDeviceOperation,64,427.0
1028096,,BinaryNgDeviceOperation,64,426.0
1036288,,BinaryNgDeviceOperation,64,426.0
1069056,,BinaryNgDeviceOperation,64,426.0
1298432,,BinaryNgDeviceOperation,64,426.0
1101824,,BinaryNgDeviceOperation,64,425.0
806912,,BinaryNgDeviceOperation,64,424.0
905216,,BinaryNgDeviceOperation,64,424.0
1093632,,BinaryNgDeviceOperation,64,424.0
864256,,BinaryNgDeviceOperation,64,423.0
798720,,BinaryNgDeviceOperation,64,422.0
1126400,,BinaryNgDeviceOperation,64,422.0
839680,,BinaryNgDeviceOperation,64,421.0
1191936,,BinaryNgDeviceOperation,64,421.0
708608,,BinaryNgDeviceOperation,64,419.0
1363968,,BinaryNgDeviceOperation,64,417.0
1232896,,BinaryNgDeviceOperation,64,414.0
