op_id,replay,op_name,cores,duration_ns
2505728,1,MatmulDeviceOperation,56,3325403.0
1610752,,MatmulDeviceOperation,56,3292663.0
1612800,,ArgMaxDeviceOperation,64,2745235.0
2507776,1,ArgMaxDeviceOperation,64,2744862.0
1949696,1,MatmulDeviceOperation,56,397710.0
2287616,1,MatmulDeviceOperation,56,397692.0
2502656,1,MatmulDeviceOperation,56,397642.0
1796096,1,MatmulDeviceOperation,56,397580.0
2471936,1,MatmulDeviceOperation,56,397553.0
1765376,1,MatmulDeviceOperation,56,397473.0
2103296,1,MatmulDeviceOperation,56,397441.0
1857536,1,MatmulDeviceOperation,56,397341.0
1703936,1,MatmulDeviceOperation,56,397309.0
2195456,1,MatmulDeviceOperation,56,397279.0
1918976,1,MatmulDeviceOperation,56,397266.0
2164736,1,MatmulDeviceOperation,56,397243.0
2256896,1,MatmulDeviceOperation,56,397220.0
1673216,1,MatmulDeviceOperation,56,397218.0
2134016,1,MatmulDeviceOperation,56,397153.0
2226176,1,MatmulDeviceOperation,56,397114.0
1980416,1,MatmulDeviceOperation,56,397034.0
2410496,1,MatmulDeviceOperation,56,397002.0
2041856,1,MatmulDeviceOperation,56,396975.0
2011136,1,MatmulDeviceOperation,56,396858.0
2072576,1,MatmulDeviceOperation,56,396853.0
2349056,1,MatmulDeviceOperation,56,396837.0
2441216,1,MatmulDeviceOperation,56,396815.0
2318336,1,MatmulDeviceOperation,56,396800.0
2379776,1,MatmulDeviceOperation,56,396775.0
1826816,1,MatmulDeviceOperation,56,396692.0
1888256,1,MatmulDeviceOperation,56,396656.0
1208320,,MatmulDeviceOperation,56,396596.0
870400,,MatmulDeviceOperation,56,396478.0
1484800,,MatmulDeviceOperation,56,396473.0
778240,,MatmulDeviceOperation,56,396471.0
1734656,1,MatmulDeviceOperation,56,396402.0
1239040,,MatmulDeviceOperation,56,396380.0
1392640,,MatmulDeviceOperation,56,396325.0
1546240,,MatmulDeviceOperation,56,396288.0
1423360,,MatmulDeviceOperation,56,396285.0
931840,,MatmulDeviceOperation,56,396277.0
1454080,,MatmulDeviceOperation,56,396275.0
1054720,,MatmulDeviceOperation,56,396274.0
839680,,MatmulDeviceOperation,56,396149.0
1024000,,MatmulDeviceOperation,56,396108.0
1177600,,MatmulDeviceOperation,56,396074.0
962560,,MatmulDeviceOperation,56,395985.0
1085440,,MatmulDeviceOperation,56,395980.0
1576960,,MatmulDeviceOperation,56,395952.0
1300480,,MatmulDeviceOperation,56,395924.0
993280,,MatmulDeviceOperation,56,395893.0
1515520,,MatmulDeviceOperation,56,395842.0
1607680,,MatmulDeviceOperation,56,395805.0
901120,,MatmulDeviceOperation,56,395804.0
1116160,,MatmulDeviceOperation,56,395779.0
808960,,MatmulDeviceOperation,56,395761.0
1361920,,MatmulDeviceOperation,56,395596.0
1269760,,MatmulDeviceOperation,56,395584.0
1331200,,MatmulDeviceOperation,56,395500.0
1146880,,MatmulDeviceOperation,56,395496.0
1265664,,MatmulDeviceOperation,60,381920.0
1296384,,MatmulDeviceOperation,60,380698.0
2222080,1,MatmulDeviceOperation,60,380304.0
1945600,1,MatmulDeviceOperation,60,379969.0
804864,,MatmulDeviceOperation,60,379273.0
835584,,MatmulDeviceOperation,60,378995.0
1730560,1,MatmulDeviceOperation,60,378909.0
2375680,1,MatmulDeviceOperation,60,378853.0
1822720,1,MatmulDeviceOperation,60,378851.0
1357824,,MatmulDeviceOperation,60,378718.0
1449984,,MatmulDeviceOperation,60,378585.0
1572864,,MatmulDeviceOperation,60,378519.0
1669120,1,MatmulDeviceOperation,60,378359.0
1019904,,MatmulDeviceOperation,60,378183.0
1173504,,MatmulDeviceOperation,60,377971.0
2099200,1,MatmulDeviceOperation,60,377837.0
1542144,,MatmulDeviceOperation,60,377507.0
1142784,,MatmulDeviceOperation,60,377270.0
2498560,1,MatmulDeviceOperation,60,377250.0
1792000,1,MatmulDeviceOperation,60,377172.0
1480704,,MatmulDeviceOperation,60,377033.0
866304,,MatmulDeviceOperation,60,376977.0
1884160,1,MatmulDeviceOperation,60,376790.0
2467840,1,MatmulDeviceOperation,60,376580.0
1327104,,MatmulDeviceOperation,60,376555.0
1081344,,MatmulDeviceOperation,60,376548.0
2037760,1,MatmulDeviceOperation,60,376384.0
1511424,,MatmulDeviceOperation,60,376051.0
2283520,1,MatmulDeviceOperation,60,375952.0
1234944,,MatmulDeviceOperation,60,375828.0
1699840,1,MatmulDeviceOperation,60,375773.0
1853440,1,MatmulDeviceOperation,60,375773.0
1761280,1,MatmulDeviceOperation,60,375688.0
2437120,1,MatmulDeviceOperation,60,375687.0
774144,,MatmulDeviceOperation,60,375593.0
2406400,1,MatmulDeviceOperation,60,375521.0
1914880,1,MatmulDeviceOperation,60,375470.0
2469888,1,MatmulDeviceOperation,56,375240.0
2129920,1,MatmulDeviceOperation,60,375072.0
1419264,,MatmulDeviceOperation,60,374929.0
897024,,MatmulDeviceOperation,60,374808.0
2344960,1,MatmulDeviceOperation,60,374650.0
958464,,MatmulDeviceOperation,60,374496.0
2160640,1,MatmulDeviceOperation,60,374396.0
2314240,1,MatmulDeviceOperation,60,374382.0
927744,,MatmulDeviceOperation,60,374262.0
776192,,MatmulDeviceOperation,56,374259.0
2007040,1,MatmulDeviceOperation,60,374178.0
1947648,1,MatmulDeviceOperation,56,374083.0
1603584,,MatmulDeviceOperation,60,373963.0
1112064,,MatmulDeviceOperation,60,373939.0
1204224,,MatmulDeviceOperation,60,373877.0
989184,,MatmulDeviceOperation,60,373800.0
1513472,,MatmulDeviceOperation,56,373711.0
868352,,MatmulDeviceOperation,56,373680.0
2377728,1,MatmulDeviceOperation,56,373592.0
1701888,1,MatmulDeviceOperation,56,373566.0
1976320,1,MatmulDeviceOperation,60,373506.0
1050624,,MatmulDeviceOperation,60,373404.0
2500608,1,MatmulDeviceOperation,56,373390.0
929792,,MatmulDeviceOperation,56,373369.0
2070528,1,MatmulDeviceOperation,56,373312.0
1083392,,MatmulDeviceOperation,56,373213.0
2254848,1,MatmulDeviceOperation,56,373129.0
1236992,,MatmulDeviceOperation,56,373108.0
1388544,,MatmulDeviceOperation,60,373057.0
1329152,,MatmulDeviceOperation,56,372937.0
1267712,,MatmulDeviceOperation,56,372559.0
2224128,1,MatmulDeviceOperation,56,372456.0
2252800,1,MatmulDeviceOperation,60,372456.0
2408448,1,MatmulDeviceOperation,56,372413.0
1978368,1,MatmulDeviceOperation,56,372398.0
1482752,,MatmulDeviceOperation,56,372277.0
1544192,,MatmulDeviceOperation,56,372254.0
1671168,1,MatmulDeviceOperation,56,372195.0
658432,,ConcatDeviceOperation,64,372168.0
1574912,,MatmulDeviceOperation,56,372106.0
2439168,1,MatmulDeviceOperation,56,372106.0
1794048,1,MatmulDeviceOperation,56,372027.0
1763328,1,MatmulDeviceOperation,56,371967.0
2068480,1,MatmulDeviceOperation,60,371911.0
1144832,,MatmulDeviceOperation,56,371886.0
1390592,,MatmulDeviceOperation,56,371665.0
899072,,MatmulDeviceOperation,56,371640.0
1298432,,MatmulDeviceOperation,56,371623.0
960512,,MatmulDeviceOperation,56,371595.0
1855488,1,MatmulDeviceOperation,56,371468.0
2131968,1,MatmulDeviceOperation,56,371435.0
991232,,MatmulDeviceOperation,56,371237.0
1886208,1,MatmulDeviceOperation,56,371164.0
1206272,,MatmulDeviceOperation,56,371137.0
1916928,1,MatmulDeviceOperation,56,371009.0
1421312,,MatmulDeviceOperation,56,370880.0
1359872,,MatmulDeviceOperation,56,370839.0
837632,,MatmulDeviceOperation,56,370813.0
1452032,,MatmulDeviceOperation,56,370660.0
2009088,1,MatmulDeviceOperation,56,370652.0
2191360,1,MatmulDeviceOperation,60,370163.0
2039808,1,MatmulDeviceOperation,56,369901.0
1021952,,MatmulDeviceOperation,56,369896.0
2193408,1,MatmulDeviceOperation,56,369872.0
1605632,,MatmulDeviceOperation,56,369848.0
1114112,,MatmulDeviceOperation,56,369819.0
1732608,1,MatmulDeviceOperation,56,369496.0
2316288,1,MatmulDeviceOperation,56,369340.0
1052672,,MatmulDeviceOperation,56,369182.0
1175552,,MatmulDeviceOperation,56,368966.0
806912,,MatmulDeviceOperation,56,368539.0
1824768,1,MatmulDeviceOperation,56,368086.0
2101248,1,MatmulDeviceOperation,56,367316.0
2347008,1,MatmulDeviceOperation,56,367210.0
2162688,1,MatmulDeviceOperation,56,366987.0
2285568,1,MatmulDeviceOperation,56,366890.0
305152,,ConcatDeviceOperation,64,366516.0
205824,,ConcatDeviceOperation,64,363758.0
238592,,ConcatDeviceOperation,64,362071.0
680960,,ConcatDeviceOperation,64,362018.0
625664,,ConcatDeviceOperation,64,357985.0
409600,,ConcatDeviceOperation,64,357362.0
538624,,ConcatDeviceOperation,64,356364.0
325632,,ConcatDeviceOperation,64,355936.0
629760,,ConcatDeviceOperation,64,355457.0
570368,,ConcatDeviceOperation,64,355438.0
676864,,ConcatDeviceOperation,64,354568.0
450560,,ConcatDeviceOperation,64,353665.0
371712,,ConcatDeviceOperation,64,353252.0
351232,,ConcatDeviceOperation,64,352764.0
547840,,ConcatDeviceOperation,64,351816.0
375808,,ConcatDeviceOperation,64,351786.0
446464,,ConcatDeviceOperation,64,350543.0
413696,,ConcatDeviceOperation,64,349969.0
483328,,ConcatDeviceOperation,64,349913.0
633856,,ConcatDeviceOperation,64,349482.0
491520,,ConcatDeviceOperation,64,349276.0
576512,,ConcatDeviceOperation,64,349238.0
687104,,ConcatDeviceOperation,64,348945.0
542720,,ConcatDeviceOperation,64,348528.0
487424,,ConcatDeviceOperation,64,347817.0
271360,,ConcatDeviceOperation,64,338948.0
347136,,ConcatDeviceOperation,64,335497.0
628736,,SliceDeviceOperation,64,273749.0
546816,,SliceDeviceOperation,64,270226.0
449536,,SliceDeviceOperation,64,269995.0
657408,,SliceDeviceOperation,64,268341.0
304128,,SliceDeviceOperation,64,267504.0
679936,,SliceDeviceOperation,64,267125.0
537600,,SliceDeviceOperation,64,266003.0
374784,,SliceDeviceOperation,64,265462.0
686080,,SliceDeviceOperation,64,265199.0
486400,,SliceDeviceOperation,64,264637.0
624640,,SliceDeviceOperation,64,264544.0
575488,,SliceDeviceOperation,64,263659.0
569344,,SliceDeviceOperation,64,262966.0
204800,,SliceDeviceOperation,64,262385.0
412672,,SliceDeviceOperation,64,262334.0
346112,,SliceDeviceOperation,64,262286.0
675840,,SliceDeviceOperation,64,262076.0
408576,,SliceDeviceOperation,64,261547.0
541696,,SliceDeviceOperation,64,261361.0
324608,,SliceDeviceOperation,64,261116.0
237568,,SliceDeviceOperation,64,260918.0
370688,,SliceDeviceOperation,64,260612.0
270336,,SliceDeviceOperation,64,259284.0
445440,,SliceDeviceOperation,64,259239.0
482304,,SliceDeviceOperation,64,259045.0
632832,,SliceDeviceOperation,64,258079.0
490496,,SliceDeviceOperation,64,258076.0
350208,,SliceDeviceOperation,64,258048.0
367616,,InterleavedToShardedDeviceOperation,12,251336.0
564224,,InterleavedToShardedDeviceOperation,12,251151.0
636928,,InterleavedToShardedDeviceOperation,12,251079.0
543744,,InterleavedToShardedDeviceOperation,12,251025.0
638976,,InterleavedToShardedDeviceOperation,12,250831.0
326656,,InterleavedToShardedDeviceOperation,12,250677.0
343040,,InterleavedToShardedDeviceOperation,12,250508.0
366592,,InterleavedToShardedDeviceOperation,12,250389.0
306176,,InterleavedToShardedDeviceOperation,12,250382.0
301056,,InterleavedToShardedDeviceOperation,12,250378.0
634880,,InterleavedToShardedDeviceOperation,12,250222.0
621568,,InterleavedToShardedDeviceOperation,12,250188.0
565248,,InterleavedToShardedDeviceOperation,12,249900.0
637952,,InterleavedToShardedDeviceOperation,12,249739.0
327680,,InterleavedToShardedDeviceOperation,12,249591.0
640000,,InterleavedToShardedDeviceOperation,12,249327.0
548864,,InterleavedToShardedDeviceOperation,12,249320.0
635904,,InterleavedToShardedDeviceOperation,12,249231.0
577536,,InterleavedToShardedDeviceOperation,12,249223.0
683008,,InterleavedToShardedDeviceOperation,12,248898.0
566272,,InterleavedToShardedDeviceOperation,12,248871.0
681984,,InterleavedToShardedDeviceOperation,12,248691.0
571392,,InterleavedToShardedDeviceOperation,12,248329.0
405504,,InterleavedToShardedDeviceOperation,12,248302.0
321536,,InterleavedToShardedDeviceOperation,12,248221.0
716800,,InterleavedToShardedDeviceOperation,12,247934.0
572416,,InterleavedToShardedDeviceOperation,12,247356.0
717824,,InterleavedToShardedDeviceOperation,12,246353.0
2506752,1,UntilizeDeviceOperation,63,134846.0
1611776,,UntilizeDeviceOperation,63,134413.0
1620992,1,LayerNormDeviceOperation,1,130552.0
726016,,LayerNormDeviceOperation,1,130543.0
2321408,1,MatmulDeviceOperation,56,90864.0
2014208,1,MatmulDeviceOperation,56,90332.0
1891328,1,MatmulDeviceOperation,56,90319.0
1860608,1,MatmulDeviceOperation,56,90312.0
1027072,,MatmulDeviceOperation,56,90237.0
2044928,1,MatmulDeviceOperation,56,90217.0
2413568,1,MatmulDeviceOperation,56,90164.0
1057792,,MatmulDeviceOperation,56,89819.0
2290688,1,MatmulDeviceOperation,56,89671.0
2259968,1,MatmulDeviceOperation,56,89651.0
1922048,1,MatmulDeviceOperation,56,89644.0
2444288,1,MatmulDeviceOperation,56,89509.0
1426432,,MatmulDeviceOperation,56,89408.0
2229248,1,MatmulDeviceOperation,56,89386.0
842752,,MatmulDeviceOperation,56,89331.0
1737728,1,MatmulDeviceOperation,56,89305.0
1983488,1,MatmulDeviceOperation,56,89281.0
904192,,MatmulDeviceOperation,56,89228.0
1676288,1,MatmulDeviceOperation,56,89173.0
1829888,1,MatmulDeviceOperation,56,89010.0
2106368,1,MatmulDeviceOperation,56,88995.0
1272832,,MatmulDeviceOperation,56,88984.0
1768448,1,MatmulDeviceOperation,56,88927.0
1580032,,MatmulDeviceOperation,56,88912.0
727040,,MatmulDeviceOperation,48,88882.0
2198528,1,MatmulDeviceOperation,56,88810.0
1707008,1,MatmulDeviceOperation,56,88778.0
1088512,,MatmulDeviceOperation,56,88769.0
812032,,MatmulDeviceOperation,56,88765.0
1799168,1,MatmulDeviceOperation,56,88761.0
2137088,1,MatmulDeviceOperation,56,88711.0
1622016,1,MatmulDeviceOperation,48,88698.0
2475008,1,MatmulDeviceOperation,56,88689.0
1549312,,MatmulDeviceOperation,56,88632.0
2075648,1,MatmulDeviceOperation,56,88582.0
996352,,MatmulDeviceOperation,56,88381.0
2382848,1,MatmulDeviceOperation,56,88351.0
1518592,,MatmulDeviceOperation,56,88335.0
1395712,,MatmulDeviceOperation,56,88322.0
2352128,1,MatmulDeviceOperation,56,88255.0
1149952,,MatmulDeviceOperation,56,88216.0
934912,,MatmulDeviceOperation,56,88199.0
2167808,1,MatmulDeviceOperation,56,88171.0
1242112,,MatmulDeviceOperation,56,88127.0
1457152,,MatmulDeviceOperation,56,88051.0
1119232,,MatmulDeviceOperation,56,87960.0
965632,,MatmulDeviceOperation,56,87955.0
1303552,,MatmulDeviceOperation,56,87924.0
781312,,MatmulDeviceOperation,56,87915.0
873472,,MatmulDeviceOperation,56,87759.0
1334272,,MatmulDeviceOperation,56,87749.0
1487872,,MatmulDeviceOperation,56,87714.0
1364992,,MatmulDeviceOperation,56,87703.0
1952768,1,MatmulDeviceOperation,56,87470.0
1180672,,MatmulDeviceOperation,56,87312.0
1211392,,MatmulDeviceOperation,56,87282.0
923648,,MatmulDeviceOperation,64,67964.0
1910784,1,MatmulDeviceOperation,64,67878.0
1695744,1,MatmulDeviceOperation,64,67877.0
2402304,1,MatmulDeviceOperation,64,67770.0
1046528,,MatmulDeviceOperation,64,67721.0
2217984,1,MatmulDeviceOperation,64,67697.0
2125824,1,MatmulDeviceOperation,64,67647.0
1507328,,MatmulDeviceOperation,64,67568.0
2494464,1,MatmulDeviceOperation,64,67490.0
1323008,,MatmulDeviceOperation,64,67485.0
1538048,,MatmulDeviceOperation,64,67475.0
1200128,,MatmulDeviceOperation,64,67452.0
2371584,1,MatmulDeviceOperation,64,67433.0
2002944,1,MatmulDeviceOperation,64,67373.0
2433024,1,MatmulDeviceOperation,64,67295.0
892928,,MatmulDeviceOperation,64,67293.0
1818624,1,MatmulDeviceOperation,64,67279.0
2156544,1,MatmulDeviceOperation,64,67207.0
1941504,1,MatmulDeviceOperation,64,67187.0
1415168,,MatmulDeviceOperation,64,67169.0
2064384,1,MatmulDeviceOperation,64,67143.0
2033664,1,MatmulDeviceOperation,64,67137.0
2187264,1,MatmulDeviceOperation,64,67136.0
2248704,1,MatmulDeviceOperation,64,67106.0
1787904,1,MatmulDeviceOperation,64,67100.0
1972224,1,MatmulDeviceOperation,64,67064.0
1880064,1,MatmulDeviceOperation,64,67059.0
1077248,,MatmulDeviceOperation,64,67022.0
2310144,1,MatmulDeviceOperation,64,66905.0
862208,,MatmulDeviceOperation,64,66866.0
1445888,,MatmulDeviceOperation,64,66808.0
1568768,,MatmulDeviceOperation,64,66765.0
985088,,MatmulDeviceOperation,64,66726.0
1849344,1,MatmulDeviceOperation,64,66696.0
1757184,1,MatmulDeviceOperation,64,66644.0
1726464,1,MatmulDeviceOperation,64,66629.0
1261568,,MatmulDeviceOperation,64,66609.0
2340864,1,MatmulDeviceOperation,64,66605.0
1107968,,MatmulDeviceOperation,64,66599.0
954368,,MatmulDeviceOperation,64,66589.0
2279424,1,MatmulDeviceOperation,64,66540.0
831488,,MatmulDeviceOperation,64,66375.0
1665024,1,MatmulDeviceOperation,64,66375.0
1353728,,MatmulDeviceOperation,64,66317.0
1230848,,MatmulDeviceOperation,64,66311.0
770048,,MatmulDeviceOperation,64,66242.0
2095104,1,MatmulDeviceOperation,64,66227.0
800768,,MatmulDeviceOperation,64,66179.0
1476608,,MatmulDeviceOperation,64,66101.0
2463744,1,MatmulDeviceOperation,64,66055.0
1138688,,MatmulDeviceOperation,64,66044.0
1015808,,MatmulDeviceOperation,64,66043.0
1599488,,MatmulDeviceOperation,64,66035.0
1169408,,MatmulDeviceOperation,64,66027.0
1292288,,MatmulDeviceOperation,64,66013.0
1384448,,MatmulDeviceOperation,64,65965.0
622592,,SliceDeviceOperation,64,54117.0
443392,,SliceDeviceOperation,64,53907.0
544768,,SliceDeviceOperation,64,53006.0
302080,,SliceDeviceOperation,64,52978.0
535552,,SliceDeviceOperation,64,52873.0
202752,,SliceDeviceOperation,64,52849.0
410624,,SliceDeviceOperation,64,52600.0
573440,,SliceDeviceOperation,64,52559.0
630784,,SliceDeviceOperation,64,52533.0
447488,,SliceDeviceOperation,64,52408.0
368640,,SliceDeviceOperation,64,52337.0
484352,,SliceDeviceOperation,64,52213.0
567296,,SliceDeviceOperation,64,52187.0
684032,,SliceDeviceOperation,64,52144.0
655360,,SliceDeviceOperation,64,51938.0
372736,,SliceDeviceOperation,64,51713.0
344064,,SliceDeviceOperation,64,51647.0
539648,,SliceDeviceOperation,64,51609.0
268288,,SliceDeviceOperation,64,51553.0
235520,,SliceDeviceOperation,64,51343.0
673792,,SliceDeviceOperation,64,51337.0
677888,,SliceDeviceOperation,64,51220.0
51200,,TilizeDeviceOperation,64,51177.0
348160,,SliceDeviceOperation,64,50989.0
480256,,SliceDeviceOperation,64,50930.0
118784,,TilizeDeviceOperation,64,50919.0
626688,,SliceDeviceOperation,64,50834.0
574464,,SliceDeviceOperation,64,50831.0
100352,,TilizeDeviceOperation,64,50778.0
10240,,TilizeDeviceOperation,64,50501.0
4096,,TilizeDeviceOperation,64,50413.0
678912,,SliceDeviceOperation,64,50333.0
96256,,TilizeDeviceOperation,64,50305.0
16384,,TilizeDeviceOperation,64,50271.0
488448,,SliceDeviceOperation,64,50261.0
38912,,TilizeDeviceOperation,64,49810.0
322560,,SliceDeviceOperation,64,49794.0
485376,,SliceDeviceOperation,64,49787.0
83968,,TilizeDeviceOperation,64,49577.0
406528,,SliceDeviceOperation,64,49556.0
2048,,TilizeDeviceOperation,64,49545.0
303104,,SliceDeviceOperation,64,49533.0
448512,,SliceDeviceOperation,64,49526.0
373760,,SliceDeviceOperation,64,49479.0
568320,,SliceDeviceOperation,64,49316.0
540672,,SliceDeviceOperation,64,49311.0
489472,,SliceDeviceOperation,64,49220.0
90112,,TilizeDeviceOperation,64,49177.0
203776,,SliceDeviceOperation,64,49163.0
20480,,TilizeDeviceOperation,64,49118.0
137216,,TilizeDeviceOperation,64,49101.0
631808,,SliceDeviceOperation,64,49098.0
26624,,TilizeDeviceOperation,64,49047.0
102400,,TilizeDeviceOperation,64,48932.0
149504,,TilizeDeviceOperation,64,48889.0
151552,,TilizeDeviceOperation,64,48875.0
77824,,TilizeDeviceOperation,64,48871.0
481280,,SliceDeviceOperation,64,48860.0
143360,,TilizeDeviceOperation,64,48840.0
269312,,SliceDeviceOperation,64,48827.0
411648,,SliceDeviceOperation,64,48755.0
345088,,SliceDeviceOperation,64,48716.0
545792,,SliceDeviceOperation,64,48699.0
656384,,SliceDeviceOperation,64,48633.0
536576,,SliceDeviceOperation,64,48596.0
94208,,TilizeDeviceOperation,64,48569.0
114688,,TilizeDeviceOperation,64,48548.0
674816,,SliceDeviceOperation,64,48533.0
81920,,TilizeDeviceOperation,64,48527.0
236544,,SliceDeviceOperation,64,48509.0
407552,,SliceDeviceOperation,64,48490.0
88064,,TilizeDeviceOperation,64,48460.0
369664,,SliceDeviceOperation,64,48448.0
623616,,SliceDeviceOperation,64,48406.0
47104,,TilizeDeviceOperation,64,48404.0
155648,,TilizeDeviceOperation,64,48396.0
22528,,TilizeDeviceOperation,64,48335.0
63488,,TilizeDeviceOperation,64,48312.0
133120,,TilizeDeviceOperation,64,48297.0
349184,,SliceDeviceOperation,64,48263.0
32768,,TilizeDeviceOperation,64,48187.0
120832,,TilizeDeviceOperation,64,48153.0
627712,,SliceDeviceOperation,64,48112.0
169984,,TilizeDeviceOperation,64,48032.0
71680,,TilizeDeviceOperation,64,48028.0
40960,,TilizeDeviceOperation,64,47998.0
112640,,TilizeDeviceOperation,64,47991.0
685056,,SliceDeviceOperation,64,47974.0
323584,,SliceDeviceOperation,64,47950.0
161792,,TilizeDeviceOperation,64,47919.0
145408,,TilizeDeviceOperation,64,47815.0
126976,,TilizeDeviceOperation,64,47808.0
444416,,SliceDeviceOperation,64,47789.0
108544,,TilizeDeviceOperation,64,47669.0
106496,,TilizeDeviceOperation,64,47667.0
75776,,TilizeDeviceOperation,64,47633.0
157696,,TilizeDeviceOperation,64,47561.0
65536,,TilizeDeviceOperation,64,47484.0
45056,,TilizeDeviceOperation,64,47431.0
139264,,TilizeDeviceOperation,64,47423.0
57344,,TilizeDeviceOperation,64,47416.0
1653760,1,SdpaDecodeDeviceOperation,64,47373.0
163840,,TilizeDeviceOperation,64,47289.0
167936,,TilizeDeviceOperation,64,47139.0
59392,,TilizeDeviceOperation,64,47033.0
69632,,TilizeDeviceOperation,64,46981.0
34816,,TilizeDeviceOperation,64,46962.0
28672,,TilizeDeviceOperation,64,46899.0
131072,,TilizeDeviceOperation,64,46869.0
124928,,TilizeDeviceOperation,64,46838.0
53248,,TilizeDeviceOperation,64,46774.0
2424832,1,SdpaDecodeDeviceOperation,64,46747.0
8192,,TilizeDeviceOperation,64,46659.0
14336,,TilizeDeviceOperation,64,46485.0
1499136,,SdpaDecodeDeviceOperation,64,46278.0
2240512,1,SdpaDecodeDeviceOperation,64,46151.0
1191936,,SdpaDecodeDeviceOperation,64,46150.0
1933312,1,SdpaDecodeDeviceOperation,64,46055.0
1779712,1,SdpaDecodeDeviceOperation,64,46021.0
1687552,1,SdpaDecodeDeviceOperation,64,46010.0
1810432,1,SdpaDecodeDeviceOperation,64,45976.0
2271232,1,SdpaDecodeDeviceOperation,64,45916.0
1284096,,SdpaDecodeDeviceOperation,64,45893.0
2117632,1,SdpaDecodeDeviceOperation,64,45664.0
1902592,1,SdpaDecodeDeviceOperation,64,45579.0
2394112,1,SdpaDecodeDeviceOperation,64,45571.0
2179072,1,SdpaDecodeDeviceOperation,64,45552.0
1406976,,SdpaDecodeDeviceOperation,64,45508.0
1038336,,SdpaDecodeDeviceOperation,64,45507.0
2025472,1,SdpaDecodeDeviceOperation,64,45502.0
2301952,1,SdpaDecodeDeviceOperation,64,45451.0
1994752,1,SdpaDecodeDeviceOperation,64,45445.0
1130496,,SdpaDecodeDeviceOperation,64,45439.0
2363392,1,SdpaDecodeDeviceOperation,64,45400.0
1437696,,SdpaDecodeDeviceOperation,64,45380.0
1560576,,SdpaDecodeDeviceOperation,64,45364.0
1964032,1,SdpaDecodeDeviceOperation,64,45353.0
2209792,1,SdpaDecodeDeviceOperation,64,45344.0
1871872,1,SdpaDecodeDeviceOperation,64,45296.0
1222656,,SdpaDecodeDeviceOperation,64,45278.0
2332672,1,SdpaDecodeDeviceOperation,64,45251.0
2455552,1,SdpaDecodeDeviceOperation,64,45224.0
2056192,1,SdpaDecodeDeviceOperation,64,45199.0
1253376,,SdpaDecodeDeviceOperation,64,45086.0
2086912,1,SdpaDecodeDeviceOperation,64,45058.0
823296,,SdpaDecodeDeviceOperation,64,45033.0
1314816,,SdpaDecodeDeviceOperation,64,45028.0
976896,,SdpaDecodeDeviceOperation,64,45022.0
1468416,,SdpaDecodeDeviceOperation,64,45015.0
1748992,1,SdpaDecodeDeviceOperation,64,45007.0
1099776,,SdpaDecodeDeviceOperation,64,44980.0
2148352,1,SdpaDecodeDeviceOperation,64,44924.0
1161216,,SdpaDecodeDeviceOperation,64,44868.0
1345536,,SdpaDecodeDeviceOperation,64,44794.0
1529856,,SdpaDecodeDeviceOperation,64,44788.0
1591296,,SdpaDecodeDeviceOperation,64,44772.0
1069056,,SdpaDecodeDeviceOperation,64,44766.0
609280,,TilizeWithValPaddingDeviceOperation,1,44733.0
176128,,TilizeWithValPaddingDeviceOperation,1,44700.0
312320,,TilizeWithValPaddingDeviceOperation,1,44649.0
915456,,SdpaDecodeDeviceOperation,64,44633.0
1718272,1,SdpaDecodeDeviceOperation,64,44627.0
2486272,1,SdpaDecodeDeviceOperation,64,44625.0
208896,,TilizeWithValPaddingDeviceOperation,1,44603.0
274432,,TilizeWithValPaddingDeviceOperation,1,44600.0
330752,,TilizeWithValPaddingDeviceOperation,1,44595.0
190464,,TilizeWithValPaddingDeviceOperation,1,44592.0
241664,,TilizeWithValPaddingDeviceOperation,1,44587.0
179200,,TilizeWithValPaddingDeviceOperation,1,44586.0
226304,,TilizeWithValPaddingDeviceOperation,1,44585.0
758784,,SdpaDecodeDeviceOperation,64,44584.0
664576,,TilizeWithValPaddingDeviceOperation,1,44577.0
1841152,1,SdpaDecodeDeviceOperation,64,44571.0
288768,,TilizeWithValPaddingDeviceOperation,1,44570.0
690176,,TilizeWithValPaddingDeviceOperation,1,44570.0
456704,,TilizeWithValPaddingDeviceOperation,1,44569.0
707584,,TilizeWithValPaddingDeviceOperation,1,44564.0
378880,,TilizeWithValPaddingDeviceOperation,1,44559.0
419840,,TilizeWithValPaddingDeviceOperation,1,44557.0
661504,,TilizeWithValPaddingDeviceOperation,1,44551.0
453632,,TilizeWithValPaddingDeviceOperation,1,44549.0
211968,,TilizeWithValPaddingDeviceOperation,1,44547.0
309248,,TilizeWithValPaddingDeviceOperation,1,44546.0
555008,,TilizeWithValPaddingDeviceOperation,1,44546.0
583680,,TilizeWithValPaddingDeviceOperation,1,44545.0
704512,,TilizeWithValPaddingDeviceOperation,1,44545.0
512000,,TilizeWithValPaddingDeviceOperation,1,44544.0
357376,,TilizeWithValPaddingDeviceOperation,1,44542.0
277504,,TilizeWithValPaddingDeviceOperation,1,44541.0
612352,,TilizeWithValPaddingDeviceOperation,1,44541.0
884736,,SdpaDecodeDeviceOperation,64,44541.0
594944,,TilizeWithValPaddingDeviceOperation,1,44536.0
693248,,TilizeWithValPaddingDeviceOperation,1,44536.0
580608,,TilizeWithValPaddingDeviceOperation,1,44535.0
333824,,TilizeWithValPaddingDeviceOperation,1,44533.0
393216,,TilizeWithValPaddingDeviceOperation,1,44531.0
416768,,TilizeWithValPaddingDeviceOperation,1,44530.0
434176,,TilizeWithValPaddingDeviceOperation,1,44525.0
244736,,TilizeWithValPaddingDeviceOperation,1,44523.0
646144,,TilizeWithValPaddingDeviceOperation,1,44518.0
396288,,TilizeWithValPaddingDeviceOperation,1,44516.0
497664,,TilizeWithValPaddingDeviceOperation,1,44515.0
598016,,TilizeWithValPaddingDeviceOperation,1,44513.0
431104,,TilizeWithValPaddingDeviceOperation,1,44511.0
256000,,TilizeWithValPaddingDeviceOperation,1,44510.0
551936,,TilizeWithValPaddingDeviceOperation,1,44505.0
354304,,TilizeWithValPaddingDeviceOperation,1,44497.0
523264,,TilizeWithValPaddingDeviceOperation,1,44488.0
508928,,TilizeWithValPaddingDeviceOperation,1,44485.0
223232,,TilizeWithValPaddingDeviceOperation,1,44481.0
494592,,TilizeWithValPaddingDeviceOperation,1,44480.0
471040,,TilizeWithValPaddingDeviceOperation,1,44476.0
526336,,TilizeWithValPaddingDeviceOperation,1,44476.0
259072,,TilizeWithValPaddingDeviceOperation,1,44473.0
467968,,TilizeWithValPaddingDeviceOperation,1,44469.0
291840,,TilizeWithValPaddingDeviceOperation,1,44462.0
643072,,TilizeWithValPaddingDeviceOperation,1,44459.0
1007616,,SdpaDecodeDeviceOperation,64,44459.0
381952,,TilizeWithValPaddingDeviceOperation,1,44438.0
193536,,TilizeWithValPaddingDeviceOperation,1,44415.0
854016,,SdpaDecodeDeviceOperation,64,44358.0
946176,,SdpaDecodeDeviceOperation,64,44297.0
792576,,SdpaDecodeDeviceOperation,64,44236.0
1376256,,SdpaDecodeDeviceOperation,64,43974.0
128000,,TypecastDeviceOperation,64,37668.0
150528,,TypecastDeviceOperation,64,37150.0
162816,,TypecastDeviceOperation,64,36933.0
109568,,TypecastDeviceOperation,64,36930.0
21504,,TypecastDeviceOperation,64,36726.0
76800,,TypecastDeviceOperation,64,36624.0
84992,,TypecastDeviceOperation,64,36505.0
91136,,TypecastDeviceOperation,64,36502.0
156672,,TypecastDeviceOperation,64,36413.0
3072,,TypecastDeviceOperation,64,36393.0
66560,,TypecastDeviceOperation,64,36357.0
103424,,TypecastDeviceOperation,64,36340.0
140288,,TypecastDeviceOperation,64,36315.0
23552,,TypecastDeviceOperation,64,36228.0
89088,,TypecastDeviceOperation,64,36181.0
152576,,TypecastDeviceOperation,64,36127.0
9216,,TypecastDeviceOperation,64,36012.0
171008,,TypecastDeviceOperation,64,36012.0
78848,,TypecastDeviceOperation,64,35936.0
29696,,TypecastDeviceOperation,64,35914.0
5120,,TypecastDeviceOperation,64,35913.0
144384,,TypecastDeviceOperation,64,35887.0
119808,,TypecastDeviceOperation,64,35882.0
158720,,TypecastDeviceOperation,64,35806.0
101376,,TypecastDeviceOperation,64,35779.0
95232,,TypecastDeviceOperation,64,35771.0
60416,,TypecastDeviceOperation,64,35762.0
39936,,TypecastDeviceOperation,64,35741.0
134144,,TypecastDeviceOperation,64,35688.0
1619968,1,EmbeddingsDeviceOperation,1,35682.0
72704,,TypecastDeviceOperation,64,35610.0
107520,,TypecastDeviceOperation,64,35583.0
121856,,TypecastDeviceOperation,64,35549.0
48128,,TypecastDeviceOperation,64,35545.0
52224,,TypecastDeviceOperation,64,35488.0
11264,,TypecastDeviceOperation,64,35468.0
115712,,TypecastDeviceOperation,64,35437.0
64512,,TypecastDeviceOperation,64,35413.0
164864,,TypecastDeviceOperation,64,35413.0
35840,,TypecastDeviceOperation,64,35387.0
27648,,TypecastDeviceOperation,64,35382.0
113664,,TypecastDeviceOperation,64,35336.0
41984,,TypecastDeviceOperation,64,35322.0
33792,,TypecastDeviceOperation,64,35320.0
54272,,TypecastDeviceOperation,64,35308.0
97280,,TypecastDeviceOperation,64,35301.0
168960,,TypecastDeviceOperation,64,35295.0
17408,,TypecastDeviceOperation,64,35292.0
146432,,TypecastDeviceOperation,64,35288.0
70656,,TypecastDeviceOperation,64,35230.0
58368,,TypecastDeviceOperation,64,35217.0
46080,,TypecastDeviceOperation,64,35114.0
724992,,EmbeddingsDeviceOperation,1,35102.0
82944,,TypecastDeviceOperation,64,35098.0
138240,,TypecastDeviceOperation,64,35035.0
125952,,TypecastDeviceOperation,64,34955.0
15360,,TypecastDeviceOperation,64,34856.0
132096,,TypecastDeviceOperation,64,34499.0
2027520,1,TernaryDeviceOperation,64,27230.0
978944,,TernaryDeviceOperation,64,26838.0
1193984,,TernaryDeviceOperation,64,26782.0
886784,,TernaryDeviceOperation,64,26765.0
1163264,,TernaryDeviceOperation,64,26712.0
1132544,,TernaryDeviceOperation,64,26706.0
1470464,,TernaryDeviceOperation,64,26693.0
1409024,,TernaryDeviceOperation,64,26653.0
2088960,1,TernaryDeviceOperation,64,26620.0
1593344,,TernaryDeviceOperation,64,26605.0
1255424,,TernaryDeviceOperation,64,26595.0
1224704,,TernaryDeviceOperation,64,26591.0
1378304,,TernaryDeviceOperation,64,26579.0
1071104,,TernaryDeviceOperation,64,26559.0
2426880,1,TernaryDeviceOperation,64,26557.0
1501184,,TernaryDeviceOperation,64,26465.0
825344,,TernaryDeviceOperation,64,26463.0
794624,,TernaryDeviceOperation,64,26410.0
856064,,TernaryDeviceOperation,64,26402.0
1531904,,TernaryDeviceOperation,64,26401.0
1316864,,TernaryDeviceOperation,64,26398.0
763904,,TernaryDeviceOperation,64,26391.0
1347584,,TernaryDeviceOperation,64,26360.0
1904640,1,TernaryDeviceOperation,64,26350.0
1040384,,TernaryDeviceOperation,64,26284.0
2488320,1,TernaryDeviceOperation,64,26271.0
1101824,,TernaryDeviceOperation,64,26270.0
948224,,TernaryDeviceOperation,64,26257.0
1286144,,TernaryDeviceOperation,64,26218.0
917504,,TernaryDeviceOperation,64,26214.0
1439744,,TernaryDeviceOperation,64,26193.0
1562624,,TernaryDeviceOperation,64,26161.0
1689600,1,TernaryDeviceOperation,64,26101.0
1009664,,TernaryDeviceOperation,64,26093.0
1812480,1,TernaryDeviceOperation,64,26040.0
2304000,1,TernaryDeviceOperation,64,25893.0
1935360,1,TernaryDeviceOperation,64,25876.0
2119680,1,TernaryDeviceOperation,64,25820.0
2334720,1,TernaryDeviceOperation,64,25818.0
1873920,1,TernaryDeviceOperation,64,25801.0
1720320,1,TernaryDeviceOperation,64,25755.0
2181120,1,TernaryDeviceOperation,64,25750.0
2365440,1,TernaryDeviceOperation,64,25741.0
1843200,1,TernaryDeviceOperation,64,25704.0
1781760,1,TernaryDeviceOperation,64,25642.0
2396160,1,TernaryDeviceOperation,64,25618.0
2273280,1,TernaryDeviceOperation,64,25597.0
2058240,1,TernaryDeviceOperation,64,25556.0
2211840,1,TernaryDeviceOperation,64,25525.0
2457600,1,TernaryDeviceOperation,64,25516.0
2150400,1,TernaryDeviceOperation,64,25478.0
2242560,1,TernaryDeviceOperation,64,25465.0
1658880,1,TernaryDeviceOperation,64,25413.0
1996800,1,TernaryDeviceOperation,64,25317.0
1966080,1,TernaryDeviceOperation,64,25283.0
1641472,1,TernaryDeviceOperation,64,25210.0
1751040,1,TernaryDeviceOperation,64,25111.0
746496,,TernaryDeviceOperation,64,24882.0
1979392,1,BinaryNgDeviceOperation,64,22662.0
2163712,1,BinaryNgDeviceOperation,64,22632.0
2470912,1,BinaryNgDeviceOperation,64,22534.0
807936,,BinaryNgDeviceOperation,64,22211.0
1795072,1,BinaryNgDeviceOperation,64,22193.0
2378752,1,BinaryNgDeviceOperation,64,22113.0
1453056,,BinaryNgDeviceOperation,64,22066.0
1672192,1,BinaryNgDeviceOperation,64,22012.0
2102272,1,BinaryNgDeviceOperation,64,21959.0
1022976,,BinaryNgDeviceOperation,64,21947.0
1360896,,BinaryNgDeviceOperation,64,21844.0
961536,,BinaryNgDeviceOperation,64,21841.0
1422336,,BinaryNgDeviceOperation,64,21826.0
1207296,,BinaryNgDeviceOperation,64,21820.0
1145856,,BinaryNgDeviceOperation,64,21812.0
2348032,1,BinaryNgDeviceOperation,64,21778.0
1299456,,BinaryNgDeviceOperation,64,21773.0
869376,,BinaryNgDeviceOperation,64,21771.0
992256,,BinaryNgDeviceOperation,64,21751.0
1238016,,BinaryNgDeviceOperation,64,21719.0
2501632,1,BinaryNgDeviceOperation,64,21707.0
930816,,BinaryNgDeviceOperation,64,21662.0
2286592,1,BinaryNgDeviceOperation,64,21607.0
1856512,1,BinaryNgDeviceOperation,64,21598.0
1887232,1,BinaryNgDeviceOperation,64,21563.0
2409472,1,BinaryNgDeviceOperation,64,21545.0
1733632,1,BinaryNgDeviceOperation,64,21520.0
2255872,1,BinaryNgDeviceOperation,64,21520.0
900096,,BinaryNgDeviceOperation,64,21517.0
1514496,,BinaryNgDeviceOperation,64,21517.0
838656,,BinaryNgDeviceOperation,64,21511.0
1545216,,BinaryNgDeviceOperation,64,21500.0
2440192,1,BinaryNgDeviceOperation,64,21496.0
1268736,,BinaryNgDeviceOperation,64,21495.0
1176576,,BinaryNgDeviceOperation,64,21429.0
2071552,1,BinaryNgDeviceOperation,64,21418.0
1702912,1,BinaryNgDeviceOperation,64,21399.0
1330176,,BinaryNgDeviceOperation,64,21379.0
2132992,1,BinaryNgDeviceOperation,64,21374.0
1115136,,BinaryNgDeviceOperation,64,21364.0
1606656,,BinaryNgDeviceOperation,64,21360.0
1575936,,BinaryNgDeviceOperation,64,21330.0
1917952,1,BinaryNgDeviceOperation,64,21319.0
777216,,BinaryNgDeviceOperation,64,21297.0
1825792,1,BinaryNgDeviceOperation,64,21292.0
1391616,,BinaryNgDeviceOperation,64,21286.0
2040832,1,BinaryNgDeviceOperation,64,21276.0
1483776,,BinaryNgDeviceOperation,64,21257.0
2225152,1,BinaryNgDeviceOperation,64,21247.0
1948672,1,BinaryNgDeviceOperation,64,21215.0
2317312,1,BinaryNgDeviceOperation,64,21193.0
1053696,,BinaryNgDeviceOperation,64,21181.0
1084416,,BinaryNgDeviceOperation,64,21127.0
2010112,1,BinaryNgDeviceOperation,64,21116.0
1764352,1,BinaryNgDeviceOperation,64,21075.0
2194432,1,BinaryNgDeviceOperation,64,21050.0
1923072,1,NLPCreateQKVHeadsDecodeDeviceOperation,32,20307.0
1623040,1,NLPCreateQKVHeadsDecodeDeviceOperation,32,20259.0
1800192,1,NLPCreateQKVHeadsDecodeDeviceOperation,32,19767.0
874496,,NLPCreateQKVHeadsDecodeDeviceOperation,32,19704.0
966656,,NLPCreateQKVHeadsDecodeDeviceOperation,32,19693.0
1243136,,NLPCreateQKVHeadsDecodeDeviceOperation,32,19654.0
2107392,1,NLPCreateQKVHeadsDecodeDeviceOperation,32,19646.0
1519616,,NLPCreateQKVHeadsDecodeDeviceOperation,32,19637.0
1427456,,NLPCreateQKVHeadsDecodeDeviceOperation,32,19581.0
1830912,1,NLPCreateQKVHeadsDecodeDeviceOperation,32,19557.0
1304576,,NLPCreateQKVHeadsDecodeDeviceOperation,32,19549.0
935936,,NLPCreateQKVHeadsDecodeDeviceOperation,32,19543.0
1984512,1,NLPCreateQKVHeadsDecodeDeviceOperation,32,19541.0
2015232,1,NLPCreateQKVHeadsDecodeDeviceOperation,32,19540.0
997376,,NLPCreateQKVHeadsDecodeDeviceOperation,32,19537.0
2414592,1,NLPCreateQKVHeadsDecodeDeviceOperation,32,19532.0
1892352,1,NLPCreateQKVHeadsDecodeDeviceOperation,32,19504.0
2138112,1,NLPCreateQKVHeadsDecodeDeviceOperation,32,19495.0
2291712,1,NLPCreateQKVHeadsDecodeDeviceOperation,32,19495.0
2045952,1,NLPCreateQKVHeadsDecodeDeviceOperation,32,19494.0
1089536,,NLPCreateQKVHeadsDecodeDeviceOperation,32,19493.0
813056,,NLPCreateQKVHeadsDecodeDeviceOperation,32,19482.0
1150976,,NLPCreateQKVHeadsDecodeDeviceOperation,32,19464.0
1396736,,NLPCreateQKVHeadsDecodeDeviceOperation,32,19455.0
843776,,NLPCreateQKVHeadsDecodeDeviceOperation,32,19447.0
905216,,NLPCreateQKVHeadsDecodeDeviceOperation,32,19441.0
1335296,,NLPCreateQKVHeadsDecodeDeviceOperation,32,19438.0
2353152,1,NLPCreateQKVHeadsDecodeDeviceOperation,32,19433.0
1458176,,NLPCreateQKVHeadsDecodeDeviceOperation,32,19414.0
1212416,,NLPCreateQKVHeadsDecodeDeviceOperation,32,19412.0
1273856,,NLPCreateQKVHeadsDecodeDeviceOperation,32,19403.0
1581056,,NLPCreateQKVHeadsDecodeDeviceOperation,32,19388.0
1120256,,NLPCreateQKVHeadsDecodeDeviceOperation,32,19382.0
1738752,1,NLPCreateQKVHeadsDecodeDeviceOperation,32,19379.0
782336,,NLPCreateQKVHeadsDecodeDeviceOperation,32,19368.0
2260992,1,NLPCreateQKVHeadsDecodeDeviceOperation,32,19367.0
1488896,,NLPCreateQKVHeadsDecodeDeviceOperation,32,19362.0
1058816,,NLPCreateQKVHeadsDecodeDeviceOperation,32,19360.0
1181696,,NLPCreateQKVHeadsDecodeDeviceOperation,32,19354.0
1028096,,NLPCreateQKVHeadsDecodeDeviceOperation,32,19349.0
2199552,1,NLPCreateQKVHeadsDecodeDeviceOperation,32,19346.0
1550336,,NLPCreateQKVHeadsDecodeDeviceOperation,32,19345.0
1708032,1,NLPCreateQKVHeadsDecodeDeviceOperation,32,19343.0
1366016,,NLPCreateQKVHeadsDecodeDeviceOperation,32,19326.0
2076672,1,NLPCreateQKVHeadsDecodeDeviceOperation,32,19326.0
1861632,1,NLPCreateQKVHeadsDecodeDeviceOperation,32,19319.0
2476032,1,NLPCreateQKVHeadsDecodeDeviceOperation,32,19316.0
1235968,,UnaryDeviceOperation,64,19312.0
728064,,NLPCreateQKVHeadsDecodeDeviceOperation,32,19302.0
2322432,1,NLPCreateQKVHeadsDecodeDeviceOperation,32,19298.0
1953792,1,NLPCreateQKVHeadsDecodeDeviceOperation,32,19297.0
1769472,1,NLPCreateQKVHeadsDecodeDeviceOperation,32,19287.0
2445312,1,NLPCreateQKVHeadsDecodeDeviceOperation,32,19238.0
1677312,1,NLPCreateQKVHeadsDecodeDeviceOperation,32,19235.0
2383872,1,NLPCreateQKVHeadsDecodeDeviceOperation,32,19214.0
2168832,1,NLPCreateQKVHeadsDecodeDeviceOperation,32,19188.0
2230272,1,NLPCreateQKVHeadsDecodeDeviceOperation,32,19182.0
928768,,UnaryDeviceOperation,64,19117.0
1604608,,UnaryDeviceOperation,64,19110.0
775168,,UnaryDeviceOperation,64,19061.0
2069504,1,UnaryDeviceOperation,64,18957.0
1885184,1,UnaryDeviceOperation,64,18818.0
2345984,1,UnaryDeviceOperation,64,18813.0
1573888,,UnaryDeviceOperation,64,18801.0
1328128,,UnaryDeviceOperation,64,18750.0
1793024,1,UnaryDeviceOperation,64,18750.0
1670144,1,UnaryDeviceOperation,64,18744.0
2407424,1,UnaryDeviceOperation,64,18701.0
1731584,1,UnaryDeviceOperation,64,18697.0
1977344,1,UnaryDeviceOperation,64,18680.0
2223104,1,UnaryDeviceOperation,64,18658.0
867328,,UnaryDeviceOperation,64,18652.0
1512448,,UnaryDeviceOperation,64,18576.0
1389568,,UnaryDeviceOperation,64,18568.0
2100224,1,UnaryDeviceOperation,64,18553.0
1420288,,UnaryDeviceOperation,64,18551.0
2038784,1,UnaryDeviceOperation,64,18550.0
1174528,,UnaryDeviceOperation,64,18549.0
1700864,1,UnaryDeviceOperation,64,18548.0
1762304,1,UnaryDeviceOperation,64,18526.0
1451008,,UnaryDeviceOperation,64,18512.0
2438144,1,UnaryDeviceOperation,64,18500.0
959488,,UnaryDeviceOperation,64,18476.0
1854464,1,UnaryDeviceOperation,64,18449.0
805888,,UnaryDeviceOperation,64,18446.0
1051648,,UnaryDeviceOperation,64,18438.0
2008064,1,UnaryDeviceOperation,64,18415.0
2161664,1,UnaryDeviceOperation,64,18413.0
2284544,1,UnaryDeviceOperation,64,18397.0
1205248,,UnaryDeviceOperation,64,18387.0
1020928,,UnaryDeviceOperation,64,18382.0
2376704,1,UnaryDeviceOperation,64,18360.0
1946624,1,UnaryDeviceOperation,64,18352.0
836608,,UnaryDeviceOperation,64,18351.0
1297408,,UnaryDeviceOperation,64,18334.0
1481728,,UnaryDeviceOperation,64,18277.0
1823744,1,UnaryDeviceOperation,64,18273.0
1143808,,UnaryDeviceOperation,64,18270.0
2468864,1,UnaryDeviceOperation,64,18259.0
1266688,,UnaryDeviceOperation,64,18258.0
1915904,1,UnaryDeviceOperation,64,18178.0
1113088,,UnaryDeviceOperation,64,18160.0
1543168,,UnaryDeviceOperation,64,18147.0
2315264,1,UnaryDeviceOperation,64,18144.0
2499584,1,UnaryDeviceOperation,64,18131.0
1082368,,UnaryDeviceOperation,64,18114.0
990208,,UnaryDeviceOperation,64,18075.0
898048,,UnaryDeviceOperation,64,18053.0
2130944,1,UnaryDeviceOperation,64,18028.0
2192384,1,UnaryDeviceOperation,64,17991.0
2253824,1,UnaryDeviceOperation,64,17986.0
1358848,,UnaryDeviceOperation,64,17814.0
723968,,ReshapeViewDeviceOperation,64,16773.0
1618944,1,ReshapeViewDeviceOperation,64,16494.0
1496064,,RotaryEmbeddingDeviceOperation,32,15607.0
1153024,,RotaryEmbeddingDeviceOperation,32,15605.0
740352,,RotaryEmbeddingDeviceOperation,32,15486.0
1490944,,RotaryEmbeddingDeviceOperation,32,15483.0
1065984,,RotaryEmbeddingDeviceOperation,32,15466.0
973824,,RotaryEmbeddingDeviceOperation,32,15441.0
907264,,RotaryEmbeddingDeviceOperation,32,15433.0
1035264,,RotaryEmbeddingDeviceOperation,32,15422.0
1373184,,RotaryEmbeddingDeviceOperation,32,15421.0
1214464,,RotaryEmbeddingDeviceOperation,32,15415.0
1281024,,RotaryEmbeddingDeviceOperation,32,15409.0
968704,,RotaryEmbeddingDeviceOperation,32,15382.0
1245184,,RotaryEmbeddingDeviceOperation,32,15382.0
881664,,RotaryEmbeddingDeviceOperation,32,15373.0
1060864,,RotaryEmbeddingDeviceOperation,32,15369.0
1275904,,RotaryEmbeddingDeviceOperation,32,15369.0
784384,,RotaryEmbeddingDeviceOperation,32,15329.0
1183744,,RotaryEmbeddingDeviceOperation,32,15309.0
1403904,,RotaryEmbeddingDeviceOperation,32,15293.0
1368064,,RotaryEmbeddingDeviceOperation,32,15290.0
752640,,RotaryEmbeddingDeviceOperation,32,15285.0
1306624,,RotaryEmbeddingDeviceOperation,32,15245.0
815104,,RotaryEmbeddingDeviceOperation,32,15237.0
1398784,,RotaryEmbeddingDeviceOperation,32,15223.0
1122304,,RotaryEmbeddingDeviceOperation,32,15214.0
876544,,RotaryEmbeddingDeviceOperation,32,15191.0
1434624,,RotaryEmbeddingDeviceOperation,32,15177.0
1557504,,RotaryEmbeddingDeviceOperation,32,15173.0
1158144,,RotaryEmbeddingDeviceOperation,32,15171.0
1526784,,RotaryEmbeddingDeviceOperation,32,15163.0
937984,,RotaryEmbeddingDeviceOperation,32,15132.0
1465344,,RotaryEmbeddingDeviceOperation,32,15104.0
820224,,RotaryEmbeddingDeviceOperation,32,15101.0
1552384,,RotaryEmbeddingDeviceOperation,32,15101.0
1250304,,RotaryEmbeddingDeviceOperation,32,15097.0
1521664,,RotaryEmbeddingDeviceOperation,32,15092.0
1583104,,RotaryEmbeddingDeviceOperation,32,15083.0
1429504,,RotaryEmbeddingDeviceOperation,32,15035.0
912384,,RotaryEmbeddingDeviceOperation,32,15032.0
1588224,,RotaryEmbeddingDeviceOperation,32,15030.0
1030144,,RotaryEmbeddingDeviceOperation,32,15022.0
1460224,,RotaryEmbeddingDeviceOperation,32,15020.0
1337344,,RotaryEmbeddingDeviceOperation,32,15016.0
1342464,,RotaryEmbeddingDeviceOperation,32,15002.0
1219584,,RotaryEmbeddingDeviceOperation,32,14994.0
1188864,,RotaryEmbeddingDeviceOperation,32,14990.0
1311744,,RotaryEmbeddingDeviceOperation,32,14979.0
1127424,,RotaryEmbeddingDeviceOperation,32,14958.0
943104,,RotaryEmbeddingDeviceOperation,32,14941.0
789504,,RotaryEmbeddingDeviceOperation,32,14900.0
850944,,RotaryEmbeddingDeviceOperation,32,14895.0
1096704,,RotaryEmbeddingDeviceOperation,32,14887.0
1004544,,RotaryEmbeddingDeviceOperation,32,14849.0
845824,,RotaryEmbeddingDeviceOperation,32,14820.0
999424,,RotaryEmbeddingDeviceOperation,32,14704.0
1091584,,RotaryEmbeddingDeviceOperation,32,14685.0
749568,,TilizeWithValPaddingDeviceOperation,32,14260.0
1644544,1,TilizeWithValPaddingDeviceOperation,32,14083.0
2140160,1,RotaryEmbeddingDeviceOperation,32,13853.0
1710080,1,RotaryEmbeddingDeviceOperation,32,13432.0
1955840,1,RotaryEmbeddingDeviceOperation,32,13431.0
1868800,1,RotaryEmbeddingDeviceOperation,32,12994.0
2452480,1,RotaryEmbeddingDeviceOperation,32,12948.0
1943552,1,LayerNormDeviceOperation,56,12843.0
2324480,1,RotaryEmbeddingDeviceOperation,32,12836.0
2329600,1,RotaryEmbeddingDeviceOperation,32,12800.0
2250752,1,LayerNormDeviceOperation,56,12766.0
2066432,1,LayerNormDeviceOperation,56,12692.0
1697792,1,LayerNormDeviceOperation,56,12689.0
1759232,1,LayerNormDeviceOperation,56,12679.0
2435072,1,LayerNormDeviceOperation,56,12652.0
2176000,1,RotaryEmbeddingDeviceOperation,32,12648.0
1820672,1,LayerNormDeviceOperation,56,12624.0
2004992,1,LayerNormDeviceOperation,56,12609.0
2447360,1,RotaryEmbeddingDeviceOperation,32,12606.0
2496512,1,LayerNormDeviceOperation,56,12605.0
2189312,1,LayerNormDeviceOperation,56,12602.0
2312192,1,LayerNormDeviceOperation,56,12601.0
2373632,1,LayerNormDeviceOperation,56,12593.0
1667072,1,LayerNormDeviceOperation,56,12590.0
1930240,1,RotaryEmbeddingDeviceOperation,32,12590.0
2078720,1,RotaryEmbeddingDeviceOperation,32,12584.0
1882112,1,LayerNormDeviceOperation,56,12575.0
2127872,1,LayerNormDeviceOperation,56,12569.0
1675264,1,LayerNormDeviceOperation,56,12559.0
1890304,1,LayerNormDeviceOperation,56,12541.0
2381824,1,LayerNormDeviceOperation,56,12539.0
1647616,1,RotaryEmbeddingDeviceOperation,32,12535.0
1960960,1,RotaryEmbeddingDeviceOperation,32,12515.0
2158592,1,LayerNormDeviceOperation,56,12509.0
1705984,1,LayerNormDeviceOperation,56,12503.0
1767424,1,LayerNormDeviceOperation,56,12502.0
2465792,1,LayerNormDeviceOperation,56,12502.0
2342912,1,LayerNormDeviceOperation,56,12498.0
1828864,1,LayerNormDeviceOperation,56,12497.0
2281472,1,LayerNormDeviceOperation,56,12497.0
2416640,1,RotaryEmbeddingDeviceOperation,32,12495.0
1798144,1,LayerNormDeviceOperation,56,12492.0
1912832,1,LayerNormDeviceOperation,56,12487.0
1863680,1,RotaryEmbeddingDeviceOperation,32,12484.0
2258944,1,LayerNormDeviceOperation,56,12482.0
1789952,1,LayerNormDeviceOperation,56,12481.0
1728512,1,LayerNormDeviceOperation,56,12476.0
2074624,1,LayerNormDeviceOperation,56,12473.0
2504704,1,LayerNormDeviceOperation,56,12473.0
2289664,1,LayerNormDeviceOperation,56,12471.0
1736704,1,LayerNormDeviceOperation,56,12470.0
1974272,1,LayerNormDeviceOperation,56,12470.0
2404352,1,LayerNormDeviceOperation,56,12469.0
1951744,1,LayerNormDeviceOperation,56,12464.0
2035712,1,LayerNormDeviceOperation,56,12464.0
2443264,1,LayerNormDeviceOperation,56,12464.0
2097152,1,LayerNormDeviceOperation,56,12463.0
1851392,1,LayerNormDeviceOperation,56,12461.0
2220032,1,LayerNormDeviceOperation,56,12460.0
2043904,1,LayerNormDeviceOperation,56,12459.0
1859584,1,LayerNormDeviceOperation,56,12457.0
2320384,1,LayerNormDeviceOperation,56,12457.0
2412544,1,LayerNormDeviceOperation,56,12457.0
2013184,1,LayerNormDeviceOperation,56,12453.0
2136064,1,LayerNormDeviceOperation,56,12452.0
2351104,1,LayerNormDeviceOperation,56,12450.0
2105344,1,LayerNormDeviceOperation,56,12448.0
2197504,1,LayerNormDeviceOperation,56,12447.0
1921024,1,LayerNormDeviceOperation,56,12440.0
2166784,1,LayerNormDeviceOperation,56,12438.0
2228224,1,LayerNormDeviceOperation,56,12436.0
2473984,1,LayerNormDeviceOperation,56,12436.0
1982464,1,LayerNormDeviceOperation,56,12431.0
2360320,1,RotaryEmbeddingDeviceOperation,32,12428.0
1838080,1,RotaryEmbeddingDeviceOperation,32,12424.0
1635328,1,RotaryEmbeddingDeviceOperation,32,12420.0
2048000,1,RotaryEmbeddingDeviceOperation,32,12357.0
1745920,1,RotaryEmbeddingDeviceOperation,32,12314.0
2478080,1,RotaryEmbeddingDeviceOperation,32,12298.0
2232320,1,RotaryEmbeddingDeviceOperation,32,12289.0
1684480,1,RotaryEmbeddingDeviceOperation,32,12268.0
2237440,1,RotaryEmbeddingDeviceOperation,32,12226.0
2293760,1,RotaryEmbeddingDeviceOperation,32,12199.0
654336,,TilizeWithValPaddingDeviceOperation,48,12182.0
1832960,1,RotaryEmbeddingDeviceOperation,32,12095.0
591872,,TilizeWithValPaddingDeviceOperation,48,12085.0
1651712,1,TilizeWithValPaddingDeviceOperation,32,12076.0
2201600,1,RotaryEmbeddingDeviceOperation,32,12027.0
2263040,1,RotaryEmbeddingDeviceOperation,32,12023.0
1894400,1,RotaryEmbeddingDeviceOperation,32,12015.0
2268160,1,RotaryEmbeddingDeviceOperation,32,11994.0
2170880,1,RotaryEmbeddingDeviceOperation,32,11977.0
234496,,TilizeWithValPaddingDeviceOperation,48,11959.0
220160,,TilizeWithValPaddingDeviceOperation,48,11936.0
534528,,TilizeWithValPaddingDeviceOperation,48,11936.0
672768,,TilizeWithValPaddingDeviceOperation,48,11936.0
285696,,TilizeWithValPaddingDeviceOperation,48,11932.0
701440,,TilizeWithValPaddingDeviceOperation,48,11906.0
479232,,TilizeWithValPaddingDeviceOperation,48,11901.0
2145280,1,RotaryEmbeddingDeviceOperation,32,11893.0
2114560,1,RotaryEmbeddingDeviceOperation,32,11883.0
563200,,TilizeWithValPaddingDeviceOperation,48,11880.0
252928,,TilizeWithValPaddingDeviceOperation,48,11845.0
505856,,TilizeWithValPaddingDeviceOperation,48,11842.0
1740800,1,RotaryEmbeddingDeviceOperation,32,11838.0
404480,,TilizeWithValPaddingDeviceOperation,48,11827.0
320512,,TilizeWithValPaddingDeviceOperation,48,11826.0
1679360,1,RotaryEmbeddingDeviceOperation,32,11801.0
2391040,1,RotaryEmbeddingDeviceOperation,32,11781.0
390144,,TilizeWithValPaddingDeviceOperation,48,11770.0
2109440,1,RotaryEmbeddingDeviceOperation,32,11770.0
715776,,TilizeWithValPaddingDeviceOperation,48,11739.0
300032,,TilizeWithValPaddingDeviceOperation,48,11710.0
2355200,1,RotaryEmbeddingDeviceOperation,32,11704.0
2017280,1,RotaryEmbeddingDeviceOperation,32,11692.0
201728,,TilizeWithValPaddingDeviceOperation,48,11683.0
2206720,1,RotaryEmbeddingDeviceOperation,32,11683.0
520192,,TilizeWithValPaddingDeviceOperation,48,11678.0
187392,,TilizeWithValPaddingDeviceOperation,48,11672.0
342016,,TilizeWithValPaddingDeviceOperation,48,11670.0
428032,,TilizeWithValPaddingDeviceOperation,48,11665.0
2053120,1,RotaryEmbeddingDeviceOperation,32,11659.0
620544,,TilizeWithValPaddingDeviceOperation,48,11627.0
464896,,TilizeWithValPaddingDeviceOperation,48,11604.0
267264,,TilizeWithValPaddingDeviceOperation,48,11599.0
606208,,TilizeWithValPaddingDeviceOperation,48,11598.0
1986560,1,RotaryEmbeddingDeviceOperation,32,11598.0
2385920,1,RotaryEmbeddingDeviceOperation,32,11506.0
442368,,TilizeWithValPaddingDeviceOperation,48,11470.0
365568,,TilizeWithValPaddingDeviceOperation,48,11452.0
756736,,TilizeWithValPaddingDeviceOperation,32,11435.0
1925120,1,RotaryEmbeddingDeviceOperation,32,11429.0
2483200,1,RotaryEmbeddingDeviceOperation,32,11397.0
760832,,FillPadDeviceOperation,64,11387.0
1802240,1,RotaryEmbeddingDeviceOperation,32,11380.0
2298880,1,RotaryEmbeddingDeviceOperation,32,11373.0
1807360,1,RotaryEmbeddingDeviceOperation,32,11362.0
1991680,1,RotaryEmbeddingDeviceOperation,32,11320.0
1417216,,LayerNormDeviceOperation,56,11306.0
1171456,,LayerNormDeviceOperation,56,11299.0
987136,,LayerNormDeviceOperation,56,11294.0
1302528,,LayerNormDeviceOperation,56,11294.0
1110016,,LayerNormDeviceOperation,56,11292.0
1048576,,LayerNormDeviceOperation,56,11289.0
1263616,,LayerNormDeviceOperation,56,11285.0
802816,,LayerNormDeviceOperation,56,11284.0
780288,,LayerNormDeviceOperation,56,11283.0
1017856,,LayerNormDeviceOperation,56,11283.0
894976,,LayerNormDeviceOperation,56,11278.0
1517568,,LayerNormDeviceOperation,56,11276.0
964608,,LayerNormDeviceOperation,56,11273.0
1202176,,LayerNormDeviceOperation,56,11273.0
1271808,,LayerNormDeviceOperation,56,11273.0
833536,,LayerNormDeviceOperation,56,11272.0
1355776,,LayerNormDeviceOperation,56,11271.0
1447936,,LayerNormDeviceOperation,56,11271.0
1325056,,LayerNormDeviceOperation,56,11270.0
1333248,,LayerNormDeviceOperation,56,11270.0
1087488,,LayerNormDeviceOperation,56,11265.0
1509376,,LayerNormDeviceOperation,56,11265.0
1394688,,LayerNormDeviceOperation,56,11264.0
1601536,,LayerNormDeviceOperation,56,11264.0
1579008,,LayerNormDeviceOperation,56,11263.0
1386496,,LayerNormDeviceOperation,56,11260.0
1478656,,LayerNormDeviceOperation,56,11260.0
933888,,LayerNormDeviceOperation,56,11259.0
1456128,,LayerNormDeviceOperation,56,11259.0
1425408,,LayerNormDeviceOperation,56,11258.0
1570816,,LayerNormDeviceOperation,56,11256.0
925696,,LayerNormDeviceOperation,56,11255.0
1232896,,LayerNormDeviceOperation,56,11255.0
1026048,,LayerNormDeviceOperation,56,11254.0
1548288,,LayerNormDeviceOperation,56,11252.0
811008,,LayerNormDeviceOperation,56,11251.0
772096,,LayerNormDeviceOperation,56,11249.0
1079296,,LayerNormDeviceOperation,56,11247.0
1148928,,LayerNormDeviceOperation,56,11247.0
1540096,,LayerNormDeviceOperation,56,11247.0
1294336,,LayerNormDeviceOperation,56,11246.0
1609728,,LayerNormDeviceOperation,56,11244.0
995328,,LayerNormDeviceOperation,56,11242.0
864256,,LayerNormDeviceOperation,56,11240.0
1118208,,LayerNormDeviceOperation,56,11239.0
1241088,,LayerNormDeviceOperation,56,11238.0
872448,,LayerNormDeviceOperation,56,11237.0
956416,,LayerNormDeviceOperation,56,11236.0
841728,,LayerNormDeviceOperation,56,11232.0
1363968,,LayerNormDeviceOperation,56,11232.0
1140736,,LayerNormDeviceOperation,56,11228.0
903168,,LayerNormDeviceOperation,56,11225.0
1210368,,LayerNormDeviceOperation,56,11222.0
1056768,,LayerNormDeviceOperation,56,11220.0
1486848,,LayerNormDeviceOperation,56,11213.0
1179648,,LayerNormDeviceOperation,56,11204.0
2083840,1,RotaryEmbeddingDeviceOperation,32,11187.0
1899520,1,RotaryEmbeddingDeviceOperation,32,11137.0
1771520,1,RotaryEmbeddingDeviceOperation,32,11114.0
2022400,1,RotaryEmbeddingDeviceOperation,32,11037.0
1715200,1,RotaryEmbeddingDeviceOperation,32,10981.0
2421760,1,RotaryEmbeddingDeviceOperation,32,10977.0
1776640,1,RotaryEmbeddingDeviceOperation,32,10967.0
1655808,1,FillPadDeviceOperation,64,10650.0
388096,,UntilizeWithUnpaddingDeviceOperation,1,10042.0
532480,,UntilizeWithUnpaddingDeviceOperation,1,10020.0
184320,,UntilizeWithUnpaddingDeviceOperation,1,10005.0
713728,,UntilizeWithUnpaddingDeviceOperation,1,9980.0
1929216,1,PagedUpdateCacheDeviceOperation,32,9974.0
265216,,UntilizeWithUnpaddingDeviceOperation,1,9967.0
670720,,UntilizeWithUnpaddingDeviceOperation,1,9957.0
199680,,UntilizeWithUnpaddingDeviceOperation,1,9934.0
339968,,UntilizeWithUnpaddingDeviceOperation,1,9920.0
560128,,UntilizeWithUnpaddingDeviceOperation,1,9918.0
651264,,UntilizeWithUnpaddingDeviceOperation,1,9875.0
698368,,UntilizeWithUnpaddingDeviceOperation,1,9866.0
1744896,1,PagedUpdateCacheDeviceOperation,32,9843.0
461824,,UntilizeWithUnpaddingDeviceOperation,1,9838.0
2420736,1,PagedUpdateCacheDeviceOperation,32,9828.0
502784,,UntilizeWithUnpaddingDeviceOperation,1,9826.0
232448,,UntilizeWithUnpaddingDeviceOperation,1,9824.0
264192,,UntilizeWithUnpaddingDeviceOperation,1,9824.0
618496,,UntilizeWithUnpaddingDeviceOperation,1,9822.0
518144,,UntilizeWithUnpaddingDeviceOperation,1,9811.0
249856,,UntilizeWithUnpaddingDeviceOperation,1,9810.0
589824,,UntilizeWithUnpaddingDeviceOperation,1,9788.0
604160,,UntilizeWithUnpaddingDeviceOperation,1,9776.0
185344,,UntilizeWithUnpaddingDeviceOperation,1,9773.0
762880,,BinaryNgDeviceOperation,64,9763.0
231424,,UntilizeWithUnpaddingDeviceOperation,1,9760.0
318464,,UntilizeWithUnpaddingDeviceOperation,1,9760.0
1650688,1,RepeatDeviceOperation,64,9755.0
363520,,UntilizeWithUnpaddingDeviceOperation,1,9730.0
250880,,UntilizeWithUnpaddingDeviceOperation,1,9709.0
317440,,UntilizeWithUnpaddingDeviceOperation,1,9684.0
652288,,UntilizeWithUnpaddingDeviceOperation,1,9681.0
401408,,UntilizeWithUnpaddingDeviceOperation,1,9677.0
402432,,UntilizeWithUnpaddingDeviceOperation,1,9676.0
1867776,1,PagedUpdateCacheDeviceOperation,32,9673.0
712704,,UntilizeWithUnpaddingDeviceOperation,1,9672.0
462848,,UntilizeWithUnpaddingDeviceOperation,1,9667.0
387072,,UntilizeWithUnpaddingDeviceOperation,1,9663.0
2052096,1,PagedUpdateCacheDeviceOperation,32,9658.0
669696,,UntilizeWithUnpaddingDeviceOperation,1,9656.0
531456,,UntilizeWithUnpaddingDeviceOperation,1,9655.0
517120,,UntilizeWithUnpaddingDeviceOperation,1,9652.0
617472,,UntilizeWithUnpaddingDeviceOperation,1,9645.0
476160,,UntilizeWithUnpaddingDeviceOperation,1,9640.0
218112,,UntilizeWithUnpaddingDeviceOperation,1,9638.0
561152,,UntilizeWithUnpaddingDeviceOperation,1,9638.0
338944,,UntilizeWithUnpaddingDeviceOperation,1,9624.0
699392,,UntilizeWithUnpaddingDeviceOperation,1,9618.0
477184,,UntilizeWithUnpaddingDeviceOperation,1,9616.0
603136,,UntilizeWithUnpaddingDeviceOperation,1,9613.0
283648,,UntilizeWithUnpaddingDeviceOperation,1,9606.0
297984,,UntilizeWithUnpaddingDeviceOperation,1,9595.0
198656,,UntilizeWithUnpaddingDeviceOperation,1,9581.0
588800,,UntilizeWithUnpaddingDeviceOperation,1,9580.0
425984,,UntilizeWithUnpaddingDeviceOperation,1,9545.0
424960,,UntilizeWithUnpaddingDeviceOperation,1,9538.0
1837056,1,PagedUpdateCacheDeviceOperation,32,9537.0
282624,,UntilizeWithUnpaddingDeviceOperation,1,9506.0
503808,,UntilizeWithUnpaddingDeviceOperation,1,9502.0
217088,,UntilizeWithUnpaddingDeviceOperation,1,9478.0
296960,,UntilizeWithUnpaddingDeviceOperation,1,9470.0
439296,,UntilizeWithUnpaddingDeviceOperation,1,9464.0
440320,,UntilizeWithUnpaddingDeviceOperation,1,9463.0
755712,,RepeatDeviceOperation,64,9458.0
2236416,1,PagedUpdateCacheDeviceOperation,32,9450.0
362496,,UntilizeWithUnpaddingDeviceOperation,1,9448.0
1683456,1,PagedUpdateCacheDeviceOperation,32,9418.0
2359296,1,PagedUpdateCacheDeviceOperation,32,9280.0
942080,,PagedUpdateCacheDeviceOperation,32,9242.0
2451456,1,PagedUpdateCacheDeviceOperation,32,9184.0
1310720,,PagedUpdateCacheDeviceOperation,32,9181.0
1657856,1,BinaryNgDeviceOperation,64,9164.0
2113536,1,PagedUpdateCacheDeviceOperation,32,9154.0
1367040,,PagedUpdateCacheDeviceOperation,32,9130.0
1990656,1,PagedUpdateCacheDeviceOperation,32,9117.0
1336320,,PagedUpdateCacheDeviceOperation,32,9091.0
2482176,1,PagedUpdateCacheDeviceOperation,32,9077.0
788480,,PagedUpdateCacheDeviceOperation,32,9067.0
783360,,PagedUpdateCacheDeviceOperation,32,9054.0
1582080,,PagedUpdateCacheDeviceOperation,32,9042.0
6144,,TilizeWithValPaddingDeviceOperation,56,9039.0
844800,,PagedUpdateCacheDeviceOperation,32,9034.0
2328576,1,PagedUpdateCacheDeviceOperation,32,9011.0
2174976,1,PagedUpdateCacheDeviceOperation,32,9007.0
1090560,,PagedUpdateCacheDeviceOperation,32,8999.0
30720,,TilizeWithValPaddingDeviceOperation,56,8988.0
80896,,TilizeWithValPaddingDeviceOperation,56,8973.0
849920,,PagedUpdateCacheDeviceOperation,32,8965.0
1341440,,PagedUpdateCacheDeviceOperation,32,8959.0
743424,,PagedUpdateCacheDeviceOperation,32,8953.0
437248,,TilizeWithValPaddingDeviceOperation,56,8945.0
104448,,TilizeWithValPaddingDeviceOperation,56,8939.0
1274880,,PagedUpdateCacheDeviceOperation,32,8914.0
1095680,,PagedUpdateCacheDeviceOperation,32,8896.0
1372160,,PagedUpdateCacheDeviceOperation,32,8895.0
87040,,TilizeWithValPaddingDeviceOperation,56,8891.0
972800,,PagedUpdateCacheDeviceOperation,32,8878.0
2267136,1,PagedUpdateCacheDeviceOperation,32,8875.0
875520,,PagedUpdateCacheDeviceOperation,32,8861.0
1187840,,PagedUpdateCacheDeviceOperation,32,8861.0
1402880,,PagedUpdateCacheDeviceOperation,32,8860.0
7168,,TilizeWithValPaddingDeviceOperation,56,8852.0
936960,,PagedUpdateCacheDeviceOperation,32,8843.0
1003520,,PagedUpdateCacheDeviceOperation,32,8840.0
880640,,PagedUpdateCacheDeviceOperation,32,8833.0
1024,,TilizeWithValPaddingDeviceOperation,56,8819.0
1464320,,PagedUpdateCacheDeviceOperation,32,8818.0
182272,,TilizeWithValPaddingDeviceOperation,56,8816.0
116736,,TilizeWithValPaddingDeviceOperation,56,8815.0
911360,,PagedUpdateCacheDeviceOperation,32,8815.0
2144256,1,PagedUpdateCacheDeviceOperation,32,8809.0
1525760,,PagedUpdateCacheDeviceOperation,32,8804.0
2139136,1,PagedUpdateCacheDeviceOperation,32,8804.0
129024,,TilizeWithValPaddingDeviceOperation,56,8797.0
967680,,PagedUpdateCacheDeviceOperation,32,8796.0
2390016,1,PagedUpdateCacheDeviceOperation,32,8794.0
25600,,TilizeWithValPaddingDeviceOperation,56,8791.0
1305600,,PagedUpdateCacheDeviceOperation,32,8791.0
315392,,TilizeWithValPaddingDeviceOperation,56,8787.0
43008,,TilizeWithValPaddingDeviceOperation,56,8786.0
1034240,,PagedUpdateCacheDeviceOperation,32,8781.0
1157120,,PagedUpdateCacheDeviceOperation,32,8779.0
1280000,,PagedUpdateCacheDeviceOperation,32,8779.0
1059840,,PagedUpdateCacheDeviceOperation,32,8778.0
2205696,1,PagedUpdateCacheDeviceOperation,32,8775.0
99328,,TilizeWithValPaddingDeviceOperation,56,8773.0
1428480,,PagedUpdateCacheDeviceOperation,32,8772.0
1459200,,PagedUpdateCacheDeviceOperation,32,8772.0
1806336,1,PagedUpdateCacheDeviceOperation,32,8767.0
1213440,,PagedUpdateCacheDeviceOperation,32,8765.0
79872,,TilizeWithValPaddingDeviceOperation,56,8763.0
1959936,1,PagedUpdateCacheDeviceOperation,32,8761.0
98304,,TilizeWithValPaddingDeviceOperation,56,8757.0
1433600,,PagedUpdateCacheDeviceOperation,32,8757.0
13312,,TilizeWithValPaddingDeviceOperation,56,8753.0
262144,,TilizeWithValPaddingDeviceOperation,56,8753.0
1520640,,PagedUpdateCacheDeviceOperation,32,8750.0
998400,,PagedUpdateCacheDeviceOperation,32,8743.0
31744,,TilizeWithValPaddingDeviceOperation,56,8742.0
710656,,TilizeWithValPaddingDeviceOperation,56,8742.0
1714176,1,PagedUpdateCacheDeviceOperation,32,8742.0
55296,,TilizeWithValPaddingDeviceOperation,56,8741.0
360448,,TilizeWithValPaddingDeviceOperation,56,8740.0
2323456,1,PagedUpdateCacheDeviceOperation,32,8734.0
1244160,,PagedUpdateCacheDeviceOperation,32,8732.0
1495040,,PagedUpdateCacheDeviceOperation,32,8732.0
601088,,TilizeWithValPaddingDeviceOperation,56,8725.0
1397760,,PagedUpdateCacheDeviceOperation,32,8723.0
1218560,,PagedUpdateCacheDeviceOperation,32,8713.0
153600,,TilizeWithValPaddingDeviceOperation,56,8708.0
515072,,TilizeWithValPaddingDeviceOperation,56,8708.0
1489920,,PagedUpdateCacheDeviceOperation,32,8707.0
154624,,TilizeWithValPaddingDeviceOperation,56,8703.0
36864,,TilizeWithValPaddingDeviceOperation,56,8700.0
667648,,TilizeWithValPaddingDeviceOperation,56,8700.0
1556480,,PagedUpdateCacheDeviceOperation,32,8699.0
24576,,TilizeWithValPaddingDeviceOperation,56,8696.0
50176,,TilizeWithValPaddingDeviceOperation,56,8696.0
18432,,TilizeWithValPaddingDeviceOperation,56,8694.0
117760,,TilizeWithValPaddingDeviceOperation,56,8692.0
1029120,,PagedUpdateCacheDeviceOperation,32,8690.0
1182720,,PagedUpdateCacheDeviceOperation,32,8687.0
73728,,TilizeWithValPaddingDeviceOperation,56,8680.0
160768,,TilizeWithValPaddingDeviceOperation,56,8677.0
761856,,ReduceDeviceOperation,32,8668.0
2021376,1,PagedUpdateCacheDeviceOperation,32,8665.0
2446336,1,PagedUpdateCacheDeviceOperation,32,8659.0
93184,,TilizeWithValPaddingDeviceOperation,56,8657.0
814080,,PagedUpdateCacheDeviceOperation,32,8657.0
1126400,,PagedUpdateCacheDeviceOperation,32,8657.0
1985536,1,PagedUpdateCacheDeviceOperation,32,8654.0
62464,,TilizeWithValPaddingDeviceOperation,56,8652.0
247808,,TilizeWithValPaddingDeviceOperation,56,8646.0
111616,,TilizeWithValPaddingDeviceOperation,56,8644.0
730112,,PagedUpdateCacheDeviceOperation,32,8639.0
141312,,TilizeWithValPaddingDeviceOperation,56,8638.0
56320,,TilizeWithValPaddingDeviceOperation,56,8632.0
2108416,1,PagedUpdateCacheDeviceOperation,32,8631.0
336896,,TilizeWithValPaddingDeviceOperation,56,8622.0
61440,,TilizeWithValPaddingDeviceOperation,56,8621.0
110592,,TilizeWithValPaddingDeviceOperation,56,8621.0
1121280,,PagedUpdateCacheDeviceOperation,32,8616.0
1249280,,PagedUpdateCacheDeviceOperation,32,8614.0
1587200,,PagedUpdateCacheDeviceOperation,32,8614.0
1638400,1,PagedUpdateCacheDeviceOperation,32,8611.0
229376,,TilizeWithValPaddingDeviceOperation,56,8607.0
280576,,TilizeWithValPaddingDeviceOperation,56,8607.0
906240,,PagedUpdateCacheDeviceOperation,32,8603.0
49152,,TilizeWithValPaddingDeviceOperation,56,8598.0
1152000,,PagedUpdateCacheDeviceOperation,32,8597.0
2231296,1,PagedUpdateCacheDeviceOperation,32,8592.0
136192,,TilizeWithValPaddingDeviceOperation,56,8589.0
294912,,TilizeWithValPaddingDeviceOperation,56,8588.0
649216,,TilizeWithValPaddingDeviceOperation,56,8587.0
74752,,TilizeWithValPaddingDeviceOperation,56,8585.0
123904,,TilizeWithValPaddingDeviceOperation,56,8584.0
1954816,1,PagedUpdateCacheDeviceOperation,32,8582.0
37888,,TilizeWithValPaddingDeviceOperation,56,8580.0
474112,,TilizeWithValPaddingDeviceOperation,56,8579.0
196608,,TilizeWithValPaddingDeviceOperation,56,8577.0
1064960,,PagedUpdateCacheDeviceOperation,32,8576.0
558080,,TilizeWithValPaddingDeviceOperation,56,8572.0
422912,,TilizeWithValPaddingDeviceOperation,56,8570.0
142336,,TilizeWithValPaddingDeviceOperation,56,8569.0
67584,,TilizeWithValPaddingDeviceOperation,56,8563.0
1709056,1,PagedUpdateCacheDeviceOperation,32,8553.0
135168,,TilizeWithValPaddingDeviceOperation,56,8550.0
12288,,TilizeWithValPaddingDeviceOperation,56,8549.0
166912,,TilizeWithValPaddingDeviceOperation,56,8548.0
2082816,1,PagedUpdateCacheDeviceOperation,32,8544.0
130048,,TilizeWithValPaddingDeviceOperation,56,8542.0
1924096,1,PagedUpdateCacheDeviceOperation,32,8538.0
615424,,TilizeWithValPaddingDeviceOperation,56,8537.0
172032,,TilizeWithValPaddingDeviceOperation,56,8525.0
1551360,,PagedUpdateCacheDeviceOperation,32,8520.0
1801216,1,PagedUpdateCacheDeviceOperation,32,8517.0
44032,,TilizeWithValPaddingDeviceOperation,56,8515.0
1770496,1,PagedUpdateCacheDeviceOperation,32,8514.0
159744,,TilizeWithValPaddingDeviceOperation,56,8513.0
147456,,TilizeWithValPaddingDeviceOperation,56,8509.0
68608,,TilizeWithValPaddingDeviceOperation,56,8503.0
2262016,1,PagedUpdateCacheDeviceOperation,32,8479.0
215040,,TilizeWithValPaddingDeviceOperation,56,8476.0
122880,,TilizeWithValPaddingDeviceOperation,56,8472.0
2415616,1,PagedUpdateCacheDeviceOperation,32,8466.0
819200,,PagedUpdateCacheDeviceOperation,32,8464.0
459776,,TilizeWithValPaddingDeviceOperation,56,8456.0
165888,,TilizeWithValPaddingDeviceOperation,56,8454.0
2354176,1,PagedUpdateCacheDeviceOperation,32,8453.0
86016,,TilizeWithValPaddingDeviceOperation,56,8446.0
586752,,TilizeWithValPaddingDeviceOperation,56,8443.0
92160,,TilizeWithValPaddingDeviceOperation,56,8437.0
696320,,TilizeWithValPaddingDeviceOperation,56,8435.0
2477056,1,PagedUpdateCacheDeviceOperation,32,8421.0
19456,,TilizeWithValPaddingDeviceOperation,56,8419.0
500736,,TilizeWithValPaddingDeviceOperation,56,8419.0
1739776,1,PagedUpdateCacheDeviceOperation,32,8416.0
385024,,TilizeWithValPaddingDeviceOperation,56,8399.0
105472,,TilizeWithValPaddingDeviceOperation,56,8394.0
148480,,TilizeWithValPaddingDeviceOperation,56,8394.0
173056,,TilizeWithValPaddingDeviceOperation,56,8391.0
2046976,1,PagedUpdateCacheDeviceOperation,32,8365.0
2169856,1,PagedUpdateCacheDeviceOperation,32,8354.0
2297856,1,PagedUpdateCacheDeviceOperation,32,8353.0
1862656,1,PagedUpdateCacheDeviceOperation,32,8347.0
1898496,1,PagedUpdateCacheDeviceOperation,32,8343.0
399360,,TilizeWithValPaddingDeviceOperation,56,8328.0
1775616,1,PagedUpdateCacheDeviceOperation,32,8301.0
1678336,1,PagedUpdateCacheDeviceOperation,32,8298.0
2292736,1,PagedUpdateCacheDeviceOperation,32,8291.0
529408,,TilizeWithValPaddingDeviceOperation,56,8289.0
2077696,1,PagedUpdateCacheDeviceOperation,32,8288.0
2016256,1,PagedUpdateCacheDeviceOperation,32,8251.0
2384896,1,PagedUpdateCacheDeviceOperation,32,8221.0
1893376,1,PagedUpdateCacheDeviceOperation,32,8198.0
1625088,1,PagedUpdateCacheDeviceOperation,32,8167.0
1831936,1,PagedUpdateCacheDeviceOperation,32,8153.0
2200576,1,PagedUpdateCacheDeviceOperation,32,8130.0
754688,,UntilizeWithUnpaddingDeviceOperation,32,7766.0
1649664,1,UntilizeWithUnpaddingDeviceOperation,32,7162.0
1656832,1,ReduceDeviceOperation,32,6901.0
718848,,TilizeWithValPaddingDeviceOperation,1,6831.0
1615872,1,TilizeWithValPaddingDeviceOperation,1,6785.0
1639424,1,TilizeWithValPaddingDeviceOperation,1,6640.0
1627136,1,TilizeWithValPaddingDeviceOperation,1,6623.0
2395136,1,TypecastDeviceOperation,64,6605.0
1530880,,TypecastDeviceOperation,64,6597.0
766976,,NLPConcatHeadsDecodeDeviceOperation,28,6574.0
2092032,1,NLPConcatHeadsDecodeDeviceOperation,28,6563.0
1645568,1,TypecastDeviceOperation,64,6545.0
1613824,1,TilizeWithValPaddingDeviceOperation,1,6542.0
744448,,TilizeWithValPaddingDeviceOperation,1,6519.0
732160,,TilizeWithValPaddingDeviceOperation,1,6478.0
1473536,,NLPConcatHeadsDecodeDeviceOperation,28,6478.0
2087936,1,TypecastDeviceOperation,64,6467.0
1907712,1,NLPConcatHeadsDecodeDeviceOperation,28,6463.0
1534976,,NLPConcatHeadsDecodeDeviceOperation,28,6460.0
1938432,1,NLPConcatHeadsDecodeDeviceOperation,28,6460.0
1289216,,NLPConcatHeadsDecodeDeviceOperation,28,6459.0
1504256,,NLPConcatHeadsDecodeDeviceOperation,28,6447.0
2368512,1,NLPConcatHeadsDecodeDeviceOperation,28,6443.0
1227776,,NLPConcatHeadsDecodeDeviceOperation,28,6442.0
720896,,TilizeWithValPaddingDeviceOperation,1,6439.0
1319936,,NLPConcatHeadsDecodeDeviceOperation,28,6432.0
797696,,NLPConcatHeadsDecodeDeviceOperation,28,6420.0
920576,,NLPConcatHeadsDecodeDeviceOperation,28,6414.0
1074176,,NLPConcatHeadsDecodeDeviceOperation,28,6413.0
1442816,,NLPConcatHeadsDecodeDeviceOperation,28,6407.0
1969152,1,NLPConcatHeadsDecodeDeviceOperation,28,6398.0
1934336,1,TypecastDeviceOperation,64,6394.0
2460672,1,NLPConcatHeadsDecodeDeviceOperation,28,6394.0
1043456,,NLPConcatHeadsDecodeDeviceOperation,28,6392.0
859136,,NLPConcatHeadsDecodeDeviceOperation,28,6390.0
1381376,,NLPConcatHeadsDecodeDeviceOperation,28,6390.0
1350656,,NLPConcatHeadsDecodeDeviceOperation,28,6382.0
2153472,1,NLPConcatHeadsDecodeDeviceOperation,28,6382.0
2026496,1,TypecastDeviceOperation,64,6377.0
1592320,,TypecastDeviceOperation,64,6371.0
1104896,,NLPConcatHeadsDecodeDeviceOperation,28,6367.0
1258496,,NLPConcatHeadsDecodeDeviceOperation,28,6364.0
1596416,,NLPConcatHeadsDecodeDeviceOperation,28,6364.0
1412096,,NLPConcatHeadsDecodeDeviceOperation,28,6362.0
982016,,NLPConcatHeadsDecodeDeviceOperation,28,6358.0
1135616,,NLPConcatHeadsDecodeDeviceOperation,28,6354.0
1197056,,NLPConcatHeadsDecodeDeviceOperation,28,6353.0
1565696,,NLPConcatHeadsDecodeDeviceOperation,28,6348.0
889856,,NLPConcatHeadsDecodeDeviceOperation,28,6346.0
828416,,NLPConcatHeadsDecodeDeviceOperation,28,6341.0
2184192,1,NLPConcatHeadsDecodeDeviceOperation,28,6340.0
1012736,,NLPConcatHeadsDecodeDeviceOperation,28,6338.0
1166336,,NLPConcatHeadsDecodeDeviceOperation,28,6332.0
2302976,1,TypecastDeviceOperation,64,6330.0
1039360,,TypecastDeviceOperation,64,6317.0
951296,,NLPConcatHeadsDecodeDeviceOperation,28,6306.0
1317888,,TypecastDeviceOperation,64,6274.0
1102848,,TypecastDeviceOperation,64,6271.0
2149376,1,TypecastDeviceOperation,64,6260.0
2245632,1,NLPConcatHeadsDecodeDeviceOperation,28,6260.0
2399232,1,NLPConcatHeadsDecodeDeviceOperation,28,6246.0
2429952,1,NLPConcatHeadsDecodeDeviceOperation,28,6241.0
1661952,1,NLPConcatHeadsDecodeDeviceOperation,28,6240.0
1815552,1,NLPConcatHeadsDecodeDeviceOperation,28,6238.0
2337792,1,NLPConcatHeadsDecodeDeviceOperation,28,6232.0
1692672,1,NLPConcatHeadsDecodeDeviceOperation,28,6227.0
2276352,1,NLPConcatHeadsDecodeDeviceOperation,28,6217.0
1905664,1,TypecastDeviceOperation,64,6211.0
1440768,,TypecastDeviceOperation,64,6210.0
1131520,,TypecastDeviceOperation,64,6195.0
1254400,,TypecastDeviceOperation,64,6194.0
2122752,1,NLPConcatHeadsDecodeDeviceOperation,28,6191.0
1846272,1,NLPConcatHeadsDecodeDeviceOperation,28,6172.0
2491392,1,NLPConcatHeadsDecodeDeviceOperation,28,6160.0
2180096,1,TypecastDeviceOperation,64,6158.0
750592,,TypecastDeviceOperation,64,6156.0
855040,,TypecastDeviceOperation,64,6144.0
916480,,TypecastDeviceOperation,64,6136.0
2214912,1,NLPConcatHeadsDecodeDeviceOperation,28,6134.0
1469440,,TypecastDeviceOperation,64,6130.0
1223680,,TypecastDeviceOperation,64,6126.0
1192960,,TypecastDeviceOperation,64,6125.0
1842176,1,TypecastDeviceOperation,64,6125.0
2241536,1,TypecastDeviceOperation,64,6124.0
793600,,TypecastDeviceOperation,64,6120.0
1752064,1,TypecastDeviceOperation,64,6119.0
1408000,,TypecastDeviceOperation,64,6116.0
1594368,,TypecastDeviceOperation,64,6113.0
1903616,1,TypecastDeviceOperation,64,6111.0
1010688,,TypecastDeviceOperation,64,6103.0
1872896,1,TypecastDeviceOperation,64,6096.0
2030592,1,NLPConcatHeadsDecodeDeviceOperation,28,6087.0
1750016,1,TypecastDeviceOperation,64,6080.0
1070080,,TypecastDeviceOperation,64,6079.0
2057216,1,TypecastDeviceOperation,64,6072.0
2307072,1,NLPConcatHeadsDecodeDeviceOperation,28,6072.0
1162240,,TypecastDeviceOperation,64,6059.0
2120704,1,TypecastDeviceOperation,64,6047.0
1719296,1,TypecastDeviceOperation,64,6045.0
1502208,,TypecastDeviceOperation,64,6041.0
949248,,TypecastDeviceOperation,64,6034.0
1348608,,TypecastDeviceOperation,64,6029.0
759808,,TypecastDeviceOperation,64,6026.0
2364416,1,TypecastDeviceOperation,64,6024.0
1561600,,TypecastDeviceOperation,64,6017.0
2151424,1,TypecastDeviceOperation,64,6016.0
1754112,1,NLPConcatHeadsDecodeDeviceOperation,28,6010.0
918528,,TypecastDeviceOperation,64,6006.0
2272256,1,TypecastDeviceOperation,64,6005.0
1072128,,TypecastDeviceOperation,64,6002.0
826368,,TypecastDeviceOperation,64,5995.0
757760,,TypecastDeviceOperation,64,5994.0
1410048,,TypecastDeviceOperation,64,5989.0
1780736,1,TypecastDeviceOperation,64,5987.0
885760,,TypecastDeviceOperation,64,5979.0
1379328,,TypecastDeviceOperation,64,5962.0
1654784,1,TypecastDeviceOperation,64,5958.0
1346560,,TypecastDeviceOperation,64,5955.0
1133568,,TypecastDeviceOperation,64,5941.0
1563648,,TypecastDeviceOperation,64,5940.0
2425856,1,TypecastDeviceOperation,64,5938.0
1811456,1,TypecastDeviceOperation,64,5934.0
2212864,1,TypecastDeviceOperation,64,5931.0
1997824,1,TypecastDeviceOperation,64,5918.0
2456576,1,TypecastDeviceOperation,64,5907.0
1287168,,TypecastDeviceOperation,64,5885.0
1377280,,TypecastDeviceOperation,64,5877.0
1315840,,TypecastDeviceOperation,64,5874.0
764928,,TypecastDeviceOperation,64,5873.0
795648,,TypecastDeviceOperation,64,5870.0
1965056,1,TypecastDeviceOperation,64,5861.0
1008640,,TypecastDeviceOperation,64,5848.0
2333696,1,TypecastDeviceOperation,64,5848.0
1471488,,TypecastDeviceOperation,64,5838.0
1723392,1,NLPConcatHeadsDecodeDeviceOperation,28,5826.0
1874944,1,TypecastDeviceOperation,64,5824.0
977920,,TypecastDeviceOperation,64,5818.0
1164288,,TypecastDeviceOperation,64,5818.0
1195008,,TypecastDeviceOperation,64,5818.0
1285120,,TypecastDeviceOperation,64,5817.0
2243584,1,TypecastDeviceOperation,64,5811.0
2335744,1,TypecastDeviceOperation,64,5805.0
2118656,1,TypecastDeviceOperation,64,5798.0
1041408,,TypecastDeviceOperation,64,5793.0
887808,,TypecastDeviceOperation,64,5788.0
1225728,,TypecastDeviceOperation,64,5778.0
1995776,1,TypecastDeviceOperation,64,5771.0
1532928,,TypecastDeviceOperation,64,5770.0
2427904,1,TypecastDeviceOperation,64,5769.0
1256448,,TypecastDeviceOperation,64,5765.0
1813504,1,TypecastDeviceOperation,64,5761.0
1721344,1,TypecastDeviceOperation,64,5759.0
1690624,1,TypecastDeviceOperation,64,5754.0
2489344,1,TypecastDeviceOperation,64,5746.0
1100800,,TypecastDeviceOperation,64,5745.0
1876992,1,NLPConcatHeadsDecodeDeviceOperation,28,5732.0
1438720,,TypecastDeviceOperation,64,5726.0
2274304,1,TypecastDeviceOperation,64,5721.0
1659904,1,TypecastDeviceOperation,64,5717.0
1688576,1,TypecastDeviceOperation,64,5714.0
1844224,1,TypecastDeviceOperation,64,5712.0
1999872,1,NLPConcatHeadsDecodeDeviceOperation,28,5697.0
1500160,,TypecastDeviceOperation,64,5690.0
1784832,1,NLPConcatHeadsDecodeDeviceOperation,28,5689.0
979968,,TypecastDeviceOperation,64,5684.0
2182144,1,TypecastDeviceOperation,64,5679.0
2305024,1,TypecastDeviceOperation,64,5668.0
2028544,1,TypecastDeviceOperation,64,5667.0
857088,,TypecastDeviceOperation,64,5658.0
2089984,1,TypecastDeviceOperation,64,5655.0
1967104,1,TypecastDeviceOperation,64,5652.0
2210816,1,TypecastDeviceOperation,64,5645.0
2487296,1,TypecastDeviceOperation,64,5579.0
2059264,1,TypecastDeviceOperation,64,5550.0
1782784,1,TypecastDeviceOperation,64,5546.0
2458624,1,TypecastDeviceOperation,64,5526.0
2397184,1,TypecastDeviceOperation,64,5514.0
947200,,TypecastDeviceOperation,64,5513.0
824320,,TypecastDeviceOperation,64,5510.0
2366464,1,TypecastDeviceOperation,64,5236.0
1652736,1,TypecastDeviceOperation,64,5225.0
1936384,1,TypecastDeviceOperation,64,5219.0
2061312,1,NLPConcatHeadsDecodeDeviceOperation,28,5171.0
659456,,UntilizeWithUnpaddingDeviceOperation,48,4465.0
641024,,UntilizeWithUnpaddingDeviceOperation,48,4407.0
307200,,UntilizeWithUnpaddingDeviceOperation,48,4377.0
429056,,UntilizeWithUnpaddingDeviceOperation,48,4336.0
352256,,UntilizeWithUnpaddingDeviceOperation,48,4289.0
451584,,UntilizeWithUnpaddingDeviceOperation,48,4286.0
613376,,UntilizeWithUnpaddingDeviceOperation,48,4268.0
177152,,UntilizeWithUnpaddingDeviceOperation,48,4264.0
607232,,UntilizeWithUnpaddingDeviceOperation,48,4258.0
224256,,UntilizeWithUnpaddingDeviceOperation,48,4246.0
227328,,UntilizeWithUnpaddingDeviceOperation,48,4243.0
174080,,UntilizeWithUnpaddingDeviceOperation,48,4240.0
521216,,UntilizeWithUnpaddingDeviceOperation,48,4240.0
376832,,UntilizeWithUnpaddingDeviceOperation,48,4236.0
272384,,UntilizeWithUnpaddingDeviceOperation,48,4232.0
253952,,UntilizeWithUnpaddingDeviceOperation,48,4229.0
592896,,UntilizeWithUnpaddingDeviceOperation,48,4226.0
397312,,UntilizeWithUnpaddingDeviceOperation,48,4218.0
414720,,UntilizeWithUnpaddingDeviceOperation,48,4218.0
242688,,UntilizeWithUnpaddingDeviceOperation,48,4211.0
278528,,UntilizeWithUnpaddingDeviceOperation,48,4207.0
432128,,UntilizeWithUnpaddingDeviceOperation,48,4200.0
194560,,UntilizeWithUnpaddingDeviceOperation,48,4197.0
465920,,UntilizeWithUnpaddingDeviceOperation,48,4197.0
191488,,UntilizeWithUnpaddingDeviceOperation,48,4191.0
221184,,UntilizeWithUnpaddingDeviceOperation,48,4190.0
310272,,UntilizeWithUnpaddingDeviceOperation,48,4180.0
286720,,UntilizeWithUnpaddingDeviceOperation,48,4176.0
584704,,UntilizeWithUnpaddingDeviceOperation,48,4172.0
328704,,UntilizeWithUnpaddingDeviceOperation,48,4171.0
292864,,UntilizeWithUnpaddingDeviceOperation,48,4167.0
239616,,UntilizeWithUnpaddingDeviceOperation,48,4161.0
498688,,UntilizeWithUnpaddingDeviceOperation,48,4158.0
702464,,UntilizeWithUnpaddingDeviceOperation,48,4158.0
289792,,UntilizeWithUnpaddingDeviceOperation,48,4157.0
188416,,UntilizeWithUnpaddingDeviceOperation,48,4154.0
382976,,UntilizeWithUnpaddingDeviceOperation,48,4145.0
694272,,UntilizeWithUnpaddingDeviceOperation,48,4144.0
688128,,UntilizeWithUnpaddingDeviceOperation,48,4140.0
358400,,UntilizeWithUnpaddingDeviceOperation,48,4138.0
245760,,UntilizeWithUnpaddingDeviceOperation,48,4137.0
556032,,UntilizeWithUnpaddingDeviceOperation,48,4133.0
552960,,UntilizeWithUnpaddingDeviceOperation,48,4124.0
708608,,UntilizeWithUnpaddingDeviceOperation,48,4123.0
524288,,UntilizeWithUnpaddingDeviceOperation,48,4119.0
275456,,UntilizeWithUnpaddingDeviceOperation,48,4115.0
492544,,UntilizeWithUnpaddingDeviceOperation,48,4115.0
647168,,UntilizeWithUnpaddingDeviceOperation,48,4115.0
549888,,UntilizeWithUnpaddingDeviceOperation,48,4113.0
662528,,UntilizeWithUnpaddingDeviceOperation,48,4105.0
457728,,UntilizeWithUnpaddingDeviceOperation,48,4103.0
391168,,UntilizeWithUnpaddingDeviceOperation,48,4098.0
578560,,UntilizeWithUnpaddingDeviceOperation,48,4095.0
506880,,UntilizeWithUnpaddingDeviceOperation,48,4089.0
180224,,UntilizeWithUnpaddingDeviceOperation,48,4083.0
665600,,UntilizeWithUnpaddingDeviceOperation,48,4072.0
644096,,UntilizeWithUnpaddingDeviceOperation,48,4067.0
610304,,UntilizeWithUnpaddingDeviceOperation,48,4054.0
705536,,UntilizeWithUnpaddingDeviceOperation,48,4054.0
595968,,UntilizeWithUnpaddingDeviceOperation,48,4053.0
212992,,UntilizeWithUnpaddingDeviceOperation,48,4052.0
394240,,UntilizeWithUnpaddingDeviceOperation,48,4050.0
472064,,UntilizeWithUnpaddingDeviceOperation,48,4047.0
417792,,UntilizeWithUnpaddingDeviceOperation,48,4045.0
257024,,UntilizeWithUnpaddingDeviceOperation,48,4041.0
468992,,UntilizeWithUnpaddingDeviceOperation,48,4039.0
206848,,UntilizeWithUnpaddingDeviceOperation,48,4038.0
435200,,UntilizeWithUnpaddingDeviceOperation,48,4031.0
355328,,UntilizeWithUnpaddingDeviceOperation,48,4028.0
527360,,UntilizeWithUnpaddingDeviceOperation,48,4026.0
454656,,UntilizeWithUnpaddingDeviceOperation,48,4018.0
334848,,UntilizeWithUnpaddingDeviceOperation,48,4012.0
599040,,UntilizeWithUnpaddingDeviceOperation,48,4011.0
313344,,UntilizeWithUnpaddingDeviceOperation,48,4007.0
509952,,UntilizeWithUnpaddingDeviceOperation,48,3998.0
420864,,UntilizeWithUnpaddingDeviceOperation,48,3993.0
209920,,UntilizeWithUnpaddingDeviceOperation,48,3991.0
581632,,UntilizeWithUnpaddingDeviceOperation,48,3990.0
260096,,UntilizeWithUnpaddingDeviceOperation,48,3977.0
513024,,UntilizeWithUnpaddingDeviceOperation,48,3975.0
691200,,UntilizeWithUnpaddingDeviceOperation,48,3959.0
331776,,UntilizeWithUnpaddingDeviceOperation,48,3955.0
495616,,UntilizeWithUnpaddingDeviceOperation,48,3931.0
379904,,UntilizeWithUnpaddingDeviceOperation,48,3930.0
745472,,BinaryNgDeviceOperation,64,3925.0
1835008,1,SliceDeviceOperation,64,3715.0
1640448,1,BinaryNgDeviceOperation,64,3542.0
1927168,1,SliceDeviceOperation,64,3513.0
1666048,1,BinaryNgDeviceOperation,64,3512.0
1957888,1,SliceDeviceOperation,64,3509.0
2357248,1,SliceDeviceOperation,64,3479.0
1628160,1,BinaryNgDeviceOperation,64,3478.0
1117184,,BinaryNgDeviceOperation,64,3459.0
1424384,,BinaryNgDeviceOperation,64,3441.0
1147904,,BinaryNgDeviceOperation,64,3419.0
2142208,1,SliceDeviceOperation,64,3405.0
994304,,BinaryNgDeviceOperation,64,3391.0
1547264,,BinaryNgDeviceOperation,64,3390.0
771072,,BinaryNgDeviceOperation,64,3379.0
1055744,,BinaryNgDeviceOperation,64,3374.0
1270784,,BinaryNgDeviceOperation,64,3357.0
809984,,BinaryNgDeviceOperation,64,3355.0
1642496,1,UntilizeWithUnpaddingDeviceOperation,1,3351.0
1375232,,SliceDeviceOperation,64,3333.0
1393664,,BinaryNgDeviceOperation,64,3323.0
1516544,,BinaryNgDeviceOperation,64,3320.0
2270208,1,SliceDeviceOperation,64,3320.0
747520,,UntilizeWithUnpaddingDeviceOperation,1,3318.0
2449408,1,SliceDeviceOperation,64,3317.0
1178624,,BinaryNgDeviceOperation,64,3312.0
779264,,BinaryNgDeviceOperation,64,3306.0
1301504,,BinaryNgDeviceOperation,64,3306.0
1240064,,BinaryNgDeviceOperation,64,3305.0
1865728,1,SliceDeviceOperation,64,3305.0
1332224,,BinaryNgDeviceOperation,64,3300.0
871424,,BinaryNgDeviceOperation,64,3294.0
932864,,BinaryNgDeviceOperation,64,3287.0
1616896,1,BinaryNgDeviceOperation,64,3286.0
1086464,,BinaryNgDeviceOperation,64,3284.0
1455104,,BinaryNgDeviceOperation,64,3284.0
1247232,,SliceDeviceOperation,64,3283.0
1608704,,BinaryNgDeviceOperation,64,3282.0
1025024,,BinaryNgDeviceOperation,64,3278.0
963584,,BinaryNgDeviceOperation,64,3273.0
733184,,BinaryNgDeviceOperation,64,3269.0
1577984,,BinaryNgDeviceOperation,64,3266.0
1896448,1,SliceDeviceOperation,64,3266.0
1362944,,BinaryNgDeviceOperation,64,3262.0
559104,,UntilizeWithUnpaddingDeviceOperation,56,3256.0
975872,,SliceDeviceOperation,64,3253.0
1485824,,BinaryNgDeviceOperation,64,3250.0
1344512,,SliceDeviceOperation,64,3227.0
902144,,BinaryNgDeviceOperation,64,3225.0
840704,,BinaryNgDeviceOperation,64,3221.0
2418688,1,SliceDeviceOperation,64,3221.0
1006592,,SliceDeviceOperation,64,3219.0
1209344,,BinaryNgDeviceOperation,64,3219.0
460800,,UntilizeWithUnpaddingDeviceOperation,56,3218.0
501760,,UntilizeWithUnpaddingDeviceOperation,56,3207.0
753664,,SliceDeviceOperation,64,3203.0
1037312,,SliceDeviceOperation,64,3202.0
741376,,SliceDeviceOperation,64,3201.0
883712,,SliceDeviceOperation,64,3197.0
1283072,,SliceDeviceOperation,64,3193.0
1277952,,SliceDeviceOperation,64,3184.0
2147328,1,SliceDeviceOperation,64,3180.0
1062912,,SliceDeviceOperation,64,3166.0
316416,,UntilizeWithUnpaddingDeviceOperation,56,3164.0
475136,,UntilizeWithUnpaddingDeviceOperation,56,3157.0
183296,,UntilizeWithUnpaddingDeviceOperation,56,3153.0
1160192,,SliceDeviceOperation,64,3149.0
1436672,,SliceDeviceOperation,64,3123.0
248832,,UntilizeWithUnpaddingDeviceOperation,56,3117.0
1590272,,SliceDeviceOperation,64,3114.0
914432,,SliceDeviceOperation,64,3113.0
2295808,1,SliceDeviceOperation,64,3112.0
1093632,,SliceDeviceOperation,64,3110.0
602112,,UntilizeWithUnpaddingDeviceOperation,56,3104.0
1742848,1,SliceDeviceOperation,64,3101.0
1681408,1,SliceDeviceOperation,64,3100.0
281600,,UntilizeWithUnpaddingDeviceOperation,56,3097.0
1528832,,SliceDeviceOperation,64,3096.0
1308672,,SliceDeviceOperation,64,3095.0
337920,,UntilizeWithUnpaddingDeviceOperation,56,3093.0
1492992,,SliceDeviceOperation,64,3088.0
1339392,,SliceDeviceOperation,64,3086.0
1252352,,SliceDeviceOperation,64,3084.0
587776,,UntilizeWithUnpaddingDeviceOperation,56,3077.0
1804288,1,SliceDeviceOperation,64,3075.0
2080768,1,SliceDeviceOperation,64,3074.0
940032,,SliceDeviceOperation,64,3072.0
711680,,UntilizeWithUnpaddingDeviceOperation,56,3069.0
263168,,UntilizeWithUnpaddingDeviceOperation,56,3065.0
1068032,,SliceDeviceOperation,64,3063.0
2485248,1,SliceDeviceOperation,64,3058.0
361472,,UntilizeWithUnpaddingDeviceOperation,56,3054.0
668672,,UntilizeWithUnpaddingDeviceOperation,56,3054.0
1523712,,SliceDeviceOperation,64,3050.0
697344,,UntilizeWithUnpaddingDeviceOperation,56,3049.0
970752,,SliceDeviceOperation,64,3044.0
295936,,UntilizeWithUnpaddingDeviceOperation,56,3042.0
530432,,UntilizeWithUnpaddingDeviceOperation,56,3042.0
1498112,,SliceDeviceOperation,64,3042.0
1773568,1,SliceDeviceOperation,64,3034.0
386048,,UntilizeWithUnpaddingDeviceOperation,56,3023.0
197632,,UntilizeWithUnpaddingDeviceOperation,56,3022.0
216064,,UntilizeWithUnpaddingDeviceOperation,56,3020.0
2234368,1,SliceDeviceOperation,64,3019.0
230400,,UntilizeWithUnpaddingDeviceOperation,56,3017.0
1614848,1,BinaryNgDeviceOperation,64,3017.0
1313792,,SliceDeviceOperation,64,3016.0
1098752,,SliceDeviceOperation,64,3014.0
423936,,UntilizeWithUnpaddingDeviceOperation,56,3013.0
616448,,UntilizeWithUnpaddingDeviceOperation,56,3012.0
2178048,1,SliceDeviceOperation,64,3012.0
2116608,1,SliceDeviceOperation,64,3011.0
1185792,,SliceDeviceOperation,64,3010.0
1585152,,SliceDeviceOperation,64,3007.0
2050048,1,SliceDeviceOperation,64,3006.0
2024448,1,SliceDeviceOperation,64,3005.0
516096,,UntilizeWithUnpaddingDeviceOperation,56,3001.0
2239488,1,SliceDeviceOperation,64,2997.0
1630208,1,UnaryDeviceOperation,64,2996.0
2350080,1,BinaryNgDeviceOperation,64,2994.0
2085888,1,SliceDeviceOperation,64,2993.0
786432,,SliceDeviceOperation,64,2990.0
1988608,1,SliceDeviceOperation,64,2989.0
1405952,,SliceDeviceOperation,64,2985.0
1431552,,SliceDeviceOperation,64,2984.0
1216512,,SliceDeviceOperation,64,2981.0
878592,,SliceDeviceOperation,64,2980.0
1809408,1,SliceDeviceOperation,64,2972.0
822272,,SliceDeviceOperation,64,2966.0
438272,,UntilizeWithUnpaddingDeviceOperation,56,2965.0
1648640,1,SliceDeviceOperation,64,2964.0
2454528,1,SliceDeviceOperation,64,2963.0
2172928,1,SliceDeviceOperation,64,2958.0
1870848,1,SliceDeviceOperation,64,2954.0
909312,,SliceDeviceOperation,64,2951.0
1467392,,SliceDeviceOperation,64,2951.0
1124352,,SliceDeviceOperation,64,2950.0
400384,,UntilizeWithUnpaddingDeviceOperation,56,2949.0
852992,,SliceDeviceOperation,64,2949.0
2300928,1,SliceDeviceOperation,64,2949.0
650240,,UntilizeWithUnpaddingDeviceOperation,56,2947.0
1559552,,SliceDeviceOperation,64,2946.0
2423808,1,SliceDeviceOperation,64,2945.0
1190912,,SliceDeviceOperation,64,2944.0
1674240,1,BinaryNgDeviceOperation,64,2942.0
735232,,UnaryDeviceOperation,64,2937.0
1963008,1,SliceDeviceOperation,64,2936.0
1840128,1,SliceDeviceOperation,64,2935.0
847872,,SliceDeviceOperation,64,2934.0
2111488,1,SliceDeviceOperation,64,2928.0
1400832,,SliceDeviceOperation,64,2927.0
1932288,1,SliceDeviceOperation,64,2921.0
1001472,,SliceDeviceOperation,64,2916.0
1129472,,SliceDeviceOperation,64,2912.0
791552,,SliceDeviceOperation,64,2908.0
1554432,,SliceDeviceOperation,64,2904.0
2019328,1,SliceDeviceOperation,64,2899.0
1462272,,SliceDeviceOperation,64,2898.0
2326528,1,SliceDeviceOperation,64,2897.0
2480128,1,SliceDeviceOperation,64,2893.0
1632256,1,UnaryDeviceOperation,64,2884.0
1712128,1,SliceDeviceOperation,64,2883.0
945152,,SliceDeviceOperation,64,2882.0
2380800,1,BinaryNgDeviceOperation,64,2878.0
2055168,1,SliceDeviceOperation,64,2876.0
2472960,1,BinaryNgDeviceOperation,64,2876.0
1778688,1,SliceDeviceOperation,64,2875.0
2411520,1,BinaryNgDeviceOperation,64,2875.0
1636352,1,SliceDeviceOperation,64,2872.0
1032192,,SliceDeviceOperation,64,2865.0
1221632,,SliceDeviceOperation,64,2863.0
1747968,1,SliceDeviceOperation,64,2860.0
1889280,1,BinaryNgDeviceOperation,64,2849.0
2442240,1,BinaryNgDeviceOperation,64,2848.0
1827840,1,BinaryNgDeviceOperation,64,2846.0
1858560,1,BinaryNgDeviceOperation,64,2837.0
1950720,1,BinaryNgDeviceOperation,64,2835.0
1155072,,SliceDeviceOperation,64,2833.0
817152,,SliceDeviceOperation,64,2827.0
1766400,1,BinaryNgDeviceOperation,64,2827.0
1981440,1,BinaryNgDeviceOperation,64,2825.0
2503680,1,BinaryNgDeviceOperation,64,2821.0
1370112,,SliceDeviceOperation,64,2817.0
2196480,1,BinaryNgDeviceOperation,64,2817.0
2319360,1,BinaryNgDeviceOperation,64,2817.0
1704960,1,BinaryNgDeviceOperation,64,2816.0
2012160,1,BinaryNgDeviceOperation,64,2814.0
2288640,1,BinaryNgDeviceOperation,64,2812.0
1686528,1,SliceDeviceOperation,64,2810.0
2257920,1,BinaryNgDeviceOperation,64,2810.0
1993728,1,SliceDeviceOperation,64,2808.0
2165760,1,BinaryNgDeviceOperation,64,2807.0
2042880,1,BinaryNgDeviceOperation,64,2805.0
1920000,1,BinaryNgDeviceOperation,64,2803.0
721920,,BinaryNgDeviceOperation,64,2802.0
2387968,1,SliceDeviceOperation,64,2802.0
719872,,BinaryNgDeviceOperation,64,2801.0
2203648,1,SliceDeviceOperation,64,2796.0
2227200,1,BinaryNgDeviceOperation,64,2796.0
2208768,1,SliceDeviceOperation,64,2795.0
2135040,1,BinaryNgDeviceOperation,64,2783.0
1797120,1,BinaryNgDeviceOperation,64,2782.0
1735680,1,BinaryNgDeviceOperation,64,2776.0
2073600,1,BinaryNgDeviceOperation,64,2758.0
2104320,1,BinaryNgDeviceOperation,64,2755.0
2331648,1,SliceDeviceOperation,64,2689.0
1717248,1,SliceDeviceOperation,64,2676.0
1901568,1,SliceDeviceOperation,64,2663.0
737280,,UnaryDeviceOperation,64,2653.0
2393088,1,SliceDeviceOperation,64,2632.0
2060288,1,InterleavedToShardedDeviceOperation,32,2629.0
2362368,1,SliceDeviceOperation,64,2623.0
748544,,RepeatDeviceOperation,64,2438.0
1643520,1,RepeatDeviceOperation,64,2438.0
2265088,1,SliceDeviceOperation,64,2406.0
2112512,1,InterleavedToShardedDeviceOperation,32,2366.0
1937408,1,InterleavedToShardedDeviceOperation,32,2302.0
736256,,TypecastDeviceOperation,4,2291.0
738304,,TypecastDeviceOperation,4,2240.0
1309696,,InterleavedToShardedDeviceOperation,32,2224.0
2490368,1,InterleavedToShardedDeviceOperation,32,2171.0
910336,,InterleavedToShardedDeviceOperation,32,2169.0
1033216,,InterleavedToShardedDeviceOperation,32,2146.0
1633280,1,TypecastDeviceOperation,4,2146.0
1307648,,ShardedToInterleavedDeviceOperation,32,2145.0
1631232,1,TypecastDeviceOperation,4,2141.0
1595392,,InterleavedToShardedDeviceOperation,32,2134.0
980992,,InterleavedToShardedDeviceOperation,32,2126.0
941056,,InterleavedToShardedDeviceOperation,32,2113.0
1257472,,InterleavedToShardedDeviceOperation,32,2113.0
765952,,InterleavedToShardedDeviceOperation,32,2112.0
2306048,1,InterleavedToShardedDeviceOperation,32,2112.0
919552,,InterleavedToShardedDeviceOperation,32,2103.0
1125376,,InterleavedToShardedDeviceOperation,32,2101.0
1248256,,InterleavedToShardedDeviceOperation,32,2083.0
1441792,,InterleavedToShardedDeviceOperation,32,2081.0
974848,,ShardedToInterleavedDeviceOperation,32,2077.0
888832,,InterleavedToShardedDeviceOperation,32,2071.0
1586176,,InterleavedToShardedDeviceOperation,32,2060.0
787456,,InterleavedToShardedDeviceOperation,32,2047.0
1156096,,InterleavedToShardedDeviceOperation,32,2047.0
1432576,,InterleavedToShardedDeviceOperation,32,2047.0
1472512,,InterleavedToShardedDeviceOperation,32,2047.0
950272,,InterleavedToShardedDeviceOperation,32,2036.0
1063936,,InterleavedToShardedDeviceOperation,32,2023.0
2202624,1,ShardedToInterleavedDeviceOperation,32,2023.0
848896,,InterleavedToShardedDeviceOperation,32,2014.0
1011712,,InterleavedToShardedDeviceOperation,32,2014.0
1401856,,InterleavedToShardedDeviceOperation,32,2014.0
1380352,,InterleavedToShardedDeviceOperation,32,2013.0
1533952,,InterleavedToShardedDeviceOperation,32,2013.0
1584128,,ShardedToInterleavedDeviceOperation,32,2009.0
1042432,,InterleavedToShardedDeviceOperation,32,2005.0
1340416,,InterleavedToShardedDeviceOperation,32,2004.0
478208,,ConcatDeviceOperation,1,2003.0
1165312,,InterleavedToShardedDeviceOperation,32,2002.0
1103872,,InterleavedToShardedDeviceOperation,32,1994.0
1186816,,InterleavedToShardedDeviceOperation,32,1994.0
1226752,,InterleavedToShardedDeviceOperation,32,1994.0
1278976,,InterleavedToShardedDeviceOperation,32,1994.0
1371136,,InterleavedToShardedDeviceOperation,32,1993.0
671744,,ConcatDeviceOperation,1,1992.0
266240,,ConcatDeviceOperation,1,1991.0
700416,,ConcatDeviceOperation,1,1991.0
319488,,ConcatDeviceOperation,1,1990.0
1411072,,InterleavedToShardedDeviceOperation,32,1990.0
1217536,,InterleavedToShardedDeviceOperation,32,1989.0
533504,,ConcatDeviceOperation,1,1988.0
2428928,1,InterleavedToShardedDeviceOperation,32,1987.0
1094656,,InterleavedToShardedDeviceOperation,32,1982.0
590848,,ConcatDeviceOperation,1,1981.0
1134592,,InterleavedToShardedDeviceOperation,32,1981.0
1503232,,InterleavedToShardedDeviceOperation,32,1981.0
1998848,1,InterleavedToShardedDeviceOperation,32,1981.0
796672,,InterleavedToShardedDeviceOperation,32,1980.0
2029568,1,InterleavedToShardedDeviceOperation,32,1980.0
1430528,,ShardedToInterleavedDeviceOperation,32,1977.0
2244608,1,InterleavedToShardedDeviceOperation,32,1975.0
519168,,ConcatDeviceOperation,1,1974.0
1589248,,ShardedToInterleavedDeviceOperation,32,1974.0
299008,,ConcatDeviceOperation,1,1973.0
742400,,InterleavedToShardedDeviceOperation,32,1973.0
1555456,,InterleavedToShardedDeviceOperation,32,1973.0
389120,,ConcatDeviceOperation,1,1972.0
1524736,,InterleavedToShardedDeviceOperation,32,1972.0
364544,,ConcatDeviceOperation,1,1969.0
441344,,ConcatDeviceOperation,1,1969.0
1466368,,ShardedToInterleavedDeviceOperation,32,1963.0
971776,,InterleavedToShardedDeviceOperation,32,1960.0
2422784,1,ShardedToInterleavedDeviceOperation,32,1954.0
2392064,1,ShardedToInterleavedDeviceOperation,32,1952.0
1463296,,InterleavedToShardedDeviceOperation,32,1951.0
1196032,,InterleavedToShardedDeviceOperation,32,1950.0
1374208,,ShardedToInterleavedDeviceOperation,32,1950.0
1002496,,InterleavedToShardedDeviceOperation,32,1947.0
1067008,,ShardedToInterleavedDeviceOperation,32,1946.0
1404928,,ShardedToInterleavedDeviceOperation,32,1944.0
827392,,InterleavedToShardedDeviceOperation,32,1941.0
1288192,,InterleavedToShardedDeviceOperation,32,1939.0
1564672,,InterleavedToShardedDeviceOperation,32,1939.0
1031168,,ShardedToInterleavedDeviceOperation,32,1937.0
1061888,,ShardedToInterleavedDeviceOperation,32,1937.0
1128448,,ShardedToInterleavedDeviceOperation,32,1937.0
1073152,,InterleavedToShardedDeviceOperation,32,1936.0
1184768,,ShardedToInterleavedDeviceOperation,32,1929.0
858112,,InterleavedToShardedDeviceOperation,32,1928.0
1282048,,ShardedToInterleavedDeviceOperation,32,1927.0
200704,,ConcatDeviceOperation,1,1921.0
821248,,ShardedToInterleavedDeviceOperation,32,1921.0
1251328,,ShardedToInterleavedDeviceOperation,32,1921.0
1461248,,ShardedToInterleavedDeviceOperation,32,1916.0
1259520,,ShardedToInterleavedDeviceOperation,28,1913.0
1399808,,ShardedToInterleavedDeviceOperation,32,1913.0
818176,,InterleavedToShardedDeviceOperation,32,1906.0
1318912,,InterleavedToShardedDeviceOperation,32,1906.0
1494016,,InterleavedToShardedDeviceOperation,32,1906.0
877568,,ShardedToInterleavedDeviceOperation,32,1905.0
219136,,ConcatDeviceOperation,1,1900.0
2508800,,UntilizeWithUnpaddingDeviceOperation,1,1900.0
1136640,,ShardedToInterleavedDeviceOperation,28,1897.0
2459648,1,InterleavedToShardedDeviceOperation,32,1897.0
851968,,ShardedToInterleavedDeviceOperation,32,1895.0
739328,,ShardedToInterleavedDeviceOperation,32,1891.0
1246208,,ShardedToInterleavedDeviceOperation,32,1891.0
504832,,ConcatDeviceOperation,1,1890.0
714752,,ConcatDeviceOperation,1,1888.0
2183168,1,InterleavedToShardedDeviceOperation,32,1888.0
1435648,,ShardedToInterleavedDeviceOperation,32,1887.0
1634304,1,ShardedToInterleavedDeviceOperation,32,1887.0
882688,,ShardedToInterleavedDeviceOperation,32,1886.0
2084864,1,ShardedToInterleavedDeviceOperation,32,1885.0
2325504,1,ShardedToInterleavedDeviceOperation,32,1881.0
2121728,1,InterleavedToShardedDeviceOperation,32,1880.0
1900544,1,ShardedToInterleavedDeviceOperation,32,1879.0
1343488,,ShardedToInterleavedDeviceOperation,32,1877.0
816128,,ShardedToInterleavedDeviceOperation,32,1874.0
1660928,1,InterleavedToShardedDeviceOperation,32,1873.0
879616,,InterleavedToShardedDeviceOperation,32,1869.0
2515968,,UntilizeWithUnpaddingDeviceOperation,1,1860.0
1338368,,ShardedToInterleavedDeviceOperation,32,1857.0
785408,,ShardedToInterleavedDeviceOperation,32,1856.0
2516992,,UntilizeWithUnpaddingDeviceOperation,1,1852.0
1753088,1,InterleavedToShardedDeviceOperation,32,1850.0
908288,,ShardedToInterleavedDeviceOperation,32,1849.0
1075200,,ShardedToInterleavedDeviceOperation,28,1847.0
751616,,ShardedToInterleavedDeviceOperation,32,1842.0
1553408,,ShardedToInterleavedDeviceOperation,32,1842.0
2526208,,UntilizeWithUnpaddingDeviceOperation,1,1841.0
1036288,,ShardedToInterleavedDeviceOperation,32,1838.0
1349632,,InterleavedToShardedDeviceOperation,32,1837.0
2512896,,UntilizeWithUnpaddingDeviceOperation,1,1836.0
335872,,SliceDeviceOperation,1,1835.0
2536448,,UntilizeWithUnpaddingDeviceOperation,1,1834.0
514048,,SliceDeviceOperation,1,1832.0
1895424,1,ShardedToInterleavedDeviceOperation,32,1832.0
695296,,SliceDeviceOperation,1,1831.0
473088,,SliceDeviceOperation,1,1828.0
790528,,ShardedToInterleavedDeviceOperation,32,1825.0
1092608,,ShardedToInterleavedDeviceOperation,32,1825.0
1382400,,ShardedToInterleavedDeviceOperation,28,1825.0
233472,,ConcatDeviceOperation,1,1821.0
648192,,SliceDeviceOperation,1,1819.0
284672,,ConcatDeviceOperation,1,1818.0
1000448,,ShardedToInterleavedDeviceOperation,32,1818.0
186368,,ConcatDeviceOperation,1,1817.0
251904,,ConcatDeviceOperation,1,1817.0
463872,,ConcatDeviceOperation,1,1817.0
605184,,ConcatDeviceOperation,1,1817.0
653312,,ConcatDeviceOperation,1,1817.0
1154048,,ShardedToInterleavedDeviceOperation,32,1817.0
2091008,1,InterleavedToShardedDeviceOperation,32,1817.0
2275328,1,InterleavedToShardedDeviceOperation,32,1817.0
619520,,ConcatDeviceOperation,1,1815.0
427008,,ConcatDeviceOperation,1,1814.0
195584,,SliceDeviceOperation,1,1811.0
340992,,ConcatDeviceOperation,1,1810.0
403456,,ConcatDeviceOperation,1,1809.0
562176,,ConcatDeviceOperation,1,1809.0
1159168,,ShardedToInterleavedDeviceOperation,32,1809.0
2213888,1,InterleavedToShardedDeviceOperation,32,1808.0
939008,,ShardedToInterleavedDeviceOperation,32,1807.0
983040,,ShardedToInterleavedDeviceOperation,28,1801.0
1123328,,ShardedToInterleavedDeviceOperation,32,1801.0
1597440,,ShardedToInterleavedDeviceOperation,28,1799.0
1005568,,ShardedToInterleavedDeviceOperation,32,1798.0
2386944,1,ShardedToInterleavedDeviceOperation,32,1795.0
2079744,1,ShardedToInterleavedDeviceOperation,32,1792.0
2398208,1,InterleavedToShardedDeviceOperation,32,1789.0
1527808,,ShardedToInterleavedDeviceOperation,32,1787.0
1522688,,ShardedToInterleavedDeviceOperation,32,1786.0
1215488,,ShardedToInterleavedDeviceOperation,32,1785.0
1491968,,ShardedToInterleavedDeviceOperation,32,1785.0
2152448,1,InterleavedToShardedDeviceOperation,32,1785.0
1312768,,ShardedToInterleavedDeviceOperation,32,1784.0
1536000,,ShardedToInterleavedDeviceOperation,28,1780.0
1189888,,ShardedToInterleavedDeviceOperation,32,1777.0
2171904,1,ShardedToInterleavedDeviceOperation,32,1773.0
1956864,1,ShardedToInterleavedDeviceOperation,32,1770.0
1351680,,ShardedToInterleavedDeviceOperation,28,1769.0
2523136,,UntilizeWithUnpaddingDeviceOperation,1,1767.0
1276928,,ShardedToInterleavedDeviceOperation,32,1762.0
1497088,,ShardedToInterleavedDeviceOperation,32,1762.0
1013760,,ShardedToInterleavedDeviceOperation,28,1761.0
1505280,,ShardedToInterleavedDeviceOperation,28,1761.0
1961984,1,ShardedToInterleavedDeviceOperation,32,1757.0
2448384,1,ShardedToInterleavedDeviceOperation,32,1755.0
398336,,SliceDeviceOperation,1,1752.0
1756160,1,InterleavedToShardedDeviceOperation,8,1752.0
1566720,,ShardedToInterleavedDeviceOperation,28,1751.0
1443840,,ShardedToInterleavedDeviceOperation,28,1750.0
860160,,ShardedToInterleavedDeviceOperation,28,1745.0
944128,,ShardedToInterleavedDeviceOperation,32,1745.0
1711104,1,ShardedToInterleavedDeviceOperation,32,1743.0
1926144,1,ShardedToInterleavedDeviceOperation,32,1739.0
181248,,SliceDeviceOperation,1,1738.0
1474560,,ShardedToInterleavedDeviceOperation,28,1738.0
2522112,,UntilizeWithUnpaddingDeviceOperation,1,1738.0
2018304,1,ShardedToInterleavedDeviceOperation,32,1732.0
2524160,,UntilizeWithUnpaddingDeviceOperation,1,1730.0
261120,,SliceDeviceOperation,1,1729.0
2520064,,UntilizeWithUnpaddingDeviceOperation,1,1729.0
2023424,1,ShardedToInterleavedDeviceOperation,32,1728.0
988160,,ShardedToInterleavedDeviceOperation,56,1727.0
1558528,,ShardedToInterleavedDeviceOperation,32,1723.0
1646592,1,ShardedToInterleavedDeviceOperation,32,1722.0
1685504,1,ShardedToInterleavedDeviceOperation,32,1721.0
768000,,ShardedToInterleavedDeviceOperation,28,1720.0
2330624,1,ShardedToInterleavedDeviceOperation,32,1719.0
2531328,,UntilizeWithUnpaddingDeviceOperation,1,1718.0
2177024,1,ShardedToInterleavedDeviceOperation,32,1715.0
734208,,ConcatDeviceOperation,4,1714.0
969728,,ShardedToInterleavedDeviceOperation,32,1714.0
1044480,,ShardedToInterleavedDeviceOperation,28,1711.0
2115584,1,ShardedToInterleavedDeviceOperation,32,1711.0
1228800,,ShardedToInterleavedDeviceOperation,28,1707.0
2110464,1,ShardedToInterleavedDeviceOperation,32,1707.0
1691648,1,InterleavedToShardedDeviceOperation,32,1706.0
2514944,,UntilizeWithUnpaddingDeviceOperation,1,1706.0
846848,,ShardedToInterleavedDeviceOperation,32,1705.0
1220608,,ShardedToInterleavedDeviceOperation,32,1705.0
2519040,,UntilizeWithUnpaddingDeviceOperation,1,1705.0
2484224,1,ShardedToInterleavedDeviceOperation,32,1704.0
913408,,ShardedToInterleavedDeviceOperation,32,1703.0
1290240,,ShardedToInterleavedDeviceOperation,28,1703.0
1510400,,ShardedToInterleavedDeviceOperation,56,1701.0
1097728,,ShardedToInterleavedDeviceOperation,32,1699.0
2299904,1,ShardedToInterleavedDeviceOperation,32,1699.0
2529280,,UntilizeWithUnpaddingDeviceOperation,1,1699.0
2493440,1,InterleavedToShardedDeviceOperation,8,1698.0
2537472,,UntilizeWithUnpaddingDeviceOperation,1,1698.0
2001920,1,InterleavedToShardedDeviceOperation,8,1697.0
1320960,,ShardedToInterleavedDeviceOperation,28,1695.0
1105920,,ShardedToInterleavedDeviceOperation,28,1693.0
2513920,,UntilizeWithUnpaddingDeviceOperation,1,1692.0
2533376,,UntilizeWithUnpaddingDeviceOperation,1,1690.0
1369088,,ShardedToInterleavedDeviceOperation,32,1689.0
1479680,,ShardedToInterleavedDeviceOperation,56,1685.0
2521088,,UntilizeWithUnpaddingDeviceOperation,1,1685.0
2511872,,UntilizeWithUnpaddingDeviceOperation,1,1683.0
2510848,,UntilizeWithUnpaddingDeviceOperation,1,1681.0
2054144,1,ShardedToInterleavedDeviceOperation,32,1680.0
2534400,,UntilizeWithUnpaddingDeviceOperation,1,1680.0
1741824,1,ShardedToInterleavedDeviceOperation,32,1679.0
2269184,1,ShardedToInterleavedDeviceOperation,32,1678.0
2294784,1,ShardedToInterleavedDeviceOperation,32,1677.0
1746944,1,ShardedToInterleavedDeviceOperation,32,1675.0
2336768,1,InterleavedToShardedDeviceOperation,32,1675.0
2530304,,UntilizeWithUnpaddingDeviceOperation,1,1675.0
798720,,ShardedToInterleavedDeviceOperation,28,1673.0
926720,,ShardedToInterleavedDeviceOperation,56,1673.0
1777664,1,ShardedToInterleavedDeviceOperation,32,1671.0
2509824,,UntilizeWithUnpaddingDeviceOperation,1,1670.0
1864704,1,ShardedToInterleavedDeviceOperation,32,1669.0
1987584,1,ShardedToInterleavedDeviceOperation,32,1667.0
890880,,ShardedToInterleavedDeviceOperation,28,1666.0
1992704,1,ShardedToInterleavedDeviceOperation,32,1665.0
2367488,1,InterleavedToShardedDeviceOperation,32,1665.0
2518016,,UntilizeWithUnpaddingDeviceOperation,1,1664.0
2525184,,UntilizeWithUnpaddingDeviceOperation,1,1664.0
2535424,,UntilizeWithUnpaddingDeviceOperation,1,1664.0
1680384,1,ShardedToInterleavedDeviceOperation,32,1663.0
214016,,SliceDeviceOperation,1,1658.0
384000,,SliceDeviceOperation,1,1658.0
1629184,1,ConcatDeviceOperation,4,1658.0
1413120,,ShardedToInterleavedDeviceOperation,28,1657.0
2098176,1,ShardedToInterleavedDeviceOperation,56,1657.0
314368,,SliceDeviceOperation,1,1656.0
421888,,SliceDeviceOperation,1,1656.0
709632,,SliceDeviceOperation,1,1656.0
803840,,ShardedToInterleavedDeviceOperation,56,1656.0
436224,,SliceDeviceOperation,1,1655.0
528384,,SliceDeviceOperation,1,1655.0
585728,,SliceDeviceOperation,1,1655.0
2417664,1,ShardedToInterleavedDeviceOperation,32,1655.0
2532352,,UntilizeWithUnpaddingDeviceOperation,1,1655.0
293888,,SliceDeviceOperation,1,1654.0
499712,,SliceDeviceOperation,1,1654.0
600064,,SliceDeviceOperation,1,1654.0
1722368,1,InterleavedToShardedDeviceOperation,32,1654.0
1821696,1,ShardedToInterleavedDeviceOperation,56,1654.0
228352,,SliceDeviceOperation,1,1653.0
2479104,1,ShardedToInterleavedDeviceOperation,32,1653.0
279552,,SliceDeviceOperation,1,1652.0
614400,,SliceDeviceOperation,1,1652.0
1418240,,ShardedToInterleavedDeviceOperation,56,1652.0
359424,,SliceDeviceOperation,1,1651.0
2264064,1,ShardedToInterleavedDeviceOperation,32,1651.0
458752,,SliceDeviceOperation,1,1650.0
1875968,1,InterleavedToShardedDeviceOperation,32,1650.0
1931264,1,ShardedToInterleavedDeviceOperation,32,1648.0
666624,,SliceDeviceOperation,1,1647.0
2146304,1,ShardedToInterleavedDeviceOperation,32,1647.0
2528256,,UntilizeWithUnpaddingDeviceOperation,1,1647.0
557056,,SliceDeviceOperation,1,1646.0
1295360,,ShardedToInterleavedDeviceOperation,56,1643.0
246784,,SliceDeviceOperation,1,1642.0
1729536,1,ShardedToInterleavedDeviceOperation,56,1639.0
1803264,1,ShardedToInterleavedDeviceOperation,32,1639.0
1626112,1,TypecastDeviceOperation,1,1638.0
2527232,,UntilizeWithUnpaddingDeviceOperation,1,1637.0
921600,,ShardedToInterleavedDeviceOperation,28,1633.0
1198080,,ShardedToInterleavedDeviceOperation,28,1626.0
1772544,1,ShardedToInterleavedDeviceOperation,32,1626.0
952320,,ShardedToInterleavedDeviceOperation,28,1625.0
1716224,1,ShardedToInterleavedDeviceOperation,32,1624.0
1167360,,ShardedToInterleavedDeviceOperation,28,1623.0
1264640,,ShardedToInterleavedDeviceOperation,56,1623.0
1571840,,ShardedToInterleavedDeviceOperation,56,1623.0
1869824,1,ShardedToInterleavedDeviceOperation,32,1623.0
1968128,1,InterleavedToShardedDeviceOperation,32,1622.0
2238464,1,ShardedToInterleavedDeviceOperation,32,1620.0
1833984,1,ShardedToInterleavedDeviceOperation,32,1619.0
1541120,,ShardedToInterleavedDeviceOperation,56,1618.0
1755136,1,ShardedToInterleavedDeviceOperation,28,1617.0
2049024,1,ShardedToInterleavedDeviceOperation,32,1615.0
1906688,1,InterleavedToShardedDeviceOperation,32,1610.0
896000,,ShardedToInterleavedDeviceOperation,56,1607.0
1814528,1,InterleavedToShardedDeviceOperation,32,1606.0
829440,,ShardedToInterleavedDeviceOperation,28,1601.0
1111040,,ShardedToInterleavedDeviceOperation,56,1601.0
865280,,ShardedToInterleavedDeviceOperation,56,1599.0
2207744,1,ShardedToInterleavedDeviceOperation,32,1599.0
2400256,1,ShardedToInterleavedDeviceOperation,28,1594.0
1141760,,ShardedToInterleavedDeviceOperation,56,1589.0
1808384,1,ShardedToInterleavedDeviceOperation,32,1583.0
1624064,1,RepeatDeviceOperation,64,1581.0
1233920,,ShardedToInterleavedDeviceOperation,56,1572.0
729088,,RepeatDeviceOperation,64,1572.0
1326080,,ShardedToInterleavedDeviceOperation,56,1570.0
1448960,,ShardedToInterleavedDeviceOperation,56,1570.0
2128896,1,ShardedToInterleavedDeviceOperation,56,1566.0
1172480,,ShardedToInterleavedDeviceOperation,56,1561.0
2436096,1,ShardedToInterleavedDeviceOperation,56,1559.0
2361344,1,ShardedToInterleavedDeviceOperation,32,1557.0
2124800,1,InterleavedToShardedDeviceOperation,8,1554.0
2159616,1,ShardedToInterleavedDeviceOperation,56,1551.0
2251776,1,ShardedToInterleavedDeviceOperation,56,1544.0
1203200,,ShardedToInterleavedDeviceOperation,56,1537.0
2343936,1,ShardedToInterleavedDeviceOperation,56,1535.0
2466816,1,ShardedToInterleavedDeviceOperation,56,1534.0
2051072,1,InterleavedToShardedDeviceOperation,32,1532.0
1356800,,ShardedToInterleavedDeviceOperation,56,1530.0
2093056,1,ShardedToInterleavedDeviceOperation,28,1530.0
2233344,1,ShardedToInterleavedDeviceOperation,32,1527.0
1944576,1,ShardedToInterleavedDeviceOperation,56,1523.0
1845248,1,InterleavedToShardedDeviceOperation,32,1519.0
2020352,1,InterleavedToShardedDeviceOperation,32,1518.0
2356224,1,ShardedToInterleavedDeviceOperation,32,1516.0
722944,,TypecastDeviceOperation,32,1515.0
2141184,1,ShardedToInterleavedDeviceOperation,32,1514.0
1617920,1,TypecastDeviceOperation,32,1508.0
731136,,TypecastDeviceOperation,1,1506.0
2369536,1,ShardedToInterleavedDeviceOperation,28,1505.0
1839104,1,ShardedToInterleavedDeviceOperation,32,1503.0
1387520,,ShardedToInterleavedDeviceOperation,56,1502.0
2313216,1,ShardedToInterleavedDeviceOperation,56,1502.0
1790976,1,ShardedToInterleavedDeviceOperation,56,1501.0
1883136,1,ShardedToInterleavedDeviceOperation,56,1501.0
2277376,1,ShardedToInterleavedDeviceOperation,28,1500.0
2401280,1,InterleavedToShardedDeviceOperation,8,1498.0
1080320,,ShardedToInterleavedDeviceOperation,56,1489.0
2246656,1,ShardedToInterleavedDeviceOperation,28,1489.0
1836032,1,InterleavedToShardedDeviceOperation,32,1486.0
773120,,ShardedToInterleavedDeviceOperation,56,1479.0
2327552,1,InterleavedToShardedDeviceOperation,32,1473.0
1602560,,ShardedToInterleavedDeviceOperation,56,1472.0
1199104,,InterleavedToShardedDeviceOperation,8,1467.0
1168384,,InterleavedToShardedDeviceOperation,8,1466.0
1783808,1,InterleavedToShardedDeviceOperation,32,1466.0
1958912,1,InterleavedToShardedDeviceOperation,32,1466.0
1049600,,ShardedToInterleavedDeviceOperation,56,1465.0
1229824,,InterleavedToShardedDeviceOperation,8,1458.0
2247680,1,InterleavedToShardedDeviceOperation,8,1457.0
2173952,1,InterleavedToShardedDeviceOperation,32,1456.0
2370560,1,InterleavedToShardedDeviceOperation,8,1456.0
2036736,1,ShardedToInterleavedDeviceOperation,56,1455.0
1414144,,InterleavedToShardedDeviceOperation,8,1454.0
957440,,ShardedToInterleavedDeviceOperation,56,1453.0
1786880,1,InterleavedToShardedDeviceOperation,8,1453.0
2190336,1,ShardedToInterleavedDeviceOperation,56,1453.0
2453504,1,ShardedToInterleavedDeviceOperation,32,1453.0
834560,,ShardedToInterleavedDeviceOperation,56,1450.0
1908736,1,ShardedToInterleavedDeviceOperation,28,1450.0
1975296,1,ShardedToInterleavedDeviceOperation,56,1447.0
769024,,InterleavedToShardedDeviceOperation,8,1440.0
2405376,1,ShardedToInterleavedDeviceOperation,56,1439.0
1598464,,InterleavedToShardedDeviceOperation,8,1437.0
1260544,,InterleavedToShardedDeviceOperation,8,1435.0
2266112,1,InterleavedToShardedDeviceOperation,32,1434.0
2374656,1,ShardedToInterleavedDeviceOperation,56,1434.0
891904,,InterleavedToShardedDeviceOperation,8,1433.0
1321984,,InterleavedToShardedDeviceOperation,8,1433.0
2186240,1,InterleavedToShardedDeviceOperation,8,1433.0
1137664,,InterleavedToShardedDeviceOperation,8,1432.0
1352704,,InterleavedToShardedDeviceOperation,8,1432.0
1725440,1,InterleavedToShardedDeviceOperation,8,1432.0
2094080,1,InterleavedToShardedDeviceOperation,8,1432.0
2235392,1,InterleavedToShardedDeviceOperation,32,1432.0
1852416,1,ShardedToInterleavedDeviceOperation,56,1431.0
1537024,,InterleavedToShardedDeviceOperation,8,1430.0
1444864,,InterleavedToShardedDeviceOperation,8,1429.0
1668096,1,ShardedToInterleavedDeviceOperation,56,1428.0
922624,,InterleavedToShardedDeviceOperation,8,1426.0
953344,,InterleavedToShardedDeviceOperation,8,1425.0
1567744,,InterleavedToShardedDeviceOperation,8,1425.0
2155520,1,InterleavedToShardedDeviceOperation,8,1424.0
861184,,InterleavedToShardedDeviceOperation,8,1423.0
984064,,InterleavedToShardedDeviceOperation,8,1423.0
830464,,InterleavedToShardedDeviceOperation,8,1421.0
1971200,1,InterleavedToShardedDeviceOperation,8,1421.0
1106944,,InterleavedToShardedDeviceOperation,8,1420.0
2032640,1,InterleavedToShardedDeviceOperation,8,1420.0
2278400,1,InterleavedToShardedDeviceOperation,8,1419.0
1939456,1,ShardedToInterleavedDeviceOperation,28,1417.0
1913856,1,ShardedToInterleavedDeviceOperation,56,1415.0
2282496,1,ShardedToInterleavedDeviceOperation,56,1415.0
2006016,1,ShardedToInterleavedDeviceOperation,56,1414.0
2216960,1,InterleavedToShardedDeviceOperation,8,1411.0
2339840,1,InterleavedToShardedDeviceOperation,8,1411.0
1076224,,InterleavedToShardedDeviceOperation,8,1409.0
1879040,1,InterleavedToShardedDeviceOperation,8,1409.0
1018880,,ShardedToInterleavedDeviceOperation,56,1407.0
2067456,1,ShardedToInterleavedDeviceOperation,56,1406.0
1694720,1,InterleavedToShardedDeviceOperation,8,1404.0
1909760,1,InterleavedToShardedDeviceOperation,8,1403.0
799744,,InterleavedToShardedDeviceOperation,8,1402.0
1045504,,InterleavedToShardedDeviceOperation,8,1402.0
1506304,,InterleavedToShardedDeviceOperation,8,1402.0
1014784,,InterleavedToShardedDeviceOperation,8,1401.0
1848320,1,InterleavedToShardedDeviceOperation,8,1401.0
1637376,1,InterleavedToShardedDeviceOperation,32,1400.0
1475584,,InterleavedToShardedDeviceOperation,8,1392.0
1940480,1,InterleavedToShardedDeviceOperation,8,1392.0
2063360,1,InterleavedToShardedDeviceOperation,8,1392.0
2432000,1,InterleavedToShardedDeviceOperation,8,1392.0
2497536,1,ShardedToInterleavedDeviceOperation,56,1392.0
1760256,1,ShardedToInterleavedDeviceOperation,56,1389.0
2450432,1,InterleavedToShardedDeviceOperation,32,1388.0
2185216,1,ShardedToInterleavedDeviceOperation,28,1385.0
2221056,1,ShardedToInterleavedDeviceOperation,56,1385.0
2123776,1,ShardedToInterleavedDeviceOperation,28,1380.0
1383424,,InterleavedToShardedDeviceOperation,8,1379.0
1664000,1,InterleavedToShardedDeviceOperation,8,1379.0
2309120,1,InterleavedToShardedDeviceOperation,8,1379.0
1291264,,InterleavedToShardedDeviceOperation,8,1378.0
1817600,1,InterleavedToShardedDeviceOperation,8,1378.0
1698816,1,ShardedToInterleavedDeviceOperation,56,1376.0
2481152,1,InterleavedToShardedDeviceOperation,32,1376.0
2419712,1,InterleavedToShardedDeviceOperation,32,1375.0
2462720,1,InterleavedToShardedDeviceOperation,8,1375.0
2492416,1,ShardedToInterleavedDeviceOperation,28,1375.0
2430976,1,ShardedToInterleavedDeviceOperation,28,1369.0
2461696,1,ShardedToInterleavedDeviceOperation,28,1364.0
1816576,1,ShardedToInterleavedDeviceOperation,28,1361.0
2081792,1,InterleavedToShardedDeviceOperation,32,1358.0
1682432,1,InterleavedToShardedDeviceOperation,32,1355.0
1713152,1,InterleavedToShardedDeviceOperation,32,1345.0
1897472,1,InterleavedToShardedDeviceOperation,32,1345.0
2358272,1,InterleavedToShardedDeviceOperation,32,1343.0
2204672,1,InterleavedToShardedDeviceOperation,32,1342.0
1785856,1,ShardedToInterleavedDeviceOperation,28,1334.0
415744,,SliceDeviceOperation,1,1333.0
243712,,SliceDeviceOperation,1,1332.0
1928192,1,InterleavedToShardedDeviceOperation,32,1324.0
1774592,1,InterleavedToShardedDeviceOperation,32,1321.0
1989632,1,InterleavedToShardedDeviceOperation,32,1321.0
2296832,1,InterleavedToShardedDeviceOperation,32,1321.0
579584,,SliceDeviceOperation,1,1318.0
2308096,1,ShardedToInterleavedDeviceOperation,28,1312.0
332800,,SliceDeviceOperation,1,1308.0
582656,,SliceDeviceOperation,1,1301.0
258048,,SliceDeviceOperation,1,1295.0
2338816,1,ShardedToInterleavedDeviceOperation,28,1274.0
1970176,1,ShardedToInterleavedDeviceOperation,28,1273.0
2215936,1,ShardedToInterleavedDeviceOperation,28,1268.0
2154496,1,ShardedToInterleavedDeviceOperation,28,1264.0
1693696,1,ShardedToInterleavedDeviceOperation,28,1254.0
290816,,SliceDeviceOperation,1,1243.0
2031616,1,ShardedToInterleavedDeviceOperation,28,1238.0
1805312,1,InterleavedToShardedDeviceOperation,32,1215.0
1847296,1,ShardedToInterleavedDeviceOperation,28,1212.0
1743872,1,InterleavedToShardedDeviceOperation,32,1202.0
1878016,1,ShardedToInterleavedDeviceOperation,28,1186.0
2143232,1,InterleavedToShardedDeviceOperation,32,1179.0
2388992,1,InterleavedToShardedDeviceOperation,32,1170.0
287744,,SliceDeviceOperation,1,1158.0
452608,,SliceDeviceOperation,1,1158.0
611328,,SliceDeviceOperation,1,1158.0
689152,,SliceDeviceOperation,1,1158.0
353280,,SliceDeviceOperation,1,1157.0
356352,,SliceDeviceOperation,1,1157.0
493568,,SliceDeviceOperation,1,1155.0
642048,,SliceDeviceOperation,1,1155.0
692224,,SliceDeviceOperation,1,1155.0
392192,,SliceDeviceOperation,1,1154.0
418816,,SliceDeviceOperation,1,1154.0
470016,,SliceDeviceOperation,1,1154.0
663552,,SliceDeviceOperation,1,1154.0
189440,,SliceDeviceOperation,1,1153.0
455680,,SliceDeviceOperation,1,1153.0
510976,,SliceDeviceOperation,1,1153.0
525312,,SliceDeviceOperation,1,1153.0
553984,,SliceDeviceOperation,1,1153.0
608256,,SliceDeviceOperation,1,1153.0
254976,,SliceDeviceOperation,1,1152.0
377856,,SliceDeviceOperation,1,1152.0
430080,,SliceDeviceOperation,1,1152.0
466944,,SliceDeviceOperation,1,1152.0
593920,,SliceDeviceOperation,1,1152.0
703488,,SliceDeviceOperation,1,1151.0
207872,,SliceDeviceOperation,1,1150.0
225280,,SliceDeviceOperation,1,1150.0
276480,,SliceDeviceOperation,1,1150.0
329728,,SliceDeviceOperation,1,1150.0
395264,,SliceDeviceOperation,1,1150.0
706560,,SliceDeviceOperation,1,1150.0
507904,,SliceDeviceOperation,1,1149.0
660480,,SliceDeviceOperation,1,1149.0
380928,,SliceDeviceOperation,1,1148.0
645120,,SliceDeviceOperation,1,1148.0
178176,,SliceDeviceOperation,1,1147.0
311296,,SliceDeviceOperation,1,1147.0
522240,,SliceDeviceOperation,1,1146.0
550912,,SliceDeviceOperation,1,1146.0
175104,,SliceDeviceOperation,1,1145.0
308224,,SliceDeviceOperation,1,1145.0
273408,,SliceDeviceOperation,1,1144.0
433152,,SliceDeviceOperation,1,1143.0
210944,,SliceDeviceOperation,1,1142.0
222208,,SliceDeviceOperation,1,1142.0
240640,,SliceDeviceOperation,1,1141.0
596992,,SliceDeviceOperation,1,1141.0
192512,,SliceDeviceOperation,1,1136.0
496640,,SliceDeviceOperation,1,1136.0
1662976,1,ShardedToInterleavedDeviceOperation,28,1122.0
2062336,1,ShardedToInterleavedDeviceOperation,28,1121.0
2000896,1,ShardedToInterleavedDeviceOperation,28,1115.0
1866752,1,InterleavedToShardedDeviceOperation,32,1103.0
1724416,1,ShardedToInterleavedDeviceOperation,28,1060.0
1911808,1,BinaryNgDeviceOperation,64,606.0
1881088,1,BinaryNgDeviceOperation,64,600.0
1758208,1,BinaryNgDeviceOperation,64,598.0
2003968,1,BinaryNgDeviceOperation,64,598.0
2372608,1,BinaryNgDeviceOperation,64,598.0
2464768,1,BinaryNgDeviceOperation,64,595.0
2249728,1,BinaryNgDeviceOperation,64,594.0
2280448,1,BinaryNgDeviceOperation,64,594.0
2311168,1,BinaryNgDeviceOperation,64,590.0
1819648,1,BinaryNgDeviceOperation,64,587.0
1727488,1,BinaryNgDeviceOperation,64,586.0
2034688,1,BinaryNgDeviceOperation,64,586.0
2188288,1,BinaryNgDeviceOperation,64,586.0
1788928,1,BinaryNgDeviceOperation,64,585.0
1973248,1,BinaryNgDeviceOperation,64,585.0
1850368,1,BinaryNgDeviceOperation,64,578.0
2219008,1,BinaryNgDeviceOperation,64,576.0
2065408,1,BinaryNgDeviceOperation,64,573.0
2341888,1,BinaryNgDeviceOperation,64,573.0
2157568,1,BinaryNgDeviceOperation,64,570.0
2096128,1,BinaryNgDeviceOperation,64,569.0
2126848,1,BinaryNgDeviceOperation,64,568.0
2495488,1,BinaryNgDeviceOperation,64,567.0
1942528,1,BinaryNgDeviceOperation,64,565.0
1696768,1,BinaryNgDeviceOperation,64,564.0
2434048,1,BinaryNgDeviceOperation,64,564.0
2403328,1,BinaryNgDeviceOperation,64,562.0
1354752,,BinaryNgDeviceOperation,64,524.0
1446912,,BinaryNgDeviceOperation,64,518.0
1324032,,BinaryNgDeviceOperation,64,495.0
1416192,,BinaryNgDeviceOperation,64,495.0
986112,,BinaryNgDeviceOperation,64,494.0
1477632,,BinaryNgDeviceOperation,64,490.0
832512,,BinaryNgDeviceOperation,64,489.0
893952,,BinaryNgDeviceOperation,64,488.0
1047552,,BinaryNgDeviceOperation,64,487.0
1262592,,BinaryNgDeviceOperation,64,484.0
1231872,,BinaryNgDeviceOperation,64,483.0
1170432,,BinaryNgDeviceOperation,64,480.0
863232,,BinaryNgDeviceOperation,64,479.0
1569792,,BinaryNgDeviceOperation,64,479.0
1600512,,BinaryNgDeviceOperation,64,479.0
1201152,,BinaryNgDeviceOperation,64,477.0
1508352,,BinaryNgDeviceOperation,64,477.0
1139712,,BinaryNgDeviceOperation,64,476.0
1385472,,BinaryNgDeviceOperation,64,476.0
924672,,BinaryNgDeviceOperation,64,475.0
1016832,,BinaryNgDeviceOperation,64,475.0
1078272,,BinaryNgDeviceOperation,64,475.0
1108992,,BinaryNgDeviceOperation,64,472.0
1293312,,BinaryNgDeviceOperation,64,472.0
1539072,,BinaryNgDeviceOperation,64,466.0
955392,,BinaryNgDeviceOperation,64,465.0
801792,,BinaryNgDeviceOperation,64,461.0
