op_id,replay,op_name,cores,duration_ns
2458624,1,ArgMaxDeviceOperation,64,2704689.0
1500160,,ArgMaxDeviceOperation,64,2704217.0
2455552,1,MatmulDeviceOperation,64,788087.0
1497088,,MatmulDeviceOperation,64,787799.0
2457600,1,UntilizeDeviceOperation,63,137818.0
1499136,,UntilizeDeviceOperation,63,133963.0
112640,,TilizeWithValPaddingDeviceOperation,1,77349.0
313344,,TilizeWithValPaddingDeviceOperation,1,77348.0
24576,,TilizeWithValPaddingDeviceOperation,1,77295.0
13312,,TilizeWithValPaddingDeviceOperation,1,77248.0
8192,,TilizeWithValPaddingDeviceOperation,1,77246.0
57344,,TilizeWithValPaddingDeviceOperation,1,77243.0
1024,,TilizeWithValPaddingDeviceOperation,1,77240.0
20480,,TilizeWithValPaddingDeviceOperation,1,77239.0
40960,,TilizeWithValPaddingDeviceOperation,1,77238.0
46080,,TilizeWithValPaddingDeviceOperation,1,77236.0
339968,,TilizeWithValPaddingDeviceOperation,1,77228.0
477184,,TilizeWithValPaddingDeviceOperation,1,77222.0
77824,,TilizeWithValPaddingDeviceOperation,1,77221.0
509952,,TilizeWithValPaddingDeviceOperation,1,77210.0
28672,,TilizeWithValPaddingDeviceOperation,1,77209.0
98304,,TilizeWithValPaddingDeviceOperation,1,77208.0
4096,,TilizeWithValPaddingDeviceOperation,1,77206.0
81920,,TilizeWithValPaddingDeviceOperation,1,77203.0
50176,,TilizeWithValPaddingDeviceOperation,1,77197.0
376832,,TilizeWithValPaddingDeviceOperation,1,77197.0
276480,,TilizeWithValPaddingDeviceOperation,1,77194.0
87040,,TilizeWithValPaddingDeviceOperation,1,77190.0
12288,,TilizeWithValPaddingDeviceOperation,1,77189.0
94208,,TilizeWithValPaddingDeviceOperation,1,77188.0
247808,,TilizeWithValPaddingDeviceOperation,1,77186.0
206848,,TilizeWithValPaddingDeviceOperation,1,77184.0
17408,,TilizeWithValPaddingDeviceOperation,1,77182.0
61440,,TilizeWithValPaddingDeviceOperation,1,77182.0
45056,,TilizeWithValPaddingDeviceOperation,1,77181.0
54272,,TilizeWithValPaddingDeviceOperation,1,77172.0
155648,,TilizeWithValPaddingDeviceOperation,1,77168.0
536576,,TilizeWithValPaddingDeviceOperation,1,77168.0
91136,,TilizeWithValPaddingDeviceOperation,1,77167.0
192512,,TilizeWithValPaddingDeviceOperation,1,77156.0
290816,,TilizeWithValPaddingDeviceOperation,1,77155.0
221184,,TilizeWithValPaddingDeviceOperation,1,77154.0
99328,,TilizeWithValPaddingDeviceOperation,1,77147.0
126976,,TilizeWithValPaddingDeviceOperation,1,77147.0
262144,,TilizeWithValPaddingDeviceOperation,1,77146.0
141312,,TilizeWithValPaddingDeviceOperation,1,77144.0
86016,,TilizeWithValPaddingDeviceOperation,1,77141.0
440320,,TilizeWithValPaddingDeviceOperation,1,77141.0
16384,,TilizeWithValPaddingDeviceOperation,1,77137.0
49152,,TilizeWithValPaddingDeviceOperation,1,77137.0
178176,,TilizeWithValPaddingDeviceOperation,1,77137.0
53248,,TilizeWithValPaddingDeviceOperation,1,77130.0
458752,,TilizeWithValPaddingDeviceOperation,1,77129.0
391168,,TilizeWithValPaddingDeviceOperation,1,77116.0
90112,,TilizeWithValPaddingDeviceOperation,1,77112.0
33792,,TilizeWithValPaddingDeviceOperation,1,77104.0
409600,,TilizeWithValPaddingDeviceOperation,1,77098.0
37888,,TilizeWithValPaddingDeviceOperation,1,77095.0
29696,,TilizeWithValPaddingDeviceOperation,1,77090.0
25600,,TilizeWithValPaddingDeviceOperation,1,77075.0
62464,,TilizeWithValPaddingDeviceOperation,1,77058.0
66560,,TilizeWithValPaddingDeviceOperation,1,77049.0
74752,,TilizeWithValPaddingDeviceOperation,1,77049.0
58368,,TilizeWithValPaddingDeviceOperation,1,77039.0
95232,,TilizeWithValPaddingDeviceOperation,1,77038.0
78848,,TilizeWithValPaddingDeviceOperation,1,77037.0
82944,,TilizeWithValPaddingDeviceOperation,1,77037.0
36864,,TilizeWithValPaddingDeviceOperation,1,77032.0
41984,,TilizeWithValPaddingDeviceOperation,1,77030.0
73728,,TilizeWithValPaddingDeviceOperation,1,77024.0
5120,,TilizeWithValPaddingDeviceOperation,1,77021.0
21504,,TilizeWithValPaddingDeviceOperation,1,77017.0
362496,,TilizeWithValPaddingDeviceOperation,1,77016.0
69632,,TilizeWithValPaddingDeviceOperation,1,77013.0
65536,,TilizeWithValPaddingDeviceOperation,1,77012.0
32768,,TilizeWithValPaddingDeviceOperation,1,76988.0
491520,,TilizeWithValPaddingDeviceOperation,1,76979.0
70656,,TilizeWithValPaddingDeviceOperation,1,76976.0
9216,,TilizeWithValPaddingDeviceOperation,1,76964.0
2456576,1,ShardedToInterleavedDeviceOperation,64,67554.0
1498112,,ShardedToInterleavedDeviceOperation,64,65637.0
1824768,1,MatmulDeviceOperation,28,32055.0
2009088,1,MatmulDeviceOperation,28,32037.0
1972224,1,MatmulDeviceOperation,28,32020.0
1714176,1,MatmulDeviceOperation,28,32002.0
2304000,1,MatmulDeviceOperation,28,31975.0
2193408,1,MatmulDeviceOperation,28,31930.0
2082816,1,MatmulDeviceOperation,28,31914.0
1935360,1,MatmulDeviceOperation,28,31838.0
2451456,1,MatmulDeviceOperation,28,31828.0
1898496,1,MatmulDeviceOperation,28,31822.0
1861632,1,MatmulDeviceOperation,28,31803.0
2414592,1,MatmulDeviceOperation,28,31802.0
2119680,1,MatmulDeviceOperation,28,31752.0
1677312,1,MatmulDeviceOperation,28,31743.0
1603584,1,MatmulDeviceOperation,28,31694.0
1751040,1,MatmulDeviceOperation,28,31657.0
2045952,1,MatmulDeviceOperation,28,31645.0
2340864,1,MatmulDeviceOperation,28,31623.0
2156544,1,MatmulDeviceOperation,28,31622.0
2267136,1,MatmulDeviceOperation,28,31620.0
1787904,1,MatmulDeviceOperation,28,31589.0
2377728,1,MatmulDeviceOperation,28,31574.0
2230272,1,MatmulDeviceOperation,28,31543.0
1640448,1,MatmulDeviceOperation,28,31500.0
1599488,1,MatmulDeviceOperation,51,30854.0
2410496,1,MatmulDeviceOperation,51,30783.0
1087488,,MatmulDeviceOperation,28,30602.0
2078720,1,MatmulDeviceOperation,51,30600.0
1271808,,MatmulDeviceOperation,28,30541.0
1492992,,MatmulDeviceOperation,28,30439.0
1161216,,MatmulDeviceOperation,28,30411.0
940032,,MatmulDeviceOperation,28,30401.0
1746944,1,MatmulDeviceOperation,51,30374.0
866304,,MatmulDeviceOperation,28,30364.0
1382400,,MatmulDeviceOperation,28,30353.0
1198080,,MatmulDeviceOperation,28,30346.0
1124352,,MatmulDeviceOperation,28,30341.0
1308672,,MatmulDeviceOperation,28,30269.0
1013760,,MatmulDeviceOperation,28,30243.0
718848,,MatmulDeviceOperation,28,30222.0
1050624,,MatmulDeviceOperation,28,30211.0
1345536,,MatmulDeviceOperation,28,30195.0
1456128,,MatmulDeviceOperation,28,30163.0
681984,,MatmulDeviceOperation,28,30161.0
792576,,MatmulDeviceOperation,28,30102.0
1234944,,MatmulDeviceOperation,28,30054.0
755712,,MatmulDeviceOperation,28,30048.0
903168,,MatmulDeviceOperation,28,30011.0
976896,,MatmulDeviceOperation,28,30010.0
645120,,MatmulDeviceOperation,28,29990.0
1783808,1,MatmulDeviceOperation,51,29966.0
829440,,MatmulDeviceOperation,28,29931.0
1419264,,MatmulDeviceOperation,28,29924.0
2041856,1,MatmulDeviceOperation,51,29903.0
1673216,1,MatmulDeviceOperation,51,29843.0
2115584,1,MatmulDeviceOperation,51,29796.0
2189312,1,MatmulDeviceOperation,51,29773.0
1931264,1,MatmulDeviceOperation,51,29729.0
1857536,1,MatmulDeviceOperation,51,29719.0
1968128,1,MatmulDeviceOperation,51,29634.0
2263040,1,MatmulDeviceOperation,51,29525.0
2004992,1,MatmulDeviceOperation,51,29419.0
2226176,1,MatmulDeviceOperation,51,29395.0
2152448,1,MatmulDeviceOperation,51,29274.0
1710080,1,MatmulDeviceOperation,51,29202.0
1820672,1,MatmulDeviceOperation,51,29168.0
2299904,1,MatmulDeviceOperation,51,29133.0
1636352,1,MatmulDeviceOperation,51,29107.0
2447360,1,MatmulDeviceOperation,51,29072.0
1894400,1,MatmulDeviceOperation,51,29013.0
1452032,,MatmulDeviceOperation,51,28998.0
1009664,,MatmulDeviceOperation,51,28994.0
2373632,1,MatmulDeviceOperation,51,28993.0
1488896,,MatmulDeviceOperation,51,28988.0
935936,,MatmulDeviceOperation,51,28899.0
1267712,,MatmulDeviceOperation,51,28865.0
2336768,1,MatmulDeviceOperation,51,28861.0
899072,,MatmulDeviceOperation,51,28850.0
1415168,,MatmulDeviceOperation,51,28827.0
1230848,,MatmulDeviceOperation,51,28754.0
1341440,,MatmulDeviceOperation,51,28699.0
1304576,,MatmulDeviceOperation,51,28671.0
1046528,,MatmulDeviceOperation,51,28628.0
825344,,MatmulDeviceOperation,51,28617.0
641024,,MatmulDeviceOperation,51,28571.0
677888,,MatmulDeviceOperation,51,28497.0
972800,,MatmulDeviceOperation,51,28484.0
1157120,,MatmulDeviceOperation,51,28482.0
788480,,MatmulDeviceOperation,51,28377.0
862208,,MatmulDeviceOperation,51,28344.0
1378304,,MatmulDeviceOperation,51,28304.0
1120256,,MatmulDeviceOperation,51,28279.0
1193984,,MatmulDeviceOperation,51,28245.0
1083392,,MatmulDeviceOperation,51,28233.0
751616,,MatmulDeviceOperation,51,28169.0
714752,,MatmulDeviceOperation,51,28103.0
669696,,TernaryDeviceOperation,64,26205.0
817152,,TernaryDeviceOperation,64,26175.0
1333248,,TernaryDeviceOperation,64,26165.0
780288,,TernaryDeviceOperation,64,26160.0
1038336,,TernaryDeviceOperation,64,26146.0
1443840,,TernaryDeviceOperation,64,26088.0
1406976,,TernaryDeviceOperation,64,26057.0
706560,,TernaryDeviceOperation,64,26040.0
1185792,,TernaryDeviceOperation,64,26039.0
743424,,TernaryDeviceOperation,64,26009.0
1001472,,TernaryDeviceOperation,64,25997.0
1222656,,TernaryDeviceOperation,64,25960.0
927744,,TernaryDeviceOperation,64,25955.0
854016,,TernaryDeviceOperation,64,25931.0
1075200,,TernaryDeviceOperation,64,25929.0
890880,,TernaryDeviceOperation,64,25921.0
1112064,,TernaryDeviceOperation,64,25919.0
1259520,,TernaryDeviceOperation,64,25909.0
1480704,,TernaryDeviceOperation,64,25890.0
1370112,,TernaryDeviceOperation,64,25883.0
1296384,,TernaryDeviceOperation,64,25882.0
964608,,TernaryDeviceOperation,64,25881.0
1148928,,TernaryDeviceOperation,64,25844.0
632832,,TernaryDeviceOperation,64,25832.0
2070528,1,TernaryDeviceOperation,64,25474.0
353280,,ConcatDeviceOperation,64,25427.0
2365440,1,TernaryDeviceOperation,64,25301.0
1996800,1,TernaryDeviceOperation,64,25246.0
1775616,1,TernaryDeviceOperation,64,25171.0
400384,,ConcatDeviceOperation,64,25168.0
523264,,ConcatDeviceOperation,64,25140.0
527360,,ConcatDeviceOperation,64,25131.0
1886208,1,TernaryDeviceOperation,64,25110.0
322560,,ConcatDeviceOperation,64,25077.0
1591296,1,TernaryDeviceOperation,64,25046.0
467968,,ConcatDeviceOperation,64,24985.0
2402304,1,TernaryDeviceOperation,64,24838.0
1923072,1,TernaryDeviceOperation,64,24788.0
1564672,1,TernaryDeviceOperation,64,24769.0
330752,,ConcatDeviceOperation,64,24767.0
103424,,ConcatDeviceOperation,64,24747.0
234496,,ConcatDeviceOperation,64,24737.0
431104,,ConcatDeviceOperation,64,24735.0
2439168,1,TernaryDeviceOperation,64,24721.0
1665024,1,TernaryDeviceOperation,64,24666.0
606208,,TernaryDeviceOperation,64,24653.0
1959936,1,TernaryDeviceOperation,64,24640.0
2107392,1,TernaryDeviceOperation,64,24623.0
2181120,1,TernaryDeviceOperation,64,24599.0
2254848,1,TernaryDeviceOperation,64,24566.0
449536,,ConcatDeviceOperation,64,24560.0
2328576,1,TernaryDeviceOperation,64,24523.0
1812480,1,TernaryDeviceOperation,64,24517.0
1628160,1,TernaryDeviceOperation,64,24483.0
2411520,1,MatmulDeviceOperation,51,24459.0
2033664,1,TernaryDeviceOperation,64,24448.0
1849344,1,TernaryDeviceOperation,64,24438.0
1738752,1,TernaryDeviceOperation,64,24432.0
752640,,MatmulDeviceOperation,51,24418.0
1701888,1,TernaryDeviceOperation,64,24382.0
2291712,1,TernaryDeviceOperation,64,24372.0
102400,,SliceDeviceOperation,64,24355.0
349184,,ConcatDeviceOperation,64,24300.0
2144256,1,TernaryDeviceOperation,64,24253.0
2217984,1,TernaryDeviceOperation,64,24249.0
1305600,,MatmulDeviceOperation,51,24230.0
303104,,SliceDeviceOperation,64,24194.0
300032,,ConcatDeviceOperation,64,24168.0
422912,,ConcatDeviceOperation,64,24049.0
2190336,1,MatmulDeviceOperation,51,24028.0
1600512,1,MatmulDeviceOperation,51,23982.0
2337792,1,MatmulDeviceOperation,51,23964.0
1342464,,MatmulDeviceOperation,51,23956.0
164864,,ConcatDeviceOperation,64,23951.0
863232,,MatmulDeviceOperation,51,23948.0
900096,,MatmulDeviceOperation,51,23934.0
238592,,ConcatDeviceOperation,64,23909.0
1268736,,MatmulDeviceOperation,51,23907.0
1195008,,MatmulDeviceOperation,51,23902.0
500736,,ConcatDeviceOperation,64,23896.0
1858560,1,MatmulDeviceOperation,51,23889.0
230400,,ConcatDeviceOperation,64,23866.0
1158144,,MatmulDeviceOperation,51,23839.0
642048,,MatmulDeviceOperation,51,23785.0
1784832,1,MatmulDeviceOperation,51,23778.0
2227200,1,MatmulDeviceOperation,51,23768.0
304128,,ConcatDeviceOperation,64,23710.0
526336,,SliceDeviceOperation,64,23700.0
1231872,,MatmulDeviceOperation,51,23684.0
1084416,,MatmulDeviceOperation,51,23658.0
936960,,MatmulDeviceOperation,51,23647.0
2079744,1,MatmulDeviceOperation,51,23631.0
421888,,SliceDeviceOperation,64,23592.0
1969152,1,MatmulDeviceOperation,51,23581.0
1121280,,MatmulDeviceOperation,51,23576.0
715776,,MatmulDeviceOperation,51,23541.0
1674240,1,MatmulDeviceOperation,51,23538.0
678912,,MatmulDeviceOperation,51,23530.0
2104320,1,SdpaDecodeDeviceOperation,64,23519.0
1711104,1,MatmulDeviceOperation,51,23502.0
2042880,1,MatmulDeviceOperation,51,23499.0
425984,,SliceDeviceOperation,64,23489.0
1821696,1,MatmulDeviceOperation,51,23489.0
163840,,SliceDeviceOperation,64,23471.0
352256,,SliceDeviceOperation,64,23455.0
2116608,1,MatmulDeviceOperation,51,23455.0
789504,,MatmulDeviceOperation,51,23454.0
1416192,,MatmulDeviceOperation,51,23444.0
2153472,1,MatmulDeviceOperation,51,23436.0
2300928,1,MatmulDeviceOperation,51,23434.0
973824,,MatmulDeviceOperation,51,23430.0
1489920,,MatmulDeviceOperation,51,23417.0
1010688,,MatmulDeviceOperation,51,23407.0
325632,,SliceDeviceOperation,64,23398.0
299008,,SliceDeviceOperation,64,23376.0
826368,,MatmulDeviceOperation,51,23351.0
1637376,1,MatmulDeviceOperation,51,23318.0
2448384,1,MatmulDeviceOperation,51,23293.0
2006016,1,MatmulDeviceOperation,51,23284.0
418816,,ConcatDeviceOperation,64,23283.0
1047552,,MatmulDeviceOperation,51,23260.0
2264064,1,MatmulDeviceOperation,51,23231.0
237568,,SliceDeviceOperation,64,23218.0
1379328,,MatmulDeviceOperation,51,23214.0
1932288,1,MatmulDeviceOperation,51,23214.0
168960,,ConcatDeviceOperation,64,23202.0
167936,,SliceDeviceOperation,64,23180.0
519168,,ConcatDeviceOperation,64,23164.0
1747968,1,MatmulDeviceOperation,51,23160.0
1698816,1,SdpaDecodeDeviceOperation,64,23124.0
1453056,,MatmulDeviceOperation,51,23091.0
326656,,ConcatDeviceOperation,64,23090.0
2374656,1,MatmulDeviceOperation,51,23070.0
1895424,1,MatmulDeviceOperation,51,23039.0
2399232,1,SdpaDecodeDeviceOperation,64,23018.0
427008,,ConcatDeviceOperation,64,23007.0
321536,,SliceDeviceOperation,64,22939.0
1584128,1,SdpaDecodeDeviceOperation,64,22895.0
1809408,1,SdpaDecodeDeviceOperation,64,22839.0
417792,,SliceDeviceOperation,64,22821.0
466944,,SliceDeviceOperation,64,22790.0
518144,,SliceDeviceOperation,64,22749.0
2251776,1,SdpaDecodeDeviceOperation,64,22745.0
1993728,1,SdpaDecodeDeviceOperation,64,22733.0
522240,,SliceDeviceOperation,64,22728.0
348160,,SliceDeviceOperation,64,22674.0
448512,,SliceDeviceOperation,64,22629.0
499712,,SliceDeviceOperation,64,22609.0
1330176,,SdpaDecodeDeviceOperation,64,22541.0
1735680,1,SdpaDecodeDeviceOperation,64,22520.0
850944,,SdpaDecodeDeviceOperation,64,22506.0
2141184,1,SdpaDecodeDeviceOperation,64,22491.0
329728,,SliceDeviceOperation,64,22461.0
233472,,SliceDeviceOperation,64,22439.0
2362368,1,SdpaDecodeDeviceOperation,64,22427.0
1625088,1,SdpaDecodeDeviceOperation,64,22402.0
1293312,,SdpaDecodeDeviceOperation,64,22381.0
1367040,,SdpaDecodeDeviceOperation,64,22348.0
2030592,1,SdpaDecodeDeviceOperation,64,22333.0
961536,,SdpaDecodeDeviceOperation,64,22330.0
430080,,SliceDeviceOperation,64,22324.0
399360,,SliceDeviceOperation,64,22313.0
2067456,1,SdpaDecodeDeviceOperation,64,22170.0
1661952,1,SdpaDecodeDeviceOperation,64,22115.0
777216,,SdpaDecodeDeviceOperation,64,22049.0
1145856,,SdpaDecodeDeviceOperation,64,22027.0
1920000,1,SdpaDecodeDeviceOperation,64,22012.0
2178048,1,SdpaDecodeDeviceOperation,64,22009.0
2325504,1,SdpaDecodeDeviceOperation,64,22006.0
229376,,SliceDeviceOperation,64,21978.0
1108992,,SdpaDecodeDeviceOperation,64,21876.0
1956864,1,SdpaDecodeDeviceOperation,64,21797.0
1477632,,SdpaDecodeDeviceOperation,64,21774.0
887808,,SdpaDecodeDeviceOperation,64,21755.0
1883136,1,SdpaDecodeDeviceOperation,64,21743.0
1846272,1,SdpaDecodeDeviceOperation,64,21731.0
2214912,1,SdpaDecodeDeviceOperation,64,21700.0
2288640,1,SdpaDecodeDeviceOperation,64,21650.0
1072128,,SdpaDecodeDeviceOperation,64,21605.0
740352,,SdpaDecodeDeviceOperation,64,21571.0
1182720,,SdpaDecodeDeviceOperation,64,21513.0
703488,,SdpaDecodeDeviceOperation,64,21498.0
1440768,,SdpaDecodeDeviceOperation,64,21489.0
1256448,,SdpaDecodeDeviceOperation,64,21463.0
1403904,,SdpaDecodeDeviceOperation,64,21439.0
1772544,1,SdpaDecodeDeviceOperation,64,21421.0
998400,,SdpaDecodeDeviceOperation,64,21373.0
1035264,,SdpaDecodeDeviceOperation,64,21373.0
666624,,SdpaDecodeDeviceOperation,64,21361.0
1219584,,SdpaDecodeDeviceOperation,64,21350.0
814080,,SdpaDecodeDeviceOperation,64,21345.0
625664,,SdpaDecodeDeviceOperation,64,21155.0
924672,,SdpaDecodeDeviceOperation,64,21146.0
2436096,1,SdpaDecodeDeviceOperation,64,20641.0
2497536,,UntilizeDeviceOperation,64,19376.0
2487296,,UntilizeDeviceOperation,64,19258.0
2485248,,UntilizeDeviceOperation,64,19004.0
2486272,,UntilizeDeviceOperation,64,18976.0
2532352,,UntilizeDeviceOperation,64,18863.0
2530304,,UntilizeDeviceOperation,64,18780.0
2507776,,UntilizeDeviceOperation,64,18749.0
2524160,,UntilizeDeviceOperation,64,18722.0
2512896,,UntilizeDeviceOperation,64,18683.0
2492416,,UntilizeDeviceOperation,64,18646.0
2529280,,UntilizeDeviceOperation,64,18625.0
2503680,,UntilizeDeviceOperation,64,18559.0
2521088,,UntilizeDeviceOperation,64,18554.0
2525184,,UntilizeDeviceOperation,64,18514.0
2488320,,UntilizeDeviceOperation,64,18478.0
2511872,,UntilizeDeviceOperation,64,18413.0
2491392,,UntilizeDeviceOperation,64,18407.0
620544,,TilizeWithValPaddingDeviceOperation,32,18376.0
2496512,,UntilizeDeviceOperation,64,18329.0
1579008,1,TilizeWithValPaddingDeviceOperation,32,18292.0
2498560,,UntilizeDeviceOperation,64,18269.0
2500608,,UntilizeDeviceOperation,64,18255.0
2522112,,UntilizeDeviceOperation,64,18202.0
2510848,,UntilizeDeviceOperation,64,18190.0
2531328,,UntilizeDeviceOperation,64,18153.0
2495488,,UntilizeDeviceOperation,64,18108.0
2509824,,UntilizeDeviceOperation,64,18092.0
2499584,,UntilizeDeviceOperation,64,18007.0
2527232,,UntilizeDeviceOperation,64,17981.0
2513920,,UntilizeDeviceOperation,64,17960.0
2489344,,UntilizeDeviceOperation,64,17953.0
2501632,,UntilizeDeviceOperation,64,17919.0
2514944,,UntilizeDeviceOperation,64,17910.0
2518016,,UntilizeDeviceOperation,64,17730.0
2493440,,UntilizeDeviceOperation,64,17678.0
2490368,,UntilizeDeviceOperation,64,17640.0
2526208,,UntilizeDeviceOperation,64,17586.0
2494464,,UntilizeDeviceOperation,64,17534.0
2506752,,UntilizeDeviceOperation,64,17532.0
2519040,,UntilizeDeviceOperation,64,17476.0
2520064,,UntilizeDeviceOperation,64,17466.0
2515968,,UntilizeDeviceOperation,64,17328.0
2528256,,UntilizeDeviceOperation,64,17297.0
2502656,,UntilizeDeviceOperation,64,17114.0
2516992,,UntilizeDeviceOperation,64,17109.0
2533376,,UntilizeDeviceOperation,64,17033.0
2508800,,UntilizeDeviceOperation,64,16999.0
2505728,,UntilizeDeviceOperation,64,16994.0
2523136,,UntilizeDeviceOperation,64,16910.0
2504704,,UntilizeDeviceOperation,64,16492.0
573440,,ReshapeViewDeviceOperation,64,16430.0
1531904,1,ReshapeViewDeviceOperation,64,16268.0
19456,,TilizeDeviceOperation,64,16230.0
96256,,TilizeDeviceOperation,64,16161.0
3072,,TilizeDeviceOperation,64,16019.0
68608,,TilizeDeviceOperation,64,15999.0
79872,,TilizeDeviceOperation,64,15909.0
59392,,TilizeDeviceOperation,64,15879.0
22528,,TilizeDeviceOperation,64,15798.0
113664,,UntilizeWithUnpaddingDeviceOperation,1,15794.0
142336,,UntilizeWithUnpaddingDeviceOperation,1,15674.0
222208,,UntilizeWithUnpaddingDeviceOperation,1,15649.0
207872,,UntilizeWithUnpaddingDeviceOperation,1,15643.0
277504,,UntilizeWithUnpaddingDeviceOperation,1,15599.0
492544,,UntilizeWithUnpaddingDeviceOperation,1,15591.0
478208,,UntilizeWithUnpaddingDeviceOperation,1,15470.0
441344,,UntilizeWithUnpaddingDeviceOperation,1,15442.0
263168,,UntilizeWithUnpaddingDeviceOperation,1,15439.0
392192,,UntilizeWithUnpaddingDeviceOperation,1,15432.0
2048,,TilizeDeviceOperation,64,15417.0
510976,,UntilizeWithUnpaddingDeviceOperation,1,15417.0
291840,,UntilizeWithUnpaddingDeviceOperation,1,15412.0
67584,,TilizeDeviceOperation,64,15355.0
459776,,UntilizeWithUnpaddingDeviceOperation,1,15355.0
193536,,UntilizeWithUnpaddingDeviceOperation,1,15309.0
340992,,UntilizeWithUnpaddingDeviceOperation,1,15302.0
410624,,UntilizeWithUnpaddingDeviceOperation,1,15289.0
377856,,UntilizeWithUnpaddingDeviceOperation,1,15288.0
39936,,TilizeDeviceOperation,64,15267.0
72704,,TilizeDeviceOperation,64,15264.0
156672,,UntilizeWithUnpaddingDeviceOperation,1,15253.0
363520,,UntilizeWithUnpaddingDeviceOperation,1,15239.0
248832,,UntilizeWithUnpaddingDeviceOperation,1,15237.0
76800,,TilizeDeviceOperation,64,15235.0
179200,,UntilizeWithUnpaddingDeviceOperation,1,15210.0
128000,,UntilizeWithUnpaddingDeviceOperation,1,15205.0
71680,,TilizeDeviceOperation,64,15183.0
63488,,TilizeDeviceOperation,64,15177.0
537600,,UntilizeWithUnpaddingDeviceOperation,1,15155.0
11264,,TilizeDeviceOperation,64,15145.0
314368,,UntilizeWithUnpaddingDeviceOperation,1,15145.0
52224,,TilizeDeviceOperation,64,15119.0
18432,,TilizeDeviceOperation,64,15117.0
83968,,TilizeDeviceOperation,64,15108.0
60416,,TilizeDeviceOperation,64,15107.0
88064,,TilizeDeviceOperation,64,15062.0
27648,,TilizeDeviceOperation,64,15060.0
26624,,TilizeDeviceOperation,64,15051.0
80896,,TilizeDeviceOperation,64,15050.0
30720,,TilizeDeviceOperation,64,15045.0
43008,,TilizeDeviceOperation,64,15045.0
7168,,TilizeDeviceOperation,64,15040.0
93184,,TilizeDeviceOperation,64,15036.0
48128,,TilizeDeviceOperation,64,14966.0
51200,,TilizeDeviceOperation,64,14962.0
34816,,TilizeDeviceOperation,64,14954.0
47104,,TilizeDeviceOperation,64,14913.0
23552,,TilizeDeviceOperation,64,14910.0
92160,,TilizeDeviceOperation,64,14908.0
15360,,TilizeDeviceOperation,64,14895.0
64512,,TilizeDeviceOperation,64,14851.0
84992,,TilizeDeviceOperation,64,14847.0
75776,,TilizeDeviceOperation,64,14831.0
55296,,TilizeDeviceOperation,64,14829.0
38912,,TilizeDeviceOperation,64,14814.0
56320,,TilizeDeviceOperation,64,14775.0
10240,,TilizeDeviceOperation,64,14765.0
44032,,TilizeDeviceOperation,64,14750.0
6144,,TilizeDeviceOperation,64,14638.0
89088,,TilizeDeviceOperation,64,14626.0
97280,,TilizeDeviceOperation,64,14580.0
31744,,TilizeDeviceOperation,64,14522.0
14336,,TilizeDeviceOperation,64,14503.0
35840,,TilizeDeviceOperation,64,14493.0
609280,,TilizeWithValPaddingDeviceOperation,32,13275.0
1567744,1,TilizeWithValPaddingDeviceOperation,32,13111.0
200704,,TilizeWithValPaddingDeviceOperation,1,12109.0
336896,,TilizeWithValPaddingDeviceOperation,1,12100.0
474112,,TilizeWithValPaddingDeviceOperation,1,11989.0
437248,,TilizeWithValPaddingDeviceOperation,1,11984.0
287744,,TilizeWithValPaddingDeviceOperation,1,11965.0
310272,,TilizeWithValPaddingDeviceOperation,1,11965.0
506880,,TilizeWithValPaddingDeviceOperation,1,11964.0
135168,,TilizeWithValPaddingDeviceOperation,1,11959.0
256000,,TilizeWithValPaddingDeviceOperation,1,11959.0
138240,,TilizeWithValPaddingDeviceOperation,1,11957.0
373760,,TilizeWithValPaddingDeviceOperation,1,11954.0
123904,,TilizeWithValPaddingDeviceOperation,1,11952.0
533504,,TilizeWithValPaddingDeviceOperation,1,11951.0
485376,,TilizeWithValPaddingDeviceOperation,1,11950.0
120832,,TilizeWithValPaddingDeviceOperation,1,11949.0
218112,,TilizeWithValPaddingDeviceOperation,1,11947.0
259072,,TilizeWithValPaddingDeviceOperation,1,11947.0
109568,,TilizeWithValPaddingDeviceOperation,1,11946.0
488448,,TilizeWithValPaddingDeviceOperation,1,11945.0
106496,,TilizeWithValPaddingDeviceOperation,1,11944.0
406528,,TilizeWithValPaddingDeviceOperation,1,11944.0
189440,,TilizeWithValPaddingDeviceOperation,1,11943.0
403456,,TilizeWithValPaddingDeviceOperation,1,11941.0
149504,,TilizeWithValPaddingDeviceOperation,1,11937.0
471040,,TilizeWithValPaddingDeviceOperation,1,11936.0
152576,,TilizeWithValPaddingDeviceOperation,1,11934.0
455680,,TilizeWithValPaddingDeviceOperation,1,11931.0
356352,,TilizeWithValPaddingDeviceOperation,1,11930.0
388096,,TilizeWithValPaddingDeviceOperation,1,11929.0
175104,,TilizeWithValPaddingDeviceOperation,1,11927.0
503808,,TilizeWithValPaddingDeviceOperation,1,11927.0
530432,,TilizeWithValPaddingDeviceOperation,1,11926.0
452608,,TilizeWithValPaddingDeviceOperation,1,11925.0
186368,,TilizeWithValPaddingDeviceOperation,1,11922.0
241664,,TilizeWithValPaddingDeviceOperation,1,11922.0
333824,,TilizeWithValPaddingDeviceOperation,1,11921.0
270336,,TilizeWithValPaddingDeviceOperation,1,11920.0
273408,,TilizeWithValPaddingDeviceOperation,1,11918.0
307200,,TilizeWithValPaddingDeviceOperation,1,11918.0
359424,,TilizeWithValPaddingDeviceOperation,1,11918.0
385024,,TilizeWithValPaddingDeviceOperation,1,11918.0
172032,,TilizeWithValPaddingDeviceOperation,1,11917.0
203776,,TilizeWithValPaddingDeviceOperation,1,11917.0
370688,,TilizeWithValPaddingDeviceOperation,1,11911.0
244736,,TilizeWithValPaddingDeviceOperation,1,11901.0
215040,,TilizeWithValPaddingDeviceOperation,1,11896.0
284672,,TilizeWithValPaddingDeviceOperation,1,11894.0
434176,,TilizeWithValPaddingDeviceOperation,1,11887.0
1755136,1,MatmulDeviceOperation,36,11615.0
2308096,1,MatmulDeviceOperation,36,11614.0
1681408,1,MatmulDeviceOperation,36,11610.0
2050048,1,MatmulDeviceOperation,36,11605.0
2344960,1,MatmulDeviceOperation,36,11600.0
1537024,1,MatmulDeviceOperation,36,11597.0
2160640,1,MatmulDeviceOperation,36,11594.0
1902592,1,MatmulDeviceOperation,36,11593.0
2271232,1,MatmulDeviceOperation,36,11586.0
2418688,1,MatmulDeviceOperation,36,11583.0
2234368,1,MatmulDeviceOperation,36,11577.0
1607680,1,MatmulDeviceOperation,36,11576.0
2197504,1,MatmulDeviceOperation,36,11575.0
1718272,1,MatmulDeviceOperation,36,11573.0
1865728,1,MatmulDeviceOperation,36,11560.0
2086912,1,MatmulDeviceOperation,36,11560.0
1644544,1,MatmulDeviceOperation,36,11556.0
2381824,1,MatmulDeviceOperation,36,11555.0
1792000,1,MatmulDeviceOperation,36,11554.0
1976320,1,MatmulDeviceOperation,36,11550.0
2013184,1,MatmulDeviceOperation,36,11549.0
2123776,1,MatmulDeviceOperation,36,11544.0
1939456,1,MatmulDeviceOperation,36,11542.0
1828864,1,MatmulDeviceOperation,36,11526.0
1669120,1,MatmulDeviceOperation,28,11158.0
2369536,1,MatmulDeviceOperation,28,11158.0
2000896,1,MatmulDeviceOperation,28,11131.0
1964032,1,MatmulDeviceOperation,28,11122.0
2406400,1,MatmulDeviceOperation,28,11112.0
1705984,1,MatmulDeviceOperation,28,11095.0
2074624,1,MatmulDeviceOperation,28,11092.0
2258944,1,MatmulDeviceOperation,28,11092.0
1742848,1,MatmulDeviceOperation,28,11088.0
2332672,1,MatmulDeviceOperation,28,11081.0
2185216,1,MatmulDeviceOperation,28,11078.0
1816576,1,MatmulDeviceOperation,28,11075.0
2148352,1,MatmulDeviceOperation,28,11066.0
1927168,1,MatmulDeviceOperation,28,11061.0
1595392,1,MatmulDeviceOperation,28,11059.0
1779712,1,MatmulDeviceOperation,28,11053.0
2111488,1,MatmulDeviceOperation,28,11051.0
1890304,1,MatmulDeviceOperation,28,11050.0
2037760,1,MatmulDeviceOperation,28,11050.0
1853440,1,MatmulDeviceOperation,28,11039.0
2295808,1,MatmulDeviceOperation,28,11039.0
2222080,1,MatmulDeviceOperation,28,11038.0
2443264,1,MatmulDeviceOperation,28,11036.0
1632256,1,MatmulDeviceOperation,28,11021.0
1104896,,RotaryEmbeddingDeviceOperation,32,10976.0
1208320,,RotaryEmbeddingDeviceOperation,32,10877.0
950272,,RotaryEmbeddingDeviceOperation,32,10869.0
1326080,,RotaryEmbeddingDeviceOperation,32,10867.0
773120,,RotaryEmbeddingDeviceOperation,32,10857.0
839680,,RotaryEmbeddingDeviceOperation,32,10845.0
1399808,,RotaryEmbeddingDeviceOperation,32,10844.0
1392640,,RotaryEmbeddingDeviceOperation,32,10838.0
1318912,,RotaryEmbeddingDeviceOperation,32,10824.0
1429504,,RotaryEmbeddingDeviceOperation,32,10821.0
876544,,RotaryEmbeddingDeviceOperation,32,10784.0
802816,,RotaryEmbeddingDeviceOperation,32,10777.0
994304,,RotaryEmbeddingDeviceOperation,32,10774.0
1362944,,RotaryEmbeddingDeviceOperation,32,10774.0
662528,,RotaryEmbeddingDeviceOperation,32,10761.0
1141760,,RotaryEmbeddingDeviceOperation,32,10759.0
809984,,RotaryEmbeddingDeviceOperation,32,10756.0
1068032,,RotaryEmbeddingDeviceOperation,32,10749.0
1466368,,RotaryEmbeddingDeviceOperation,32,10738.0
920576,,RotaryEmbeddingDeviceOperation,32,10734.0
729088,,RotaryEmbeddingDeviceOperation,32,10725.0
1282048,,RotaryEmbeddingDeviceOperation,32,10718.0
1215488,,RotaryEmbeddingDeviceOperation,32,10715.0
1252352,,RotaryEmbeddingDeviceOperation,32,10712.0
1031168,,RotaryEmbeddingDeviceOperation,32,10709.0
736256,,RotaryEmbeddingDeviceOperation,32,10708.0
1060864,,RotaryEmbeddingDeviceOperation,32,10704.0
957440,,RotaryEmbeddingDeviceOperation,32,10699.0
1289216,,RotaryEmbeddingDeviceOperation,32,10696.0
1178624,,RotaryEmbeddingDeviceOperation,32,10695.0
913408,,RotaryEmbeddingDeviceOperation,32,10672.0
699392,,RotaryEmbeddingDeviceOperation,32,10654.0
1355776,,RotaryEmbeddingDeviceOperation,32,10654.0
883712,,RotaryEmbeddingDeviceOperation,32,10650.0
614400,,RotaryEmbeddingDeviceOperation,32,10645.0
598016,,RotaryEmbeddingDeviceOperation,32,10644.0
987136,,RotaryEmbeddingDeviceOperation,32,10625.0
692224,,RotaryEmbeddingDeviceOperation,32,10617.0
1245184,,RotaryEmbeddingDeviceOperation,32,10614.0
1024000,,RotaryEmbeddingDeviceOperation,32,10605.0
1134592,,RotaryEmbeddingDeviceOperation,32,10601.0
1171456,,RotaryEmbeddingDeviceOperation,32,10601.0
1473536,,RotaryEmbeddingDeviceOperation,32,10562.0
1097728,,RotaryEmbeddingDeviceOperation,32,10558.0
765952,,RotaryEmbeddingDeviceOperation,32,10554.0
846848,,RotaryEmbeddingDeviceOperation,32,10550.0
655360,,RotaryEmbeddingDeviceOperation,32,10544.0
1650688,1,RotaryEmbeddingDeviceOperation,32,10538.0
1436672,,RotaryEmbeddingDeviceOperation,32,10492.0
1536000,1,LayerNormDeviceOperation,7,10266.0
1761280,1,RotaryEmbeddingDeviceOperation,32,10129.0
1835008,1,RotaryEmbeddingDeviceOperation,32,10106.0
1556480,1,RotaryEmbeddingDeviceOperation,32,10095.0
2166784,1,RotaryEmbeddingDeviceOperation,32,10095.0
1572864,1,RotaryEmbeddingDeviceOperation,32,10091.0
1128448,,MatmulDeviceOperation,36,10072.0
1349632,,MatmulDeviceOperation,36,10069.0
2003968,1,LayerNormDeviceOperation,7,10067.0
1460224,,MatmulDeviceOperation,36,10066.0
1798144,1,RotaryEmbeddingDeviceOperation,32,10065.0
1017856,,MatmulDeviceOperation,36,10048.0
1054720,,MatmulDeviceOperation,36,10047.0
1091584,,MatmulDeviceOperation,36,10046.0
649216,,MatmulDeviceOperation,36,10043.0
796672,,MatmulDeviceOperation,36,10038.0
686080,,MatmulDeviceOperation,36,10031.0
1202176,,MatmulDeviceOperation,36,10027.0
1239040,,MatmulDeviceOperation,36,10025.0
944128,,MatmulDeviceOperation,36,10019.0
1165312,,MatmulDeviceOperation,36,10019.0
1423360,,MatmulDeviceOperation,36,10019.0
1312768,,MatmulDeviceOperation,36,10018.0
1386496,,MatmulDeviceOperation,36,10018.0
759808,,MatmulDeviceOperation,36,10016.0
907264,,MatmulDeviceOperation,36,10016.0
578560,,MatmulDeviceOperation,36,10007.0
980992,,MatmulDeviceOperation,36,9998.0
833536,,MatmulDeviceOperation,36,9988.0
870400,,MatmulDeviceOperation,36,9988.0
1275904,,MatmulDeviceOperation,36,9983.0
722944,,MatmulDeviceOperation,36,9971.0
2210816,1,RotaryEmbeddingDeviceOperation,32,9957.0
2432000,1,RotaryEmbeddingDeviceOperation,32,9954.0
2203648,1,RotaryEmbeddingDeviceOperation,32,9947.0
1533952,1,EmbeddingsDeviceOperation,1,9940.0
673792,,MatmulDeviceOperation,28,9908.0
1263616,,MatmulDeviceOperation,28,9902.0
1871872,1,RotaryEmbeddingDeviceOperation,32,9901.0
2093056,1,RotaryEmbeddingDeviceOperation,32,9900.0
1724416,1,RotaryEmbeddingDeviceOperation,32,9899.0
636928,,MatmulDeviceOperation,28,9891.0
2019328,1,RotaryEmbeddingDeviceOperation,32,9889.0
1945600,1,RotaryEmbeddingDeviceOperation,32,9887.0
1189888,,MatmulDeviceOperation,28,9884.0
821248,,MatmulDeviceOperation,28,9878.0
1300480,,MatmulDeviceOperation,28,9871.0
894976,,MatmulDeviceOperation,28,9869.0
1226752,,MatmulDeviceOperation,28,9867.0
1374208,,MatmulDeviceOperation,28,9866.0
1484800,,MatmulDeviceOperation,28,9862.0
1908736,1,RotaryEmbeddingDeviceOperation,32,9862.0
1116160,,MatmulDeviceOperation,28,9861.0
1337344,,MatmulDeviceOperation,28,9858.0
2395136,1,RotaryEmbeddingDeviceOperation,32,9857.0
968704,,MatmulDeviceOperation,28,9856.0
931840,,MatmulDeviceOperation,28,9854.0
1079296,,MatmulDeviceOperation,28,9852.0
2358272,1,RotaryEmbeddingDeviceOperation,32,9848.0
1005568,,MatmulDeviceOperation,28,9842.0
1153024,,MatmulDeviceOperation,28,9842.0
858112,,MatmulDeviceOperation,28,9841.0
2063360,1,RotaryEmbeddingDeviceOperation,32,9837.0
747520,,MatmulDeviceOperation,28,9831.0
1613824,1,RotaryEmbeddingDeviceOperation,32,9831.0
1411072,,MatmulDeviceOperation,28,9830.0
784384,,MatmulDeviceOperation,28,9816.0
1042432,,MatmulDeviceOperation,28,9812.0
710656,,MatmulDeviceOperation,28,9810.0
575488,,EmbeddingsDeviceOperation,1,9809.0
1687552,1,RotaryEmbeddingDeviceOperation,32,9805.0
1805312,1,RotaryEmbeddingDeviceOperation,32,9803.0
1447936,,MatmulDeviceOperation,28,9796.0
2351104,1,RotaryEmbeddingDeviceOperation,32,9790.0
2277376,1,RotaryEmbeddingDeviceOperation,32,9780.0
1657856,1,RotaryEmbeddingDeviceOperation,32,9769.0
2100224,1,RotaryEmbeddingDeviceOperation,32,9766.0
2424832,1,RotaryEmbeddingDeviceOperation,32,9762.0
2129920,1,RotaryEmbeddingDeviceOperation,32,9757.0
2387968,1,RotaryEmbeddingDeviceOperation,32,9746.0
2247680,1,RotaryEmbeddingDeviceOperation,32,9721.0
2173952,1,RotaryEmbeddingDeviceOperation,32,9715.0
2240512,1,RotaryEmbeddingDeviceOperation,32,9714.0
1879040,1,RotaryEmbeddingDeviceOperation,32,9706.0
1694720,1,RotaryEmbeddingDeviceOperation,32,9704.0
2298880,1,LayerNormDeviceOperation,7,9682.0
1842176,1,RotaryEmbeddingDeviceOperation,32,9680.0
2314240,1,RotaryEmbeddingDeviceOperation,32,9677.0
1982464,1,RotaryEmbeddingDeviceOperation,32,9676.0
1989632,1,RotaryEmbeddingDeviceOperation,32,9671.0
2321408,1,RotaryEmbeddingDeviceOperation,32,9658.0
2284544,1,RotaryEmbeddingDeviceOperation,32,9655.0
1952768,1,RotaryEmbeddingDeviceOperation,32,9654.0
1915904,1,RotaryEmbeddingDeviceOperation,32,9644.0
2137088,1,RotaryEmbeddingDeviceOperation,32,9638.0
1731584,1,RotaryEmbeddingDeviceOperation,32,9634.0
2026496,1,RotaryEmbeddingDeviceOperation,32,9634.0
1856512,1,LayerNormDeviceOperation,7,9627.0
2056192,1,RotaryEmbeddingDeviceOperation,32,9593.0
1768448,1,RotaryEmbeddingDeviceOperation,32,9582.0
1620992,1,RotaryEmbeddingDeviceOperation,32,9565.0
1672192,1,LayerNormDeviceOperation,7,9553.0
1782784,1,LayerNormDeviceOperation,7,9541.0
2188288,1,LayerNormDeviceOperation,7,9532.0
2262016,1,LayerNormDeviceOperation,7,9528.0
1598464,1,LayerNormDeviceOperation,7,9522.0
1930240,1,LayerNormDeviceOperation,7,9522.0
2151424,1,LayerNormDeviceOperation,7,9513.0
2446336,1,LayerNormDeviceOperation,7,9511.0
1745920,1,LayerNormDeviceOperation,7,9507.0
628736,,FillPadDeviceOperation,64,9478.0
2040832,1,LayerNormDeviceOperation,7,9476.0
1893376,1,LayerNormDeviceOperation,7,9470.0
1819648,1,LayerNormDeviceOperation,7,9446.0
1967104,1,LayerNormDeviceOperation,7,9442.0
1587200,1,FillPadDeviceOperation,64,9418.0
2225152,1,LayerNormDeviceOperation,7,9418.0
2114560,1,LayerNormDeviceOperation,7,9405.0
1635328,1,LayerNormDeviceOperation,7,9400.0
1709056,1,LayerNormDeviceOperation,7,9388.0
2409472,1,LayerNormDeviceOperation,7,9337.0
2077696,1,LayerNormDeviceOperation,7,9318.0
2335744,1,LayerNormDeviceOperation,7,9308.0
2372608,1,LayerNormDeviceOperation,7,9286.0
2274304,1,PagedUpdateCacheDeviceOperation,32,9284.0
1901568,1,LayerNormDeviceOperation,7,9170.0
2233344,1,LayerNormDeviceOperation,7,9163.0
2343936,1,LayerNormDeviceOperation,7,9155.0
1790976,1,LayerNormDeviceOperation,7,9145.0
2196480,1,LayerNormDeviceOperation,7,9136.0
1975296,1,LayerNormDeviceOperation,7,9128.0
1827840,1,LayerNormDeviceOperation,7,9119.0
2159616,1,LayerNormDeviceOperation,7,9113.0
2085888,1,LayerNormDeviceOperation,7,9096.0
1864704,1,LayerNormDeviceOperation,7,9089.0
2417664,1,LayerNormDeviceOperation,7,9087.0
2454528,1,LayerNormDeviceOperation,7,9075.0
2122752,1,LayerNormDeviceOperation,7,9069.0
2049024,1,LayerNormDeviceOperation,7,9061.0
1606656,1,LayerNormDeviceOperation,7,9059.0
2012160,1,LayerNormDeviceOperation,7,9052.0
1680384,1,LayerNormDeviceOperation,7,9040.0
1754112,1,LayerNormDeviceOperation,7,9034.0
1643520,1,LayerNormDeviceOperation,7,9031.0
1938432,1,LayerNormDeviceOperation,7,9024.0
2307072,1,LayerNormDeviceOperation,7,9020.0
2270208,1,LayerNormDeviceOperation,7,9007.0
1717248,1,LayerNormDeviceOperation,7,8989.0
2380800,1,LayerNormDeviceOperation,7,8981.0
630784,,BinaryNgDeviceOperation,64,8836.0
1385472,,LayerNormDeviceOperation,7,8821.0
640000,,LayerNormDeviceOperation,7,8811.0
795648,,LayerNormDeviceOperation,7,8797.0
1459200,,LayerNormDeviceOperation,7,8796.0
1229824,,LayerNormDeviceOperation,7,8793.0
1053696,,LayerNormDeviceOperation,7,8791.0
577536,,LayerNormDeviceOperation,7,8787.0
1164288,,LayerNormDeviceOperation,7,8782.0
1348608,,LayerNormDeviceOperation,7,8780.0
1414144,,LayerNormDeviceOperation,7,8777.0
861184,,LayerNormDeviceOperation,7,8775.0
906240,,LayerNormDeviceOperation,7,8773.0
1016832,,LayerNormDeviceOperation,7,8767.0
1201152,,LayerNormDeviceOperation,7,8765.0
943104,,LayerNormDeviceOperation,7,8764.0
824320,,LayerNormDeviceOperation,7,8763.0
1487872,,LayerNormDeviceOperation,7,8755.0
1311744,,LayerNormDeviceOperation,7,8750.0
934912,,LayerNormDeviceOperation,7,8748.0
1127424,,LayerNormDeviceOperation,7,8747.0
898048,,LayerNormDeviceOperation,7,8740.0
676864,,LayerNormDeviceOperation,7,8739.0
1156096,,LayerNormDeviceOperation,7,8739.0
1090560,,LayerNormDeviceOperation,7,8738.0
832512,,LayerNormDeviceOperation,7,8736.0
648192,,LayerNormDeviceOperation,7,8733.0
1422336,,LayerNormDeviceOperation,7,8732.0
1266688,,LayerNormDeviceOperation,7,8731.0
750592,,LayerNormDeviceOperation,7,8730.0
869376,,LayerNormDeviceOperation,7,8729.0
787456,,LayerNormDeviceOperation,7,8727.0
685056,,LayerNormDeviceOperation,7,8724.0
1045504,,LayerNormDeviceOperation,7,8724.0
1192960,,LayerNormDeviceOperation,7,8724.0
1303552,,LayerNormDeviceOperation,7,8721.0
1377280,,LayerNormDeviceOperation,7,8720.0
713728,,LayerNormDeviceOperation,7,8719.0
1008640,,LayerNormDeviceOperation,7,8716.0
1119232,,LayerNormDeviceOperation,7,8712.0
721920,,LayerNormDeviceOperation,7,8711.0
1082368,,LayerNormDeviceOperation,7,8707.0
971776,,LayerNormDeviceOperation,7,8705.0
979968,,LayerNormDeviceOperation,7,8704.0
1238016,,LayerNormDeviceOperation,7,8693.0
1496064,,LayerNormDeviceOperation,7,8690.0
1340416,,LayerNormDeviceOperation,7,8689.0
1274880,,LayerNormDeviceOperation,7,8681.0
1451008,,LayerNormDeviceOperation,7,8675.0
758784,,LayerNormDeviceOperation,7,8659.0
2355200,1,PagedUpdateCacheDeviceOperation,32,8583.0
2207744,1,PagedUpdateCacheDeviceOperation,32,8323.0
1654784,1,PagedUpdateCacheDeviceOperation,32,8098.0
2392064,1,PagedUpdateCacheDeviceOperation,32,8025.0
2097152,1,PagedUpdateCacheDeviceOperation,32,7820.0
2318336,1,PagedUpdateCacheDeviceOperation,32,7674.0
2281472,1,PagedUpdateCacheDeviceOperation,32,7591.0
582656,,PagedUpdateCacheDeviceOperation,32,7540.0
2023424,1,PagedUpdateCacheDeviceOperation,32,7441.0
1728512,1,PagedUpdateCacheDeviceOperation,32,7421.0
1839104,1,PagedUpdateCacheDeviceOperation,32,7407.0
2428928,1,PagedUpdateCacheDeviceOperation,32,7338.0
1541120,1,PagedUpdateCacheDeviceOperation,32,7324.0
1949696,1,PagedUpdateCacheDeviceOperation,32,7317.0
1617920,1,PagedUpdateCacheDeviceOperation,32,7251.0
2384896,1,PagedUpdateCacheDeviceOperation,32,7249.0
2348032,1,PagedUpdateCacheDeviceOperation,32,7171.0
1868800,1,PagedUpdateCacheDeviceOperation,32,7155.0
1175552,,PagedUpdateCacheDeviceOperation,32,7154.0
696320,,PagedUpdateCacheDeviceOperation,32,7128.0
1589248,1,BinaryNgDeviceOperation,64,7125.0
873472,,PagedUpdateCacheDeviceOperation,32,7123.0
1765376,1,PagedUpdateCacheDeviceOperation,32,7095.0
1138688,,PagedUpdateCacheDeviceOperation,32,7089.0
762880,,PagedUpdateCacheDeviceOperation,32,7049.0
1795072,1,PagedUpdateCacheDeviceOperation,32,7038.0
464896,,SliceDeviceOperation,64,7031.0
1396736,,PagedUpdateCacheDeviceOperation,32,6992.0
2170880,1,PagedUpdateCacheDeviceOperation,32,6983.0
1758208,1,PagedUpdateCacheDeviceOperation,32,6957.0
2126848,1,PagedUpdateCacheDeviceOperation,32,6936.0
1802240,1,PagedUpdateCacheDeviceOperation,32,6923.0
1905664,1,PagedUpdateCacheDeviceOperation,32,6910.0
346112,,SliceDeviceOperation,64,6899.0
1389568,,PagedUpdateCacheDeviceOperation,32,6886.0
652288,,PagedUpdateCacheDeviceOperation,32,6881.0
1610752,1,PagedUpdateCacheDeviceOperation,32,6875.0
2163712,1,PagedUpdateCacheDeviceOperation,32,6854.0
2016256,1,PagedUpdateCacheDeviceOperation,32,6849.0
1463296,,PagedUpdateCacheDeviceOperation,32,6847.0
2134016,1,PagedUpdateCacheDeviceOperation,32,6838.0
2060288,1,PagedUpdateCacheDeviceOperation,32,6813.0
1561600,1,TilizeWithValPaddingDeviceOperation,1,6801.0
733184,,PagedUpdateCacheDeviceOperation,32,6790.0
1831936,1,PagedUpdateCacheDeviceOperation,32,6762.0
1942528,1,PagedUpdateCacheDeviceOperation,32,6755.0
1131520,,PagedUpdateCacheDeviceOperation,32,6739.0
1721344,1,PagedUpdateCacheDeviceOperation,32,6739.0
1986560,1,PagedUpdateCacheDeviceOperation,32,6732.0
423936,,SliceDeviceOperation,64,6709.0
1684480,1,PagedUpdateCacheDeviceOperation,32,6695.0
1691648,1,PagedUpdateCacheDeviceOperation,32,6682.0
2089984,1,PagedUpdateCacheDeviceOperation,32,6680.0
1912832,1,PagedUpdateCacheDeviceOperation,32,6672.0
1527808,1,TilizeWithValPaddingDeviceOperation,1,6650.0
1470464,,PagedUpdateCacheDeviceOperation,32,6636.0
542720,,TilizeWithValPaddingDeviceOperation,1,6632.0
1543168,1,TilizeWithValPaddingDeviceOperation,1,6630.0
2053120,1,PagedUpdateCacheDeviceOperation,32,6612.0
2244608,1,PagedUpdateCacheDeviceOperation,32,6593.0
227328,,SliceDeviceOperation,64,6582.0
397312,,SliceDeviceOperation,64,6580.0
689152,,PagedUpdateCacheDeviceOperation,32,6580.0
836608,,PagedUpdateCacheDeviceOperation,32,6578.0
2237440,1,PagedUpdateCacheDeviceOperation,32,6577.0
1875968,1,PagedUpdateCacheDeviceOperation,32,6543.0
1426432,,PagedUpdateCacheDeviceOperation,32,6531.0
2200576,1,PagedUpdateCacheDeviceOperation,32,6527.0
497664,,SliceDeviceOperation,64,6520.0
524288,,SliceDeviceOperation,64,6496.0
603136,,TilizeWithValPaddingDeviceOperation,1,6491.0
569344,,TilizeWithValPaddingDeviceOperation,1,6489.0
1212416,,PagedUpdateCacheDeviceOperation,32,6481.0
1242112,,PagedUpdateCacheDeviceOperation,32,6477.0
726016,,PagedUpdateCacheDeviceOperation,32,6474.0
1064960,,PagedUpdateCacheDeviceOperation,32,6465.0
516096,,SliceDeviceOperation,64,6462.0
446464,,SliceDeviceOperation,64,6454.0
1501184,1,TilizeWithValPaddingDeviceOperation,1,6451.0
419840,,SliceDeviceOperation,64,6450.0
100352,,SliceDeviceOperation,64,6448.0
584704,,TilizeWithValPaddingDeviceOperation,1,6435.0
301056,,SliceDeviceOperation,64,6429.0
231424,,SliceDeviceOperation,64,6416.0
319488,,SliceDeviceOperation,64,6415.0
1020928,,PagedUpdateCacheDeviceOperation,32,6404.0
2421760,1,PagedUpdateCacheDeviceOperation,32,6393.0
910336,,PagedUpdateCacheDeviceOperation,32,6384.0
415744,,SliceDeviceOperation,64,6380.0
659456,,PagedUpdateCacheDeviceOperation,32,6377.0
161792,,SliceDeviceOperation,64,6371.0
1433600,,PagedUpdateCacheDeviceOperation,32,6369.0
1323008,,PagedUpdateCacheDeviceOperation,32,6349.0
1560576,1,PagedUpdateCacheDeviceOperation,32,6332.0
1249280,,PagedUpdateCacheDeviceOperation,32,6330.0
1647616,1,PagedUpdateCacheDeviceOperation,32,6318.0
770048,,PagedUpdateCacheDeviceOperation,32,6300.0
1277952,,NLPCreateQKVHeadsDecodeDeviceOperation,32,6299.0
235520,,SliceDeviceOperation,64,6289.0
2311168,1,PagedUpdateCacheDeviceOperation,32,6279.0
909312,,NLPCreateQKVHeadsDecodeDeviceOperation,32,6275.0
1351680,,NLPCreateQKVHeadsDecodeDeviceOperation,32,6274.0
323584,,SliceDeviceOperation,64,6264.0
1204224,,NLPCreateQKVHeadsDecodeDeviceOperation,32,6263.0
724992,,NLPCreateQKVHeadsDecodeDeviceOperation,32,6260.0
651264,,NLPCreateQKVHeadsDecodeDeviceOperation,32,6257.0
835584,,NLPCreateQKVHeadsDecodeDeviceOperation,32,6257.0
1241088,,NLPCreateQKVHeadsDecodeDeviceOperation,32,6257.0
761856,,NLPCreateQKVHeadsDecodeDeviceOperation,32,6254.0
1057792,,PagedUpdateCacheDeviceOperation,32,6253.0
1019904,,NLPCreateQKVHeadsDecodeDeviceOperation,32,6252.0
1314816,,NLPCreateQKVHeadsDecodeDeviceOperation,32,6251.0
917504,,PagedUpdateCacheDeviceOperation,32,6248.0
946176,,NLPCreateQKVHeadsDecodeDeviceOperation,32,6245.0
580608,,NLPCreateQKVHeadsDecodeDeviceOperation,32,6237.0
1388544,,NLPCreateQKVHeadsDecodeDeviceOperation,32,6236.0
1093632,,NLPCreateQKVHeadsDecodeDeviceOperation,32,6230.0
1462272,,NLPCreateQKVHeadsDecodeDeviceOperation,32,6228.0
688128,,NLPCreateQKVHeadsDecodeDeviceOperation,32,6225.0
872448,,NLPCreateQKVHeadsDecodeDeviceOperation,32,6222.0
983040,,NLPCreateQKVHeadsDecodeDeviceOperation,32,6218.0
1130496,,NLPCreateQKVHeadsDecodeDeviceOperation,32,6217.0
1167360,,NLPCreateQKVHeadsDecodeDeviceOperation,32,6209.0
991232,,PagedUpdateCacheDeviceOperation,32,6203.0
843776,,PagedUpdateCacheDeviceOperation,32,6200.0
1056768,,NLPCreateQKVHeadsDecodeDeviceOperation,32,6195.0
798720,,NLPCreateQKVHeadsDecodeDeviceOperation,32,6192.0
1359872,,PagedUpdateCacheDeviceOperation,32,6185.0
1278976,,PagedUpdateCacheDeviceOperation,32,6182.0
1425408,,NLPCreateQKVHeadsDecodeDeviceOperation,32,6180.0
1315840,,PagedUpdateCacheDeviceOperation,32,6174.0
806912,,PagedUpdateCacheDeviceOperation,32,6170.0
350208,,SliceDeviceOperation,64,6167.0
296960,,SliceDeviceOperation,64,6159.0
602112,,PagedUpdateCacheDeviceOperation,32,6156.0
947200,,PagedUpdateCacheDeviceOperation,32,6145.0
327680,,SliceDeviceOperation,64,6143.0
1979392,1,PagedUpdateCacheDeviceOperation,32,6140.0
1286144,,PagedUpdateCacheDeviceOperation,32,6138.0
1101824,,PagedUpdateCacheDeviceOperation,32,6133.0
880640,,PagedUpdateCacheDeviceOperation,32,6119.0
1646592,1,NLPCreateQKVHeadsDecodeDeviceOperation,32,6109.0
799744,,PagedUpdateCacheDeviceOperation,32,6107.0
954368,,PagedUpdateCacheDeviceOperation,32,6101.0
428032,,SliceDeviceOperation,64,6077.0
165888,,SliceDeviceOperation,64,6075.0
984064,,PagedUpdateCacheDeviceOperation,32,6070.0
1168384,,PagedUpdateCacheDeviceOperation,32,6070.0
1205248,,PagedUpdateCacheDeviceOperation,32,6064.0
1609728,1,NLPCreateQKVHeadsDecodeDeviceOperation,32,6059.0
2015232,1,NLPCreateQKVHeadsDecodeDeviceOperation,32,6054.0
1028096,,PagedUpdateCacheDeviceOperation,32,6045.0
1867776,1,NLPCreateQKVHeadsDecodeDeviceOperation,32,6039.0
2052096,1,NLPCreateQKVHeadsDecodeDeviceOperation,32,6039.0
1904640,1,NLPCreateQKVHeadsDecodeDeviceOperation,32,6028.0
2420736,1,NLPCreateQKVHeadsDecodeDeviceOperation,32,6028.0
2236416,1,NLPCreateQKVHeadsDecodeDeviceOperation,32,6024.0
2347008,1,NLPCreateQKVHeadsDecodeDeviceOperation,32,6024.0
1539072,1,NLPCreateQKVHeadsDecodeDeviceOperation,32,6008.0
1794048,1,NLPCreateQKVHeadsDecodeDeviceOperation,32,6001.0
2199552,1,NLPCreateQKVHeadsDecodeDeviceOperation,32,6000.0
2310144,1,NLPCreateQKVHeadsDecodeDeviceOperation,32,5995.0
1352704,,PagedUpdateCacheDeviceOperation,32,5993.0
1683456,1,NLPCreateQKVHeadsDecodeDeviceOperation,32,5993.0
1757184,1,NLPCreateQKVHeadsDecodeDeviceOperation,32,5993.0
1830912,1,NLPCreateQKVHeadsDecodeDeviceOperation,32,5991.0
1941504,1,NLPCreateQKVHeadsDecodeDeviceOperation,32,5987.0
2383872,1,NLPCreateQKVHeadsDecodeDeviceOperation,32,5983.0
1720320,1,NLPCreateQKVHeadsDecodeDeviceOperation,32,5980.0
2088960,1,NLPCreateQKVHeadsDecodeDeviceOperation,32,5979.0
2162688,1,NLPCreateQKVHeadsDecodeDeviceOperation,32,5973.0
1978368,1,NLPCreateQKVHeadsDecodeDeviceOperation,32,5970.0
2273280,1,NLPCreateQKVHeadsDecodeDeviceOperation,32,5949.0
1094656,,PagedUpdateCacheDeviceOperation,32,5946.0
520192,,SliceDeviceOperation,64,5937.0
2125824,1,NLPCreateQKVHeadsDecodeDeviceOperation,32,5926.0
228352,,SliceDeviceOperation,64,5691.0
101376,,SliceDeviceOperation,64,5654.0
347136,,SliceDeviceOperation,64,5635.0
618496,,UntilizeWithUnpaddingDeviceOperation,32,5599.0
398336,,SliceDeviceOperation,64,5477.0
324608,,SliceDeviceOperation,64,5476.0
297984,,SliceDeviceOperation,64,5380.0
1588224,1,ReduceDeviceOperation,32,5368.0
420864,,SliceDeviceOperation,64,5362.0
525312,,SliceDeviceOperation,64,5362.0
1576960,1,UntilizeWithUnpaddingDeviceOperation,32,5347.0
429056,,SliceDeviceOperation,64,5330.0
465920,,SliceDeviceOperation,64,5325.0
166912,,SliceDeviceOperation,64,5317.0
416768,,SliceDeviceOperation,64,5317.0
328704,,SliceDeviceOperation,64,5309.0
498688,,SliceDeviceOperation,64,5299.0
162816,,SliceDeviceOperation,64,5283.0
517120,,SliceDeviceOperation,64,5237.0
232448,,SliceDeviceOperation,64,5225.0
236544,,SliceDeviceOperation,64,5219.0
447488,,SliceDeviceOperation,64,5168.0
611328,,TypecastDeviceOperation,64,5157.0
622592,,TypecastDeviceOperation,64,5136.0
320512,,SliceDeviceOperation,64,5131.0
521216,,SliceDeviceOperation,64,5112.0
351232,,SliceDeviceOperation,64,5109.0
424960,,SliceDeviceOperation,64,5055.0
1569792,1,TypecastDeviceOperation,64,5024.0
302080,,SliceDeviceOperation,64,5006.0
629760,,ReduceDeviceOperation,32,5006.0
1581056,1,TypecastDeviceOperation,64,4746.0
146432,,TilizeWithValPaddingDeviceOperation,36,4593.0
482304,,TilizeWithValPaddingDeviceOperation,36,4567.0
160768,,TilizeWithValPaddingDeviceOperation,36,4565.0
515072,,TilizeWithValPaddingDeviceOperation,36,4557.0
414720,,TilizeWithValPaddingDeviceOperation,36,4554.0
367616,,TilizeWithValPaddingDeviceOperation,36,4548.0
381952,,TilizeWithValPaddingDeviceOperation,36,4542.0
445440,,TilizeWithValPaddingDeviceOperation,36,4538.0
197632,,TilizeWithValPaddingDeviceOperation,36,4524.0
345088,,TilizeWithValPaddingDeviceOperation,36,4523.0
183296,,TilizeWithValPaddingDeviceOperation,36,4521.0
496640,,TilizeWithValPaddingDeviceOperation,36,4519.0
318464,,TilizeWithValPaddingDeviceOperation,36,4518.0
295936,,TilizeWithValPaddingDeviceOperation,36,4502.0
117760,,TilizeWithValPaddingDeviceOperation,36,4494.0
541696,,TilizeWithValPaddingDeviceOperation,36,4482.0
211968,,TilizeWithValPaddingDeviceOperation,36,4477.0
132096,,TilizeWithValPaddingDeviceOperation,36,4462.0
267264,,TilizeWithValPaddingDeviceOperation,36,4453.0
281600,,TilizeWithValPaddingDeviceOperation,36,4445.0
396288,,TilizeWithValPaddingDeviceOperation,36,4443.0
463872,,TilizeWithValPaddingDeviceOperation,36,4442.0
252928,,TilizeWithValPaddingDeviceOperation,36,4440.0
226304,,TilizeWithValPaddingDeviceOperation,36,4407.0
1441792,,TypecastDeviceOperation,64,3887.0
604160,,BinaryNgDeviceOperation,64,3763.0
1773568,1,TypecastDeviceOperation,64,3705.0
1368064,,TypecastDeviceOperation,64,3694.0
1562624,1,BinaryNgDeviceOperation,64,3681.0
1036288,,TypecastDeviceOperation,64,3665.0
1478656,,TypecastDeviceOperation,64,3652.0
1183744,,TypecastDeviceOperation,64,3650.0
1257472,,TypecastDeviceOperation,64,3646.0
626688,,TypecastDeviceOperation,64,3643.0
2031616,1,TypecastDeviceOperation,64,3635.0
1073152,,TypecastDeviceOperation,64,3625.0
1994752,1,TypecastDeviceOperation,64,3607.0
888832,,TypecastDeviceOperation,64,3599.0
999424,,TypecastDeviceOperation,64,3578.0
667648,,TypecastDeviceOperation,64,3553.0
819200,,NLPConcatHeadsDecodeDeviceOperation,14,3543.0
1585152,1,TypecastDeviceOperation,64,3536.0
1482752,,NLPConcatHeadsDecodeDeviceOperation,14,3534.0
1187840,,NLPConcatHeadsDecodeDeviceOperation,14,3530.0
617472,,ShardedToInterleavedDeviceOperation,32,3525.0
1114112,,NLPConcatHeadsDecodeDeviceOperation,14,3525.0
1077248,,NLPConcatHeadsDecodeDeviceOperation,14,3524.0
1298432,,NLPConcatHeadsDecodeDeviceOperation,14,3524.0
745472,,NLPConcatHeadsDecodeDeviceOperation,14,3523.0
1224704,,NLPConcatHeadsDecodeDeviceOperation,14,3523.0
966656,,NLPConcatHeadsDecodeDeviceOperation,14,3521.0
1372160,,NLPConcatHeadsDecodeDeviceOperation,14,3521.0
782336,,NLPConcatHeadsDecodeDeviceOperation,14,3520.0
1003520,,NLPConcatHeadsDecodeDeviceOperation,14,3520.0
1040384,,NLPConcatHeadsDecodeDeviceOperation,14,3520.0
708608,,NLPConcatHeadsDecodeDeviceOperation,14,3519.0
1261568,,NLPConcatHeadsDecodeDeviceOperation,14,3518.0
1404928,,TypecastDeviceOperation,64,3518.0
929792,,NLPConcatHeadsDecodeDeviceOperation,14,3516.0
1409024,,NLPConcatHeadsDecodeDeviceOperation,14,3515.0
634880,,NLPConcatHeadsDecodeDeviceOperation,14,3514.0
892928,,NLPConcatHeadsDecodeDeviceOperation,14,3514.0
1150976,,NLPConcatHeadsDecodeDeviceOperation,14,3514.0
1335296,,NLPConcatHeadsDecodeDeviceOperation,14,3514.0
1575936,1,ShardedToInterleavedDeviceOperation,32,3514.0
1445888,,NLPConcatHeadsDecodeDeviceOperation,14,3513.0
925696,,TypecastDeviceOperation,64,3512.0
856064,,NLPConcatHeadsDecodeDeviceOperation,14,3509.0
671744,,NLPConcatHeadsDecodeDeviceOperation,14,3507.0
1294336,,TypecastDeviceOperation,64,3498.0
1146880,,TypecastDeviceOperation,64,3494.0
2363392,1,TypecastDeviceOperation,64,3487.0
1331200,,TypecastDeviceOperation,64,3476.0
1481728,,TypecastDeviceOperation,64,3471.0
1113088,,TypecastDeviceOperation,64,3470.0
1002496,,TypecastDeviceOperation,64,3451.0
1736704,1,TypecastDeviceOperation,64,3449.0
633856,,TypecastDeviceOperation,64,3443.0
818176,,TypecastDeviceOperation,64,3443.0
965632,,TypecastDeviceOperation,64,3435.0
1777664,1,NLPConcatHeadsDecodeDeviceOperation,14,3431.0
781312,,TypecastDeviceOperation,64,3420.0
1444864,,TypecastDeviceOperation,64,3411.0
1961984,1,NLPConcatHeadsDecodeDeviceOperation,14,3411.0
2256896,1,NLPConcatHeadsDecodeDeviceOperation,14,3409.0
704512,,TypecastDeviceOperation,64,3408.0
2072576,1,NLPConcatHeadsDecodeDeviceOperation,14,3408.0
744448,,TypecastDeviceOperation,64,3405.0
1703936,1,NLPConcatHeadsDecodeDeviceOperation,14,3405.0
1851392,1,NLPConcatHeadsDecodeDeviceOperation,14,3404.0
2220032,1,NLPConcatHeadsDecodeDeviceOperation,14,3404.0
2441216,1,NLPConcatHeadsDecodeDeviceOperation,14,3404.0
2109440,1,NLPConcatHeadsDecodeDeviceOperation,14,3403.0
2330624,1,NLPConcatHeadsDecodeDeviceOperation,14,3403.0
2183168,1,NLPConcatHeadsDecodeDeviceOperation,14,3401.0
707584,,TypecastDeviceOperation,64,3400.0
1076224,,TypecastDeviceOperation,64,3400.0
815104,,TypecastDeviceOperation,64,3399.0
1814528,1,NLPConcatHeadsDecodeDeviceOperation,14,3398.0
1888256,1,NLPConcatHeadsDecodeDeviceOperation,14,3398.0
2035712,1,NLPConcatHeadsDecodeDeviceOperation,14,3397.0
1334272,,TypecastDeviceOperation,64,3396.0
1740800,1,NLPConcatHeadsDecodeDeviceOperation,14,3396.0
2404352,1,NLPConcatHeadsDecodeDeviceOperation,14,3396.0
1186816,,TypecastDeviceOperation,64,3394.0
1220608,,TypecastDeviceOperation,64,3392.0
1371136,,TypecastDeviceOperation,64,3392.0
2367488,1,NLPConcatHeadsDecodeDeviceOperation,14,3392.0
1925120,1,NLPConcatHeadsDecodeDeviceOperation,14,3391.0
1998848,1,NLPConcatHeadsDecodeDeviceOperation,14,3391.0
2146304,1,NLPConcatHeadsDecodeDeviceOperation,14,3391.0
2293760,1,NLPConcatHeadsDecodeDeviceOperation,14,3391.0
1667072,1,NLPConcatHeadsDecodeDeviceOperation,14,3390.0
627712,,ShardedToInterleavedDeviceOperation,32,3388.0
1630208,1,NLPConcatHeadsDecodeDeviceOperation,14,3388.0
1810432,1,TypecastDeviceOperation,64,3384.0
1149952,,TypecastDeviceOperation,64,3383.0
1039360,,TypecastDeviceOperation,64,3379.0
928768,,TypecastDeviceOperation,64,3376.0
670720,,TypecastDeviceOperation,64,3374.0
851968,,TypecastDeviceOperation,64,3374.0
891904,,TypecastDeviceOperation,64,3372.0
1223680,,TypecastDeviceOperation,64,3370.0
1260544,,TypecastDeviceOperation,64,3370.0
855040,,TypecastDeviceOperation,64,3368.0
1297408,,TypecastDeviceOperation,64,3368.0
1408000,,TypecastDeviceOperation,64,3361.0
2068480,1,TypecastDeviceOperation,64,3357.0
2142208,1,TypecastDeviceOperation,64,3344.0
2292736,1,TypecastDeviceOperation,64,3335.0
1593344,1,NLPConcatHeadsDecodeDeviceOperation,14,3331.0
741376,,TypecastDeviceOperation,64,3326.0
1666048,1,TypecastDeviceOperation,64,3325.0
1785856,1,BinaryNgDeviceOperation,64,3324.0
2105344,1,TypecastDeviceOperation,64,3319.0
442368,,UntilizeWithUnpaddingDeviceOperation,1,3315.0
2252800,1,TypecastDeviceOperation,64,3312.0
2329600,1,TypecastDeviceOperation,64,3312.0
1960960,1,TypecastDeviceOperation,64,3309.0
1739776,1,TypecastDeviceOperation,64,3306.0
2301952,1,BinaryNgDeviceOperation,64,3305.0
1110016,,TypecastDeviceOperation,64,3304.0
1626112,1,TypecastDeviceOperation,64,3304.0
2007040,1,BinaryNgDeviceOperation,64,3304.0
1850368,1,TypecastDeviceOperation,64,3303.0
2080768,1,BinaryNgDeviceOperation,64,3302.0
2449408,1,BinaryNgDeviceOperation,64,3301.0
379904,,UntilizeWithUnpaddingDeviceOperation,1,3299.0
962560,,TypecastDeviceOperation,64,3298.0
1638400,1,BinaryNgDeviceOperation,64,3298.0
2071552,1,TypecastDeviceOperation,64,3298.0
1702912,1,TypecastDeviceOperation,64,3296.0
493568,,UntilizeWithUnpaddingDeviceOperation,1,3295.0
1748992,1,BinaryNgDeviceOperation,64,3293.0
365568,,UntilizeWithUnpaddingDeviceOperation,1,3292.0
1933312,1,BinaryNgDeviceOperation,64,3292.0
1601536,1,BinaryNgDeviceOperation,64,3291.0
1675264,1,BinaryNgDeviceOperation,64,3290.0
1712128,1,BinaryNgDeviceOperation,64,3289.0
1859584,1,BinaryNgDeviceOperation,64,3289.0
2154496,1,BinaryNgDeviceOperation,64,3289.0
2228224,1,BinaryNgDeviceOperation,64,3289.0
2375680,1,BinaryNgDeviceOperation,64,3289.0
2265088,1,BinaryNgDeviceOperation,64,3288.0
2117632,1,BinaryNgDeviceOperation,64,3286.0
1970176,1,BinaryNgDeviceOperation,64,3284.0
2043904,1,BinaryNgDeviceOperation,64,3284.0
2412544,1,BinaryNgDeviceOperation,64,3284.0
411648,,UntilizeWithUnpaddingDeviceOperation,1,3283.0
2338816,1,BinaryNgDeviceOperation,64,3283.0
1048576,,BinaryNgDeviceOperation,64,3282.0
1822720,1,BinaryNgDeviceOperation,64,3282.0
1896448,1,BinaryNgDeviceOperation,64,3281.0
2191360,1,BinaryNgDeviceOperation,64,3280.0
778240,,TypecastDeviceOperation,64,3278.0
2289664,1,TypecastDeviceOperation,64,3277.0
143360,,UntilizeWithUnpaddingDeviceOperation,1,3274.0
494592,,UntilizeWithUnpaddingDeviceOperation,1,3273.0
479232,,UntilizeWithUnpaddingDeviceOperation,1,3272.0
2182144,1,TypecastDeviceOperation,64,3265.0
209920,,UntilizeWithUnpaddingDeviceOperation,1,3261.0
2145280,1,TypecastDeviceOperation,64,3259.0
539648,,UntilizeWithUnpaddingDeviceOperation,1,3258.0
2255872,1,TypecastDeviceOperation,64,3253.0
1776640,1,TypecastDeviceOperation,64,3250.0
2219008,1,TypecastDeviceOperation,64,3241.0
144384,,UntilizeWithUnpaddingDeviceOperation,1,3238.0
158720,,UntilizeWithUnpaddingDeviceOperation,1,3236.0
1887232,1,TypecastDeviceOperation,64,3233.0
621568,,InterleavedToShardedDeviceOperation,32,3232.0
1629184,1,TypecastDeviceOperation,64,3228.0
1997824,1,TypecastDeviceOperation,64,3222.0
2403328,1,TypecastDeviceOperation,64,3222.0
1813504,1,TypecastDeviceOperation,64,3220.0
412672,,UntilizeWithUnpaddingDeviceOperation,1,3218.0
461824,,UntilizeWithUnpaddingDeviceOperation,1,3218.0
342016,,UntilizeWithUnpaddingDeviceOperation,1,3217.0
250880,,UntilizeWithUnpaddingDeviceOperation,1,3208.0
264192,,UntilizeWithUnpaddingDeviceOperation,1,3207.0
1085440,,BinaryNgDeviceOperation,64,3207.0
2179072,1,TypecastDeviceOperation,64,3204.0
1159168,,BinaryNgDeviceOperation,64,3203.0
2034688,1,TypecastDeviceOperation,64,3199.0
753664,,BinaryNgDeviceOperation,64,3197.0
1924096,1,TypecastDeviceOperation,64,3197.0
2108416,1,TypecastDeviceOperation,64,3197.0
1196032,,BinaryNgDeviceOperation,64,3196.0
1269760,,BinaryNgDeviceOperation,64,3196.0
278528,,UntilizeWithUnpaddingDeviceOperation,1,3194.0
1232896,,BinaryNgDeviceOperation,64,3192.0
1011712,,BinaryNgDeviceOperation,64,3191.0
1306624,,BinaryNgDeviceOperation,64,3191.0
790528,,BinaryNgDeviceOperation,64,3190.0
512000,,UntilizeWithUnpaddingDeviceOperation,1,3189.0
716800,,BinaryNgDeviceOperation,64,3188.0
114688,,UntilizeWithUnpaddingDeviceOperation,1,3187.0
643072,,BinaryNgDeviceOperation,64,3186.0
827392,,BinaryNgDeviceOperation,64,3184.0
679936,,BinaryNgDeviceOperation,64,3183.0
1380352,,BinaryNgDeviceOperation,64,3183.0
1490944,,BinaryNgDeviceOperation,64,3183.0
864256,,BinaryNgDeviceOperation,64,3181.0
1343488,,BinaryNgDeviceOperation,64,3181.0
901120,,BinaryNgDeviceOperation,64,3178.0
1417216,,BinaryNgDeviceOperation,64,3178.0
378880,,UntilizeWithUnpaddingDeviceOperation,1,3174.0
974848,,BinaryNgDeviceOperation,64,3174.0
1122304,,BinaryNgDeviceOperation,64,3172.0
937984,,BinaryNgDeviceOperation,64,3167.0
1454080,,BinaryNgDeviceOperation,64,3167.0
157696,,UntilizeWithUnpaddingDeviceOperation,1,3163.0
194560,,UntilizeWithUnpaddingDeviceOperation,1,3162.0
130048,,UntilizeWithUnpaddingDeviceOperation,1,3155.0
180224,,UntilizeWithUnpaddingDeviceOperation,1,3155.0
195584,,UntilizeWithUnpaddingDeviceOperation,1,3154.0
513024,,UntilizeWithUnpaddingDeviceOperation,1,3154.0
394240,,UntilizeWithUnpaddingDeviceOperation,1,3143.0
2440192,1,TypecastDeviceOperation,64,3143.0
393216,,UntilizeWithUnpaddingDeviceOperation,1,3139.0
223232,,UntilizeWithUnpaddingDeviceOperation,1,3136.0
265216,,UntilizeWithUnpaddingDeviceOperation,1,3136.0
1592320,1,TypecastDeviceOperation,64,3134.0
316416,,UntilizeWithUnpaddingDeviceOperation,1,3130.0
292864,,UntilizeWithUnpaddingDeviceOperation,1,3129.0
315392,,UntilizeWithUnpaddingDeviceOperation,1,3127.0
208896,,UntilizeWithUnpaddingDeviceOperation,1,3125.0
181248,,UntilizeWithUnpaddingDeviceOperation,1,3122.0
2437120,1,TypecastDeviceOperation,64,3122.0
460800,,UntilizeWithUnpaddingDeviceOperation,1,3121.0
249856,,UntilizeWithUnpaddingDeviceOperation,1,3113.0
443392,,UntilizeWithUnpaddingDeviceOperation,1,3110.0
279552,,UntilizeWithUnpaddingDeviceOperation,1,3109.0
115712,,UntilizeWithUnpaddingDeviceOperation,1,3106.0
293888,,UntilizeWithUnpaddingDeviceOperation,1,3103.0
129024,,UntilizeWithUnpaddingDeviceOperation,1,3102.0
364544,,UntilizeWithUnpaddingDeviceOperation,1,3100.0
480256,,UntilizeWithUnpaddingDeviceOperation,1,3098.0
538624,,UntilizeWithUnpaddingDeviceOperation,1,3095.0
224256,,UntilizeWithUnpaddingDeviceOperation,1,3087.0
343040,,UntilizeWithUnpaddingDeviceOperation,1,3087.0
2366464,1,TypecastDeviceOperation,64,3057.0
1699840,1,TypecastDeviceOperation,64,3047.0
1884160,1,TypecastDeviceOperation,64,3022.0
2400256,1,TypecastDeviceOperation,64,3018.0
1921024,1,TypecastDeviceOperation,64,2992.0
1544192,1,BinaryNgDeviceOperation,64,2968.0
1580032,1,InterleavedToShardedDeviceOperation,32,2906.0
585728,,BinaryNgDeviceOperation,64,2900.0
1957888,1,TypecastDeviceOperation,64,2886.0
1847296,1,TypecastDeviceOperation,64,2860.0
2215936,1,TypecastDeviceOperation,64,2852.0
623616,,ShardedToInterleavedDeviceOperation,32,2824.0
1565696,1,UntilizeWithUnpaddingDeviceOperation,1,2819.0
1662976,1,TypecastDeviceOperation,64,2779.0
1502208,1,BinaryNgDeviceOperation,64,2717.0
2326528,1,TypecastDeviceOperation,64,2702.0
1528832,1,BinaryNgDeviceOperation,64,2668.0
607232,,UntilizeWithUnpaddingDeviceOperation,1,2661.0
1586176,1,ShardedToInterleavedDeviceOperation,32,2629.0
570368,,BinaryNgDeviceOperation,64,2476.0
543744,,BinaryNgDeviceOperation,64,2474.0
1479680,,InterleavedToShardedDeviceOperation,16,2336.0
889856,,InterleavedToShardedDeviceOperation,16,2301.0
1184768,,InterleavedToShardedDeviceOperation,16,2282.0
852992,,InterleavedToShardedDeviceOperation,16,2279.0
1147904,,InterleavedToShardedDeviceOperation,16,2279.0
1405952,,InterleavedToShardedDeviceOperation,16,2278.0
926720,,InterleavedToShardedDeviceOperation,16,2271.0
1074176,,InterleavedToShardedDeviceOperation,16,2246.0
1582080,1,ShardedToInterleavedDeviceOperation,32,2227.0
1000448,,InterleavedToShardedDeviceOperation,16,2225.0
631808,,InterleavedToShardedDeviceOperation,16,2213.0
1369088,,InterleavedToShardedDeviceOperation,16,2169.0
1221632,,InterleavedToShardedDeviceOperation,16,2157.0
705536,,InterleavedToShardedDeviceOperation,16,2148.0
779264,,InterleavedToShardedDeviceOperation,16,2147.0
816128,,InterleavedToShardedDeviceOperation,16,2136.0
742400,,InterleavedToShardedDeviceOperation,16,2132.0
608256,,RepeatDeviceOperation,64,2115.0
1566720,1,RepeatDeviceOperation,64,2115.0
963584,,InterleavedToShardedDeviceOperation,16,2102.0
1596416,1,BinaryNgDeviceOperation,64,2093.0
1295360,,InterleavedToShardedDeviceOperation,16,2090.0
1442816,,InterleavedToShardedDeviceOperation,16,2084.0
1258496,,InterleavedToShardedDeviceOperation,16,2081.0
1332224,,InterleavedToShardedDeviceOperation,16,2070.0
1439744,,CopyDeviceOperation,64,2064.0
668672,,InterleavedToShardedDeviceOperation,16,2048.0
1037312,,InterleavedToShardedDeviceOperation,16,2047.0
2216960,1,InterleavedToShardedDeviceOperation,16,2029.0
1733632,1,SliceDeviceOperation,64,2027.0
1111040,,InterleavedToShardedDeviceOperation,16,2025.0
386048,,UntilizeWithUnpaddingDeviceOperation,36,2005.0
1329152,,CopyDeviceOperation,64,2001.0
624640,,CopyDeviceOperation,64,1979.0
637952,,BinaryNgDeviceOperation,64,1978.0
489472,,UntilizeWithUnpaddingDeviceOperation,36,1977.0
153600,,UntilizeWithUnpaddingDeviceOperation,36,1967.0
124928,,UntilizeWithUnpaddingDeviceOperation,36,1962.0
2180096,1,InterleavedToShardedDeviceOperation,16,1959.0
1627136,1,InterleavedToShardedDeviceOperation,16,1957.0
2459648,,UntilizeWithUnpaddingDeviceOperation,1,1953.0
1549312,1,UnaryDeviceOperation,64,1942.0
1590272,1,InterleavedToShardedDeviceOperation,16,1940.0
1181696,,CopyDeviceOperation,64,1937.0
432128,,UntilizeWithUnpaddingDeviceOperation,36,1933.0
813056,,CopyDeviceOperation,64,1929.0
886784,,CopyDeviceOperation,64,1915.0
118784,,UntilizeWithUnpaddingDeviceOperation,36,1911.0
311296,,UntilizeWithUnpaddingDeviceOperation,36,1906.0
923648,,CopyDeviceOperation,64,1891.0
239616,,UntilizeWithUnpaddingDeviceOperation,36,1890.0
1144832,,CopyDeviceOperation,64,1889.0
1292288,,CopyDeviceOperation,64,1889.0
104448,,UntilizeWithUnpaddingDeviceOperation,36,1885.0
739328,,CopyDeviceOperation,64,1882.0
401408,,UntilizeWithUnpaddingDeviceOperation,36,1870.0
501760,,UntilizeWithUnpaddingDeviceOperation,36,1866.0
257024,,UntilizeWithUnpaddingDeviceOperation,36,1864.0
1107968,,CopyDeviceOperation,64,1864.0
212992,,UntilizeWithUnpaddingDeviceOperation,36,1863.0
776192,,CopyDeviceOperation,64,1858.0
1402880,,CopyDeviceOperation,64,1858.0
450560,,UntilizeWithUnpaddingDeviceOperation,36,1856.0
2253824,1,InterleavedToShardedDeviceOperation,16,1856.0
468992,,UntilizeWithUnpaddingDeviceOperation,36,1854.0
354304,,UntilizeWithUnpaddingDeviceOperation,36,1850.0
282624,,UntilizeWithUnpaddingDeviceOperation,36,1848.0
2462720,,UntilizeWithUnpaddingDeviceOperation,1,1848.0
2106368,1,InterleavedToShardedDeviceOperation,16,1843.0
702464,,CopyDeviceOperation,64,1842.0
590848,,UnaryDeviceOperation,64,1841.0
960512,,CopyDeviceOperation,64,1840.0
136192,,UntilizeWithUnpaddingDeviceOperation,36,1839.0
184320,,UntilizeWithUnpaddingDeviceOperation,36,1839.0
1255424,,CopyDeviceOperation,64,1839.0
453632,,UntilizeWithUnpaddingDeviceOperation,36,1835.0
2463744,,UntilizeWithUnpaddingDeviceOperation,1,1835.0
308224,,UntilizeWithUnpaddingDeviceOperation,36,1834.0
531456,,UntilizeWithUnpaddingDeviceOperation,36,1834.0
374784,,UntilizeWithUnpaddingDeviceOperation,36,1833.0
1071104,,CopyDeviceOperation,64,1833.0
475136,,UntilizeWithUnpaddingDeviceOperation,36,1832.0
483328,,UntilizeWithUnpaddingDeviceOperation,36,1826.0
1366016,,CopyDeviceOperation,64,1826.0
187392,,UntilizeWithUnpaddingDeviceOperation,36,1825.0
253952,,UntilizeWithUnpaddingDeviceOperation,36,1824.0
147456,,UntilizeWithUnpaddingDeviceOperation,36,1823.0
190464,,UntilizeWithUnpaddingDeviceOperation,36,1822.0
528384,,UntilizeWithUnpaddingDeviceOperation,36,1822.0
382976,,UntilizeWithUnpaddingDeviceOperation,36,1821.0
268288,,UntilizeWithUnpaddingDeviceOperation,36,1817.0
849920,,CopyDeviceOperation,64,1817.0
1034240,,CopyDeviceOperation,64,1815.0
176128,,UntilizeWithUnpaddingDeviceOperation,36,1813.0
245760,,UntilizeWithUnpaddingDeviceOperation,36,1812.0
169984,,UntilizeWithUnpaddingDeviceOperation,36,1811.0
305152,,UntilizeWithUnpaddingDeviceOperation,36,1811.0
2467840,,UntilizeWithUnpaddingDeviceOperation,1,1809.0
173056,,UntilizeWithUnpaddingDeviceOperation,36,1808.0
331776,,UntilizeWithUnpaddingDeviceOperation,36,1804.0
472064,,UntilizeWithUnpaddingDeviceOperation,36,1798.0
288768,,UntilizeWithUnpaddingDeviceOperation,36,1797.0
133120,,UntilizeWithUnpaddingDeviceOperation,36,1796.0
121856,,UntilizeWithUnpaddingDeviceOperation,36,1793.0
198656,,UntilizeWithUnpaddingDeviceOperation,36,1793.0
389120,,UntilizeWithUnpaddingDeviceOperation,36,1793.0
107520,,UntilizeWithUnpaddingDeviceOperation,36,1792.0
139264,,UntilizeWithUnpaddingDeviceOperation,36,1792.0
201728,,UntilizeWithUnpaddingDeviceOperation,36,1792.0
274432,,UntilizeWithUnpaddingDeviceOperation,36,1792.0
357376,,UntilizeWithUnpaddingDeviceOperation,36,1790.0
1552384,1,UnaryDeviceOperation,64,1790.0
271360,,UntilizeWithUnpaddingDeviceOperation,36,1789.0
619520,,RepeatDeviceOperation,64,1786.0
337920,,UntilizeWithUnpaddingDeviceOperation,36,1784.0
360448,,UntilizeWithUnpaddingDeviceOperation,36,1784.0
507904,,UntilizeWithUnpaddingDeviceOperation,36,1784.0
534528,,UntilizeWithUnpaddingDeviceOperation,36,1784.0
219136,,UntilizeWithUnpaddingDeviceOperation,36,1781.0
371712,,UntilizeWithUnpaddingDeviceOperation,36,1781.0
334848,,UntilizeWithUnpaddingDeviceOperation,36,1780.0
486400,,UntilizeWithUnpaddingDeviceOperation,36,1780.0
404480,,UntilizeWithUnpaddingDeviceOperation,36,1779.0
260096,,UntilizeWithUnpaddingDeviceOperation,36,1778.0
242688,,UntilizeWithUnpaddingDeviceOperation,36,1775.0
407552,,UntilizeWithUnpaddingDeviceOperation,36,1774.0
2327552,1,InterleavedToShardedDeviceOperation,16,1773.0
2466816,,UntilizeWithUnpaddingDeviceOperation,1,1771.0
285696,,UntilizeWithUnpaddingDeviceOperation,36,1770.0
368640,,UntilizeWithUnpaddingDeviceOperation,36,1769.0
438272,,UntilizeWithUnpaddingDeviceOperation,36,1769.0
110592,,UntilizeWithUnpaddingDeviceOperation,36,1768.0
456704,,UntilizeWithUnpaddingDeviceOperation,36,1768.0
504832,,UntilizeWithUnpaddingDeviceOperation,36,1767.0
204800,,UntilizeWithUnpaddingDeviceOperation,36,1766.0
150528,,UntilizeWithUnpaddingDeviceOperation,36,1765.0
435200,,UntilizeWithUnpaddingDeviceOperation,36,1765.0
2473984,,UntilizeWithUnpaddingDeviceOperation,1,1763.0
1476608,,CopyDeviceOperation,64,1762.0
665600,,CopyDeviceOperation,64,1761.0
216064,,UntilizeWithUnpaddingDeviceOperation,36,1758.0
594944,,TypecastDeviceOperation,2,1754.0
1700864,1,InterleavedToShardedDeviceOperation,16,1751.0
1922048,1,InterleavedToShardedDeviceOperation,16,1748.0
1664000,1,InterleavedToShardedDeviceOperation,16,1744.0
1737728,1,InterleavedToShardedDeviceOperation,16,1741.0
2461696,,UntilizeWithUnpaddingDeviceOperation,1,1740.0
997376,,CopyDeviceOperation,64,1739.0
1218560,,CopyDeviceOperation,64,1736.0
591872,,TypecastDeviceOperation,2,1723.0
2471936,,UntilizeWithUnpaddingDeviceOperation,1,1704.0
1540096,1,RepeatDeviceOperation,64,1702.0
2478080,,UntilizeWithUnpaddingDeviceOperation,1,1697.0
2472960,,UntilizeWithUnpaddingDeviceOperation,1,1696.0
593920,,UnaryDeviceOperation,64,1690.0
2069504,1,InterleavedToShardedDeviceOperation,16,1688.0
2476032,,UntilizeWithUnpaddingDeviceOperation,1,1683.0
2469888,,UntilizeWithUnpaddingDeviceOperation,1,1682.0
2482176,,UntilizeWithUnpaddingDeviceOperation,1,1680.0
2470912,,UntilizeWithUnpaddingDeviceOperation,1,1678.0
2477056,,UntilizeWithUnpaddingDeviceOperation,1,1675.0
2483200,,UntilizeWithUnpaddingDeviceOperation,1,1674.0
1697792,1,CopyDeviceOperation,64,1672.0
2464768,,UntilizeWithUnpaddingDeviceOperation,1,1672.0
2479104,,UntilizeWithUnpaddingDeviceOperation,1,1671.0
2481152,,UntilizeWithUnpaddingDeviceOperation,1,1670.0
1676288,1,ReshardDeviceOperation,19,1666.0
2468864,,UntilizeWithUnpaddingDeviceOperation,1,1666.0
2290688,1,InterleavedToShardedDeviceOperation,16,1665.0
2484224,,UntilizeWithUnpaddingDeviceOperation,1,1665.0
2176000,1,SliceDeviceOperation,64,1664.0
2465792,,UntilizeWithUnpaddingDeviceOperation,1,1662.0
2475008,,UntilizeWithUnpaddingDeviceOperation,1,1662.0
1542144,1,TypecastDeviceOperation,1,1659.0
2426880,1,SliceDeviceOperation,64,1658.0
1062912,,SliceDeviceOperation,64,1657.0
1583104,1,CopyDeviceOperation,64,1656.0
2480128,,UntilizeWithUnpaddingDeviceOperation,1,1653.0
1180672,,SliceDeviceOperation,64,1652.0
2460672,,UntilizeWithUnpaddingDeviceOperation,1,1646.0
1734656,1,CopyDeviceOperation,64,1641.0
600064,,SliceDeviceOperation,64,1639.0
1553408,1,TypecastDeviceOperation,2,1637.0
731136,,SliceDeviceOperation,64,1632.0
1602560,1,ReshardDeviceOperation,19,1631.0
1848320,1,InterleavedToShardedDeviceOperation,16,1629.0
2401280,1,InterleavedToShardedDeviceOperation,16,1629.0
1726464,1,SliceDeviceOperation,64,1626.0
1070080,,SliceDeviceOperation,64,1625.0
1885184,1,InterleavedToShardedDeviceOperation,16,1625.0
775168,,SliceDeviceOperation,64,1623.0
1574912,1,SliceDeviceOperation,64,1620.0
581632,,RepeatDeviceOperation,64,1620.0
738304,,SliceDeviceOperation,64,1617.0
1106944,,SliceDeviceOperation,64,1617.0
1811456,1,InterleavedToShardedDeviceOperation,16,1616.0
1550336,1,TypecastDeviceOperation,2,1613.0
804864,,SliceDeviceOperation,64,1612.0
1284096,,SliceDeviceOperation,64,1611.0
1992704,1,CopyDeviceOperation,64,1610.0
2438144,1,InterleavedToShardedDeviceOperation,16,1604.0
1475584,,SliceDeviceOperation,64,1601.0
1771520,1,CopyDeviceOperation,64,1600.0
915456,,SliceDeviceOperation,64,1599.0
989184,,SliceDeviceOperation,64,1598.0
664576,,SliceDeviceOperation,64,1596.0
1995776,1,InterleavedToShardedDeviceOperation,16,1592.0
1431552,,SliceDeviceOperation,64,1585.0
2081792,1,ReshardDeviceOperation,19,1579.0
952320,,SliceDeviceOperation,64,1575.0
1364992,,SliceDeviceOperation,64,1575.0
1774592,1,InterleavedToShardedDeviceOperation,16,1572.0
610304,,InterleavedToShardedDeviceOperation,32,1564.0
2131968,1,SliceDeviceOperation,64,1560.0
694272,,SliceDeviceOperation,64,1555.0
1217536,,SliceDeviceOperation,64,1543.0
1210368,,SliceDeviceOperation,64,1542.0
1291264,,SliceDeviceOperation,64,1540.0
1844224,1,SliceDeviceOperation,64,1540.0
812032,,SliceDeviceOperation,64,1538.0
1917952,1,SliceDeviceOperation,64,1538.0
1438720,,SliceDeviceOperation,64,1537.0
1971200,1,ReshardDeviceOperation,19,1534.0
2102272,1,SliceDeviceOperation,64,1534.0
1882112,1,CopyDeviceOperation,64,1533.0
1033216,,SliceDeviceOperation,64,1532.0
1136640,,SliceDeviceOperation,64,1531.0
1807360,1,SliceDeviceOperation,64,1529.0
2398208,1,CopyDeviceOperation,64,1528.0
1689600,1,SliceDeviceOperation,64,1526.0
1099776,,SliceDeviceOperation,64,1523.0
395264,,ConcatDeviceOperation,1,1521.0
1837056,1,SliceDeviceOperation,64,1521.0
2364416,1,InterleavedToShardedDeviceOperation,16,1521.0
583680,,TypecastDeviceOperation,1,1519.0
1357824,,SliceDeviceOperation,64,1518.0
996352,,SliceDeviceOperation,64,1517.0
1173504,,SliceDeviceOperation,64,1516.0
657408,,SliceDeviceOperation,64,1515.0
878592,,SliceDeviceOperation,64,1515.0
1713152,1,ReshardDeviceOperation,19,1515.0
1197056,,ReshardDeviceOperation,19,1509.0
828416,,ReshardDeviceOperation,19,1508.0
1958912,1,InterleavedToShardedDeviceOperation,16,1508.0
939008,,ReshardDeviceOperation,19,1505.0
1881088,1,SliceDeviceOperation,64,1505.0
1328128,,SliceDeviceOperation,64,1502.0
2229248,1,ReshardDeviceOperation,19,1502.0
1577984,1,RepeatDeviceOperation,64,1502.0
922624,,SliceDeviceOperation,64,1498.0
1254400,,SliceDeviceOperation,64,1498.0
1530880,1,TypecastDeviceOperation,32,1498.0
1624064,1,CopyDeviceOperation,64,1498.0
2249728,1,SliceDeviceOperation,64,1494.0
2390016,1,SliceDeviceOperation,64,1492.0
1026048,,SliceDeviceOperation,64,1490.0
1947648,1,SliceDeviceOperation,64,1486.0
1954816,1,SliceDeviceOperation,64,1485.0
848896,,SliceDeviceOperation,64,1483.0
1320960,,SliceDeviceOperation,64,1483.0
1491968,,ReshardDeviceOperation,19,1483.0
1897472,1,ReshardDeviceOperation,19,1483.0
701440,,SliceDeviceOperation,64,1482.0
2316288,1,SliceDeviceOperation,64,1482.0
885760,,SliceDeviceOperation,64,1481.0
1418240,,ReshardDeviceOperation,19,1481.0
1955840,1,CopyDeviceOperation,64,1480.0
2286592,1,SliceDeviceOperation,64,1480.0
791552,,ReshardDeviceOperation,19,1477.0
2095104,1,SliceDeviceOperation,64,1477.0
1381376,,ReshardDeviceOperation,19,1476.0
841728,,SliceDeviceOperation,64,1475.0
1049600,,ReshardDeviceOperation,19,1475.0
1984512,1,SliceDeviceOperation,64,1475.0
865280,,ReshardDeviceOperation,19,1471.0
2242560,1,SliceDeviceOperation,64,1471.0
902144,,ReshardDeviceOperation,19,1469.0
1123328,,ReshardDeviceOperation,19,1469.0
1307648,,ReshardDeviceOperation,19,1469.0
1786880,1,ReshardDeviceOperation,19,1469.0
2065408,1,SliceDeviceOperation,64,1467.0
1468416,,SliceDeviceOperation,64,1466.0
1808384,1,CopyDeviceOperation,64,1465.0
1823744,1,ReshardDeviceOperation,19,1464.0
1750016,1,ReshardDeviceOperation,19,1458.0
1873920,1,SliceDeviceOperation,64,1455.0
1763328,1,SliceDeviceOperation,64,1454.0
2021376,1,SliceDeviceOperation,64,1452.0
2058240,1,SliceDeviceOperation,64,1452.0
2279424,1,SliceDeviceOperation,64,1452.0
1401856,,SliceDeviceOperation,64,1450.0
2397184,1,SliceDeviceOperation,64,1448.0
2302976,1,ReshardDeviceOperation,19,1446.0
2177024,1,CopyDeviceOperation,64,1443.0
1652736,1,SliceDeviceOperation,64,1441.0
2361344,1,CopyDeviceOperation,64,1441.0
2435072,1,CopyDeviceOperation,64,1441.0
959488,,SliceDeviceOperation,64,1438.0
1247232,,SliceDeviceOperation,64,1437.0
2139136,1,SliceDeviceOperation,64,1436.0
2118656,1,ReshardDeviceOperation,19,1433.0
1568768,1,InterleavedToShardedDeviceOperation,32,1432.0
2140160,1,CopyDeviceOperation,64,1431.0
210944,,ConcatDeviceOperation,1,1429.0
1143808,,SliceDeviceOperation,64,1429.0
2168832,1,SliceDeviceOperation,64,1427.0
2434048,1,SliceDeviceOperation,64,1427.0
1270784,,ReshardDeviceOperation,19,1426.0
616448,,SliceDeviceOperation,64,1425.0
280576,,ConcatDeviceOperation,1,1424.0
116736,,ConcatDeviceOperation,1,1423.0
1934336,1,ReshardDeviceOperation,19,1423.0
2155520,1,ReshardDeviceOperation,19,1423.0
1547264,1,ConcatDeviceOperation,2,1422.0
2360320,1,SliceDeviceOperation,64,1421.0
1394688,,SliceDeviceOperation,64,1418.0
1615872,1,SliceDeviceOperation,64,1418.0
644096,,ReshardDeviceOperation,19,1417.0
572416,,TypecastDeviceOperation,32,1414.0
1860608,1,ReshardDeviceOperation,19,1412.0
1160192,,ReshardDeviceOperation,19,1411.0
2353152,1,SliceDeviceOperation,64,1408.0
615424,,ShardedToInterleavedDeviceOperation,32,1407.0
1623040,1,SliceDeviceOperation,64,1406.0
1696768,1,SliceDeviceOperation,64,1404.0
2266112,1,ReshardDeviceOperation,19,1403.0
2450432,1,ReshardDeviceOperation,19,1403.0
2066432,1,CopyDeviceOperation,64,1401.0
754688,,ReshardDeviceOperation,19,1398.0
768000,,SliceDeviceOperation,64,1398.0
975872,,ReshardDeviceOperation,19,1398.0
2339840,1,ReshardDeviceOperation,19,1397.0
1800192,1,SliceDeviceOperation,64,1395.0
717824,,ReshardDeviceOperation,19,1394.0
2044928,1,ReshardDeviceOperation,19,1393.0
2323456,1,SliceDeviceOperation,64,1392.0
2376704,1,ReshardDeviceOperation,19,1391.0
111616,,SliceDeviceOperation,1,1390.0
2008064,1,ReshardDeviceOperation,19,1388.0
1659904,1,SliceDeviceOperation,64,1387.0
1086464,,ReshardDeviceOperation,19,1386.0
1233920,,ReshardDeviceOperation,19,1386.0
1455104,,ReshardDeviceOperation,19,1386.0
1558528,1,SliceDeviceOperation,64,1385.0
680960,,ReshardDeviceOperation,19,1384.0
1012736,,ReshardDeviceOperation,19,1384.0
2213888,1,CopyDeviceOperation,64,1384.0
1991680,1,SliceDeviceOperation,64,1381.0
2143232,1,InterleavedToShardedDeviceOperation,16,1381.0
2205696,1,SliceDeviceOperation,64,1379.0
2028544,1,SliceDeviceOperation,64,1378.0
1344512,,ReshardDeviceOperation,19,1377.0
1910784,1,SliceDeviceOperation,64,1373.0
2192384,1,ReshardDeviceOperation,19,1373.0
476160,,SliceDeviceOperation,1,1370.0
1845248,1,CopyDeviceOperation,64,1369.0
2324480,1,CopyDeviceOperation,64,1369.0
2413568,1,ReshardDeviceOperation,19,1365.0
220160,,SliceDeviceOperation,1,1364.0
390144,,SliceDeviceOperation,1,1364.0
508928,,SliceDeviceOperation,1,1362.0
2212864,1,SliceDeviceOperation,64,1357.0
1770496,1,SliceDeviceOperation,64,1353.0
490496,,SliceDeviceOperation,1,1352.0
182272,,ConcatDeviceOperation,1,1347.0
462848,,ConcatDeviceOperation,1,1341.0
2029568,1,CopyDeviceOperation,64,1341.0
131072,,ConcatDeviceOperation,1,1338.0
413696,,ConcatDeviceOperation,1,1338.0
514048,,ConcatDeviceOperation,1,1337.0
196608,,ConcatDeviceOperation,1,1336.0
266240,,ConcatDeviceOperation,1,1336.0
317440,,ConcatDeviceOperation,1,1336.0
495616,,ConcatDeviceOperation,1,1336.0
2287616,1,CopyDeviceOperation,64,1336.0
380928,,ConcatDeviceOperation,1,1335.0
540672,,ConcatDeviceOperation,1,1335.0
145408,,ConcatDeviceOperation,1,1333.0
159744,,ConcatDeviceOperation,1,1333.0
344064,,ConcatDeviceOperation,1,1333.0
2032640,1,InterleavedToShardedDeviceOperation,16,1333.0
225280,,ConcatDeviceOperation,1,1332.0
366592,,ConcatDeviceOperation,1,1332.0
1660928,1,CopyDeviceOperation,64,1331.0
444416,,ConcatDeviceOperation,1,1329.0
251904,,ConcatDeviceOperation,1,1328.0
294912,,ConcatDeviceOperation,1,1327.0
481280,,ConcatDeviceOperation,1,1325.0
1400832,,ShardedToInterleavedDeviceOperation,32,1321.0
2103296,1,CopyDeviceOperation,64,1314.0
457728,,SliceDeviceOperation,1,1313.0
1283072,,ShardedToInterleavedDeviceOperation,32,1313.0
125952,,SliceDeviceOperation,1,1302.0
154624,,SliceDeviceOperation,1,1296.0
275456,,SliceDeviceOperation,1,1286.0
1918976,1,CopyDeviceOperation,64,1284.0
1639424,1,ReshardDeviceOperation,19,1278.0
599040,,ShardedToInterleavedDeviceOperation,32,1271.0
2250752,1,CopyDeviceOperation,64,1267.0
693248,,ShardedToInterleavedDeviceOperation,32,1263.0
1098752,,ShardedToInterleavedDeviceOperation,32,1263.0
1474560,,ShardedToInterleavedDeviceOperation,32,1263.0
454656,,SliceDeviceOperation,1,1258.0
588800,,ConcatDeviceOperation,2,1255.0
1061888,,ShardedToInterleavedDeviceOperation,32,1252.0
766976,,ShardedToInterleavedDeviceOperation,32,1247.0
202752,,SliceDeviceOperation,1,1227.0
1356800,,ShardedToInterleavedDeviceOperation,32,1225.0
1142784,,ShardedToInterleavedDeviceOperation,32,1215.0
191488,,SliceDeviceOperation,1,1214.0
177152,,SliceDeviceOperation,1,1213.0
261120,,SliceDeviceOperation,1,1213.0
312320,,SliceDeviceOperation,1,1213.0
338944,,SliceDeviceOperation,1,1213.0
535552,,SliceDeviceOperation,1,1213.0
289792,,SliceDeviceOperation,1,1211.0
205824,,SliceDeviceOperation,1,1207.0
408576,,SliceDeviceOperation,1,1207.0
439296,,SliceDeviceOperation,1,1207.0
663552,,ShardedToInterleavedDeviceOperation,32,1207.0
1290240,,ShardedToInterleavedDeviceOperation,32,1207.0
361472,,SliceDeviceOperation,1,1204.0
246784,,SliceDeviceOperation,1,1200.0
877568,,ShardedToInterleavedDeviceOperation,32,1199.0
375808,,SliceDeviceOperation,1,1198.0
1179648,,ShardedToInterleavedDeviceOperation,32,1198.0
140288,,SliceDeviceOperation,1,1197.0
700416,,ShardedToInterleavedDeviceOperation,32,1191.0
730112,,ShardedToInterleavedDeviceOperation,32,1191.0
137216,,SliceDeviceOperation,1,1188.0
405504,,SliceDeviceOperation,1,1183.0
1430528,,ShardedToInterleavedDeviceOperation,32,1183.0
884736,,ShardedToInterleavedDeviceOperation,32,1175.0
1032192,,ShardedToInterleavedDeviceOperation,32,1175.0
1172480,,ShardedToInterleavedDeviceOperation,32,1175.0
1467392,,ShardedToInterleavedDeviceOperation,32,1175.0
988160,,ShardedToInterleavedDeviceOperation,32,1168.0
803840,,ShardedToInterleavedDeviceOperation,32,1167.0
1393664,,ShardedToInterleavedDeviceOperation,32,1167.0
185344,,SliceDeviceOperation,1,1161.0
1363968,,ShardedToInterleavedDeviceOperation,32,1159.0
1437696,,ShardedToInterleavedDeviceOperation,32,1159.0
737280,,ShardedToInterleavedDeviceOperation,32,1152.0
1253376,,ShardedToInterleavedDeviceOperation,32,1152.0
1135616,,ShardedToInterleavedDeviceOperation,32,1151.0
1246208,,ShardedToInterleavedDeviceOperation,32,1151.0
214016,,SliceDeviceOperation,1,1148.0
369664,,SliceDeviceOperation,1,1147.0
811008,,ShardedToInterleavedDeviceOperation,32,1144.0
1069056,,ShardedToInterleavedDeviceOperation,32,1144.0
847872,,ShardedToInterleavedDeviceOperation,32,1143.0
1216512,,ShardedToInterleavedDeviceOperation,32,1143.0
774144,,ShardedToInterleavedDeviceOperation,32,1136.0
921600,,ShardedToInterleavedDeviceOperation,32,1136.0
995328,,ShardedToInterleavedDeviceOperation,32,1136.0
958464,,ShardedToInterleavedDeviceOperation,32,1135.0
1105920,,ShardedToInterleavedDeviceOperation,32,1135.0
2057216,1,ShardedToInterleavedDeviceOperation,32,1133.0
529408,,SliceDeviceOperation,1,1127.0
840704,,ShardedToInterleavedDeviceOperation,32,1127.0
656384,,ShardedToInterleavedDeviceOperation,32,1119.0
1025024,,ShardedToInterleavedDeviceOperation,32,1119.0
914432,,ShardedToInterleavedDeviceOperation,32,1111.0
1855488,1,ReshardDeviceOperation,7,1100.0
1319936,,ShardedToInterleavedDeviceOperation,32,1096.0
1327104,,ShardedToInterleavedDeviceOperation,32,1095.0
1622016,1,ShardedToInterleavedDeviceOperation,32,1089.0
188416,,SliceDeviceOperation,1,1087.0
951296,,ShardedToInterleavedDeviceOperation,32,1087.0
105472,,SliceDeviceOperation,1,1083.0
306176,,SliceDeviceOperation,1,1083.0
402432,,SliceDeviceOperation,1,1083.0
505856,,SliceDeviceOperation,1,1082.0
119808,,SliceDeviceOperation,1,1081.0
122880,,SliceDeviceOperation,1,1081.0
240640,,SliceDeviceOperation,1,1081.0
387072,,SliceDeviceOperation,1,1081.0
470016,,SliceDeviceOperation,1,1081.0
148480,,SliceDeviceOperation,1,1079.0
433152,,SliceDeviceOperation,1,1078.0
502784,,SliceDeviceOperation,1,1078.0
2167808,1,ShardedToInterleavedDeviceOperation,32,1078.0
174080,,SliceDeviceOperation,1,1077.0
243712,,SliceDeviceOperation,1,1077.0
372736,,SliceDeviceOperation,1,1077.0
108544,,SliceDeviceOperation,1,1076.0
217088,,SliceDeviceOperation,1,1076.0
272384,,SliceDeviceOperation,1,1076.0
286720,,SliceDeviceOperation,1,1076.0
436224,,SliceDeviceOperation,1,1076.0
151552,,SliceDeviceOperation,1,1075.0
384000,,SliceDeviceOperation,1,1075.0
283648,,SliceDeviceOperation,1,1074.0
532480,,SliceDeviceOperation,1,1074.0
2187264,1,ReshardDeviceOperation,7,1074.0
258048,,SliceDeviceOperation,1,1073.0
335872,,SliceDeviceOperation,1,1073.0
134144,,SliceDeviceOperation,1,1072.0
254976,,SliceDeviceOperation,1,1072.0
451584,,SliceDeviceOperation,1,1072.0
484352,,SliceDeviceOperation,1,1071.0
269312,,SliceDeviceOperation,1,1070.0
358400,,SliceDeviceOperation,1,1070.0
171008,,SliceDeviceOperation,1,1069.0
309248,,SliceDeviceOperation,1,1069.0
332800,,SliceDeviceOperation,1,1069.0
355328,,SliceDeviceOperation,1,1069.0
473088,,SliceDeviceOperation,1,1069.0
487424,,SliceDeviceOperation,1,1069.0
199680,,SliceDeviceOperation,1,1068.0
1209344,,ShardedToInterleavedDeviceOperation,32,1063.0
2002944,1,ReshardDeviceOperation,7,1045.0
1573888,1,ShardedToInterleavedDeviceOperation,32,1030.0
1929216,1,ReshardDeviceOperation,7,1028.0
2174976,1,ShardedToInterleavedDeviceOperation,32,1027.0
805888,,InterleavedToShardedDeviceOperation,32,1023.0
1248256,,InterleavedToShardedDeviceOperation,32,1023.0
2297856,1,ReshardDeviceOperation,7,1021.0
2241536,1,ShardedToInterleavedDeviceOperation,32,1017.0
695296,,InterleavedToShardedDeviceOperation,32,1013.0
1285120,,InterleavedToShardedDeviceOperation,32,1013.0
2150400,1,ReshardDeviceOperation,7,1011.0
1983488,1,ShardedToInterleavedDeviceOperation,32,1008.0
1732608,1,ShardedToInterleavedDeviceOperation,32,1000.0
1762304,1,ShardedToInterleavedDeviceOperation,32,999.0
2445312,1,ReshardDeviceOperation,7,996.0
1781760,1,ReshardDeviceOperation,7,995.0
769024,,InterleavedToShardedDeviceOperation,32,993.0
953344,,InterleavedToShardedDeviceOperation,32,993.0
1321984,,InterleavedToShardedDeviceOperation,32,990.0
2039808,1,ReshardDeviceOperation,7,985.0
601088,,InterleavedToShardedDeviceOperation,32,982.0
1744896,1,ReshardDeviceOperation,7,979.0
1892352,1,ReshardDeviceOperation,7,979.0
1799168,1,ShardedToInterleavedDeviceOperation,32,978.0
2285568,1,ShardedToInterleavedDeviceOperation,32,978.0
2113536,1,ReshardDeviceOperation,7,977.0
879616,,InterleavedToShardedDeviceOperation,32,973.0
1174528,,InterleavedToShardedDeviceOperation,32,973.0
1651712,1,ShardedToInterleavedDeviceOperation,32,969.0
2260992,1,ReshardDeviceOperation,7,963.0
1100800,,InterleavedToShardedDeviceOperation,32,960.0
732160,,InterleavedToShardedDeviceOperation,32,959.0
1358848,,InterleavedToShardedDeviceOperation,32,957.0
1966080,1,ReshardDeviceOperation,7,950.0
916480,,InterleavedToShardedDeviceOperation,32,948.0
1688576,1,ShardedToInterleavedDeviceOperation,32,945.0
842752,,InterleavedToShardedDeviceOperation,32,940.0
1432576,,InterleavedToShardedDeviceOperation,32,939.0
1395712,,InterleavedToShardedDeviceOperation,32,937.0
2014208,1,ShardedToInterleavedDeviceOperation,36,936.0
1027072,,InterleavedToShardedDeviceOperation,32,931.0
2124800,1,ShardedToInterleavedDeviceOperation,36,926.0
1872896,1,ShardedToInterleavedDeviceOperation,32,925.0
2101248,1,ShardedToInterleavedDeviceOperation,32,925.0
990208,,InterleavedToShardedDeviceOperation,32,924.0
1469440,,InterleavedToShardedDeviceOperation,32,924.0
1793024,1,ShardedToInterleavedDeviceOperation,36,924.0
1137664,,InterleavedToShardedDeviceOperation,32,923.0
2322432,1,ShardedToInterleavedDeviceOperation,32,923.0
1614848,1,ShardedToInterleavedDeviceOperation,32,922.0
1909760,1,ShardedToInterleavedDeviceOperation,32,919.0
1211392,,InterleavedToShardedDeviceOperation,32,918.0
2211840,1,ShardedToInterleavedDeviceOperation,32,918.0
2224128,1,ReshardDeviceOperation,7,918.0
1695744,1,ShardedToInterleavedDeviceOperation,32,917.0
760832,,ShardedToInterleavedDeviceOperation,36,915.0
1671168,1,ReshardDeviceOperation,7,915.0
1916928,1,ShardedToInterleavedDeviceOperation,32,913.0
2315264,1,ShardedToInterleavedDeviceOperation,32,913.0
559104,,ShardedToInterleavedDeviceOperation,1,910.0
562176,,ShardedToInterleavedDeviceOperation,1,910.0
2309120,1,ShardedToInterleavedDeviceOperation,36,907.0
1843200,1,ShardedToInterleavedDeviceOperation,32,906.0
2064384,1,ShardedToInterleavedDeviceOperation,32,905.0
1557504,1,ShardedToInterleavedDeviceOperation,32,901.0
1645568,1,ShardedToInterleavedDeviceOperation,36,901.0
2020352,1,ShardedToInterleavedDeviceOperation,32,900.0
2204672,1,ShardedToInterleavedDeviceOperation,32,899.0
2027520,1,ShardedToInterleavedDeviceOperation,32,897.0
658432,,InterleavedToShardedDeviceOperation,32,896.0
1769472,1,ShardedToInterleavedDeviceOperation,32,894.0
1063936,,InterleavedToShardedDeviceOperation,32,893.0
1836032,1,ShardedToInterleavedDeviceOperation,32,893.0
982016,,ShardedToInterleavedDeviceOperation,36,892.0
2248704,1,ShardedToInterleavedDeviceOperation,32,892.0
945152,,ShardedToInterleavedDeviceOperation,36,891.0
574464,,CopyDeviceOperation,1,890.0
2130944,1,ShardedToInterleavedDeviceOperation,32,890.0
1129472,,ShardedToInterleavedDeviceOperation,36,888.0
579584,,ShardedToInterleavedDeviceOperation,36,887.0
2334720,1,ReshardDeviceOperation,7,885.0
1946624,1,ShardedToInterleavedDeviceOperation,32,883.0
2206720,1,InterleavedToShardedDeviceOperation,32,883.0
1806336,1,ShardedToInterleavedDeviceOperation,32,882.0
2352128,1,ShardedToInterleavedDeviceOperation,32,882.0
1658880,1,ShardedToInterleavedDeviceOperation,32,881.0
2094080,1,ShardedToInterleavedDeviceOperation,32,881.0
1532928,1,CopyDeviceOperation,1,877.0
2087936,1,ShardedToInterleavedDeviceOperation,36,875.0
1188864,,ShardedToInterleavedDeviceOperation,14,871.0
2051072,1,ShardedToInterleavedDeviceOperation,36,870.0
2371584,1,ReshardDeviceOperation,7,869.0
2408448,1,ReshardDeviceOperation,7,868.0
723968,,ShardedToInterleavedDeviceOperation,36,864.0
1092608,,ShardedToInterleavedDeviceOperation,36,864.0
978944,,ReshardDeviceOperation,7,860.0
1310720,,ReshardDeviceOperation,7,860.0
1339392,,ReshardDeviceOperation,7,860.0
1449984,,ReshardDeviceOperation,7,860.0
897024,,ReshardDeviceOperation,7,859.0
942080,,ReshardDeviceOperation,7,859.0
1081344,,ReshardDeviceOperation,7,859.0
2382848,1,ShardedToInterleavedDeviceOperation,36,859.0
1052672,,ReshardDeviceOperation,7,857.0
1236992,,ReshardDeviceOperation,7,857.0
2198528,1,ShardedToInterleavedDeviceOperation,36,857.0
860160,,ReshardDeviceOperation,7,855.0
1725440,1,ShardedToInterleavedDeviceOperation,32,855.0
2272256,1,ShardedToInterleavedDeviceOperation,36,855.0
786432,,ReshardDeviceOperation,7,854.0
675840,,ReshardDeviceOperation,7,853.0
834560,,ShardedToInterleavedDeviceOperation,36,853.0
933888,,ReshardDeviceOperation,7,853.0
638976,,ReshardDeviceOperation,7,852.0
684032,,ReshardDeviceOperation,7,852.0
749568,,ReshardDeviceOperation,7,852.0
868352,,ReshardDeviceOperation,7,852.0
1163264,,ReshardDeviceOperation,7,852.0
1191936,,ReshardDeviceOperation,7,852.0
1495040,,ReshardDeviceOperation,7,852.0
1818624,1,ReshardDeviceOperation,7,852.0
2076672,1,ReshardDeviceOperation,7,852.0
2396160,1,ShardedToInterleavedDeviceOperation,32,852.0
757760,,ReshardDeviceOperation,7,851.0
1228800,,ReshardDeviceOperation,7,851.0
1273856,,ReshardDeviceOperation,7,851.0
1347584,,ReshardDeviceOperation,7,851.0
1597440,1,ReshardDeviceOperation,7,851.0
1376256,,ReshardDeviceOperation,7,849.0
1413120,,ReshardDeviceOperation,7,849.0
2161664,1,ShardedToInterleavedDeviceOperation,36,848.0
650240,,ShardedToInterleavedDeviceOperation,36,847.0
823296,,ReshardDeviceOperation,7,845.0
970752,,ReshardDeviceOperation,7,844.0
1384448,,ReshardDeviceOperation,7,844.0
2345984,1,ShardedToInterleavedDeviceOperation,36,844.0
905216,,ReshardDeviceOperation,7,843.0
908288,,ShardedToInterleavedDeviceOperation,36,843.0
1200128,,ReshardDeviceOperation,7,843.0
1302528,,ReshardDeviceOperation,7,841.0
1421312,,ReshardDeviceOperation,7,841.0
1977344,1,ShardedToInterleavedDeviceOperation,36,841.0
589824,,InterleavedToShardedDeviceOperation,2,840.0
687104,,ShardedToInterleavedDeviceOperation,36,838.0
1313792,,ShardedToInterleavedDeviceOperation,36,838.0
797696,,ShardedToInterleavedDeviceOperation,36,837.0
1155072,,ReshardDeviceOperation,7,837.0
1458176,,ReshardDeviceOperation,7,836.0
1708032,1,ReshardDeviceOperation,7,835.0
647168,,ReshardDeviceOperation,7,833.0
1118208,,ReshardDeviceOperation,7,833.0
1424384,,ShardedToInterleavedDeviceOperation,36,832.0
1940480,1,ShardedToInterleavedDeviceOperation,36,832.0
2278400,1,ShardedToInterleavedDeviceOperation,32,832.0
1055744,,ShardedToInterleavedDeviceOperation,36,830.0
1753088,1,ReshardDeviceOperation,7,830.0
1634304,1,ReshardDeviceOperation,7,829.0
1826816,1,ReshardDeviceOperation,7,829.0
712704,,ReshardDeviceOperation,7,828.0
794624,,ReshardDeviceOperation,7,828.0
831488,,ReshardDeviceOperation,7,828.0
1015808,,ReshardDeviceOperation,7,828.0
1461248,,ShardedToInterleavedDeviceOperation,36,828.0
1642496,1,ReshardDeviceOperation,7,828.0
2269184,1,ReshardDeviceOperation,7,828.0
720896,,ReshardDeviceOperation,7,827.0
1044480,,ReshardDeviceOperation,7,827.0
1486848,,ReshardDeviceOperation,7,827.0
1866752,1,ShardedToInterleavedDeviceOperation,36,827.0
1903616,1,ShardedToInterleavedDeviceOperation,36,826.0
1007616,,ReshardDeviceOperation,7,825.0
1126400,,ReshardDeviceOperation,7,825.0
1985536,1,InterleavedToShardedDeviceOperation,32,825.0
1387520,,ShardedToInterleavedDeviceOperation,36,824.0
2419712,1,ShardedToInterleavedDeviceOperation,36,824.0
1041408,,ShardedToInterleavedDeviceOperation,14,823.0
1682432,1,ShardedToInterleavedDeviceOperation,36,823.0
2306048,1,ReshardDeviceOperation,7,822.0
1265664,,ReshardDeviceOperation,7,819.0
1350656,,ShardedToInterleavedDeviceOperation,36,819.0
1605632,1,ReshardDeviceOperation,7,819.0
2084864,1,ReshardDeviceOperation,7,819.0
2379776,1,ReshardDeviceOperation,7,817.0
2425856,1,ShardedToInterleavedDeviceOperation,32,817.0
1004544,,ShardedToInterleavedDeviceOperation,14,816.0
1018880,,ShardedToInterleavedDeviceOperation,36,816.0
1203200,,ShardedToInterleavedDeviceOperation,36,816.0
1240064,,ShardedToInterleavedDeviceOperation,36,816.0
1829888,1,ShardedToInterleavedDeviceOperation,36,816.0
1373184,,ShardedToInterleavedDeviceOperation,14,815.0
1616896,1,InterleavedToShardedDeviceOperation,32,814.0
2011136,1,ReshardDeviceOperation,7,814.0
2138112,1,ShardedToInterleavedDeviceOperation,32,814.0
930816,,ShardedToInterleavedDeviceOperation,14,813.0
1089536,,ReshardDeviceOperation,7,812.0
1719296,1,ShardedToInterleavedDeviceOperation,36,812.0
1525760,1,ShardedToInterleavedDeviceOperation,1,811.0
2388992,1,ShardedToInterleavedDeviceOperation,32,810.0
1522688,1,ShardedToInterleavedDeviceOperation,1,809.0
672768,,ShardedToInterleavedDeviceOperation,14,807.0
1900544,1,ReshardDeviceOperation,7,806.0
2158592,1,ReshardDeviceOperation,7,804.0
871424,,ShardedToInterleavedDeviceOperation,36,803.0
1716224,1,ReshardDeviceOperation,7,803.0
576512,,InterleavedToShardedDeviceOperation,7,802.0
1953792,1,ShardedToInterleavedDeviceOperation,32,801.0
2048000,1,ReshardDeviceOperation,7,801.0
2232320,1,ReshardDeviceOperation,7,801.0
2342912,1,ReshardDeviceOperation,7,801.0
2235392,1,ShardedToInterleavedDeviceOperation,36,800.0
1483776,,ShardedToInterleavedDeviceOperation,14,799.0
1519616,1,ShardedToInterleavedDeviceOperation,1,799.0
1863680,1,ReshardDeviceOperation,7,798.0
1166336,,ShardedToInterleavedDeviceOperation,36,795.0
1551360,1,InterleavedToShardedDeviceOperation,2,794.0
820224,,ShardedToInterleavedDeviceOperation,14,792.0
1516544,1,ShardedToInterleavedDeviceOperation,1,792.0
2433024,1,ShardedToInterleavedDeviceOperation,32,792.0
1538048,1,ShardedToInterleavedDeviceOperation,36,791.0
563200,,ShardedToInterleavedDeviceOperation,1,790.0
1937408,1,ReshardDeviceOperation,7,790.0
1276928,,ShardedToInterleavedDeviceOperation,36,789.0
1608704,1,ShardedToInterleavedDeviceOperation,36,788.0
1225728,,ShardedToInterleavedDeviceOperation,14,787.0
2195456,1,ReshardDeviceOperation,7,787.0
2416640,1,ReshardDeviceOperation,7,786.0
1679360,1,ReshardDeviceOperation,7,785.0
2121728,1,ReshardDeviceOperation,7,785.0
2280448,1,InterleavedToShardedDeviceOperation,32,785.0
2453504,1,ReshardDeviceOperation,7,785.0
1990656,1,ShardedToInterleavedDeviceOperation,32,784.0
2359296,1,ShardedToInterleavedDeviceOperation,32,784.0
1756160,1,ShardedToInterleavedDeviceOperation,36,782.0
2391040,1,InterleavedToShardedDeviceOperation,32,782.0
893952,,ShardedToInterleavedDeviceOperation,14,781.0
1789952,1,ReshardDeviceOperation,7,781.0
1974272,1,ReshardDeviceOperation,7,781.0
1446912,,ShardedToInterleavedDeviceOperation,14,776.0
1078272,,ShardedToInterleavedDeviceOperation,14,774.0
635904,,ShardedToInterleavedDeviceOperation,14,769.0
967680,,ShardedToInterleavedDeviceOperation,14,768.0
1778688,1,ShardedToInterleavedDeviceOperation,14,767.0
746496,,ShardedToInterleavedDeviceOperation,14,765.0
1410048,,ShardedToInterleavedDeviceOperation,14,765.0
783360,,ShardedToInterleavedDeviceOperation,14,763.0
1262592,,ShardedToInterleavedDeviceOperation,14,763.0
1336320,,ShardedToInterleavedDeviceOperation,14,763.0
709632,,ShardedToInterleavedDeviceOperation,14,760.0
1880064,1,ShardedToInterleavedDeviceOperation,32,760.0
1152000,,ShardedToInterleavedDeviceOperation,14,759.0
1115136,,ShardedToInterleavedDeviceOperation,14,758.0
857088,,ShardedToInterleavedDeviceOperation,14,755.0
1299456,,ShardedToInterleavedDeviceOperation,14,754.0
2294784,1,ShardedToInterleavedDeviceOperation,14,752.0
2036736,1,ShardedToInterleavedDeviceOperation,14,751.0
1504256,1,ShardedToInterleavedDeviceOperation,1,750.0
555008,,ShardedToInterleavedDeviceOperation,1,747.0
1503232,1,ShardedToInterleavedDeviceOperation,1,747.0
1520640,1,ShardedToInterleavedDeviceOperation,1,747.0
546816,,ShardedToInterleavedDeviceOperation,1,746.0
561152,,ShardedToInterleavedDeviceOperation,1,746.0
571392,,ShardedToInterleavedDeviceOperation,1,746.0
1508352,1,ShardedToInterleavedDeviceOperation,1,746.0
1514496,1,ShardedToInterleavedDeviceOperation,1,746.0
1518592,1,ShardedToInterleavedDeviceOperation,1,746.0
1523712,1,ShardedToInterleavedDeviceOperation,1,746.0
544768,,ShardedToInterleavedDeviceOperation,1,745.0
551936,,ShardedToInterleavedDeviceOperation,1,744.0
568320,,ShardedToInterleavedDeviceOperation,1,744.0
1512448,1,ShardedToInterleavedDeviceOperation,1,744.0
1526784,1,ShardedToInterleavedDeviceOperation,1,744.0
548864,,ShardedToInterleavedDeviceOperation,1,743.0
550912,,ShardedToInterleavedDeviceOperation,1,743.0
567296,,ShardedToInterleavedDeviceOperation,1,743.0
1509376,1,ShardedToInterleavedDeviceOperation,1,743.0
1510400,1,ShardedToInterleavedDeviceOperation,1,743.0
1511424,1,ShardedToInterleavedDeviceOperation,1,743.0
547840,,ShardedToInterleavedDeviceOperation,1,742.0
558080,,ShardedToInterleavedDeviceOperation,1,742.0
566272,,ShardedToInterleavedDeviceOperation,1,742.0
1515520,1,ShardedToInterleavedDeviceOperation,1,742.0
1521664,1,ShardedToInterleavedDeviceOperation,1,742.0
1653760,1,InterleavedToShardedDeviceOperation,32,741.0
556032,,ShardedToInterleavedDeviceOperation,1,736.0
560128,,ShardedToInterleavedDeviceOperation,1,736.0
1529856,1,ShardedToInterleavedDeviceOperation,1,736.0
549888,,ShardedToInterleavedDeviceOperation,1,735.0
552960,,ShardedToInterleavedDeviceOperation,1,735.0
557056,,ShardedToInterleavedDeviceOperation,1,735.0
564224,,ShardedToInterleavedDeviceOperation,1,735.0
565248,,ShardedToInterleavedDeviceOperation,1,735.0
545792,,ShardedToInterleavedDeviceOperation,1,734.0
553984,,ShardedToInterleavedDeviceOperation,1,734.0
1506304,1,ShardedToInterleavedDeviceOperation,1,734.0
1513472,1,ShardedToInterleavedDeviceOperation,1,734.0
1517568,1,ShardedToInterleavedDeviceOperation,1,734.0
1524736,1,ShardedToInterleavedDeviceOperation,1,734.0
2354176,1,InterleavedToShardedDeviceOperation,32,729.0
1507328,1,ShardedToInterleavedDeviceOperation,1,728.0
2169856,1,InterleavedToShardedDeviceOperation,32,726.0
2059264,1,InterleavedToShardedDeviceOperation,32,724.0
1505280,1,ShardedToInterleavedDeviceOperation,1,721.0
2147328,1,ShardedToInterleavedDeviceOperation,14,721.0
1874944,1,InterleavedToShardedDeviceOperation,32,718.0
2096128,1,InterleavedToShardedDeviceOperation,32,717.0
1815552,1,ShardedToInterleavedDeviceOperation,14,716.0
2132992,1,InterleavedToShardedDeviceOperation,32,713.0
1534976,1,InterleavedToShardedDeviceOperation,7,705.0
1690624,1,InterleavedToShardedDeviceOperation,32,705.0
1764352,1,InterleavedToShardedDeviceOperation,32,705.0
2022400,1,InterleavedToShardedDeviceOperation,32,705.0
2331648,1,ShardedToInterleavedDeviceOperation,14,703.0
2405376,1,ShardedToInterleavedDeviceOperation,14,700.0
2184192,1,ShardedToInterleavedDeviceOperation,14,698.0
2427904,1,InterleavedToShardedDeviceOperation,32,697.0
1911808,1,InterleavedToShardedDeviceOperation,32,696.0
2317312,1,InterleavedToShardedDeviceOperation,32,696.0
1559552,1,InterleavedToShardedDeviceOperation,32,695.0
2110464,1,ShardedToInterleavedDeviceOperation,14,695.0
1852416,1,ShardedToInterleavedDeviceOperation,14,694.0
1548288,1,InterleavedToShardedDeviceOperation,2,692.0
1838080,1,InterleavedToShardedDeviceOperation,32,692.0
592896,,InterleavedToShardedDeviceOperation,2,690.0
2243584,1,InterleavedToShardedDeviceOperation,32,686.0
1727488,1,InterleavedToShardedDeviceOperation,32,685.0
2442240,1,ShardedToInterleavedDeviceOperation,14,671.0
1999872,1,ShardedToInterleavedDeviceOperation,14,668.0
1948672,1,InterleavedToShardedDeviceOperation,32,665.0
2257920,1,ShardedToInterleavedDeviceOperation,14,665.0
1801216,1,InterleavedToShardedDeviceOperation,32,659.0
1594368,1,ShardedToInterleavedDeviceOperation,14,658.0
1963008,1,ShardedToInterleavedDeviceOperation,14,648.0
2221056,1,ShardedToInterleavedDeviceOperation,14,646.0
1704960,1,ShardedToInterleavedDeviceOperation,14,632.0
1889280,1,ShardedToInterleavedDeviceOperation,14,625.0
2073600,1,ShardedToInterleavedDeviceOperation,14,610.0
2368512,1,ShardedToInterleavedDeviceOperation,14,609.0
1741824,1,ShardedToInterleavedDeviceOperation,14,605.0
1926144,1,ShardedToInterleavedDeviceOperation,14,605.0
586752,,ShardedToInterleavedDeviceOperation,1,604.0
1668096,1,ShardedToInterleavedDeviceOperation,14,604.0
1546240,1,ShardedToInterleavedDeviceOperation,1,600.0
1631232,1,ShardedToInterleavedDeviceOperation,14,599.0
734208,,ShardedToInterleavedDeviceOperation,2,591.0
735232,,ShardedToInterleavedDeviceOperation,2,591.0
772096,,ShardedToInterleavedDeviceOperation,2,591.0
919552,,ShardedToInterleavedDeviceOperation,2,591.0
1102848,,ShardedToInterleavedDeviceOperation,2,591.0
1176576,,ShardedToInterleavedDeviceOperation,2,591.0
1361920,,ShardedToInterleavedDeviceOperation,2,591.0
764928,,ShardedToInterleavedDeviceOperation,2,590.0
986112,,ShardedToInterleavedDeviceOperation,2,590.0
1059840,,ShardedToInterleavedDeviceOperation,2,590.0
1169408,,ShardedToInterleavedDeviceOperation,2,590.0
1471488,,ShardedToInterleavedDeviceOperation,2,589.0
596992,,ShardedToInterleavedDeviceOperation,2,588.0
1095680,,ShardedToInterleavedDeviceOperation,2,588.0
1316864,,ShardedToInterleavedDeviceOperation,2,588.0
654336,,ShardedToInterleavedDeviceOperation,2,587.0
1022976,,ShardedToInterleavedDeviceOperation,2,585.0
1862656,1,BinaryNgDeviceOperation,64,585.0
587776,,ShardedToInterleavedDeviceOperation,1,584.0
1545216,1,ShardedToInterleavedDeviceOperation,1,584.0
605184,,ShardedToInterleavedDeviceOperation,4,583.0
613376,,ShardedToInterleavedDeviceOperation,2,583.0
653312,,ShardedToInterleavedDeviceOperation,2,583.0
690176,,ShardedToInterleavedDeviceOperation,2,583.0
698368,,ShardedToInterleavedDeviceOperation,2,583.0
918528,,ShardedToInterleavedDeviceOperation,2,583.0
955392,,ShardedToInterleavedDeviceOperation,2,583.0
1030144,,ShardedToInterleavedDeviceOperation,2,583.0
1103872,,ShardedToInterleavedDeviceOperation,2,583.0
1132544,,ShardedToInterleavedDeviceOperation,2,583.0
1139712,,ShardedToInterleavedDeviceOperation,2,583.0
1435648,,ShardedToInterleavedDeviceOperation,2,583.0
1973248,1,BinaryNgDeviceOperation,64,583.0
1243136,,ShardedToInterleavedDeviceOperation,2,582.0
1244160,,ShardedToInterleavedDeviceOperation,2,582.0
881664,,ShardedToInterleavedDeviceOperation,2,581.0
992256,,ShardedToInterleavedDeviceOperation,2,581.0
1280000,,ShardedToInterleavedDeviceOperation,2,581.0
1287168,,ShardedToInterleavedDeviceOperation,2,581.0
1464320,,ShardedToInterleavedDeviceOperation,2,581.0
1788928,1,BinaryNgDeviceOperation,64,581.0
2415616,1,BinaryNgDeviceOperation,64,581.0
727040,,ShardedToInterleavedDeviceOperation,2,580.0
808960,,ShardedToInterleavedDeviceOperation,2,580.0
882688,,ShardedToInterleavedDeviceOperation,2,580.0
1067008,,ShardedToInterleavedDeviceOperation,2,580.0
1604608,1,BinaryNgDeviceOperation,64,578.0
844800,,ShardedToInterleavedDeviceOperation,2,577.0
948224,,ShardedToInterleavedDeviceOperation,2,577.0
1207296,,ShardedToInterleavedDeviceOperation,2,577.0
1427456,,ShardedToInterleavedDeviceOperation,2,577.0
807936,,ShardedToInterleavedDeviceOperation,2,576.0
1213440,,ShardedToInterleavedDeviceOperation,2,576.0
1817600,1,BinaryNgDeviceOperation,64,576.0
2046976,1,BinaryNgDeviceOperation,64,576.0
2378752,1,BinaryNgDeviceOperation,64,576.0
1390592,,ShardedToInterleavedDeviceOperation,2,575.0
1472512,,ShardedToInterleavedDeviceOperation,2,575.0
728064,,ShardedToInterleavedDeviceOperation,2,574.0
1065984,,ShardedToInterleavedDeviceOperation,2,574.0
1281024,,ShardedToInterleavedDeviceOperation,2,574.0
1670144,1,BinaryNgDeviceOperation,64,574.0
1250304,,ShardedToInterleavedDeviceOperation,2,573.0
1936384,1,BinaryNgDeviceOperation,64,573.0
2091008,1,ShardedToInterleavedDeviceOperation,2,573.0
956416,,ShardedToInterleavedDeviceOperation,2,572.0
1465344,,ShardedToInterleavedDeviceOperation,2,572.0
1678336,1,BinaryNgDeviceOperation,64,572.0
1899520,1,BinaryNgDeviceOperation,64,572.0
1752064,1,BinaryNgDeviceOperation,64,571.0
2001920,1,BinaryNgDeviceOperation,64,571.0
2075648,1,BinaryNgDeviceOperation,64,571.0
2120704,1,BinaryNgDeviceOperation,64,571.0
2223104,1,BinaryNgDeviceOperation,64,571.0
2239488,1,ShardedToInterleavedDeviceOperation,2,571.0
1633280,1,BinaryNgDeviceOperation,64,570.0
1715200,1,BinaryNgDeviceOperation,64,570.0
912384,,ShardedToInterleavedDeviceOperation,2,568.0
1133568,,ShardedToInterleavedDeviceOperation,2,568.0
1170432,,ShardedToInterleavedDeviceOperation,2,568.0
1891328,1,BinaryNgDeviceOperation,64,568.0
2038784,1,BinaryNgDeviceOperation,64,568.0
2275328,1,ShardedToInterleavedDeviceOperation,2,568.0
2407424,1,BinaryNgDeviceOperation,64,568.0
845824,,ShardedToInterleavedDeviceOperation,2,567.0
993280,,ShardedToInterleavedDeviceOperation,2,567.0
1021952,,ShardedToInterleavedDeviceOperation,2,567.0
1140736,,ShardedToInterleavedDeviceOperation,2,567.0
1177600,,ShardedToInterleavedDeviceOperation,2,567.0
1206272,,ShardedToInterleavedDeviceOperation,2,567.0
1641472,1,BinaryNgDeviceOperation,64,567.0
1096704,,ShardedToInterleavedDeviceOperation,2,566.0
1324032,,ShardedToInterleavedDeviceOperation,2,566.0
2268160,1,BinaryNgDeviceOperation,64,566.0
771072,,ShardedToInterleavedDeviceOperation,2,565.0
837632,,ShardedToInterleavedDeviceOperation,2,565.0
1434624,,ShardedToInterleavedDeviceOperation,2,565.0
1398784,,ShardedToInterleavedDeviceOperation,2,564.0
2194432,1,BinaryNgDeviceOperation,64,564.0
2305024,1,BinaryNgDeviceOperation,64,564.0
1214464,,ShardedToInterleavedDeviceOperation,2,563.0
1353728,,ShardedToInterleavedDeviceOperation,2,563.0
1707008,1,BinaryNgDeviceOperation,64,562.0
949248,,ShardedToInterleavedDeviceOperation,2,561.0
1965056,1,BinaryNgDeviceOperation,64,561.0
2333696,1,BinaryNgDeviceOperation,64,561.0
1051648,,BinaryNgDeviceOperation,64,560.0
1317888,,ShardedToInterleavedDeviceOperation,2,560.0
1780736,1,BinaryNgDeviceOperation,64,560.0
2083840,1,BinaryNgDeviceOperation,64,560.0
2231296,1,BinaryNgDeviceOperation,64,560.0
985088,,ShardedToInterleavedDeviceOperation,2,559.0
1029120,,ShardedToInterleavedDeviceOperation,2,559.0
1722368,1,ShardedToInterleavedDeviceOperation,2,559.0
1759232,1,ShardedToInterleavedDeviceOperation,2,559.0
1944576,1,ShardedToInterleavedDeviceOperation,2,559.0
2209792,1,ShardedToInterleavedDeviceOperation,2,559.0
2341888,1,BinaryNgDeviceOperation,64,559.0
2452480,1,BinaryNgDeviceOperation,64,559.0
1354752,,ShardedToInterleavedDeviceOperation,2,558.0
1743872,1,BinaryNgDeviceOperation,64,558.0
1825792,1,BinaryNgDeviceOperation,64,558.0
2112512,1,BinaryNgDeviceOperation,64,558.0
2149376,1,BinaryNgDeviceOperation,64,558.0
2157568,1,BinaryNgDeviceOperation,64,558.0
2296832,1,BinaryNgDeviceOperation,64,558.0
2444288,1,BinaryNgDeviceOperation,64,558.0
1906688,1,ShardedToInterleavedDeviceOperation,2,557.0
2349056,1,ShardedToInterleavedDeviceOperation,2,557.0
1854464,1,BinaryNgDeviceOperation,64,556.0
2186240,1,BinaryNgDeviceOperation,64,556.0
2259968,1,BinaryNgDeviceOperation,64,556.0
2010112,1,BinaryNgDeviceOperation,64,555.0
2017280,1,ShardedToInterleavedDeviceOperation,2,555.0
2127872,1,ShardedToInterleavedDeviceOperation,2,555.0
2165760,1,ShardedToInterleavedDeviceOperation,2,555.0
2393088,1,ShardedToInterleavedDeviceOperation,2,554.0
1391616,,ShardedToInterleavedDeviceOperation,2,553.0
1611776,1,ShardedToInterleavedDeviceOperation,2,553.0
2164736,1,ShardedToInterleavedDeviceOperation,2,553.0
2208768,1,ShardedToInterleavedDeviceOperation,2,553.0
2370560,1,BinaryNgDeviceOperation,64,553.0
800768,,ShardedToInterleavedDeviceOperation,2,552.0
1928192,1,BinaryNgDeviceOperation,64,552.0
2394112,1,ShardedToInterleavedDeviceOperation,2,552.0
612352,,ShardedToInterleavedDeviceOperation,2,551.0
1360896,,ShardedToInterleavedDeviceOperation,2,551.0
1570816,1,ShardedToInterleavedDeviceOperation,2,551.0
1571840,1,ShardedToInterleavedDeviceOperation,2,551.0
1869824,1,ShardedToInterleavedDeviceOperation,2,551.0
1943552,1,ShardedToInterleavedDeviceOperation,2,551.0
763904,,ShardedToInterleavedDeviceOperation,2,549.0
2385920,1,ShardedToInterleavedDeviceOperation,2,549.0
1796096,1,ShardedToInterleavedDeviceOperation,2,548.0
1832960,1,ShardedToInterleavedDeviceOperation,2,547.0
2201600,1,ShardedToInterleavedDeviceOperation,2,545.0
1428480,,ShardedToInterleavedDeviceOperation,2,544.0
660480,,ShardedToInterleavedDeviceOperation,2,543.0
874496,,ShardedToInterleavedDeviceOperation,2,543.0
911360,,ShardedToInterleavedDeviceOperation,2,543.0
1397760,,ShardedToInterleavedDeviceOperation,2,543.0
1723392,1,ShardedToInterleavedDeviceOperation,2,543.0
1655808,1,ShardedToInterleavedDeviceOperation,2,542.0
2055168,1,ShardedToInterleavedDeviceOperation,2,542.0
2320384,1,ShardedToInterleavedDeviceOperation,2,541.0
2018304,1,ShardedToInterleavedDeviceOperation,2,539.0
691200,,ShardedToInterleavedDeviceOperation,2,537.0
1907712,1,ShardedToInterleavedDeviceOperation,2,537.0
1951744,1,ShardedToInterleavedDeviceOperation,2,537.0
697344,,ShardedToInterleavedDeviceOperation,2,536.0
1288192,,ShardedToInterleavedDeviceOperation,2,536.0
2172928,1,ShardedToInterleavedDeviceOperation,2,536.0
2313216,1,ShardedToInterleavedDeviceOperation,2,536.0
1612800,1,ShardedToInterleavedDeviceOperation,2,535.0
1950720,1,ShardedToInterleavedDeviceOperation,2,535.0
2128896,1,ShardedToInterleavedDeviceOperation,2,535.0
1876992,1,ShardedToInterleavedDeviceOperation,2,534.0
1870848,1,ShardedToInterleavedDeviceOperation,2,533.0
2171904,1,ShardedToInterleavedDeviceOperation,2,533.0
1058816,,ShardedToInterleavedDeviceOperation,2,532.0
1649664,1,ShardedToInterleavedDeviceOperation,2,532.0
1913856,1,ShardedToInterleavedDeviceOperation,2,532.0
2135040,1,ShardedToInterleavedDeviceOperation,2,532.0
2429952,1,ShardedToInterleavedDeviceOperation,2,532.0
1251328,,ShardedToInterleavedDeviceOperation,2,531.0
1797120,1,ShardedToInterleavedDeviceOperation,2,531.0
1878016,1,ShardedToInterleavedDeviceOperation,2,531.0
2283520,1,ShardedToInterleavedDeviceOperation,2,531.0
1618944,1,ShardedToInterleavedDeviceOperation,2,530.0
1840128,1,ShardedToInterleavedDeviceOperation,2,530.0
1987584,1,ShardedToInterleavedDeviceOperation,2,530.0
838656,,ShardedToInterleavedDeviceOperation,2,529.0
1988608,1,ShardedToInterleavedDeviceOperation,2,529.0
2062336,1,ShardedToInterleavedDeviceOperation,2,529.0
2092032,1,ShardedToInterleavedDeviceOperation,2,529.0
2282496,1,ShardedToInterleavedDeviceOperation,2,529.0
875520,,ShardedToInterleavedDeviceOperation,2,528.0
1766400,1,ShardedToInterleavedDeviceOperation,2,528.0
2136064,1,ShardedToInterleavedDeviceOperation,2,528.0
661504,,ShardedToInterleavedDeviceOperation,2,527.0
1325056,,ShardedToInterleavedDeviceOperation,2,527.0
1555456,1,ShardedToInterleavedDeviceOperation,2,527.0
1619968,1,ShardedToInterleavedDeviceOperation,2,527.0
1656832,1,ShardedToInterleavedDeviceOperation,2,527.0
1685504,1,ShardedToInterleavedDeviceOperation,2,527.0
1693696,1,ShardedToInterleavedDeviceOperation,2,527.0
1730560,1,ShardedToInterleavedDeviceOperation,2,527.0
1760256,1,ShardedToInterleavedDeviceOperation,2,527.0
1767424,1,ShardedToInterleavedDeviceOperation,2,527.0
1833984,1,ShardedToInterleavedDeviceOperation,2,527.0
1841152,1,ShardedToInterleavedDeviceOperation,2,527.0
1914880,1,ShardedToInterleavedDeviceOperation,2,527.0
1980416,1,ShardedToInterleavedDeviceOperation,2,527.0
1981440,1,ShardedToInterleavedDeviceOperation,2,527.0
2025472,1,ShardedToInterleavedDeviceOperation,2,527.0
2054144,1,ShardedToInterleavedDeviceOperation,2,527.0
2099200,1,ShardedToInterleavedDeviceOperation,2,527.0
2238464,1,ShardedToInterleavedDeviceOperation,2,527.0
2246656,1,ShardedToInterleavedDeviceOperation,2,527.0
2312192,1,ShardedToInterleavedDeviceOperation,2,527.0
2319360,1,ShardedToInterleavedDeviceOperation,2,527.0
2386944,1,ShardedToInterleavedDeviceOperation,2,527.0
2422784,1,ShardedToInterleavedDeviceOperation,2,527.0
2430976,1,ShardedToInterleavedDeviceOperation,2,527.0
1563648,1,ShardedToInterleavedDeviceOperation,4,525.0
1686528,1,ShardedToInterleavedDeviceOperation,2,525.0
1804288,1,ShardedToInterleavedDeviceOperation,2,525.0
2024448,1,ShardedToInterleavedDeviceOperation,2,525.0
2245632,1,ShardedToInterleavedDeviceOperation,2,525.0
2357248,1,ShardedToInterleavedDeviceOperation,2,525.0
801792,,ShardedToInterleavedDeviceOperation,2,524.0
2061312,1,ShardedToInterleavedDeviceOperation,2,524.0
2202624,1,ShardedToInterleavedDeviceOperation,2,524.0
2276352,1,ShardedToInterleavedDeviceOperation,2,524.0
2350080,1,ShardedToInterleavedDeviceOperation,2,524.0
2356224,1,ShardedToInterleavedDeviceOperation,2,524.0
2423808,1,ShardedToInterleavedDeviceOperation,2,524.0
1554432,1,ShardedToInterleavedDeviceOperation,2,523.0
1803264,1,ShardedToInterleavedDeviceOperation,2,523.0
2098176,1,ShardedToInterleavedDeviceOperation,2,523.0
1648640,1,ShardedToInterleavedDeviceOperation,2,520.0
1692672,1,ShardedToInterleavedDeviceOperation,2,520.0
1729536,1,ShardedToInterleavedDeviceOperation,2,520.0
595968,,ShardedToInterleavedDeviceOperation,2,516.0
859136,,BinaryNgDeviceOperation,64,445.0
822272,,BinaryNgDeviceOperation,64,442.0
1264640,,BinaryNgDeviceOperation,64,442.0
830464,,BinaryNgDeviceOperation,64,440.0
969728,,BinaryNgDeviceOperation,64,440.0
1485824,,BinaryNgDeviceOperation,64,440.0
748544,,BinaryNgDeviceOperation,64,439.0
785408,,BinaryNgDeviceOperation,64,439.0
977920,,BinaryNgDeviceOperation,64,439.0
674816,,BinaryNgDeviceOperation,64,438.0
1309696,,BinaryNgDeviceOperation,64,438.0
1375232,,BinaryNgDeviceOperation,64,436.0
904192,,BinaryNgDeviceOperation,64,435.0
1412096,,BinaryNgDeviceOperation,64,435.0
941056,,BinaryNgDeviceOperation,64,434.0
1125376,,BinaryNgDeviceOperation,64,434.0
1383424,,BinaryNgDeviceOperation,64,434.0
1494016,,BinaryNgDeviceOperation,64,434.0
1346560,,BinaryNgDeviceOperation,64,431.0
867328,,BinaryNgDeviceOperation,64,430.0
1014784,,BinaryNgDeviceOperation,64,430.0
646144,,BinaryNgDeviceOperation,64,429.0
1162240,,BinaryNgDeviceOperation,64,429.0
1235968,,BinaryNgDeviceOperation,64,429.0
1154048,,BinaryNgDeviceOperation,64,428.0
756736,,BinaryNgDeviceOperation,64,427.0
1199104,,BinaryNgDeviceOperation,64,427.0
1272832,,BinaryNgDeviceOperation,64,427.0
1088512,,BinaryNgDeviceOperation,64,426.0
1448960,,BinaryNgDeviceOperation,64,426.0
719872,,BinaryNgDeviceOperation,64,425.0
1006592,,BinaryNgDeviceOperation,64,424.0
1080320,,BinaryNgDeviceOperation,64,424.0
1301504,,BinaryNgDeviceOperation,64,424.0
896000,,BinaryNgDeviceOperation,64,423.0
1043456,,BinaryNgDeviceOperation,64,423.0
711680,,BinaryNgDeviceOperation,64,422.0
932864,,BinaryNgDeviceOperation,64,422.0
683008,,BinaryNgDeviceOperation,64,421.0
793600,,BinaryNgDeviceOperation,64,421.0
1117184,,BinaryNgDeviceOperation,64,421.0
1190912,,BinaryNgDeviceOperation,64,421.0
1338368,,BinaryNgDeviceOperation,64,421.0
1420288,,BinaryNgDeviceOperation,64,420.0
1457152,,BinaryNgDeviceOperation,64,420.0
1227776,,BinaryNgDeviceOperation,64,417.0
