op_id,replay,op_name,cores,duration_ns
1641472,,ArgMaxDeviceOperation,64,2711014.0
2536448,1,ArgMaxDeviceOperation,64,2710080.0
1639424,,MatmulDeviceOperation,48,1532498.0
2534400,1,MatmulDeviceOperation,48,1505972.0
743424,,InterleavedToShardedDeviceOperation,12,275467.0
214016,,InterleavedToShardedDeviceOperation,12,273562.0
744448,,InterleavedToShardedDeviceOperation,12,272567.0
327680,,InterleavedToShardedDeviceOperation,12,270887.0
672768,,InterleavedToShardedDeviceOperation,12,270794.0
596992,,InterleavedToShardedDeviceOperation,12,270631.0
568320,,InterleavedToShardedDeviceOperation,12,270387.0
459776,,InterleavedToShardedDeviceOperation,12,269681.0
285696,,InterleavedToShardedDeviceOperation,12,269657.0
628736,,InterleavedToShardedDeviceOperation,12,269441.0
635904,,InterleavedToShardedDeviceOperation,12,269284.0
540672,,InterleavedToShardedDeviceOperation,12,269137.0
576512,,InterleavedToShardedDeviceOperation,12,269024.0
673792,,InterleavedToShardedDeviceOperation,12,268776.0
215040,,InterleavedToShardedDeviceOperation,12,268496.0
330752,,InterleavedToShardedDeviceOperation,12,268062.0
654336,,InterleavedToShardedDeviceOperation,12,267192.0
693248,,InterleavedToShardedDeviceOperation,12,267173.0
218112,,InterleavedToShardedDeviceOperation,12,266979.0
254976,,InterleavedToShardedDeviceOperation,12,266591.0
132096,,InterleavedToShardedDeviceOperation,12,266407.0
656384,,InterleavedToShardedDeviceOperation,12,265706.0
460800,,InterleavedToShardedDeviceOperation,12,265629.0
480256,,InterleavedToShardedDeviceOperation,12,264541.0
184320,,InterleavedToShardedDeviceOperation,12,264384.0
742400,,InterleavedToShardedDeviceOperation,12,264342.0
337920,,InterleavedToShardedDeviceOperation,12,263661.0
629760,,InterleavedToShardedDeviceOperation,12,263017.0
740352,,InterleavedToShardedDeviceOperation,12,262892.0
400384,,InterleavedToShardedDeviceOperation,12,262751.0
467968,,InterleavedToShardedDeviceOperation,12,262703.0
427008,,InterleavedToShardedDeviceOperation,12,262116.0
462848,,InterleavedToShardedDeviceOperation,12,261752.0
473088,,InterleavedToShardedDeviceOperation,12,261578.0
338944,,InterleavedToShardedDeviceOperation,12,261357.0
358400,,InterleavedToShardedDeviceOperation,12,261138.0
598016,,InterleavedToShardedDeviceOperation,12,261102.0
495616,,InterleavedToShardedDeviceOperation,12,261001.0
221184,,InterleavedToShardedDeviceOperation,12,260946.0
570368,,InterleavedToShardedDeviceOperation,12,260941.0
116736,,InterleavedToShardedDeviceOperation,12,260912.0
329728,,InterleavedToShardedDeviceOperation,12,260796.0
496640,,InterleavedToShardedDeviceOperation,12,260757.0
375808,,InterleavedToShardedDeviceOperation,12,260643.0
578560,,InterleavedToShardedDeviceOperation,12,260631.0
634880,,InterleavedToShardedDeviceOperation,12,260549.0
577536,,InterleavedToShardedDeviceOperation,12,260538.0
571392,,InterleavedToShardedDeviceOperation,12,260495.0
256000,,InterleavedToShardedDeviceOperation,12,260480.0
557056,,InterleavedToShardedDeviceOperation,12,260450.0
428032,,InterleavedToShardedDeviceOperation,12,260448.0
694272,,InterleavedToShardedDeviceOperation,12,260374.0
257024,,InterleavedToShardedDeviceOperation,12,260344.0
458752,,InterleavedToShardedDeviceOperation,12,260230.0
332800,,InterleavedToShardedDeviceOperation,12,260145.0
278528,,InterleavedToShardedDeviceOperation,12,260070.0
474112,,InterleavedToShardedDeviceOperation,12,260057.0
650240,,InterleavedToShardedDeviceOperation,12,260017.0
420864,,InterleavedToShardedDeviceOperation,12,259900.0
216064,,InterleavedToShardedDeviceOperation,12,259866.0
526336,,InterleavedToShardedDeviceOperation,12,259789.0
705536,,InterleavedToShardedDeviceOperation,12,259765.0
671744,,InterleavedToShardedDeviceOperation,12,259735.0
421888,,InterleavedToShardedDeviceOperation,12,259713.0
580608,,InterleavedToShardedDeviceOperation,12,259563.0
641024,,InterleavedToShardedDeviceOperation,12,259529.0
401408,,InterleavedToShardedDeviceOperation,12,259528.0
569344,,InterleavedToShardedDeviceOperation,12,259505.0
655360,,InterleavedToShardedDeviceOperation,12,259431.0
479232,,InterleavedToShardedDeviceOperation,12,259342.0
561152,,InterleavedToShardedDeviceOperation,12,259108.0
651264,,InterleavedToShardedDeviceOperation,12,259065.0
595968,,InterleavedToShardedDeviceOperation,12,259047.0
703488,,InterleavedToShardedDeviceOperation,12,258781.0
219136,,InterleavedToShardedDeviceOperation,12,258695.0
331776,,InterleavedToShardedDeviceOperation,12,258650.0
429056,,InterleavedToShardedDeviceOperation,12,258546.0
217088,,InterleavedToShardedDeviceOperation,12,258444.0
220160,,InterleavedToShardedDeviceOperation,12,258214.0
376832,,InterleavedToShardedDeviceOperation,12,258173.0
359424,,InterleavedToShardedDeviceOperation,12,258020.0
286720,,InterleavedToShardedDeviceOperation,12,257991.0
461824,,InterleavedToShardedDeviceOperation,12,257584.0
741376,,InterleavedToShardedDeviceOperation,12,255131.0
1640448,,UntilizeDeviceOperation,63,132645.0
2535424,1,UntilizeDeviceOperation,63,132280.0
419840,,ConcatDeviceOperation,64,81488.0
677888,,ConcatDeviceOperation,64,80405.0
565248,,ConcatDeviceOperation,64,79939.0
380928,,ConcatDeviceOperation,64,79876.0
343040,,ConcatDeviceOperation,64,79629.0
150528,,ConcatDeviceOperation,64,78885.0
472064,,ConcatDeviceOperation,64,78696.0
539648,,ConcatDeviceOperation,64,77701.0
633856,,ConcatDeviceOperation,64,77456.0
530432,,ConcatDeviceOperation,64,77383.0
336896,,ConcatDeviceOperation,64,77144.0
425984,,ConcatDeviceOperation,64,77113.0
698368,,ConcatDeviceOperation,64,76900.0
702464,,ConcatDeviceOperation,64,76741.0
710656,,ConcatDeviceOperation,64,76693.0
262144,,ConcatDeviceOperation,64,76613.0
225280,,ConcatDeviceOperation,64,76429.0
534528,,ConcatDeviceOperation,64,76351.0
466944,,ConcatDeviceOperation,64,75860.0
385024,,ConcatDeviceOperation,64,75708.0
640000,,ConcatDeviceOperation,64,75705.0
183296,,ConcatDeviceOperation,64,75328.0
311296,,ConcatDeviceOperation,64,75297.0
478208,,ConcatDeviceOperation,64,75268.0
575488,,ConcatDeviceOperation,64,75057.0
307200,,ConcatDeviceOperation,64,74698.0
645120,,ConcatDeviceOperation,64,74108.0
283648,,ConcatDeviceOperation,64,73795.0
1790976,1,MatmulDeviceOperation,64,72805.0
1913856,1,MatmulDeviceOperation,64,72678.0
2098176,1,MatmulDeviceOperation,64,72591.0
2405376,1,MatmulDeviceOperation,64,72464.0
2006016,1,MatmulDeviceOperation,64,72440.0
1698816,1,MatmulDeviceOperation,64,72296.0
2528256,1,MatmulDeviceOperation,64,72278.0
1729536,1,MatmulDeviceOperation,64,72059.0
2221056,1,MatmulDeviceOperation,64,72030.0
2497536,1,MatmulDeviceOperation,64,72025.0
2128896,1,MatmulDeviceOperation,64,71436.0
2282496,1,MatmulDeviceOperation,64,71320.0
1789952,1,MatmulDeviceOperation,64,71249.0
1079296,,MatmulDeviceOperation,64,71104.0
2527232,1,MatmulDeviceOperation,64,70858.0
1387520,,MatmulDeviceOperation,64,70805.0
2159616,1,MatmulDeviceOperation,64,70800.0
1510400,,MatmulDeviceOperation,64,70771.0
2404352,1,MatmulDeviceOperation,64,70696.0
2127872,1,MatmulDeviceOperation,64,70692.0
1697792,1,MatmulDeviceOperation,64,70624.0
1601536,,MatmulDeviceOperation,64,70597.0
2035712,1,MatmulDeviceOperation,64,70579.0
1759232,1,MatmulDeviceOperation,64,70576.0
2004992,1,MatmulDeviceOperation,64,70574.0
1912832,1,MatmulDeviceOperation,64,70569.0
1728512,1,MatmulDeviceOperation,64,70547.0
1447936,,MatmulDeviceOperation,64,70535.0
1632256,,MatmulDeviceOperation,64,70507.0
1356800,,MatmulDeviceOperation,64,70499.0
865280,,MatmulDeviceOperation,64,70494.0
2097152,1,MatmulDeviceOperation,64,70483.0
1110016,,MatmulDeviceOperation,64,70465.0
1479680,,MatmulDeviceOperation,64,70439.0
2496512,1,MatmulDeviceOperation,64,70398.0
926720,,MatmulDeviceOperation,64,70378.0
2281472,1,MatmulDeviceOperation,64,70367.0
2373632,1,MatmulDeviceOperation,64,70362.0
1202176,,MatmulDeviceOperation,64,70361.0
2220032,1,MatmulDeviceOperation,64,70352.0
1943552,1,MatmulDeviceOperation,64,70343.0
956416,,MatmulDeviceOperation,64,70331.0
1294336,,MatmulDeviceOperation,64,70319.0
2465792,1,MatmulDeviceOperation,64,70307.0
1975296,1,MatmulDeviceOperation,64,70300.0
2374656,1,MatmulDeviceOperation,64,70299.0
803840,,MatmulDeviceOperation,64,70298.0
2158592,1,MatmulDeviceOperation,64,70282.0
834560,,MatmulDeviceOperation,64,70244.0
1049600,,MatmulDeviceOperation,64,70241.0
1264640,,MatmulDeviceOperation,64,70232.0
1478656,,MatmulDeviceOperation,64,70230.0
1171456,,MatmulDeviceOperation,64,70221.0
1111040,,MatmulDeviceOperation,64,70210.0
1974272,1,MatmulDeviceOperation,64,70202.0
2250752,1,MatmulDeviceOperation,64,70195.0
2313216,1,MatmulDeviceOperation,64,70183.0
1882112,1,MatmulDeviceOperation,64,70182.0
1018880,,MatmulDeviceOperation,64,70180.0
1232896,,MatmulDeviceOperation,64,70180.0
1203200,,MatmulDeviceOperation,64,70165.0
2435072,1,MatmulDeviceOperation,64,70147.0
802816,,MatmulDeviceOperation,64,70144.0
1141760,,MatmulDeviceOperation,64,70134.0
1540096,,MatmulDeviceOperation,64,70134.0
1448960,,MatmulDeviceOperation,64,70133.0
2312192,1,MatmulDeviceOperation,64,70130.0
1571840,,MatmulDeviceOperation,64,70126.0
1541120,,MatmulDeviceOperation,64,70124.0
1233920,,MatmulDeviceOperation,64,70116.0
894976,,MatmulDeviceOperation,64,70096.0
1570816,,MatmulDeviceOperation,64,70095.0
2066432,1,MatmulDeviceOperation,64,70093.0
1295360,,MatmulDeviceOperation,64,70082.0
925696,,MatmulDeviceOperation,64,70076.0
1080320,,MatmulDeviceOperation,64,70070.0
896000,,MatmulDeviceOperation,64,70067.0
1048576,,MatmulDeviceOperation,64,70064.0
1325056,,MatmulDeviceOperation,64,70062.0
1326080,,MatmulDeviceOperation,64,70045.0
1509376,,MatmulDeviceOperation,64,70017.0
1172480,,MatmulDeviceOperation,64,69983.0
864256,,MatmulDeviceOperation,64,69982.0
1602560,,MatmulDeviceOperation,64,69974.0
1851392,1,MatmulDeviceOperation,64,69967.0
988160,,MatmulDeviceOperation,64,69966.0
1820672,1,MatmulDeviceOperation,64,69937.0
1355776,,MatmulDeviceOperation,64,69934.0
1418240,,MatmulDeviceOperation,64,69905.0
833536,,MatmulDeviceOperation,64,69898.0
1633280,,MatmulDeviceOperation,64,69894.0
2189312,1,MatmulDeviceOperation,64,69894.0
957440,,MatmulDeviceOperation,64,69890.0
987136,,MatmulDeviceOperation,64,69841.0
1417216,,MatmulDeviceOperation,64,69823.0
2436096,1,MatmulDeviceOperation,64,69718.0
1017856,,MatmulDeviceOperation,64,69638.0
2190336,1,MatmulDeviceOperation,64,69632.0
1140736,,MatmulDeviceOperation,64,69612.0
2342912,1,MatmulDeviceOperation,64,69544.0
2067456,1,MatmulDeviceOperation,64,69505.0
1386496,,MatmulDeviceOperation,64,69473.0
1263616,,MatmulDeviceOperation,64,69466.0
2251776,1,MatmulDeviceOperation,64,69364.0
1944576,1,MatmulDeviceOperation,64,69354.0
1760256,1,MatmulDeviceOperation,64,69340.0
2466816,1,MatmulDeviceOperation,64,69262.0
1852416,1,MatmulDeviceOperation,64,68886.0
1821696,1,MatmulDeviceOperation,64,68846.0
2036736,1,MatmulDeviceOperation,64,68652.0
1883136,1,MatmulDeviceOperation,64,68629.0
2343936,1,MatmulDeviceOperation,64,68328.0
1701888,1,MatmulDeviceOperation,64,66416.0
2101248,1,MatmulDeviceOperation,64,66297.0
1916928,1,MatmulDeviceOperation,64,66189.0
1732608,1,MatmulDeviceOperation,64,65993.0
2162688,1,MatmulDeviceOperation,64,65936.0
1886208,1,MatmulDeviceOperation,64,65932.0
2439168,1,MatmulDeviceOperation,64,65894.0
1855488,1,MatmulDeviceOperation,64,65870.0
1544192,,MatmulDeviceOperation,64,65835.0
1052672,,MatmulDeviceOperation,64,65813.0
1482752,,MatmulDeviceOperation,64,65793.0
2224128,1,MatmulDeviceOperation,64,65754.0
1236992,,MatmulDeviceOperation,64,65752.0
2408448,1,MatmulDeviceOperation,64,65742.0
1452032,,MatmulDeviceOperation,64,65731.0
1794048,1,MatmulDeviceOperation,64,65727.0
2009088,1,MatmulDeviceOperation,64,65695.0
2316288,1,MatmulDeviceOperation,64,65687.0
868352,,MatmulDeviceOperation,64,65651.0
1763328,1,MatmulDeviceOperation,64,65641.0
2254848,1,MatmulDeviceOperation,64,65618.0
2039808,1,MatmulDeviceOperation,64,65604.0
929792,,MatmulDeviceOperation,64,65603.0
2347008,1,MatmulDeviceOperation,64,65566.0
2531328,1,MatmulDeviceOperation,64,65553.0
2131968,1,MatmulDeviceOperation,64,65499.0
1574912,,MatmulDeviceOperation,64,65452.0
2377728,1,MatmulDeviceOperation,64,65441.0
1390592,,MatmulDeviceOperation,64,65428.0
2193408,1,MatmulDeviceOperation,64,65416.0
1298432,,MatmulDeviceOperation,64,65374.0
1144832,,MatmulDeviceOperation,64,65349.0
2070528,1,MatmulDeviceOperation,64,65305.0
806912,,MatmulDeviceOperation,64,65285.0
2500608,1,MatmulDeviceOperation,64,65255.0
837632,,MatmulDeviceOperation,64,65246.0
1175552,,MatmulDeviceOperation,64,65228.0
1114112,,MatmulDeviceOperation,64,65227.0
899072,,MatmulDeviceOperation,64,65214.0
1824768,1,MatmulDeviceOperation,64,65203.0
1206272,,MatmulDeviceOperation,64,65202.0
991232,,MatmulDeviceOperation,64,65176.0
1636352,,MatmulDeviceOperation,64,65146.0
1421312,,MatmulDeviceOperation,64,65135.0
1021952,,MatmulDeviceOperation,64,65127.0
1947648,1,MatmulDeviceOperation,64,65123.0
2285568,1,MatmulDeviceOperation,64,65007.0
1605632,,MatmulDeviceOperation,64,64946.0
1329152,,MatmulDeviceOperation,64,64941.0
1267712,,MatmulDeviceOperation,64,64913.0
960512,,MatmulDeviceOperation,64,64905.0
2469888,1,MatmulDeviceOperation,64,64827.0
1513472,,MatmulDeviceOperation,64,64769.0
1083392,,MatmulDeviceOperation,64,64758.0
1359872,,MatmulDeviceOperation,64,64699.0
1978368,1,MatmulDeviceOperation,64,64529.0
282624,,SliceDeviceOperation,64,61374.0
384000,,SliceDeviceOperation,64,59952.0
465920,,SliceDeviceOperation,64,59561.0
261120,,SliceDeviceOperation,64,59463.0
182272,,SliceDeviceOperation,64,59321.0
379904,,SliceDeviceOperation,64,58391.0
574464,,SliceDeviceOperation,64,58122.0
701440,,SliceDeviceOperation,64,57708.0
424960,,SliceDeviceOperation,64,57657.0
224256,,SliceDeviceOperation,64,57169.0
632832,,SliceDeviceOperation,64,56979.0
709632,,SliceDeviceOperation,64,56537.0
697344,,SliceDeviceOperation,64,56497.0
310272,,SliceDeviceOperation,64,56433.0
335872,,SliceDeviceOperation,64,56288.0
342016,,SliceDeviceOperation,64,56256.0
644096,,SliceDeviceOperation,64,55854.0
471040,,SliceDeviceOperation,64,55743.0
538624,,SliceDeviceOperation,64,55741.0
638976,,SliceDeviceOperation,64,55716.0
418816,,SliceDeviceOperation,64,55551.0
477184,,SliceDeviceOperation,64,55529.0
676864,,SliceDeviceOperation,64,55363.0
149504,,SliceDeviceOperation,64,55027.0
564224,,SliceDeviceOperation,64,54898.0
533504,,SliceDeviceOperation,64,54802.0
306176,,SliceDeviceOperation,64,54443.0
529408,,SliceDeviceOperation,64,54275.0
2012160,1,MatmulDeviceOperation,48,52507.0
2472960,1,MatmulDeviceOperation,48,52479.0
1920000,1,MatmulDeviceOperation,48,52459.0
2411520,1,MatmulDeviceOperation,48,52455.0
2227200,1,MatmulDeviceOperation,48,52433.0
1827840,1,MatmulDeviceOperation,48,52407.0
1766400,1,MatmulDeviceOperation,48,52403.0
1735680,1,MatmulDeviceOperation,48,52401.0
2380800,1,MatmulDeviceOperation,48,52396.0
1797120,1,MatmulDeviceOperation,48,52390.0
2442240,1,MatmulDeviceOperation,48,52369.0
2288640,1,MatmulDeviceOperation,48,52368.0
2135040,1,MatmulDeviceOperation,48,52364.0
2319360,1,MatmulDeviceOperation,48,52358.0
1858560,1,MatmulDeviceOperation,48,52345.0
2165760,1,MatmulDeviceOperation,48,52336.0
2503680,1,MatmulDeviceOperation,48,52325.0
1704960,1,MatmulDeviceOperation,48,52311.0
1981440,1,MatmulDeviceOperation,48,52311.0
2073600,1,MatmulDeviceOperation,48,52310.0
2042880,1,MatmulDeviceOperation,48,52297.0
1889280,1,MatmulDeviceOperation,48,52285.0
1950720,1,MatmulDeviceOperation,48,52274.0
2350080,1,MatmulDeviceOperation,48,52267.0
2196480,1,MatmulDeviceOperation,48,52265.0
2104320,1,MatmulDeviceOperation,48,52261.0
2257920,1,MatmulDeviceOperation,48,52249.0
902144,,MatmulDeviceOperation,48,51867.0
932864,,MatmulDeviceOperation,48,51839.0
994304,,MatmulDeviceOperation,48,51814.0
1577984,,MatmulDeviceOperation,48,51779.0
1485824,,MatmulDeviceOperation,48,51760.0
1178624,,MatmulDeviceOperation,48,51726.0
1393664,,MatmulDeviceOperation,48,51709.0
1455104,,MatmulDeviceOperation,48,51674.0
1332224,,MatmulDeviceOperation,48,51644.0
1608704,,MatmulDeviceOperation,48,51644.0
809984,,MatmulDeviceOperation,48,51639.0
963584,,MatmulDeviceOperation,48,51639.0
1547264,,MatmulDeviceOperation,48,51625.0
1424384,,MatmulDeviceOperation,48,51619.0
1055744,,MatmulDeviceOperation,48,51609.0
1086464,,MatmulDeviceOperation,48,51603.0
1516544,,MatmulDeviceOperation,48,51591.0
1362944,,MatmulDeviceOperation,48,51581.0
1209344,,MatmulDeviceOperation,48,51573.0
1301504,,MatmulDeviceOperation,48,51566.0
871424,,MatmulDeviceOperation,48,51556.0
1240064,,MatmulDeviceOperation,48,51549.0
840704,,MatmulDeviceOperation,48,51534.0
1117184,,MatmulDeviceOperation,48,51532.0
1025024,,MatmulDeviceOperation,48,51507.0
1147904,,MatmulDeviceOperation,48,51503.0
1270784,,MatmulDeviceOperation,48,51496.0
258048,,InterleavedToShardedDeviceOperation,12,47464.0
745472,,InterleavedToShardedDeviceOperation,12,47326.0
567296,,InterleavedToShardedDeviceOperation,12,47274.0
263168,,InterleavedToShardedDeviceOperation,12,47269.0
558080,,InterleavedToShardedDeviceOperation,12,46743.0
704512,,InterleavedToShardedDeviceOperation,12,46608.0
648192,,InterleavedToShardedDeviceOperation,12,46449.0
649216,,InterleavedToShardedDeviceOperation,12,46375.0
541696,,InterleavedToShardedDeviceOperation,12,46352.0
579584,,InterleavedToShardedDeviceOperation,12,46311.0
287744,,InterleavedToShardedDeviceOperation,12,46217.0
284672,,InterleavedToShardedDeviceOperation,12,46193.0
326656,,InterleavedToShardedDeviceOperation,12,46068.0
652288,,InterleavedToShardedDeviceOperation,12,46010.0
303104,,InterleavedToShardedDeviceOperation,12,45829.0
535552,,InterleavedToShardedDeviceOperation,12,45764.0
560128,,InterleavedToShardedDeviceOperation,12,45692.0
646144,,InterleavedToShardedDeviceOperation,12,45556.0
627712,,InterleavedToShardedDeviceOperation,12,45472.0
653312,,InterleavedToShardedDeviceOperation,12,45456.0
706560,,InterleavedToShardedDeviceOperation,12,45454.0
374784,,InterleavedToShardedDeviceOperation,12,45406.0
746496,,InterleavedToShardedDeviceOperation,12,45281.0
279552,,InterleavedToShardedDeviceOperation,12,45267.0
647168,,InterleavedToShardedDeviceOperation,12,45261.0
559104,,InterleavedToShardedDeviceOperation,12,45240.0
328704,,InterleavedToShardedDeviceOperation,12,45215.0
566272,,InterleavedToShardedDeviceOperation,12,45124.0
2084864,1,SdpaDecodeDeviceOperation,64,44368.0
1869824,1,SdpaDecodeDeviceOperation,64,44351.0
1682432,1,SdpaDecodeDeviceOperation,64,44112.0
2207744,1,SdpaDecodeDeviceOperation,64,43978.0
913408,,SdpaDecodeDeviceOperation,64,43593.0
1097728,,SdpaDecodeDeviceOperation,64,43316.0
2330624,1,SdpaDecodeDeviceOperation,64,43288.0
1961984,1,SdpaDecodeDeviceOperation,64,43192.0
1404928,,SdpaDecodeDeviceOperation,64,42982.0
1931264,1,SdpaDecodeDeviceOperation,64,42925.0
1067008,,SdpaDecodeDeviceOperation,64,42889.0
1312768,,SdpaDecodeDeviceOperation,64,42870.0
2146304,1,SdpaDecodeDeviceOperation,64,42863.0
1808384,1,SdpaDecodeDeviceOperation,64,42850.0
2361344,1,SdpaDecodeDeviceOperation,64,42780.0
882688,,SdpaDecodeDeviceOperation,64,42759.0
2453504,1,SdpaDecodeDeviceOperation,64,42739.0
1282048,,SdpaDecodeDeviceOperation,64,42732.0
2054144,1,SdpaDecodeDeviceOperation,64,42720.0
2514944,1,SdpaDecodeDeviceOperation,64,42710.0
821248,,SdpaDecodeDeviceOperation,64,42696.0
1435648,,SdpaDecodeDeviceOperation,64,42604.0
2269184,1,SdpaDecodeDeviceOperation,64,42596.0
1589248,,SdpaDecodeDeviceOperation,64,42515.0
1005568,,SdpaDecodeDeviceOperation,64,42509.0
1558528,,SdpaDecodeDeviceOperation,64,42503.0
1159168,,SdpaDecodeDeviceOperation,64,42430.0
944128,,SdpaDecodeDeviceOperation,64,42374.0
1128448,,SdpaDecodeDeviceOperation,64,42338.0
2392064,1,SdpaDecodeDeviceOperation,64,42304.0
1992704,1,SdpaDecodeDeviceOperation,64,42302.0
1497088,,SdpaDecodeDeviceOperation,64,42287.0
2484224,1,SdpaDecodeDeviceOperation,64,42266.0
1374208,,SdpaDecodeDeviceOperation,64,42248.0
1716224,1,SdpaDecodeDeviceOperation,64,42145.0
851968,,SdpaDecodeDeviceOperation,64,42122.0
1343488,,SdpaDecodeDeviceOperation,64,42033.0
2177024,1,SdpaDecodeDeviceOperation,64,42019.0
2115584,1,SdpaDecodeDeviceOperation,64,41965.0
1839104,1,SdpaDecodeDeviceOperation,64,41930.0
1036288,,SdpaDecodeDeviceOperation,64,41826.0
1189888,,SdpaDecodeDeviceOperation,64,41811.0
2238464,1,SdpaDecodeDeviceOperation,64,41806.0
1220608,,SdpaDecodeDeviceOperation,64,41805.0
2023424,1,SdpaDecodeDeviceOperation,64,41721.0
1527808,,SdpaDecodeDeviceOperation,64,41705.0
1466368,,SdpaDecodeDeviceOperation,64,41694.0
1619968,,SdpaDecodeDeviceOperation,64,41652.0
974848,,SdpaDecodeDeviceOperation,64,41599.0
1777664,1,SdpaDecodeDeviceOperation,64,41529.0
787456,,SdpaDecodeDeviceOperation,64,41513.0
2422784,1,SdpaDecodeDeviceOperation,64,41446.0
1251328,,SdpaDecodeDeviceOperation,64,41310.0
2299904,1,SdpaDecodeDeviceOperation,64,41237.0
1900544,1,SdpaDecodeDeviceOperation,64,41002.0
1746944,1,SdpaDecodeDeviceOperation,64,40597.0
1650688,1,MatmulDeviceOperation,64,38078.0
755712,,MatmulDeviceOperation,64,36588.0
1649664,1,LayerNormDeviceOperation,1,35625.0
754688,,LayerNormDeviceOperation,1,35266.0
2616320,,UntilizeDeviceOperation,64,29075.0
2618368,,UntilizeDeviceOperation,64,28838.0
2588672,,UntilizeDeviceOperation,64,28797.0
2622464,,UntilizeDeviceOperation,64,28696.0
2619392,,UntilizeDeviceOperation,64,28616.0
2598912,,UntilizeDeviceOperation,64,28586.0
2593792,,UntilizeDeviceOperation,64,28564.0
2612224,,UntilizeDeviceOperation,64,28556.0
2607104,,UntilizeDeviceOperation,64,28491.0
2575360,,UntilizeDeviceOperation,64,28433.0
2613248,,UntilizeDeviceOperation,64,28387.0
2591744,,UntilizeDeviceOperation,64,28375.0
2579456,,UntilizeDeviceOperation,64,28362.0
2578432,,UntilizeDeviceOperation,64,28314.0
2614272,,UntilizeDeviceOperation,64,28301.0
2592768,,UntilizeDeviceOperation,64,28221.0
2577408,,UntilizeDeviceOperation,64,28169.0
2586624,,UntilizeDeviceOperation,64,28161.0
2615296,,UntilizeDeviceOperation,64,28114.0
2623488,,UntilizeDeviceOperation,64,28114.0
2584576,,UntilizeDeviceOperation,64,28113.0
2609152,,UntilizeDeviceOperation,64,28074.0
2574336,,UntilizeDeviceOperation,64,28058.0
2600960,,UntilizeDeviceOperation,64,28056.0
2576384,,UntilizeDeviceOperation,64,28053.0
2621440,,UntilizeDeviceOperation,64,28029.0
2568192,,UntilizeDeviceOperation,64,28026.0
2594816,,UntilizeDeviceOperation,64,28004.0
2606080,,UntilizeDeviceOperation,64,27977.0
2585600,,UntilizeDeviceOperation,64,27968.0
2569216,,UntilizeDeviceOperation,64,27948.0
2570240,,UntilizeDeviceOperation,64,27919.0
2610176,,UntilizeDeviceOperation,64,27905.0
2572288,,UntilizeDeviceOperation,64,27889.0
2608128,,UntilizeDeviceOperation,64,27861.0
2596864,,UntilizeDeviceOperation,64,27839.0
2595840,,UntilizeDeviceOperation,64,27782.0
2587648,,UntilizeDeviceOperation,64,27762.0
2590720,,UntilizeDeviceOperation,64,27761.0
3072,,TilizeDeviceOperation,64,27708.0
2573312,,UntilizeDeviceOperation,64,27686.0
2605056,,UntilizeDeviceOperation,64,27598.0
2582528,,UntilizeDeviceOperation,64,27518.0
2601984,,UntilizeDeviceOperation,64,27392.0
2571264,,UntilizeDeviceOperation,64,27352.0
2617344,,UntilizeDeviceOperation,64,27345.0
2583552,,UntilizeDeviceOperation,64,27340.0
2580480,,UntilizeDeviceOperation,64,27336.0
2581504,,UntilizeDeviceOperation,64,27335.0
2620416,,UntilizeDeviceOperation,64,27268.0
56320,,TilizeDeviceOperation,64,27263.0
2611200,,UntilizeDeviceOperation,64,27213.0
2567168,,UntilizeDeviceOperation,64,27208.0
64512,,TilizeDeviceOperation,64,27169.0
2599936,,UntilizeDeviceOperation,64,27111.0
47104,,TilizeDeviceOperation,64,27068.0
2597888,,UntilizeDeviceOperation,64,27065.0
2589696,,UntilizeDeviceOperation,64,27027.0
23552,,TilizeDeviceOperation,64,27022.0
2048,,TilizeDeviceOperation,64,27021.0
35840,,TilizeDeviceOperation,64,26925.0
976896,,TernaryDeviceOperation,64,26885.0
75776,,TilizeDeviceOperation,64,26866.0
2486272,1,TernaryDeviceOperation,64,26826.0
80896,,TilizeDeviceOperation,64,26809.0
2603008,,UntilizeDeviceOperation,64,26796.0
1191936,,TernaryDeviceOperation,64,26730.0
1406976,,TernaryDeviceOperation,64,26675.0
101376,,TilizeDeviceOperation,64,26659.0
104448,,TilizeDeviceOperation,64,26648.0
14336,,TilizeDeviceOperation,64,26636.0
1284096,,TernaryDeviceOperation,64,26621.0
1345536,,TernaryDeviceOperation,64,26620.0
89088,,TilizeDeviceOperation,64,26619.0
792576,,TernaryDeviceOperation,64,26615.0
26624,,TilizeDeviceOperation,64,26613.0
31744,,TilizeDeviceOperation,64,26609.0
1529856,,TernaryDeviceOperation,64,26593.0
2086912,1,TernaryDeviceOperation,64,26589.0
946176,,TernaryDeviceOperation,64,26574.0
884736,,TernaryDeviceOperation,64,26570.0
2240512,1,TernaryDeviceOperation,64,26569.0
1314816,,TernaryDeviceOperation,64,26567.0
1499136,,TernaryDeviceOperation,64,26554.0
97280,,TilizeDeviceOperation,64,26537.0
1468416,,TernaryDeviceOperation,64,26534.0
1161216,,TernaryDeviceOperation,64,26520.0
854016,,TernaryDeviceOperation,64,26492.0
48128,,TilizeDeviceOperation,64,26483.0
1038336,,TernaryDeviceOperation,64,26463.0
1222656,,TernaryDeviceOperation,64,26462.0
1622016,,TernaryDeviceOperation,64,26442.0
1437696,,TernaryDeviceOperation,64,26431.0
1130496,,TernaryDeviceOperation,64,26424.0
2604032,,UntilizeDeviceOperation,64,26409.0
6144,,TilizeDeviceOperation,64,26398.0
1069056,,TernaryDeviceOperation,64,26395.0
76800,,TilizeDeviceOperation,64,26382.0
1253376,,TernaryDeviceOperation,64,26375.0
1560576,,TernaryDeviceOperation,64,26374.0
1376256,,TernaryDeviceOperation,64,26331.0
2424832,1,TernaryDeviceOperation,64,26330.0
823296,,TernaryDeviceOperation,64,26327.0
2332672,1,TernaryDeviceOperation,64,26276.0
1007616,,TernaryDeviceOperation,64,26265.0
1099776,,TernaryDeviceOperation,64,26260.0
2394112,1,TernaryDeviceOperation,64,26256.0
915456,,TernaryDeviceOperation,64,26249.0
1994752,1,TernaryDeviceOperation,64,26235.0
1591296,,TernaryDeviceOperation,64,26196.0
38912,,TilizeDeviceOperation,64,26160.0
2025472,1,TernaryDeviceOperation,64,26152.0
39936,,TilizeDeviceOperation,64,26147.0
68608,,TilizeDeviceOperation,64,26138.0
96256,,TilizeDeviceOperation,64,26113.0
1964032,1,TernaryDeviceOperation,64,26083.0
2516992,1,TernaryDeviceOperation,64,26072.0
2271232,1,TernaryDeviceOperation,64,26068.0
108544,,TilizeDeviceOperation,64,26065.0
2209792,1,TernaryDeviceOperation,64,26038.0
34816,,TilizeDeviceOperation,64,26028.0
19456,,TilizeDeviceOperation,64,26025.0
7168,,TilizeDeviceOperation,64,26020.0
2301952,1,TernaryDeviceOperation,64,26016.0
15360,,TilizeDeviceOperation,64,26006.0
1841152,1,TernaryDeviceOperation,64,25979.0
2363392,1,TernaryDeviceOperation,64,25977.0
92160,,TilizeDeviceOperation,64,25939.0
2179072,1,TernaryDeviceOperation,64,25912.0
27648,,TilizeDeviceOperation,64,25872.0
1810432,1,TernaryDeviceOperation,64,25854.0
93184,,TilizeDeviceOperation,64,25851.0
100352,,TilizeDeviceOperation,64,25828.0
1933312,1,TernaryDeviceOperation,64,25817.0
52224,,TilizeDeviceOperation,64,25795.0
2117632,1,TernaryDeviceOperation,64,25795.0
83968,,TilizeDeviceOperation,64,25784.0
2056192,1,TernaryDeviceOperation,64,25736.0
1718272,1,TernaryDeviceOperation,64,25691.0
1748992,1,TernaryDeviceOperation,64,25664.0
60416,,TilizeDeviceOperation,64,25538.0
2455552,1,TernaryDeviceOperation,64,25496.0
109568,,TilizeDeviceOperation,64,25489.0
105472,,TilizeDeviceOperation,64,25482.0
2148352,1,TernaryDeviceOperation,64,25447.0
63488,,TilizeDeviceOperation,64,25429.0
1779712,1,TernaryDeviceOperation,64,25423.0
1871872,1,TernaryDeviceOperation,64,25419.0
67584,,TilizeDeviceOperation,64,25418.0
51200,,TilizeDeviceOperation,64,25404.0
22528,,TilizeDeviceOperation,64,25370.0
88064,,TilizeDeviceOperation,64,25349.0
1687552,1,TernaryDeviceOperation,64,25323.0
43008,,TilizeDeviceOperation,64,25309.0
113664,,TilizeDeviceOperation,64,25278.0
1902592,1,TernaryDeviceOperation,64,25277.0
1670144,1,TernaryDeviceOperation,64,25235.0
59392,,TilizeDeviceOperation,64,25212.0
10240,,TilizeDeviceOperation,64,25184.0
79872,,TilizeDeviceOperation,64,25149.0
112640,,TilizeDeviceOperation,64,24975.0
11264,,TilizeDeviceOperation,64,24918.0
775168,,TernaryDeviceOperation,64,24894.0
72704,,TilizeDeviceOperation,64,24844.0
18432,,TilizeDeviceOperation,64,24729.0
55296,,TilizeDeviceOperation,64,24584.0
71680,,TilizeDeviceOperation,64,24558.0
44032,,TilizeDeviceOperation,64,24370.0
30720,,TilizeDeviceOperation,64,24338.0
84992,,TilizeDeviceOperation,64,24216.0
499712,,TilizeWithValPaddingDeviceOperation,1,23066.0
153600,,TilizeWithValPaddingDeviceOperation,1,23047.0
680960,,TilizeWithValPaddingDeviceOperation,1,22977.0
317440,,TilizeWithValPaddingDeviceOperation,1,22962.0
684032,,TilizeWithValPaddingDeviceOperation,1,22957.0
662528,,TilizeWithValPaddingDeviceOperation,1,22950.0
119808,,TilizeWithValPaddingDeviceOperation,1,22943.0
204800,,TilizeWithValPaddingDeviceOperation,1,22916.0
517120,,TilizeWithValPaddingDeviceOperation,1,22916.0
404480,,TilizeWithValPaddingDeviceOperation,1,22914.0
659456,,TilizeWithValPaddingDeviceOperation,1,22905.0
245760,,TilizeWithValPaddingDeviceOperation,1,22901.0
544768,,TilizeWithValPaddingDeviceOperation,1,22900.0
583680,,TilizeWithValPaddingDeviceOperation,1,22899.0
122880,,TilizeWithValPaddingDeviceOperation,1,22895.0
514048,,TilizeWithValPaddingDeviceOperation,1,22893.0
547840,,TilizeWithValPaddingDeviceOperation,1,22893.0
486400,,TilizeWithValPaddingDeviceOperation,1,22892.0
201728,,TilizeWithValPaddingDeviceOperation,1,22891.0
446464,,TilizeWithValPaddingDeviceOperation,1,22889.0
618496,,TilizeWithValPaddingDeviceOperation,1,22889.0
615424,,TilizeWithValPaddingDeviceOperation,1,22888.0
432128,,TilizeWithValPaddingDeviceOperation,1,22885.0
388096,,TilizeWithValPaddingDeviceOperation,1,22884.0
231424,,TilizeWithValPaddingDeviceOperation,1,22881.0
435200,,TilizeWithValPaddingDeviceOperation,1,22876.0
483328,,TilizeWithValPaddingDeviceOperation,1,22874.0
407552,,TilizeWithValPaddingDeviceOperation,1,22873.0
713728,,TilizeWithValPaddingDeviceOperation,1,22873.0
135168,,TilizeWithValPaddingDeviceOperation,1,22872.0
269312,,TilizeWithValPaddingDeviceOperation,1,22872.0
349184,,TilizeWithValPaddingDeviceOperation,1,22872.0
716800,,TilizeWithValPaddingDeviceOperation,1,22871.0
502784,,TilizeWithValPaddingDeviceOperation,1,22869.0
190464,,TilizeWithValPaddingDeviceOperation,1,22867.0
362496,,TilizeWithValPaddingDeviceOperation,1,22866.0
138240,,TilizeWithValPaddingDeviceOperation,1,22864.0
242688,,TilizeWithValPaddingDeviceOperation,1,22863.0
346112,,TilizeWithValPaddingDeviceOperation,1,22862.0
314368,,TilizeWithValPaddingDeviceOperation,1,22861.0
586752,,TilizeWithValPaddingDeviceOperation,1,22859.0
156672,,TilizeWithValPaddingDeviceOperation,1,22857.0
290816,,TilizeWithValPaddingDeviceOperation,1,22853.0
171008,,TilizeWithValPaddingDeviceOperation,1,22850.0
391168,,TilizeWithValPaddingDeviceOperation,1,22848.0
449536,,TilizeWithValPaddingDeviceOperation,1,22846.0
293888,,TilizeWithValPaddingDeviceOperation,1,22836.0
187392,,TilizeWithValPaddingDeviceOperation,1,22835.0
228352,,TilizeWithValPaddingDeviceOperation,1,22835.0
604160,,TilizeWithValPaddingDeviceOperation,1,22835.0
365568,,TilizeWithValPaddingDeviceOperation,1,22834.0
167936,,TilizeWithValPaddingDeviceOperation,1,22830.0
731136,,TilizeWithValPaddingDeviceOperation,1,22828.0
601088,,TilizeWithValPaddingDeviceOperation,1,22827.0
728064,,TilizeWithValPaddingDeviceOperation,1,22826.0
266240,,TilizeWithValPaddingDeviceOperation,1,22800.0
1680384,1,TilizeWithValPaddingDeviceOperation,32,22067.0
785408,,TilizeWithValPaddingDeviceOperation,32,20900.0
2308096,1,MatmulDeviceOperation,64,16677.0
752640,,ReshapeViewDeviceOperation,64,16630.0
1648640,1,EmbeddingsDeviceOperation,1,16559.0
1647616,1,ReshapeViewDeviceOperation,64,16460.0
2000896,1,MatmulDeviceOperation,64,16414.0
2461696,1,MatmulDeviceOperation,64,16391.0
1693696,1,MatmulDeviceOperation,64,16376.0
2246656,1,MatmulDeviceOperation,64,16372.0
2185216,1,MatmulDeviceOperation,64,16346.0
2093056,1,MatmulDeviceOperation,64,16340.0
2400256,1,MatmulDeviceOperation,64,16338.0
1878016,1,MatmulDeviceOperation,64,16330.0
2154496,1,MatmulDeviceOperation,64,16328.0
1816576,1,MatmulDeviceOperation,64,16327.0
2523136,1,MatmulDeviceOperation,64,16318.0
1939456,1,MatmulDeviceOperation,64,16317.0
2277376,1,MatmulDeviceOperation,64,16312.0
1847296,1,MatmulDeviceOperation,64,16307.0
1785856,1,MatmulDeviceOperation,64,16304.0
1755136,1,MatmulDeviceOperation,64,16303.0
2369536,1,MatmulDeviceOperation,64,16300.0
2123776,1,MatmulDeviceOperation,64,16290.0
2062336,1,MatmulDeviceOperation,64,16267.0
2338816,1,MatmulDeviceOperation,64,16253.0
2492416,1,MatmulDeviceOperation,64,16245.0
2430976,1,MatmulDeviceOperation,64,16241.0
2031616,1,MatmulDeviceOperation,64,16190.0
1908736,1,MatmulDeviceOperation,64,16178.0
1970176,1,MatmulDeviceOperation,64,16144.0
2215936,1,MatmulDeviceOperation,64,16135.0
1724416,1,MatmulDeviceOperation,64,16058.0
753664,,EmbeddingsDeviceOperation,1,15897.0
1212416,,RotaryEmbeddingDeviceOperation,32,15650.0
1458176,,RotaryEmbeddingDeviceOperation,32,15516.0
935936,,RotaryEmbeddingDeviceOperation,32,15504.0
1058816,,RotaryEmbeddingDeviceOperation,32,15492.0
874496,,RotaryEmbeddingDeviceOperation,32,15481.0
879616,,RotaryEmbeddingDeviceOperation,32,15418.0
910336,,RotaryEmbeddingDeviceOperation,32,15400.0
1309696,,RotaryEmbeddingDeviceOperation,32,15399.0
769024,,RotaryEmbeddingDeviceOperation,32,15395.0
1186816,,RotaryEmbeddingDeviceOperation,32,15382.0
781312,,RotaryEmbeddingDeviceOperation,32,15358.0
1033216,,RotaryEmbeddingDeviceOperation,32,15358.0
1519616,,RotaryEmbeddingDeviceOperation,32,15343.0
1340416,,RotaryEmbeddingDeviceOperation,32,15333.0
966656,,RotaryEmbeddingDeviceOperation,32,15328.0
813056,,RotaryEmbeddingDeviceOperation,32,15322.0
1120256,,RotaryEmbeddingDeviceOperation,32,15311.0
1181696,,RotaryEmbeddingDeviceOperation,32,15283.0
1628160,,MatmulDeviceOperation,64,15283.0
1586176,,RotaryEmbeddingDeviceOperation,32,15282.0
1044480,,MatmulDeviceOperation,64,15256.0
1396736,,RotaryEmbeddingDeviceOperation,32,15253.0
1273856,,RotaryEmbeddingDeviceOperation,32,15252.0
860160,,MatmulDeviceOperation,64,15247.0
941056,,RotaryEmbeddingDeviceOperation,32,15241.0
1432576,,RotaryEmbeddingDeviceOperation,32,15230.0
1550336,,RotaryEmbeddingDeviceOperation,32,15219.0
1259520,,MatmulDeviceOperation,64,15218.0
1555456,,RotaryEmbeddingDeviceOperation,32,15218.0
1616896,,RotaryEmbeddingDeviceOperation,32,15210.0
983040,,MatmulDeviceOperation,64,15196.0
1075200,,MatmulDeviceOperation,64,15193.0
1505280,,MatmulDeviceOperation,64,15175.0
1217536,,RotaryEmbeddingDeviceOperation,32,15172.0
1597440,,MatmulDeviceOperation,64,15171.0
829440,,MatmulDeviceOperation,64,15164.0
1320960,,MatmulDeviceOperation,64,15162.0
1290240,,MatmulDeviceOperation,64,15161.0
798720,,MatmulDeviceOperation,64,15160.0
1028096,,RotaryEmbeddingDeviceOperation,32,15153.0
1488896,,RotaryEmbeddingDeviceOperation,32,15153.0
1366016,,RotaryEmbeddingDeviceOperation,32,15152.0
1351680,,MatmulDeviceOperation,64,15149.0
1094656,,RotaryEmbeddingDeviceOperation,32,15136.0
1443840,,MatmulDeviceOperation,64,15136.0
1198080,,MatmulDeviceOperation,64,15135.0
1304576,,RotaryEmbeddingDeviceOperation,32,15115.0
1581056,,RotaryEmbeddingDeviceOperation,32,15092.0
1228800,,MatmulDeviceOperation,64,15091.0
1243136,,RotaryEmbeddingDeviceOperation,32,15087.0
952320,,MatmulDeviceOperation,64,15082.0
890880,,MatmulDeviceOperation,64,15081.0
997376,,RotaryEmbeddingDeviceOperation,32,15069.0
1136640,,MatmulDeviceOperation,64,15058.0
1524736,,RotaryEmbeddingDeviceOperation,32,15051.0
1536000,,MatmulDeviceOperation,64,15047.0
1013760,,MatmulDeviceOperation,64,15039.0
1105920,,MatmulDeviceOperation,64,15036.0
1167360,,MatmulDeviceOperation,64,15034.0
1089536,,RotaryEmbeddingDeviceOperation,32,15026.0
1474560,,MatmulDeviceOperation,64,15017.0
1125376,,RotaryEmbeddingDeviceOperation,32,15002.0
1566720,,MatmulDeviceOperation,64,14999.0
843776,,RotaryEmbeddingDeviceOperation,32,14985.0
921600,,MatmulDeviceOperation,64,14985.0
905216,,RotaryEmbeddingDeviceOperation,32,14982.0
1382400,,MatmulDeviceOperation,64,14979.0
1401856,,RotaryEmbeddingDeviceOperation,32,14978.0
1611776,,RotaryEmbeddingDeviceOperation,32,14973.0
1002496,,RotaryEmbeddingDeviceOperation,32,14967.0
818176,,RotaryEmbeddingDeviceOperation,32,14965.0
1248256,,RotaryEmbeddingDeviceOperation,32,14943.0
1413120,,MatmulDeviceOperation,64,14943.0
1150976,,RotaryEmbeddingDeviceOperation,32,14932.0
1463296,,RotaryEmbeddingDeviceOperation,32,14929.0
1278976,,RotaryEmbeddingDeviceOperation,32,14900.0
1063936,,RotaryEmbeddingDeviceOperation,32,14898.0
1335296,,RotaryEmbeddingDeviceOperation,32,14889.0
1427456,,RotaryEmbeddingDeviceOperation,32,14885.0
1494016,,RotaryEmbeddingDeviceOperation,32,14840.0
971776,,RotaryEmbeddingDeviceOperation,32,14836.0
1156096,,RotaryEmbeddingDeviceOperation,32,14761.0
848896,,RotaryEmbeddingDeviceOperation,32,14751.0
1371136,,RotaryEmbeddingDeviceOperation,32,14657.0
1673216,1,TilizeWithValPaddingDeviceOperation,32,14128.0
1853440,1,BinaryNgDeviceOperation,64,14106.0
2222080,1,BinaryNgDeviceOperation,64,14106.0
2467840,1,BinaryNgDeviceOperation,64,14102.0
2191360,1,BinaryNgDeviceOperation,64,14099.0
1822720,1,BinaryNgDeviceOperation,64,14096.0
1792000,1,BinaryNgDeviceOperation,64,14094.0
2529280,1,BinaryNgDeviceOperation,64,14092.0
2344960,1,BinaryNgDeviceOperation,64,14091.0
2037760,1,BinaryNgDeviceOperation,64,14088.0
2252800,1,BinaryNgDeviceOperation,64,14088.0
1884160,1,BinaryNgDeviceOperation,64,14086.0
1699840,1,BinaryNgDeviceOperation,64,14085.0
2129920,1,BinaryNgDeviceOperation,64,14085.0
2314240,1,BinaryNgDeviceOperation,64,14085.0
1945600,1,BinaryNgDeviceOperation,64,14084.0
2283520,1,BinaryNgDeviceOperation,64,14084.0
1914880,1,BinaryNgDeviceOperation,64,14081.0
2437120,1,BinaryNgDeviceOperation,64,14081.0
2160640,1,BinaryNgDeviceOperation,64,14080.0
2068480,1,BinaryNgDeviceOperation,64,14078.0
2375680,1,BinaryNgDeviceOperation,64,14076.0
2406400,1,BinaryNgDeviceOperation,64,14076.0
2007040,1,BinaryNgDeviceOperation,64,14073.0
1730560,1,BinaryNgDeviceOperation,64,14072.0
2099200,1,BinaryNgDeviceOperation,64,14071.0
1761280,1,BinaryNgDeviceOperation,64,14067.0
1976320,1,BinaryNgDeviceOperation,64,14065.0
2498560,1,BinaryNgDeviceOperation,64,14055.0
927744,,BinaryNgDeviceOperation,64,14014.0
1112064,,BinaryNgDeviceOperation,64,14012.0
1142784,,BinaryNgDeviceOperation,64,14012.0
866304,,BinaryNgDeviceOperation,64,14000.0
1050624,,BinaryNgDeviceOperation,64,13996.0
1357824,,BinaryNgDeviceOperation,64,13996.0
1603584,,BinaryNgDeviceOperation,64,13996.0
1234944,,BinaryNgDeviceOperation,64,13994.0
958464,,BinaryNgDeviceOperation,64,13989.0
989184,,BinaryNgDeviceOperation,64,13988.0
1081344,,BinaryNgDeviceOperation,64,13987.0
1542144,,BinaryNgDeviceOperation,64,13987.0
1296384,,BinaryNgDeviceOperation,64,13984.0
1388544,,BinaryNgDeviceOperation,64,13984.0
1572864,,BinaryNgDeviceOperation,64,13980.0
835584,,BinaryNgDeviceOperation,64,13979.0
1173504,,BinaryNgDeviceOperation,64,13979.0
804864,,BinaryNgDeviceOperation,64,13978.0
897024,,BinaryNgDeviceOperation,64,13978.0
1449984,,BinaryNgDeviceOperation,64,13977.0
1480704,,BinaryNgDeviceOperation,64,13974.0
1204224,,BinaryNgDeviceOperation,64,13973.0
1327104,,BinaryNgDeviceOperation,64,13971.0
1019904,,BinaryNgDeviceOperation,64,13970.0
1634304,,BinaryNgDeviceOperation,64,13968.0
778240,,TilizeWithValPaddingDeviceOperation,32,13966.0
1419264,,BinaryNgDeviceOperation,64,13966.0
1511424,,BinaryNgDeviceOperation,64,13963.0
1265664,,BinaryNgDeviceOperation,64,13959.0
563200,,SliceDeviceOperation,64,13754.0
528384,,SliceDeviceOperation,64,13319.0
2511872,1,RotaryEmbeddingDeviceOperation,32,13311.0
308224,,SliceDeviceOperation,64,13283.0
1769472,1,RotaryEmbeddingDeviceOperation,32,13282.0
1989632,1,RotaryEmbeddingDeviceOperation,32,13243.0
464896,,SliceDeviceOperation,64,13222.0
260096,,SliceDeviceOperation,64,13142.0
1774592,1,RotaryEmbeddingDeviceOperation,32,13084.0
695296,,SliceDeviceOperation,64,13056.0
2419712,1,RotaryEmbeddingDeviceOperation,32,13011.0
2481152,1,RotaryEmbeddingDeviceOperation,32,13011.0
1897472,1,RotaryEmbeddingDeviceOperation,32,12985.0
1676288,1,RotaryEmbeddingDeviceOperation,32,12983.0
700416,,SliceDeviceOperation,64,12970.0
675840,,SliceDeviceOperation,64,12953.0
2414592,1,RotaryEmbeddingDeviceOperation,32,12921.0
1953792,1,RotaryEmbeddingDeviceOperation,32,12916.0
2204672,1,RotaryEmbeddingDeviceOperation,32,12896.0
281600,,SliceDeviceOperation,64,12884.0
417792,,SliceDeviceOperation,64,12840.0
378880,,SliceDeviceOperation,64,12823.0
280576,,SliceDeviceOperation,64,12816.0
537600,,SliceDeviceOperation,64,12813.0
304128,,SliceDeviceOperation,64,12812.0
180224,,SliceDeviceOperation,64,12806.0
1861632,1,RotaryEmbeddingDeviceOperation,32,12801.0
532480,,SliceDeviceOperation,64,12791.0
334848,,SliceDeviceOperation,64,12772.0
340992,,SliceDeviceOperation,64,12754.0
181248,,SliceDeviceOperation,64,12739.0
148480,,SliceDeviceOperation,64,12731.0
416768,,SliceDeviceOperation,64,12731.0
377856,,SliceDeviceOperation,64,12730.0
223232,,SliceDeviceOperation,64,12726.0
305152,,SliceDeviceOperation,64,12723.0
1664000,1,RotaryEmbeddingDeviceOperation,32,12720.0
573440,,SliceDeviceOperation,64,12716.0
643072,,SliceDeviceOperation,64,12700.0
1743872,1,RotaryEmbeddingDeviceOperation,32,12699.0
309248,,SliceDeviceOperation,64,12688.0
2291712,1,RotaryEmbeddingDeviceOperation,32,12672.0
696320,,SliceDeviceOperation,64,12671.0
382976,,SliceDeviceOperation,64,12637.0
475136,,SliceDeviceOperation,64,12634.0
699392,,SliceDeviceOperation,64,12631.0
637952,,SliceDeviceOperation,64,12630.0
536576,,SliceDeviceOperation,64,12619.0
2296832,1,RotaryEmbeddingDeviceOperation,32,12614.0
1836032,1,RotaryEmbeddingDeviceOperation,32,12587.0
2266112,1,RotaryEmbeddingDeviceOperation,32,12582.0
1738752,1,RotaryEmbeddingDeviceOperation,32,12578.0
531456,,SliceDeviceOperation,64,12573.0
2020352,1,RotaryEmbeddingDeviceOperation,32,12560.0
2051072,1,RotaryEmbeddingDeviceOperation,32,12552.0
1713152,1,RotaryEmbeddingDeviceOperation,32,12541.0
2045952,1,RotaryEmbeddingDeviceOperation,32,12538.0
631808,,SliceDeviceOperation,64,12532.0
2322432,1,RotaryEmbeddingDeviceOperation,32,12532.0
1928192,1,RotaryEmbeddingDeviceOperation,32,12517.0
333824,,SliceDeviceOperation,64,12516.0
1958912,1,RotaryEmbeddingDeviceOperation,32,12507.0
2388992,1,RotaryEmbeddingDeviceOperation,32,12470.0
476160,,SliceDeviceOperation,64,12451.0
2064384,1,LayerNormDeviceOperation,48,12449.0
1726464,1,LayerNormDeviceOperation,48,12436.0
423936,,SliceDeviceOperation,64,12419.0
2173952,1,RotaryEmbeddingDeviceOperation,32,12387.0
708608,,SliceDeviceOperation,64,12361.0
1866752,1,RotaryEmbeddingDeviceOperation,32,12356.0
2138112,1,RotaryEmbeddingDeviceOperation,32,12348.0
470016,,SliceDeviceOperation,64,12331.0
2081792,1,RotaryEmbeddingDeviceOperation,32,12322.0
2433024,1,LayerNormDeviceOperation,48,12271.0
1708032,1,RotaryEmbeddingDeviceOperation,32,12267.0
1818624,1,LayerNormDeviceOperation,48,12244.0
381952,,SliceDeviceOperation,64,12241.0
572416,,SliceDeviceOperation,64,12227.0
222208,,SliceDeviceOperation,64,12210.0
1941504,1,LayerNormDeviceOperation,48,12210.0
463872,,SliceDeviceOperation,64,12205.0
2168832,1,RotaryEmbeddingDeviceOperation,32,12199.0
2402304,1,LayerNormDeviceOperation,48,12199.0
2310144,1,LayerNormDeviceOperation,48,12194.0
2450432,1,RotaryEmbeddingDeviceOperation,32,12190.0
2279424,1,LayerNormDeviceOperation,48,12186.0
2187264,1,LayerNormDeviceOperation,48,12185.0
562176,,SliceDeviceOperation,64,12179.0
1757184,1,LayerNormDeviceOperation,48,12173.0
527360,,SliceDeviceOperation,64,12171.0
1910784,1,LayerNormDeviceOperation,48,12163.0
2235392,1,RotaryEmbeddingDeviceOperation,32,12157.0
1787904,1,LayerNormDeviceOperation,48,12152.0
2033664,1,LayerNormDeviceOperation,48,12150.0
2383872,1,RotaryEmbeddingDeviceOperation,32,12134.0
2156544,1,LayerNormDeviceOperation,48,12119.0
147456,,SliceDeviceOperation,64,12115.0
2112512,1,RotaryEmbeddingDeviceOperation,32,12099.0
1830912,1,RotaryEmbeddingDeviceOperation,32,12094.0
468992,,SliceDeviceOperation,64,12082.0
2327552,1,RotaryEmbeddingDeviceOperation,32,12067.0
1923072,1,RotaryEmbeddingDeviceOperation,32,12031.0
339968,,SliceDeviceOperation,64,12025.0
2506752,1,RotaryEmbeddingDeviceOperation,32,12023.0
2217984,1,LayerNormDeviceOperation,48,12009.0
2230272,1,RotaryEmbeddingDeviceOperation,32,11991.0
2476032,1,RotaryEmbeddingDeviceOperation,32,11990.0
1849344,1,LayerNormDeviceOperation,48,11989.0
2371584,1,LayerNormDeviceOperation,48,11976.0
2463744,1,LayerNormDeviceOperation,48,11951.0
1880064,1,LayerNormDeviceOperation,48,11928.0
707584,,SliceDeviceOperation,64,11924.0
2525184,1,LayerNormDeviceOperation,48,11915.0
2248704,1,LayerNormDeviceOperation,48,11888.0
2494464,1,LayerNormDeviceOperation,48,11885.0
2125824,1,LayerNormDeviceOperation,48,11872.0
2260992,1,RotaryEmbeddingDeviceOperation,32,11867.0
2095104,1,LayerNormDeviceOperation,48,11862.0
642048,,SliceDeviceOperation,64,11860.0
1695744,1,LayerNormDeviceOperation,48,11820.0
1972224,1,LayerNormDeviceOperation,48,11810.0
2340864,1,LayerNormDeviceOperation,48,11807.0
2002944,1,LayerNormDeviceOperation,48,11801.0
1805312,1,RotaryEmbeddingDeviceOperation,32,11791.0
2164736,1,LayerNormDeviceOperation,48,11779.0
2076672,1,RotaryEmbeddingDeviceOperation,32,11777.0
2041856,1,LayerNormDeviceOperation,48,11775.0
2410496,1,LayerNormDeviceOperation,48,11762.0
2318336,1,LayerNormDeviceOperation,48,11759.0
2195456,1,LayerNormDeviceOperation,48,11757.0
1888256,1,LayerNormDeviceOperation,48,11756.0
2015232,1,RotaryEmbeddingDeviceOperation,32,11756.0
1734656,1,LayerNormDeviceOperation,48,11751.0
2072576,1,LayerNormDeviceOperation,48,11749.0
2287616,1,LayerNormDeviceOperation,48,11747.0
1949696,1,LayerNormDeviceOperation,48,11744.0
2256896,1,LayerNormDeviceOperation,48,11744.0
2134016,1,LayerNormDeviceOperation,48,11739.0
2502656,1,LayerNormDeviceOperation,48,11735.0
2107392,1,RotaryEmbeddingDeviceOperation,32,11730.0
1918976,1,LayerNormDeviceOperation,48,11728.0
2441216,1,LayerNormDeviceOperation,48,11727.0
2445312,1,RotaryEmbeddingDeviceOperation,32,11722.0
2379776,1,LayerNormDeviceOperation,48,11720.0
1796096,1,LayerNormDeviceOperation,48,11719.0
1703936,1,LayerNormDeviceOperation,48,11710.0
2011136,1,LayerNormDeviceOperation,48,11709.0
1826816,1,LayerNormDeviceOperation,48,11706.0
1765376,1,LayerNormDeviceOperation,48,11705.0
630784,,SliceDeviceOperation,64,11690.0
2533376,1,LayerNormDeviceOperation,48,11689.0
2143232,1,RotaryEmbeddingDeviceOperation,32,11649.0
636928,,SliceDeviceOperation,64,11641.0
259072,,SliceDeviceOperation,64,11620.0
422912,,SliceDeviceOperation,64,11599.0
1984512,1,RotaryEmbeddingDeviceOperation,32,11582.0
909312,,PagedUpdateCacheDeviceOperation,32,11566.0
674816,,SliceDeviceOperation,64,11541.0
1800192,1,RotaryEmbeddingDeviceOperation,32,11540.0
2358272,1,RotaryEmbeddingDeviceOperation,32,11513.0
2199552,1,RotaryEmbeddingDeviceOperation,32,11454.0
1892352,1,RotaryEmbeddingDeviceOperation,32,11410.0
789504,,FillPadDeviceOperation,64,11206.0
2353152,1,RotaryEmbeddingDeviceOperation,32,11082.0
1554432,,PagedUpdateCacheDeviceOperation,32,11072.0
1119232,,PagedUpdateCacheDeviceOperation,32,11005.0
2510848,1,PagedUpdateCacheDeviceOperation,32,10886.0
1684480,1,FillPadDeviceOperation,64,10858.0
817152,,PagedUpdateCacheDeviceOperation,32,10838.0
1457152,,PagedUpdateCacheDeviceOperation,32,10804.0
1492992,,PagedUpdateCacheDeviceOperation,32,10780.0
1032192,,PagedUpdateCacheDeviceOperation,32,10735.0
1062912,,PagedUpdateCacheDeviceOperation,32,10721.0
873472,,PagedUpdateCacheDeviceOperation,32,10680.0
970752,,PagedUpdateCacheDeviceOperation,32,10529.0
996352,,PagedUpdateCacheDeviceOperation,32,10503.0
1518592,,PagedUpdateCacheDeviceOperation,32,10489.0
1980416,1,LayerNormDeviceOperation,48,10456.0
1857536,1,LayerNormDeviceOperation,48,10436.0
2475008,1,PagedUpdateCacheDeviceOperation,32,10435.0
1200128,,LayerNormDeviceOperation,48,10430.0
1169408,,LayerNormDeviceOperation,48,10427.0
1484800,,LayerNormDeviceOperation,48,10427.0
1423360,,LayerNormDeviceOperation,48,10423.0
985088,,LayerNormDeviceOperation,48,10422.0
962560,,LayerNormDeviceOperation,48,10421.0
1269760,,LayerNormDeviceOperation,48,10421.0
2349056,1,LayerNormDeviceOperation,48,10421.0
993280,,LayerNormDeviceOperation,48,10419.0
2471936,1,LayerNormDeviceOperation,48,10419.0
1177600,,LayerNormDeviceOperation,48,10418.0
2226176,1,LayerNormDeviceOperation,48,10418.0
923648,,LayerNormDeviceOperation,48,10417.0
1054720,,LayerNormDeviceOperation,48,10416.0
1239040,,LayerNormDeviceOperation,48,10416.0
1292288,,LayerNormDeviceOperation,48,10416.0
1230848,,LayerNormDeviceOperation,48,10414.0
862208,,LayerNormDeviceOperation,48,10413.0
1015808,,LayerNormDeviceOperation,48,10413.0
1638400,,LayerNormDeviceOperation,48,10413.0
931840,,LayerNormDeviceOperation,48,10410.0
1454080,,LayerNormDeviceOperation,48,10410.0
1515520,,LayerNormDeviceOperation,48,10410.0
839680,,LayerNormDeviceOperation,48,10407.0
1261568,,LayerNormDeviceOperation,48,10407.0
1208320,,LayerNormDeviceOperation,48,10406.0
1607680,,LayerNormDeviceOperation,48,10406.0
831488,,LayerNormDeviceOperation,48,10403.0
1331200,,LayerNormDeviceOperation,48,10403.0
1116160,,LayerNormDeviceOperation,48,10402.0
1361920,,LayerNormDeviceOperation,48,10402.0
2103296,1,LayerNormDeviceOperation,48,10402.0
800768,,LayerNormDeviceOperation,48,10401.0
870400,,LayerNormDeviceOperation,48,10401.0
901120,,LayerNormDeviceOperation,48,10401.0
1353728,,LayerNormDeviceOperation,48,10401.0
1546240,,LayerNormDeviceOperation,48,10399.0
1507328,,LayerNormDeviceOperation,48,10398.0
1046528,,LayerNormDeviceOperation,48,10397.0
1538048,,LayerNormDeviceOperation,48,10397.0
1300480,,LayerNormDeviceOperation,48,10396.0
1576960,,LayerNormDeviceOperation,48,10396.0
1445888,,LayerNormDeviceOperation,48,10394.0
1085440,,LayerNormDeviceOperation,48,10393.0
1392640,,LayerNormDeviceOperation,48,10390.0
1599488,,LayerNormDeviceOperation,48,10390.0
1146880,,LayerNormDeviceOperation,48,10386.0
892928,,LayerNormDeviceOperation,48,10385.0
1384448,,LayerNormDeviceOperation,48,10384.0
1476608,,LayerNormDeviceOperation,48,10384.0
1630208,,LayerNormDeviceOperation,48,10384.0
954368,,LayerNormDeviceOperation,48,10383.0
1077248,,LayerNormDeviceOperation,48,10383.0
1323008,,LayerNormDeviceOperation,48,10383.0
1768448,1,PagedUpdateCacheDeviceOperation,32,10382.0
1415168,,LayerNormDeviceOperation,48,10380.0
1138688,,LayerNormDeviceOperation,48,10378.0
1107968,,LayerNormDeviceOperation,48,10377.0
808960,,LayerNormDeviceOperation,48,10372.0
1024000,,LayerNormDeviceOperation,48,10372.0
1568768,,LayerNormDeviceOperation,48,10354.0
1242112,,PagedUpdateCacheDeviceOperation,32,10295.0
2413568,1,PagedUpdateCacheDeviceOperation,32,10292.0
1829888,1,PagedUpdateCacheDeviceOperation,32,10266.0
1339392,,PagedUpdateCacheDeviceOperation,32,10223.0
1615872,,PagedUpdateCacheDeviceOperation,32,10201.0
842752,,PagedUpdateCacheDeviceOperation,32,10187.0
2387968,1,PagedUpdateCacheDeviceOperation,32,10162.0
1431552,,PagedUpdateCacheDeviceOperation,32,10105.0
1927168,1,PagedUpdateCacheDeviceOperation,32,10076.0
2014208,1,PagedUpdateCacheDeviceOperation,32,10060.0
878592,,PagedUpdateCacheDeviceOperation,32,10026.0
2444288,1,PagedUpdateCacheDeviceOperation,32,10004.0
1149952,,PagedUpdateCacheDeviceOperation,32,9940.0
812032,,PagedUpdateCacheDeviceOperation,32,9925.0
1860608,1,PagedUpdateCacheDeviceOperation,32,9903.0
1057792,,PagedUpdateCacheDeviceOperation,32,9873.0
1093632,,PagedUpdateCacheDeviceOperation,32,9869.0
1585152,,PagedUpdateCacheDeviceOperation,32,9869.0
904192,,PagedUpdateCacheDeviceOperation,32,9846.0
2321408,1,PagedUpdateCacheDeviceOperation,32,9838.0
1370112,,PagedUpdateCacheDeviceOperation,32,9836.0
1088512,,PagedUpdateCacheDeviceOperation,32,9832.0
1027072,,PagedUpdateCacheDeviceOperation,32,9801.0
2504704,1,NLPCreateQKVHeadsDecodeDeviceOperation,32,9783.0
2172928,1,PagedUpdateCacheDeviceOperation,32,9782.0
2080768,1,PagedUpdateCacheDeviceOperation,32,9778.0
1308672,,PagedUpdateCacheDeviceOperation,32,9769.0
1773568,1,PagedUpdateCacheDeviceOperation,32,9748.0
1580032,,PagedUpdateCacheDeviceOperation,32,9744.0
2265088,1,PagedUpdateCacheDeviceOperation,32,9726.0
1211392,,PagedUpdateCacheDeviceOperation,32,9722.0
772096,,PagedUpdateCacheDeviceOperation,32,9715.0
2167808,1,PagedUpdateCacheDeviceOperation,32,9709.0
1712128,1,PagedUpdateCacheDeviceOperation,32,9706.0
1922048,1,PagedUpdateCacheDeviceOperation,32,9706.0
1523712,,PagedUpdateCacheDeviceOperation,32,9696.0
1736704,1,NLPCreateQKVHeadsDecodeDeviceOperation,32,9691.0
1651712,1,NLPCreateQKVHeadsDecodeDeviceOperation,32,9679.0
1737728,1,PagedUpdateCacheDeviceOperation,32,9657.0
1988608,1,PagedUpdateCacheDeviceOperation,32,9655.0
1653760,1,PagedUpdateCacheDeviceOperation,32,9597.0
2142208,1,PagedUpdateCacheDeviceOperation,32,9583.0
1487872,,PagedUpdateCacheDeviceOperation,32,9560.0
1952768,1,PagedUpdateCacheDeviceOperation,32,9553.0
1180672,,PagedUpdateCacheDeviceOperation,32,9541.0
934912,,PagedUpdateCacheDeviceOperation,32,9527.0
1155072,,PagedUpdateCacheDeviceOperation,32,9506.0
1610752,,PagedUpdateCacheDeviceOperation,32,9469.0
1334272,,PagedUpdateCacheDeviceOperation,32,9445.0
2203648,1,PagedUpdateCacheDeviceOperation,32,9442.0
2111488,1,PagedUpdateCacheDeviceOperation,32,9437.0
791552,,BinaryNgDeviceOperation,64,9427.0
2382848,1,PagedUpdateCacheDeviceOperation,32,9415.0
2418688,1,PagedUpdateCacheDeviceOperation,32,9409.0
1462272,,PagedUpdateCacheDeviceOperation,32,9403.0
1426432,,PagedUpdateCacheDeviceOperation,32,9393.0
1277952,,PagedUpdateCacheDeviceOperation,32,9383.0
1216512,,PagedUpdateCacheDeviceOperation,32,9381.0
1891328,1,PagedUpdateCacheDeviceOperation,32,9375.0
1799168,1,PagedUpdateCacheDeviceOperation,32,9373.0
758784,,PagedUpdateCacheDeviceOperation,32,9364.0
847872,,PagedUpdateCacheDeviceOperation,32,9355.0
940032,,PagedUpdateCacheDeviceOperation,32,9312.0
1001472,,PagedUpdateCacheDeviceOperation,32,9311.0
1667072,1,PagedUpdateCacheDeviceOperation,32,9299.0
2290688,1,PagedUpdateCacheDeviceOperation,32,9269.0
1707008,1,PagedUpdateCacheDeviceOperation,32,9259.0
1686528,1,BinaryNgDeviceOperation,64,9252.0
965632,,PagedUpdateCacheDeviceOperation,32,9247.0
2449408,1,PagedUpdateCacheDeviceOperation,32,9243.0
2295808,1,PagedUpdateCacheDeviceOperation,32,9226.0
1185792,,PagedUpdateCacheDeviceOperation,32,9208.0
2106368,1,PagedUpdateCacheDeviceOperation,32,9199.0
1364992,,PagedUpdateCacheDeviceOperation,32,9187.0
1395712,,PagedUpdateCacheDeviceOperation,32,9187.0
756736,,NLPCreateQKVHeadsDecodeDeviceOperation,32,9178.0
1983488,1,PagedUpdateCacheDeviceOperation,32,9177.0
1425408,,NLPCreateQKVHeadsDecodeDeviceOperation,32,9162.0
1896448,1,PagedUpdateCacheDeviceOperation,32,9161.0
1400832,,PagedUpdateCacheDeviceOperation,32,9160.0
2044928,1,PagedUpdateCacheDeviceOperation,32,9142.0
1272832,,PagedUpdateCacheDeviceOperation,32,9139.0
1609728,,NLPCreateQKVHeadsDecodeDeviceOperation,32,9132.0
1486848,,NLPCreateQKVHeadsDecodeDeviceOperation,32,9119.0
1179648,,NLPCreateQKVHeadsDecodeDeviceOperation,32,9073.0
2019328,1,PagedUpdateCacheDeviceOperation,32,9067.0
1549312,,PagedUpdateCacheDeviceOperation,32,9047.0
1957888,1,PagedUpdateCacheDeviceOperation,32,9027.0
933888,,NLPCreateQKVHeadsDecodeDeviceOperation,32,9026.0
811008,,NLPCreateQKVHeadsDecodeDeviceOperation,32,9024.0
1247232,,PagedUpdateCacheDeviceOperation,32,9021.0
1333248,,NLPCreateQKVHeadsDecodeDeviceOperation,32,9016.0
903168,,NLPCreateQKVHeadsDecodeDeviceOperation,32,9005.0
2197504,1,NLPCreateQKVHeadsDecodeDeviceOperation,32,9001.0
1579008,,NLPCreateQKVHeadsDecodeDeviceOperation,32,8980.0
2050048,1,PagedUpdateCacheDeviceOperation,32,8965.0
1241088,,NLPCreateQKVHeadsDecodeDeviceOperation,32,8963.0
1302528,,NLPCreateQKVHeadsDecodeDeviceOperation,32,8961.0
1118208,,NLPCreateQKVHeadsDecodeDeviceOperation,32,8953.0
1210368,,NLPCreateQKVHeadsDecodeDeviceOperation,32,8941.0
995328,,NLPCreateQKVHeadsDecodeDeviceOperation,32,8939.0
1742848,1,PagedUpdateCacheDeviceOperation,32,8938.0
964608,,NLPCreateQKVHeadsDecodeDeviceOperation,32,8930.0
2480128,1,PagedUpdateCacheDeviceOperation,32,8926.0
1124352,,PagedUpdateCacheDeviceOperation,32,8922.0
1026048,,NLPCreateQKVHeadsDecodeDeviceOperation,32,8909.0
1087488,,NLPCreateQKVHeadsDecodeDeviceOperation,32,8902.0
1835008,1,PagedUpdateCacheDeviceOperation,32,8899.0
2326528,1,PagedUpdateCacheDeviceOperation,32,8894.0
1548288,,NLPCreateQKVHeadsDecodeDeviceOperation,32,8863.0
1148928,,NLPCreateQKVHeadsDecodeDeviceOperation,32,8861.0
2105344,1,NLPCreateQKVHeadsDecodeDeviceOperation,32,8850.0
872448,,NLPCreateQKVHeadsDecodeDeviceOperation,32,8840.0
1798144,1,NLPCreateQKVHeadsDecodeDeviceOperation,32,8824.0
1394688,,NLPCreateQKVHeadsDecodeDeviceOperation,32,8822.0
841728,,NLPCreateQKVHeadsDecodeDeviceOperation,32,8814.0
1859584,1,NLPCreateQKVHeadsDecodeDeviceOperation,32,8802.0
2137088,1,PagedUpdateCacheDeviceOperation,32,8787.0
2075648,1,PagedUpdateCacheDeviceOperation,32,8763.0
1982464,1,NLPCreateQKVHeadsDecodeDeviceOperation,32,8755.0
1517568,,NLPCreateQKVHeadsDecodeDeviceOperation,32,8748.0
2352128,1,PagedUpdateCacheDeviceOperation,32,8745.0
1767424,1,NLPCreateQKVHeadsDecodeDeviceOperation,32,8743.0
2043904,1,NLPCreateQKVHeadsDecodeDeviceOperation,32,8738.0
1363968,,NLPCreateQKVHeadsDecodeDeviceOperation,32,8724.0
2198528,1,PagedUpdateCacheDeviceOperation,32,8723.0
1271808,,NLPCreateQKVHeadsDecodeDeviceOperation,32,8721.0
2351104,1,NLPCreateQKVHeadsDecodeDeviceOperation,32,8720.0
1056768,,NLPCreateQKVHeadsDecodeDeviceOperation,32,8714.0
1303552,,PagedUpdateCacheDeviceOperation,32,8695.0
2412544,1,NLPCreateQKVHeadsDecodeDeviceOperation,32,8672.0
1921024,1,NLPCreateQKVHeadsDecodeDeviceOperation,32,8665.0
2136064,1,NLPCreateQKVHeadsDecodeDeviceOperation,32,8642.0
2258944,1,NLPCreateQKVHeadsDecodeDeviceOperation,32,8641.0
1890304,1,NLPCreateQKVHeadsDecodeDeviceOperation,32,8639.0
2473984,1,NLPCreateQKVHeadsDecodeDeviceOperation,32,8633.0
1456128,,NLPCreateQKVHeadsDecodeDeviceOperation,32,8631.0
1951744,1,NLPCreateQKVHeadsDecodeDeviceOperation,32,8631.0
1705984,1,NLPCreateQKVHeadsDecodeDeviceOperation,32,8630.0
2229248,1,PagedUpdateCacheDeviceOperation,32,8620.0
2381824,1,NLPCreateQKVHeadsDecodeDeviceOperation,32,8618.0
2289664,1,NLPCreateQKVHeadsDecodeDeviceOperation,32,8614.0
2013184,1,NLPCreateQKVHeadsDecodeDeviceOperation,32,8601.0
1828864,1,NLPCreateQKVHeadsDecodeDeviceOperation,32,8590.0
2228224,1,NLPCreateQKVHeadsDecodeDeviceOperation,32,8566.0
2074624,1,NLPCreateQKVHeadsDecodeDeviceOperation,32,8559.0
2443264,1,NLPCreateQKVHeadsDecodeDeviceOperation,32,8554.0
2166784,1,NLPCreateQKVHeadsDecodeDeviceOperation,32,8552.0
2320384,1,NLPCreateQKVHeadsDecodeDeviceOperation,32,8548.0
1804288,1,PagedUpdateCacheDeviceOperation,32,8489.0
2259968,1,PagedUpdateCacheDeviceOperation,32,8408.0
2357248,1,PagedUpdateCacheDeviceOperation,32,8340.0
525312,,TilizeWithValPaddingDeviceOperation,32,8312.0
457728,,TilizeWithValPaddingDeviceOperation,32,8276.0
2505728,1,PagedUpdateCacheDeviceOperation,32,8265.0
510976,,TilizeWithValPaddingDeviceOperation,32,8264.0
325632,,TilizeWithValPaddingDeviceOperation,32,8218.0
1865728,1,PagedUpdateCacheDeviceOperation,32,8193.0
239616,,TilizeWithValPaddingDeviceOperation,32,8164.0
399360,,TilizeWithValPaddingDeviceOperation,32,8163.0
783360,,UntilizeWithUnpaddingDeviceOperation,32,8163.0
131072,,TilizeWithValPaddingDeviceOperation,32,8125.0
739328,,TilizeWithValPaddingDeviceOperation,32,8115.0
2234368,1,PagedUpdateCacheDeviceOperation,32,8113.0
164864,,TilizeWithValPaddingDeviceOperation,32,8108.0
277504,,TilizeWithValPaddingDeviceOperation,32,8078.0
415744,,TilizeWithValPaddingDeviceOperation,32,8070.0
670720,,TilizeWithValPaddingDeviceOperation,32,8048.0
212992,,TilizeWithValPaddingDeviceOperation,32,8039.0
302080,,TilizeWithValPaddingDeviceOperation,32,8024.0
556032,,TilizeWithValPaddingDeviceOperation,32,8017.0
198656,,TilizeWithValPaddingDeviceOperation,32,8015.0
253952,,TilizeWithValPaddingDeviceOperation,32,8015.0
443392,,TilizeWithValPaddingDeviceOperation,32,7999.0
494592,,TilizeWithValPaddingDeviceOperation,32,7999.0
612352,,TilizeWithValPaddingDeviceOperation,32,7998.0
626688,,TilizeWithValPaddingDeviceOperation,32,7992.0
692224,,TilizeWithValPaddingDeviceOperation,32,7956.0
790528,,ReduceDeviceOperation,32,7948.0
146432,,TilizeWithValPaddingDeviceOperation,32,7914.0
373760,,TilizeWithValPaddingDeviceOperation,32,7905.0
724992,,TilizeWithValPaddingDeviceOperation,32,7863.0
179200,,TilizeWithValPaddingDeviceOperation,32,7855.0
357376,,TilizeWithValPaddingDeviceOperation,32,7848.0
594944,,TilizeWithValPaddingDeviceOperation,32,7827.0
1685504,1,ReduceDeviceOperation,32,7628.0
1840128,1,TypecastDeviceOperation,64,7337.0
2423808,1,TypecastDeviceOperation,64,6982.0
1678336,1,UntilizeWithUnpaddingDeviceOperation,32,6926.0
1668096,1,TilizeWithValPaddingDeviceOperation,1,6795.0
2024448,1,TypecastDeviceOperation,64,6751.0
1328128,,ReshardDeviceOperation,8,6704.0
1436672,,TypecastDeviceOperation,64,6690.0
1644544,1,TilizeWithValPaddingDeviceOperation,1,6658.0
1655808,1,TilizeWithValPaddingDeviceOperation,1,6627.0
747520,,TilizeWithValPaddingDeviceOperation,1,6625.0
1778688,1,TypecastDeviceOperation,64,6575.0
1642496,1,TilizeWithValPaddingDeviceOperation,1,6565.0
2333696,1,TypecastDeviceOperation,64,6523.0
2270208,1,TypecastDeviceOperation,64,6496.0
749568,,TilizeWithValPaddingDeviceOperation,1,6485.0
773120,,TilizeWithValPaddingDeviceOperation,1,6462.0
760832,,TilizeWithValPaddingDeviceOperation,1,6437.0
1963008,1,TypecastDeviceOperation,64,6435.0
2331648,1,TypecastDeviceOperation,64,6435.0
1254400,,TypecastDeviceOperation,64,6418.0
1993728,1,TypecastDeviceOperation,64,6400.0
916480,,TypecastDeviceOperation,64,6395.0
2085888,1,TypecastDeviceOperation,64,6380.0
2362368,1,TypecastDeviceOperation,64,6368.0
1901568,1,TypecastDeviceOperation,64,6360.0
2116608,1,TypecastDeviceOperation,64,6357.0
1559552,,TypecastDeviceOperation,64,6325.0
822272,,TypecastDeviceOperation,64,6304.0
1683456,1,TypecastDeviceOperation,64,6301.0
1205248,,ReshardDeviceOperation,8,6299.0
1131520,,TypecastDeviceOperation,64,6280.0
1223680,,TypecastDeviceOperation,64,6259.0
1870848,1,TypecastDeviceOperation,64,6255.0
1420288,,ReshardDeviceOperation,8,6238.0
1375232,,TypecastDeviceOperation,64,6237.0
1100800,,TypecastDeviceOperation,64,6236.0
1008640,,TypecastDeviceOperation,64,6233.0
1389568,,ReshardDeviceOperation,8,6225.0
1143808,,ReshardDeviceOperation,8,6218.0
1221632,,TypecastDeviceOperation,64,6203.0
786432,,TypecastDeviceOperation,64,6175.0
1266688,,ReshardDeviceOperation,8,6170.0
2147328,1,TypecastDeviceOperation,64,6162.0
914432,,TypecastDeviceOperation,64,6159.0
883712,,TypecastDeviceOperation,64,6157.0
1688576,1,TypecastDeviceOperation,64,6156.0
1635328,,ReshardDeviceOperation,8,6150.0
1313792,,TypecastDeviceOperation,64,6147.0
824320,,TypecastDeviceOperation,64,6143.0
1438720,,TypecastDeviceOperation,64,6130.0
2241536,1,TypecastDeviceOperation,64,6119.0
1358848,,ReshardDeviceOperation,8,6112.0
2223104,1,ReshardDeviceOperation,8,6108.0
945152,,TypecastDeviceOperation,64,6104.0
1604608,,ReshardDeviceOperation,8,6096.0
1297408,,ReshardDeviceOperation,8,6093.0
1823744,1,ReshardDeviceOperation,8,6092.0
1082368,,ReshardDeviceOperation,8,6089.0
1020928,,ReshardDeviceOperation,8,6085.0
836608,,ReshardDeviceOperation,8,6081.0
2055168,1,TypecastDeviceOperation,64,6079.0
2468864,1,ReshardDeviceOperation,8,6074.0
1592320,,TypecastDeviceOperation,64,6071.0
2485248,1,TypecastDeviceOperation,64,6067.0
1098752,,TypecastDeviceOperation,64,6066.0
1451008,,ReshardDeviceOperation,8,6064.0
2208768,1,TypecastDeviceOperation,64,6060.0
1903616,1,TypecastDeviceOperation,64,6050.0
1623040,,TypecastDeviceOperation,64,6049.0
1344512,,TypecastDeviceOperation,64,6044.0
898048,,ReshardDeviceOperation,8,6038.0
1051648,,ReshardDeviceOperation,8,6035.0
852992,,TypecastDeviceOperation,64,6030.0
1346560,,TypecastDeviceOperation,64,6027.0
1174528,,ReshardDeviceOperation,8,6023.0
2210816,1,TypecastDeviceOperation,64,6015.0
788480,,TypecastDeviceOperation,64,6013.0
1283072,,TypecastDeviceOperation,64,6009.0
2272256,1,TypecastDeviceOperation,64,6008.0
2300928,1,TypecastDeviceOperation,64,5997.0
1530880,,TypecastDeviceOperation,64,5989.0
1377280,,TypecastDeviceOperation,64,5977.0
2302976,1,TypecastDeviceOperation,64,5977.0
1252352,,TypecastDeviceOperation,64,5976.0
2438144,1,ReshardDeviceOperation,8,5974.0
2499584,1,ReshardDeviceOperation,8,5967.0
1006592,,TypecastDeviceOperation,64,5966.0
2026496,1,TypecastDeviceOperation,64,5963.0
1408000,,TypecastDeviceOperation,64,5961.0
1932288,1,TypecastDeviceOperation,64,5956.0
947200,,TypecastDeviceOperation,64,5946.0
1809408,1,TypecastDeviceOperation,64,5944.0
2456576,1,TypecastDeviceOperation,64,5944.0
779264,,TypecastDeviceOperation,64,5938.0
1885184,1,ReshardDeviceOperation,8,5938.0
1946624,1,ReshardDeviceOperation,8,5937.0
2087936,1,TypecastDeviceOperation,64,5930.0
1039360,,TypecastDeviceOperation,64,5929.0
1235968,,ReshardDeviceOperation,8,5923.0
1747968,1,TypecastDeviceOperation,64,5916.0
1037312,,TypecastDeviceOperation,64,5912.0
885760,,TypecastDeviceOperation,64,5907.0
1854464,1,ReshardDeviceOperation,8,5907.0
2192384,1,ReshardDeviceOperation,8,5904.0
1469440,,TypecastDeviceOperation,64,5901.0
1190912,,TypecastDeviceOperation,64,5894.0
1500160,,TypecastDeviceOperation,64,5894.0
2284544,1,ReshardDeviceOperation,8,5894.0
1192960,,TypecastDeviceOperation,64,5891.0
1700864,1,ReshardDeviceOperation,8,5890.0
793600,,TypecastDeviceOperation,64,5889.0
2315264,1,ReshardDeviceOperation,8,5885.0
1070080,,TypecastDeviceOperation,64,5880.0
1512448,,ReshardDeviceOperation,8,5877.0
2407424,1,ReshardDeviceOperation,8,5877.0
1561600,,TypecastDeviceOperation,64,5876.0
1162240,,TypecastDeviceOperation,64,5872.0
736256,,UntilizeWithUnpaddingDeviceOperation,1,5867.0
668672,,UntilizeWithUnpaddingDeviceOperation,1,5859.0
1467392,,TypecastDeviceOperation,64,5859.0
1590272,,TypecastDeviceOperation,64,5852.0
1717248,1,TypecastDeviceOperation,64,5849.0
990208,,ReshardDeviceOperation,8,5845.0
1160192,,TypecastDeviceOperation,64,5845.0
1995776,1,TypecastDeviceOperation,64,5842.0
855040,,TypecastDeviceOperation,64,5841.0
2393088,1,TypecastDeviceOperation,64,5840.0
1528832,,TypecastDeviceOperation,64,5839.0
1780736,1,TypecastDeviceOperation,64,5835.0
1285120,,TypecastDeviceOperation,64,5833.0
1731584,1,ReshardDeviceOperation,8,5833.0
2454528,1,TypecastDeviceOperation,64,5821.0
867328,,ReshardDeviceOperation,8,5814.0
1129472,,TypecastDeviceOperation,64,5811.0
2161664,1,ReshardDeviceOperation,8,5808.0
1573888,,ReshardDeviceOperation,8,5801.0
2425856,1,TypecastDeviceOperation,64,5798.0
1068032,,TypecastDeviceOperation,64,5795.0
2008064,1,ReshardDeviceOperation,8,5794.0
1315840,,TypecastDeviceOperation,64,5791.0
2239488,1,TypecastDeviceOperation,64,5786.0
2253824,1,ReshardDeviceOperation,8,5783.0
2345984,1,ReshardDeviceOperation,8,5777.0
2069504,1,ReshardDeviceOperation,8,5776.0
1793024,1,ReshardDeviceOperation,8,5762.0
1842176,1,TypecastDeviceOperation,64,5756.0
977920,,TypecastDeviceOperation,64,5754.0
2130944,1,ReshardDeviceOperation,8,5747.0
1750016,1,TypecastDeviceOperation,64,5733.0
1977344,1,ReshardDeviceOperation,8,5712.0
323584,,UntilizeWithUnpaddingDeviceOperation,1,5711.0
1543168,,ReshardDeviceOperation,8,5710.0
250880,,UntilizeWithUnpaddingDeviceOperation,1,5708.0
1620992,,TypecastDeviceOperation,64,5704.0
413696,,UntilizeWithUnpaddingDeviceOperation,1,5696.0
1481728,,ReshardDeviceOperation,8,5694.0
2038784,1,ReshardDeviceOperation,8,5693.0
1965056,1,TypecastDeviceOperation,64,5689.0
274432,,UntilizeWithUnpaddingDeviceOperation,1,5688.0
299008,,UntilizeWithUnpaddingDeviceOperation,1,5687.0
2178048,1,TypecastDeviceOperation,64,5684.0
2364416,1,TypecastDeviceOperation,64,5684.0
1498112,,TypecastDeviceOperation,64,5682.0
2515968,1,TypecastDeviceOperation,64,5681.0
553984,,UntilizeWithUnpaddingDeviceOperation,1,5677.0
454656,,UntilizeWithUnpaddingDeviceOperation,1,5676.0
928768,,ReshardDeviceOperation,8,5675.0
144384,,UntilizeWithUnpaddingDeviceOperation,1,5672.0
609280,,UntilizeWithUnpaddingDeviceOperation,1,5670.0
128000,,UntilizeWithUnpaddingDeviceOperation,1,5669.0
2180096,1,TypecastDeviceOperation,64,5669.0
1934336,1,TypecastDeviceOperation,64,5668.0
300032,,UntilizeWithUnpaddingDeviceOperation,1,5667.0
2100224,1,ReshardDeviceOperation,8,5664.0
1811456,1,TypecastDeviceOperation,64,5657.0
552960,,UntilizeWithUnpaddingDeviceOperation,1,5651.0
354304,,UntilizeWithUnpaddingDeviceOperation,1,5650.0
975872,,TypecastDeviceOperation,64,5647.0
441344,,UntilizeWithUnpaddingDeviceOperation,1,5640.0
396288,,UntilizeWithUnpaddingDeviceOperation,1,5630.0
2395136,1,TypecastDeviceOperation,64,5625.0
2530304,1,ReshardDeviceOperation,8,5622.0
623616,,UntilizeWithUnpaddingDeviceOperation,1,5621.0
1405952,,TypecastDeviceOperation,64,5618.0
2057216,1,TypecastDeviceOperation,64,5615.0
355328,,UntilizeWithUnpaddingDeviceOperation,1,5610.0
2518016,1,TypecastDeviceOperation,64,5610.0
370688,,UntilizeWithUnpaddingDeviceOperation,1,5609.0
491520,,UntilizeWithUnpaddingDeviceOperation,1,5608.0
624640,,UntilizeWithUnpaddingDeviceOperation,1,5604.0
690176,,UntilizeWithUnpaddingDeviceOperation,1,5604.0
507904,,UntilizeWithUnpaddingDeviceOperation,1,5602.0
591872,,UntilizeWithUnpaddingDeviceOperation,1,5601.0
236544,,UntilizeWithUnpaddingDeviceOperation,1,5596.0
162816,,UntilizeWithUnpaddingDeviceOperation,1,5592.0
1915904,1,ReshardDeviceOperation,8,5589.0
176128,,UntilizeWithUnpaddingDeviceOperation,1,5579.0
275456,,UntilizeWithUnpaddingDeviceOperation,1,5573.0
508928,,UntilizeWithUnpaddingDeviceOperation,1,5573.0
1872896,1,TypecastDeviceOperation,64,5545.0
689152,,UntilizeWithUnpaddingDeviceOperation,1,5544.0
722944,,UntilizeWithUnpaddingDeviceOperation,1,5543.0
210944,,UntilizeWithUnpaddingDeviceOperation,1,5542.0
721920,,UntilizeWithUnpaddingDeviceOperation,1,5541.0
440320,,UntilizeWithUnpaddingDeviceOperation,1,5539.0
2376704,1,ReshardDeviceOperation,8,5538.0
412672,,UntilizeWithUnpaddingDeviceOperation,1,5531.0
592896,,UntilizeWithUnpaddingDeviceOperation,1,5530.0
237568,,UntilizeWithUnpaddingDeviceOperation,1,5525.0
2118656,1,TypecastDeviceOperation,64,5524.0
397312,,UntilizeWithUnpaddingDeviceOperation,1,5522.0
610304,,UntilizeWithUnpaddingDeviceOperation,1,5522.0
455680,,UntilizeWithUnpaddingDeviceOperation,1,5520.0
523264,,UntilizeWithUnpaddingDeviceOperation,1,5519.0
522240,,UntilizeWithUnpaddingDeviceOperation,1,5518.0
322560,,UntilizeWithUnpaddingDeviceOperation,1,5516.0
371712,,UntilizeWithUnpaddingDeviceOperation,1,5511.0
177152,,UntilizeWithUnpaddingDeviceOperation,1,5510.0
1762304,1,ReshardDeviceOperation,8,5509.0
195584,,UntilizeWithUnpaddingDeviceOperation,1,5508.0
1719296,1,TypecastDeviceOperation,64,5505.0
492544,,UntilizeWithUnpaddingDeviceOperation,1,5504.0
667648,,UntilizeWithUnpaddingDeviceOperation,1,5498.0
1563648,,NLPConcatHeadsDecodeDeviceOperation,12,5498.0
795648,,NLPConcatHeadsDecodeDeviceOperation,12,5497.0
1256448,,NLPConcatHeadsDecodeDeviceOperation,12,5497.0
196608,,UntilizeWithUnpaddingDeviceOperation,1,5492.0
251904,,UntilizeWithUnpaddingDeviceOperation,1,5487.0
737280,,UntilizeWithUnpaddingDeviceOperation,1,5485.0
129024,,UntilizeWithUnpaddingDeviceOperation,1,5484.0
161792,,UntilizeWithUnpaddingDeviceOperation,1,5480.0
143360,,UntilizeWithUnpaddingDeviceOperation,1,5476.0
1164288,,NLPConcatHeadsDecodeDeviceOperation,12,5474.0
1471488,,NLPConcatHeadsDecodeDeviceOperation,12,5473.0
209920,,UntilizeWithUnpaddingDeviceOperation,1,5472.0
979968,,NLPConcatHeadsDecodeDeviceOperation,12,5469.0
857088,,NLPConcatHeadsDecodeDeviceOperation,12,5465.0
826368,,NLPConcatHeadsDecodeDeviceOperation,12,5464.0
1348608,,NLPConcatHeadsDecodeDeviceOperation,12,5463.0
1594368,,NLPConcatHeadsDecodeDeviceOperation,12,5462.0
1010688,,NLPConcatHeadsDecodeDeviceOperation,12,5454.0
1102848,,NLPConcatHeadsDecodeDeviceOperation,12,5452.0
1625088,,NLPConcatHeadsDecodeDeviceOperation,12,5452.0
1041408,,NLPConcatHeadsDecodeDeviceOperation,12,5449.0
1113088,,ReshardDeviceOperation,8,5448.0
1410048,,NLPConcatHeadsDecodeDeviceOperation,12,5446.0
949248,,NLPConcatHeadsDecodeDeviceOperation,12,5445.0
887808,,NLPConcatHeadsDecodeDeviceOperation,12,5443.0
1072128,,NLPConcatHeadsDecodeDeviceOperation,12,5441.0
918528,,NLPConcatHeadsDecodeDeviceOperation,12,5438.0
1379328,,NLPConcatHeadsDecodeDeviceOperation,12,5435.0
1532928,,NLPConcatHeadsDecodeDeviceOperation,12,5435.0
1287168,,NLPConcatHeadsDecodeDeviceOperation,12,5434.0
1502208,,NLPConcatHeadsDecodeDeviceOperation,12,5433.0
1225728,,NLPConcatHeadsDecodeDeviceOperation,12,5429.0
1195008,,NLPConcatHeadsDecodeDeviceOperation,12,5424.0
1133568,,NLPConcatHeadsDecodeDeviceOperation,12,5421.0
1317888,,NLPConcatHeadsDecodeDeviceOperation,12,5416.0
1440768,,NLPConcatHeadsDecodeDeviceOperation,12,5414.0
2487296,1,TypecastDeviceOperation,64,5404.0
1681408,1,TypecastDeviceOperation,64,5371.0
1674240,1,TypecastDeviceOperation,64,5365.0
959488,,ReshardDeviceOperation,8,5306.0
2149376,1,TypecastDeviceOperation,64,5302.0
1690624,1,NLPConcatHeadsDecodeDeviceOperation,12,5258.0
2089984,1,NLPConcatHeadsDecodeDeviceOperation,12,5243.0
1997824,1,NLPConcatHeadsDecodeDeviceOperation,12,5236.0
2274304,1,NLPConcatHeadsDecodeDeviceOperation,12,5219.0
2458624,1,NLPConcatHeadsDecodeDeviceOperation,12,5193.0
2243584,1,NLPConcatHeadsDecodeDeviceOperation,12,5189.0
2120704,1,NLPConcatHeadsDecodeDeviceOperation,12,5188.0
734208,,TilizeWithValPaddingDeviceOperation,48,5174.0
1721344,1,NLPConcatHeadsDecodeDeviceOperation,12,5171.0
1782784,1,NLPConcatHeadsDecodeDeviceOperation,12,5163.0
2182144,1,NLPConcatHeadsDecodeDeviceOperation,12,5157.0
2151424,1,NLPConcatHeadsDecodeDeviceOperation,12,5156.0
2028544,1,NLPConcatHeadsDecodeDeviceOperation,12,5154.0
2335744,1,NLPConcatHeadsDecodeDeviceOperation,12,5151.0
1874944,1,NLPConcatHeadsDecodeDeviceOperation,12,5149.0
1844224,1,NLPConcatHeadsDecodeDeviceOperation,12,5147.0
805888,,ReshardDeviceOperation,8,5144.0
1905664,1,NLPConcatHeadsDecodeDeviceOperation,12,5142.0
2489344,1,NLPConcatHeadsDecodeDeviceOperation,12,5142.0
2212864,1,NLPConcatHeadsDecodeDeviceOperation,12,5140.0
1967104,1,NLPConcatHeadsDecodeDeviceOperation,12,5139.0
2305024,1,NLPConcatHeadsDecodeDeviceOperation,12,5133.0
2397184,1,NLPConcatHeadsDecodeDeviceOperation,12,5133.0
2366464,1,NLPConcatHeadsDecodeDeviceOperation,12,5130.0
1936384,1,NLPConcatHeadsDecodeDeviceOperation,12,5127.0
784384,,RepeatDeviceOperation,64,5123.0
1752064,1,NLPConcatHeadsDecodeDeviceOperation,12,5120.0
2427904,1,NLPConcatHeadsDecodeDeviceOperation,12,5120.0
505856,,TilizeWithValPaddingDeviceOperation,48,5107.0
589824,,TilizeWithValPaddingDeviceOperation,48,5103.0
2520064,1,NLPConcatHeadsDecodeDeviceOperation,12,5097.0
54272,,TilizeWithValPaddingDeviceOperation,48,5090.0
40960,,TilizeWithValPaddingDeviceOperation,48,5089.0
62464,,TilizeWithValPaddingDeviceOperation,48,5088.0
33792,,TilizeWithValPaddingDeviceOperation,48,5087.0
2059264,1,NLPConcatHeadsDecodeDeviceOperation,12,5087.0
1813504,1,NLPConcatHeadsDecodeDeviceOperation,12,5076.0
90112,,TilizeWithValPaddingDeviceOperation,48,5067.0
665600,,TilizeWithValPaddingDeviceOperation,48,5064.0
438272,,TilizeWithValPaddingDeviceOperation,48,5057.0
410624,,TilizeWithValPaddingDeviceOperation,48,5056.0
69632,,TilizeWithValPaddingDeviceOperation,48,5040.0
125952,,TilizeWithValPaddingDeviceOperation,48,5038.0
1024,,TilizeWithValPaddingDeviceOperation,48,5032.0
550912,,TilizeWithValPaddingDeviceOperation,48,5017.0
103424,,TilizeWithValPaddingDeviceOperation,48,5009.0
37888,,TilizeWithValPaddingDeviceOperation,48,5005.0
1679360,1,RepeatDeviceOperation,64,5005.0
489472,,TilizeWithValPaddingDeviceOperation,48,5002.0
234496,,TilizeWithValPaddingDeviceOperation,48,4976.0
21504,,TilizeWithValPaddingDeviceOperation,48,4975.0
9216,,TilizeWithValPaddingDeviceOperation,48,4972.0
394240,,TilizeWithValPaddingDeviceOperation,48,4964.0
114688,,TilizeWithValPaddingDeviceOperation,48,4961.0
36864,,TilizeWithValPaddingDeviceOperation,48,4960.0
53248,,TilizeWithValPaddingDeviceOperation,48,4951.0
8192,,TilizeWithValPaddingDeviceOperation,48,4946.0
73728,,TilizeWithValPaddingDeviceOperation,48,4942.0
25600,,TilizeWithValPaddingDeviceOperation,48,4938.0
20480,,TilizeWithValPaddingDeviceOperation,48,4937.0
81920,,TilizeWithValPaddingDeviceOperation,48,4937.0
621568,,TilizeWithValPaddingDeviceOperation,48,4934.0
82944,,TilizeWithValPaddingDeviceOperation,48,4933.0
50176,,TilizeWithValPaddingDeviceOperation,48,4929.0
193536,,TilizeWithValPaddingDeviceOperation,48,4929.0
41984,,TilizeWithValPaddingDeviceOperation,48,4927.0
24576,,TilizeWithValPaddingDeviceOperation,48,4924.0
78848,,TilizeWithValPaddingDeviceOperation,48,4923.0
5120,,TilizeWithValPaddingDeviceOperation,48,4922.0
207872,,TilizeWithValPaddingDeviceOperation,48,4922.0
719872,,TilizeWithValPaddingDeviceOperation,48,4915.0
141312,,TilizeWithValPaddingDeviceOperation,48,4910.0
687104,,TilizeWithValPaddingDeviceOperation,48,4910.0
45056,,TilizeWithValPaddingDeviceOperation,48,4905.0
91136,,TilizeWithValPaddingDeviceOperation,48,4903.0
352256,,TilizeWithValPaddingDeviceOperation,48,4903.0
17408,,TilizeWithValPaddingDeviceOperation,48,4900.0
159744,,TilizeWithValPaddingDeviceOperation,48,4898.0
28672,,TilizeWithValPaddingDeviceOperation,48,4895.0
174080,,TilizeWithValPaddingDeviceOperation,48,4891.0
607232,,TilizeWithValPaddingDeviceOperation,48,4891.0
452608,,TilizeWithValPaddingDeviceOperation,48,4888.0
111616,,TilizeWithValPaddingDeviceOperation,48,4887.0
46080,,TilizeWithValPaddingDeviceOperation,48,4886.0
296960,,TilizeWithValPaddingDeviceOperation,48,4886.0
94208,,TilizeWithValPaddingDeviceOperation,48,4881.0
74752,,TilizeWithValPaddingDeviceOperation,48,4877.0
70656,,TilizeWithValPaddingDeviceOperation,48,4876.0
32768,,TilizeWithValPaddingDeviceOperation,48,4871.0
98304,,TilizeWithValPaddingDeviceOperation,48,4863.0
16384,,TilizeWithValPaddingDeviceOperation,48,4862.0
58368,,TilizeWithValPaddingDeviceOperation,48,4859.0
29696,,TilizeWithValPaddingDeviceOperation,48,4855.0
77824,,TilizeWithValPaddingDeviceOperation,48,4852.0
320512,,TilizeWithValPaddingDeviceOperation,48,4850.0
61440,,TilizeWithValPaddingDeviceOperation,48,4849.0
368640,,TilizeWithValPaddingDeviceOperation,48,4849.0
12288,,TilizeWithValPaddingDeviceOperation,48,4847.0
13312,,TilizeWithValPaddingDeviceOperation,48,4845.0
86016,,TilizeWithValPaddingDeviceOperation,48,4842.0
95232,,TilizeWithValPaddingDeviceOperation,48,4842.0
520192,,TilizeWithValPaddingDeviceOperation,48,4841.0
272384,,TilizeWithValPaddingDeviceOperation,48,4828.0
106496,,TilizeWithValPaddingDeviceOperation,48,4826.0
4096,,TilizeWithValPaddingDeviceOperation,48,4820.0
248832,,TilizeWithValPaddingDeviceOperation,48,4819.0
87040,,TilizeWithValPaddingDeviceOperation,48,4818.0
107520,,TilizeWithValPaddingDeviceOperation,48,4817.0
110592,,TilizeWithValPaddingDeviceOperation,48,4814.0
66560,,TilizeWithValPaddingDeviceOperation,48,4813.0
115712,,TilizeWithValPaddingDeviceOperation,48,4810.0
57344,,TilizeWithValPaddingDeviceOperation,48,4808.0
102400,,TilizeWithValPaddingDeviceOperation,48,4800.0
99328,,TilizeWithValPaddingDeviceOperation,48,4793.0
65536,,TilizeWithValPaddingDeviceOperation,48,4779.0
49152,,TilizeWithValPaddingDeviceOperation,48,4752.0
1771520,1,SliceDeviceOperation,64,4412.0
774144,,BinaryNgDeviceOperation,64,4074.0
1669120,1,BinaryNgDeviceOperation,64,3873.0
1671168,1,UntilizeWithUnpaddingDeviceOperation,1,3741.0
2232320,1,SliceDeviceOperation,64,3628.0
2140160,1,SliceDeviceOperation,64,3516.0
2206720,1,SliceDeviceOperation,64,3438.0
761856,,BinaryNgDeviceOperation,64,3417.0
1613824,,SliceDeviceOperation,64,3412.0
2385920,1,SliceDeviceOperation,64,3357.0
1656832,1,BinaryNgDeviceOperation,64,3327.0
1899520,1,SliceDeviceOperation,64,3302.0
2268160,1,SliceDeviceOperation,64,3299.0
782336,,SliceDeviceOperation,64,3297.0
1311744,,SliceDeviceOperation,64,3272.0
1807360,1,SliceDeviceOperation,64,3265.0
2483200,1,SliceDeviceOperation,64,3256.0
1521664,,SliceDeviceOperation,64,3253.0
1643520,1,BinaryNgDeviceOperation,64,3219.0
1342464,,SliceDeviceOperation,64,3215.0
912384,,SliceDeviceOperation,64,3213.0
776192,,UntilizeWithUnpaddingDeviceOperation,1,3212.0
876544,,SliceDeviceOperation,64,3211.0
2109440,1,SliceDeviceOperation,64,3210.0
2022400,1,SliceDeviceOperation,64,3203.0
999424,,SliceDeviceOperation,64,3202.0
1465344,,SliceDeviceOperation,64,3201.0
820224,,SliceDeviceOperation,64,3174.0
2263040,1,SliceDeviceOperation,64,3173.0
850944,,SliceDeviceOperation,64,3171.0
2416640,1,SliceDeviceOperation,64,3169.0
1868800,1,SliceDeviceOperation,64,3168.0
2170880,1,SliceDeviceOperation,64,3167.0
1986560,1,SliceDeviceOperation,64,3149.0
1557504,,SliceDeviceOperation,64,3142.0
1030144,,SliceDeviceOperation,64,3141.0
770048,,SliceDeviceOperation,64,3127.0
1894400,1,SliceDeviceOperation,64,3127.0
2360320,1,SliceDeviceOperation,64,3114.0
1065984,,SliceDeviceOperation,64,3113.0
1645568,1,BinaryNgDeviceOperation,64,3110.0
1337344,,SliceDeviceOperation,64,3104.0
1552384,,SliceDeviceOperation,64,3103.0
2324480,1,SliceDeviceOperation,64,3097.0
2391040,1,SliceDeviceOperation,64,3092.0
845824,,SliceDeviceOperation,64,3088.0
1715200,1,SliceDeviceOperation,64,3083.0
750592,,BinaryNgDeviceOperation,64,3079.0
1526784,,SliceDeviceOperation,64,3068.0
2048000,1,SliceDeviceOperation,64,3068.0
1281024,,SliceDeviceOperation,64,3064.0
881664,,SliceDeviceOperation,64,3058.0
1434624,,SliceDeviceOperation,64,3057.0
1158144,,SliceDeviceOperation,64,3056.0
1004544,,SliceDeviceOperation,64,3055.0
1618944,,SliceDeviceOperation,64,3049.0
1398784,,SliceDeviceOperation,64,3045.0
1245184,,SliceDeviceOperation,64,3038.0
937984,,SliceDeviceOperation,64,3037.0
2293760,1,SliceDeviceOperation,64,3032.0
1060864,,SliceDeviceOperation,64,3027.0
1658880,1,UnaryDeviceOperation,64,3026.0
2145280,1,SliceDeviceOperation,64,3020.0
1403904,,SliceDeviceOperation,64,3019.0
968704,,SliceDeviceOperation,64,3018.0
1306624,,SliceDeviceOperation,64,3018.0
1127424,,SliceDeviceOperation,64,3016.0
1925120,1,SliceDeviceOperation,64,3008.0
1214464,,SliceDeviceOperation,64,3002.0
1863680,1,SliceDeviceOperation,64,2993.0
2078720,1,SliceDeviceOperation,64,2991.0
1368064,,SliceDeviceOperation,64,2988.0
1275904,,SliceDeviceOperation,64,2987.0
199680,,UntilizeWithUnpaddingDeviceOperation,32,2983.0
815104,,SliceDeviceOperation,64,2983.0
1583104,,SliceDeviceOperation,64,2979.0
1250304,,SliceDeviceOperation,64,2977.0
1460224,,SliceDeviceOperation,64,2977.0
2017280,1,SliceDeviceOperation,64,2976.0
765952,,UnaryDeviceOperation,64,2974.0
1153024,,SliceDeviceOperation,64,2973.0
1588224,,SliceDeviceOperation,64,2972.0
1930240,1,SliceDeviceOperation,64,2972.0
714752,,UntilizeWithUnpaddingDeviceOperation,32,2969.0
165888,,UntilizeWithUnpaddingDeviceOperation,32,2967.0
581632,,UntilizeWithUnpaddingDeviceOperation,32,2967.0
288768,,UntilizeWithUnpaddingDeviceOperation,32,2957.0
1219584,,SliceDeviceOperation,64,2956.0
1096704,,SliceDeviceOperation,64,2955.0
1677312,1,SliceDeviceOperation,64,2955.0
2083840,1,SliceDeviceOperation,64,2952.0
2176000,1,SliceDeviceOperation,64,2951.0
1776640,1,SliceDeviceOperation,64,2948.0
1740800,1,SliceDeviceOperation,64,2944.0
748544,,BinaryNgDeviceOperation,64,2943.0
2513920,1,SliceDeviceOperation,64,2939.0
2114560,1,SliceDeviceOperation,64,2938.0
2298880,1,SliceDeviceOperation,64,2931.0
1832960,1,SliceDeviceOperation,64,2922.0
2201600,1,SliceDeviceOperation,64,2921.0
2508800,1,SliceDeviceOperation,64,2917.0
1373184,,SliceDeviceOperation,64,2915.0
1035264,,SliceDeviceOperation,64,2912.0
1091584,,SliceDeviceOperation,64,2910.0
678912,,UntilizeWithUnpaddingDeviceOperation,32,2906.0
497664,,UntilizeWithUnpaddingDeviceOperation,32,2904.0
973824,,SliceDeviceOperation,64,2900.0
1122304,,SliceDeviceOperation,64,2900.0
657408,,UntilizeWithUnpaddingDeviceOperation,32,2898.0
512000,,UntilizeWithUnpaddingDeviceOperation,32,2895.0
1955840,1,SliceDeviceOperation,64,2892.0
344064,,UntilizeWithUnpaddingDeviceOperation,32,2890.0
240640,,UntilizeWithUnpaddingDeviceOperation,32,2887.0
518144,,UntilizeWithUnpaddingDeviceOperation,32,2881.0
907264,,SliceDeviceOperation,64,2881.0
1991680,1,SliceDeviceOperation,64,2879.0
542720,,UntilizeWithUnpaddingDeviceOperation,32,2878.0
1960960,1,SliceDeviceOperation,64,2876.0
711680,,UntilizeWithUnpaddingDeviceOperation,32,2874.0
1660928,1,UnaryDeviceOperation,64,2873.0
226304,,UntilizeWithUnpaddingDeviceOperation,32,2871.0
264192,,UntilizeWithUnpaddingDeviceOperation,32,2870.0
360448,,UntilizeWithUnpaddingDeviceOperation,32,2870.0
232448,,UntilizeWithUnpaddingDeviceOperation,32,2869.0
386048,,UntilizeWithUnpaddingDeviceOperation,32,2868.0
943104,,SliceDeviceOperation,64,2866.0
168960,,UntilizeWithUnpaddingDeviceOperation,32,2865.0
133120,,UntilizeWithUnpaddingDeviceOperation,32,2864.0
312320,,UntilizeWithUnpaddingDeviceOperation,32,2863.0
726016,,UntilizeWithUnpaddingDeviceOperation,32,2863.0
1496064,,SliceDeviceOperation,64,2863.0
408576,,UntilizeWithUnpaddingDeviceOperation,32,2861.0
151552,,UntilizeWithUnpaddingDeviceOperation,32,2859.0
599040,,UntilizeWithUnpaddingDeviceOperation,32,2859.0
1490944,,SliceDeviceOperation,64,2857.0
1188864,,SliceDeviceOperation,64,2849.0
450560,,UntilizeWithUnpaddingDeviceOperation,32,2845.0
613376,,UntilizeWithUnpaddingDeviceOperation,32,2842.0
402432,,UntilizeWithUnpaddingDeviceOperation,32,2841.0
1745920,1,SliceDeviceOperation,64,2840.0
2447360,1,SliceDeviceOperation,64,2839.0
1183744,,SliceDeviceOperation,64,2837.0
481280,,UntilizeWithUnpaddingDeviceOperation,32,2835.0
2237440,1,SliceDeviceOperation,64,2833.0
619520,,UntilizeWithUnpaddingDeviceOperation,32,2832.0
172032,,UntilizeWithUnpaddingDeviceOperation,32,2830.0
2329600,1,SliceDeviceOperation,64,2830.0
139264,,UntilizeWithUnpaddingDeviceOperation,32,2826.0
681984,,UntilizeWithUnpaddingDeviceOperation,32,2825.0
117760,,UntilizeWithUnpaddingDeviceOperation,32,2823.0
1429504,,SliceDeviceOperation,64,2822.0
763904,,UnaryDeviceOperation,64,2821.0
188416,,UntilizeWithUnpaddingDeviceOperation,32,2820.0
444416,,UntilizeWithUnpaddingDeviceOperation,32,2818.0
136192,,UntilizeWithUnpaddingDeviceOperation,32,2794.0
389120,,UntilizeWithUnpaddingDeviceOperation,32,2791.0
433152,,UntilizeWithUnpaddingDeviceOperation,32,2791.0
205824,,UntilizeWithUnpaddingDeviceOperation,32,2790.0
347136,,UntilizeWithUnpaddingDeviceOperation,32,2787.0
602112,,UntilizeWithUnpaddingDeviceOperation,32,2787.0
430080,,UntilizeWithUnpaddingDeviceOperation,32,2784.0
616448,,UntilizeWithUnpaddingDeviceOperation,32,2783.0
732160,,UntilizeWithUnpaddingDeviceOperation,32,2782.0
270336,,UntilizeWithUnpaddingDeviceOperation,32,2780.0
500736,,UntilizeWithUnpaddingDeviceOperation,32,2778.0
660480,,UntilizeWithUnpaddingDeviceOperation,32,2777.0
246784,,UntilizeWithUnpaddingDeviceOperation,32,2776.0
185344,,UntilizeWithUnpaddingDeviceOperation,32,2775.0
294912,,UntilizeWithUnpaddingDeviceOperation,32,2770.0
363520,,UntilizeWithUnpaddingDeviceOperation,32,2764.0
366592,,UntilizeWithUnpaddingDeviceOperation,32,2764.0
2421760,1,SliceDeviceOperation,64,2760.0
663552,,UntilizeWithUnpaddingDeviceOperation,32,2752.0
202752,,UntilizeWithUnpaddingDeviceOperation,32,2751.0
267264,,UntilizeWithUnpaddingDeviceOperation,32,2751.0
191488,,UntilizeWithUnpaddingDeviceOperation,32,2747.0
436224,,UntilizeWithUnpaddingDeviceOperation,32,2747.0
605184,,UntilizeWithUnpaddingDeviceOperation,32,2742.0
350208,,UntilizeWithUnpaddingDeviceOperation,32,2741.0
685056,,UntilizeWithUnpaddingDeviceOperation,32,2740.0
229376,,UntilizeWithUnpaddingDeviceOperation,32,2737.0
548864,,UntilizeWithUnpaddingDeviceOperation,32,2737.0
315392,,UntilizeWithUnpaddingDeviceOperation,32,2736.0
717824,,UntilizeWithUnpaddingDeviceOperation,32,2736.0
1665024,1,SliceDeviceOperation,64,2735.0
291840,,UntilizeWithUnpaddingDeviceOperation,32,2734.0
392192,,UntilizeWithUnpaddingDeviceOperation,32,2734.0
154624,,UntilizeWithUnpaddingDeviceOperation,32,2732.0
2355200,1,SliceDeviceOperation,64,2729.0
587776,,UntilizeWithUnpaddingDeviceOperation,32,2727.0
243712,,UntilizeWithUnpaddingDeviceOperation,32,2726.0
545792,,UntilizeWithUnpaddingDeviceOperation,32,2719.0
487424,,UntilizeWithUnpaddingDeviceOperation,32,2717.0
157696,,UntilizeWithUnpaddingDeviceOperation,32,2708.0
515072,,UntilizeWithUnpaddingDeviceOperation,32,2707.0
447488,,UntilizeWithUnpaddingDeviceOperation,32,2698.0
123904,,UntilizeWithUnpaddingDeviceOperation,32,2697.0
405504,,UntilizeWithUnpaddingDeviceOperation,32,2697.0
484352,,UntilizeWithUnpaddingDeviceOperation,32,2696.0
503808,,UntilizeWithUnpaddingDeviceOperation,32,2695.0
729088,,UntilizeWithUnpaddingDeviceOperation,32,2692.0
584704,,UntilizeWithUnpaddingDeviceOperation,32,2678.0
1838080,1,SliceDeviceOperation,64,2666.0
120832,,UntilizeWithUnpaddingDeviceOperation,32,2652.0
318464,,UntilizeWithUnpaddingDeviceOperation,32,2646.0
2452480,1,SliceDeviceOperation,64,2642.0
1710080,1,SliceDeviceOperation,64,2588.0
2478080,1,SliceDeviceOperation,64,2487.0
777216,,RepeatDeviceOperation,64,2438.0
1672192,1,RepeatDeviceOperation,64,2438.0
799744,,BinaryNgDeviceOperation,64,2425.0
2053120,1,SliceDeviceOperation,64,2424.0
1802240,1,SliceDeviceOperation,64,2422.0
1694720,1,BinaryNgDeviceOperation,64,2360.0
766976,,TypecastDeviceOperation,4,2334.0
764928,,TypecastDeviceOperation,4,2325.0
2334720,1,InterleavedToShardedDeviceOperation,32,2277.0
1966080,1,InterleavedToShardedDeviceOperation,32,2276.0
2058240,1,InterleavedToShardedDeviceOperation,32,2219.0
969728,,InterleavedToShardedDeviceOperation,32,2212.0
1470464,,InterleavedToShardedDeviceOperation,32,2170.0
1659904,1,TypecastDeviceOperation,4,2159.0
1661952,1,TypecastDeviceOperation,4,2145.0
1522688,,InterleavedToShardedDeviceOperation,32,2138.0
825344,,InterleavedToShardedDeviceOperation,32,2137.0
1092608,,InterleavedToShardedDeviceOperation,32,2136.0
1491968,,InterleavedToShardedDeviceOperation,32,2133.0
1873920,1,InterleavedToShardedDeviceOperation,32,2132.0
906240,,ShardedToInterleavedDeviceOperation,32,2123.0
2386944,1,InterleavedToShardedDeviceOperation,32,2113.0
1439744,,InterleavedToShardedDeviceOperation,32,2107.0
590848,,UntilizeWithUnpaddingDeviceOperation,48,2089.0
521216,,UntilizeWithUnpaddingDeviceOperation,48,2087.0
1624064,,InterleavedToShardedDeviceOperation,32,2080.0
1612800,,ShardedToInterleavedDeviceOperation,32,2073.0
771072,,InterleavedToShardedDeviceOperation,32,2071.0
1101824,,InterleavedToShardedDeviceOperation,32,2069.0
1316864,,InterleavedToShardedDeviceOperation,32,2069.0
1061888,,InterleavedToShardedDeviceOperation,32,2068.0
490496,,UntilizeWithUnpaddingDeviceOperation,48,2061.0
1338368,,InterleavedToShardedDeviceOperation,32,2060.0
794624,,InterleavedToShardedDeviceOperation,32,2048.0
877568,,InterleavedToShardedDeviceOperation,32,2048.0
1163264,,InterleavedToShardedDeviceOperation,32,2047.0
948224,,InterleavedToShardedDeviceOperation,32,2038.0
1132544,,InterleavedToShardedDeviceOperation,32,2038.0
1593344,,InterleavedToShardedDeviceOperation,32,2038.0
688128,,UntilizeWithUnpaddingDeviceOperation,48,2033.0
2396160,1,InterleavedToShardedDeviceOperation,32,2029.0
1009664,,InterleavedToShardedDeviceOperation,32,2027.0
939008,,InterleavedToShardedDeviceOperation,32,2013.0
1031168,,InterleavedToShardedDeviceOperation,32,2006.0
816128,,InterleavedToShardedDeviceOperation,32,2005.0
1461248,,InterleavedToShardedDeviceOperation,32,2005.0
1154048,,InterleavedToShardedDeviceOperation,32,2002.0
353280,,UntilizeWithUnpaddingDeviceOperation,48,2001.0
297984,,UntilizeWithUnpaddingDeviceOperation,48,1999.0
273408,,UntilizeWithUnpaddingDeviceOperation,48,1996.0
1428480,,ShardedToInterleavedDeviceOperation,32,1995.0
846848,,InterleavedToShardedDeviceOperation,32,1994.0
1276928,,InterleavedToShardedDeviceOperation,32,1994.0
1430528,,InterleavedToShardedDeviceOperation,32,1994.0
321536,,UntilizeWithUnpaddingDeviceOperation,48,1991.0
1904640,1,InterleavedToShardedDeviceOperation,32,1991.0
735232,,UntilizeWithUnpaddingDeviceOperation,48,1985.0
1367040,,ShardedToInterleavedDeviceOperation,32,1985.0
1409024,,InterleavedToShardedDeviceOperation,32,1984.0
1553408,,InterleavedToShardedDeviceOperation,32,1982.0
1286144,,InterleavedToShardedDeviceOperation,32,1981.0
506880,,UntilizeWithUnpaddingDeviceOperation,48,1980.0
849920,,ShardedToInterleavedDeviceOperation,32,1973.0
1040384,,InterleavedToShardedDeviceOperation,32,1973.0
1090560,,ShardedToInterleavedDeviceOperation,32,1973.0
453632,,UntilizeWithUnpaddingDeviceOperation,48,1972.0
1399808,,InterleavedToShardedDeviceOperation,32,1972.0
1562624,,InterleavedToShardedDeviceOperation,32,1962.0
194560,,UntilizeWithUnpaddingDeviceOperation,48,1960.0
1224704,,InterleavedToShardedDeviceOperation,32,1960.0
551936,,UntilizeWithUnpaddingDeviceOperation,48,1959.0
2236416,1,ShardedToInterleavedDeviceOperation,32,1959.0
1501184,,InterleavedToShardedDeviceOperation,32,1954.0
1775616,1,ShardedToInterleavedDeviceOperation,32,1951.0
1584128,,InterleavedToShardedDeviceOperation,32,1948.0
1614848,,InterleavedToShardedDeviceOperation,32,1948.0
1184768,,InterleavedToShardedDeviceOperation,32,1947.0
972800,,ShardedToInterleavedDeviceOperation,32,1945.0
1305600,,ShardedToInterleavedDeviceOperation,32,1945.0
908288,,InterleavedToShardedDeviceOperation,32,1942.0
1255424,,InterleavedToShardedDeviceOperation,32,1942.0
1378304,,InterleavedToShardedDeviceOperation,32,1941.0
1347584,,InterleavedToShardedDeviceOperation,32,1939.0
1714176,1,ShardedToInterleavedDeviceOperation,32,1939.0
2420736,1,ShardedToInterleavedDeviceOperation,32,1939.0
2181120,1,InterleavedToShardedDeviceOperation,32,1938.0
1000448,,InterleavedToShardedDeviceOperation,32,1937.0
1123328,,InterleavedToShardedDeviceOperation,32,1937.0
395264,,UntilizeWithUnpaddingDeviceOperation,48,1934.0
160768,,UntilizeWithUnpaddingDeviceOperation,48,1932.0
1556480,,ShardedToInterleavedDeviceOperation,32,1929.0
2113536,1,ShardedToInterleavedDeviceOperation,32,1926.0
1029120,,ShardedToInterleavedDeviceOperation,32,1921.0
142336,,UntilizeWithUnpaddingDeviceOperation,48,1919.0
249856,,UntilizeWithUnpaddingDeviceOperation,48,1919.0
1369088,,InterleavedToShardedDeviceOperation,32,1919.0
1531904,,InterleavedToShardedDeviceOperation,32,1918.0
2119680,1,InterleavedToShardedDeviceOperation,32,1916.0
208896,,UntilizeWithUnpaddingDeviceOperation,48,1911.0
2077696,1,ShardedToInterleavedDeviceOperation,32,1911.0
666624,,UntilizeWithUnpaddingDeviceOperation,48,1909.0
1246208,,InterleavedToShardedDeviceOperation,32,1908.0
1215488,,InterleavedToShardedDeviceOperation,32,1907.0
2262016,1,ShardedToInterleavedDeviceOperation,32,1907.0
1193984,,InterleavedToShardedDeviceOperation,32,1906.0
720896,,UntilizeWithUnpaddingDeviceOperation,48,1905.0
411648,,UntilizeWithUnpaddingDeviceOperation,48,1904.0
856064,,InterleavedToShardedDeviceOperation,32,1904.0
1071104,,InterleavedToShardedDeviceOperation,32,1903.0
1402880,,ShardedToInterleavedDeviceOperation,32,1903.0
175104,,UntilizeWithUnpaddingDeviceOperation,48,1901.0
1182720,,ShardedToInterleavedDeviceOperation,32,1897.0
1341440,,ShardedToInterleavedDeviceOperation,32,1897.0
768000,,ShardedToInterleavedDeviceOperation,32,1896.0
1751040,1,InterleavedToShardedDeviceOperation,32,1895.0
622592,,UntilizeWithUnpaddingDeviceOperation,48,1894.0
998400,,ShardedToInterleavedDeviceOperation,32,1892.0
608256,,UntilizeWithUnpaddingDeviceOperation,48,1891.0
2384896,1,ShardedToInterleavedDeviceOperation,32,1891.0
1218560,,ShardedToInterleavedDeviceOperation,32,1889.0
780288,,ShardedToInterleavedDeviceOperation,32,1887.0
1996800,1,InterleavedToShardedDeviceOperation,32,1886.0
1310720,,ShardedToInterleavedDeviceOperation,32,1878.0
1617920,,ShardedToInterleavedDeviceOperation,32,1878.0
1121280,,ShardedToInterleavedDeviceOperation,32,1875.0
369664,,UntilizeWithUnpaddingDeviceOperation,48,1874.0
1003520,,ShardedToInterleavedDeviceOperation,32,1873.0
439296,,UntilizeWithUnpaddingDeviceOperation,48,1869.0
126976,,UntilizeWithUnpaddingDeviceOperation,48,1867.0
1935360,1,InterleavedToShardedDeviceOperation,32,1866.0
1213440,,ShardedToInterleavedDeviceOperation,32,1865.0
1433600,,ShardedToInterleavedDeviceOperation,32,1865.0
978944,,InterleavedToShardedDeviceOperation,32,1862.0
886784,,InterleavedToShardedDeviceOperation,32,1861.0
917504,,InterleavedToShardedDeviceOperation,32,1861.0
942080,,ShardedToInterleavedDeviceOperation,32,1859.0
814080,,ShardedToInterleavedDeviceOperation,32,1857.0
1152000,,ShardedToInterleavedDeviceOperation,32,1857.0
235520,,UntilizeWithUnpaddingDeviceOperation,48,1855.0
1770496,1,ShardedToInterleavedDeviceOperation,32,1853.0
2560000,,UntilizeWithUnpaddingDeviceOperation,1,1853.0
2548736,,UntilizeWithUnpaddingDeviceOperation,1,1850.0
1059840,,ShardedToInterleavedDeviceOperation,32,1847.0
1954816,1,ShardedToInterleavedDeviceOperation,32,1844.0
2553856,,UntilizeWithUnpaddingDeviceOperation,1,1844.0
1157120,,ShardedToInterleavedDeviceOperation,32,1843.0
1307648,,InterleavedToShardedDeviceOperation,32,1842.0
1772544,1,InterleavedToShardedDeviceOperation,32,1840.0
1582080,,ShardedToInterleavedDeviceOperation,32,1839.0
2551808,,UntilizeWithUnpaddingDeviceOperation,1,1839.0
2549760,,UntilizeWithUnpaddingDeviceOperation,1,1838.0
2359296,1,ShardedToInterleavedDeviceOperation,32,1836.0
1709056,1,ShardedToInterleavedDeviceOperation,32,1835.0
2537472,,UntilizeWithUnpaddingDeviceOperation,1,1833.0
2415616,1,ShardedToInterleavedDeviceOperation,32,1830.0
2052096,1,ShardedToInterleavedDeviceOperation,32,1829.0
2242560,1,InterleavedToShardedDeviceOperation,32,1829.0
1489920,,ShardedToInterleavedDeviceOperation,32,1822.0
844800,,ShardedToInterleavedDeviceOperation,32,1817.0
967680,,ShardedToInterleavedDeviceOperation,32,1817.0
1459200,,ShardedToInterleavedDeviceOperation,32,1817.0
911360,,ShardedToInterleavedDeviceOperation,32,1816.0
1064960,,ShardedToInterleavedDeviceOperation,32,1815.0
1336320,,ShardedToInterleavedDeviceOperation,32,1815.0
1739776,1,ShardedToInterleavedDeviceOperation,32,1813.0
2482176,1,ShardedToInterleavedDeviceOperation,32,1808.0
1126400,,ShardedToInterleavedDeviceOperation,32,1807.0
875520,,ShardedToInterleavedDeviceOperation,32,1805.0
2558976,,UntilizeWithUnpaddingDeviceOperation,1,1805.0
2233344,1,InterleavedToShardedDeviceOperation,32,1802.0
1893376,1,ShardedToInterleavedDeviceOperation,32,1792.0
880640,,ShardedToInterleavedDeviceOperation,32,1786.0
2555904,,UntilizeWithUnpaddingDeviceOperation,1,1786.0
1034240,,ShardedToInterleavedDeviceOperation,32,1785.0
1372160,,ShardedToInterleavedDeviceOperation,32,1783.0
1397760,,ShardedToInterleavedDeviceOperation,32,1783.0
1812480,1,InterleavedToShardedDeviceOperation,32,1783.0
1495040,,ShardedToInterleavedDeviceOperation,32,1781.0
1662976,1,ShardedToInterleavedDeviceOperation,32,1781.0
1862656,1,ShardedToInterleavedDeviceOperation,32,1781.0
1520640,,ShardedToInterleavedDeviceOperation,32,1776.0
2231296,1,ShardedToInterleavedDeviceOperation,32,1775.0
2563072,,UntilizeWithUnpaddingDeviceOperation,1,1772.0
2169856,1,ShardedToInterleavedDeviceOperation,32,1767.0
1843200,1,InterleavedToShardedDeviceOperation,32,1762.0
2273280,1,InterleavedToShardedDeviceOperation,32,1762.0
1249280,,ShardedToInterleavedDeviceOperation,32,1753.0
2027520,1,InterleavedToShardedDeviceOperation,32,1753.0
2426880,1,InterleavedToShardedDeviceOperation,32,1753.0
819200,,ShardedToInterleavedDeviceOperation,32,1751.0
2477056,1,ShardedToInterleavedDeviceOperation,32,1748.0
2144256,1,ShardedToInterleavedDeviceOperation,32,1745.0
1525760,,ShardedToInterleavedDeviceOperation,32,1741.0
2354176,1,ShardedToInterleavedDeviceOperation,32,1741.0
2519040,1,InterleavedToShardedDeviceOperation,32,1740.0
1187840,,ShardedToInterleavedDeviceOperation,32,1737.0
1801216,1,ShardedToInterleavedDeviceOperation,32,1735.0
2446336,1,ShardedToInterleavedDeviceOperation,32,1732.0
2016256,1,ShardedToInterleavedDeviceOperation,32,1726.0
2323456,1,ShardedToInterleavedDeviceOperation,32,1725.0
2565120,,UntilizeWithUnpaddingDeviceOperation,1,1721.0
1675264,1,ShardedToInterleavedDeviceOperation,32,1720.0
1924096,1,ShardedToInterleavedDeviceOperation,32,1720.0
2561024,,UntilizeWithUnpaddingDeviceOperation,1,1719.0
1551360,,ShardedToInterleavedDeviceOperation,32,1714.0
1274880,,ShardedToInterleavedDeviceOperation,32,1713.0
936960,,ShardedToInterleavedDeviceOperation,32,1707.0
2088960,1,InterleavedToShardedDeviceOperation,32,1707.0
2488320,1,InterleavedToShardedDeviceOperation,32,1707.0
1244160,,ShardedToInterleavedDeviceOperation,32,1705.0
2046976,1,ShardedToInterleavedDeviceOperation,32,1705.0
2554880,,UntilizeWithUnpaddingDeviceOperation,1,1703.0
1587200,,ShardedToInterleavedDeviceOperation,32,1702.0
1831936,1,ShardedToInterleavedDeviceOperation,32,1702.0
2547712,,UntilizeWithUnpaddingDeviceOperation,1,1700.0
2507776,1,ShardedToInterleavedDeviceOperation,32,1699.0
2150400,1,InterleavedToShardedDeviceOperation,32,1697.0
2566144,,UntilizeWithUnpaddingDeviceOperation,1,1695.0
2564096,,UntilizeWithUnpaddingDeviceOperation,1,1687.0
2542592,,UntilizeWithUnpaddingDeviceOperation,1,1686.0
1689600,1,InterleavedToShardedDeviceOperation,32,1685.0
757760,,RepeatDeviceOperation,64,1685.0
2545664,,UntilizeWithUnpaddingDeviceOperation,1,1684.0
2550784,,UntilizeWithUnpaddingDeviceOperation,1,1683.0
2562048,,UntilizeWithUnpaddingDeviceOperation,1,1683.0
1657856,1,ConcatDeviceOperation,4,1682.0
2546688,,UntilizeWithUnpaddingDeviceOperation,1,1678.0
1833984,1,InterleavedToShardedDeviceOperation,32,1675.0
2540544,,UntilizeWithUnpaddingDeviceOperation,1,1675.0
2544640,,UntilizeWithUnpaddingDeviceOperation,1,1671.0
1985536,1,ShardedToInterleavedDeviceOperation,32,1669.0
1720320,1,InterleavedToShardedDeviceOperation,32,1665.0
2541568,,UntilizeWithUnpaddingDeviceOperation,1,1664.0
1806336,1,ShardedToInterleavedDeviceOperation,32,1663.0
2108416,1,ShardedToInterleavedDeviceOperation,32,1663.0
2292736,1,ShardedToInterleavedDeviceOperation,32,1662.0
2556928,,UntilizeWithUnpaddingDeviceOperation,1,1661.0
1280000,,ShardedToInterleavedDeviceOperation,32,1659.0
1095680,,ShardedToInterleavedDeviceOperation,32,1657.0
1929216,1,ShardedToInterleavedDeviceOperation,32,1655.0
1464320,,ShardedToInterleavedDeviceOperation,32,1654.0
2538496,,UntilizeWithUnpaddingDeviceOperation,1,1654.0
2457600,1,InterleavedToShardedDeviceOperation,32,1651.0
2552832,,UntilizeWithUnpaddingDeviceOperation,1,1644.0
2539520,,UntilizeWithUnpaddingDeviceOperation,1,1643.0
2543616,,UntilizeWithUnpaddingDeviceOperation,1,1643.0
2557952,,UntilizeWithUnpaddingDeviceOperation,1,1642.0
762880,,ConcatDeviceOperation,4,1638.0
2304000,1,InterleavedToShardedDeviceOperation,32,1637.0
1898496,1,ShardedToInterleavedDeviceOperation,32,1636.0
2139136,1,ShardedToInterleavedDeviceOperation,32,1631.0
2328576,1,ShardedToInterleavedDeviceOperation,32,1631.0
1990656,1,ShardedToInterleavedDeviceOperation,32,1613.0
2021376,1,ShardedToInterleavedDeviceOperation,32,1611.0
1744896,1,ShardedToInterleavedDeviceOperation,32,1609.0
625664,,ConcatDeviceOperation,1,1601.0
252928,,ConcatDeviceOperation,1,1597.0
197632,,ConcatDeviceOperation,1,1593.0
238592,,ConcatDeviceOperation,1,1593.0
669696,,ConcatDeviceOperation,1,1593.0
1781760,1,InterleavedToShardedDeviceOperation,32,1590.0
2211840,1,InterleavedToShardedDeviceOperation,32,1587.0
2365440,1,InterleavedToShardedDeviceOperation,32,1584.0
611328,,ConcatDeviceOperation,1,1575.0
211968,,ConcatDeviceOperation,1,1574.0
276480,,ConcatDeviceOperation,1,1574.0
2294784,1,InterleavedToShardedDeviceOperation,32,1573.0
1652736,1,RepeatDeviceOperation,64,1573.0
163840,,ConcatDeviceOperation,1,1565.0
2297856,1,ShardedToInterleavedDeviceOperation,32,1557.0
1959936,1,ShardedToInterleavedDeviceOperation,32,1553.0
2200576,1,ShardedToInterleavedDeviceOperation,32,1546.0
1741824,1,InterleavedToShardedDeviceOperation,32,1544.0
2390016,1,ShardedToInterleavedDeviceOperation,32,1525.0
2082816,1,ShardedToInterleavedDeviceOperation,32,1524.0
2512896,1,ShardedToInterleavedDeviceOperation,32,1523.0
1867776,1,ShardedToInterleavedDeviceOperation,32,1520.0
1646592,1,TypecastDeviceOperation,32,1516.0
178176,,ConcatDeviceOperation,1,1514.0
2018304,1,InterleavedToShardedDeviceOperation,32,1510.0
158720,,SliceDeviceOperation,1,1507.0
759808,,TypecastDeviceOperation,1,1506.0
414720,,ConcatDeviceOperation,1,1497.0
145408,,ConcatDeviceOperation,1,1495.0
686080,,SliceDeviceOperation,1,1487.0
2479104,1,InterleavedToShardedDeviceOperation,32,1480.0
206848,,SliceDeviceOperation,1,1477.0
2267136,1,ShardedToInterleavedDeviceOperation,32,1476.0
2141184,1,InterleavedToShardedDeviceOperation,32,1474.0
1926144,1,InterleavedToShardedDeviceOperation,32,1473.0
456704,,ConcatDeviceOperation,1,1466.0
2448384,1,InterleavedToShardedDeviceOperation,32,1466.0
271360,,SliceDeviceOperation,1,1461.0
301056,,ConcatDeviceOperation,1,1460.0
2451456,1,ShardedToInterleavedDeviceOperation,32,1445.0
2325504,1,InterleavedToShardedDeviceOperation,32,1430.0
2509824,1,InterleavedToShardedDeviceOperation,32,1430.0
398336,,ConcatDeviceOperation,1,1426.0
324608,,ConcatDeviceOperation,1,1425.0
442368,,ConcatDeviceOperation,1,1425.0
593920,,ConcatDeviceOperation,1,1425.0
524288,,ConcatDeviceOperation,1,1422.0
691200,,ConcatDeviceOperation,1,1422.0
356352,,ConcatDeviceOperation,1,1420.0
493568,,ConcatDeviceOperation,1,1420.0
372736,,ConcatDeviceOperation,1,1419.0
555008,,ConcatDeviceOperation,1,1419.0
723968,,ConcatDeviceOperation,1,1419.0
509952,,ConcatDeviceOperation,1,1417.0
1654784,1,TypecastDeviceOperation,1,1417.0
2417664,1,InterleavedToShardedDeviceOperation,32,1417.0
738304,,ConcatDeviceOperation,1,1415.0
130048,,ConcatDeviceOperation,1,1414.0
247808,,SliceDeviceOperation,1,1414.0
2079744,1,InterleavedToShardedDeviceOperation,32,1411.0
1864704,1,InterleavedToShardedDeviceOperation,32,1409.0
2049024,1,InterleavedToShardedDeviceOperation,32,1408.0
2205696,1,ShardedToInterleavedDeviceOperation,32,1393.0
751616,,TypecastDeviceOperation,32,1390.0
2202624,1,InterleavedToShardedDeviceOperation,32,1385.0
1711104,1,InterleavedToShardedDeviceOperation,32,1365.0
1803264,1,InterleavedToShardedDeviceOperation,32,1354.0
2110464,1,InterleavedToShardedDeviceOperation,32,1354.0
233472,,SliceDeviceOperation,1,1348.0
2174976,1,ShardedToInterleavedDeviceOperation,32,1340.0
2264064,1,InterleavedToShardedDeviceOperation,32,1331.0
718848,,SliceDeviceOperation,1,1327.0
733184,,SliceDeviceOperation,1,1327.0
409600,,SliceDeviceOperation,1,1323.0
173056,,SliceDeviceOperation,1,1322.0
393216,,SliceDeviceOperation,1,1322.0
451584,,SliceDeviceOperation,1,1321.0
488448,,SliceDeviceOperation,1,1321.0
295936,,SliceDeviceOperation,1,1320.0
319488,,SliceDeviceOperation,1,1320.0
504832,,SliceDeviceOperation,1,1319.0
549888,,SliceDeviceOperation,1,1319.0
192512,,SliceDeviceOperation,1,1318.0
620544,,SliceDeviceOperation,1,1318.0
124928,,SliceDeviceOperation,1,1315.0
367616,,SliceDeviceOperation,1,1315.0
519168,,SliceDeviceOperation,1,1314.0
588800,,SliceDeviceOperation,1,1314.0
664576,,SliceDeviceOperation,1,1312.0
351232,,SliceDeviceOperation,1,1311.0
140288,,SliceDeviceOperation,1,1310.0
1895424,1,InterleavedToShardedDeviceOperation,32,1310.0
1956864,1,InterleavedToShardedDeviceOperation,32,1310.0
437248,,SliceDeviceOperation,1,1308.0
606208,,SliceDeviceOperation,1,1307.0
1987584,1,InterleavedToShardedDeviceOperation,32,1289.0
313344,,SliceDeviceOperation,1,1287.0
1837056,1,ShardedToInterleavedDeviceOperation,32,1265.0
434176,,SliceDeviceOperation,1,1256.0
2356224,1,InterleavedToShardedDeviceOperation,32,1243.0
2171904,1,InterleavedToShardedDeviceOperation,32,1223.0
727040,,SliceDeviceOperation,1,1222.0
348160,,SliceDeviceOperation,1,1217.0
2429952,1,InterleavedToShardedDeviceOperation,8,1213.0
2403328,1,ReshardDeviceOperation,8,1184.0
1666048,1,InterleavedToShardedDeviceOperation,32,1180.0
2153472,1,InterleavedToShardedDeviceOperation,8,1168.0
2337792,1,InterleavedToShardedDeviceOperation,8,1167.0
1165312,,ShardedToInterleavedDeviceOperation,12,1165.0
2307072,1,InterleavedToShardedDeviceOperation,8,1158.0
155648,,SliceDeviceOperation,1,1155.0
1349632,,ShardedToInterleavedDeviceOperation,12,1153.0
1042432,,ShardedToInterleavedDeviceOperation,12,1137.0
1969152,1,InterleavedToShardedDeviceOperation,8,1136.0
403456,,SliceDeviceOperation,1,1126.0
919552,,ShardedToInterleavedDeviceOperation,12,1125.0
227328,,SliceDeviceOperation,1,1118.0
501760,,SliceDeviceOperation,1,1118.0
603136,,SliceDeviceOperation,1,1118.0
1411072,,ShardedToInterleavedDeviceOperation,12,1115.0
448512,,SliceDeviceOperation,1,1114.0
712704,,SliceDeviceOperation,1,1114.0
152576,,SliceDeviceOperation,1,1113.0
289792,,SliceDeviceOperation,1,1113.0
585728,,SliceDeviceOperation,1,1113.0
169984,,SliceDeviceOperation,1,1112.0
166912,,SliceDeviceOperation,1,1111.0
189440,,SliceDeviceOperation,1,1111.0
230400,,SliceDeviceOperation,1,1111.0
268288,,SliceDeviceOperation,1,1111.0
316416,,SliceDeviceOperation,1,1111.0
516096,,SliceDeviceOperation,1,1111.0
543744,,SliceDeviceOperation,1,1111.0
658432,,SliceDeviceOperation,1,1111.0
679936,,SliceDeviceOperation,1,1111.0
292864,,SliceDeviceOperation,1,1110.0
364544,,SliceDeviceOperation,1,1110.0
485376,,SliceDeviceOperation,1,1110.0
390144,,SliceDeviceOperation,1,1109.0
980992,,ShardedToInterleavedDeviceOperation,12,1109.0
203776,,SliceDeviceOperation,1,1108.0
345088,,SliceDeviceOperation,1,1108.0
361472,,SliceDeviceOperation,1,1108.0
406528,,SliceDeviceOperation,1,1108.0
546816,,SliceDeviceOperation,1,1108.0
600064,,SliceDeviceOperation,1,1108.0
614400,,SliceDeviceOperation,1,1108.0
683008,,SliceDeviceOperation,1,1108.0
241664,,SliceDeviceOperation,1,1107.0
265216,,SliceDeviceOperation,1,1107.0
445440,,SliceDeviceOperation,1,1107.0
482304,,SliceDeviceOperation,1,1107.0
582656,,SliceDeviceOperation,1,1107.0
617472,,SliceDeviceOperation,1,1107.0
661504,,SliceDeviceOperation,1,1107.0
513024,,SliceDeviceOperation,1,1106.0
730112,,SliceDeviceOperation,1,1106.0
1472512,,ShardedToInterleavedDeviceOperation,12,1105.0
1564672,,ShardedToInterleavedDeviceOperation,12,1105.0
715776,,SliceDeviceOperation,1,1104.0
431104,,SliceDeviceOperation,1,1103.0
2061312,1,InterleavedToShardedDeviceOperation,8,1103.0
186368,,SliceDeviceOperation,1,1102.0
200704,,SliceDeviceOperation,1,1102.0
244736,,SliceDeviceOperation,1,1102.0
387072,,SliceDeviceOperation,1,1102.0
498688,,SliceDeviceOperation,1,1102.0
796672,,ShardedToInterleavedDeviceOperation,12,1101.0
134144,,SliceDeviceOperation,1,1100.0
1999872,1,InterleavedToShardedDeviceOperation,8,1099.0
1503232,,ShardedToInterleavedDeviceOperation,12,1097.0
118784,,SliceDeviceOperation,1,1094.0
121856,,SliceDeviceOperation,1,1094.0
137216,,SliceDeviceOperation,1,1094.0
1533952,,ShardedToInterleavedDeviceOperation,12,1090.0
888832,,ShardedToInterleavedDeviceOperation,12,1089.0
1134592,,ShardedToInterleavedDeviceOperation,12,1089.0
1257472,,ShardedToInterleavedDeviceOperation,12,1089.0
1595392,,ShardedToInterleavedDeviceOperation,12,1089.0
1626112,,ShardedToInterleavedDeviceOperation,12,1089.0
1938432,1,InterleavedToShardedDeviceOperation,8,1083.0
950272,,ShardedToInterleavedDeviceOperation,12,1080.0
1011712,,ShardedToInterleavedDeviceOperation,12,1077.0
1318912,,ShardedToInterleavedDeviceOperation,12,1077.0
858112,,ShardedToInterleavedDeviceOperation,12,1073.0
2184192,1,InterleavedToShardedDeviceOperation,8,1072.0
1380352,,ShardedToInterleavedDeviceOperation,12,1059.0
1103872,,ShardedToInterleavedDeviceOperation,12,1057.0
1073152,,ShardedToInterleavedDeviceOperation,12,1053.0
827392,,ShardedToInterleavedDeviceOperation,12,1033.0
1968128,1,ShardedToInterleavedDeviceOperation,12,1032.0
1196032,,ShardedToInterleavedDeviceOperation,12,1025.0
1226752,,ShardedToInterleavedDeviceOperation,12,1025.0
1441792,,ShardedToInterleavedDeviceOperation,12,1025.0
1722368,1,ShardedToInterleavedDeviceOperation,12,1025.0
2244608,1,ShardedToInterleavedDeviceOperation,12,1018.0
2522112,1,InterleavedToShardedDeviceOperation,8,1015.0
2336768,1,ShardedToInterleavedDeviceOperation,12,1014.0
2060288,1,ShardedToInterleavedDeviceOperation,12,1011.0
1631232,,ReshardDeviceOperation,8,1003.0
1288192,,ShardedToInterleavedDeviceOperation,12,1000.0
1783808,1,ShardedToInterleavedDeviceOperation,12,998.0
1937408,1,ShardedToInterleavedDeviceOperation,12,993.0
1846272,1,InterleavedToShardedDeviceOperation,8,991.0
893952,,ReshardDeviceOperation,8,982.0
1906688,1,ShardedToInterleavedDeviceOperation,12,982.0
2096128,1,ReshardDeviceOperation,8,980.0
1231872,,ReshardDeviceOperation,8,977.0
2249728,1,ReshardDeviceOperation,8,977.0
2311168,1,ReshardDeviceOperation,8,977.0
1108992,,ReshardDeviceOperation,8,976.0
1911808,1,ReshardDeviceOperation,8,975.0
2372608,1,ReshardDeviceOperation,8,974.0
863232,,ReshardDeviceOperation,8,968.0
1881088,1,ReshardDeviceOperation,8,968.0
2183168,1,ShardedToInterleavedDeviceOperation,12,966.0
1293312,,ReshardDeviceOperation,8,964.0
832512,,ReshardDeviceOperation,8,961.0
1784832,1,InterleavedToShardedDeviceOperation,8,960.0
924672,,ReshardDeviceOperation,8,955.0
1845248,1,ShardedToInterleavedDeviceOperation,12,953.0
1477632,,ReshardDeviceOperation,8,949.0
2214912,1,InterleavedToShardedDeviceOperation,8,948.0
801792,,ReshardDeviceOperation,8,947.0
1078272,,ReshardDeviceOperation,8,947.0
1850368,1,ReshardDeviceOperation,8,947.0
2276352,1,InterleavedToShardedDeviceOperation,8,947.0
1016832,,ReshardDeviceOperation,8,944.0
1170432,,ReshardDeviceOperation,8,944.0
986112,,ReshardDeviceOperation,8,940.0
2030592,1,InterleavedToShardedDeviceOperation,8,939.0
1139712,,ReshardDeviceOperation,8,938.0
1324032,,ReshardDeviceOperation,8,937.0
1446912,,ReshardDeviceOperation,8,936.0
1201152,,ReshardDeviceOperation,8,935.0
1262592,,ReshardDeviceOperation,8,934.0
1814528,1,ShardedToInterleavedDeviceOperation,12,934.0
2245632,1,InterleavedToShardedDeviceOperation,8,934.0
2367488,1,ShardedToInterleavedDeviceOperation,12,934.0
955392,,ReshardDeviceOperation,8,932.0
1723392,1,InterleavedToShardedDeviceOperation,8,932.0
1600512,,ReshardDeviceOperation,8,931.0
1385472,,ReshardDeviceOperation,8,929.0
2091008,1,ShardedToInterleavedDeviceOperation,12,929.0
797696,,InterleavedToShardedDeviceOperation,8,921.0
1691648,1,ShardedToInterleavedDeviceOperation,12,921.0
2368512,1,InterleavedToShardedDeviceOperation,8,921.0
1354752,,ReshardDeviceOperation,8,915.0
1788928,1,ReshardDeviceOperation,8,909.0
2526208,1,ReshardDeviceOperation,8,909.0
1416192,,ReshardDeviceOperation,8,908.0
1539072,,ReshardDeviceOperation,8,907.0
1569792,,ReshardDeviceOperation,8,907.0
2399232,1,InterleavedToShardedDeviceOperation,8,906.0
1289216,,InterleavedToShardedDeviceOperation,8,905.0
2398208,1,ShardedToInterleavedDeviceOperation,12,905.0
1942528,1,ReshardDeviceOperation,8,904.0
2092032,1,InterleavedToShardedDeviceOperation,8,904.0
1047552,,ReshardDeviceOperation,8,903.0
1696768,1,ReshardDeviceOperation,8,903.0
1508352,,ReshardDeviceOperation,8,901.0
2495488,1,ReshardDeviceOperation,8,900.0
2434048,1,ReshardDeviceOperation,8,899.0
1727488,1,ReshardDeviceOperation,8,897.0
1758208,1,ReshardDeviceOperation,8,897.0
2464768,1,ReshardDeviceOperation,8,896.0
2065408,1,ReshardDeviceOperation,8,895.0
1012736,,InterleavedToShardedDeviceOperation,8,894.0
1381376,,InterleavedToShardedDeviceOperation,8,894.0
1815552,1,InterleavedToShardedDeviceOperation,8,893.0
2034688,1,ReshardDeviceOperation,8,893.0
2341888,1,ReshardDeviceOperation,8,893.0
889856,,InterleavedToShardedDeviceOperation,8,892.0
2003968,1,ReshardDeviceOperation,8,892.0
1973248,1,ReshardDeviceOperation,8,891.0
2122752,1,InterleavedToShardedDeviceOperation,8,891.0
1819648,1,ReshardDeviceOperation,8,890.0
2152448,1,ShardedToInterleavedDeviceOperation,12,890.0
2126848,1,ReshardDeviceOperation,8,889.0
2157568,1,ReshardDeviceOperation,8,889.0
2213888,1,ShardedToInterleavedDeviceOperation,12,889.0
2188288,1,ReshardDeviceOperation,8,888.0
982016,,InterleavedToShardedDeviceOperation,8,885.0
2219008,1,ReshardDeviceOperation,8,883.0
951296,,InterleavedToShardedDeviceOperation,8,881.0
1258496,,InterleavedToShardedDeviceOperation,8,881.0
1627136,,InterleavedToShardedDeviceOperation,8,881.0
1754112,1,InterleavedToShardedDeviceOperation,8,881.0
1412096,,InterleavedToShardedDeviceOperation,8,879.0
1907712,1,InterleavedToShardedDeviceOperation,8,879.0
2280448,1,ReshardDeviceOperation,8,878.0
1998848,1,ShardedToInterleavedDeviceOperation,12,876.0
2306048,1,ShardedToInterleavedDeviceOperation,12,876.0
859136,,InterleavedToShardedDeviceOperation,8,875.0
1350656,,InterleavedToShardedDeviceOperation,8,874.0
1135616,,InterleavedToShardedDeviceOperation,8,873.0
1876992,1,InterleavedToShardedDeviceOperation,8,873.0
1596416,,InterleavedToShardedDeviceOperation,8,869.0
2275328,1,ShardedToInterleavedDeviceOperation,12,866.0
1197056,,InterleavedToShardedDeviceOperation,8,862.0
1104896,,InterleavedToShardedDeviceOperation,8,861.0
2121728,1,ShardedToInterleavedDeviceOperation,12,859.0
2521088,1,ShardedToInterleavedDeviceOperation,12,858.0
1534976,,InterleavedToShardedDeviceOperation,8,852.0
1565696,,InterleavedToShardedDeviceOperation,8,850.0
1692672,1,InterleavedToShardedDeviceOperation,8,850.0
828416,,InterleavedToShardedDeviceOperation,8,849.0
1043456,,InterleavedToShardedDeviceOperation,8,849.0
1074176,,InterleavedToShardedDeviceOperation,8,849.0
1227776,,InterleavedToShardedDeviceOperation,8,849.0
1473536,,InterleavedToShardedDeviceOperation,8,849.0
2029568,1,ShardedToInterleavedDeviceOperation,12,849.0
920576,,InterleavedToShardedDeviceOperation,8,848.0
1166336,,InterleavedToShardedDeviceOperation,8,848.0
1319936,,InterleavedToShardedDeviceOperation,8,848.0
2460672,1,InterleavedToShardedDeviceOperation,8,848.0
2428928,1,ShardedToInterleavedDeviceOperation,12,844.0
1753088,1,ShardedToInterleavedDeviceOperation,12,842.0
1442816,,InterleavedToShardedDeviceOperation,8,840.0
2491392,1,InterleavedToShardedDeviceOperation,8,840.0
1504256,,InterleavedToShardedDeviceOperation,8,838.0
2459648,1,ShardedToInterleavedDeviceOperation,12,833.0
1875968,1,ShardedToInterleavedDeviceOperation,12,820.0
2490368,1,ShardedToInterleavedDeviceOperation,12,802.0
2370560,1,BinaryNgDeviceOperation,64,575.0
2216960,1,BinaryNgDeviceOperation,64,573.0
2032640,1,BinaryNgDeviceOperation,64,570.0
2094080,1,BinaryNgDeviceOperation,64,569.0
1786880,1,BinaryNgDeviceOperation,64,568.0
2155520,1,BinaryNgDeviceOperation,64,568.0
2432000,1,BinaryNgDeviceOperation,64,567.0
1756160,1,BinaryNgDeviceOperation,64,566.0
2524160,1,BinaryNgDeviceOperation,64,563.0
1725440,1,BinaryNgDeviceOperation,64,560.0
1971200,1,BinaryNgDeviceOperation,64,560.0
2071552,1,BinaryNgDeviceOperation,64,559.0
2401280,1,BinaryNgDeviceOperation,64,559.0
1879040,1,BinaryNgDeviceOperation,64,558.0
2278400,1,BinaryNgDeviceOperation,64,558.0
1817600,1,BinaryNgDeviceOperation,64,557.0
2462720,1,BinaryNgDeviceOperation,64,557.0
1848320,1,BinaryNgDeviceOperation,64,556.0
2317312,1,BinaryNgDeviceOperation,64,556.0
2063360,1,BinaryNgDeviceOperation,64,554.0
2247680,1,BinaryNgDeviceOperation,64,554.0
1909760,1,BinaryNgDeviceOperation,64,553.0
2493440,1,BinaryNgDeviceOperation,64,553.0
2186240,1,BinaryNgDeviceOperation,64,552.0
1940480,1,BinaryNgDeviceOperation,64,549.0
2309120,1,BinaryNgDeviceOperation,64,549.0
2001920,1,BinaryNgDeviceOperation,64,547.0
2470912,1,BinaryNgDeviceOperation,64,547.0
2124800,1,BinaryNgDeviceOperation,64,546.0
1948672,1,BinaryNgDeviceOperation,64,545.0
1979392,1,BinaryNgDeviceOperation,64,545.0
2194432,1,BinaryNgDeviceOperation,64,545.0
2010112,1,BinaryNgDeviceOperation,64,542.0
1917952,1,BinaryNgDeviceOperation,64,540.0
2040832,1,BinaryNgDeviceOperation,64,540.0
2286592,1,BinaryNgDeviceOperation,64,540.0
2339840,1,BinaryNgDeviceOperation,64,540.0
2532352,1,BinaryNgDeviceOperation,64,540.0
1856512,1,BinaryNgDeviceOperation,64,538.0
2102272,1,BinaryNgDeviceOperation,64,536.0
2440192,1,BinaryNgDeviceOperation,64,536.0
1795072,1,BinaryNgDeviceOperation,64,534.0
2255872,1,BinaryNgDeviceOperation,64,534.0
2132992,1,BinaryNgDeviceOperation,64,533.0
2163712,1,BinaryNgDeviceOperation,64,533.0
2348032,1,BinaryNgDeviceOperation,64,533.0
2501632,1,BinaryNgDeviceOperation,64,533.0
1702912,1,BinaryNgDeviceOperation,64,532.0
1764352,1,BinaryNgDeviceOperation,64,532.0
1825792,1,BinaryNgDeviceOperation,64,530.0
2225152,1,BinaryNgDeviceOperation,64,530.0
2378752,1,BinaryNgDeviceOperation,64,528.0
2409472,1,BinaryNgDeviceOperation,64,528.0
1733632,1,BinaryNgDeviceOperation,64,527.0
1887232,1,BinaryNgDeviceOperation,64,524.0
1268736,,BinaryNgDeviceOperation,64,471.0
1537024,,BinaryNgDeviceOperation,64,465.0
1014784,,BinaryNgDeviceOperation,64,462.0
1045504,,BinaryNgDeviceOperation,64,460.0
1260544,,BinaryNgDeviceOperation,64,460.0
807936,,BinaryNgDeviceOperation,64,457.0
1383424,,BinaryNgDeviceOperation,64,457.0
1475584,,BinaryNgDeviceOperation,64,457.0
1022976,,BinaryNgDeviceOperation,64,456.0
1506304,,BinaryNgDeviceOperation,64,456.0
1106944,,BinaryNgDeviceOperation,64,453.0
1598464,,BinaryNgDeviceOperation,64,452.0
900096,,BinaryNgDeviceOperation,64,451.0
1360896,,BinaryNgDeviceOperation,64,451.0
1575936,,BinaryNgDeviceOperation,64,451.0
838656,,BinaryNgDeviceOperation,64,450.0
1321984,,BinaryNgDeviceOperation,64,450.0
1176576,,BinaryNgDeviceOperation,64,448.0
1352704,,BinaryNgDeviceOperation,64,448.0
861184,,BinaryNgDeviceOperation,64,447.0
1084416,,BinaryNgDeviceOperation,64,447.0
1137664,,BinaryNgDeviceOperation,64,446.0
1299456,,BinaryNgDeviceOperation,64,445.0
869376,,BinaryNgDeviceOperation,64,444.0
961536,,BinaryNgDeviceOperation,64,444.0
1291264,,BinaryNgDeviceOperation,64,444.0
953344,,BinaryNgDeviceOperation,64,443.0
1207296,,BinaryNgDeviceOperation,64,443.0
1115136,,BinaryNgDeviceOperation,64,442.0
1514496,,BinaryNgDeviceOperation,64,439.0
1629184,,BinaryNgDeviceOperation,64,439.0
1168384,,BinaryNgDeviceOperation,64,438.0
1229824,,BinaryNgDeviceOperation,64,438.0
1422336,,BinaryNgDeviceOperation,64,438.0
1444864,,BinaryNgDeviceOperation,64,438.0
984064,,BinaryNgDeviceOperation,64,437.0
922624,,BinaryNgDeviceOperation,64,436.0
891904,,BinaryNgDeviceOperation,64,435.0
1053696,,BinaryNgDeviceOperation,64,435.0
1145856,,BinaryNgDeviceOperation,64,434.0
1238016,,BinaryNgDeviceOperation,64,433.0
1567744,,BinaryNgDeviceOperation,64,433.0
1330176,,BinaryNgDeviceOperation,64,431.0
1453056,,BinaryNgDeviceOperation,64,430.0
1545216,,BinaryNgDeviceOperation,64,430.0
830464,,BinaryNgDeviceOperation,64,429.0
1076224,,BinaryNgDeviceOperation,64,429.0
1391616,,BinaryNgDeviceOperation,64,429.0
1483776,,BinaryNgDeviceOperation,64,429.0
992256,,BinaryNgDeviceOperation,64,428.0
1414144,,BinaryNgDeviceOperation,64,428.0
1199104,,BinaryNgDeviceOperation,64,427.0
1637376,,BinaryNgDeviceOperation,64,427.0
1606656,,BinaryNgDeviceOperation,64,423.0
930816,,BinaryNgDeviceOperation,64,422.0
