op_id,replay,op_name,cores,duration_ns
1854464,,MatmulDeviceOperation,64,3566087.0
3231744,1,MatmulDeviceOperation,44,3548037.0
1857536,,ArgMaxDeviceOperation,64,2724642.0
3234816,1,ArgMaxDeviceOperation,44,2721084.0
313344,,CopyDeviceOperation,64,858304.0
379904,,CopyDeviceOperation,64,837568.0
307200,,CopyDeviceOperation,64,833155.0
296960,,CopyDeviceOperation,64,813807.0
480256,,CopyDeviceOperation,64,805964.0
361472,,CopyDeviceOperation,64,801973.0
448512,,CopyDeviceOperation,64,800666.0
325632,,CopyDeviceOperation,64,800572.0
389120,,CopyDeviceOperation,64,799634.0
314368,,CopyDeviceOperation,64,799533.0
470016,,CopyDeviceOperation,64,799462.0
439296,,CopyDeviceOperation,64,797734.0
342016,,CopyDeviceOperation,64,796951.0
450560,,CopyDeviceOperation,64,795814.0
321536,,CopyDeviceOperation,64,793985.0
348160,,CopyDeviceOperation,64,792225.0
421888,,CopyDeviceOperation,64,791716.0
303104,,CopyDeviceOperation,64,791364.0
423936,,CopyDeviceOperation,64,791346.0
451584,,CopyDeviceOperation,64,791288.0
474112,,CopyDeviceOperation,64,788891.0
479232,,CopyDeviceOperation,64,787065.0
388096,,CopyDeviceOperation,64,787035.0
354304,,CopyDeviceOperation,64,786891.0
343040,,CopyDeviceOperation,64,786543.0
456704,,CopyDeviceOperation,64,786407.0
408576,,CopyDeviceOperation,64,785714.0
319488,,CopyDeviceOperation,64,784179.0
305152,,CopyDeviceOperation,64,782953.0
457728,,CopyDeviceOperation,64,782903.0
435200,,CopyDeviceOperation,64,782839.0
329728,,CopyDeviceOperation,64,782677.0
458752,,CopyDeviceOperation,64,781999.0
306176,,CopyDeviceOperation,64,781654.0
377856,,CopyDeviceOperation,64,781196.0
466944,,CopyDeviceOperation,64,781034.0
362496,,CopyDeviceOperation,64,780557.0
375808,,CopyDeviceOperation,64,779847.0
392192,,CopyDeviceOperation,64,779818.0
401408,,CopyDeviceOperation,64,779787.0
472064,,CopyDeviceOperation,64,779619.0
406528,,CopyDeviceOperation,64,778752.0
364544,,CopyDeviceOperation,64,778116.0
422912,,CopyDeviceOperation,64,777686.0
334848,,CopyDeviceOperation,64,777560.0
473088,,CopyDeviceOperation,64,777059.0
396288,,CopyDeviceOperation,64,775989.0
353280,,CopyDeviceOperation,64,775812.0
315392,,CopyDeviceOperation,64,775628.0
316416,,CopyDeviceOperation,64,775223.0
332800,,CopyDeviceOperation,64,773897.0
425984,,CopyDeviceOperation,64,773822.0
436224,,CopyDeviceOperation,64,772836.0
337920,,CopyDeviceOperation,64,771994.0
318464,,CopyDeviceOperation,64,771729.0
446464,,CopyDeviceOperation,64,771488.0
404480,,CopyDeviceOperation,64,771151.0
376832,,CopyDeviceOperation,64,770359.0
453632,,CopyDeviceOperation,64,770111.0
365568,,CopyDeviceOperation,64,769216.0
324608,,CopyDeviceOperation,64,767978.0
378880,,CopyDeviceOperation,64,767539.0
400384,,CopyDeviceOperation,64,767066.0
429056,,CopyDeviceOperation,64,766453.0
427008,,CopyDeviceOperation,64,765359.0
347136,,CopyDeviceOperation,64,765284.0
399360,,CopyDeviceOperation,64,764850.0
336896,,CopyDeviceOperation,64,762420.0
322560,,CopyDeviceOperation,64,762071.0
344064,,CopyDeviceOperation,64,761847.0
350208,,CopyDeviceOperation,64,761577.0
299008,,CopyDeviceOperation,64,759925.0
385024,,CopyDeviceOperation,64,746020.0
386048,,CopyDeviceOperation,64,741711.0
462848,,CopyDeviceOperation,64,738304.0
331776,,CopyDeviceOperation,64,735312.0
310272,,CopyDeviceOperation,64,733755.0
381952,,CopyDeviceOperation,64,733113.0
415744,,CopyDeviceOperation,64,729401.0
418816,,CopyDeviceOperation,64,725007.0
351232,,CopyDeviceOperation,64,724430.0
403456,,CopyDeviceOperation,64,723845.0
339968,,CopyDeviceOperation,64,722433.0
356352,,CopyDeviceOperation,64,721619.0
352256,,CopyDeviceOperation,64,719567.0
345088,,CopyDeviceOperation,64,717953.0
409600,,CopyDeviceOperation,64,713585.0
384000,,CopyDeviceOperation,64,713188.0
387072,,CopyDeviceOperation,64,712088.0
355328,,CopyDeviceOperation,64,711830.0
477184,,CopyDeviceOperation,64,711125.0
402432,,CopyDeviceOperation,64,711099.0
358400,,CopyDeviceOperation,64,705036.0
467968,,CopyDeviceOperation,64,703548.0
374784,,CopyDeviceOperation,64,702139.0
405504,,CopyDeviceOperation,64,701428.0
463872,,CopyDeviceOperation,64,700667.0
302080,,CopyDeviceOperation,64,696833.0
478208,,CopyDeviceOperation,64,694370.0
428032,,CopyDeviceOperation,64,689969.0
460800,,CopyDeviceOperation,64,687880.0
447488,,CopyDeviceOperation,64,687413.0
328704,,CopyDeviceOperation,64,684223.0
370688,,CopyDeviceOperation,64,682789.0
432128,,CopyDeviceOperation,64,681744.0
367616,,CopyDeviceOperation,64,679133.0
357376,,CopyDeviceOperation,64,678590.0
301056,,CopyDeviceOperation,64,677105.0
412672,,CopyDeviceOperation,64,407206.0
475136,,CopyDeviceOperation,64,403403.0
320512,,CopyDeviceOperation,64,402832.0
424960,,CopyDeviceOperation,64,401157.0
445440,,CopyDeviceOperation,64,399406.0
338944,,CopyDeviceOperation,64,398281.0
468992,,CopyDeviceOperation,64,398237.0
382976,,CopyDeviceOperation,64,397622.0
464896,,CopyDeviceOperation,64,396812.0
363520,,CopyDeviceOperation,64,395570.0
420864,,CopyDeviceOperation,64,395420.0
380928,,CopyDeviceOperation,64,394865.0
476160,,CopyDeviceOperation,64,394076.0
391168,,CopyDeviceOperation,64,393054.0
430080,,CopyDeviceOperation,64,392169.0
394240,,CopyDeviceOperation,64,391872.0
413696,,CopyDeviceOperation,64,391867.0
471040,,CopyDeviceOperation,64,391155.0
372736,,CopyDeviceOperation,64,391051.0
398336,,CopyDeviceOperation,64,390659.0
327680,,CopyDeviceOperation,64,390383.0
411648,,CopyDeviceOperation,64,390222.0
407552,,CopyDeviceOperation,64,389779.0
443392,,CopyDeviceOperation,64,389195.0
340992,,CopyDeviceOperation,64,388723.0
440320,,CopyDeviceOperation,64,388611.0
368640,,CopyDeviceOperation,64,387762.0
433152,,CopyDeviceOperation,64,387241.0
359424,,CopyDeviceOperation,64,386597.0
390144,,CopyDeviceOperation,64,386347.0
360448,,CopyDeviceOperation,64,385659.0
431104,,CopyDeviceOperation,64,385459.0
371712,,CopyDeviceOperation,64,384632.0
366592,,CopyDeviceOperation,64,382758.0
309248,,CopyDeviceOperation,64,381315.0
454656,,CopyDeviceOperation,64,381153.0
465920,,CopyDeviceOperation,64,279011.0
414720,,CopyDeviceOperation,64,274394.0
410624,,CopyDeviceOperation,64,264653.0
308224,,CopyDeviceOperation,64,262871.0
317440,,CopyDeviceOperation,64,261558.0
330752,,CopyDeviceOperation,64,260350.0
333824,,CopyDeviceOperation,64,258899.0
444416,,CopyDeviceOperation,64,258242.0
297984,,CopyDeviceOperation,64,257893.0
349184,,CopyDeviceOperation,64,257778.0
395264,,CopyDeviceOperation,64,257308.0
459776,,CopyDeviceOperation,64,256970.0
449536,,CopyDeviceOperation,64,256869.0
419840,,CopyDeviceOperation,64,256725.0
323584,,CopyDeviceOperation,64,256375.0
373760,,CopyDeviceOperation,64,256357.0
311296,,CopyDeviceOperation,64,256317.0
452608,,CopyDeviceOperation,64,256228.0
326656,,CopyDeviceOperation,64,256173.0
346112,,CopyDeviceOperation,64,255995.0
312320,,CopyDeviceOperation,64,255917.0
417792,,CopyDeviceOperation,64,255642.0
437248,,CopyDeviceOperation,64,255385.0
300032,,CopyDeviceOperation,64,255168.0
438272,,CopyDeviceOperation,64,255130.0
416768,,CopyDeviceOperation,64,255072.0
441344,,CopyDeviceOperation,64,254862.0
304128,,CopyDeviceOperation,64,254533.0
442368,,CopyDeviceOperation,64,254408.0
393216,,CopyDeviceOperation,64,254369.0
397312,,CopyDeviceOperation,64,253866.0
455680,,CopyDeviceOperation,64,253072.0
369664,,CopyDeviceOperation,64,252587.0
335872,,CopyDeviceOperation,64,250954.0
461824,,CopyDeviceOperation,64,248726.0
434176,,CopyDeviceOperation,64,248569.0
2528256,1,MatmulDeviceOperation,64,222486.0
1114112,,MatmulDeviceOperation,64,222455.0
1482752,,MatmulDeviceOperation,64,222385.0
2417664,1,MatmulDeviceOperation,64,222348.0
1187840,,MatmulDeviceOperation,64,222280.0
1335296,,MatmulDeviceOperation,64,222265.0
1409024,,MatmulDeviceOperation,64,222172.0
2343936,1,MatmulDeviceOperation,64,222136.0
2196480,1,MatmulDeviceOperation,64,222132.0
819200,,MatmulDeviceOperation,64,222126.0
2565120,1,MatmulDeviceOperation,64,222036.0
2638848,1,MatmulDeviceOperation,64,222003.0
1667072,,MatmulDeviceOperation,64,221980.0
1703936,,MatmulDeviceOperation,64,221970.0
2380800,1,MatmulDeviceOperation,64,221964.0
2159616,1,MatmulDeviceOperation,64,221954.0
2270208,1,MatmulDeviceOperation,64,221954.0
1556480,,MatmulDeviceOperation,64,221907.0
1519616,,MatmulDeviceOperation,64,221873.0
2122752,1,MatmulDeviceOperation,64,221868.0
1003520,,MatmulDeviceOperation,64,221866.0
2970624,1,MatmulDeviceOperation,60,221840.0
2860032,1,MatmulDeviceOperation,64,221828.0
2712576,1,MatmulDeviceOperation,64,221824.0
2012160,1,MatmulDeviceOperation,64,221814.0
2749440,1,MatmulDeviceOperation,64,221800.0
634880,,MatmulDeviceOperation,64,221781.0
3007488,1,MatmulDeviceOperation,60,221756.0
1298432,,MatmulDeviceOperation,64,221752.0
1975296,1,MatmulDeviceOperation,64,221752.0
1814528,,MatmulDeviceOperation,64,221689.0
856064,,MatmulDeviceOperation,64,221687.0
1777664,,MatmulDeviceOperation,64,221615.0
2085888,1,MatmulDeviceOperation,64,221603.0
1740800,,MatmulDeviceOperation,64,221602.0
2896896,1,MatmulDeviceOperation,60,221598.0
782336,,MatmulDeviceOperation,64,221588.0
2823168,1,MatmulDeviceOperation,64,221588.0
2307072,1,MatmulDeviceOperation,64,221585.0
2233344,1,MatmulDeviceOperation,64,221576.0
561152,,MatmulDeviceOperation,64,221564.0
2601984,1,MatmulDeviceOperation,64,221550.0
745472,,MatmulDeviceOperation,64,221520.0
2491392,1,MatmulDeviceOperation,64,221513.0
1630208,,MatmulDeviceOperation,64,221511.0
1224704,,MatmulDeviceOperation,64,221506.0
598016,,MatmulDeviceOperation,64,221478.0
2049024,1,MatmulDeviceOperation,64,221471.0
671744,,MatmulDeviceOperation,64,221449.0
2933760,1,MatmulDeviceOperation,60,221418.0
1851392,,MatmulDeviceOperation,64,221412.0
966656,,MatmulDeviceOperation,64,221411.0
1593344,,MatmulDeviceOperation,64,221386.0
1261568,,MatmulDeviceOperation,64,221348.0
1077248,,MatmulDeviceOperation,64,221289.0
2786304,1,MatmulDeviceOperation,64,221259.0
892928,,MatmulDeviceOperation,64,221240.0
1445888,,MatmulDeviceOperation,64,221235.0
929792,,MatmulDeviceOperation,64,221234.0
708608,,MatmulDeviceOperation,64,221230.0
1150976,,MatmulDeviceOperation,64,221199.0
2454528,1,MatmulDeviceOperation,64,221195.0
1372160,,MatmulDeviceOperation,64,221192.0
2675712,1,MatmulDeviceOperation,64,221155.0
1938432,1,MatmulDeviceOperation,64,221128.0
1040384,,MatmulDeviceOperation,64,220947.0
1183744,,MatmulDeviceOperation,64,219396.0
3081216,1,MatmulDeviceOperation,48,219382.0
3228672,1,MatmulDeviceOperation,44,219368.0
3118080,1,MatmulDeviceOperation,44,219339.0
962560,,MatmulDeviceOperation,64,219266.0
3044352,1,MatmulDeviceOperation,48,219260.0
1221632,,MatmulDeviceOperation,64,219220.0
925696,,MatmulDeviceOperation,64,219218.0
558080,,MatmulDeviceOperation,64,219204.0
1662976,,MatmulDeviceOperation,64,219182.0
3191808,1,MatmulDeviceOperation,44,219098.0
1811456,,MatmulDeviceOperation,64,219085.0
3154944,1,MatmulDeviceOperation,44,219064.0
1294336,,MatmulDeviceOperation,64,219054.0
2229248,1,MatmulDeviceOperation,64,219019.0
3003392,1,MatmulDeviceOperation,60,218990.0
704512,,MatmulDeviceOperation,64,218940.0
2008064,1,MatmulDeviceOperation,64,218921.0
1405952,,MatmulDeviceOperation,64,218874.0
888832,,MatmulDeviceOperation,64,218865.0
2745344,1,MatmulDeviceOperation,64,218864.0
999424,,MatmulDeviceOperation,64,218820.0
1368064,,MatmulDeviceOperation,64,218785.0
1774592,,MatmulDeviceOperation,64,218785.0
1934336,1,MatmulDeviceOperation,64,218753.0
1073152,,MatmulDeviceOperation,64,218747.0
1258496,,MatmulDeviceOperation,64,218669.0
1590272,,MatmulDeviceOperation,64,218668.0
1552384,,MatmulDeviceOperation,64,218660.0
1847296,,MatmulDeviceOperation,64,218660.0
1971200,1,MatmulDeviceOperation,64,218650.0
2819072,1,MatmulDeviceOperation,64,218641.0
2561024,1,MatmulDeviceOperation,64,218633.0
1000448,,MatmulDeviceOperation,64,218629.0
630784,,MatmulDeviceOperation,64,218626.0
2967552,1,MatmulDeviceOperation,60,218624.0
1332224,,MatmulDeviceOperation,64,218623.0
2266112,1,MatmulDeviceOperation,64,218607.0
1442816,,MatmulDeviceOperation,64,218604.0
631808,,MatmulDeviceOperation,64,218595.0
557056,,MatmulDeviceOperation,64,218588.0
1627136,,MatmulDeviceOperation,64,218574.0
2009088,1,MatmulDeviceOperation,64,218555.0
926720,,MatmulDeviceOperation,64,218551.0
889856,,MatmulDeviceOperation,64,218542.0
1074176,,MatmulDeviceOperation,64,218534.0
3187712,1,MatmulDeviceOperation,44,218522.0
2118656,1,MatmulDeviceOperation,64,218502.0
1220608,,MatmulDeviceOperation,64,218501.0
1184768,,MatmulDeviceOperation,64,218484.0
705536,,MatmulDeviceOperation,64,218483.0
2450432,1,MatmulDeviceOperation,64,218478.0
1036288,,MatmulDeviceOperation,64,218476.0
2155520,1,MatmulDeviceOperation,64,218467.0
667648,,MatmulDeviceOperation,64,218462.0
1737728,,MatmulDeviceOperation,64,218462.0
2634752,1,MatmulDeviceOperation,64,218453.0
2597888,1,MatmulDeviceOperation,64,218452.0
2598912,1,MatmulDeviceOperation,64,218449.0
1295360,,MatmulDeviceOperation,64,218437.0
1589248,,MatmulDeviceOperation,64,218429.0
1111040,,MatmulDeviceOperation,64,218428.0
2856960,1,MatmulDeviceOperation,64,218422.0
816128,,MatmulDeviceOperation,64,218404.0
852992,,MatmulDeviceOperation,64,218402.0
1257472,,MatmulDeviceOperation,64,218399.0
1848320,,MatmulDeviceOperation,64,218386.0
1478656,,MatmulDeviceOperation,64,218369.0
2339840,1,MatmulDeviceOperation,64,218368.0
3004416,1,MatmulDeviceOperation,60,218367.0
2855936,1,MatmulDeviceOperation,64,218364.0
1404928,,MatmulDeviceOperation,64,218355.0
1515520,,MatmulDeviceOperation,64,218342.0
742400,,MatmulDeviceOperation,64,218340.0
1479680,,MatmulDeviceOperation,64,218317.0
741376,,MatmulDeviceOperation,64,218315.0
1037312,,MatmulDeviceOperation,64,218314.0
1700864,,MatmulDeviceOperation,64,218314.0
851968,,MatmulDeviceOperation,64,218307.0
1516544,,MatmulDeviceOperation,64,218300.0
1773568,,MatmulDeviceOperation,64,218298.0
1810432,,MatmulDeviceOperation,64,218296.0
2082816,1,MatmulDeviceOperation,64,218293.0
1553408,,MatmulDeviceOperation,64,218286.0
2267136,1,MatmulDeviceOperation,64,218279.0
1699840,,MatmulDeviceOperation,64,218267.0
1626112,,MatmulDeviceOperation,64,218264.0
2892800,1,MatmulDeviceOperation,63,218252.0
1147904,,MatmulDeviceOperation,64,218249.0
593920,,MatmulDeviceOperation,64,218246.0
2783232,1,MatmulDeviceOperation,64,218236.0
1331200,,MatmulDeviceOperation,64,218232.0
2929664,1,MatmulDeviceOperation,60,218232.0
1972224,1,MatmulDeviceOperation,64,218226.0
2044928,1,MatmulDeviceOperation,64,218222.0
1146880,,MatmulDeviceOperation,64,218203.0
1369088,,MatmulDeviceOperation,64,218198.0
1441792,,MatmulDeviceOperation,64,218185.0
3040256,1,MatmulDeviceOperation,48,218178.0
1110016,,MatmulDeviceOperation,64,218176.0
2230272,1,MatmulDeviceOperation,64,218153.0
963584,,MatmulDeviceOperation,64,218136.0
2377728,1,MatmulDeviceOperation,64,218132.0
2488320,1,MatmulDeviceOperation,64,218130.0
815104,,MatmulDeviceOperation,64,218127.0
2671616,1,MatmulDeviceOperation,64,218122.0
1736704,,MatmulDeviceOperation,64,218087.0
2304000,1,MatmulDeviceOperation,64,218079.0
778240,,MatmulDeviceOperation,64,218052.0
2376704,1,MatmulDeviceOperation,64,218051.0
594944,,MatmulDeviceOperation,64,218049.0
2708480,1,MatmulDeviceOperation,64,218041.0
3150848,1,MatmulDeviceOperation,44,218034.0
779264,,MatmulDeviceOperation,64,218024.0
1664000,,MatmulDeviceOperation,64,218008.0
2524160,1,MatmulDeviceOperation,64,217974.0
2966528,1,MatmulDeviceOperation,60,217970.0
3041280,1,MatmulDeviceOperation,48,217969.0
3115008,1,MatmulDeviceOperation,44,217962.0
2340864,1,MatmulDeviceOperation,64,217950.0
2045952,1,MatmulDeviceOperation,64,217944.0
2746368,1,MatmulDeviceOperation,64,217884.0
2192384,1,MatmulDeviceOperation,64,217878.0
2893824,1,MatmulDeviceOperation,63,217878.0
668672,,MatmulDeviceOperation,64,217873.0
2709504,1,MatmulDeviceOperation,64,217859.0
3113984,1,MatmulDeviceOperation,44,217857.0
2487296,1,MatmulDeviceOperation,64,217850.0
2414592,1,MatmulDeviceOperation,64,217821.0
2156544,1,MatmulDeviceOperation,64,217818.0
2119680,1,MatmulDeviceOperation,64,217781.0
2820096,1,MatmulDeviceOperation,64,217755.0
3078144,1,MatmulDeviceOperation,48,217684.0
2302976,1,MatmulDeviceOperation,64,217682.0
2635776,1,MatmulDeviceOperation,64,217673.0
2413568,1,MatmulDeviceOperation,64,217631.0
2782208,1,MatmulDeviceOperation,64,217620.0
3077120,1,MatmulDeviceOperation,48,217603.0
2562048,1,MatmulDeviceOperation,64,217572.0
3224576,1,MatmulDeviceOperation,44,217572.0
2451456,1,MatmulDeviceOperation,64,217552.0
3225600,1,MatmulDeviceOperation,44,217549.0
2081792,1,MatmulDeviceOperation,64,217536.0
2193408,1,MatmulDeviceOperation,64,217501.0
1935360,1,MatmulDeviceOperation,64,217491.0
2672640,1,MatmulDeviceOperation,64,217471.0
2930688,1,MatmulDeviceOperation,60,217428.0
2525184,1,MatmulDeviceOperation,64,217414.0
3188736,1,MatmulDeviceOperation,44,217367.0
3151872,1,MatmulDeviceOperation,44,217308.0
3233792,1,UntilizeDeviceOperation,43,134374.0
1856512,,UntilizeDeviceOperation,63,132443.0
2937856,1,MatmulDeviceOperation,60,116360.0
3011584,1,MatmulDeviceOperation,60,115881.0
2311168,1,MatmulDeviceOperation,64,115847.0
2827264,1,MatmulDeviceOperation,64,115798.0
2642944,1,MatmulDeviceOperation,64,115793.0
2974720,1,MatmulDeviceOperation,60,115753.0
2900992,1,MatmulDeviceOperation,60,115744.0
2348032,1,MatmulDeviceOperation,64,115741.0
565248,,MatmulDeviceOperation,64,115708.0
2421760,1,MatmulDeviceOperation,64,115707.0
2458624,1,MatmulDeviceOperation,64,115698.0
823296,,MatmulDeviceOperation,64,115660.0
2716672,1,MatmulDeviceOperation,64,115653.0
2237440,1,MatmulDeviceOperation,64,115530.0
2274304,1,MatmulDeviceOperation,64,115516.0
2016256,1,MatmulDeviceOperation,64,115475.0
2126848,1,MatmulDeviceOperation,64,115463.0
1044480,,MatmulDeviceOperation,64,115424.0
2679808,1,MatmulDeviceOperation,64,115424.0
1376256,,MatmulDeviceOperation,64,115420.0
2200576,1,MatmulDeviceOperation,64,115420.0
2569216,1,MatmulDeviceOperation,64,115417.0
638976,,MatmulDeviceOperation,64,115408.0
2163712,1,MatmulDeviceOperation,64,115401.0
749568,,MatmulDeviceOperation,64,115358.0
1979392,1,MatmulDeviceOperation,64,115346.0
1781760,,MatmulDeviceOperation,64,115301.0
1265664,,MatmulDeviceOperation,64,115261.0
1155072,,MatmulDeviceOperation,64,115226.0
602112,,MatmulDeviceOperation,64,115214.0
1523712,,MatmulDeviceOperation,64,115202.0
2495488,1,MatmulDeviceOperation,64,115196.0
712704,,MatmulDeviceOperation,64,115188.0
970752,,MatmulDeviceOperation,64,115164.0
1413120,,MatmulDeviceOperation,64,115158.0
1671168,,MatmulDeviceOperation,64,115157.0
1118208,,MatmulDeviceOperation,64,115139.0
494592,,MatmulDeviceOperation,64,115113.0
897024,,MatmulDeviceOperation,64,115107.0
1744896,,MatmulDeviceOperation,64,115104.0
1560576,,MatmulDeviceOperation,64,115092.0
675840,,MatmulDeviceOperation,64,115070.0
933888,,MatmulDeviceOperation,64,115062.0
2864128,1,MatmulDeviceOperation,64,115054.0
1081344,,MatmulDeviceOperation,64,115036.0
1191936,,MatmulDeviceOperation,64,114993.0
2053120,1,MatmulDeviceOperation,64,114992.0
1228800,,MatmulDeviceOperation,64,114978.0
1486848,,MatmulDeviceOperation,64,114975.0
1007616,,MatmulDeviceOperation,64,114971.0
1818624,,MatmulDeviceOperation,64,114967.0
1302528,,MatmulDeviceOperation,64,114961.0
2753536,1,MatmulDeviceOperation,64,114928.0
2532352,1,MatmulDeviceOperation,64,114922.0
1634304,,MatmulDeviceOperation,64,114921.0
1708032,,MatmulDeviceOperation,64,114915.0
860160,,MatmulDeviceOperation,64,114906.0
1597440,,MatmulDeviceOperation,64,114895.0
2606080,1,MatmulDeviceOperation,64,114848.0
1942528,1,MatmulDeviceOperation,64,114840.0
2089984,1,MatmulDeviceOperation,64,114827.0
1871872,1,MatmulDeviceOperation,64,114810.0
2790400,1,MatmulDeviceOperation,64,114801.0
2384896,1,MatmulDeviceOperation,64,114763.0
1449984,,MatmulDeviceOperation,64,114748.0
1339392,,MatmulDeviceOperation,64,114672.0
786432,,MatmulDeviceOperation,64,114523.0
3085312,1,MatmulDeviceOperation,48,114230.0
3048448,1,MatmulDeviceOperation,48,114176.0
3122176,1,MatmulDeviceOperation,44,114071.0
3159040,1,MatmulDeviceOperation,44,114058.0
3195904,1,MatmulDeviceOperation,44,113985.0
182272,,TilizeDeviceOperation,64,99256.0
218112,,TilizeDeviceOperation,64,99255.0
59392,,TilizeDeviceOperation,64,98799.0
119808,,TilizeDeviceOperation,64,98635.0
2048,,TilizeDeviceOperation,64,98300.0
242688,,TilizeDeviceOperation,64,97950.0
75776,,TilizeDeviceOperation,64,97935.0
239616,,TilizeDeviceOperation,64,97881.0
193536,,TilizeDeviceOperation,64,97872.0
70656,,TilizeDeviceOperation,64,97782.0
226304,,TilizeDeviceOperation,64,97708.0
83968,,TilizeDeviceOperation,64,97666.0
141312,,TilizeDeviceOperation,64,97658.0
165888,,TilizeDeviceOperation,64,97596.0
190464,,TilizeDeviceOperation,64,97500.0
34816,,TilizeDeviceOperation,64,97499.0
267264,,TilizeDeviceOperation,64,97431.0
198656,,TilizeDeviceOperation,64,97366.0
29696,,TilizeDeviceOperation,64,97322.0
37888,,TilizeDeviceOperation,64,97238.0
116736,,TilizeDeviceOperation,64,97233.0
250880,,TilizeDeviceOperation,64,97129.0
78848,,TilizeDeviceOperation,64,97101.0
136192,,TilizeDeviceOperation,64,97088.0
283648,,TilizeDeviceOperation,64,96903.0
5120,,TilizeDeviceOperation,64,96842.0
259072,,TilizeDeviceOperation,64,96819.0
291840,,TilizeDeviceOperation,64,96791.0
100352,,TilizeDeviceOperation,64,96787.0
201728,,TilizeDeviceOperation,64,96742.0
108544,,TilizeDeviceOperation,64,96718.0
264192,,TilizeDeviceOperation,64,96687.0
124928,,TilizeDeviceOperation,64,96631.0
92160,,TilizeDeviceOperation,64,96607.0
18432,,TilizeDeviceOperation,64,96596.0
62464,,TilizeDeviceOperation,64,96586.0
149504,,TilizeDeviceOperation,64,96510.0
54272,,TilizeDeviceOperation,64,96398.0
256000,,TilizeDeviceOperation,64,96393.0
111616,,TilizeDeviceOperation,64,96387.0
95232,,TilizeDeviceOperation,64,96361.0
280576,,TilizeDeviceOperation,64,96328.0
128000,,TilizeDeviceOperation,64,96278.0
103424,,TilizeDeviceOperation,64,96255.0
46080,,TilizeDeviceOperation,64,96223.0
231424,,TilizeDeviceOperation,64,96150.0
133120,,TilizeDeviceOperation,64,96149.0
177152,,TilizeDeviceOperation,64,96147.0
160768,,TilizeDeviceOperation,64,96144.0
288768,,TilizeDeviceOperation,64,96095.0
275456,,TilizeDeviceOperation,64,96079.0
51200,,TilizeDeviceOperation,64,96049.0
209920,,TilizeDeviceOperation,64,96021.0
87040,,TilizeDeviceOperation,64,95873.0
272384,,TilizeDeviceOperation,64,95854.0
223232,,TilizeDeviceOperation,64,95797.0
67584,,TilizeDeviceOperation,64,95653.0
43008,,TilizeDeviceOperation,64,95573.0
13312,,TilizeDeviceOperation,64,95567.0
26624,,TilizeDeviceOperation,64,95525.0
10240,,TilizeDeviceOperation,64,95478.0
206848,,TilizeDeviceOperation,64,95465.0
144384,,TilizeDeviceOperation,64,95417.0
168960,,TilizeDeviceOperation,64,95403.0
174080,,TilizeDeviceOperation,64,95318.0
247808,,TilizeDeviceOperation,64,95286.0
152576,,TilizeDeviceOperation,64,95210.0
215040,,TilizeDeviceOperation,64,94960.0
185344,,TilizeDeviceOperation,64,94918.0
157696,,TilizeDeviceOperation,64,94525.0
21504,,TilizeDeviceOperation,64,94510.0
234496,,TilizeDeviceOperation,64,94330.0
2298880,1,MatmulDeviceOperation,64,81778.0
1930240,1,MatmulDeviceOperation,64,81269.0
2003968,1,MatmulDeviceOperation,64,81186.0
2409472,1,MatmulDeviceOperation,64,81179.0
1658880,,MatmulDeviceOperation,64,81132.0
2520064,1,MatmulDeviceOperation,64,81127.0
2704384,1,MatmulDeviceOperation,64,81114.0
847872,,MatmulDeviceOperation,64,81074.0
2778112,1,MatmulDeviceOperation,64,81022.0
1142784,,MatmulDeviceOperation,64,80957.0
2593792,1,MatmulDeviceOperation,64,80947.0
1843200,,MatmulDeviceOperation,64,80916.0
1622016,,MatmulDeviceOperation,64,80906.0
626688,,MatmulDeviceOperation,64,80891.0
2335744,1,MatmulDeviceOperation,64,80875.0
2372608,1,MatmulDeviceOperation,64,80872.0
958464,,MatmulDeviceOperation,64,80834.0
1400832,,MatmulDeviceOperation,64,80832.0
1474560,,MatmulDeviceOperation,64,80800.0
2483200,1,MatmulDeviceOperation,64,80795.0
2114560,1,MatmulDeviceOperation,64,80789.0
811008,,MatmulDeviceOperation,64,80777.0
1290240,,MatmulDeviceOperation,64,80777.0
1069056,,MatmulDeviceOperation,64,80772.0
2741248,1,MatmulDeviceOperation,64,80754.0
2888704,1,MatmulDeviceOperation,63,80745.0
589824,,MatmulDeviceOperation,64,80711.0
995328,,MatmulDeviceOperation,64,80702.0
2630656,1,MatmulDeviceOperation,64,80688.0
1806336,,MatmulDeviceOperation,64,80677.0
1769472,,MatmulDeviceOperation,64,80668.0
2262016,1,MatmulDeviceOperation,64,80649.0
700416,,MatmulDeviceOperation,64,80645.0
774144,,MatmulDeviceOperation,64,80639.0
2667520,1,MatmulDeviceOperation,64,80630.0
2188288,1,MatmulDeviceOperation,64,80625.0
1253376,,MatmulDeviceOperation,64,80623.0
2999296,1,MatmulDeviceOperation,60,80610.0
1732608,,MatmulDeviceOperation,64,80593.0
884736,,MatmulDeviceOperation,64,80582.0
737280,,MatmulDeviceOperation,64,80563.0
2040832,1,MatmulDeviceOperation,64,80532.0
2446336,1,MatmulDeviceOperation,64,80523.0
2851840,1,MatmulDeviceOperation,64,80504.0
1363968,,MatmulDeviceOperation,64,80503.0
1179648,,MatmulDeviceOperation,64,80483.0
1105920,,MatmulDeviceOperation,64,80481.0
1327104,,MatmulDeviceOperation,64,80459.0
1695744,,MatmulDeviceOperation,64,80453.0
2556928,1,MatmulDeviceOperation,64,80448.0
2962432,1,MatmulDeviceOperation,60,80436.0
2077696,1,MatmulDeviceOperation,64,80427.0
2925568,1,MatmulDeviceOperation,60,80392.0
552960,,MatmulDeviceOperation,64,80380.0
663552,,MatmulDeviceOperation,64,80362.0
1511424,,MatmulDeviceOperation,64,80336.0
1032192,,MatmulDeviceOperation,64,80308.0
1437696,,MatmulDeviceOperation,64,80302.0
2814976,1,MatmulDeviceOperation,64,80293.0
1548288,,MatmulDeviceOperation,64,80282.0
1585152,,MatmulDeviceOperation,64,80280.0
1216512,,MatmulDeviceOperation,64,80263.0
2151424,1,MatmulDeviceOperation,64,80224.0
2225152,1,MatmulDeviceOperation,64,80117.0
1967104,1,MatmulDeviceOperation,64,80028.0
921600,,MatmulDeviceOperation,64,79974.0
3146752,1,MatmulDeviceOperation,44,79897.0
3036160,1,MatmulDeviceOperation,48,79532.0
3073024,1,MatmulDeviceOperation,48,79454.0
3220480,1,MatmulDeviceOperation,44,79279.0
3183616,1,MatmulDeviceOperation,44,79150.0
3109888,1,MatmulDeviceOperation,44,79144.0
1917952,1,SdpaDecodeDeviceOperation,64,75467.0
2585600,1,SdpaDecodeDeviceOperation,64,74552.0
2216960,1,SdpaDecodeDeviceOperation,64,74102.0
1995776,1,SdpaDecodeDeviceOperation,64,73983.0
3212288,1,SdpaDecodeDeviceOperation,44,73906.0
2917376,1,SdpaDecodeDeviceOperation,60,73899.0
2069504,1,SdpaDecodeDeviceOperation,64,73842.0
3027968,1,SdpaDecodeDeviceOperation,48,73753.0
2106368,1,SdpaDecodeDeviceOperation,64,73695.0
2253824,1,SdpaDecodeDeviceOperation,64,73484.0
2843648,1,SdpaDecodeDeviceOperation,64,73342.0
1171456,,SdpaDecodeDeviceOperation,64,73284.0
2364416,1,SdpaDecodeDeviceOperation,64,73268.0
655360,,SdpaDecodeDeviceOperation,64,73217.0
2511872,1,SdpaDecodeDeviceOperation,64,73163.0
2769920,1,SdpaDecodeDeviceOperation,64,73149.0
1024000,,SdpaDecodeDeviceOperation,64,73133.0
1503232,,SdpaDecodeDeviceOperation,64,73120.0
2880512,1,SdpaDecodeDeviceOperation,64,73021.0
3101696,1,SdpaDecodeDeviceOperation,48,72907.0
765952,,SdpaDecodeDeviceOperation,64,72744.0
913408,,SdpaDecodeDeviceOperation,64,72744.0
2143232,1,SdpaDecodeDeviceOperation,64,72662.0
3064832,1,SdpaDecodeDeviceOperation,48,72457.0
1208320,,SdpaDecodeDeviceOperation,64,72449.0
2438144,1,SdpaDecodeDeviceOperation,64,72429.0
2475008,1,SdpaDecodeDeviceOperation,64,72411.0
2548736,1,SdpaDecodeDeviceOperation,64,72371.0
950272,,SdpaDecodeDeviceOperation,64,72298.0
3175424,1,SdpaDecodeDeviceOperation,44,72190.0
2954240,1,SdpaDecodeDeviceOperation,60,72189.0
2991104,1,SdpaDecodeDeviceOperation,60,72167.0
2032640,1,SdpaDecodeDeviceOperation,64,72101.0
1097728,,SdpaDecodeDeviceOperation,64,72028.0
2401280,1,SdpaDecodeDeviceOperation,64,72007.0
987136,,SdpaDecodeDeviceOperation,64,72000.0
2327552,1,SdpaDecodeDeviceOperation,64,71988.0
1245184,,SdpaDecodeDeviceOperation,64,71940.0
1282048,,SdpaDecodeDeviceOperation,64,71934.0
2622464,1,SdpaDecodeDeviceOperation,64,71927.0
581632,,SdpaDecodeDeviceOperation,64,71894.0
3138560,1,SdpaDecodeDeviceOperation,44,71888.0
2290688,1,SdpaDecodeDeviceOperation,64,71880.0
2180096,1,SdpaDecodeDeviceOperation,64,71801.0
729088,,SdpaDecodeDeviceOperation,64,71750.0
1958912,1,SdpaDecodeDeviceOperation,64,71671.0
2659328,1,SdpaDecodeDeviceOperation,64,71624.0
2806784,1,SdpaDecodeDeviceOperation,64,71530.0
1650688,,SdpaDecodeDeviceOperation,64,71435.0
1134592,,SdpaDecodeDeviceOperation,64,71332.0
802816,,SdpaDecodeDeviceOperation,64,71252.0
839680,,SdpaDecodeDeviceOperation,64,71228.0
692224,,SdpaDecodeDeviceOperation,64,71214.0
1761280,,SdpaDecodeDeviceOperation,64,71201.0
876544,,SdpaDecodeDeviceOperation,64,71197.0
1540096,,SdpaDecodeDeviceOperation,64,71171.0
1318912,,SdpaDecodeDeviceOperation,64,71170.0
1392640,,SdpaDecodeDeviceOperation,64,71158.0
1687552,,SdpaDecodeDeviceOperation,64,71094.0
540672,,SdpaDecodeDeviceOperation,64,70996.0
1466368,,SdpaDecodeDeviceOperation,64,70970.0
1798144,,SdpaDecodeDeviceOperation,64,70952.0
1613824,,SdpaDecodeDeviceOperation,64,70883.0
2696192,1,SdpaDecodeDeviceOperation,64,70870.0
2733056,1,SdpaDecodeDeviceOperation,64,70808.0
1355776,,SdpaDecodeDeviceOperation,64,70685.0
112640,,TypecastDeviceOperation,64,70625.0
232448,,TypecastDeviceOperation,64,70594.0
1576960,,SdpaDecodeDeviceOperation,64,70570.0
88064,,TypecastDeviceOperation,64,70492.0
1835008,,SdpaDecodeDeviceOperation,64,70476.0
1724416,,SdpaDecodeDeviceOperation,64,70396.0
11264,,TypecastDeviceOperation,64,70355.0
1429504,,SdpaDecodeDeviceOperation,64,70343.0
101376,,TypecastDeviceOperation,64,70337.0
76800,,TypecastDeviceOperation,64,70233.0
618496,,SdpaDecodeDeviceOperation,64,70233.0
202752,,TypecastDeviceOperation,64,70179.0
166912,,TypecastDeviceOperation,64,70099.0
35840,,TypecastDeviceOperation,64,69966.0
153600,,TypecastDeviceOperation,64,69919.0
47104,,TypecastDeviceOperation,64,69899.0
60416,,TypecastDeviceOperation,64,69841.0
52224,,TypecastDeviceOperation,64,69834.0
257024,,TypecastDeviceOperation,64,69807.0
284672,,TypecastDeviceOperation,64,69799.0
178176,,TypecastDeviceOperation,64,69728.0
117760,,TypecastDeviceOperation,64,69698.0
22528,,TypecastDeviceOperation,64,69697.0
1060864,,SdpaDecodeDeviceOperation,64,69648.0
6144,,TypecastDeviceOperation,64,69620.0
1855488,,ShardedToInterleavedDeviceOperation,64,69545.0
129024,,TypecastDeviceOperation,64,69526.0
268288,,TypecastDeviceOperation,64,69362.0
3072,,TypecastDeviceOperation,64,69306.0
125952,,TypecastDeviceOperation,64,69259.0
137216,,TypecastDeviceOperation,64,69212.0
273408,,TypecastDeviceOperation,64,69212.0
191488,,TypecastDeviceOperation,64,69201.0
134144,,TypecastDeviceOperation,64,69173.0
142336,,TypecastDeviceOperation,64,69164.0
27648,,TypecastDeviceOperation,64,69146.0
281600,,TypecastDeviceOperation,64,69127.0
30720,,TypecastDeviceOperation,64,69026.0
150528,,TypecastDeviceOperation,64,69005.0
104448,,TypecastDeviceOperation,64,68948.0
243712,,TypecastDeviceOperation,64,68930.0
79872,,TypecastDeviceOperation,64,68885.0
71680,,TypecastDeviceOperation,64,68870.0
44032,,TypecastDeviceOperation,64,68867.0
55296,,TypecastDeviceOperation,64,68852.0
38912,,TypecastDeviceOperation,64,68843.0
186368,,TypecastDeviceOperation,64,68802.0
161792,,TypecastDeviceOperation,64,68716.0
84992,,TypecastDeviceOperation,64,68637.0
207872,,TypecastDeviceOperation,64,68637.0
219136,,TypecastDeviceOperation,64,68534.0
194560,,TypecastDeviceOperation,64,68489.0
260096,,TypecastDeviceOperation,64,68434.0
240640,,TypecastDeviceOperation,64,68354.0
169984,,TypecastDeviceOperation,64,68352.0
251904,,TypecastDeviceOperation,64,68303.0
292864,,TypecastDeviceOperation,64,68221.0
19456,,TypecastDeviceOperation,64,68180.0
216064,,TypecastDeviceOperation,64,68159.0
235520,,TypecastDeviceOperation,64,68048.0
248832,,TypecastDeviceOperation,64,67977.0
276480,,TypecastDeviceOperation,64,67962.0
289792,,TypecastDeviceOperation,64,67927.0
93184,,TypecastDeviceOperation,64,67838.0
120832,,TypecastDeviceOperation,64,67812.0
227328,,TypecastDeviceOperation,64,67776.0
183296,,TypecastDeviceOperation,64,67769.0
96256,,TypecastDeviceOperation,64,67688.0
14336,,TypecastDeviceOperation,64,67557.0
68608,,TypecastDeviceOperation,64,67516.0
3232768,1,ShardedToInterleavedDeviceOperation,44,67504.0
265216,,TypecastDeviceOperation,64,67496.0
109568,,TypecastDeviceOperation,64,67457.0
224256,,TypecastDeviceOperation,64,67454.0
145408,,TypecastDeviceOperation,64,67410.0
175104,,TypecastDeviceOperation,64,67405.0
158720,,TypecastDeviceOperation,64,67161.0
63488,,TypecastDeviceOperation,64,67138.0
199680,,TypecastDeviceOperation,64,66972.0
210944,,TypecastDeviceOperation,64,66719.0
490496,,EmbeddingsDeviceOperation,1,39323.0
1867776,1,EmbeddingsDeviceOperation,1,38881.0
1321984,,TernaryDeviceOperation,64,26843.0
1358848,,TernaryDeviceOperation,64,26823.0
953344,,TernaryDeviceOperation,64,26813.0
1248256,,TernaryDeviceOperation,64,26786.0
1690624,,TernaryDeviceOperation,64,26784.0
769024,,TernaryDeviceOperation,64,26781.0
1506304,,TernaryDeviceOperation,64,26765.0
547840,,TernaryDeviceOperation,64,26752.0
584704,,TernaryDeviceOperation,64,26746.0
621568,,TernaryDeviceOperation,64,26736.0
1543168,,TernaryDeviceOperation,64,26733.0
842752,,TernaryDeviceOperation,64,26728.0
1432576,,TernaryDeviceOperation,64,26708.0
1727488,,TernaryDeviceOperation,64,26703.0
1137664,,TernaryDeviceOperation,64,26702.0
695296,,TernaryDeviceOperation,64,26700.0
1580032,,TernaryDeviceOperation,64,26699.0
1764352,,TernaryDeviceOperation,64,26681.0
1063936,,TernaryDeviceOperation,64,26676.0
1653760,,TernaryDeviceOperation,64,26676.0
1100800,,TernaryDeviceOperation,64,26665.0
990208,,TernaryDeviceOperation,64,26656.0
805888,,TernaryDeviceOperation,64,26643.0
1211392,,TernaryDeviceOperation,64,26641.0
658432,,TernaryDeviceOperation,64,26638.0
879616,,TernaryDeviceOperation,64,26638.0
732160,,TernaryDeviceOperation,64,26609.0
1174528,,TernaryDeviceOperation,64,26608.0
1027072,,TernaryDeviceOperation,64,26585.0
1285120,,TernaryDeviceOperation,64,26580.0
1801216,,TernaryDeviceOperation,64,26562.0
1469440,,TernaryDeviceOperation,64,26559.0
1838080,,TernaryDeviceOperation,64,26552.0
916480,,TernaryDeviceOperation,64,26526.0
1616896,,TernaryDeviceOperation,64,26512.0
1395712,,TernaryDeviceOperation,64,26487.0
2183168,1,TernaryDeviceOperation,64,26404.0
2293760,1,TernaryDeviceOperation,64,26207.0
2699264,1,TernaryDeviceOperation,64,26023.0
2625536,1,TernaryDeviceOperation,64,25916.0
1961984,1,TernaryDeviceOperation,64,25828.0
1925120,1,TernaryDeviceOperation,64,25827.0
3141632,1,TernaryDeviceOperation,44,25807.0
2736128,1,TernaryDeviceOperation,64,25770.0
1998848,1,TernaryDeviceOperation,64,25667.0
3104768,1,TernaryDeviceOperation,48,25643.0
3178496,1,TernaryDeviceOperation,44,25514.0
2404352,1,TernaryDeviceOperation,64,25502.0
2367488,1,TernaryDeviceOperation,64,25444.0
2514944,1,TernaryDeviceOperation,64,25440.0
2478080,1,TernaryDeviceOperation,64,25352.0
2220032,1,TernaryDeviceOperation,64,25299.0
2072576,1,TernaryDeviceOperation,64,25285.0
2256896,1,TernaryDeviceOperation,64,25258.0
2035712,1,TernaryDeviceOperation,64,25241.0
2920448,1,TernaryDeviceOperation,60,25213.0
2441216,1,TernaryDeviceOperation,64,25186.0
2809856,1,TernaryDeviceOperation,64,25185.0
2109440,1,TernaryDeviceOperation,64,25184.0
2330624,1,TernaryDeviceOperation,64,25153.0
1899520,1,TernaryDeviceOperation,64,25141.0
2883584,1,TernaryDeviceOperation,63,25134.0
2551808,1,TernaryDeviceOperation,64,25130.0
3067904,1,TernaryDeviceOperation,48,25111.0
2588672,1,TernaryDeviceOperation,64,25095.0
3215360,1,TernaryDeviceOperation,44,25094.0
3031040,1,TernaryDeviceOperation,48,25078.0
2662400,1,TernaryDeviceOperation,64,25077.0
2146304,1,TernaryDeviceOperation,64,25049.0
2846720,1,TernaryDeviceOperation,64,25041.0
2957312,1,TernaryDeviceOperation,60,25039.0
2994176,1,TernaryDeviceOperation,60,25027.0
2772992,1,TernaryDeviceOperation,64,25016.0
522240,,TernaryDeviceOperation,64,24828.0
1981440,1,NLPCreateQKVHeadsDecodeDeviceOperation,32,20029.0
1415168,,NLPCreateQKVHeadsDecodeDeviceOperation,32,19748.0
677888,,NLPCreateQKVHeadsDecodeDeviceOperation,32,19691.0
751616,,NLPCreateQKVHeadsDecodeDeviceOperation,32,19671.0
496640,,NLPCreateQKVHeadsDecodeDeviceOperation,32,19670.0
641024,,NLPCreateQKVHeadsDecodeDeviceOperation,32,19663.0
1746944,,NLPCreateQKVHeadsDecodeDeviceOperation,32,19636.0
1820672,,NLPCreateQKVHeadsDecodeDeviceOperation,32,19636.0
1046528,,NLPCreateQKVHeadsDecodeDeviceOperation,32,19633.0
899072,,NLPCreateQKVHeadsDecodeDeviceOperation,32,19627.0
1230848,,NLPCreateQKVHeadsDecodeDeviceOperation,32,19627.0
1673216,,NLPCreateQKVHeadsDecodeDeviceOperation,32,19627.0
935936,,NLPCreateQKVHeadsDecodeDeviceOperation,32,19624.0
1193984,,NLPCreateQKVHeadsDecodeDeviceOperation,32,19618.0
1120256,,NLPCreateQKVHeadsDecodeDeviceOperation,32,19611.0
1267712,,NLPCreateQKVHeadsDecodeDeviceOperation,32,19609.0
788480,,NLPCreateQKVHeadsDecodeDeviceOperation,32,19607.0
1710080,,NLPCreateQKVHeadsDecodeDeviceOperation,32,19603.0
604160,,NLPCreateQKVHeadsDecodeDeviceOperation,32,19602.0
862208,,NLPCreateQKVHeadsDecodeDeviceOperation,32,19602.0
1452032,,NLPCreateQKVHeadsDecodeDeviceOperation,32,19596.0
825344,,NLPCreateQKVHeadsDecodeDeviceOperation,32,19594.0
567296,,NLPCreateQKVHeadsDecodeDeviceOperation,32,19589.0
1636352,,NLPCreateQKVHeadsDecodeDeviceOperation,32,19589.0
1009664,,NLPCreateQKVHeadsDecodeDeviceOperation,32,19586.0
1378304,,NLPCreateQKVHeadsDecodeDeviceOperation,32,19585.0
1599488,,NLPCreateQKVHeadsDecodeDeviceOperation,32,19579.0
1562624,,NLPCreateQKVHeadsDecodeDeviceOperation,32,19578.0
1083392,,NLPCreateQKVHeadsDecodeDeviceOperation,32,19575.0
1304576,,NLPCreateQKVHeadsDecodeDeviceOperation,32,19575.0
1525760,,NLPCreateQKVHeadsDecodeDeviceOperation,32,19574.0
1341440,,NLPCreateQKVHeadsDecodeDeviceOperation,32,19567.0
1157120,,NLPCreateQKVHeadsDecodeDeviceOperation,32,19566.0
1488896,,NLPCreateQKVHeadsDecodeDeviceOperation,32,19565.0
714752,,NLPCreateQKVHeadsDecodeDeviceOperation,32,19563.0
972800,,NLPCreateQKVHeadsDecodeDeviceOperation,32,19551.0
1783808,,NLPCreateQKVHeadsDecodeDeviceOperation,32,19528.0
2202624,1,NLPCreateQKVHeadsDecodeDeviceOperation,32,19364.0
3050496,1,NLPCreateQKVHeadsDecodeDeviceOperation,16,19334.0
2460672,1,NLPCreateQKVHeadsDecodeDeviceOperation,32,19326.0
2018304,1,NLPCreateQKVHeadsDecodeDeviceOperation,32,19317.0
2718720,1,NLPCreateQKVHeadsDecodeDeviceOperation,32,19315.0
2534400,1,NLPCreateQKVHeadsDecodeDeviceOperation,32,19295.0
1873920,1,NLPCreateQKVHeadsDecodeDeviceOperation,32,19292.0
2386944,1,NLPCreateQKVHeadsDecodeDeviceOperation,32,19287.0
3124224,1,NLPCreateQKVHeadsDecodeDeviceOperation,12,19282.0
2350080,1,NLPCreateQKVHeadsDecodeDeviceOperation,32,19274.0
2608128,1,NLPCreateQKVHeadsDecodeDeviceOperation,32,19270.0
2055168,1,NLPCreateQKVHeadsDecodeDeviceOperation,32,19266.0
2866176,1,NLPCreateQKVHeadsDecodeDeviceOperation,32,19264.0
2276352,1,NLPCreateQKVHeadsDecodeDeviceOperation,32,19263.0
2239488,1,NLPCreateQKVHeadsDecodeDeviceOperation,32,19256.0
2092032,1,NLPCreateQKVHeadsDecodeDeviceOperation,32,19234.0
2829312,1,NLPCreateQKVHeadsDecodeDeviceOperation,32,19234.0
3013632,1,NLPCreateQKVHeadsDecodeDeviceOperation,28,19232.0
2755584,1,NLPCreateQKVHeadsDecodeDeviceOperation,32,19230.0
2644992,1,NLPCreateQKVHeadsDecodeDeviceOperation,32,19222.0
2976768,1,NLPCreateQKVHeadsDecodeDeviceOperation,28,19219.0
2681856,1,NLPCreateQKVHeadsDecodeDeviceOperation,32,19218.0
2903040,1,NLPCreateQKVHeadsDecodeDeviceOperation,28,19218.0
2313216,1,NLPCreateQKVHeadsDecodeDeviceOperation,32,19213.0
2423808,1,NLPCreateQKVHeadsDecodeDeviceOperation,32,19211.0
1944576,1,NLPCreateQKVHeadsDecodeDeviceOperation,32,19207.0
2571264,1,NLPCreateQKVHeadsDecodeDeviceOperation,32,19204.0
2128896,1,NLPCreateQKVHeadsDecodeDeviceOperation,32,19202.0
2939904,1,NLPCreateQKVHeadsDecodeDeviceOperation,28,19202.0
2792448,1,NLPCreateQKVHeadsDecodeDeviceOperation,32,19198.0
2497536,1,NLPCreateQKVHeadsDecodeDeviceOperation,32,19189.0
3087360,1,NLPCreateQKVHeadsDecodeDeviceOperation,16,19183.0
2165760,1,NLPCreateQKVHeadsDecodeDeviceOperation,32,19182.0
3197952,1,NLPCreateQKVHeadsDecodeDeviceOperation,12,19171.0
3161088,1,NLPCreateQKVHeadsDecodeDeviceOperation,12,19130.0
2542592,1,PagedUpdateCacheDeviceOperation,32,18439.0
3198976,1,PagedUpdateCacheDeviceOperation,12,18048.0
2284544,1,PagedUpdateCacheDeviceOperation,32,17299.0
2210816,1,PagedUpdateCacheDeviceOperation,32,17083.0
1952768,1,PagedUpdateCacheDeviceOperation,32,16776.0
863232,,PagedUpdateCacheDeviceOperation,32,16747.0
2247680,1,PagedUpdateCacheDeviceOperation,32,16740.0
1989632,1,PagedUpdateCacheDeviceOperation,32,16671.0
1563648,,PagedUpdateCacheDeviceOperation,32,16644.0
1933312,1,LayerNormDeviceOperation,8,16639.0
2378752,1,BinaryNgDeviceOperation,64,16582.0
2157568,1,BinaryNgDeviceOperation,64,16536.0
1275904,,PagedUpdateCacheDeviceOperation,32,16527.0
2857984,1,BinaryNgDeviceOperation,64,16527.0
3005440,1,BinaryNgDeviceOperation,60,16523.0
2083840,1,BinaryNgDeviceOperation,64,16522.0
2120704,1,BinaryNgDeviceOperation,64,16520.0
2563072,1,BinaryNgDeviceOperation,64,16519.0
2673664,1,BinaryNgDeviceOperation,64,16519.0
2710528,1,BinaryNgDeviceOperation,64,16519.0
2784256,1,BinaryNgDeviceOperation,64,16519.0
2268160,1,BinaryNgDeviceOperation,64,16518.0
2636800,1,BinaryNgDeviceOperation,64,16518.0
2194432,1,BinaryNgDeviceOperation,64,16517.0
2415616,1,BinaryNgDeviceOperation,64,16517.0
2452480,1,BinaryNgDeviceOperation,64,16517.0
2046976,1,BinaryNgDeviceOperation,64,16516.0
2821120,1,BinaryNgDeviceOperation,64,16515.0
1973248,1,BinaryNgDeviceOperation,64,16514.0
2010112,1,BinaryNgDeviceOperation,64,16514.0
2894848,1,BinaryNgDeviceOperation,63,16514.0
3042304,1,BinaryNgDeviceOperation,48,16514.0
2526208,1,BinaryNgDeviceOperation,64,16513.0
3152896,1,BinaryNgDeviceOperation,44,16512.0
1936384,1,BinaryNgDeviceOperation,64,16511.0
2931712,1,BinaryNgDeviceOperation,60,16511.0
2489344,1,BinaryNgDeviceOperation,64,16510.0
2599936,1,BinaryNgDeviceOperation,64,16510.0
2747392,1,BinaryNgDeviceOperation,64,16510.0
3079168,1,BinaryNgDeviceOperation,48,16509.0
3189760,1,BinaryNgDeviceOperation,44,16509.0
3226624,1,BinaryNgDeviceOperation,44,16509.0
2305024,1,BinaryNgDeviceOperation,64,16508.0
3116032,1,BinaryNgDeviceOperation,44,16508.0
2968576,1,BinaryNgDeviceOperation,60,16507.0
2231296,1,BinaryNgDeviceOperation,64,16501.0
2341888,1,BinaryNgDeviceOperation,64,16501.0
1312768,,PagedUpdateCacheDeviceOperation,32,16444.0
2358272,1,PagedUpdateCacheDeviceOperation,32,16438.0
1222656,,BinaryNgDeviceOperation,64,16436.0
1112064,,BinaryNgDeviceOperation,64,16417.0
854016,,BinaryNgDeviceOperation,64,16413.0
890880,,BinaryNgDeviceOperation,64,16409.0
632832,,BinaryNgDeviceOperation,64,16405.0
1075200,,BinaryNgDeviceOperation,64,16405.0
1148928,,BinaryNgDeviceOperation,64,16405.0
780288,,BinaryNgDeviceOperation,64,16404.0
1554432,,BinaryNgDeviceOperation,64,16404.0
817152,,BinaryNgDeviceOperation,64,16402.0
1775616,,BinaryNgDeviceOperation,64,16401.0
706560,,BinaryNgDeviceOperation,64,16400.0
1480704,,BinaryNgDeviceOperation,64,16399.0
1185792,,BinaryNgDeviceOperation,64,16397.0
1738752,,BinaryNgDeviceOperation,64,16396.0
743424,,BinaryNgDeviceOperation,64,16395.0
927744,,BinaryNgDeviceOperation,64,16395.0
964608,,BinaryNgDeviceOperation,64,16395.0
1443840,,BinaryNgDeviceOperation,64,16395.0
1701888,,BinaryNgDeviceOperation,64,16394.0
595968,,BinaryNgDeviceOperation,64,16393.0
1370112,,BinaryNgDeviceOperation,64,16391.0
1296384,,BinaryNgDeviceOperation,64,16389.0
669696,,BinaryNgDeviceOperation,64,16388.0
1628160,,BinaryNgDeviceOperation,64,16388.0
559104,,BinaryNgDeviceOperation,64,16387.0
1517568,,BinaryNgDeviceOperation,64,16387.0
1591296,,BinaryNgDeviceOperation,64,16386.0
1259520,,BinaryNgDeviceOperation,64,16385.0
715776,,PagedUpdateCacheDeviceOperation,32,16382.0
1038336,,BinaryNgDeviceOperation,64,16380.0
1001472,,BinaryNgDeviceOperation,64,16379.0
1812480,,BinaryNgDeviceOperation,64,16379.0
1849344,,BinaryNgDeviceOperation,64,16377.0
1333248,,BinaryNgDeviceOperation,64,16376.0
1406976,,BinaryNgDeviceOperation,64,16376.0
1665024,,BinaryNgDeviceOperation,64,16360.0
488448,,ReshapeViewDeviceOperation,64,16345.0
1865728,1,ReshapeViewDeviceOperation,64,16286.0
535552,,TilizeDeviceOperation,32,16126.0
1342464,,PagedUpdateCacheDeviceOperation,32,16048.0
1644544,,PagedUpdateCacheDeviceOperation,32,15981.0
2940928,1,PagedUpdateCacheDeviceOperation,28,15948.0
1747968,,PagedUpdateCacheDeviceOperation,32,15942.0
3125248,1,PagedUpdateCacheDeviceOperation,12,15925.0
1158144,,PagedUpdateCacheDeviceOperation,32,15921.0
2646016,1,PagedUpdateCacheDeviceOperation,32,15907.0
3088384,1,PagedUpdateCacheDeviceOperation,16,15847.0
2505728,1,PagedUpdateCacheDeviceOperation,32,15826.0
2173952,1,PagedUpdateCacheDeviceOperation,32,15804.0
2387968,1,PagedUpdateCacheDeviceOperation,32,15738.0
936960,,PagedUpdateCacheDeviceOperation,32,15733.0
1379328,,PagedUpdateCacheDeviceOperation,32,15709.0
642048,,PagedUpdateCacheDeviceOperation,32,15688.0
2616320,1,PagedUpdateCacheDeviceOperation,32,15673.0
2904064,1,PagedUpdateCacheDeviceOperation,28,15666.0
678912,,PagedUpdateCacheDeviceOperation,32,15664.0
2911232,1,PagedUpdateCacheDeviceOperation,28,15657.0
2726912,1,PagedUpdateCacheDeviceOperation,32,15656.0
3095552,1,PagedUpdateCacheDeviceOperation,16,15565.0
2461696,1,PagedUpdateCacheDeviceOperation,32,15524.0
1195008,,PagedUpdateCacheDeviceOperation,32,15516.0
2468864,1,PagedUpdateCacheDeviceOperation,32,15502.0
722944,,PagedUpdateCacheDeviceOperation,32,15488.0
2137088,1,PagedUpdateCacheDeviceOperation,32,15478.0
2830336,1,PagedUpdateCacheDeviceOperation,32,15469.0
2321408,1,PagedUpdateCacheDeviceOperation,32,15460.0
3058688,1,PagedUpdateCacheDeviceOperation,16,15438.0
2948096,1,PagedUpdateCacheDeviceOperation,28,15401.0
1017856,,PagedUpdateCacheDeviceOperation,32,15392.0
2019328,1,PagedUpdateCacheDeviceOperation,32,15348.0
2874368,1,PagedUpdateCacheDeviceOperation,32,15326.0
944128,,PagedUpdateCacheDeviceOperation,32,15318.0
568320,,PagedUpdateCacheDeviceOperation,32,15304.0
2682880,1,PagedUpdateCacheDeviceOperation,32,15279.0
1533952,,PagedUpdateCacheDeviceOperation,32,15258.0
2203648,1,PagedUpdateCacheDeviceOperation,32,15243.0
2351104,1,PagedUpdateCacheDeviceOperation,32,15231.0
1460224,,PagedUpdateCacheDeviceOperation,32,15220.0
2653184,1,PagedUpdateCacheDeviceOperation,32,15208.0
2314240,1,PagedUpdateCacheDeviceOperation,32,15182.0
1231872,,PagedUpdateCacheDeviceOperation,32,15180.0
498688,,PagedUpdateCacheDeviceOperation,32,15167.0
2432000,1,PagedUpdateCacheDeviceOperation,32,15164.0
518144,,PagedUpdateCacheDeviceOperation,32,15162.0
3162112,1,PagedUpdateCacheDeviceOperation,12,15152.0
2837504,1,PagedUpdateCacheDeviceOperation,32,15131.0
3169280,1,PagedUpdateCacheDeviceOperation,12,15130.0
2166784,1,PagedUpdateCacheDeviceOperation,32,15114.0
1084416,,PagedUpdateCacheDeviceOperation,32,15113.0
1386496,,PagedUpdateCacheDeviceOperation,32,15108.0
3206144,1,PagedUpdateCacheDeviceOperation,12,15075.0
2800640,1,PagedUpdateCacheDeviceOperation,32,15047.0
1755136,,PagedUpdateCacheDeviceOperation,32,15037.0
612352,,PagedUpdateCacheDeviceOperation,32,15033.0
556032,,LayerNormDeviceOperation,8,15021.0
2535424,1,PagedUpdateCacheDeviceOperation,32,15017.0
1497088,,PagedUpdateCacheDeviceOperation,32,15009.0
1600512,,PagedUpdateCacheDeviceOperation,32,15008.0
2984960,1,PagedUpdateCacheDeviceOperation,28,15003.0
1489920,,PagedUpdateCacheDeviceOperation,32,15002.0
2100224,1,PagedUpdateCacheDeviceOperation,32,14987.0
1570816,,PagedUpdateCacheDeviceOperation,32,14981.0
686080,,PagedUpdateCacheDeviceOperation,32,14978.0
1121280,,PagedUpdateCacheDeviceOperation,32,14964.0
2424832,1,PagedUpdateCacheDeviceOperation,32,14960.0
2572288,1,PagedUpdateCacheDeviceOperation,32,14933.0
907264,,PagedUpdateCacheDeviceOperation,32,14916.0
649216,,PagedUpdateCacheDeviceOperation,32,14907.0
1792000,,PagedUpdateCacheDeviceOperation,32,14905.0
1828864,,PagedUpdateCacheDeviceOperation,32,14902.0
1674240,,PagedUpdateCacheDeviceOperation,32,14877.0
3021824,1,PagedUpdateCacheDeviceOperation,28,14872.0
1821696,,PagedUpdateCacheDeviceOperation,32,14871.0
2093056,1,PagedUpdateCacheDeviceOperation,32,14865.0
2690048,1,PagedUpdateCacheDeviceOperation,32,14858.0
1681408,,PagedUpdateCacheDeviceOperation,32,14857.0
1718272,,PagedUpdateCacheDeviceOperation,32,14850.0
1711104,,PagedUpdateCacheDeviceOperation,32,14831.0
973824,,PagedUpdateCacheDeviceOperation,32,14825.0
2763776,1,PagedUpdateCacheDeviceOperation,32,14807.0
1239040,,PagedUpdateCacheDeviceOperation,32,14795.0
1416192,,PagedUpdateCacheDeviceOperation,32,14793.0
1453056,,PagedUpdateCacheDeviceOperation,32,14791.0
980992,,PagedUpdateCacheDeviceOperation,32,14789.0
796672,,PagedUpdateCacheDeviceOperation,32,14726.0
1010688,,PagedUpdateCacheDeviceOperation,32,14700.0
3132416,1,PagedUpdateCacheDeviceOperation,12,14689.0
1349632,,PagedUpdateCacheDeviceOperation,32,14676.0
1526784,,PagedUpdateCacheDeviceOperation,32,14662.0
1268736,,PagedUpdateCacheDeviceOperation,32,14652.0
2056192,1,PagedUpdateCacheDeviceOperation,32,14647.0
1895424,1,PagedUpdateCacheDeviceOperation,32,14633.0
870400,,PagedUpdateCacheDeviceOperation,32,14628.0
2129920,1,PagedUpdateCacheDeviceOperation,32,14621.0
2395136,1,PagedUpdateCacheDeviceOperation,32,14617.0
1423360,,PagedUpdateCacheDeviceOperation,32,14569.0
789504,,PagedUpdateCacheDeviceOperation,32,14551.0
2026496,1,PagedUpdateCacheDeviceOperation,32,14544.0
2977792,1,PagedUpdateCacheDeviceOperation,28,14543.0
1305600,,PagedUpdateCacheDeviceOperation,32,14542.0
900096,,PagedUpdateCacheDeviceOperation,32,14540.0
1784832,,PagedUpdateCacheDeviceOperation,32,14538.0
2063360,1,PagedUpdateCacheDeviceOperation,32,14526.0
605184,,PagedUpdateCacheDeviceOperation,32,14513.0
1047552,,PagedUpdateCacheDeviceOperation,32,14477.0
3014656,1,PagedUpdateCacheDeviceOperation,28,14465.0
1128448,,PagedUpdateCacheDeviceOperation,32,14463.0
1054720,,PagedUpdateCacheDeviceOperation,32,14462.0
1875968,1,PagedUpdateCacheDeviceOperation,32,14453.0
1607680,,PagedUpdateCacheDeviceOperation,32,14448.0
2579456,1,PagedUpdateCacheDeviceOperation,32,14448.0
826368,,PagedUpdateCacheDeviceOperation,32,14442.0
1982464,1,PagedUpdateCacheDeviceOperation,32,14437.0
1202176,,PagedUpdateCacheDeviceOperation,32,14401.0
2240512,1,PagedUpdateCacheDeviceOperation,32,14398.0
752640,,PagedUpdateCacheDeviceOperation,32,14368.0
2609152,1,PagedUpdateCacheDeviceOperation,32,14358.0
1637376,,PagedUpdateCacheDeviceOperation,32,14345.0
1165312,,PagedUpdateCacheDeviceOperation,32,14331.0
2277376,1,PagedUpdateCacheDeviceOperation,32,14329.0
575488,,PagedUpdateCacheDeviceOperation,32,14297.0
1945600,1,PagedUpdateCacheDeviceOperation,32,14282.0
3051520,1,PagedUpdateCacheDeviceOperation,16,14256.0
2719744,1,PagedUpdateCacheDeviceOperation,32,14247.0
759808,,PagedUpdateCacheDeviceOperation,32,14233.0
2867200,1,PagedUpdateCacheDeviceOperation,32,14211.0
2756608,1,PagedUpdateCacheDeviceOperation,32,14200.0
2793472,1,PagedUpdateCacheDeviceOperation,32,14149.0
1091584,,PagedUpdateCacheDeviceOperation,32,14118.0
833536,,PagedUpdateCacheDeviceOperation,32,14111.0
2281472,1,RotaryEmbeddingDeviceOperation,32,14099.0
1986560,1,RotaryEmbeddingDeviceOperation,32,14039.0
3018752,1,RotaryEmbeddingDeviceOperation,28,13933.0
2498560,1,PagedUpdateCacheDeviceOperation,32,13908.0
793600,,RotaryEmbeddingDeviceOperation,32,13872.0
904192,,RotaryEmbeddingDeviceOperation,32,13750.0
1832960,,RotaryEmbeddingDeviceOperation,32,13675.0
1825792,,RotaryEmbeddingDeviceOperation,32,13662.0
1715200,,RotaryEmbeddingDeviceOperation,32,13648.0
1648640,,RotaryEmbeddingDeviceOperation,32,13637.0
1169408,,RotaryEmbeddingDeviceOperation,32,13621.0
1125376,,RotaryEmbeddingDeviceOperation,32,13619.0
719872,,RotaryEmbeddingDeviceOperation,32,13608.0
1390592,,RotaryEmbeddingDeviceOperation,32,13604.0
830464,,RotaryEmbeddingDeviceOperation,32,13602.0
1309696,,RotaryEmbeddingDeviceOperation,32,13529.0
1014784,,RotaryEmbeddingDeviceOperation,32,13521.0
683008,,RotaryEmbeddingDeviceOperation,32,13513.0
1796096,,RotaryEmbeddingDeviceOperation,32,13478.0
948224,,RotaryEmbeddingDeviceOperation,32,13466.0
690176,,RotaryEmbeddingDeviceOperation,32,13459.0
1199104,,RotaryEmbeddingDeviceOperation,32,13458.0
1501184,,RotaryEmbeddingDeviceOperation,32,13455.0
1132544,,RotaryEmbeddingDeviceOperation,32,13449.0
2264064,1,LayerNormDeviceOperation,64,13420.0
1494016,,RotaryEmbeddingDeviceOperation,32,13417.0
1604608,,RotaryEmbeddingDeviceOperation,32,13409.0
941056,,RotaryEmbeddingDeviceOperation,32,13403.0
1243136,,RotaryEmbeddingDeviceOperation,32,13392.0
1464320,,RotaryEmbeddingDeviceOperation,32,13392.0
1869824,1,LayerNormDeviceOperation,64,13386.0
1058816,,RotaryEmbeddingDeviceOperation,32,13382.0
1051648,,RotaryEmbeddingDeviceOperation,32,13376.0
867328,,RotaryEmbeddingDeviceOperation,32,13371.0
1346560,,RotaryEmbeddingDeviceOperation,32,13367.0
2190336,1,LayerNormDeviceOperation,64,13352.0
525312,,TilizeWithValPaddingDeviceOperation,32,13351.0
977920,,RotaryEmbeddingDeviceOperation,32,13344.0
579584,,RotaryEmbeddingDeviceOperation,32,13343.0
1574912,,RotaryEmbeddingDeviceOperation,32,13334.0
1530880,,RotaryEmbeddingDeviceOperation,32,13332.0
1206272,,RotaryEmbeddingDeviceOperation,32,13331.0
1420288,,RotaryEmbeddingDeviceOperation,32,13328.0
1280000,,RotaryEmbeddingDeviceOperation,32,13317.0
727040,,RotaryEmbeddingDeviceOperation,32,13316.0
1021952,,RotaryEmbeddingDeviceOperation,32,13315.0
800768,,RotaryEmbeddingDeviceOperation,32,13300.0
1316864,,RotaryEmbeddingDeviceOperation,32,13299.0
1902592,1,TilizeWithValPaddingDeviceOperation,32,13298.0
653312,,RotaryEmbeddingDeviceOperation,32,13289.0
1235968,,RotaryEmbeddingDeviceOperation,32,13285.0
985088,,RotaryEmbeddingDeviceOperation,32,13284.0
911360,,RotaryEmbeddingDeviceOperation,32,13280.0
646144,,RotaryEmbeddingDeviceOperation,32,13276.0
1722368,,RotaryEmbeddingDeviceOperation,32,13260.0
531456,,RotaryEmbeddingDeviceOperation,32,13253.0
616448,,RotaryEmbeddingDeviceOperation,32,13239.0
1641472,,RotaryEmbeddingDeviceOperation,32,13238.0
763904,,RotaryEmbeddingDeviceOperation,32,13236.0
1788928,,RotaryEmbeddingDeviceOperation,32,13236.0
1538048,,RotaryEmbeddingDeviceOperation,32,13235.0
1095680,,RotaryEmbeddingDeviceOperation,32,13215.0
1162240,,RotaryEmbeddingDeviceOperation,32,13214.0
609280,,RotaryEmbeddingDeviceOperation,32,13210.0
572416,,RotaryEmbeddingDeviceOperation,32,13207.0
1457152,,RotaryEmbeddingDeviceOperation,32,13176.0
515072,,RotaryEmbeddingDeviceOperation,32,13173.0
1427456,,RotaryEmbeddingDeviceOperation,32,13169.0
2006016,1,LayerNormDeviceOperation,64,13166.0
1353728,,RotaryEmbeddingDeviceOperation,32,13161.0
837632,,RotaryEmbeddingDeviceOperation,32,13154.0
1678336,,RotaryEmbeddingDeviceOperation,32,13152.0
2558976,1,LayerNormDeviceOperation,64,13148.0
1611776,,RotaryEmbeddingDeviceOperation,32,13144.0
2853888,1,LayerNormDeviceOperation,64,13141.0
2780160,1,LayerNormDeviceOperation,64,13133.0
2060288,1,RotaryEmbeddingDeviceOperation,32,13115.0
2485248,1,LayerNormDeviceOperation,64,13110.0
1088512,,RotaryEmbeddingDeviceOperation,32,13105.0
1685504,,RotaryEmbeddingDeviceOperation,32,13104.0
3001344,1,LayerNormDeviceOperation,60,13091.0
1752064,,RotaryEmbeddingDeviceOperation,32,13084.0
2153472,1,LayerNormDeviceOperation,64,13081.0
874496,,RotaryEmbeddingDeviceOperation,32,13059.0
3148800,1,LayerNormDeviceOperation,44,13056.0
3075072,1,LayerNormDeviceOperation,48,13048.0
1759232,,RotaryEmbeddingDeviceOperation,32,13036.0
1272832,,RotaryEmbeddingDeviceOperation,32,13034.0
2244608,1,RotaryEmbeddingDeviceOperation,32,13034.0
2927616,1,LayerNormDeviceOperation,60,13027.0
2337792,1,LayerNormDeviceOperation,64,13019.0
2411520,1,LayerNormDeviceOperation,64,13017.0
2632704,1,LayerNormDeviceOperation,64,13014.0
1383424,,RotaryEmbeddingDeviceOperation,32,13004.0
2419712,1,LayerNormDeviceOperation,64,13003.0
2706432,1,LayerNormDeviceOperation,64,12998.0
2116608,1,LayerNormDeviceOperation,64,12976.0
756736,,RotaryEmbeddingDeviceOperation,32,12975.0
1969152,1,LayerNormDeviceOperation,64,12975.0
2207744,1,RotaryEmbeddingDeviceOperation,32,12968.0
2945024,1,RotaryEmbeddingDeviceOperation,28,12952.0
2530304,1,LayerNormDeviceOperation,64,12944.0
2972672,1,LayerNormDeviceOperation,60,12930.0
2051072,1,LayerNormDeviceOperation,64,12926.0
2161664,1,LayerNormDeviceOperation,64,12921.0
2309120,1,LayerNormDeviceOperation,64,12914.0
1567744,,RotaryEmbeddingDeviceOperation,32,12910.0
2898944,1,LayerNormDeviceOperation,60,12905.0
2382848,1,LayerNormDeviceOperation,64,12902.0
2743296,1,LayerNormDeviceOperation,64,12898.0
2613248,1,RotaryEmbeddingDeviceOperation,32,12893.0
2355200,1,RotaryEmbeddingDeviceOperation,32,12890.0
2825216,1,LayerNormDeviceOperation,64,12888.0
2522112,1,LayerNormDeviceOperation,64,12885.0
2677760,1,LayerNormDeviceOperation,64,12880.0
2890752,1,LayerNormDeviceOperation,63,12879.0
3120128,1,LayerNormDeviceOperation,44,12878.0
2751488,1,LayerNormDeviceOperation,64,12875.0
2087936,1,LayerNormDeviceOperation,64,12871.0
2374656,1,LayerNormDeviceOperation,64,12871.0
2170880,1,RotaryEmbeddingDeviceOperation,32,12869.0
2935808,1,LayerNormDeviceOperation,60,12869.0
2567168,1,LayerNormDeviceOperation,64,12868.0
2595840,1,LayerNormDeviceOperation,64,12867.0
2604032,1,LayerNormDeviceOperation,64,12865.0
2714624,1,LayerNormDeviceOperation,64,12864.0
2493440,1,LayerNormDeviceOperation,64,12863.0
2640896,1,LayerNormDeviceOperation,64,12861.0
2456576,1,LayerNormDeviceOperation,64,12859.0
2235392,1,LayerNormDeviceOperation,64,12857.0
1940480,1,LayerNormDeviceOperation,64,12856.0
2042880,1,LayerNormDeviceOperation,64,12856.0
2669568,1,LayerNormDeviceOperation,64,12856.0
2124800,1,LayerNormDeviceOperation,64,12853.0
2345984,1,LayerNormDeviceOperation,64,12853.0
3111936,1,LayerNormDeviceOperation,44,12853.0
2198528,1,LayerNormDeviceOperation,64,12851.0
2788352,1,LayerNormDeviceOperation,64,12845.0
3009536,1,LayerNormDeviceOperation,60,12845.0
2300928,1,LayerNormDeviceOperation,64,12837.0
1977344,1,LayerNormDeviceOperation,64,12832.0
2448384,1,LayerNormDeviceOperation,64,12831.0
2862080,1,LayerNormDeviceOperation,64,12830.0
2251776,1,RotaryEmbeddingDeviceOperation,32,12827.0
2014208,1,LayerNormDeviceOperation,64,12820.0
2272256,1,LayerNormDeviceOperation,64,12820.0
2989056,1,RotaryEmbeddingDeviceOperation,28,12820.0
3046400,1,LayerNormDeviceOperation,48,12817.0
2079744,1,LayerNormDeviceOperation,64,12811.0
2817024,1,LayerNormDeviceOperation,64,12801.0
2227200,1,LayerNormDeviceOperation,64,12800.0
2686976,1,RotaryEmbeddingDeviceOperation,32,12793.0
2981888,1,RotaryEmbeddingDeviceOperation,28,12778.0
2908160,1,RotaryEmbeddingDeviceOperation,28,12773.0
2964480,1,LayerNormDeviceOperation,60,12769.0
3038208,1,LayerNormDeviceOperation,48,12766.0
1908736,1,RotaryEmbeddingDeviceOperation,32,12759.0
3083264,1,LayerNormDeviceOperation,48,12755.0
3230720,1,LayerNormDeviceOperation,44,12753.0
2760704,1,RotaryEmbeddingDeviceOperation,32,12741.0
2804736,1,RotaryEmbeddingDeviceOperation,32,12736.0
2620416,1,RotaryEmbeddingDeviceOperation,32,12735.0
2797568,1,RotaryEmbeddingDeviceOperation,32,12708.0
2509824,1,RotaryEmbeddingDeviceOperation,32,12706.0
3185664,1,LayerNormDeviceOperation,44,12689.0
2392064,1,RotaryEmbeddingDeviceOperation,32,12656.0
2915328,1,RotaryEmbeddingDeviceOperation,28,12637.0
1993728,1,RotaryEmbeddingDeviceOperation,32,12634.0
2428928,1,RotaryEmbeddingDeviceOperation,32,12629.0
2723840,1,RotaryEmbeddingDeviceOperation,32,12629.0
2104320,1,RotaryEmbeddingDeviceOperation,32,12627.0
2871296,1,RotaryEmbeddingDeviceOperation,32,12617.0
2288640,1,RotaryEmbeddingDeviceOperation,32,12614.0
2952192,1,RotaryEmbeddingDeviceOperation,28,12604.0
3193856,1,LayerNormDeviceOperation,44,12604.0
2546688,1,RotaryEmbeddingDeviceOperation,32,12603.0
2030592,1,RotaryEmbeddingDeviceOperation,32,12576.0
2576384,1,RotaryEmbeddingDeviceOperation,32,12568.0
2465792,1,RotaryEmbeddingDeviceOperation,32,12548.0
3025920,1,RotaryEmbeddingDeviceOperation,16,12544.0
2878464,1,RotaryEmbeddingDeviceOperation,32,12520.0
2023424,1,RotaryEmbeddingDeviceOperation,32,12518.0
2834432,1,RotaryEmbeddingDeviceOperation,32,12495.0
1956864,1,RotaryEmbeddingDeviceOperation,32,12492.0
2539520,1,RotaryEmbeddingDeviceOperation,32,12463.0
3156992,1,LayerNormDeviceOperation,44,12456.0
2436096,1,RotaryEmbeddingDeviceOperation,32,12426.0
3055616,1,RotaryEmbeddingDeviceOperation,16,12422.0
3222528,1,LayerNormDeviceOperation,44,12410.0
3092480,1,RotaryEmbeddingDeviceOperation,16,12398.0
3129344,1,RotaryEmbeddingDeviceOperation,12,12395.0
2318336,1,RotaryEmbeddingDeviceOperation,32,12394.0
2650112,1,RotaryEmbeddingDeviceOperation,32,12387.0
1949696,1,RotaryEmbeddingDeviceOperation,32,12365.0
2657280,1,RotaryEmbeddingDeviceOperation,32,12364.0
2841600,1,RotaryEmbeddingDeviceOperation,32,12357.0
2694144,1,RotaryEmbeddingDeviceOperation,32,12355.0
2214912,1,RotaryEmbeddingDeviceOperation,32,12297.0
3203072,1,RotaryEmbeddingDeviceOperation,12,12297.0
2502656,1,RotaryEmbeddingDeviceOperation,32,12285.0
2067456,1,RotaryEmbeddingDeviceOperation,32,12282.0
2362368,1,RotaryEmbeddingDeviceOperation,32,12273.0
2472960,1,RotaryEmbeddingDeviceOperation,32,12265.0
3099648,1,RotaryEmbeddingDeviceOperation,16,12260.0
2583552,1,RotaryEmbeddingDeviceOperation,32,12232.0
2731008,1,RotaryEmbeddingDeviceOperation,32,12227.0
2325504,1,RotaryEmbeddingDeviceOperation,32,12220.0
3062784,1,RotaryEmbeddingDeviceOperation,16,12212.0
2097152,1,RotaryEmbeddingDeviceOperation,32,12172.0
61440,,TilizeWithValPaddingDeviceOperation,1,12140.0
3136512,1,RotaryEmbeddingDeviceOperation,12,12126.0
258048,,TilizeWithValPaddingDeviceOperation,1,12119.0
2141184,1,RotaryEmbeddingDeviceOperation,32,12115.0
266240,,TilizeWithValPaddingDeviceOperation,1,12112.0
2399232,1,RotaryEmbeddingDeviceOperation,32,12101.0
197632,,TilizeWithValPaddingDeviceOperation,1,12096.0
2134016,1,RotaryEmbeddingDeviceOperation,32,12095.0
82944,,TilizeWithValPaddingDeviceOperation,1,12083.0
173056,,TilizeWithValPaddingDeviceOperation,1,12059.0
77824,,TilizeWithValPaddingDeviceOperation,1,11983.0
225280,,TilizeWithValPaddingDeviceOperation,1,11980.0
279552,,TilizeWithValPaddingDeviceOperation,1,11974.0
205824,,TilizeWithValPaddingDeviceOperation,1,11968.0
233472,,TilizeWithValPaddingDeviceOperation,1,11968.0
271360,,TilizeWithValPaddingDeviceOperation,1,11967.0
148480,,TilizeWithValPaddingDeviceOperation,1,11965.0
214016,,TilizeWithValPaddingDeviceOperation,1,11962.0
246784,,TilizeWithValPaddingDeviceOperation,1,11959.0
74752,,TilizeWithValPaddingDeviceOperation,1,11957.0
115712,,TilizeWithValPaddingDeviceOperation,1,11955.0
102400,,TilizeWithValPaddingDeviceOperation,1,11953.0
192512,,TilizeWithValPaddingDeviceOperation,1,11950.0
20480,,TilizeWithValPaddingDeviceOperation,1,11949.0
295936,,TilizeWithValPaddingDeviceOperation,1,11949.0
4096,,TilizeWithValPaddingDeviceOperation,1,11948.0
9216,,TilizeWithValPaddingDeviceOperation,1,11946.0
263168,,TilizeWithValPaddingDeviceOperation,1,11946.0
66560,,TilizeWithValPaddingDeviceOperation,1,11945.0
200704,,TilizeWithValPaddingDeviceOperation,1,11942.0
17408,,TilizeWithValPaddingDeviceOperation,1,11940.0
230400,,TilizeWithValPaddingDeviceOperation,1,11940.0
107520,,TilizeWithValPaddingDeviceOperation,1,11939.0
36864,,TilizeWithValPaddingDeviceOperation,1,11938.0
184320,,TilizeWithValPaddingDeviceOperation,1,11936.0
2767872,1,RotaryEmbeddingDeviceOperation,32,11935.0
151552,,TilizeWithValPaddingDeviceOperation,1,11932.0
159744,,TilizeWithValPaddingDeviceOperation,1,11932.0
33792,,TilizeWithValPaddingDeviceOperation,1,11930.0
91136,,TilizeWithValPaddingDeviceOperation,1,11930.0
99328,,TilizeWithValPaddingDeviceOperation,1,11930.0
217088,,TilizeWithValPaddingDeviceOperation,1,11930.0
222208,,TilizeWithValPaddingDeviceOperation,1,11930.0
126976,,TilizeWithValPaddingDeviceOperation,1,11929.0
249856,,TilizeWithValPaddingDeviceOperation,1,11929.0
132096,,TilizeWithValPaddingDeviceOperation,1,11926.0
140288,,TilizeWithValPaddingDeviceOperation,1,11926.0
69632,,TilizeWithValPaddingDeviceOperation,1,11924.0
41984,,TilizeWithValPaddingDeviceOperation,1,11922.0
135168,,TilizeWithValPaddingDeviceOperation,1,11922.0
164864,,TilizeWithValPaddingDeviceOperation,1,11922.0
290816,,TilizeWithValPaddingDeviceOperation,1,11920.0
181248,,TilizeWithValPaddingDeviceOperation,1,11919.0
282624,,TilizeWithValPaddingDeviceOperation,1,11914.0
28672,,TilizeWithValPaddingDeviceOperation,1,11912.0
167936,,TilizeWithValPaddingDeviceOperation,1,11911.0
238592,,TilizeWithValPaddingDeviceOperation,1,11910.0
118784,,TilizeWithValPaddingDeviceOperation,1,11908.0
50176,,TilizeWithValPaddingDeviceOperation,1,11907.0
189440,,TilizeWithValPaddingDeviceOperation,1,11906.0
94208,,TilizeWithValPaddingDeviceOperation,1,11903.0
53248,,TilizeWithValPaddingDeviceOperation,1,11902.0
156672,,TilizeWithValPaddingDeviceOperation,1,11897.0
86016,,TilizeWithValPaddingDeviceOperation,1,11893.0
2178048,1,RotaryEmbeddingDeviceOperation,32,11893.0
143360,,TilizeWithValPaddingDeviceOperation,1,11848.0
274432,,TilizeWithValPaddingDeviceOperation,1,11848.0
45056,,TilizeWithValPaddingDeviceOperation,1,11844.0
208896,,TilizeWithValPaddingDeviceOperation,1,11838.0
176128,,TilizeWithValPaddingDeviceOperation,1,11837.0
110592,,TilizeWithValPaddingDeviceOperation,1,11834.0
241664,,TilizeWithValPaddingDeviceOperation,1,11814.0
12288,,TilizeWithValPaddingDeviceOperation,1,11813.0
1892352,1,RotaryEmbeddingDeviceOperation,32,11801.0
254976,,TilizeWithValPaddingDeviceOperation,1,11775.0
710656,,LayerNormDeviceOperation,64,11747.0
1144832,,LayerNormDeviceOperation,64,11747.0
25600,,TilizeWithValPaddingDeviceOperation,1,11744.0
287744,,TilizeWithValPaddingDeviceOperation,1,11741.0
58368,,TilizeWithValPaddingDeviceOperation,1,11740.0
123904,,TilizeWithValPaddingDeviceOperation,1,11732.0
591872,,LayerNormDeviceOperation,64,11732.0
1853440,,LayerNormDeviceOperation,64,11732.0
968704,,LayerNormDeviceOperation,64,11731.0
1107968,,LayerNormDeviceOperation,64,11731.0
1034240,,LayerNormDeviceOperation,64,11730.0
1779712,,LayerNormDeviceOperation,64,11729.0
1816576,,LayerNormDeviceOperation,64,11729.0
196608,,TilizeWithValPaddingDeviceOperation,43,11728.0
1071104,,LayerNormDeviceOperation,64,11726.0
57344,,TilizeWithValPaddingDeviceOperation,43,11717.0
1669120,,LayerNormDeviceOperation,64,11717.0
931840,,LayerNormDeviceOperation,64,11716.0
1181696,,LayerNormDeviceOperation,64,11715.0
1411072,,LayerNormDeviceOperation,64,11715.0
673792,,LayerNormDeviceOperation,64,11714.0
1255424,,LayerNormDeviceOperation,64,11711.0
784384,,LayerNormDeviceOperation,64,11709.0
1226752,,LayerNormDeviceOperation,64,11708.0
636928,,LayerNormDeviceOperation,64,11707.0
1624064,,LayerNormDeviceOperation,64,11707.0
1337344,,LayerNormDeviceOperation,64,11704.0
1587200,,LayerNormDeviceOperation,64,11703.0
665600,,LayerNormDeviceOperation,64,11701.0
1153024,,LayerNormDeviceOperation,64,11701.0
1550336,,LayerNormDeviceOperation,64,11701.0
1005568,,LayerNormDeviceOperation,64,11700.0
1189888,,LayerNormDeviceOperation,64,11700.0
1697792,,LayerNormDeviceOperation,64,11700.0
1845248,,LayerNormDeviceOperation,64,11699.0
923648,,LayerNormDeviceOperation,64,11698.0
1042432,,LayerNormDeviceOperation,64,11698.0
1300480,,LayerNormDeviceOperation,64,11698.0
1366016,,LayerNormDeviceOperation,64,11698.0
563200,,LayerNormDeviceOperation,64,11697.0
813056,,LayerNormDeviceOperation,64,11697.0
1558528,,LayerNormDeviceOperation,64,11697.0
1771520,,LayerNormDeviceOperation,64,11697.0
1705984,,LayerNormDeviceOperation,64,11695.0
180224,,TilizeWithValPaddingDeviceOperation,43,11694.0
776192,,LayerNormDeviceOperation,64,11694.0
1329152,,LayerNormDeviceOperation,64,11693.0
1402880,,LayerNormDeviceOperation,64,11693.0
1632256,,LayerNormDeviceOperation,64,11692.0
1079296,,LayerNormDeviceOperation,64,11691.0
1476608,,LayerNormDeviceOperation,64,11690.0
1116160,,LayerNormDeviceOperation,64,11689.0
1263616,,LayerNormDeviceOperation,64,11689.0
1808384,,LayerNormDeviceOperation,64,11689.0
702464,,LayerNormDeviceOperation,64,11688.0
821248,,LayerNormDeviceOperation,64,11688.0
960512,,LayerNormDeviceOperation,64,11688.0
1513472,,LayerNormDeviceOperation,64,11688.0
1374208,,LayerNormDeviceOperation,64,11687.0
739328,,LayerNormDeviceOperation,64,11686.0
1734656,,LayerNormDeviceOperation,64,11685.0
886784,,LayerNormDeviceOperation,64,11681.0
1447936,,LayerNormDeviceOperation,64,11681.0
1521664,,LayerNormDeviceOperation,64,11681.0
858112,,LayerNormDeviceOperation,64,11679.0
1292288,,LayerNormDeviceOperation,64,11679.0
1660928,,LayerNormDeviceOperation,64,11679.0
747520,,LayerNormDeviceOperation,64,11678.0
3173376,1,RotaryEmbeddingDeviceOperation,12,11677.0
1439744,,LayerNormDeviceOperation,64,11676.0
1742848,,LayerNormDeviceOperation,64,11676.0
65536,,TilizeWithValPaddingDeviceOperation,43,11675.0
600064,,LayerNormDeviceOperation,64,11675.0
849920,,LayerNormDeviceOperation,64,11674.0
48128,,TilizeWithValPaddingDeviceOperation,43,11673.0
492544,,LayerNormDeviceOperation,64,11673.0
2574336,1,LayerNormDeviceOperation,32,11673.0
894976,,LayerNormDeviceOperation,64,11669.0
1218560,,LayerNormDeviceOperation,64,11668.0
628736,,LayerNormDeviceOperation,64,11666.0
1595392,,LayerNormDeviceOperation,64,11666.0
39936,,TilizeWithValPaddingDeviceOperation,43,11657.0
1484800,,LayerNormDeviceOperation,64,11657.0
997376,,LayerNormDeviceOperation,64,11654.0
73728,,TilizeWithValPaddingDeviceOperation,43,11630.0
2906112,1,LayerNormDeviceOperation,28,11629.0
212992,,TilizeWithValPaddingDeviceOperation,43,11624.0
1906688,1,LayerNormDeviceOperation,32,11624.0
3166208,1,RotaryEmbeddingDeviceOperation,12,11615.0
72704,,TilizeWithValPaddingDeviceOperation,43,11586.0
278528,,TilizeWithValPaddingDeviceOperation,43,11585.0
24576,,TilizeWithValPaddingDeviceOperation,43,11564.0
172032,,TilizeWithValPaddingDeviceOperation,43,11556.0
163840,,TilizeWithValPaddingDeviceOperation,43,11551.0
286720,,TilizeWithValPaddingDeviceOperation,43,11546.0
2832384,1,LayerNormDeviceOperation,32,11543.0
139264,,TilizeWithValPaddingDeviceOperation,43,11539.0
261120,,TilizeWithValPaddingDeviceOperation,43,11538.0
293888,,TilizeWithValPaddingDeviceOperation,43,11521.0
98304,,TilizeWithValPaddingDeviceOperation,43,11517.0
131072,,TilizeWithValPaddingDeviceOperation,43,11512.0
2942976,1,LayerNormDeviceOperation,28,11491.0
90112,,TilizeWithValPaddingDeviceOperation,43,11486.0
244736,,TilizeWithValPaddingDeviceOperation,43,11480.0
40960,,TilizeWithValPaddingDeviceOperation,43,11477.0
155648,,TilizeWithValPaddingDeviceOperation,43,11471.0
253952,,TilizeWithValPaddingDeviceOperation,43,11446.0
56320,,TilizeWithValPaddingDeviceOperation,43,11442.0
2618368,1,LayerNormDeviceOperation,32,11438.0
262144,,TilizeWithValPaddingDeviceOperation,43,11434.0
113664,,TilizeWithValPaddingDeviceOperation,43,11431.0
237568,,TilizeWithValPaddingDeviceOperation,43,11428.0
2316288,1,LayerNormDeviceOperation,32,11428.0
15360,,TilizeWithValPaddingDeviceOperation,43,11421.0
188416,,TilizeWithValPaddingDeviceOperation,43,11418.0
7168,,TilizeWithValPaddingDeviceOperation,43,11415.0
138240,,TilizeWithValPaddingDeviceOperation,43,11413.0
89088,,TilizeWithValPaddingDeviceOperation,43,11412.0
1888256,1,LayerNormDeviceOperation,32,11412.0
220160,,TilizeWithValPaddingDeviceOperation,43,11406.0
221184,,TilizeWithValPaddingDeviceOperation,43,11406.0
171008,,TilizeWithValPaddingDeviceOperation,43,11404.0
81920,,TilizeWithValPaddingDeviceOperation,43,11394.0
122880,,TilizeWithValPaddingDeviceOperation,43,11389.0
2684928,1,LayerNormDeviceOperation,32,11388.0
114688,,TilizeWithValPaddingDeviceOperation,43,11384.0
2426880,1,LayerNormDeviceOperation,32,11384.0
2168832,1,LayerNormDeviceOperation,32,11380.0
106496,,TilizeWithValPaddingDeviceOperation,43,11377.0
2795520,1,LayerNormDeviceOperation,32,11375.0
277504,,TilizeWithValPaddingDeviceOperation,43,11371.0
294912,,TilizeWithValPaddingDeviceOperation,43,11368.0
97280,,TilizeWithValPaddingDeviceOperation,43,11365.0
1991680,1,LayerNormDeviceOperation,32,11355.0
2611200,1,LayerNormDeviceOperation,32,11355.0
49152,,TilizeWithValPaddingDeviceOperation,43,11352.0
31744,,TilizeWithValPaddingDeviceOperation,43,11329.0
1984512,1,LayerNormDeviceOperation,32,11323.0
2390016,1,LayerNormDeviceOperation,32,11319.0
285696,,TilizeWithValPaddingDeviceOperation,43,11318.0
187392,,TilizeWithValPaddingDeviceOperation,43,11317.0
2021376,1,LayerNormDeviceOperation,32,11314.0
2500608,1,LayerNormDeviceOperation,32,11311.0
146432,,TilizeWithValPaddingDeviceOperation,43,11306.0
228352,,TilizeWithValPaddingDeviceOperation,43,11304.0
23552,,TilizeWithValPaddingDeviceOperation,43,11300.0
229376,,TilizeWithValPaddingDeviceOperation,43,11299.0
154624,,TilizeWithValPaddingDeviceOperation,43,11288.0
2648064,1,LayerNormDeviceOperation,32,11273.0
236544,,TilizeWithValPaddingDeviceOperation,43,11271.0
2205696,1,LayerNormDeviceOperation,32,11271.0
179200,,TilizeWithValPaddingDeviceOperation,43,11269.0
3016704,1,LayerNormDeviceOperation,28,11269.0
269312,,TilizeWithValPaddingDeviceOperation,43,11268.0
2721792,1,LayerNormDeviceOperation,32,11268.0
2692096,1,LayerNormDeviceOperation,32,11267.0
245760,,TilizeWithValPaddingDeviceOperation,43,11266.0
2876416,1,LayerNormDeviceOperation,32,11259.0
8192,,TilizeWithValPaddingDeviceOperation,43,11256.0
121856,,TilizeWithValPaddingDeviceOperation,43,11256.0
105472,,TilizeWithValPaddingDeviceOperation,43,11246.0
2095104,1,LayerNormDeviceOperation,32,11243.0
195584,,TilizeWithValPaddingDeviceOperation,43,11241.0
2131968,1,LayerNormDeviceOperation,32,11237.0
3023872,1,LayerNormDeviceOperation,25,11236.0
211968,,TilizeWithValPaddingDeviceOperation,43,11230.0
2242560,1,LayerNormDeviceOperation,32,11219.0
1024,,TilizeWithValPaddingDeviceOperation,43,11215.0
32768,,TilizeWithValPaddingDeviceOperation,43,11207.0
2869248,1,LayerNormDeviceOperation,32,11203.0
2913280,1,LayerNormDeviceOperation,28,11195.0
2176000,1,LayerNormDeviceOperation,32,11193.0
130048,,TilizeWithValPaddingDeviceOperation,43,11190.0
204800,,TilizeWithValPaddingDeviceOperation,43,11189.0
2353152,1,LayerNormDeviceOperation,32,11189.0
2463744,1,LayerNormDeviceOperation,32,11181.0
2102272,1,LayerNormDeviceOperation,32,11177.0
2728960,1,LayerNormDeviceOperation,32,11177.0
147456,,TilizeWithValPaddingDeviceOperation,43,11171.0
2765824,1,LayerNormDeviceOperation,32,11166.0
16384,,TilizeWithValPaddingDeviceOperation,43,11160.0
64512,,TilizeWithValPaddingDeviceOperation,43,11160.0
2058240,1,LayerNormDeviceOperation,32,11159.0
2323456,1,LayerNormDeviceOperation,32,11153.0
80896,,TilizeWithValPaddingDeviceOperation,43,11150.0
2279424,1,LayerNormDeviceOperation,32,11149.0
2950144,1,LayerNormDeviceOperation,28,11147.0
162816,,TilizeWithValPaddingDeviceOperation,43,11145.0
203776,,TilizeWithValPaddingDeviceOperation,43,11130.0
252928,,TilizeWithValPaddingDeviceOperation,43,11127.0
270336,,TilizeWithValPaddingDeviceOperation,43,11124.0
2581504,1,LayerNormDeviceOperation,32,11122.0
3127296,1,LayerNormDeviceOperation,16,11121.0
2507776,1,LayerNormDeviceOperation,32,11109.0
3053568,1,LayerNormDeviceOperation,16,11108.0
2758656,1,LayerNormDeviceOperation,32,11095.0
2655232,1,LayerNormDeviceOperation,32,11093.0
3090432,1,LayerNormDeviceOperation,16,11086.0
3208192,1,LayerNormDeviceOperation,16,11084.0
2249728,1,LayerNormDeviceOperation,32,11079.0
2802688,1,LayerNormDeviceOperation,32,11079.0
2470912,1,LayerNormDeviceOperation,32,11073.0
2360320,1,LayerNormDeviceOperation,32,11058.0
2286592,1,LayerNormDeviceOperation,32,11051.0
2434048,1,LayerNormDeviceOperation,32,11045.0
2212864,1,LayerNormDeviceOperation,32,11023.0
2397184,1,LayerNormDeviceOperation,32,11013.0
1947648,1,LayerNormDeviceOperation,32,10999.0
2028544,1,LayerNormDeviceOperation,32,10999.0
2537472,1,LayerNormDeviceOperation,32,10997.0
3164160,1,LayerNormDeviceOperation,16,10993.0
3210240,1,RotaryEmbeddingDeviceOperation,12,10978.0
2839552,1,LayerNormDeviceOperation,32,10965.0
2987008,1,LayerNormDeviceOperation,28,10947.0
3201024,1,LayerNormDeviceOperation,16,10946.0
2139136,1,LayerNormDeviceOperation,32,10930.0
2544640,1,LayerNormDeviceOperation,32,10930.0
1954816,1,LayerNormDeviceOperation,32,10910.0
2065408,1,LayerNormDeviceOperation,32,10899.0
3097600,1,LayerNormDeviceOperation,16,10883.0
3134464,1,LayerNormDeviceOperation,16,10878.0
2979840,1,LayerNormDeviceOperation,28,10863.0
3171328,1,LayerNormDeviceOperation,16,10816.0
3060736,1,LayerNormDeviceOperation,16,10775.0
1462272,,LayerNormDeviceOperation,32,10305.0
570368,,LayerNormDeviceOperation,32,10151.0
828416,,LayerNormDeviceOperation,32,10150.0
1455104,,LayerNormDeviceOperation,32,10145.0
1609728,,LayerNormDeviceOperation,32,10143.0
1270784,,LayerNormDeviceOperation,32,10142.0
1344512,,LayerNormDeviceOperation,32,10142.0
1830912,,LayerNormDeviceOperation,32,10142.0
1676288,,LayerNormDeviceOperation,32,10138.0
1307648,,LayerNormDeviceOperation,32,10134.0
1750016,,LayerNormDeviceOperation,32,10131.0
644096,,LayerNormDeviceOperation,32,10130.0
1720320,,LayerNormDeviceOperation,32,10130.0
1086464,,LayerNormDeviceOperation,32,10129.0
1528832,,LayerNormDeviceOperation,32,10129.0
865280,,LayerNormDeviceOperation,32,10126.0
975872,,LayerNormDeviceOperation,32,10126.0
983040,,LayerNormDeviceOperation,32,10126.0
1314816,,LayerNormDeviceOperation,32,10124.0
1536000,,LayerNormDeviceOperation,32,10123.0
1233920,,LayerNormDeviceOperation,32,10122.0
1418240,,LayerNormDeviceOperation,32,10122.0
1491968,,LayerNormDeviceOperation,32,10122.0
791552,,LayerNormDeviceOperation,32,10121.0
1646592,,LayerNormDeviceOperation,32,10121.0
510976,,LayerNormDeviceOperation,32,10120.0
1639424,,LayerNormDeviceOperation,32,10119.0
529408,,LayerNormDeviceOperation,32,10118.0
1049600,,LayerNormDeviceOperation,32,10118.0
680960,,LayerNormDeviceOperation,32,10115.0
1093632,,LayerNormDeviceOperation,32,10115.0
939008,,LayerNormDeviceOperation,32,10114.0
1786880,,LayerNormDeviceOperation,32,10112.0
1197056,,LayerNormDeviceOperation,32,10111.0
1167360,,LayerNormDeviceOperation,32,10109.0
1757184,,LayerNormDeviceOperation,32,10109.0
1381376,,LayerNormDeviceOperation,32,10108.0
946176,,LayerNormDeviceOperation,32,10106.0
902144,,LayerNormDeviceOperation,32,10105.0
1713152,,LayerNormDeviceOperation,32,10105.0
724992,,LayerNormDeviceOperation,32,10104.0
577536,,LayerNormDeviceOperation,32,10103.0
872448,,LayerNormDeviceOperation,32,10101.0
835584,,LayerNormDeviceOperation,32,10100.0
1160192,,LayerNormDeviceOperation,32,10099.0
1683456,,LayerNormDeviceOperation,32,10096.0
754688,,LayerNormDeviceOperation,32,10095.0
909312,,LayerNormDeviceOperation,32,10095.0
1602560,,LayerNormDeviceOperation,32,10095.0
1794048,,LayerNormDeviceOperation,32,10095.0
1481728,,ReshardDeviceOperation,8,10094.0
1572864,,LayerNormDeviceOperation,32,10094.0
1012736,,LayerNormDeviceOperation,32,10092.0
1056768,,LayerNormDeviceOperation,32,10092.0
1425408,,LayerNormDeviceOperation,32,10092.0
688128,,LayerNormDeviceOperation,32,10091.0
1123328,,LayerNormDeviceOperation,32,10090.0
614400,,LayerNormDeviceOperation,32,10089.0
1565696,,LayerNormDeviceOperation,32,10088.0
1388544,,LayerNormDeviceOperation,32,10085.0
717824,,LayerNormDeviceOperation,32,10084.0
1130496,,LayerNormDeviceOperation,32,10082.0
1351680,,LayerNormDeviceOperation,32,10082.0
1019904,,LayerNormDeviceOperation,32,10081.0
1241088,,LayerNormDeviceOperation,32,10081.0
1277952,,LayerNormDeviceOperation,32,10081.0
651264,,LayerNormDeviceOperation,32,10080.0
607232,,LayerNormDeviceOperation,32,10079.0
1204224,,LayerNormDeviceOperation,32,10079.0
1499136,,LayerNormDeviceOperation,32,10079.0
761856,,LayerNormDeviceOperation,32,10078.0
818176,,ReshardDeviceOperation,8,10074.0
798720,,LayerNormDeviceOperation,32,10072.0
1823744,,LayerNormDeviceOperation,32,10067.0
744448,,ReshardDeviceOperation,8,9960.0
3080192,1,ReshardDeviceOperation,4,9941.0
2416640,1,ReshardDeviceOperation,8,9927.0
1444864,,ReshardDeviceOperation,8,9926.0
1408000,,ReshardDeviceOperation,8,9906.0
1702912,,ReshardDeviceOperation,8,9904.0
670720,,ReshardDeviceOperation,8,9882.0
1776640,,ReshardDeviceOperation,8,9872.0
2785280,1,ReshardDeviceOperation,8,9871.0
3043328,1,ReshardDeviceOperation,4,9865.0
1002496,,ReshardDeviceOperation,8,9861.0
596992,,ReshardDeviceOperation,8,9846.0
1666048,,ReshardDeviceOperation,8,9819.0
633856,,ReshardDeviceOperation,8,9810.0
2748416,1,ReshardDeviceOperation,8,9797.0
2490368,1,ReshardDeviceOperation,8,9786.0
2895872,1,ReshardDeviceOperation,6,9776.0
1149952,,ReshardDeviceOperation,8,9775.0
1937408,1,ReshardDeviceOperation,8,9775.0
1297408,,ReshardDeviceOperation,8,9767.0
1039360,,ReshardDeviceOperation,8,9762.0
1223680,,ReshardDeviceOperation,8,9756.0
2564096,1,ReshardDeviceOperation,8,9752.0
2637824,1,ReshardDeviceOperation,8,9751.0
2084864,1,ReshardDeviceOperation,8,9744.0
1076224,,ReshardDeviceOperation,8,9739.0
1260544,,ReshardDeviceOperation,8,9737.0
1371136,,ReshardDeviceOperation,8,9735.0
2269184,1,ReshardDeviceOperation,8,9735.0
2822144,1,ReshardDeviceOperation,8,9731.0
1813504,,ReshardDeviceOperation,8,9730.0
2859008,1,ReshardDeviceOperation,8,9728.0
2048000,1,ReshardDeviceOperation,8,9714.0
891904,,ReshardDeviceOperation,8,9711.0
1629184,,ReshardDeviceOperation,8,9711.0
2600960,1,ReshardDeviceOperation,8,9704.0
1186816,,ReshardDeviceOperation,8,9693.0
1113088,,ReshardDeviceOperation,8,9686.0
2158592,1,ReshardDeviceOperation,8,9678.0
2453504,1,ReshardDeviceOperation,8,9663.0
560128,,ReshardDeviceOperation,8,9657.0
1555456,,ReshardDeviceOperation,8,9637.0
2379776,1,ReshardDeviceOperation,8,9637.0
1334272,,ReshardDeviceOperation,8,9633.0
543744,,FillPadDeviceOperation,64,9629.0
965632,,ReshardDeviceOperation,8,9629.0
781312,,ReshardDeviceOperation,8,9624.0
2011136,1,ReshardDeviceOperation,8,9617.0
1518592,,ReshardDeviceOperation,8,9607.0
2232320,1,ReshardDeviceOperation,8,9607.0
1974272,1,ReshardDeviceOperation,8,9569.0
1850368,,ReshardDeviceOperation,8,9559.0
2342912,1,ReshardDeviceOperation,8,9544.0
855040,,ReshardDeviceOperation,8,9525.0
2674688,1,ReshardDeviceOperation,8,9512.0
707584,,ReshardDeviceOperation,8,9509.0
3006464,1,ReshardDeviceOperation,4,9502.0
2932736,1,ReshardDeviceOperation,4,9497.0
1739776,,ReshardDeviceOperation,8,9443.0
1592320,,ReshardDeviceOperation,8,9437.0
2195456,1,ReshardDeviceOperation,8,9432.0
2527232,1,ReshardDeviceOperation,8,9427.0
2969600,1,ReshardDeviceOperation,4,9427.0
928768,,ReshardDeviceOperation,8,9362.0
2711552,1,ReshardDeviceOperation,8,9360.0
2306048,1,ReshardDeviceOperation,8,9350.0
1921024,1,FillPadDeviceOperation,64,9228.0
2121728,1,ReshardDeviceOperation,8,9153.0
1912832,1,TilizeDeviceOperation,32,8902.0
545792,,BinaryNgDeviceOperation,64,8701.0
1923072,1,BinaryNgDeviceOperation,64,7386.0
3180544,1,NLPConcatHeadsDecodeDeviceOperation,12,6966.0
697344,,NLPConcatHeadsDecodeDeviceOperation,32,6932.0
586752,,NLPConcatHeadsDecodeDeviceOperation,32,6915.0
1176576,,NLPConcatHeadsDecodeDeviceOperation,32,6889.0
1803264,,NLPConcatHeadsDecodeDeviceOperation,32,6879.0
549888,,NLPConcatHeadsDecodeDeviceOperation,32,6835.0
1065984,,NLPConcatHeadsDecodeDeviceOperation,32,6829.0
1471488,,NLPConcatHeadsDecodeDeviceOperation,32,6800.0
2332672,1,NLPConcatHeadsDecodeDeviceOperation,32,6800.0
1360896,,NLPConcatHeadsDecodeDeviceOperation,32,6785.0
1582080,,NLPConcatHeadsDecodeDeviceOperation,32,6778.0
844800,,NLPConcatHeadsDecodeDeviceOperation,32,6776.0
1840128,,NLPConcatHeadsDecodeDeviceOperation,32,6776.0
1545216,,NLPConcatHeadsDecodeDeviceOperation,32,6764.0
992256,,NLPConcatHeadsDecodeDeviceOperation,32,6750.0
1139712,,NLPConcatHeadsDecodeDeviceOperation,32,6748.0
771072,,NLPConcatHeadsDecodeDeviceOperation,32,6746.0
1102848,,NLPConcatHeadsDecodeDeviceOperation,32,6745.0
1508352,,NLPConcatHeadsDecodeDeviceOperation,32,6741.0
1766400,,NLPConcatHeadsDecodeDeviceOperation,32,6741.0
1729536,,NLPConcatHeadsDecodeDeviceOperation,32,6730.0
955392,,NLPConcatHeadsDecodeDeviceOperation,32,6727.0
807936,,NLPConcatHeadsDecodeDeviceOperation,32,6721.0
1397760,,NLPConcatHeadsDecodeDeviceOperation,32,6720.0
881664,,NLPConcatHeadsDecodeDeviceOperation,32,6717.0
2443264,1,NLPConcatHeadsDecodeDeviceOperation,32,6713.0
1655808,,NLPConcatHeadsDecodeDeviceOperation,32,6704.0
1692672,,NLPConcatHeadsDecodeDeviceOperation,32,6699.0
918528,,NLPConcatHeadsDecodeDeviceOperation,32,6691.0
1213440,,NLPConcatHeadsDecodeDeviceOperation,32,6686.0
1025024,,TypecastDeviceOperation,64,6680.0
734208,,NLPConcatHeadsDecodeDeviceOperation,32,6678.0
623616,,NLPConcatHeadsDecodeDeviceOperation,32,6673.0
1287168,,NLPConcatHeadsDecodeDeviceOperation,32,6663.0
1434624,,NLPConcatHeadsDecodeDeviceOperation,32,6653.0
1324032,,NLPConcatHeadsDecodeDeviceOperation,32,6648.0
3069952,1,NLPConcatHeadsDecodeDeviceOperation,16,6648.0
481280,,TilizeWithValPaddingDeviceOperation,1,6638.0
1618944,,NLPConcatHeadsDecodeDeviceOperation,32,6636.0
1861632,1,TilizeWithValPaddingDeviceOperation,1,6636.0
1878016,1,TilizeWithValPaddingDeviceOperation,1,6636.0
1896448,1,TilizeWithValPaddingDeviceOperation,1,6623.0
660480,,NLPConcatHeadsDecodeDeviceOperation,32,6617.0
1250304,,NLPConcatHeadsDecodeDeviceOperation,32,6615.0
1029120,,NLPConcatHeadsDecodeDeviceOperation,32,6609.0
3143680,1,NLPConcatHeadsDecodeDeviceOperation,12,6597.0
1858560,1,TilizeWithValPaddingDeviceOperation,1,6587.0
2959360,1,NLPConcatHeadsDecodeDeviceOperation,28,6557.0
2775040,1,NLPConcatHeadsDecodeDeviceOperation,32,6523.0
2586624,1,TypecastDeviceOperation,64,6508.0
2222080,1,NLPConcatHeadsDecodeDeviceOperation,32,6500.0
1614848,,TypecastDeviceOperation,64,6491.0
1467392,,TypecastDeviceOperation,64,6489.0
484352,,TilizeWithValPaddingDeviceOperation,1,6486.0
500736,,TilizeWithValPaddingDeviceOperation,1,6482.0
519168,,TilizeWithValPaddingDeviceOperation,1,6453.0
1061888,,TypecastDeviceOperation,64,6361.0
2553856,1,NLPConcatHeadsDecodeDeviceOperation,32,6349.0
1725440,,TypecastDeviceOperation,64,6324.0
2406400,1,NLPConcatHeadsDecodeDeviceOperation,32,6323.0
1283072,,TypecastDeviceOperation,64,6306.0
730112,,TypecastDeviceOperation,64,6291.0
2738176,1,NLPConcatHeadsDecodeDeviceOperation,32,6290.0
1319936,,TypecastDeviceOperation,64,6276.0
1541120,,TypecastDeviceOperation,64,6267.0
1356800,,TypecastDeviceOperation,64,6254.0
2144256,1,TypecastDeviceOperation,64,6232.0
2811904,1,NLPConcatHeadsDecodeDeviceOperation,32,6208.0
840704,,TypecastDeviceOperation,64,6204.0
1651712,,TypecastDeviceOperation,64,6203.0
2328576,1,TypecastDeviceOperation,64,6191.0
2885632,1,NLPConcatHeadsDecodeDeviceOperation,31,6163.0
2291712,1,TypecastDeviceOperation,64,6136.0
1430528,,TypecastDeviceOperation,64,6134.0
1927168,1,NLPConcatHeadsDecodeDeviceOperation,32,6112.0
2623488,1,TypecastDeviceOperation,64,6110.0
1959936,1,TypecastDeviceOperation,64,6095.0
2033664,1,TypecastDeviceOperation,64,6082.0
2512896,1,TypecastDeviceOperation,64,6081.0
988160,,TypecastDeviceOperation,64,6063.0
2111488,1,NLPConcatHeadsDecodeDeviceOperation,32,6061.0
2402304,1,TypecastDeviceOperation,64,6058.0
3102720,1,TypecastDeviceOperation,48,6057.0
2701312,1,NLPConcatHeadsDecodeDeviceOperation,32,6043.0
2918400,1,TypecastDeviceOperation,60,6040.0
2922496,1,NLPConcatHeadsDecodeDeviceOperation,28,6040.0
2037760,1,NLPConcatHeadsDecodeDeviceOperation,32,6034.0
951296,,TypecastDeviceOperation,64,6033.0
2185216,1,NLPConcatHeadsDecodeDeviceOperation,32,6031.0
3217408,1,NLPConcatHeadsDecodeDeviceOperation,12,6024.0
2476032,1,TypecastDeviceOperation,64,6021.0
803840,,TypecastDeviceOperation,64,5997.0
877568,,TypecastDeviceOperation,64,5991.0
2365440,1,TypecastDeviceOperation,64,5987.0
541696,,TypecastDeviceOperation,64,5978.0
2697216,1,TypecastDeviceOperation,64,5975.0
1504256,,TypecastDeviceOperation,64,5959.0
2148352,1,NLPConcatHeadsDecodeDeviceOperation,32,5958.0
2848768,1,NLPConcatHeadsDecodeDeviceOperation,32,5953.0
2107392,1,TypecastDeviceOperation,64,5945.0
693248,,TypecastDeviceOperation,64,5942.0
2254848,1,TypecastDeviceOperation,64,5934.0
3213312,1,TypecastDeviceOperation,44,5922.0
2295808,1,NLPConcatHeadsDecodeDeviceOperation,32,5921.0
2549760,1,TypecastDeviceOperation,64,5920.0
766976,,TypecastDeviceOperation,64,5912.0
2881536,1,TypecastDeviceOperation,64,5906.0
1098752,,TypecastDeviceOperation,64,5878.0
2217984,1,TypecastDeviceOperation,64,5877.0
2770944,1,TypecastDeviceOperation,64,5870.0
2070528,1,TypecastDeviceOperation,64,5859.0
1996800,1,TypecastDeviceOperation,64,5858.0
619520,,TypecastDeviceOperation,64,5855.0
1688576,,TypecastDeviceOperation,64,5849.0
656384,,TypecastDeviceOperation,64,5841.0
1246208,,TypecastDeviceOperation,64,5841.0
1393664,,TypecastDeviceOperation,64,5837.0
582656,,TypecastDeviceOperation,64,5819.0
2660352,1,TypecastDeviceOperation,64,5806.0
1799168,,TypecastDeviceOperation,64,5786.0
1918976,1,TypecastDeviceOperation,64,5782.0
2369536,1,NLPConcatHeadsDecodeDeviceOperation,32,5780.0
2000896,1,NLPConcatHeadsDecodeDeviceOperation,32,5767.0
2807808,1,TypecastDeviceOperation,64,5766.0
1135616,,TypecastDeviceOperation,64,5763.0
2996224,1,NLPConcatHeadsDecodeDeviceOperation,28,5763.0
3028992,1,TypecastDeviceOperation,48,5751.0
3139584,1,TypecastDeviceOperation,44,5742.0
2627584,1,NLPConcatHeadsDecodeDeviceOperation,32,5737.0
1836032,,TypecastDeviceOperation,64,5734.0
2516992,1,NLPConcatHeadsDecodeDeviceOperation,32,5719.0
3065856,1,TypecastDeviceOperation,48,5704.0
2664448,1,NLPConcatHeadsDecodeDeviceOperation,32,5698.0
2074624,1,NLPConcatHeadsDecodeDeviceOperation,32,5681.0
2844672,1,TypecastDeviceOperation,64,5653.0
3033088,1,NLPConcatHeadsDecodeDeviceOperation,16,5647.0
2439168,1,TypecastDeviceOperation,64,5632.0
914432,,TypecastDeviceOperation,64,5629.0
2181120,1,TypecastDeviceOperation,64,5611.0
2992128,1,TypecastDeviceOperation,60,5573.0
1172480,,TypecastDeviceOperation,64,5572.0
3106816,1,NLPConcatHeadsDecodeDeviceOperation,16,5558.0
1964032,1,NLPConcatHeadsDecodeDeviceOperation,32,5555.0
2258944,1,NLPConcatHeadsDecodeDeviceOperation,32,5547.0
2955264,1,TypecastDeviceOperation,60,5508.0
2590720,1,NLPConcatHeadsDecodeDeviceOperation,32,5503.0
2734080,1,TypecastDeviceOperation,64,5468.0
1209344,,TypecastDeviceOperation,64,5445.0
1577984,,TypecastDeviceOperation,64,5441.0
2480128,1,NLPConcatHeadsDecodeDeviceOperation,32,5440.0
3176448,1,TypecastDeviceOperation,44,5426.0
533504,,UntilizeWithUnpaddingDeviceOperation,32,5401.0
2368512,1,TypecastDeviceOperation,64,5398.0
1762304,,TypecastDeviceOperation,64,5393.0
2700288,1,TypecastDeviceOperation,64,5393.0
1922048,1,ReduceDeviceOperation,32,5390.0
2405376,1,TypecastDeviceOperation,64,5384.0
2884608,1,TypecastDeviceOperation,63,5338.0
2737152,1,TypecastDeviceOperation,64,5324.0
2331648,1,TypecastDeviceOperation,64,5319.0
2221056,1,TypecastDeviceOperation,64,5283.0
2847744,1,TypecastDeviceOperation,64,5281.0
2626560,1,TypecastDeviceOperation,64,5277.0
2774016,1,TypecastDeviceOperation,64,5273.0
3179520,1,TypecastDeviceOperation,44,5269.0
2036736,1,TypecastDeviceOperation,64,5268.0
2073600,1,TypecastDeviceOperation,64,5267.0
3142656,1,TypecastDeviceOperation,44,5243.0
544768,,ReduceDeviceOperation,32,5240.0
2257920,1,TypecastDeviceOperation,64,5236.0
806912,,TypecastDeviceOperation,64,5232.0
1286144,,TypecastDeviceOperation,64,5231.0
3068928,1,TypecastDeviceOperation,48,5229.0
2294784,1,TypecastDeviceOperation,64,5228.0
2184192,1,TypecastDeviceOperation,64,5224.0
1212416,,TypecastDeviceOperation,64,5208.0
1507328,,TypecastDeviceOperation,64,5208.0
1617920,,TypecastDeviceOperation,64,5198.0
2515968,1,TypecastDeviceOperation,64,5195.0
2589696,1,TypecastDeviceOperation,64,5195.0
537600,,TypecastDeviceOperation,64,5193.0
548864,,TypecastDeviceOperation,64,5188.0
770048,,TypecastDeviceOperation,64,5186.0
2442240,1,TypecastDeviceOperation,64,5175.0
2958336,1,TypecastDeviceOperation,60,5175.0
1728512,,TypecastDeviceOperation,64,5162.0
2110464,1,TypecastDeviceOperation,64,5161.0
622592,,TypecastDeviceOperation,64,5153.0
2552832,1,TypecastDeviceOperation,64,5153.0
1433600,,TypecastDeviceOperation,64,5152.0
585728,,TypecastDeviceOperation,64,5148.0
1323008,,TypecastDeviceOperation,64,5147.0
2735104,1,InterleavedToShardedDeviceOperation,32,5144.0
659456,,TypecastDeviceOperation,64,5140.0
1359872,,TypecastDeviceOperation,64,5138.0
1581056,,TypecastDeviceOperation,64,5138.0
1064960,,TypecastDeviceOperation,64,5136.0
1396736,,TypecastDeviceOperation,64,5134.0
733184,,TypecastDeviceOperation,64,5132.0
1691648,,TypecastDeviceOperation,64,5132.0
1963008,1,TypecastDeviceOperation,64,5131.0
2810880,1,TypecastDeviceOperation,64,5129.0
1175552,,TypecastDeviceOperation,64,5126.0
1249280,,TypecastDeviceOperation,64,5126.0
1802240,,TypecastDeviceOperation,64,5124.0
1904640,1,TypecastDeviceOperation,64,5121.0
1028096,,TypecastDeviceOperation,64,5120.0
1470464,,TypecastDeviceOperation,64,5118.0
2147328,1,TypecastDeviceOperation,64,5115.0
843776,,TypecastDeviceOperation,64,5114.0
2921472,1,TypecastDeviceOperation,60,5111.0
991232,,TypecastDeviceOperation,64,5110.0
1654784,,TypecastDeviceOperation,64,5110.0
2663424,1,TypecastDeviceOperation,64,5110.0
1839104,,TypecastDeviceOperation,64,5106.0
527360,,TypecastDeviceOperation,64,5103.0
1101824,,TypecastDeviceOperation,64,5100.0
1544192,,TypecastDeviceOperation,64,5100.0
2479104,1,TypecastDeviceOperation,64,5096.0
696320,,TypecastDeviceOperation,64,5093.0
1910784,1,UntilizeWithUnpaddingDeviceOperation,32,5093.0
917504,,TypecastDeviceOperation,64,5091.0
880640,,TypecastDeviceOperation,64,5081.0
954368,,TypecastDeviceOperation,64,5081.0
1999872,1,TypecastDeviceOperation,64,5080.0
1138688,,TypecastDeviceOperation,64,5079.0
1765376,,TypecastDeviceOperation,64,5069.0
3032064,1,TypecastDeviceOperation,48,5021.0
3216384,1,TypecastDeviceOperation,44,5008.0
3105792,1,TypecastDeviceOperation,48,5005.0
2995200,1,TypecastDeviceOperation,60,4947.0
1914880,1,TypecastDeviceOperation,64,4927.0
1926144,1,TypecastDeviceOperation,64,4839.0
915456,,InterleavedToShardedDeviceOperation,32,4522.0
583680,,InterleavedToShardedDeviceOperation,32,4387.0
1210368,,InterleavedToShardedDeviceOperation,32,4361.0
1468416,,InterleavedToShardedDeviceOperation,32,4302.0
1320960,,InterleavedToShardedDeviceOperation,32,4257.0
1136640,,InterleavedToShardedDeviceOperation,32,4225.0
878592,,InterleavedToShardedDeviceOperation,32,4224.0
1284096,,InterleavedToShardedDeviceOperation,32,4203.0
1615872,,InterleavedToShardedDeviceOperation,32,4203.0
1099776,,InterleavedToShardedDeviceOperation,32,4193.0
1394688,,InterleavedToShardedDeviceOperation,32,4162.0
1026048,,InterleavedToShardedDeviceOperation,32,4159.0
1837056,,InterleavedToShardedDeviceOperation,32,4060.0
1652736,,InterleavedToShardedDeviceOperation,32,4052.0
1247232,,InterleavedToShardedDeviceOperation,32,4027.0
1579008,,InterleavedToShardedDeviceOperation,32,4027.0
952320,,InterleavedToShardedDeviceOperation,32,4018.0
2624512,1,InterleavedToShardedDeviceOperation,32,4014.0
3177472,1,InterleavedToShardedDeviceOperation,12,4014.0
1960960,1,InterleavedToShardedDeviceOperation,32,4008.0
3103744,1,InterleavedToShardedDeviceOperation,16,4007.0
2329600,1,InterleavedToShardedDeviceOperation,32,4002.0
620544,,InterleavedToShardedDeviceOperation,32,3994.0
731136,,InterleavedToShardedDeviceOperation,32,3987.0
694272,,InterleavedToShardedDeviceOperation,32,3969.0
1542144,,InterleavedToShardedDeviceOperation,32,3961.0
546816,,InterleavedToShardedDeviceOperation,32,3958.0
804864,,InterleavedToShardedDeviceOperation,32,3928.0
1431552,,InterleavedToShardedDeviceOperation,32,3920.0
2440192,1,InterleavedToShardedDeviceOperation,32,3897.0
1763328,,InterleavedToShardedDeviceOperation,32,3893.0
1689600,,InterleavedToShardedDeviceOperation,32,3887.0
1062912,,InterleavedToShardedDeviceOperation,32,3866.0
1505280,,InterleavedToShardedDeviceOperation,32,3862.0
2956288,1,InterleavedToShardedDeviceOperation,28,3861.0
1357824,,InterleavedToShardedDeviceOperation,32,3858.0
1924096,1,InterleavedToShardedDeviceOperation,32,3840.0
2366464,1,InterleavedToShardedDeviceOperation,32,3831.0
657408,,InterleavedToShardedDeviceOperation,32,3830.0
2403328,1,InterleavedToShardedDeviceOperation,32,3830.0
841728,,InterleavedToShardedDeviceOperation,32,3799.0
1726464,,InterleavedToShardedDeviceOperation,32,3795.0
2034688,1,InterleavedToShardedDeviceOperation,32,3753.0
1173504,,InterleavedToShardedDeviceOperation,32,3741.0
1997824,1,InterleavedToShardedDeviceOperation,32,3739.0
2292736,1,InterleavedToShardedDeviceOperation,32,3736.0
989184,,InterleavedToShardedDeviceOperation,32,3721.0
2993152,1,InterleavedToShardedDeviceOperation,28,3675.0
2255872,1,InterleavedToShardedDeviceOperation,32,3656.0
2845696,1,InterleavedToShardedDeviceOperation,32,3653.0
1006592,,ReshardDeviceOperation,8,3648.0
1698816,,ReshardDeviceOperation,8,3641.0
1117184,,ReshardDeviceOperation,8,3619.0
2145280,1,InterleavedToShardedDeviceOperation,32,3609.0
629760,,ReshardDeviceOperation,8,3608.0
1735680,,ReshardDeviceOperation,8,3596.0
850944,,ReshardDeviceOperation,8,3594.0
493568,,ReshardDeviceOperation,8,3592.0
2661376,1,InterleavedToShardedDeviceOperation,32,3586.0
1412096,,ReshardDeviceOperation,8,3583.0
1227776,,ReshardDeviceOperation,8,3582.0
777216,,ReshardDeviceOperation,8,3573.0
887808,,ReshardDeviceOperation,8,3569.0
768000,,InterleavedToShardedDeviceOperation,32,3566.0
520192,,BinaryNgDeviceOperation,64,3561.0
555008,,ReshardDeviceOperation,8,3558.0
703488,,ReshardDeviceOperation,8,3556.0
2071552,1,InterleavedToShardedDeviceOperation,32,3555.0
1367040,,ReshardDeviceOperation,8,3554.0
1080320,,ReshardDeviceOperation,8,3552.0
2919424,1,InterleavedToShardedDeviceOperation,28,3551.0
1670144,,ReshardDeviceOperation,8,3547.0
1559552,,ReshardDeviceOperation,8,3545.0
536576,,InterleavedToShardedDeviceOperation,32,3543.0
1264640,,ReshardDeviceOperation,8,3541.0
924672,,ReshardDeviceOperation,8,3539.0
969728,,ReshardDeviceOperation,8,3533.0
1072128,,ReshardDeviceOperation,8,3532.0
998400,,ReshardDeviceOperation,8,3529.0
1108992,,ReshardDeviceOperation,8,3529.0
932864,,ReshardDeviceOperation,8,3526.0
1661952,,ReshardDeviceOperation,8,3524.0
539648,,CopyDeviceOperation,64,3523.0
1800192,,InterleavedToShardedDeviceOperation,32,3523.0
2108416,1,InterleavedToShardedDeviceOperation,32,3522.0
859136,,ReshardDeviceOperation,8,3521.0
814080,,ReshardDeviceOperation,8,3519.0
1633280,,ReshardDeviceOperation,8,3515.0
1035264,,ReshardDeviceOperation,8,3512.0
1780736,,ReshardDeviceOperation,8,3512.0
2698240,1,InterleavedToShardedDeviceOperation,32,3512.0
2113536,1,InterleavedToShardedDeviceOperation,8,3509.0
3030016,1,InterleavedToShardedDeviceOperation,16,3509.0
1301504,,ReshardDeviceOperation,8,3508.0
1448960,,ReshardDeviceOperation,8,3508.0
666624,,ReshardDeviceOperation,8,3504.0
1809408,,ReshardDeviceOperation,8,3504.0
1440768,,ReshardDeviceOperation,8,3503.0
2513920,1,InterleavedToShardedDeviceOperation,32,3499.0
2587648,1,InterleavedToShardedDeviceOperation,32,3499.0
1403904,,ReshardDeviceOperation,8,3497.0
1514496,,ReshardDeviceOperation,8,3497.0
1772544,,ReshardDeviceOperation,8,3496.0
1375232,,ReshardDeviceOperation,8,3493.0
1190912,,ReshardDeviceOperation,8,3492.0
601088,,ReshardDeviceOperation,8,3491.0
1743872,,ReshardDeviceOperation,8,3491.0
711680,,ReshardDeviceOperation,8,3487.0
1913856,1,InterleavedToShardedDeviceOperation,32,3478.0
1817600,,ReshardDeviceOperation,8,3471.0
1145856,,ReshardDeviceOperation,8,3466.0
1219584,,ReshardDeviceOperation,8,3466.0
592896,,ReshardDeviceOperation,8,3456.0
740352,,ReshardDeviceOperation,8,3455.0
564224,,ReshardDeviceOperation,8,3451.0
822272,,ReshardDeviceOperation,8,3450.0
2868224,1,ReshardDeviceOperation,32,3448.0
1293312,,ReshardDeviceOperation,8,3445.0
1043456,,ReshardDeviceOperation,8,3442.0
2499584,1,ReshardDeviceOperation,32,3441.0
1154048,,ReshardDeviceOperation,8,3436.0
1932288,1,ReshardDeviceOperation,8,3418.0
1551360,,ReshardDeviceOperation,8,3417.0
674816,,ReshardDeviceOperation,8,3416.0
1330176,,ReshardDeviceOperation,8,3415.0
748544,,ReshardDeviceOperation,8,3410.0
1897472,1,BinaryNgDeviceOperation,64,3407.0
1522688,,ReshardDeviceOperation,8,3405.0
637952,,ReshardDeviceOperation,8,3402.0
1707008,,ReshardDeviceOperation,8,3399.0
961536,,ReshardDeviceOperation,8,3393.0
1338368,,ReshardDeviceOperation,8,3391.0
1846272,,ReshardDeviceOperation,8,3391.0
1625088,,ReshardDeviceOperation,8,3388.0
1059840,,CopyDeviceOperation,64,3384.0
3015680,1,ReshardDeviceOperation,28,3384.0
785408,,ReshardDeviceOperation,8,3377.0
1588224,,ReshardDeviceOperation,8,3377.0
534528,,RepeatDeviceOperation,64,3371.0
2477056,1,InterleavedToShardedDeviceOperation,32,3370.0
1256448,,ReshardDeviceOperation,8,3359.0
2794496,1,ReshardDeviceOperation,32,3357.0
542720,,ShardedToInterleavedDeviceOperation,32,3356.0
1477632,,ReshardDeviceOperation,8,3349.0
2219008,1,InterleavedToShardedDeviceOperation,32,3347.0
2002944,1,InterleavedToShardedDeviceOperation,8,3327.0
2720768,1,ReshardDeviceOperation,32,3326.0
1502208,,CopyDeviceOperation,64,3325.0
1596416,,ReshardDeviceOperation,8,3325.0
2547712,1,CopyDeviceOperation,64,3315.0
896000,,ReshardDeviceOperation,8,3314.0
2204672,1,ReshardDeviceOperation,32,3299.0
2020352,1,ReshardDeviceOperation,32,3297.0
1485824,,ReshardDeviceOperation,8,3286.0
2654208,1,ReshardDeviceOperation,32,3273.0
2573312,1,ReshardDeviceOperation,32,3262.0
3089408,1,ReshardDeviceOperation,16,3262.0
2882560,1,InterleavedToShardedDeviceOperation,31,3256.0
2550784,1,InterleavedToShardedDeviceOperation,32,3245.0
1920000,1,ShardedToInterleavedDeviceOperation,32,3239.0
1760256,,CopyDeviceOperation,64,3235.0
1182720,,ReshardDeviceOperation,8,3234.0
2182144,1,InterleavedToShardedDeviceOperation,32,3234.0
3140608,1,InterleavedToShardedDeviceOperation,12,3231.0
1391616,,CopyDeviceOperation,64,3221.0
2363392,1,CopyDeviceOperation,64,3209.0
1957888,1,CopyDeviceOperation,64,3205.0
986112,,CopyDeviceOperation,64,3199.0
2808832,1,InterleavedToShardedDeviceOperation,32,3199.0
912384,,CopyDeviceOperation,64,3195.0
1686528,,CopyDeviceOperation,64,3193.0
2057216,1,ReshardDeviceOperation,32,3192.0
2437120,1,CopyDeviceOperation,64,3191.0
1428480,,CopyDeviceOperation,64,3187.0
2941952,1,ReshardDeviceOperation,28,3183.0
2510848,1,CopyDeviceOperation,64,3181.0
2740224,1,InterleavedToShardedDeviceOperation,8,3171.0
2278400,1,ReshardDeviceOperation,32,3153.0
728064,,CopyDeviceOperation,64,3151.0
2850816,1,InterleavedToShardedDeviceOperation,8,3150.0
1281024,,CopyDeviceOperation,64,3144.0
801792,,CopyDeviceOperation,64,3141.0
2425856,1,ReshardDeviceOperation,32,3136.0
1911808,1,RepeatDeviceOperation,64,3136.0
2473984,1,CopyDeviceOperation,64,3134.0
2798592,1,SliceDeviceOperation,64,3134.0
1909760,1,ShardedToInterleavedDeviceOperation,32,3132.0
2691072,1,ReshardDeviceOperation,32,3126.0
3066880,1,InterleavedToShardedDeviceOperation,16,3125.0
1317888,,CopyDeviceOperation,64,3123.0
2879488,1,CopyDeviceOperation,64,3123.0
691200,,CopyDeviceOperation,64,3121.0
2949120,1,ReshardDeviceOperation,28,3117.0
875520,,CopyDeviceOperation,64,3115.0
1723392,,CopyDeviceOperation,64,3114.0
3052544,1,ReshardDeviceOperation,16,3113.0
2985984,1,ReshardDeviceOperation,28,3112.0
2080768,1,ReshardDeviceOperation,8,3105.0
532480,,ShardedToInterleavedDeviceOperation,32,3101.0
3214336,1,InterleavedToShardedDeviceOperation,12,3100.0
2068480,1,CopyDeviceOperation,64,3075.0
617472,,CopyDeviceOperation,64,3070.0
2818048,1,ReshardDeviceOperation,8,3064.0
1354752,,CopyDeviceOperation,64,3061.0
2854912,1,ReshardDeviceOperation,8,3061.0
2273280,1,ReshardDeviceOperation,8,3053.0
1870848,1,ReshardDeviceOperation,8,3047.0
2352128,1,ReshardDeviceOperation,32,3047.0
838656,,CopyDeviceOperation,64,3046.0
2375680,1,ReshardDeviceOperation,8,3042.0
2494464,1,ReshardDeviceOperation,8,3042.0
3163136,1,ReshardDeviceOperation,16,3038.0
2658304,1,CopyDeviceOperation,64,3037.0
2523136,1,ReshardDeviceOperation,8,3036.0
2641920,1,ReshardDeviceOperation,8,3034.0
2289664,1,CopyDeviceOperation,64,3031.0
2383872,1,ReshardDeviceOperation,8,3031.0
2768896,1,CopyDeviceOperation,64,3031.0
2457600,1,ReshardDeviceOperation,8,3030.0
2953216,1,CopyDeviceOperation,60,3029.0
2449408,1,ReshardDeviceOperation,8,3026.0
2771968,1,InterleavedToShardedDeviceOperation,32,3025.0
2199552,1,ReshardDeviceOperation,8,3023.0
2027520,1,ReshardDeviceOperation,32,3022.0
2506752,1,ReshardDeviceOperation,32,3021.0
580608,,CopyDeviceOperation,64,3018.0
2412544,1,ReshardDeviceOperation,8,3016.0
2842624,1,CopyDeviceOperation,64,3016.0
1133568,,CopyDeviceOperation,64,3015.0
2031616,1,CopyDeviceOperation,64,3009.0
3200000,1,ReshardDeviceOperation,16,3005.0
1879040,1,BinaryNgDeviceOperation,64,3004.0
2007040,1,ReshardDeviceOperation,8,3002.0
2043904,1,ReshardDeviceOperation,8,2999.0
1612800,,CopyDeviceOperation,64,2997.0
2265088,1,ReshardDeviceOperation,8,2996.0
2584576,1,CopyDeviceOperation,64,2995.0
2621440,1,CopyDeviceOperation,64,2995.0
2130944,1,ReshardDeviceOperation,32,2994.0
1539072,,CopyDeviceOperation,64,2990.0
2633728,1,ReshardDeviceOperation,8,2990.0
2322432,1,ReshardDeviceOperation,32,2989.0
2420736,1,ReshardDeviceOperation,8,2988.0
2605056,1,ReshardDeviceOperation,8,2985.0
1900544,1,UntilizeWithUnpaddingDeviceOperation,1,2983.0
2732032,1,CopyDeviceOperation,64,2981.0
949248,,CopyDeviceOperation,64,2978.0
2647040,1,ReshardDeviceOperation,32,2977.0
2990080,1,CopyDeviceOperation,60,2977.0
2715648,1,ReshardDeviceOperation,8,2976.0
2789376,1,ReshardDeviceOperation,8,2975.0
1941504,1,ReshardDeviceOperation,8,2974.0
2310144,1,ReshardDeviceOperation,8,2971.0
2891776,1,ReshardDeviceOperation,7,2965.0
1575936,,CopyDeviceOperation,64,2964.0
2154496,1,ReshardDeviceOperation,8,2961.0
1170432,,CopyDeviceOperation,64,2960.0
2347008,1,ReshardDeviceOperation,8,2960.0
2215936,1,CopyDeviceOperation,64,2957.0
1833984,,CopyDeviceOperation,64,2955.0
2301952,1,ReshardDeviceOperation,8,2955.0
3026944,1,CopyDeviceOperation,48,2955.0
2978816,1,ReshardDeviceOperation,28,2953.0
2117632,1,ReshardDeviceOperation,8,2952.0
2863104,1,ReshardDeviceOperation,8,2951.0
1244160,,CopyDeviceOperation,64,2947.0
3174400,1,CopyDeviceOperation,44,2946.0
1649664,,CopyDeviceOperation,64,2945.0
764928,,CopyDeviceOperation,64,2941.0
2191360,1,ReshardDeviceOperation,8,2939.0
1096704,,CopyDeviceOperation,64,2935.0
654336,,CopyDeviceOperation,64,2934.0
982016,,ReshardDeviceOperation,32,2933.0
1994752,1,CopyDeviceOperation,64,2933.0
2757632,1,ReshardDeviceOperation,32,2932.0
2105344,1,CopyDeviceOperation,64,2931.0
2596864,1,ReshardDeviceOperation,8,2931.0
2678784,1,ReshardDeviceOperation,8,2930.0
2052096,1,ReshardDeviceOperation,8,2929.0
1978368,1,ReshardDeviceOperation,8,2928.0
2088960,1,ReshardDeviceOperation,8,2925.0
2805760,1,CopyDeviceOperation,64,2925.0
1022976,,CopyDeviceOperation,64,2924.0
2826240,1,ReshardDeviceOperation,8,2924.0
2486272,1,ReshardDeviceOperation,8,2921.0
2174976,1,ReshardDeviceOperation,32,2920.0
2179072,1,CopyDeviceOperation,64,2920.0
1608704,,ReshardDeviceOperation,32,2915.0
2162688,1,ReshardDeviceOperation,8,2911.0
2560000,1,ReshardDeviceOperation,8,2909.0
3059712,1,ReshardDeviceOperation,16,2904.0
2610176,1,ReshardDeviceOperation,32,2901.0
2670592,1,ReshardDeviceOperation,8,2900.0
2916352,1,CopyDeviceOperation,60,2899.0
538624,,ShardedToInterleavedDeviceOperation,32,2898.0
2781184,1,ReshardDeviceOperation,8,2898.0
2228224,1,ReshardDeviceOperation,8,2896.0
501760,,BinaryNgDeviceOperation,64,2894.0
553984,,BinaryNgDeviceOperation,64,2894.0
2838528,1,ReshardDeviceOperation,32,2887.0
2744320,1,ReshardDeviceOperation,8,2886.0
2568192,1,ReshardDeviceOperation,8,2879.0
1306624,,ReshardDeviceOperation,32,2877.0
2536448,1,ReshardDeviceOperation,32,2874.0
864256,,ReshardDeviceOperation,32,2867.0
1465344,,CopyDeviceOperation,64,2864.0
2707456,1,ReshardDeviceOperation,8,2864.0
1377280,,ShardedToInterleavedDeviceOperation,64,2862.0
1797120,,CopyDeviceOperation,64,2852.0
2531328,1,ReshardDeviceOperation,8,2848.0
2801664,1,ReshardDeviceOperation,32,2848.0
1313792,,ReshardDeviceOperation,32,2843.0
1970176,1,ReshardDeviceOperation,8,2840.0
2138112,1,ReshardDeviceOperation,32,2839.0
1380352,,ReshardDeviceOperation,32,2836.0
2338816,1,ReshardDeviceOperation,8,2836.0
2326528,1,CopyDeviceOperation,64,2834.0
2236416,1,ReshardDeviceOperation,8,2832.0
2396160,1,ReshardDeviceOperation,32,2829.0
1983488,1,ReshardDeviceOperation,32,2821.0
2462720,1,ReshardDeviceOperation,32,2821.0
2727936,1,ReshardDeviceOperation,32,2821.0
2015232,1,ReshardDeviceOperation,8,2818.0
2285568,1,ReshardDeviceOperation,32,2806.0
1498112,,ReshardDeviceOperation,32,2799.0
2125824,1,ReshardDeviceOperation,8,2792.0
2211840,1,ReshardDeviceOperation,32,2791.0
1916928,1,CopyDeviceOperation,64,2785.0
2912256,1,ReshardDeviceOperation,28,2781.0
3063808,1,CopyDeviceOperation,48,2776.0
2252800,1,CopyDeviceOperation,64,2770.0
485376,,BinaryNgDeviceOperation,64,2765.0
2695168,1,CopyDeviceOperation,64,2759.0
3137536,1,CopyDeviceOperation,44,2753.0
2142208,1,CopyDeviceOperation,64,2751.0
495616,,ShardedToInterleavedDeviceOperation,64,2748.0
1229824,,ShardedToInterleavedDeviceOperation,64,2748.0
3211264,1,CopyDeviceOperation,44,2748.0
834560,,ReshardDeviceOperation,32,2743.0
1018880,,ReshardDeviceOperation,32,2740.0
824320,,ShardedToInterleavedDeviceOperation,64,2733.0
827392,,ReshardDeviceOperation,32,2732.0
1822720,,ReshardDeviceOperation,32,2731.0
2359296,1,ReshardDeviceOperation,32,2729.0
613376,,ReshardDeviceOperation,32,2725.0
1946624,1,ReshardDeviceOperation,32,2725.0
3207168,1,ReshardDeviceOperation,16,2725.0
2629632,1,InterleavedToShardedDeviceOperation,8,2720.0
2683904,1,ReshardDeviceOperation,32,2718.0
1269760,,ReshardDeviceOperation,32,2715.0
2241536,1,ReshardDeviceOperation,32,2711.0
2433024,1,ReshardDeviceOperation,32,2710.0
2248704,1,ReshardDeviceOperation,32,2704.0
2752512,1,ReshardDeviceOperation,8,2703.0
1953792,1,ReshardDeviceOperation,32,2702.0
1990656,1,ReshardDeviceOperation,32,2702.0
1232896,,ReshardDeviceOperation,32,2693.0
1008640,,ShardedToInterleavedDeviceOperation,64,2692.0
1571840,,ReshardDeviceOperation,32,2692.0
1672192,,ShardedToInterleavedDeviceOperation,64,2692.0
797696,,ReshardDeviceOperation,32,2685.0
1534976,,ReshardDeviceOperation,32,2685.0
3096576,1,ReshardDeviceOperation,16,2685.0
1601536,,ReshardDeviceOperation,32,2678.0
829440,,ShardedToInterleavedDeviceOperation,32,2676.0
1862656,1,BinaryNgDeviceOperation,64,2676.0
643072,,ReshardDeviceOperation,32,2675.0
2469888,1,ReshardDeviceOperation,32,2670.0
2101248,1,ReshardDeviceOperation,32,2669.0
2831360,1,ReshardDeviceOperation,32,2662.0
1859584,1,BinaryNgDeviceOperation,64,2658.0
2094080,1,ReshardDeviceOperation,32,2656.0
908288,,ReshardDeviceOperation,32,2654.0
1709056,,ShardedToInterleavedDeviceOperation,64,2654.0
1414144,,ShardedToInterleavedDeviceOperation,64,2652.0
1887232,1,ReshardDeviceOperation,32,2649.0
2400256,1,CopyDeviceOperation,64,2647.0
528384,,ReshardDeviceOperation,32,2644.0
1203200,,ReshardDeviceOperation,32,2644.0
2617344,1,ReshardDeviceOperation,32,2641.0
2315264,1,ReshardDeviceOperation,32,2640.0
1276928,,ReshardDeviceOperation,32,2636.0
523264,,UntilizeWithUnpaddingDeviceOperation,1,2635.0
578560,,ShardedToInterleavedDeviceOperation,32,2633.0
1048576,,ReshardDeviceOperation,32,2631.0
1566720,,ShardedToInterleavedDeviceOperation,32,2631.0
2388992,1,ReshardDeviceOperation,32,2623.0
1207296,,CopyDeviceOperation,64,2621.0
3100672,1,CopyDeviceOperation,48,2616.0
606208,,ReshardDeviceOperation,32,2613.0
679936,,ReshardDeviceOperation,32,2613.0
3133440,1,ReshardDeviceOperation,16,2609.0
787456,,ShardedToInterleavedDeviceOperation,64,2600.0
1454080,,ReshardDeviceOperation,32,2598.0
2064384,1,ReshardDeviceOperation,32,2598.0
509952,,ReshardDeviceOperation,32,2595.0
716800,,ReshardDeviceOperation,32,2595.0
1196032,,ReshardDeviceOperation,32,2595.0
1829888,,ReshardDeviceOperation,32,2595.0
1782784,,ShardedToInterleavedDeviceOperation,64,2588.0
2875392,1,ReshardDeviceOperation,32,2588.0
1490944,,ReshardDeviceOperation,32,2587.0
937984,,ReshardDeviceOperation,32,2581.0
1159168,,ReshardDeviceOperation,32,2581.0
1785856,,ReshardDeviceOperation,32,2581.0
1748992,,ReshardDeviceOperation,32,2572.0
1461248,,ReshardDeviceOperation,32,2571.0
1719296,,ReshardDeviceOperation,32,2566.0
1011712,,ReshardDeviceOperation,32,2563.0
2543616,1,ReshardDeviceOperation,32,2558.0
1055744,,ReshardDeviceOperation,32,2557.0
569344,,ReshardDeviceOperation,32,2555.0
3170304,1,ReshardDeviceOperation,16,2551.0
1129472,,ReshardDeviceOperation,32,2548.0
2965504,1,ReshardDeviceOperation,4,2545.0
2764800,1,ReshardDeviceOperation,32,2544.0
3039232,1,ReshardDeviceOperation,4,2543.0
2580480,1,ReshardDeviceOperation,32,2534.0
723968,,ReshardDeviceOperation,32,2532.0
750592,,ShardedToInterleavedDeviceOperation,64,2532.0
1756160,,ReshardDeviceOperation,32,2530.0
2905088,1,ReshardDeviceOperation,28,2529.0
687104,,ReshardDeviceOperation,32,2526.0
1387520,,ReshardDeviceOperation,32,2523.0
3123200,1,ShardedToInterleavedDeviceOperation,44,2522.0
1931264,1,BinaryNgDeviceOperation,64,2521.0
1682432,,ReshardDeviceOperation,32,2518.0
1092608,,ReshardDeviceOperation,32,2516.0
1278976,,ShardedToInterleavedDeviceOperation,32,2516.0
1451008,,ShardedToInterleavedDeviceOperation,64,2508.0
1166336,,ReshardDeviceOperation,32,2502.0
576512,,ReshardDeviceOperation,32,2501.0
1793024,,ReshardDeviceOperation,32,2500.0
482304,,BinaryNgDeviceOperation,64,2497.0
2936832,1,ReshardDeviceOperation,4,2497.0
2899968,1,ReshardDeviceOperation,4,2495.0
3084288,1,ReshardDeviceOperation,4,2495.0
1350656,,ReshardDeviceOperation,32,2493.0
603136,,ShardedToInterleavedDeviceOperation,64,2492.0
713728,,ShardedToInterleavedDeviceOperation,64,2492.0
3076096,1,ReshardDeviceOperation,4,2492.0
1745920,,ShardedToInterleavedDeviceOperation,64,2490.0
1980416,1,ShardedToInterleavedDeviceOperation,64,2486.0
1045504,,ShardedToInterleavedDeviceOperation,64,2484.0
2938880,1,ShardedToInterleavedDeviceOperation,60,2483.0
2201600,1,ShardedToInterleavedDeviceOperation,64,2477.0
753664,,ReshardDeviceOperation,32,2476.0
974848,,ReshardDeviceOperation,32,2475.0
2167808,1,ReshardDeviceOperation,32,2475.0
3012608,1,ShardedToInterleavedDeviceOperation,60,2471.0
1712128,,ReshardDeviceOperation,32,2469.0
1787904,,ShardedToInterleavedDeviceOperation,32,2460.0
3047424,1,ReshardDeviceOperation,4,2456.0
1122304,,ReshardDeviceOperation,32,2453.0
1192960,,ShardedToInterleavedDeviceOperation,64,2453.0
760832,,ReshardDeviceOperation,32,2452.0
1824768,,ShardedToInterleavedDeviceOperation,32,2450.0
1675264,,ReshardDeviceOperation,32,2444.0
2973696,1,ReshardDeviceOperation,4,2444.0
3002368,1,ReshardDeviceOperation,4,2442.0
903168,,ShardedToInterleavedDeviceOperation,32,2438.0
1085440,,ReshardDeviceOperation,32,2438.0
3126272,1,ReshardDeviceOperation,16,2437.0
726016,,ShardedToInterleavedDeviceOperation,32,2436.0
799744,,ShardedToInterleavedDeviceOperation,32,2433.0
1564672,,ReshardDeviceOperation,32,2430.0
3022848,1,ReshardDeviceOperation,25,2429.0
947200,,ShardedToInterleavedDeviceOperation,32,2428.0
1527808,,ReshardDeviceOperation,32,2428.0
755712,,ShardedToInterleavedDeviceOperation,32,2427.0
1635328,,ShardedToInterleavedDeviceOperation,64,2427.0
1529856,,ShardedToInterleavedDeviceOperation,32,2426.0
2445312,1,InterleavedToShardedDeviceOperation,8,2426.0
1463296,,ShardedToInterleavedDeviceOperation,32,2424.0
2545664,1,ShardedToInterleavedDeviceOperation,32,2424.0
1094656,,ShardedToInterleavedDeviceOperation,32,2422.0
1524736,,ShardedToInterleavedDeviceOperation,64,2422.0
512000,,ShardedToInterleavedDeviceOperation,32,2421.0
681984,,ShardedToInterleavedDeviceOperation,32,2421.0
1638400,,ReshardDeviceOperation,32,2421.0
898048,,ShardedToInterleavedDeviceOperation,64,2420.0
1645568,,ReshardDeviceOperation,32,2420.0
1266688,,ShardedToInterleavedDeviceOperation,64,2419.0
976896,,ShardedToInterleavedDeviceOperation,32,2414.0
1345536,,ShardedToInterleavedDeviceOperation,32,2410.0
1161216,,ShardedToInterleavedDeviceOperation,32,2409.0
2928640,1,ReshardDeviceOperation,4,2409.0
1352704,,ShardedToInterleavedDeviceOperation,32,2405.0
1561600,,ShardedToInterleavedDeviceOperation,64,2404.0
3049472,1,ShardedToInterleavedDeviceOperation,48,2402.0
3010560,1,ReshardDeviceOperation,4,2400.0
2103296,1,ShardedToInterleavedDeviceOperation,32,2399.0
1417216,,ReshardDeviceOperation,32,2398.0
836608,,ShardedToInterleavedDeviceOperation,32,2396.0
3086336,1,ShardedToInterleavedDeviceOperation,48,2395.0
1684480,,ShardedToInterleavedDeviceOperation,32,2394.0
615424,,ShardedToInterleavedDeviceOperation,32,2393.0
676864,,ShardedToInterleavedDeviceOperation,64,2390.0
1343488,,ReshardDeviceOperation,32,2389.0
2061312,1,SliceDeviceOperation,64,2383.0
1119232,,ShardedToInterleavedDeviceOperation,64,2381.0
945152,,ReshardDeviceOperation,32,2380.0
2054144,1,ShardedToInterleavedDeviceOperation,64,2378.0
901120,,ReshardDeviceOperation,32,2374.0
1340416,,ShardedToInterleavedDeviceOperation,64,2373.0
1426432,,ShardedToInterleavedDeviceOperation,32,2372.0
2385920,1,ShardedToInterleavedDeviceOperation,64,2367.0
940032,,ShardedToInterleavedDeviceOperation,32,2366.0
2127872,1,ShardedToInterleavedDeviceOperation,64,2360.0
1057792,,ShardedToInterleavedDeviceOperation,32,2356.0
1389568,,ShardedToInterleavedDeviceOperation,32,2356.0
1271808,,ShardedToInterleavedDeviceOperation,32,2355.0
640000,,ShardedToInterleavedDeviceOperation,64,2354.0
910336,,ShardedToInterleavedDeviceOperation,32,2354.0
645120,,ShardedToInterleavedDeviceOperation,32,2350.0
762880,,ShardedToInterleavedDeviceOperation,32,2349.0
1087488,,ShardedToInterleavedDeviceOperation,32,2349.0
1424384,,ReshardDeviceOperation,32,2349.0
1640448,,ShardedToInterleavedDeviceOperation,32,2349.0
3196928,1,ShardedToInterleavedDeviceOperation,44,2346.0
831488,,SliceDeviceOperation,64,2342.0
1303552,,ShardedToInterleavedDeviceOperation,64,2338.0
650240,,ReshardDeviceOperation,32,2333.0
871424,,ReshardDeviceOperation,32,2332.0
1573888,,ShardedToInterleavedDeviceOperation,32,2328.0
1236992,,SliceDeviceOperation,64,2326.0
1131520,,ShardedToInterleavedDeviceOperation,32,2324.0
1205248,,ShardedToInterleavedDeviceOperation,32,2324.0
1240064,,ReshardDeviceOperation,32,2324.0
1758208,,ShardedToInterleavedDeviceOperation,32,2322.0
1308672,,ShardedToInterleavedDeviceOperation,32,2320.0
566272,,ShardedToInterleavedDeviceOperation,64,2317.0
1315840,,ShardedToInterleavedDeviceOperation,32,2316.0
1500160,,ShardedToInterleavedDeviceOperation,32,2316.0
1456128,,ShardedToInterleavedDeviceOperation,32,2315.0
866304,,ShardedToInterleavedDeviceOperation,32,2309.0
2607104,1,ShardedToInterleavedDeviceOperation,64,2307.0
2865152,1,ShardedToInterleavedDeviceOperation,64,2307.0
1872896,1,ShardedToInterleavedDeviceOperation,64,2306.0
2877440,1,ShardedToInterleavedDeviceOperation,32,2306.0
2975744,1,ShardedToInterleavedDeviceOperation,60,2306.0
1198080,,ShardedToInterleavedDeviceOperation,32,2302.0
934912,,ShardedToInterleavedDeviceOperation,64,2301.0
1013760,,ShardedToInterleavedDeviceOperation,32,2301.0
1751040,,ShardedToInterleavedDeviceOperation,32,2300.0
1537024,,ShardedToInterleavedDeviceOperation,32,2292.0
3160064,1,ShardedToInterleavedDeviceOperation,44,2292.0
2164736,1,ShardedToInterleavedDeviceOperation,64,2290.0
2643968,1,ShardedToInterleavedDeviceOperation,64,2290.0
2791424,1,ShardedToInterleavedDeviceOperation,64,2290.0
1082368,,ShardedToInterleavedDeviceOperation,64,2284.0
571392,,ShardedToInterleavedDeviceOperation,32,2283.0
1492992,,ShardedToInterleavedDeviceOperation,32,2283.0
1647616,,ShardedToInterleavedDeviceOperation,32,2280.0
1714176,,ShardedToInterleavedDeviceOperation,32,2279.0
1050624,,ShardedToInterleavedDeviceOperation,32,2277.0
1124352,,ShardedToInterleavedDeviceOperation,32,2277.0
1242112,,ShardedToInterleavedDeviceOperation,32,2277.0
2533376,1,ShardedToInterleavedDeviceOperation,64,2274.0
1610752,,ShardedToInterleavedDeviceOperation,32,2272.0
1234944,,ShardedToInterleavedDeviceOperation,32,2268.0
2459648,1,ShardedToInterleavedDeviceOperation,64,2266.0
2680832,1,ShardedToInterleavedDeviceOperation,64,2266.0
718848,,ShardedToInterleavedDeviceOperation,32,2264.0
2238464,1,ShardedToInterleavedDeviceOperation,64,2262.0
1487872,,ShardedToInterleavedDeviceOperation,64,2261.0
790528,,ReshardDeviceOperation,32,2260.0
1020928,,ShardedToInterleavedDeviceOperation,32,2260.0
1721344,,ShardedToInterleavedDeviceOperation,32,2260.0
1929216,1,InterleavedToShardedDeviceOperation,8,2258.0
689152,,ShardedToInterleavedDeviceOperation,32,2257.0
2357248,1,InterleavedToShardedDeviceOperation,32,2257.0
530432,,ShardedToInterleavedDeviceOperation,32,2253.0
1603584,,ShardedToInterleavedDeviceOperation,32,2250.0
2017280,1,ShardedToInterleavedDeviceOperation,64,2250.0
984064,,ShardedToInterleavedDeviceOperation,32,2248.0
608256,,ShardedToInterleavedDeviceOperation,32,2245.0
1419264,,ShardedToInterleavedDeviceOperation,32,2242.0
1163264,,SliceDeviceOperation,64,2241.0
652288,,ShardedToInterleavedDeviceOperation,32,2235.0
2902016,1,ShardedToInterleavedDeviceOperation,60,2235.0
1831936,,ShardedToInterleavedDeviceOperation,32,2232.0
2570240,1,ShardedToInterleavedDeviceOperation,64,2219.0
2503680,1,SliceDeviceOperation,64,2215.0
792576,,ShardedToInterleavedDeviceOperation,32,2214.0
1677312,,ShardedToInterleavedDeviceOperation,32,2214.0
2091008,1,ShardedToInterleavedDeviceOperation,64,2213.0
861184,,ShardedToInterleavedDeviceOperation,64,2212.0
1168384,,ShardedToInterleavedDeviceOperation,32,2212.0
1495040,,SliceDeviceOperation,64,2212.0
1598464,,ShardedToInterleavedDeviceOperation,64,2210.0
1795072,,ShardedToInterleavedDeviceOperation,32,2204.0
2582528,1,ShardedToInterleavedDeviceOperation,32,2203.0
2754560,1,ShardedToInterleavedDeviceOperation,64,2202.0
1819648,,ShardedToInterleavedDeviceOperation,64,2200.0
516096,,SliceDeviceOperation,64,2196.0
2429952,1,SliceDeviceOperation,64,2196.0
2828288,1,ShardedToInterleavedDeviceOperation,64,2195.0
3167232,1,SliceDeviceOperation,44,2190.0
1382400,,ShardedToInterleavedDeviceOperation,32,2186.0
2717696,1,ShardedToInterleavedDeviceOperation,64,2181.0
1156096,,ShardedToInterleavedDeviceOperation,64,2180.0
2275328,1,ShardedToInterleavedDeviceOperation,64,2176.0
971776,,ShardedToInterleavedDeviceOperation,64,2172.0
2391040,1,ShardedToInterleavedDeviceOperation,32,2170.0
1826816,,SliceDeviceOperation,64,2168.0
2371584,1,InterleavedToShardedDeviceOperation,8,2157.0
2614272,1,SliceDeviceOperation,64,2157.0
1943552,1,ShardedToInterleavedDeviceOperation,64,2153.0
2833408,1,ShardedToInterleavedDeviceOperation,32,2151.0
2312192,1,ShardedToInterleavedDeviceOperation,64,2145.0
2422784,1,ShardedToInterleavedDeviceOperation,64,2144.0
2909184,1,SliceDeviceOperation,60,2140.0
2496512,1,ShardedToInterleavedDeviceOperation,64,2139.0
873472,,ShardedToInterleavedDeviceOperation,32,2136.0
2280448,1,ShardedToInterleavedDeviceOperation,32,2134.0
2398208,1,ShardedToInterleavedDeviceOperation,32,2133.0
2171904,1,SliceDeviceOperation,64,2127.0
2059264,1,ShardedToInterleavedDeviceOperation,32,2126.0
2649088,1,ShardedToInterleavedDeviceOperation,32,2126.0
2349056,1,ShardedToInterleavedDeviceOperation,64,2125.0
524288,,RepeatDeviceOperation,64,2124.0
868352,,SliceDeviceOperation,64,2121.0
1753088,,SliceDeviceOperation,64,2121.0
1015808,,SliceDeviceOperation,64,2116.0
1901568,1,RepeatDeviceOperation,64,2115.0
2206720,1,ShardedToInterleavedDeviceOperation,32,2114.0
1568768,,SliceDeviceOperation,64,2110.0
3093504,1,SliceDeviceOperation,48,2099.0
2224128,1,InterleavedToShardedDeviceOperation,8,2094.0
1200128,,SliceDeviceOperation,64,2093.0
1955840,1,ShardedToInterleavedDeviceOperation,32,2093.0
2354176,1,ShardedToInterleavedDeviceOperation,32,2093.0
2761728,1,SliceDeviceOperation,64,2080.0
2924544,1,InterleavedToShardedDeviceOperation,4,2080.0
2656256,1,ShardedToInterleavedDeviceOperation,32,2072.0
3130368,1,SliceDeviceOperation,44,2072.0
3035136,1,InterleavedToShardedDeviceOperation,4,2072.0
1605632,,SliceDeviceOperation,64,2069.0
3091456,1,ShardedToInterleavedDeviceOperation,16,2064.0
2066432,1,ShardedToInterleavedDeviceOperation,32,2063.0
1052672,,SliceDeviceOperation,64,2060.0
2136064,1,InterleavedToShardedDeviceOperation,32,2057.0
2619392,1,ShardedToInterleavedDeviceOperation,32,2057.0
757760,,SliceDeviceOperation,64,2056.0
2724864,1,SliceDeviceOperation,64,2054.0
2693120,1,ShardedToInterleavedDeviceOperation,32,2053.0
1458176,,SliceDeviceOperation,64,2048.0
2098176,1,SliceDeviceOperation,64,2048.0
1992704,1,ShardedToInterleavedDeviceOperation,32,2043.0
1531904,,SliceDeviceOperation,64,2040.0
1214464,,ShardedToInterleavedDeviceOperation,32,2039.0
2022400,1,ShardedToInterleavedDeviceOperation,32,2038.0
2813952,1,InterleavedToShardedDeviceOperation,8,2037.0
3204096,1,SliceDeviceOperation,44,2037.0
1679360,,SliceDeviceOperation,64,2036.0
2140160,1,ShardedToInterleavedDeviceOperation,32,2033.0
2245632,1,SliceDeviceOperation,64,2031.0
2612224,1,ShardedToInterleavedDeviceOperation,32,2031.0
684032,,SliceDeviceOperation,64,2029.0
506880,,TypecastDeviceOperation,4,2027.0
794624,,SliceDeviceOperation,64,2026.0
3019776,1,SliceDeviceOperation,60,2025.0
1126400,,SliceDeviceOperation,64,2024.0
2471936,1,ShardedToInterleavedDeviceOperation,32,2023.0
647168,,SliceDeviceOperation,64,2016.0
2722816,1,ShardedToInterleavedDeviceOperation,32,2016.0
2435072,1,ShardedToInterleavedDeviceOperation,32,2015.0
905216,,SliceDeviceOperation,64,2013.0
1177600,,ShardedToInterleavedDeviceOperation,32,2009.0
2282496,1,SliceDeviceOperation,64,2008.0
2150400,1,InterleavedToShardedDeviceOperation,8,2005.0
2840576,1,ShardedToInterleavedDeviceOperation,32,2004.0
2577408,1,SliceDeviceOperation,64,2002.0
1310720,,SliceDeviceOperation,64,1999.0
573440,,SliceDeviceOperation,64,1996.0
1642496,,SliceDeviceOperation,64,1996.0
1716224,,SliceDeviceOperation,64,1996.0
2213888,1,ShardedToInterleavedDeviceOperation,32,1996.0
882688,,ShardedToInterleavedDeviceOperation,32,1995.0
508928,,TypecastDeviceOperation,4,1994.0
3235840,,UntilizeWithUnpaddingDeviceOperation,1,1991.0
2466816,1,SliceDeviceOperation,64,1990.0
1893376,1,SliceDeviceOperation,64,1984.0
610304,,SliceDeviceOperation,64,1982.0
2872320,1,SliceDeviceOperation,64,1980.0
3056640,1,SliceDeviceOperation,48,1978.0
1435648,,ShardedToInterleavedDeviceOperation,32,1977.0
2946048,1,SliceDeviceOperation,60,1974.0
2319360,1,SliceDeviceOperation,64,1972.0
2024448,1,SliceDeviceOperation,64,1971.0
2208768,1,SliceDeviceOperation,64,1969.0
2464768,1,ShardedToInterleavedDeviceOperation,32,1969.0
2688000,1,SliceDeviceOperation,64,1966.0
2317312,1,ShardedToInterleavedDeviceOperation,32,1964.0
2243584,1,ShardedToInterleavedDeviceOperation,32,1963.0
2356224,1,SliceDeviceOperation,64,1963.0
1089536,,SliceDeviceOperation,64,1962.0
942080,,SliceDeviceOperation,64,1959.0
2651136,1,SliceDeviceOperation,64,1959.0
1347584,,SliceDeviceOperation,64,1958.0
2835456,1,SliceDeviceOperation,64,1956.0
720896,,SliceDeviceOperation,64,1954.0
587776,,ShardedToInterleavedDeviceOperation,32,1953.0
2287616,1,ShardedToInterleavedDeviceOperation,32,1952.0
1789952,,SliceDeviceOperation,64,1950.0
2540544,1,SliceDeviceOperation,64,1950.0
1421312,,SliceDeviceOperation,64,1947.0
1384448,,SliceDeviceOperation,64,1944.0
550912,,ShardedToInterleavedDeviceOperation,32,1937.0
1883136,1,UnaryDeviceOperation,64,1937.0
2096128,1,ShardedToInterleavedDeviceOperation,32,1935.0
1950720,1,SliceDeviceOperation,64,1934.0
2944000,1,ShardedToInterleavedDeviceOperation,28,1933.0
2538496,1,ShardedToInterleavedDeviceOperation,32,1932.0
2039808,1,InterleavedToShardedDeviceOperation,8,1931.0
1472512,,ShardedToInterleavedDeviceOperation,32,1929.0
2177024,1,ShardedToInterleavedDeviceOperation,32,1929.0
1273856,,SliceDeviceOperation,64,1925.0
2575360,1,ShardedToInterleavedDeviceOperation,32,1924.0
2982912,1,SliceDeviceOperation,60,1921.0
1987584,1,SliceDeviceOperation,64,1920.0
2729984,1,ShardedToInterleavedDeviceOperation,32,1914.0
2132992,1,ShardedToInterleavedDeviceOperation,32,1911.0
2393088,1,SliceDeviceOperation,64,1906.0
1889280,1,ShardedToInterleavedDeviceOperation,32,1901.0
1288192,,ShardedToInterleavedDeviceOperation,32,1898.0
2135040,1,SliceDeviceOperation,64,1888.0
2427904,1,ShardedToInterleavedDeviceOperation,32,1886.0
2501632,1,ShardedToInterleavedDeviceOperation,32,1884.0
1030144,,ShardedToInterleavedDeviceOperation,32,1881.0
2988032,1,ShardedToInterleavedDeviceOperation,28,1880.0
919552,,ShardedToInterleavedDeviceOperation,32,1873.0
2361344,1,ShardedToInterleavedDeviceOperation,32,1872.0
3054592,1,ShardedToInterleavedDeviceOperation,16,1871.0
3202048,1,ShardedToInterleavedDeviceOperation,16,1871.0
1140736,,ShardedToInterleavedDeviceOperation,32,1865.0
1583104,,ShardedToInterleavedDeviceOperation,32,1865.0
3266560,,UntilizeWithUnpaddingDeviceOperation,1,1860.0
2961408,1,InterleavedToShardedDeviceOperation,4,1859.0
1361920,,ShardedToInterleavedDeviceOperation,32,1858.0
1886208,1,TypecastDeviceOperation,4,1858.0
2803712,1,ShardedToInterleavedDeviceOperation,32,1858.0
845824,,ShardedToInterleavedDeviceOperation,32,1857.0
1103872,,ShardedToInterleavedDeviceOperation,32,1857.0
2914304,1,ShardedToInterleavedDeviceOperation,28,1856.0
505856,,UnaryDeviceOperation,64,1852.0
1884160,1,TypecastDeviceOperation,4,1852.0
3024896,1,ShardedToInterleavedDeviceOperation,25,1847.0
2759680,1,ShardedToInterleavedDeviceOperation,32,1843.0
2766848,1,ShardedToInterleavedDeviceOperation,32,1842.0
1067008,,ShardedToInterleavedDeviceOperation,32,1841.0
624640,,ShardedToInterleavedDeviceOperation,32,1833.0
978944,,SliceDeviceOperation,64,1833.0
2519040,1,InterleavedToShardedDeviceOperation,8,1828.0
1693696,,ShardedToInterleavedDeviceOperation,32,1825.0
1398784,,ShardedToInterleavedDeviceOperation,32,1818.0
1730560,,ShardedToInterleavedDeviceOperation,32,1818.0
956416,,ShardedToInterleavedDeviceOperation,32,1817.0
1509376,,ShardedToInterleavedDeviceOperation,32,1810.0
1251328,,ShardedToInterleavedDeviceOperation,32,1809.0
2062336,1,InterleavedToShardedDeviceOperation,32,1805.0
698368,,ShardedToInterleavedDeviceOperation,32,1801.0
1656832,,ShardedToInterleavedDeviceOperation,32,1801.0
2685952,1,ShardedToInterleavedDeviceOperation,32,1801.0
1885184,1,UnaryDeviceOperation,64,1798.0
2250752,1,ShardedToInterleavedDeviceOperation,32,1797.0
3265536,,UntilizeWithUnpaddingDeviceOperation,1,1796.0
1915904,1,ShardedToInterleavedDeviceOperation,32,1795.0
1325056,,ShardedToInterleavedDeviceOperation,32,1793.0
2777088,1,InterleavedToShardedDeviceOperation,8,1786.0
1619968,,ShardedToInterleavedDeviceOperation,32,1785.0
1767424,,ShardedToInterleavedDeviceOperation,32,1785.0
1881088,1,ConcatDeviceOperation,4,1785.0
3128320,1,ShardedToInterleavedDeviceOperation,16,1777.0
2887680,1,InterleavedToShardedDeviceOperation,7,1773.0
2907136,1,ShardedToInterleavedDeviceOperation,28,1769.0
3243008,,UntilizeWithUnpaddingDeviceOperation,1,1765.0
2169856,1,ShardedToInterleavedDeviceOperation,32,1762.0
661504,,ShardedToInterleavedDeviceOperation,32,1761.0
3257344,,UntilizeWithUnpaddingDeviceOperation,1,1760.0
2951168,1,ShardedToInterleavedDeviceOperation,28,1758.0
1948672,1,ShardedToInterleavedDeviceOperation,32,1756.0
993280,,ShardedToInterleavedDeviceOperation,32,1753.0
772096,,ShardedToInterleavedDeviceOperation,32,1746.0
1841152,,ShardedToInterleavedDeviceOperation,32,1745.0
2076672,1,InterleavedToShardedDeviceOperation,8,1745.0
2592768,1,InterleavedToShardedDeviceOperation,8,1742.0
2187264,1,InterleavedToShardedDeviceOperation,8,1740.0
735232,,ShardedToInterleavedDeviceOperation,32,1737.0
3252224,,UntilizeWithUnpaddingDeviceOperation,1,1735.0
3239936,,UntilizeWithUnpaddingDeviceOperation,1,1732.0
1804288,,ShardedToInterleavedDeviceOperation,32,1729.0
3209216,1,ShardedToInterleavedDeviceOperation,16,1728.0
1905664,1,ReshardDeviceOperation,32,1726.0
3249152,,UntilizeWithUnpaddingDeviceOperation,1,1724.0
3270656,,UntilizeWithUnpaddingDeviceOperation,1,1722.0
1546240,,ShardedToInterleavedDeviceOperation,32,1721.0
994304,,InterleavedToShardedDeviceOperation,8,1719.0
1326080,,InterleavedToShardedDeviceOperation,8,1719.0
2554880,1,ShardedToInterleavedDeviceOperation,32,1719.0
507904,,UnaryDeviceOperation,64,1713.0
1985536,1,ShardedToInterleavedDeviceOperation,32,1713.0
2980864,1,ShardedToInterleavedDeviceOperation,28,1713.0
3269632,,UntilizeWithUnpaddingDeviceOperation,1,1711.0
2482176,1,InterleavedToShardedDeviceOperation,8,1710.0
3255296,,UntilizeWithUnpaddingDeviceOperation,1,1709.0
1805312,,InterleavedToShardedDeviceOperation,8,1708.0
846848,,InterleavedToShardedDeviceOperation,8,1707.0
1547264,,InterleavedToShardedDeviceOperation,8,1707.0
2666496,1,InterleavedToShardedDeviceOperation,8,1707.0
2444288,1,ShardedToInterleavedDeviceOperation,32,1706.0
808960,,ShardedToInterleavedDeviceOperation,32,1705.0
2870272,1,ShardedToInterleavedDeviceOperation,32,1704.0
2508800,1,ShardedToInterleavedDeviceOperation,32,1703.0
3258368,,UntilizeWithUnpaddingDeviceOperation,1,1703.0
2998272,1,InterleavedToShardedDeviceOperation,4,1699.0
1215488,,InterleavedToShardedDeviceOperation,8,1698.0
3267584,,UntilizeWithUnpaddingDeviceOperation,1,1697.0
3268608,,UntilizeWithUnpaddingDeviceOperation,1,1696.0
699392,,InterleavedToShardedDeviceOperation,8,1695.0
3245056,,UntilizeWithUnpaddingDeviceOperation,1,1694.0
3262464,,UntilizeWithUnpaddingDeviceOperation,1,1692.0
3261440,,UntilizeWithUnpaddingDeviceOperation,1,1691.0
3256320,,UntilizeWithUnpaddingDeviceOperation,1,1688.0
3260416,,UntilizeWithUnpaddingDeviceOperation,1,1688.0
1068032,,InterleavedToShardedDeviceOperation,8,1687.0
3247104,,UntilizeWithUnpaddingDeviceOperation,1,1687.0
773120,,InterleavedToShardedDeviceOperation,8,1686.0
832512,,InterleavedToShardedDeviceOperation,32,1685.0
1606656,,InterleavedToShardedDeviceOperation,32,1685.0
3250176,,UntilizeWithUnpaddingDeviceOperation,1,1684.0
3238912,,UntilizeWithUnpaddingDeviceOperation,1,1682.0
3254272,,UntilizeWithUnpaddingDeviceOperation,1,1682.0
2260992,1,InterleavedToShardedDeviceOperation,8,1680.0
3241984,,UntilizeWithUnpaddingDeviceOperation,1,1680.0
503808,,ConcatDeviceOperation,4,1677.0
3271680,,UntilizeWithUnpaddingDeviceOperation,1,1677.0
3244032,,UntilizeWithUnpaddingDeviceOperation,1,1675.0
3272704,,UntilizeWithUnpaddingDeviceOperation,1,1672.0
3237888,,UntilizeWithUnpaddingDeviceOperation,1,1670.0
3248128,,UntilizeWithUnpaddingDeviceOperation,1,1667.0
3253248,,UntilizeWithUnpaddingDeviceOperation,1,1667.0
3263488,,UntilizeWithUnpaddingDeviceOperation,1,1667.0
920576,,InterleavedToShardedDeviceOperation,8,1666.0
1731584,,InterleavedToShardedDeviceOperation,8,1665.0
2408448,1,InterleavedToShardedDeviceOperation,8,1665.0
1178624,,InterleavedToShardedDeviceOperation,8,1664.0
1717248,,InterleavedToShardedDeviceOperation,32,1664.0
3246080,,UntilizeWithUnpaddingDeviceOperation,1,1663.0
3264512,,UntilizeWithUnpaddingDeviceOperation,1,1661.0
3240960,,UntilizeWithUnpaddingDeviceOperation,1,1658.0
3251200,,UntilizeWithUnpaddingDeviceOperation,1,1657.0
3236864,,UntilizeWithUnpaddingDeviceOperation,1,1656.0
3072000,1,InterleavedToShardedDeviceOperation,4,1656.0
625664,,InterleavedToShardedDeviceOperation,8,1654.0
883712,,InterleavedToShardedDeviceOperation,8,1654.0
1842176,,InterleavedToShardedDeviceOperation,8,1654.0
1966080,1,InterleavedToShardedDeviceOperation,8,1653.0
1238016,,InterleavedToShardedDeviceOperation,32,1650.0
3165184,1,ShardedToInterleavedDeviceOperation,16,1649.0
551936,,InterleavedToShardedDeviceOperation,8,1644.0
2029568,1,ShardedToInterleavedDeviceOperation,32,1642.0
2796544,1,ShardedToInterleavedDeviceOperation,32,1642.0
1141760,,InterleavedToShardedDeviceOperation,8,1641.0
2297856,1,InterleavedToShardedDeviceOperation,8,1637.0
736256,,InterleavedToShardedDeviceOperation,8,1636.0
1385472,,InterleavedToShardedDeviceOperation,32,1633.0
3259392,,UntilizeWithUnpaddingDeviceOperation,1,1630.0
957440,,InterleavedToShardedDeviceOperation,8,1629.0
662528,,InterleavedToShardedDeviceOperation,8,1628.0
1768448,,InterleavedToShardedDeviceOperation,8,1627.0
3172352,1,ShardedToInterleavedDeviceOperation,16,1626.0
1362944,,InterleavedToShardedDeviceOperation,8,1624.0
1876992,1,TypecastDeviceOperation,1,1624.0
1252352,,InterleavedToShardedDeviceOperation,8,1623.0
2555904,1,InterleavedToShardedDeviceOperation,8,1623.0
1090560,,InterleavedToShardedDeviceOperation,32,1622.0
2334720,1,InterleavedToShardedDeviceOperation,8,1617.0
1569792,,InterleavedToShardedDeviceOperation,32,1609.0
1031168,,InterleavedToShardedDeviceOperation,8,1608.0
1510400,,InterleavedToShardedDeviceOperation,8,1608.0
1620992,,InterleavedToShardedDeviceOperation,8,1608.0
809984,,InterleavedToShardedDeviceOperation,8,1606.0
1289216,,InterleavedToShardedDeviceOperation,8,1606.0
1422336,,InterleavedToShardedDeviceOperation,32,1606.0
1584128,,InterleavedToShardedDeviceOperation,8,1606.0
588800,,InterleavedToShardedDeviceOperation,8,1604.0
1104896,,InterleavedToShardedDeviceOperation,8,1603.0
1680384,,InterleavedToShardedDeviceOperation,32,1600.0
3017728,1,ShardedToInterleavedDeviceOperation,28,1600.0
1657856,,InterleavedToShardedDeviceOperation,8,1599.0
1694720,,InterleavedToShardedDeviceOperation,8,1599.0
1473536,,InterleavedToShardedDeviceOperation,8,1598.0
2112512,1,ShardedToInterleavedDeviceOperation,32,1598.0
1348608,,InterleavedToShardedDeviceOperation,32,1595.0
1399808,,InterleavedToShardedDeviceOperation,8,1595.0
1532928,,InterleavedToShardedDeviceOperation,32,1588.0
2333696,1,ShardedToInterleavedDeviceOperation,32,1585.0
497664,,RepeatDeviceOperation,64,1583.0
1436672,,InterleavedToShardedDeviceOperation,8,1578.0
3034112,1,ShardedToInterleavedDeviceOperation,16,1576.0
1053696,,InterleavedToShardedDeviceOperation,32,1573.0
1874944,1,RepeatDeviceOperation,64,1573.0
3098624,1,ShardedToInterleavedDeviceOperation,16,1569.0
758784,,InterleavedToShardedDeviceOperation,32,1562.0
2259968,1,ShardedToInterleavedDeviceOperation,32,1557.0
2407424,1,ShardedToInterleavedDeviceOperation,32,1557.0
2703360,1,InterleavedToShardedDeviceOperation,8,1555.0
2591744,1,ShardedToInterleavedDeviceOperation,32,1543.0
2997248,1,ShardedToInterleavedDeviceOperation,28,1537.0
979968,,InterleavedToShardedDeviceOperation,32,1532.0
3020800,1,InterleavedToShardedDeviceOperation,28,1532.0
517120,,InterleavedToShardedDeviceOperation,32,1529.0
2960384,1,ShardedToInterleavedDeviceOperation,28,1526.0
869376,,InterleavedToShardedDeviceOperation,32,1522.0
2799616,1,InterleavedToShardedDeviceOperation,32,1522.0
1643520,,InterleavedToShardedDeviceOperation,32,1521.0
2481152,1,ShardedToInterleavedDeviceOperation,32,1521.0
1965056,1,ShardedToInterleavedDeviceOperation,32,1519.0
906240,,InterleavedToShardedDeviceOperation,32,1508.0
2324480,1,ShardedToInterleavedDeviceOperation,32,1505.0
2518016,1,ShardedToInterleavedDeviceOperation,32,1505.0
943104,,InterleavedToShardedDeviceOperation,32,1498.0
1754112,,InterleavedToShardedDeviceOperation,32,1498.0
2172928,1,InterleavedToShardedDeviceOperation,32,1498.0
1274880,,InterleavedToShardedDeviceOperation,32,1497.0
2223104,1,ShardedToInterleavedDeviceOperation,32,1497.0
1201152,,InterleavedToShardedDeviceOperation,32,1489.0
2075648,1,ShardedToInterleavedDeviceOperation,32,1489.0
648192,,InterleavedToShardedDeviceOperation,32,1477.0
2025472,1,InterleavedToShardedDeviceOperation,32,1477.0
499712,,TypecastDeviceOperation,1,1476.0
1864704,1,TypecastDeviceOperation,32,1476.0
1164288,,InterleavedToShardedDeviceOperation,32,1475.0
1496064,,InterleavedToShardedDeviceOperation,32,1470.0
795648,,InterleavedToShardedDeviceOperation,32,1469.0
2628608,1,ShardedToInterleavedDeviceOperation,32,1464.0
2578432,1,InterleavedToShardedDeviceOperation,32,1463.0
2186240,1,ShardedToInterleavedDeviceOperation,32,1457.0
1903616,1,InterleavedToShardedDeviceOperation,32,1456.0
2149376,1,ShardedToInterleavedDeviceOperation,32,1451.0
721920,,InterleavedToShardedDeviceOperation,32,1448.0
2320384,1,InterleavedToShardedDeviceOperation,32,1443.0
2394112,1,InterleavedToShardedDeviceOperation,32,1434.0
574464,,InterleavedToShardedDeviceOperation,32,1433.0
1790976,,InterleavedToShardedDeviceOperation,32,1433.0
526336,,InterleavedToShardedDeviceOperation,32,1432.0
611328,,InterleavedToShardedDeviceOperation,32,1432.0
685056,,InterleavedToShardedDeviceOperation,32,1432.0
3107840,1,ShardedToInterleavedDeviceOperation,12,1431.0
1016832,,InterleavedToShardedDeviceOperation,32,1430.0
2836480,1,InterleavedToShardedDeviceOperation,32,1430.0
1907712,1,ShardedToInterleavedDeviceOperation,32,1425.0
1127424,,InterleavedToShardedDeviceOperation,32,1422.0
487424,,TypecastDeviceOperation,32,1417.0
1928192,1,ShardedToInterleavedDeviceOperation,32,1415.0
3061760,1,ShardedToInterleavedDeviceOperation,16,1412.0
1459200,,InterleavedToShardedDeviceOperation,32,1411.0
1311744,,InterleavedToShardedDeviceOperation,32,1409.0
2873344,1,InterleavedToShardedDeviceOperation,32,1403.0
1827840,,InterleavedToShardedDeviceOperation,32,1402.0
2849792,1,ShardedToInterleavedDeviceOperation,32,1401.0
2209792,1,InterleavedToShardedDeviceOperation,32,1399.0
2296832,1,ShardedToInterleavedDeviceOperation,32,1394.0
2038784,1,ShardedToInterleavedDeviceOperation,32,1393.0
3135488,1,ShardedToInterleavedDeviceOperation,16,1393.0
2689024,1,InterleavedToShardedDeviceOperation,32,1382.0
2283520,1,InterleavedToShardedDeviceOperation,32,1366.0
2776064,1,ShardedToInterleavedDeviceOperation,32,1366.0
2762752,1,InterleavedToShardedDeviceOperation,32,1364.0
491520,,InterleavedToShardedDeviceOperation,64,1353.0
2370560,1,ShardedToInterleavedDeviceOperation,32,1353.0
2947072,1,InterleavedToShardedDeviceOperation,28,1335.0
3094528,1,InterleavedToShardedDeviceOperation,16,1335.0
1868800,1,InterleavedToShardedDeviceOperation,64,1331.0
2099200,1,InterleavedToShardedDeviceOperation,32,1304.0
2923520,1,ShardedToInterleavedDeviceOperation,28,1295.0
2725888,1,InterleavedToShardedDeviceOperation,32,1292.0
2886656,1,ShardedToInterleavedDeviceOperation,31,1281.0
3181568,1,ShardedToInterleavedDeviceOperation,12,1278.0
2541568,1,InterleavedToShardedDeviceOperation,32,1272.0
2504704,1,InterleavedToShardedDeviceOperation,32,1269.0
2665472,1,ShardedToInterleavedDeviceOperation,32,1268.0
2246656,1,InterleavedToShardedDeviceOperation,32,1267.0
2652160,1,InterleavedToShardedDeviceOperation,32,1267.0
2812928,1,ShardedToInterleavedDeviceOperation,32,1264.0
2615296,1,InterleavedToShardedDeviceOperation,32,1257.0
2702336,1,ShardedToInterleavedDeviceOperation,32,1257.0
2739200,1,ShardedToInterleavedDeviceOperation,32,1257.0
3070976,1,ShardedToInterleavedDeviceOperation,16,1249.0
2001920,1,ShardedToInterleavedDeviceOperation,32,1225.0
2430976,1,InterleavedToShardedDeviceOperation,32,1191.0
2467840,1,InterleavedToShardedDeviceOperation,32,1191.0
2983936,1,InterleavedToShardedDeviceOperation,28,1186.0
1951744,1,InterleavedToShardedDeviceOperation,32,1178.0
2910208,1,InterleavedToShardedDeviceOperation,28,1170.0
3205120,1,InterleavedToShardedDeviceOperation,12,1170.0
3144704,1,ShardedToInterleavedDeviceOperation,12,1163.0
3057664,1,InterleavedToShardedDeviceOperation,16,1156.0
3168256,1,InterleavedToShardedDeviceOperation,12,1151.0
1988608,1,InterleavedToShardedDeviceOperation,32,1135.0
3218432,1,ShardedToInterleavedDeviceOperation,12,1134.0
1894400,1,InterleavedToShardedDeviceOperation,32,1127.0
3131392,1,InterleavedToShardedDeviceOperation,12,941.0
1866752,1,CopyDeviceOperation,1,881.0
1863680,1,ShardedToInterleavedDeviceOperation,1,879.0
489472,,CopyDeviceOperation,1,878.0
504832,,InterleavedToShardedDeviceOperation,4,868.0
1860608,1,ShardedToInterleavedDeviceOperation,1,747.0
486400,,ShardedToInterleavedDeviceOperation,1,746.0
483328,,ShardedToInterleavedDeviceOperation,1,745.0
1882112,1,InterleavedToShardedDeviceOperation,4,694.0
502784,,ShardedToInterleavedDeviceOperation,2,679.0
2787328,1,BinaryNgDeviceOperation,64,606.0
2418688,1,BinaryNgDeviceOperation,64,604.0
2263040,1,BinaryNgDeviceOperation,64,603.0
2336768,1,BinaryNgDeviceOperation,64,603.0
3155968,1,BinaryNgDeviceOperation,44,602.0
3221504,1,BinaryNgDeviceOperation,44,602.0
3000320,1,BinaryNgDeviceOperation,60,601.0
3110912,1,BinaryNgDeviceOperation,44,601.0
3147776,1,BinaryNgDeviceOperation,44,601.0
2889728,1,BinaryNgDeviceOperation,63,600.0
2308096,1,BinaryNgDeviceOperation,64,599.0
2566144,1,BinaryNgDeviceOperation,64,599.0
2750464,1,BinaryNgDeviceOperation,64,599.0
2824192,1,BinaryNgDeviceOperation,64,599.0
1968128,1,BinaryNgDeviceOperation,64,598.0
2971648,1,BinaryNgDeviceOperation,60,598.0
2816000,1,BinaryNgDeviceOperation,64,596.0
3184640,1,BinaryNgDeviceOperation,44,596.0
2447360,1,BinaryNgDeviceOperation,64,595.0
2521088,1,BinaryNgDeviceOperation,64,595.0
2226176,1,BinaryNgDeviceOperation,64,594.0
2557952,1,BinaryNgDeviceOperation,64,594.0
2594816,1,BinaryNgDeviceOperation,64,594.0
2852864,1,BinaryNgDeviceOperation,64,594.0
2963456,1,BinaryNgDeviceOperation,60,594.0
2484224,1,BinaryNgDeviceOperation,64,592.0
2668544,1,BinaryNgDeviceOperation,64,592.0
2779136,1,BinaryNgDeviceOperation,64,592.0
3074048,1,BinaryNgDeviceOperation,48,592.0
3045376,1,BinaryNgDeviceOperation,48,591.0
3229696,1,BinaryNgDeviceOperation,44,591.0
2492416,1,BinaryNgDeviceOperation,64,590.0
2123776,1,BinaryNgDeviceOperation,64,589.0
3037184,1,BinaryNgDeviceOperation,48,588.0
2639872,1,BinaryNgDeviceOperation,64,587.0
3008512,1,BinaryNgDeviceOperation,60,587.0
2013184,1,BinaryNgDeviceOperation,64,585.0
2041856,1,BinaryNgDeviceOperation,64,585.0
2115584,1,BinaryNgDeviceOperation,64,585.0
2299904,1,BinaryNgDeviceOperation,64,585.0
1880064,1,ShardedToInterleavedDeviceOperation,2,584.0
2742272,1,BinaryNgDeviceOperation,64,584.0
2897920,1,BinaryNgDeviceOperation,60,584.0
3119104,1,BinaryNgDeviceOperation,44,584.0
2926592,1,BinaryNgDeviceOperation,60,583.0
2189312,1,BinaryNgDeviceOperation,64,581.0
2631680,1,BinaryNgDeviceOperation,64,579.0
2050048,1,BinaryNgDeviceOperation,64,578.0
2676736,1,BinaryNgDeviceOperation,64,578.0
2373632,1,BinaryNgDeviceOperation,64,577.0
2410496,1,BinaryNgDeviceOperation,64,577.0
2705408,1,BinaryNgDeviceOperation,64,577.0
2197504,1,BinaryNgDeviceOperation,64,576.0
3192832,1,BinaryNgDeviceOperation,44,575.0
1976320,1,BinaryNgDeviceOperation,64,574.0
2529280,1,BinaryNgDeviceOperation,64,574.0
2603008,1,BinaryNgDeviceOperation,64,573.0
2078720,1,BinaryNgDeviceOperation,64,572.0
2152448,1,BinaryNgDeviceOperation,64,572.0
2271232,1,BinaryNgDeviceOperation,64,572.0
2713600,1,BinaryNgDeviceOperation,64,572.0
2861056,1,BinaryNgDeviceOperation,64,572.0
3082240,1,BinaryNgDeviceOperation,48,572.0
2004992,1,BinaryNgDeviceOperation,64,571.0
2160640,1,BinaryNgDeviceOperation,64,570.0
2234368,1,BinaryNgDeviceOperation,64,570.0
1939456,1,BinaryNgDeviceOperation,64,569.0
2086912,1,BinaryNgDeviceOperation,64,569.0
2934784,1,BinaryNgDeviceOperation,60,569.0
2344960,1,BinaryNgDeviceOperation,64,567.0
2455552,1,BinaryNgDeviceOperation,64,564.0
2381824,1,BinaryNgDeviceOperation,64,562.0
514048,,ShardedToInterleavedDeviceOperation,4,559.0
513024,,ShardedToInterleavedDeviceOperation,4,551.0
959488,,BinaryNgDeviceOperation,64,535.0
1890304,1,ShardedToInterleavedDeviceOperation,4,527.0
1891328,1,ShardedToInterleavedDeviceOperation,4,527.0
1898496,1,ShardedToInterleavedDeviceOperation,4,527.0
521216,,ShardedToInterleavedDeviceOperation,4,526.0
1668096,,BinaryNgDeviceOperation,64,522.0
1410048,,BinaryNgDeviceOperation,64,519.0
1770496,,BinaryNgDeviceOperation,64,519.0
1254400,,BinaryNgDeviceOperation,64,511.0
1299456,,BinaryNgDeviceOperation,64,510.0
1807360,,BinaryNgDeviceOperation,64,508.0
1225728,,BinaryNgDeviceOperation,64,506.0
1594368,,BinaryNgDeviceOperation,64,506.0
1078272,,BinaryNgDeviceOperation,64,501.0
701440,,BinaryNgDeviceOperation,64,498.0
1778688,,BinaryNgDeviceOperation,64,496.0
812032,,BinaryNgDeviceOperation,64,495.0
1475584,,BinaryNgDeviceOperation,64,495.0
635904,,BinaryNgDeviceOperation,64,493.0
664576,,BinaryNgDeviceOperation,64,493.0
738304,,BinaryNgDeviceOperation,64,493.0
1033216,,BinaryNgDeviceOperation,64,493.0
1070080,,BinaryNgDeviceOperation,64,492.0
1741824,,BinaryNgDeviceOperation,64,492.0
627712,,BinaryNgDeviceOperation,64,491.0
820224,,BinaryNgDeviceOperation,64,491.0
1483776,,BinaryNgDeviceOperation,64,491.0
1446912,,BinaryNgDeviceOperation,64,489.0
590848,,BinaryNgDeviceOperation,64,485.0
1115136,,BinaryNgDeviceOperation,64,484.0
967680,,BinaryNgDeviceOperation,64,483.0
1696768,,BinaryNgDeviceOperation,64,483.0
1180672,,BinaryNgDeviceOperation,64,482.0
1373184,,BinaryNgDeviceOperation,64,482.0
562176,,BinaryNgDeviceOperation,64,481.0
1152000,,BinaryNgDeviceOperation,64,481.0
1586176,,BinaryNgDeviceOperation,64,481.0
1623040,,BinaryNgDeviceOperation,64,481.0
1844224,,BinaryNgDeviceOperation,64,481.0
857088,,BinaryNgDeviceOperation,64,480.0
1262592,,BinaryNgDeviceOperation,64,480.0
1336320,,BinaryNgDeviceOperation,64,480.0
1659904,,BinaryNgDeviceOperation,64,480.0
1852416,,BinaryNgDeviceOperation,64,480.0
775168,,BinaryNgDeviceOperation,64,479.0
1004544,,BinaryNgDeviceOperation,64,479.0
1704960,,BinaryNgDeviceOperation,64,479.0
746496,,BinaryNgDeviceOperation,64,478.0
672768,,BinaryNgDeviceOperation,64,477.0
1143808,,BinaryNgDeviceOperation,64,477.0
1401856,,BinaryNgDeviceOperation,64,477.0
599040,,BinaryNgDeviceOperation,64,476.0
1328128,,BinaryNgDeviceOperation,64,476.0
1520640,,BinaryNgDeviceOperation,64,476.0
1815552,,BinaryNgDeviceOperation,64,476.0
783360,,BinaryNgDeviceOperation,64,475.0
922624,,BinaryNgDeviceOperation,64,475.0
1291264,,BinaryNgDeviceOperation,64,475.0
1438720,,BinaryNgDeviceOperation,64,475.0
709632,,BinaryNgDeviceOperation,64,474.0
893952,,BinaryNgDeviceOperation,64,474.0
1733632,,BinaryNgDeviceOperation,64,474.0
1041408,,BinaryNgDeviceOperation,64,473.0
1188864,,BinaryNgDeviceOperation,64,472.0
1364992,,BinaryNgDeviceOperation,64,472.0
1512448,,BinaryNgDeviceOperation,64,472.0
1549312,,BinaryNgDeviceOperation,64,472.0
1631232,,BinaryNgDeviceOperation,64,472.0
1106944,,BinaryNgDeviceOperation,64,471.0
885760,,BinaryNgDeviceOperation,64,470.0
996352,,BinaryNgDeviceOperation,64,470.0
1217536,,BinaryNgDeviceOperation,64,469.0
848896,,BinaryNgDeviceOperation,64,468.0
930816,,BinaryNgDeviceOperation,64,465.0
1557504,,BinaryNgDeviceOperation,64,464.0
